window,item_id,cold_tier,item_count
W3,0,unseen,0
W3,1,unseen,0
W3,2,unseen,0
W3,3,unseen,0
W3,4,unseen,0
W3,5,unseen,0
W3,6,unseen,0
W3,7,unseen,0
W3,8,unseen,0
W3,9,unseen,0
W3,10,unseen,0
W3,11,unseen,0
W3,12,unseen,0
W3,13,unseen,0
W3,14,unseen,0
W3,15,unseen,0
W3,16,very_rare,1
W3,17,unseen,0
W3,18,unseen,0
W3,19,very_rare,1
W3,20,unseen,0
W3,21,unseen,0
W3,22,very_rare,1
W3,23,unseen,0
W3,24,unseen,0
W3,25,unseen,0
W3,26,unseen,0
W3,27,unseen,0
W3,28,unseen,0
W3,29,very_rare,1
W3,30,unseen,0
W3,31,unseen,0
W3,32,unseen,0
W3,33,unseen,0
W3,34,unseen,0
W3,35,very_rare,1
W3,36,unseen,0
W3,37,unseen,0
W3,38,unseen,0
W3,39,unseen,0
W3,40,unseen,0
W3,41,unseen,0
W3,42,unseen,0
W3,43,unseen,0
W3,44,unseen,0
W3,45,unseen,0
W3,46,very_rare,2
W3,47,unseen,0
W3,48,unseen,0
W3,49,unseen,0
W3,50,unseen,0
W3,51,very_rare,1
W3,52,unseen,0
W3,53,unseen,0
W3,54,unseen,0
W3,55,unseen,0
W3,56,unseen,0
W3,57,unseen,0
W3,58,very_rare,2
W3,59,unseen,0
W3,60,unseen,0
W3,61,very_rare,1
W3,62,unseen,0
W3,63,unseen,0
W3,64,unseen,0
W3,65,unseen,0
W3,66,unseen,0
W3,67,unseen,0
W3,68,unseen,0
W3,69,very_rare,2
W3,70,unseen,0
W3,71,unseen,0
W3,72,unseen,0
W3,73,unseen,0
W3,74,unseen,0
W3,75,very_rare,1
W3,76,unseen,0
W3,77,unseen,0
W3,78,unseen,0
W3,79,unseen,0
W3,80,unseen,0
W3,81,very_rare,1
W3,82,unseen,0
W3,83,unseen,0
W3,84,unseen,0
W3,85,unseen,0
W3,86,unseen,0
W3,87,unseen,0
W3,88,unseen,0
W3,89,unseen,0
W3,90,unseen,0
W3,91,unseen,0
W3,92,unseen,0
W3,93,unseen,0
W3,94,unseen,0
W3,95,unseen,0
W3,96,unseen,0
W3,97,unseen,0
W3,98,very_rare,2
W3,99,unseen,0
W3,100,very_rare,1
W3,101,very_rare,1
W3,102,unseen,0
W3,103,very_rare,1
W3,104,unseen,0
W3,105,unseen,0
W3,106,unseen,0
W3,107,unseen,0
W3,108,unseen,0
W3,109,unseen,0
W3,110,unseen,0
W3,111,unseen,0
W3,112,unseen,0
W3,113,unseen,0
W3,114,unseen,0
W3,115,very_rare,1
W3,116,unseen,0
W3,117,unseen,0
W3,118,very_rare,1
W3,119,unseen,0
W3,120,unseen,0
W3,121,unseen,0
W3,122,unseen,0
W3,123,unseen,0
W3,124,unseen,0
W3,125,unseen,0
W3,126,unseen,0
W3,127,unseen,0
W3,128,very_rare,1
W3,129,unseen,0
W3,130,unseen,0
W3,131,unseen,0
W3,132,unseen,0
W3,133,unseen,0
W3,134,unseen,0
W3,135,unseen,0
W3,136,unseen,0
W3,137,unseen,0
W3,138,unseen,0
W3,139,unseen,0
W3,140,unseen,0
W3,141,unseen,0
W3,142,unseen,0
W3,143,unseen,0
W3,144,unseen,0
W3,145,unseen,0
W3,146,unseen,0
W3,147,very_rare,1
W3,148,unseen,0
W3,149,unseen,0
W3,150,very_rare,1
W3,151,very_rare,1
W3,152,unseen,0
W3,153,unseen,0
W3,154,unseen,0
W3,155,unseen,0
W3,156,unseen,0
W3,157,very_rare,1
W3,158,unseen,0
W3,159,unseen,0
W3,160,unseen,0
W3,161,very_rare,1
W3,162,unseen,0
W3,163,unseen,0
W3,164,unseen,0
W3,165,unseen,0
W3,166,unseen,0
W3,167,unseen,0
W3,168,unseen,0
W3,169,unseen,0
W3,170,unseen,0
W3,171,unseen,0
W3,172,very_rare,1
W3,173,unseen,0
W3,174,very_rare,1
W3,175,very_rare,1
W3,176,unseen,0
W3,177,unseen,0
W3,178,unseen,0
W3,179,unseen,0
W3,180,unseen,0
W3,181,unseen,0
W3,182,unseen,0
W3,183,unseen,0
W3,184,very_rare,1
W3,185,unseen,0
W3,186,unseen,0
W3,187,unseen,0
W3,188,very_rare,1
W3,189,unseen,0
W3,190,unseen,0
W3,191,unseen,0
W3,192,unseen,0
W3,193,unseen,0
W3,194,unseen,0
W3,195,unseen,0
W3,196,unseen,0
W3,197,unseen,0
W3,198,unseen,0
W3,199,unseen,0
W3,200,unseen,0
W3,201,unseen,0
W3,202,unseen,0
W3,203,very_rare,1
W3,204,unseen,0
W3,205,unseen,0
W3,206,unseen,0
W3,207,unseen,0
W3,208,unseen,0
W3,209,unseen,0
W3,210,unseen,0
W3,211,unseen,0
W3,212,unseen,0
W3,213,unseen,0
W3,214,unseen,0
W3,215,unseen,0
W3,216,unseen,0
W3,217,unseen,0
W3,218,unseen,0
W3,219,unseen,0
W3,220,unseen,0
W3,221,unseen,0
W3,222,unseen,0
W3,223,unseen,0
W3,224,unseen,0
W3,225,unseen,0
W3,226,unseen,0
W3,227,unseen,0
W3,228,unseen,0
W3,229,unseen,0
W3,230,unseen,0
W3,231,unseen,0
W3,232,unseen,0
W3,233,unseen,0
W3,234,unseen,0
W3,235,unseen,0
W3,236,unseen,0
W3,237,unseen,0
W3,238,unseen,0
W3,239,unseen,0
W3,240,very_rare,1
W3,241,unseen,0
W3,242,unseen,0
W3,243,unseen,0
W3,244,unseen,0
W3,245,unseen,0
W3,246,unseen,0
W3,247,unseen,0
W3,248,unseen,0
W3,249,unseen,0
W3,250,unseen,0
W3,251,unseen,0
W3,252,unseen,0
W3,253,unseen,0
W3,254,unseen,0
W3,255,very_rare,1
W3,256,unseen,0
W3,257,unseen,0
W3,258,unseen,0
W3,259,unseen,0
W3,260,unseen,0
W3,261,very_rare,1
W3,262,unseen,0
W3,263,unseen,0
W3,264,unseen,0
W3,265,unseen,0
W3,266,unseen,0
W3,267,unseen,0
W3,268,unseen,0
W3,269,unseen,0
W3,270,unseen,0
W3,271,unseen,0
W3,272,unseen,0
W3,273,unseen,0
W3,274,unseen,0
W3,275,unseen,0
W3,276,unseen,0
W3,277,unseen,0
W3,278,unseen,0
W3,279,unseen,0
W3,280,unseen,0
W3,281,unseen,0
W3,282,unseen,0
W3,283,unseen,0
W3,284,unseen,0
W3,285,unseen,0
W3,286,unseen,0
W3,287,unseen,0
W3,288,unseen,0
W3,289,very_rare,1
W3,290,unseen,0
W3,291,unseen,0
W3,292,unseen,0
W3,293,unseen,0
W3,294,unseen,0
W3,295,unseen,0
W3,296,unseen,0
W3,297,unseen,0
W3,298,unseen,0
W3,299,unseen,0
W3,300,unseen,0
W3,301,unseen,0
W3,302,unseen,0
W3,303,unseen,0
W3,304,unseen,0
W3,305,unseen,0
W3,306,unseen,0
W3,307,unseen,0
W3,308,unseen,0
W3,309,unseen,0
W3,310,unseen,0
W3,311,unseen,0
W3,312,unseen,0
W3,313,unseen,0
W3,314,unseen,0
W3,315,unseen,0
W3,316,very_rare,1
W3,317,unseen,0
W3,318,unseen,0
W3,319,unseen,0
W3,320,unseen,0
W3,321,unseen,0
W3,322,unseen,0
W3,323,unseen,0
W3,324,unseen,0
W3,325,unseen,0
W3,326,very_rare,1
W3,327,unseen,0
W3,328,unseen,0
W3,329,unseen,0
W3,330,unseen,0
W3,331,unseen,0
W3,332,unseen,0
W3,333,unseen,0
W3,334,unseen,0
W3,335,very_rare,1
W3,336,unseen,0
W3,337,unseen,0
W3,338,unseen,0
W3,339,unseen,0
W3,340,unseen,0
W3,341,unseen,0
W3,342,unseen,0
W3,343,unseen,0
W3,344,unseen,0
W3,345,unseen,0
W3,346,unseen,0
W3,347,unseen,0
W3,348,unseen,0
W3,349,unseen,0
W3,350,unseen,0
W3,351,unseen,0
W3,352,unseen,0
W3,353,unseen,0
W3,354,unseen,0
W3,355,unseen,0
W3,356,unseen,0
W3,357,unseen,0
W3,358,unseen,0
W3,359,unseen,0
W3,360,unseen,0
W3,361,unseen,0
W3,362,unseen,0
W3,363,unseen,0
W3,364,unseen,0
W3,365,unseen,0
W3,366,unseen,0
W3,367,unseen,0
W3,368,unseen,0
W3,369,unseen,0
W3,370,unseen,0
W3,371,unseen,0
W3,372,very_rare,1
W3,373,unseen,0
W3,374,unseen,0
W3,375,unseen,0
W3,376,unseen,0
W3,377,unseen,0
W3,378,unseen,0
W3,379,unseen,0
W3,380,unseen,0
W3,381,unseen,0
W3,382,unseen,0
W3,383,unseen,0
W3,384,unseen,0
W3,385,unseen,0
W3,386,unseen,0
W3,387,unseen,0
W3,388,unseen,0
W3,389,unseen,0
W3,390,unseen,0
W3,391,very_rare,1
W3,392,unseen,0
W3,393,unseen,0
W3,394,unseen,0
W3,395,unseen,0
W3,396,unseen,0
W3,397,unseen,0
W3,398,unseen,0
W3,399,unseen,0
W3,400,unseen,0
W3,401,unseen,0
W3,402,unseen,0
W3,403,unseen,0
W3,404,unseen,0
W3,405,unseen,0
W3,406,unseen,0
W3,407,unseen,0
W3,408,unseen,0
W3,409,unseen,0
W3,410,unseen,0
W3,411,unseen,0
W3,412,unseen,0
W3,413,unseen,0
W3,414,unseen,0
W3,415,unseen,0
W3,416,unseen,0
W3,417,unseen,0
W3,418,unseen,0
W3,419,very_rare,1
W3,420,unseen,0
W3,421,unseen,0
W3,422,unseen,0
W3,423,unseen,0
W3,424,unseen,0
W3,425,unseen,0
W3,426,unseen,0
W3,427,unseen,0
W3,428,very_rare,1
W3,429,unseen,0
W3,430,unseen,0
W3,431,unseen,0
W3,432,unseen,0
W3,433,unseen,0
W3,434,unseen,0
W3,435,unseen,0
W3,436,unseen,0
W3,437,very_rare,1
W3,438,unseen,0
W3,439,unseen,0
W3,440,unseen,0
W3,441,unseen,0
W3,442,unseen,0
W3,443,unseen,0
W3,444,unseen,0
W3,445,unseen,0
W3,446,unseen,0
W3,447,unseen,0
W3,448,unseen,0
W3,449,unseen,0
W3,450,unseen,0
W3,451,unseen,0
W3,452,unseen,0
W3,453,unseen,0
W3,454,unseen,0
W3,455,unseen,0
W3,456,unseen,0
W3,457,unseen,0
W3,458,unseen,0
W3,459,unseen,0
W3,460,unseen,0
W3,461,unseen,0
W3,462,unseen,0
W3,463,unseen,0
W3,464,unseen,0
W3,465,unseen,0
W3,466,unseen,0
W3,467,unseen,0
W3,468,unseen,0
W3,469,unseen,0
W3,470,unseen,0
W3,471,unseen,0
W3,472,unseen,0
W3,473,unseen,0
W3,474,unseen,0
W3,475,unseen,0
W3,476,unseen,0
W3,477,unseen,0
W3,478,unseen,0
W3,479,unseen,0
W3,480,unseen,0
W3,481,unseen,0
W3,482,unseen,0
W3,483,unseen,0
W3,484,unseen,0
W3,485,unseen,0
W3,486,unseen,0
W3,487,unseen,0
W3,488,unseen,0
W3,489,unseen,0
W3,490,unseen,0
W3,491,unseen,0
W3,492,very_rare,1
W3,493,very_rare,2
W3,494,unseen,0
W3,495,unseen,0
W3,496,unseen,0
W3,497,unseen,0
W3,498,unseen,0
W3,499,unseen,0
W3,500,unseen,0
W3,501,unseen,0
W3,502,unseen,0
W3,503,unseen,0
W3,504,unseen,0
W3,505,unseen,0
W3,506,unseen,0
W3,507,unseen,0
W3,508,unseen,0
W3,509,unseen,0
W3,510,unseen,0
W3,511,unseen,0
W3,512,unseen,0
W3,513,unseen,0
W3,514,unseen,0
W3,515,unseen,0
W3,516,unseen,0
W3,517,unseen,0
W3,518,unseen,0
W3,519,unseen,0
W3,520,unseen,0
W3,521,unseen,0
W3,522,unseen,0
W3,523,unseen,0
W3,524,unseen,0
W3,525,unseen,0
W3,526,unseen,0
W3,527,unseen,0
W3,528,unseen,0
W3,529,unseen,0
W3,530,unseen,0
W3,531,unseen,0
W3,532,unseen,0
W3,533,unseen,0
W3,534,unseen,0
W3,535,unseen,0
W3,536,unseen,0
W3,537,unseen,0
W3,538,unseen,0
W3,539,unseen,0
W3,540,unseen,0
W3,541,unseen,0
W3,542,unseen,0
W3,543,unseen,0
W3,544,unseen,0
W3,545,unseen,0
W3,546,unseen,0
W3,547,unseen,0
W3,548,unseen,0
W3,549,unseen,0
W3,550,unseen,0
W3,551,unseen,0
W3,552,unseen,0
W3,553,unseen,0
W3,554,unseen,0
W3,555,unseen,0
W3,556,unseen,0
W3,557,unseen,0
W3,558,unseen,0
W3,559,very_rare,1
W3,560,unseen,0
W3,561,unseen,0
W3,562,unseen,0
W3,563,unseen,0
W3,564,unseen,0
W3,565,unseen,0
W3,566,unseen,0
W3,567,unseen,0
W3,568,unseen,0
W3,569,unseen,0
W3,570,very_rare,1
W3,571,unseen,0
W3,572,unseen,0
W3,573,unseen,0
W3,574,unseen,0
W3,575,unseen,0
W3,576,unseen,0
W3,577,unseen,0
W3,578,unseen,0
W3,579,unseen,0
W3,580,unseen,0
W3,581,unseen,0
W3,582,unseen,0
W3,583,unseen,0
W3,584,unseen,0
W3,585,unseen,0
W3,586,unseen,0
W3,587,unseen,0
W3,588,unseen,0
W3,589,unseen,0
W3,590,unseen,0
W3,591,unseen,0
W3,592,unseen,0
W3,593,unseen,0
W3,594,unseen,0
W3,595,unseen,0
W3,596,unseen,0
W3,597,unseen,0
W3,598,unseen,0
W3,599,unseen,0
W3,600,unseen,0
W3,601,unseen,0
W3,602,unseen,0
W3,603,unseen,0
W3,604,unseen,0
W3,605,unseen,0
W3,606,unseen,0
W3,607,unseen,0
W3,608,unseen,0
W3,609,unseen,0
W3,610,unseen,0
W3,611,unseen,0
W3,612,unseen,0
W3,613,unseen,0
W3,614,unseen,0
W3,615,unseen,0
W3,616,unseen,0
W3,617,unseen,0
W3,618,unseen,0
W3,619,unseen,0
W3,620,unseen,0
W3,621,unseen,0
W3,622,unseen,0
W3,623,unseen,0
W3,624,unseen,0
W3,625,unseen,0
W3,626,unseen,0
W3,627,unseen,0
W3,628,unseen,0
W3,629,unseen,0
W3,630,unseen,0
W3,631,unseen,0
W3,632,unseen,0
W3,633,unseen,0
W3,634,unseen,0
W3,635,unseen,0
W3,636,unseen,0
W3,637,unseen,0
W3,638,unseen,0
W3,639,unseen,0
W3,640,unseen,0
W3,641,unseen,0
W3,642,unseen,0
W3,643,unseen,0
W3,644,unseen,0
W3,645,unseen,0
W3,646,unseen,0
W3,647,unseen,0
W3,648,unseen,0
W3,649,unseen,0
W3,650,unseen,0
W3,651,unseen,0
W3,652,unseen,0
W3,653,unseen,0
W3,654,unseen,0
W3,655,unseen,0
W3,656,unseen,0
W3,657,unseen,0
W3,658,unseen,0
W3,659,unseen,0
W3,660,unseen,0
W3,661,unseen,0
W3,662,unseen,0
W3,663,unseen,0
W3,664,unseen,0
W3,665,unseen,0
W3,666,very_rare,1
W3,667,unseen,0
W3,668,unseen,0
W3,669,unseen,0
W3,670,unseen,0
W3,671,unseen,0
W3,672,unseen,0
W3,673,unseen,0
W3,674,unseen,0
W3,675,unseen,0
W3,676,unseen,0
W3,677,unseen,0
W3,678,unseen,0
W3,679,unseen,0
W3,680,unseen,0
W3,681,unseen,0
W3,682,unseen,0
W3,683,unseen,0
W3,684,unseen,0
W3,685,unseen,0
W3,686,unseen,0
W3,687,unseen,0
W3,688,unseen,0
W3,689,unseen,0
W3,690,unseen,0
W3,691,unseen,0
W3,692,unseen,0
W3,693,unseen,0
W3,694,unseen,0
W3,695,unseen,0
W3,696,unseen,0
W3,697,unseen,0
W3,698,unseen,0
W3,699,unseen,0
W3,700,unseen,0
W3,701,unseen,0
W3,702,unseen,0
W3,703,unseen,0
W3,704,unseen,0
W3,705,unseen,0
W3,706,unseen,0
W3,707,unseen,0
W3,708,unseen,0
W3,709,unseen,0
W3,710,unseen,0
W3,711,unseen,0
W3,712,unseen,0
W3,713,unseen,0
W3,714,unseen,0
W3,715,unseen,0
W3,716,unseen,0
W3,717,unseen,0
W3,718,unseen,0
W3,719,unseen,0
W3,720,unseen,0
W3,721,unseen,0
W3,722,unseen,0
W3,723,unseen,0
W3,724,unseen,0
W3,725,unseen,0
W3,726,unseen,0
W3,727,unseen,0
W3,728,unseen,0
W3,729,unseen,0
W3,730,unseen,0
W3,731,unseen,0
W3,732,unseen,0
W3,733,unseen,0
W3,734,unseen,0
W3,735,unseen,0
W3,736,unseen,0
W3,737,unseen,0
W3,738,unseen,0
W3,739,very_rare,1
W3,740,unseen,0
W3,741,unseen,0
W3,742,unseen,0
W3,743,unseen,0
W3,744,unseen,0
W3,745,unseen,0
W3,746,very_rare,1
W3,747,unseen,0
W3,748,unseen,0
W3,749,unseen,0
W3,750,unseen,0
W3,751,unseen,0
W3,752,unseen,0
W3,753,unseen,0
W3,754,unseen,0
W3,755,unseen,0
W3,756,unseen,0
W3,757,unseen,0
W3,758,unseen,0
W3,759,unseen,0
W3,760,unseen,0
W3,761,unseen,0
W3,762,unseen,0
W3,763,unseen,0
W3,764,unseen,0
W3,765,unseen,0
W3,766,unseen,0
W3,767,unseen,0
W3,768,unseen,0
W3,769,unseen,0
W3,770,unseen,0
W3,771,unseen,0
W3,772,unseen,0
W3,773,unseen,0
W3,774,unseen,0
W3,775,unseen,0
W3,776,unseen,0
W3,777,unseen,0
W3,778,unseen,0
W3,779,unseen,0
W3,780,unseen,0
W3,781,unseen,0
W3,782,unseen,0
W3,783,unseen,0
W3,784,unseen,0
W3,785,unseen,0
W3,786,unseen,0
W3,787,unseen,0
W3,788,unseen,0
W3,789,unseen,0
W3,790,unseen,0
W3,791,unseen,0
W3,792,unseen,0
W3,793,unseen,0
W3,794,unseen,0
W3,795,unseen,0
W3,796,unseen,0
W3,797,unseen,0
W3,798,unseen,0
W3,799,unseen,0
W3,800,unseen,0
W3,801,unseen,0
W3,802,unseen,0
W3,803,unseen,0
W3,804,unseen,0
W3,805,unseen,0
W3,806,unseen,0
W3,807,unseen,0
W3,808,unseen,0
W3,809,unseen,0
W3,810,unseen,0
W3,811,unseen,0
W3,812,unseen,0
W3,813,unseen,0
W3,814,unseen,0
W3,815,unseen,0
W3,816,unseen,0
W3,817,unseen,0
W3,818,unseen,0
W3,819,unseen,0
W3,820,unseen,0
W3,821,unseen,0
W3,822,unseen,0
W3,823,unseen,0
W3,824,unseen,0
W3,825,unseen,0
W3,826,unseen,0
W3,827,unseen,0
W3,828,unseen,0
W3,829,unseen,0
W3,830,unseen,0
W3,831,unseen,0
W3,832,unseen,0
W3,833,unseen,0
W3,834,unseen,0
W3,835,unseen,0
W3,836,unseen,0
W3,837,unseen,0
W3,838,unseen,0
W3,839,unseen,0
W3,840,unseen,0
W3,841,very_rare,1
W3,842,unseen,0
W3,843,unseen,0
W3,844,unseen,0
W3,845,unseen,0
W3,846,unseen,0
W3,847,unseen,0
W3,848,unseen,0
W3,849,very_rare,1
W3,850,unseen,0
W3,851,unseen,0
W3,852,unseen,0
W3,853,unseen,0
W3,854,unseen,0
W3,855,unseen,0
W3,856,unseen,0
W3,857,unseen,0
W3,858,unseen,0
W3,859,unseen,0
W3,860,unseen,0
W3,861,unseen,0
W3,862,unseen,0
W3,863,unseen,0
W3,864,unseen,0
W3,865,unseen,0
W3,866,unseen,0
W3,867,unseen,0
W3,868,unseen,0
W3,869,unseen,0
W3,870,unseen,0
W3,871,unseen,0
W3,872,unseen,0
W3,873,unseen,0
W3,874,unseen,0
W3,875,unseen,0
W3,876,unseen,0
W3,877,unseen,0
W3,878,unseen,0
W3,879,unseen,0
W3,880,unseen,0
W3,881,unseen,0
W3,882,unseen,0
W3,883,unseen,0
W3,884,unseen,0
W3,885,unseen,0
W3,886,unseen,0
W3,887,unseen,0
W3,888,unseen,0
W3,889,unseen,0
W3,890,unseen,0
W3,891,unseen,0
W3,892,unseen,0
W3,893,unseen,0
W3,894,unseen,0
W3,895,unseen,0
W3,896,unseen,0
W3,897,unseen,0
W3,898,unseen,0
W3,899,unseen,0
W3,900,unseen,0
W3,901,unseen,0
W3,902,unseen,0
W3,903,unseen,0
W3,904,unseen,0
W3,905,unseen,0
W3,906,unseen,0
W3,907,unseen,0
W3,908,unseen,0
W3,909,unseen,0
W3,910,unseen,0
W3,911,unseen,0
W3,912,unseen,0
W3,913,unseen,0
W3,914,unseen,0
W3,915,unseen,0
W3,916,unseen,0
W3,917,unseen,0
W3,918,unseen,0
W3,919,unseen,0
W3,920,unseen,0
W3,921,unseen,0
W3,922,unseen,0
W3,923,unseen,0
W3,924,unseen,0
W3,925,unseen,0
W3,926,unseen,0
W3,927,unseen,0
W3,928,unseen,0
W3,929,unseen,0
W3,930,unseen,0
W3,931,unseen,0
W3,932,unseen,0
W3,933,unseen,0
W3,934,unseen,0
W3,935,unseen,0
W3,936,unseen,0
W3,937,unseen,0
W3,938,unseen,0
W3,939,unseen,0
W3,940,unseen,0
W3,941,unseen,0
W3,942,unseen,0
W3,943,unseen,0
W3,944,unseen,0
W3,945,unseen,0
W3,946,unseen,0
W3,947,unseen,0
W3,948,unseen,0
W3,949,unseen,0
W3,950,very_rare,1
W3,951,unseen,0
W3,952,unseen,0
W3,953,unseen,0
W3,954,unseen,0
W3,955,unseen,0
W3,956,unseen,0
W3,957,unseen,0
W3,958,unseen,0
W3,959,unseen,0
W3,960,very_rare,1
W3,961,unseen,0
W3,962,unseen,0
W3,963,unseen,0
W3,964,unseen,0
W3,965,unseen,0
W3,966,unseen,0
W3,967,unseen,0
W3,968,unseen,0
W3,969,unseen,0
W3,970,unseen,0
W3,971,unseen,0
W3,972,unseen,0
W3,973,unseen,0
W3,974,unseen,0
W3,975,unseen,0
W3,976,unseen,0
W3,977,unseen,0
W3,978,unseen,0
W3,979,unseen,0
W3,980,unseen,0
W3,981,unseen,0
W3,982,unseen,0
W3,983,unseen,0
W3,984,unseen,0
W3,985,unseen,0
W3,986,unseen,0
W3,987,unseen,0
W3,988,very_rare,1
W3,989,unseen,0
W3,990,unseen,0
W3,991,unseen,0
W3,992,unseen,0
W3,993,unseen,0
W3,994,unseen,0
W3,995,unseen,0
W3,996,unseen,0
W3,997,unseen,0
W3,998,unseen,0
W3,999,unseen,0
W3,1000,unseen,0
W3,1001,unseen,0
W3,1002,unseen,0
W3,1003,unseen,0
W3,1004,unseen,0
W3,1005,unseen,0
W3,1006,unseen,0
W3,1007,unseen,0
W3,1008,unseen,0
W3,1009,unseen,0
W3,1010,unseen,0
W3,1011,unseen,0
W3,1012,unseen,0
W3,1013,unseen,0
W3,1014,unseen,0
W3,1015,unseen,0
W3,1016,unseen,0
W3,1017,unseen,0
W3,1018,unseen,0
W3,1019,unseen,0
W3,1020,unseen,0
W3,1021,unseen,0
W3,1022,unseen,0
W3,1023,unseen,0
W3,1024,unseen,0
W3,1025,very_rare,1
W3,1026,unseen,0
W3,1027,unseen,0
W3,1028,unseen,0
W3,1029,unseen,0
W3,1030,unseen,0
W3,1031,unseen,0
W3,1032,unseen,0
W3,1033,unseen,0
W3,1034,unseen,0
W3,1035,unseen,0
W3,1036,unseen,0
W3,1037,unseen,0
W3,1038,unseen,0
W3,1039,unseen,0
W3,1040,unseen,0
W3,1041,unseen,0
W3,1042,unseen,0
W3,1043,unseen,0
W3,1044,unseen,0
W3,1045,unseen,0
W3,1046,unseen,0
W3,1047,unseen,0
W3,1048,unseen,0
W3,1049,unseen,0
W3,1050,unseen,0
W3,1051,unseen,0
W3,1052,unseen,0
W3,1053,unseen,0
W3,1054,unseen,0
W3,1055,unseen,0
W3,1056,unseen,0
W3,1057,unseen,0
W3,1058,unseen,0
W3,1059,unseen,0
W3,1060,unseen,0
W3,1061,unseen,0
W3,1062,unseen,0
W3,1063,unseen,0
W3,1064,unseen,0
W3,1065,very_rare,1
W3,1066,unseen,0
W3,1067,unseen,0
W3,1068,unseen,0
W3,1069,unseen,0
W3,1070,unseen,0
W3,1071,unseen,0
W3,1072,very_rare,1
W3,1073,unseen,0
W3,1074,unseen,0
W3,1075,unseen,0
W3,1076,unseen,0
W3,1077,unseen,0
W3,1078,unseen,0
W3,1079,unseen,0
W3,1080,unseen,0
W3,1081,unseen,0
W3,1082,unseen,0
W3,1083,unseen,0
W3,1084,unseen,0
W3,1085,unseen,0
W3,1086,unseen,0
W3,1087,unseen,0
W3,1088,unseen,0
W3,1089,unseen,0
W3,1090,unseen,0
W3,1091,unseen,0
W3,1092,unseen,0
W3,1093,unseen,0
W3,1094,unseen,0
W3,1095,unseen,0
W3,1096,unseen,0
W3,1097,unseen,0
W3,1098,unseen,0
W3,1099,unseen,0
W3,1100,unseen,0
W3,1101,unseen,0
W3,1102,unseen,0
W3,1103,unseen,0
W3,1104,unseen,0
W3,1105,unseen,0
W3,1106,unseen,0
W3,1107,unseen,0
W3,1108,unseen,0
W3,1109,unseen,0
W3,1110,unseen,0
W3,1111,unseen,0
W3,1112,unseen,0
W3,1113,unseen,0
W3,1114,unseen,0
W3,1115,unseen,0
W3,1116,unseen,0
W3,1117,unseen,0
W3,1118,unseen,0
W3,1119,unseen,0
W3,1120,unseen,0
W3,1121,unseen,0
W3,1122,unseen,0
W3,1123,unseen,0
W3,1124,unseen,0
W3,1125,unseen,0
W3,1126,unseen,0
W3,1127,unseen,0
W3,1128,unseen,0
W3,1129,unseen,0
W3,1130,unseen,0
W3,1131,unseen,0
W3,1132,unseen,0
W3,1133,unseen,0
W3,1134,unseen,0
W3,1135,unseen,0
W3,1136,unseen,0
W3,1137,unseen,0
W3,1138,unseen,0
W3,1139,unseen,0
W3,1140,unseen,0
W3,1141,unseen,0
W3,1142,unseen,0
W3,1143,unseen,0
W3,1144,unseen,0
W3,1145,unseen,0
W3,1146,unseen,0
W3,1147,unseen,0
W3,1148,unseen,0
W3,1149,unseen,0
W3,1150,unseen,0
W3,1151,unseen,0
W3,1152,unseen,0
W3,1153,unseen,0
W3,1154,unseen,0
W3,1155,unseen,0
W3,1156,unseen,0
W3,1157,unseen,0
W3,1158,unseen,0
W3,1159,unseen,0
W3,1160,unseen,0
W3,1161,unseen,0
W3,1162,unseen,0
W3,1163,unseen,0
W3,1164,unseen,0
W3,1165,unseen,0
W3,1166,unseen,0
W3,1167,unseen,0
W3,1168,unseen,0
W3,1169,unseen,0
W3,1170,unseen,0
W3,1171,unseen,0
W3,1172,unseen,0
W3,1173,unseen,0
W3,1174,unseen,0
W3,1175,unseen,0
W3,1176,unseen,0
W3,1177,unseen,0
W3,1178,unseen,0
W3,1179,unseen,0
W3,1180,unseen,0
W3,1181,unseen,0
W3,1182,unseen,0
W3,1183,unseen,0
W3,1184,unseen,0
W3,1185,unseen,0
W3,1186,unseen,0
W3,1187,unseen,0
W3,1188,unseen,0
W3,1189,unseen,0
W3,1190,unseen,0
W3,1191,unseen,0
W3,1192,unseen,0
W3,1193,unseen,0
W3,1194,unseen,0
W3,1195,unseen,0
W3,1196,unseen,0
W3,1197,unseen,0
W3,1198,unseen,0
W3,1199,unseen,0
W3,1200,unseen,0
W3,1201,unseen,0
W3,1202,unseen,0
W3,1203,unseen,0
W3,1204,unseen,0
W3,1205,unseen,0
W3,1206,unseen,0
W3,1207,unseen,0
W3,1208,unseen,0
W3,1209,unseen,0
W3,1210,unseen,0
W3,1211,unseen,0
W3,1212,unseen,0
W3,1213,unseen,0
W3,1214,unseen,0
W3,1215,unseen,0
W3,1216,unseen,0
W3,1217,unseen,0
W3,1218,unseen,0
W3,1219,unseen,0
W3,1220,unseen,0
W3,1221,unseen,0
W3,1222,unseen,0
W3,1223,unseen,0
W3,1224,unseen,0
W3,1225,unseen,0
W3,1226,unseen,0
W3,1227,unseen,0
W3,1228,unseen,0
W3,1229,unseen,0
W3,1230,unseen,0
W3,1231,unseen,0
W3,1232,unseen,0
W3,1233,unseen,0
W3,1234,unseen,0
W3,1235,unseen,0
W3,1236,unseen,0
W3,1237,unseen,0
W3,1238,unseen,0
W3,1239,unseen,0
W3,1240,unseen,0
W3,1241,unseen,0
W3,1242,unseen,0
W3,1243,unseen,0
W3,1244,unseen,0
W3,1245,unseen,0
W3,1246,unseen,0
W3,1247,unseen,0
W3,1248,unseen,0
W3,1249,unseen,0
W3,1250,unseen,0
W3,1251,unseen,0
W3,1252,unseen,0
W3,1253,unseen,0
W3,1254,unseen,0
W3,1255,unseen,0
W3,1256,unseen,0
W3,1257,unseen,0
W3,1258,unseen,0
W3,1259,unseen,0
W3,1260,unseen,0
W3,1261,unseen,0
W3,1262,unseen,0
W3,1263,unseen,0
W3,1264,unseen,0
W3,1265,unseen,0
W3,1266,unseen,0
W3,1267,unseen,0
W3,1268,unseen,0
W3,1269,unseen,0
W3,1270,unseen,0
W3,1271,unseen,0
W3,1272,unseen,0
W3,1273,unseen,0
W3,1274,unseen,0
W3,1275,unseen,0
W3,1276,unseen,0
W3,1277,unseen,0
W3,1278,unseen,0
W3,1279,unseen,0
W3,1280,unseen,0
W3,1281,unseen,0
W3,1282,very_rare,1
W3,1283,unseen,0
W3,1284,unseen,0
W3,1285,unseen,0
W3,1286,unseen,0
W3,1287,unseen,0
W3,1288,unseen,0
W3,1289,unseen,0
W3,1290,unseen,0
W3,1291,unseen,0
W3,1292,unseen,0
W3,1293,unseen,0
W3,1294,unseen,0
W3,1295,unseen,0
W3,1296,unseen,0
W3,1297,unseen,0
W3,1298,unseen,0
W3,1299,unseen,0
W3,1300,unseen,0
W3,1301,unseen,0
W3,1302,unseen,0
W3,1303,unseen,0
W3,1304,unseen,0
W3,1305,unseen,0
W3,1306,unseen,0
W3,1307,unseen,0
W3,1308,unseen,0
W3,1309,unseen,0
W3,1310,unseen,0
W3,1311,unseen,0
W3,1312,unseen,0
W3,1313,unseen,0
W3,1314,unseen,0
W3,1315,unseen,0
W3,1316,unseen,0
W3,1317,unseen,0
W3,1318,unseen,0
W3,1319,unseen,0
W3,1320,unseen,0
W3,1321,unseen,0
W3,1322,unseen,0
W3,1323,unseen,0
W3,1324,unseen,0
W3,1325,unseen,0
W3,1326,unseen,0
W3,1327,unseen,0
W3,1328,unseen,0
W3,1329,unseen,0
W3,1330,unseen,0
W3,1331,unseen,0
W3,1332,unseen,0
W3,1333,unseen,0
W3,1334,unseen,0
W3,1335,unseen,0
W3,1336,unseen,0
W3,1337,unseen,0
W3,1338,unseen,0
W3,1339,unseen,0
W3,1340,unseen,0
W3,1341,unseen,0
W3,1342,unseen,0
W3,1343,unseen,0
W3,1344,unseen,0
W3,1345,unseen,0
W3,1346,unseen,0
W3,1347,unseen,0
W3,1348,unseen,0
W3,1349,unseen,0
W3,1350,unseen,0
W3,1351,unseen,0
W3,1352,unseen,0
W3,1353,unseen,0
W3,1354,unseen,0
W3,1355,unseen,0
W3,1356,unseen,0
W3,1357,unseen,0
W3,1358,unseen,0
W3,1359,unseen,0
W3,1360,unseen,0
W3,1361,unseen,0
W3,1362,unseen,0
W3,1363,unseen,0
W3,1364,unseen,0
W3,1365,unseen,0
W3,1366,unseen,0
W3,1367,unseen,0
W3,1368,unseen,0
W3,1369,unseen,0
W3,1370,unseen,0
W3,1371,unseen,0
W3,1372,unseen,0
W3,1373,unseen,0
W3,1374,unseen,0
W3,1375,unseen,0
W3,1376,unseen,0
W3,1377,unseen,0
W3,1378,unseen,0
W3,1379,unseen,0
W3,1380,unseen,0
W3,1381,unseen,0
W3,1382,unseen,0
W3,1383,unseen,0
W3,1384,unseen,0
W3,1385,unseen,0
W3,1386,unseen,0
W3,1387,unseen,0
W3,1388,unseen,0
W3,1389,unseen,0
W3,1390,unseen,0
W3,1391,unseen,0
W3,1392,unseen,0
W3,1393,unseen,0
W3,1394,unseen,0
W3,1395,unseen,0
W3,1396,unseen,0
W3,1397,unseen,0
W3,1398,unseen,0
W3,1399,unseen,0
W3,1400,unseen,0
W3,1401,unseen,0
W3,1402,unseen,0
W3,1403,unseen,0
W3,1404,unseen,0
W3,1405,unseen,0
W3,1406,unseen,0
W3,1407,unseen,0
W3,1408,unseen,0
W3,1409,unseen,0
W3,1410,unseen,0
W3,1411,unseen,0
W3,1412,unseen,0
W3,1413,unseen,0
W3,1414,unseen,0
W3,1415,unseen,0
W3,1416,unseen,0
W3,1417,unseen,0
W3,1418,unseen,0
W3,1419,unseen,0
W3,1420,unseen,0
W3,1421,unseen,0
W3,1422,unseen,0
W3,1423,unseen,0
W3,1424,unseen,0
W3,1425,unseen,0
W3,1426,unseen,0
W3,1427,unseen,0
W3,1428,unseen,0
W3,1429,unseen,0
W3,1430,unseen,0
W3,1431,unseen,0
W3,1432,unseen,0
W3,1433,unseen,0
W3,1434,unseen,0
W3,1435,unseen,0
W3,1436,unseen,0
W3,1437,unseen,0
W3,1438,unseen,0
W3,1439,unseen,0
W3,1440,unseen,0
W3,1441,unseen,0
W3,1442,unseen,0
W3,1443,unseen,0
W3,1444,unseen,0
W3,1445,unseen,0
W3,1446,unseen,0
W3,1447,unseen,0
W3,1448,unseen,0
W3,1449,unseen,0
W3,1450,unseen,0
W3,1451,unseen,0
W3,1452,unseen,0
W3,1453,unseen,0
W3,1454,unseen,0
W3,1455,unseen,0
W3,1456,unseen,0
W3,1457,unseen,0
W3,1458,unseen,0
W3,1459,unseen,0
W3,1460,unseen,0
W3,1461,unseen,0
W3,1462,unseen,0
W3,1463,unseen,0
W3,1464,unseen,0
W3,1465,unseen,0
W3,1466,unseen,0
W3,1467,unseen,0
W3,1468,unseen,0
W3,1469,unseen,0
W3,1470,unseen,0
W3,1471,unseen,0
W3,1472,unseen,0
W3,1473,unseen,0
W3,1474,unseen,0
W3,1475,unseen,0
W3,1476,unseen,0
W3,1477,unseen,0
W3,1478,unseen,0
W3,1479,unseen,0
W3,1480,unseen,0
W3,1481,unseen,0
W3,1482,unseen,0
W3,1483,unseen,0
W3,1484,unseen,0
W3,1485,unseen,0
W3,1486,unseen,0
W3,1487,unseen,0
W3,1488,unseen,0
W3,1489,unseen,0
W3,1490,unseen,0
W3,1491,unseen,0
W3,1492,unseen,0
W3,1493,unseen,0
W3,1494,unseen,0
W3,1495,unseen,0
W3,1496,unseen,0
W3,1497,unseen,0
W3,1498,unseen,0
W3,1499,unseen,0
W3,1500,unseen,0
W3,1501,unseen,0
W3,1502,unseen,0
W3,1503,unseen,0
W3,1504,unseen,0
W3,1505,unseen,0
W3,1506,unseen,0
W3,1507,unseen,0
W3,1508,unseen,0
W3,1509,unseen,0
W3,1510,unseen,0
W3,1511,unseen,0
W3,1512,unseen,0
W3,1513,unseen,0
W3,1514,unseen,0
W3,1515,unseen,0
W3,1516,unseen,0
W3,1517,unseen,0
W3,1518,unseen,0
W3,1519,unseen,0
W3,1520,unseen,0
W3,1521,unseen,0
W3,1522,unseen,0
W3,1523,unseen,0
W3,1524,unseen,0
W3,1525,unseen,0
W3,1526,unseen,0
W3,1527,unseen,0
W3,1528,unseen,0
W3,1529,unseen,0
W3,1530,unseen,0
W3,1531,unseen,0
W3,1532,unseen,0
W3,1533,unseen,0
W3,1534,unseen,0
W3,1535,unseen,0
W3,1536,unseen,0
W3,1537,unseen,0
W3,1538,unseen,0
W3,1539,unseen,0
W3,1540,unseen,0
W3,1541,unseen,0
W3,1542,unseen,0
W3,1543,unseen,0
W3,1544,unseen,0
W3,1545,unseen,0
W3,1546,unseen,0
W3,1547,unseen,0
W3,1548,unseen,0
W3,1549,unseen,0
W3,1550,unseen,0
W3,1551,unseen,0
W3,1552,unseen,0
W3,1553,unseen,0
W3,1554,unseen,0
W3,1555,unseen,0
W3,1556,unseen,0
W3,1557,unseen,0
W3,1558,unseen,0
W3,1559,unseen,0
W3,1560,unseen,0
W3,1561,unseen,0
W3,1562,unseen,0
W3,1563,unseen,0
W3,1564,unseen,0
W3,1565,unseen,0
W3,1566,unseen,0
W3,1567,unseen,0
W3,1568,unseen,0
W3,1569,unseen,0
W3,1570,unseen,0
W3,1571,unseen,0
W3,1572,unseen,0
W3,1573,unseen,0
W3,1574,unseen,0
W3,1575,unseen,0
W3,1576,unseen,0
W3,1577,unseen,0
W3,1578,unseen,0
W3,1579,very_rare,1
W3,1580,unseen,0
W3,1581,unseen,0
W3,1582,unseen,0
W3,1583,unseen,0
W3,1584,unseen,0
W3,1585,unseen,0
W3,1586,unseen,0
W3,1587,unseen,0
W3,1588,unseen,0
W3,1589,unseen,0
W3,1590,unseen,0
W3,1591,unseen,0
W3,1592,unseen,0
W3,1593,unseen,0
W3,1594,unseen,0
W3,1595,unseen,0
W3,1596,unseen,0
W3,1597,unseen,0
W3,1598,unseen,0
W3,1599,unseen,0
W3,1600,unseen,0
W3,1601,unseen,0
W3,1602,unseen,0
W3,1603,unseen,0
W3,1604,unseen,0
W3,1605,unseen,0
W3,1606,unseen,0
W3,1607,unseen,0
W3,1608,unseen,0
W3,1609,unseen,0
W3,1610,unseen,0
W3,1611,unseen,0
W3,1612,unseen,0
W3,1613,unseen,0
W3,1614,unseen,0
W3,1615,unseen,0
W3,1616,unseen,0
W3,1617,unseen,0
W3,1618,unseen,0
W3,1619,unseen,0
W3,1620,unseen,0
W3,1621,unseen,0
W3,1622,unseen,0
W3,1623,unseen,0
W3,1624,unseen,0
W3,1625,unseen,0
W3,1626,unseen,0
W3,1627,unseen,0
W3,1628,unseen,0
W3,1629,unseen,0
W3,1630,unseen,0
W3,1631,unseen,0
W3,1632,unseen,0
W3,1633,unseen,0
W3,1634,unseen,0
W3,1635,unseen,0
W3,1636,unseen,0
W3,1637,unseen,0
W3,1638,unseen,0
W3,1639,unseen,0
W3,1640,unseen,0
W3,1641,unseen,0
W3,1642,unseen,0
W3,1643,unseen,0
W3,1644,unseen,0
W3,1645,unseen,0
W3,1646,unseen,0
W3,1647,unseen,0
W3,1648,unseen,0
W3,1649,unseen,0
W3,1650,unseen,0
W3,1651,unseen,0
W3,1652,unseen,0
W3,1653,unseen,0
W3,1654,unseen,0
W3,1655,unseen,0
W3,1656,unseen,0
W3,1657,unseen,0
W3,1658,unseen,0
W3,1659,unseen,0
W3,1660,unseen,0
W3,1661,unseen,0
W3,1662,unseen,0
W3,1663,unseen,0
W3,1664,unseen,0
W3,1665,unseen,0
W3,1666,unseen,0
W3,1667,unseen,0
W3,1668,unseen,0
W3,1669,unseen,0
W3,1670,unseen,0
W3,1671,unseen,0
W3,1672,unseen,0
W3,1673,unseen,0
W3,1674,unseen,0
W3,1675,unseen,0
W3,1676,unseen,0
W3,1677,unseen,0
W3,1678,unseen,0
W3,1679,unseen,0
W3,1680,unseen,0
W3,1681,unseen,0
W3,1682,unseen,0
W3,1683,unseen,0
W3,1684,unseen,0
W3,1685,unseen,0
W3,1686,unseen,0
W3,1687,unseen,0
W3,1688,unseen,0
W3,1689,unseen,0
W3,1690,unseen,0
W3,1691,unseen,0
W3,1692,unseen,0
W3,1693,unseen,0
W3,1694,unseen,0
W3,1695,unseen,0
W3,1696,unseen,0
W3,1697,unseen,0
W3,1698,unseen,0
W3,1699,unseen,0
W3,1700,unseen,0
W3,1701,unseen,0
W3,1702,unseen,0
W3,1703,unseen,0
W3,1704,unseen,0
W3,1705,unseen,0
W3,1706,unseen,0
W3,1707,unseen,0
W3,1708,unseen,0
W3,1709,unseen,0
W3,1710,unseen,0
W3,1711,unseen,0
W3,1712,unseen,0
W3,1713,unseen,0
W3,1714,unseen,0
W3,1715,unseen,0
W3,1716,unseen,0
W3,1717,unseen,0
W3,1718,unseen,0
W3,1719,unseen,0
W3,1720,unseen,0
W3,1721,unseen,0
W3,1722,unseen,0
W3,1723,unseen,0
W3,1724,unseen,0
W3,1725,unseen,0
W3,1726,unseen,0
W3,1727,unseen,0
W3,1728,unseen,0
W3,1729,unseen,0
W3,1730,unseen,0
W3,1731,unseen,0
W3,1732,unseen,0
W3,1733,unseen,0
W3,1734,unseen,0
W3,1735,unseen,0
W3,1736,unseen,0
W3,1737,unseen,0
W3,1738,unseen,0
W3,1739,unseen,0
W3,1740,unseen,0
W3,1741,unseen,0
W3,1742,unseen,0
W3,1743,unseen,0
W3,1744,unseen,0
W3,1745,unseen,0
W3,1746,unseen,0
W3,1747,unseen,0
W3,1748,unseen,0
W3,1749,unseen,0
W3,1750,unseen,0
W3,1751,unseen,0
W3,1752,unseen,0
W3,1753,unseen,0
W3,1754,unseen,0
W3,1755,unseen,0
W3,1756,unseen,0
W3,1757,unseen,0
W3,1758,unseen,0
W3,1759,unseen,0
W3,1760,unseen,0
W3,1761,unseen,0
W3,1762,unseen,0
W3,1763,unseen,0
W3,1764,unseen,0
W3,1765,unseen,0
W3,1766,unseen,0
W3,1767,unseen,0
W3,1768,unseen,0
W3,1769,unseen,0
W3,1770,unseen,0
W3,1771,unseen,0
W3,1772,unseen,0
W3,1773,unseen,0
W3,1774,unseen,0
W3,1775,unseen,0
W3,1776,unseen,0
W3,1777,unseen,0
W3,1778,unseen,0
W3,1779,unseen,0
W3,1780,unseen,0
W3,1781,unseen,0
W3,1782,unseen,0
W3,1783,unseen,0
W3,1784,unseen,0
W3,1785,unseen,0
W3,1786,unseen,0
W3,1787,unseen,0
W3,1788,unseen,0
W3,1789,unseen,0
W3,1790,unseen,0
W3,1791,unseen,0
W3,1792,unseen,0
W3,1793,unseen,0
W3,1794,unseen,0
W3,1795,unseen,0
W3,1796,unseen,0
W3,1797,unseen,0
W3,1798,unseen,0
W3,1799,unseen,0
W3,1800,unseen,0
W3,1801,unseen,0
W3,1802,unseen,0
W3,1803,unseen,0
W3,1804,unseen,0
W3,1805,unseen,0
W3,1806,unseen,0
W3,1807,unseen,0
W3,1808,unseen,0
W3,1809,unseen,0
W3,1810,unseen,0
W3,1811,unseen,0
W3,1812,unseen,0
W3,1813,unseen,0
W3,1814,unseen,0
W3,1815,unseen,0
W3,1816,unseen,0
W3,1817,unseen,0
W3,1818,unseen,0
W3,1819,unseen,0
W3,1820,unseen,0
W3,1821,unseen,0
W3,1822,unseen,0
W3,1823,unseen,0
W3,1824,unseen,0
W3,1825,unseen,0
W3,1826,unseen,0
W3,1827,unseen,0
W3,1828,unseen,0
W3,1829,unseen,0
W3,1830,unseen,0
W3,1831,unseen,0
W3,1832,unseen,0
W3,1833,unseen,0
W3,1834,unseen,0
W3,1835,unseen,0
W3,1836,unseen,0
W3,1837,unseen,0
W3,1838,unseen,0
W3,1839,unseen,0
W3,1840,unseen,0
W3,1841,unseen,0
W3,1842,unseen,0
W3,1843,unseen,0
W3,1844,unseen,0
W3,1845,unseen,0
W3,1846,unseen,0
W3,1847,unseen,0
W3,1848,unseen,0
W3,1849,unseen,0
W3,1850,unseen,0
W3,1851,unseen,0
W3,1852,unseen,0
W3,1853,unseen,0
W3,1854,unseen,0
W3,1855,unseen,0
W3,1856,unseen,0
W3,1857,unseen,0
W3,1858,unseen,0
W3,1859,unseen,0
W3,1860,unseen,0
W3,1861,unseen,0
W3,1862,unseen,0
W3,1863,unseen,0
W3,1864,unseen,0
W3,1865,unseen,0
W3,1866,unseen,0
W3,1867,unseen,0
W3,1868,unseen,0
W3,1869,unseen,0
W3,1870,unseen,0
W3,1871,unseen,0
W3,1872,unseen,0
W3,1873,unseen,0
W3,1874,unseen,0
W3,1875,unseen,0
W3,1876,unseen,0
W3,1877,unseen,0
W3,1878,unseen,0
W3,1879,unseen,0
W3,1880,unseen,0
W3,1881,unseen,0
W3,1882,unseen,0
W3,1883,unseen,0
W3,1884,unseen,0
W3,1885,unseen,0
W3,1886,unseen,0
W3,1887,unseen,0
W3,1888,unseen,0
W3,1889,unseen,0
W3,1890,unseen,0
W3,1891,unseen,0
W3,1892,unseen,0
W3,1893,unseen,0
W3,1894,unseen,0
W3,1895,unseen,0
W3,1896,unseen,0
W3,1897,unseen,0
W3,1898,unseen,0
W3,1899,unseen,0
W3,1900,unseen,0
W3,1901,unseen,0
W3,1902,unseen,0
W3,1903,unseen,0
W3,1904,unseen,0
W3,1905,unseen,0
W3,1906,unseen,0
W3,1907,unseen,0
W3,1908,unseen,0
W3,1909,unseen,0
W3,1910,unseen,0
W3,1911,unseen,0
W3,1912,unseen,0
W3,1913,unseen,0
W3,1914,unseen,0
W3,1915,unseen,0
W3,1916,unseen,0
W3,1917,unseen,0
W3,1918,unseen,0
W3,1919,unseen,0
W3,1920,unseen,0
W3,1921,unseen,0
W3,1922,unseen,0
W3,1923,unseen,0
W3,1924,unseen,0
W3,1925,unseen,0
W3,1926,unseen,0
W3,1927,unseen,0
W3,1928,unseen,0
W3,1929,unseen,0
W3,1930,unseen,0
W3,1931,unseen,0
W3,1932,unseen,0
W3,1933,unseen,0
W3,1934,unseen,0
W3,1935,unseen,0
W3,1936,unseen,0
W3,1937,unseen,0
W3,1938,unseen,0
W3,1939,unseen,0
W3,1940,unseen,0
W3,1941,unseen,0
W3,1942,unseen,0
W3,1943,unseen,0
W3,1944,unseen,0
W3,1945,unseen,0
W3,1946,unseen,0
W3,1947,unseen,0
W3,1948,unseen,0
W3,1949,unseen,0
W3,1950,unseen,0
W3,1951,unseen,0
W3,1952,unseen,0
W3,1953,unseen,0
W3,1954,unseen,0
W3,1955,unseen,0
W3,1956,unseen,0
W3,1957,unseen,0
W3,1958,unseen,0
W3,1959,unseen,0
W3,1960,unseen,0
W3,1961,unseen,0
W3,1962,unseen,0
W3,1963,unseen,0
W3,1964,unseen,0
W3,1965,unseen,0
W3,1966,unseen,0
W3,1967,unseen,0
W3,1968,unseen,0
W3,1969,unseen,0
W3,1970,unseen,0
W3,1971,unseen,0
W3,1972,unseen,0
W3,1973,unseen,0
W3,1974,unseen,0
W3,1975,unseen,0
W3,1976,unseen,0
W3,1977,unseen,0
W3,1978,unseen,0
W3,1979,unseen,0
W3,1980,unseen,0
W3,1981,unseen,0
W3,1982,unseen,0
W3,1983,unseen,0
W3,1984,unseen,0
W3,1985,unseen,0
W3,1986,unseen,0
W3,1987,unseen,0
W3,1988,unseen,0
W3,1989,unseen,0
W3,1990,unseen,0
W3,1991,unseen,0
W3,1992,unseen,0
W3,1993,unseen,0
W3,1994,unseen,0
W3,1995,unseen,0
W3,1996,unseen,0
W3,1997,unseen,0
W3,1998,unseen,0
W3,1999,unseen,0
W3,2000,unseen,0
W3,2001,unseen,0
W3,2002,unseen,0
W3,2003,unseen,0
W3,2004,unseen,0
W3,2005,unseen,0
W3,2006,unseen,0
W3,2007,unseen,0
W3,2008,unseen,0
W3,2009,unseen,0
W3,2010,unseen,0
W3,2011,unseen,0
W3,2012,unseen,0
W3,2013,unseen,0
W3,2014,unseen,0
W3,2015,unseen,0
W3,2016,unseen,0
W3,2017,unseen,0
W3,2018,unseen,0
W3,2019,unseen,0
W3,2020,unseen,0
W3,2021,unseen,0
W3,2022,unseen,0
W3,2023,unseen,0
W3,2024,unseen,0
W3,2025,unseen,0
W3,2026,unseen,0
W3,2027,unseen,0
W3,2028,unseen,0
W3,2029,unseen,0
W3,2030,unseen,0
W3,2031,unseen,0
W3,2032,unseen,0
W3,2033,unseen,0
W3,2034,unseen,0
W3,2035,unseen,0
W3,2036,unseen,0
W3,2037,unseen,0
W3,2038,unseen,0
W3,2039,unseen,0
W3,2040,unseen,0
W3,2041,unseen,0
W3,2042,unseen,0
W3,2043,unseen,0
W3,2044,unseen,0
W3,2045,unseen,0
W3,2046,unseen,0
W3,2047,unseen,0
W3,2048,unseen,0
W3,2049,unseen,0
W3,2050,unseen,0
W3,2051,unseen,0
W3,2052,unseen,0
W3,2053,unseen,0
W3,2054,unseen,0
W3,2055,unseen,0
W3,2056,unseen,0
W3,2057,unseen,0
W3,2058,unseen,0
W3,2059,unseen,0
W3,2060,unseen,0
W3,2061,unseen,0
W3,2062,unseen,0
W3,2063,unseen,0
W3,2064,unseen,0
W3,2065,unseen,0
W3,2066,unseen,0
W3,2067,unseen,0
W3,2068,unseen,0
W3,2069,unseen,0
W3,2070,unseen,0
W3,2071,unseen,0
W3,2072,unseen,0
W3,2073,unseen,0
W3,2074,unseen,0
W3,2075,unseen,0
W3,2076,unseen,0
W3,2077,unseen,0
W3,2078,unseen,0
W3,2079,unseen,0
W3,2080,unseen,0
W3,2081,unseen,0
W3,2082,unseen,0
W3,2083,unseen,0
W3,2084,unseen,0
W3,2085,unseen,0
W3,2086,unseen,0
W3,2087,unseen,0
W3,2088,unseen,0
W3,2089,unseen,0
W3,2090,unseen,0
W3,2091,unseen,0
W3,2092,unseen,0
W3,2093,unseen,0
W3,2094,unseen,0
W3,2095,unseen,0
W3,2096,unseen,0
W3,2097,unseen,0
W3,2098,unseen,0
W3,2099,unseen,0
W3,2100,unseen,0
W3,2101,unseen,0
W3,2102,unseen,0
W3,2103,unseen,0
W3,2104,unseen,0
W3,2105,unseen,0
W3,2106,unseen,0
W3,2107,unseen,0
W3,2108,unseen,0
W3,2109,unseen,0
W3,2110,unseen,0
W3,2111,unseen,0
W3,2112,unseen,0
W3,2113,unseen,0
W3,2114,unseen,0
W3,2115,unseen,0
W3,2116,unseen,0
W3,2117,unseen,0
W3,2118,unseen,0
W3,2119,unseen,0
W3,2120,unseen,0
W3,2121,unseen,0
W3,2122,unseen,0
W3,2123,unseen,0
W3,2124,unseen,0
W3,2125,unseen,0
W3,2126,unseen,0
W3,2127,unseen,0
W3,2128,unseen,0
W3,2129,unseen,0
W3,2130,very_rare,1
W3,2131,unseen,0
W3,2132,unseen,0
W3,2133,unseen,0
W3,2134,unseen,0
W3,2135,unseen,0
W3,2136,unseen,0
W3,2137,unseen,0
W3,2138,unseen,0
W3,2139,unseen,0
W3,2140,unseen,0
W3,2141,unseen,0
W3,2142,unseen,0
W3,2143,unseen,0
W3,2144,unseen,0
W3,2145,unseen,0
W3,2146,unseen,0
W3,2147,unseen,0
W3,2148,unseen,0
W3,2149,unseen,0
W3,2150,unseen,0
W3,2151,unseen,0
W3,2152,unseen,0
W3,2153,unseen,0
W3,2154,unseen,0
W3,2155,unseen,0
W3,2156,unseen,0
W3,2157,unseen,0
W3,2158,unseen,0
W3,2159,unseen,0
W3,2160,unseen,0
W3,2161,unseen,0
W3,2162,unseen,0
W3,2163,unseen,0
W3,2164,unseen,0
W3,2165,unseen,0
W3,2166,unseen,0
W3,2167,unseen,0
W3,2168,unseen,0
W3,2169,unseen,0
W3,2170,unseen,0
W3,2171,unseen,0
W3,2172,unseen,0
W3,2173,unseen,0
W3,2174,unseen,0
W3,2175,unseen,0
W3,2176,unseen,0
W3,2177,unseen,0
W3,2178,unseen,0
W3,2179,unseen,0
W3,2180,unseen,0
W3,2181,unseen,0
W3,2182,unseen,0
W3,2183,unseen,0
W3,2184,unseen,0
W3,2185,unseen,0
W3,2186,unseen,0
W3,2187,unseen,0
W3,2188,unseen,0
W3,2189,unseen,0
W3,2190,unseen,0
W3,2191,unseen,0
W3,2192,unseen,0
W3,2193,unseen,0
W3,2194,unseen,0
W3,2195,unseen,0
W3,2196,unseen,0
W3,2197,unseen,0
W3,2198,unseen,0
W3,2199,unseen,0
W3,2200,unseen,0
W3,2201,unseen,0
W3,2202,unseen,0
W3,2203,unseen,0
W3,2204,unseen,0
W3,2205,unseen,0
W3,2206,unseen,0
W3,2207,unseen,0
W3,2208,unseen,0
W3,2209,unseen,0
W3,2210,unseen,0
W3,2211,unseen,0
W3,2212,unseen,0
W3,2213,unseen,0
W3,2214,unseen,0
W3,2215,unseen,0
W3,2216,unseen,0
W3,2217,unseen,0
W3,2218,unseen,0
W3,2219,unseen,0
W3,2220,unseen,0
W3,2221,unseen,0
W3,2222,unseen,0
W3,2223,unseen,0
W3,2224,unseen,0
W3,2225,unseen,0
W3,2226,unseen,0
W3,2227,unseen,0
W3,2228,unseen,0
W3,2229,unseen,0
W3,2230,unseen,0
W3,2231,unseen,0
W3,2232,unseen,0
W3,2233,unseen,0
W3,2234,unseen,0
W3,2235,unseen,0
W3,2236,unseen,0
W3,2237,unseen,0
W3,2238,unseen,0
W3,2239,unseen,0
W3,2240,unseen,0
W3,2241,unseen,0
W3,2242,unseen,0
W3,2243,unseen,0
W3,2244,unseen,0
W3,2245,unseen,0
W3,2246,unseen,0
W3,2247,unseen,0
W3,2248,unseen,0
W3,2249,unseen,0
W3,2250,unseen,0
W3,2251,unseen,0
W3,2252,unseen,0
W3,2253,unseen,0
W3,2254,unseen,0
W3,2255,unseen,0
W3,2256,unseen,0
W3,2257,unseen,0
W3,2258,unseen,0
W3,2259,unseen,0
W3,2260,unseen,0
W3,2261,unseen,0
W3,2262,unseen,0
W3,2263,unseen,0
W3,2264,unseen,0
W3,2265,unseen,0
W3,2266,unseen,0
W3,2267,unseen,0
W3,2268,unseen,0
W3,2269,unseen,0
W3,2270,unseen,0
W3,2271,unseen,0
W3,2272,unseen,0
W3,2273,unseen,0
W3,2274,unseen,0
W3,2275,unseen,0
W3,2276,unseen,0
W3,2277,unseen,0
W3,2278,unseen,0
W3,2279,unseen,0
W3,2280,unseen,0
W3,2281,unseen,0
W3,2282,unseen,0
W3,2283,unseen,0
W3,2284,unseen,0
W3,2285,unseen,0
W3,2286,unseen,0
W3,2287,unseen,0
W3,2288,unseen,0
W3,2289,unseen,0
W3,2290,unseen,0
W3,2291,unseen,0
W3,2292,unseen,0
W3,2293,unseen,0
W3,2294,unseen,0
W3,2295,unseen,0
W3,2296,unseen,0
W3,2297,unseen,0
W3,2298,unseen,0
W3,2299,unseen,0
W3,2300,unseen,0
W3,2301,unseen,0
W3,2302,unseen,0
W3,2303,unseen,0
W3,2304,unseen,0
W3,2305,unseen,0
W3,2306,unseen,0
W3,2307,unseen,0
W3,2308,unseen,0
W3,2309,unseen,0
W3,2310,unseen,0
W3,2311,unseen,0
W3,2312,unseen,0
W3,2313,unseen,0
W3,2314,unseen,0
W3,2315,unseen,0
W3,2316,unseen,0
W3,2317,unseen,0
W3,2318,unseen,0
W3,2319,unseen,0
W3,2320,unseen,0
W3,2321,unseen,0
W3,2322,unseen,0
W3,2323,unseen,0
W3,2324,unseen,0
W3,2325,unseen,0
W3,2326,unseen,0
W3,2327,unseen,0
W3,2328,unseen,0
W3,2329,unseen,0
W3,2330,unseen,0
W3,2331,unseen,0
W3,2332,unseen,0
W3,2333,unseen,0
W3,2334,unseen,0
W3,2335,unseen,0
W3,2336,unseen,0
W3,2337,unseen,0
W3,2338,unseen,0
W3,2339,unseen,0
W3,2340,unseen,0
W3,2341,unseen,0
W3,2342,unseen,0
W3,2343,unseen,0
W3,2344,unseen,0
W3,2345,unseen,0
W3,2346,unseen,0
W3,2347,unseen,0
W3,2348,unseen,0
W3,2349,unseen,0
W3,2350,unseen,0
W3,2351,unseen,0
W3,2352,unseen,0
W3,2353,unseen,0
W3,2354,unseen,0
W3,2355,unseen,0
W3,2356,unseen,0
W3,2357,unseen,0
W3,2358,unseen,0
W3,2359,unseen,0
W3,2360,unseen,0
W3,2361,unseen,0
W3,2362,unseen,0
W3,2363,unseen,0
W3,2364,unseen,0
W3,2365,unseen,0
W3,2366,unseen,0
W3,2367,unseen,0
W3,2368,unseen,0
W3,2369,unseen,0
W3,2370,unseen,0
W3,2371,unseen,0
W3,2372,unseen,0
W3,2373,unseen,0
W3,2374,unseen,0
W3,2375,unseen,0
W3,2376,unseen,0
W3,2377,unseen,0
W3,2378,unseen,0
W3,2379,unseen,0
W3,2380,unseen,0
W3,2381,unseen,0
W3,2382,unseen,0
W3,2383,unseen,0
W3,2384,unseen,0
W3,2385,unseen,0
W3,2386,unseen,0
W3,2387,unseen,0
W3,2388,unseen,0
W3,2389,unseen,0
W3,2390,unseen,0
W3,2391,unseen,0
W3,2392,unseen,0
W3,2393,unseen,0
W3,2394,unseen,0
W3,2395,unseen,0
W3,2396,unseen,0
W3,2397,unseen,0
W3,2398,unseen,0
W3,2399,unseen,0
W3,2400,unseen,0
W3,2401,unseen,0
W3,2402,unseen,0
W3,2403,unseen,0
W3,2404,unseen,0
W3,2405,unseen,0
W3,2406,unseen,0
W3,2407,unseen,0
W3,2408,unseen,0
W3,2409,unseen,0
W3,2410,unseen,0
W3,2411,unseen,0
W3,2412,unseen,0
W3,2413,unseen,0
W3,2414,unseen,0
W3,2415,unseen,0
W3,2416,unseen,0
W3,2417,unseen,0
W3,2418,unseen,0
W3,2419,unseen,0
W3,2420,unseen,0
W3,2421,unseen,0
W3,2422,unseen,0
W3,2423,unseen,0
W3,2424,unseen,0
W3,2425,unseen,0
W3,2426,unseen,0
W3,2427,unseen,0
W3,2428,unseen,0
W3,2429,unseen,0
W3,2430,unseen,0
W3,2431,unseen,0
W3,2432,unseen,0
W3,2433,unseen,0
W3,2434,unseen,0
W3,2435,unseen,0
W3,2436,unseen,0
W3,2437,unseen,0
W3,2438,unseen,0
W3,2439,unseen,0
W3,2440,unseen,0
W3,2441,unseen,0
W3,2442,unseen,0
W3,2443,unseen,0
W3,2444,unseen,0
W3,2445,unseen,0
W3,2446,unseen,0
W3,2447,unseen,0
W3,2448,unseen,0
W3,2449,unseen,0
W3,2450,unseen,0
W3,2451,unseen,0
W3,2452,unseen,0
W3,2453,unseen,0
W3,2454,unseen,0
W3,2455,unseen,0
W3,2456,unseen,0
W3,2457,unseen,0
W3,2458,unseen,0
W3,2459,unseen,0
W3,2460,unseen,0
W3,2461,unseen,0
W3,2462,unseen,0
W3,2463,unseen,0
W3,2464,unseen,0
W3,2465,unseen,0
W3,2466,unseen,0
W3,2467,unseen,0
W3,2468,unseen,0
W3,2469,unseen,0
W3,2470,unseen,0
W3,2471,unseen,0
W3,2472,unseen,0
W3,2473,unseen,0
W3,2474,unseen,0
W3,2475,unseen,0
W3,2476,unseen,0
W3,2477,unseen,0
W3,2478,unseen,0
W3,2479,unseen,0
W3,2480,unseen,0
W3,2481,unseen,0
W3,2482,unseen,0
W3,2483,unseen,0
W3,2484,unseen,0
W3,2485,unseen,0
W3,2486,unseen,0
W3,2487,unseen,0
W3,2488,unseen,0
W3,2489,unseen,0
W3,2490,unseen,0
W3,2491,unseen,0
W3,2492,unseen,0
W3,2493,unseen,0
W3,2494,unseen,0
W3,2495,unseen,0
W3,2496,unseen,0
W3,2497,unseen,0
W3,2498,unseen,0
W3,2499,unseen,0
W3,2500,unseen,0
W3,2501,unseen,0
W3,2502,unseen,0
W3,2503,unseen,0
W3,2504,unseen,0
W3,2505,unseen,0
W3,2506,unseen,0
W3,2507,unseen,0
W3,2508,unseen,0
W3,2509,unseen,0
W3,2510,unseen,0
W3,2511,unseen,0
W3,2512,unseen,0
W3,2513,unseen,0
W3,2514,unseen,0
W3,2515,unseen,0
W3,2516,unseen,0
W3,2517,unseen,0
W3,2518,unseen,0
W3,2519,unseen,0
W3,2520,unseen,0
W3,2521,unseen,0
W3,2522,unseen,0
W3,2523,unseen,0
W3,2524,unseen,0
W3,2525,unseen,0
W3,2526,unseen,0
W3,2527,unseen,0
W3,2528,unseen,0
W3,2529,unseen,0
W3,2530,unseen,0
W3,2531,unseen,0
W3,2532,unseen,0
W3,2533,unseen,0
W3,2534,unseen,0
W3,2535,unseen,0
W3,2536,unseen,0
W3,2537,unseen,0
W3,2538,unseen,0
W3,2539,unseen,0
W3,2540,unseen,0
W3,2541,very_rare,1
W3,2542,unseen,0
W3,2543,unseen,0
W3,2544,unseen,0
W3,2545,unseen,0
W3,2546,unseen,0
W3,2547,unseen,0
W3,2548,unseen,0
W3,2549,unseen,0
W3,2550,unseen,0
W3,2551,unseen,0
W3,2552,unseen,0
W3,2553,unseen,0
W3,2554,unseen,0
W3,2555,unseen,0
W3,2556,unseen,0
W3,2557,unseen,0
W3,2558,unseen,0
W3,2559,unseen,0
W3,2560,unseen,0
W3,2561,unseen,0
W3,2562,unseen,0
W3,2563,unseen,0
W3,2564,unseen,0
W3,2565,unseen,0
W3,2566,unseen,0
W3,2567,unseen,0
W3,2568,unseen,0
W3,2569,unseen,0
W3,2570,unseen,0
W3,2571,unseen,0
W3,2572,unseen,0
W3,2573,unseen,0
W3,2574,unseen,0
W3,2575,unseen,0
W3,2576,unseen,0
W3,2577,unseen,0
W3,2578,unseen,0
W3,2579,unseen,0
W3,2580,unseen,0
W3,2581,unseen,0
W3,2582,unseen,0
W3,2583,unseen,0
W3,2584,unseen,0
W3,2585,unseen,0
W3,2586,unseen,0
W3,2587,unseen,0
W3,2588,unseen,0
W3,2589,unseen,0
W3,2590,unseen,0
W3,2591,unseen,0
W3,2592,unseen,0
W3,2593,unseen,0
W3,2594,unseen,0
W3,2595,unseen,0
W3,2596,unseen,0
W3,2597,unseen,0
W3,2598,unseen,0
W3,2599,unseen,0
W3,2600,unseen,0
W3,2601,unseen,0
W3,2602,unseen,0
W3,2603,very_rare,1
W3,2604,unseen,0
W3,2605,unseen,0
W3,2606,unseen,0
W3,2607,unseen,0
W3,2608,unseen,0
W3,2609,unseen,0
W3,2610,unseen,0
W3,2611,unseen,0
W3,2612,unseen,0
W3,2613,unseen,0
W3,2614,unseen,0
W3,2615,unseen,0
W3,2616,unseen,0
W3,2617,unseen,0
W3,2618,unseen,0
W3,2619,unseen,0
W3,2620,unseen,0
W3,2621,unseen,0
W3,2622,unseen,0
W3,2623,unseen,0
W3,2624,unseen,0
W3,2625,unseen,0
W3,2626,unseen,0
W3,2627,unseen,0
W3,2628,unseen,0
W3,2629,unseen,0
W3,2630,unseen,0
W3,2631,unseen,0
W3,2632,unseen,0
W3,2633,unseen,0
W3,2634,unseen,0
W3,2635,unseen,0
W3,2636,unseen,0
W3,2637,very_rare,1
W3,2638,unseen,0
W3,2639,unseen,0
W3,2640,unseen,0
W3,2641,unseen,0
W3,2642,unseen,0
W3,2643,unseen,0
W3,2644,unseen,0
W3,2645,unseen,0
W3,2646,unseen,0
W3,2647,unseen,0
W3,2648,unseen,0
W3,2649,unseen,0
W3,2650,unseen,0
W3,2651,unseen,0
W3,2652,unseen,0
W3,2653,unseen,0
W3,2654,unseen,0
W3,2655,unseen,0
W3,2656,unseen,0
W3,2657,unseen,0
W3,2658,unseen,0
W3,2659,unseen,0
W3,2660,unseen,0
W3,2661,unseen,0
W3,2662,unseen,0
W3,2663,unseen,0
W3,2664,unseen,0
W3,2665,unseen,0
W3,2666,unseen,0
W3,2667,unseen,0
W3,2668,unseen,0
W3,2669,unseen,0
W3,2670,unseen,0
W3,2671,unseen,0
W3,2672,unseen,0
W3,2673,unseen,0
W3,2674,unseen,0
W3,2675,unseen,0
W3,2676,unseen,0
W3,2677,unseen,0
W3,2678,unseen,0
W3,2679,unseen,0
W3,2680,unseen,0
W3,2681,unseen,0
W3,2682,unseen,0
W3,2683,unseen,0
W3,2684,unseen,0
W3,2685,unseen,0
W3,2686,unseen,0
W3,2687,unseen,0
W3,2688,unseen,0
W3,2689,unseen,0
W3,2690,unseen,0
W3,2691,unseen,0
W3,2692,unseen,0
W3,2693,unseen,0
W3,2694,unseen,0
W3,2695,unseen,0
W3,2696,unseen,0
W3,2697,unseen,0
W3,2698,unseen,0
W3,2699,unseen,0
W3,2700,unseen,0
W3,2701,unseen,0
W3,2702,unseen,0
W3,2703,unseen,0
W3,2704,unseen,0
W3,2705,unseen,0
W3,2706,unseen,0
W3,2707,unseen,0
W3,2708,unseen,0
W3,2709,unseen,0
W3,2710,unseen,0
W3,2711,unseen,0
W3,2712,unseen,0
W3,2713,unseen,0
W3,2714,unseen,0
W3,2715,unseen,0
W3,2716,unseen,0
W3,2717,unseen,0
W3,2718,unseen,0
W3,2719,unseen,0
W3,2720,unseen,0
W3,2721,unseen,0
W3,2722,unseen,0
W3,2723,unseen,0
W3,2724,unseen,0
W3,2725,unseen,0
W3,2726,unseen,0
W3,2727,unseen,0
W3,2728,unseen,0
W3,2729,unseen,0
W3,2730,unseen,0
W3,2731,unseen,0
W3,2732,unseen,0
W3,2733,unseen,0
W3,2734,unseen,0
W3,2735,unseen,0
W3,2736,unseen,0
W3,2737,unseen,0
W3,2738,unseen,0
W3,2739,unseen,0
W3,2740,unseen,0
W3,2741,unseen,0
W3,2742,unseen,0
W3,2743,unseen,0
W3,2744,unseen,0
W3,2745,unseen,0
W3,2746,very_rare,1
W3,2747,unseen,0
W3,2748,unseen,0
W3,2749,unseen,0
W3,2750,unseen,0
W3,2751,unseen,0
W3,2752,unseen,0
W3,2753,unseen,0
W3,2754,unseen,0
W3,2755,unseen,0
W3,2756,unseen,0
W3,2757,unseen,0
W3,2758,unseen,0
W3,2759,unseen,0
W3,2760,unseen,0
W3,2761,unseen,0
W3,2762,unseen,0
W3,2763,unseen,0
W3,2764,unseen,0
W3,2765,unseen,0
W3,2766,unseen,0
W3,2767,unseen,0
W3,2768,unseen,0
W3,2769,unseen,0
W3,2770,unseen,0
W3,2771,unseen,0
W3,2772,unseen,0
W3,2773,unseen,0
W3,2774,unseen,0
W3,2775,unseen,0
W3,2776,unseen,0
W3,2777,unseen,0
W3,2778,unseen,0
W3,2779,unseen,0
W3,2780,unseen,0
W3,2781,unseen,0
W3,2782,unseen,0
W3,2783,unseen,0
W3,2784,unseen,0
W3,2785,unseen,0
W3,2786,unseen,0
W3,2787,unseen,0
W3,2788,unseen,0
W3,2789,unseen,0
W3,2790,unseen,0
W3,2791,unseen,0
W3,2792,unseen,0
W3,2793,unseen,0
W3,2794,unseen,0
W3,2795,unseen,0
W3,2796,unseen,0
W3,2797,unseen,0
W3,2798,unseen,0
W3,2799,unseen,0
W3,2800,unseen,0
W3,2801,unseen,0
W3,2802,unseen,0
W3,2803,unseen,0
W3,2804,unseen,0
W3,2805,unseen,0
W3,2806,unseen,0
W3,2807,unseen,0
W3,2808,unseen,0
W3,2809,unseen,0
W3,2810,unseen,0
W3,2811,unseen,0
W3,2812,unseen,0
W3,2813,unseen,0
W3,2814,unseen,0
W3,2815,unseen,0
W3,2816,unseen,0
W3,2817,unseen,0
W3,2818,unseen,0
W3,2819,unseen,0
W3,2820,unseen,0
W3,2821,unseen,0
W3,2822,unseen,0
W3,2823,unseen,0
W3,2824,unseen,0
W3,2825,unseen,0
W3,2826,unseen,0
W3,2827,unseen,0
W3,2828,unseen,0
W3,2829,unseen,0
W3,2830,unseen,0
W3,2831,unseen,0
W3,2832,unseen,0
W3,2833,unseen,0
W3,2834,unseen,0
W3,2835,unseen,0
W3,2836,unseen,0
W3,2837,unseen,0
W3,2838,unseen,0
W3,2839,unseen,0
W3,2840,unseen,0
W3,2841,unseen,0
W3,2842,unseen,0
W3,2843,unseen,0
W3,2844,unseen,0
W3,2845,unseen,0
W3,2846,unseen,0
W3,2847,unseen,0
W3,2848,unseen,0
W3,2849,unseen,0
W3,2850,unseen,0
W3,2851,unseen,0
W3,2852,unseen,0
W3,2853,unseen,0
W3,2854,unseen,0
W3,2855,unseen,0
W3,2856,unseen,0
W3,2857,unseen,0
W3,2858,unseen,0
W3,2859,unseen,0
W3,2860,unseen,0
W3,2861,unseen,0
W3,2862,unseen,0
W3,2863,unseen,0
W3,2864,unseen,0
W3,2865,unseen,0
W3,2866,unseen,0
W3,2867,unseen,0
W3,2868,unseen,0
W3,2869,unseen,0
W3,2870,unseen,0
W3,2871,unseen,0
W3,2872,unseen,0
W3,2873,unseen,0
W3,2874,unseen,0
W3,2875,unseen,0
W3,2876,unseen,0
W3,2877,unseen,0
W3,2878,unseen,0
W3,2879,unseen,0
W3,2880,unseen,0
W3,2881,unseen,0
W3,2882,unseen,0
W3,2883,unseen,0
W3,2884,unseen,0
W3,2885,unseen,0
W3,2886,unseen,0
W3,2887,unseen,0
W3,2888,unseen,0
W3,2889,unseen,0
W3,2890,unseen,0
W3,2891,unseen,0
W3,2892,unseen,0
W3,2893,unseen,0
W3,2894,unseen,0
W3,2895,unseen,0
W3,2896,unseen,0
W3,2897,unseen,0
W3,2898,unseen,0
W3,2899,unseen,0
W3,2900,unseen,0
W3,2901,unseen,0
W3,2902,unseen,0
W3,2903,unseen,0
W3,2904,unseen,0
W3,2905,unseen,0
W3,2906,unseen,0
W3,2907,unseen,0
W3,2908,unseen,0
W3,2909,unseen,0
W3,2910,unseen,0
W3,2911,unseen,0
W3,2912,unseen,0
W3,2913,unseen,0
W3,2914,unseen,0
W3,2915,unseen,0
W3,2916,unseen,0
W3,2917,unseen,0
W3,2918,unseen,0
W3,2919,unseen,0
W3,2920,unseen,0
W3,2921,unseen,0
W3,2922,unseen,0
W3,2923,unseen,0
W3,2924,unseen,0
W3,2925,unseen,0
W3,2926,unseen,0
W3,2927,unseen,0
W3,2928,unseen,0
W3,2929,unseen,0
W3,2930,unseen,0
W3,2931,unseen,0
W3,2932,unseen,0
W3,2933,unseen,0
W3,2934,unseen,0
W3,2935,unseen,0
W3,2936,unseen,0
W3,2937,unseen,0
W3,2938,unseen,0
W3,2939,unseen,0
W3,2940,unseen,0
W3,2941,unseen,0
W3,2942,unseen,0
W3,2943,unseen,0
W3,2944,unseen,0
W3,2945,unseen,0
W3,2946,unseen,0
W3,2947,unseen,0
W3,2948,unseen,0
W3,2949,unseen,0
W3,2950,unseen,0
W3,2951,unseen,0
W3,2952,unseen,0
W3,2953,unseen,0
W3,2954,unseen,0
W3,2955,unseen,0
W3,2956,unseen,0
W3,2957,unseen,0
W3,2958,unseen,0
W3,2959,unseen,0
W3,2960,unseen,0
W3,2961,unseen,0
W3,2962,unseen,0
W3,2963,unseen,0
W3,2964,unseen,0
W3,2965,unseen,0
W3,2966,unseen,0
W3,2967,unseen,0
W3,2968,unseen,0
W3,2969,unseen,0
W3,2970,unseen,0
W3,2971,unseen,0
W3,2972,unseen,0
W3,2973,unseen,0
W3,2974,unseen,0
W3,2975,unseen,0
W3,2976,unseen,0
W3,2977,unseen,0
W3,2978,unseen,0
W3,2979,unseen,0
W3,2980,unseen,0
W3,2981,unseen,0
W3,2982,unseen,0
W3,2983,unseen,0
W3,2984,unseen,0
W3,2985,unseen,0
W3,2986,unseen,0
W3,2987,unseen,0
W3,2988,unseen,0
W3,2989,unseen,0
W3,2990,unseen,0
W3,2991,unseen,0
W3,2992,unseen,0
W3,2993,unseen,0
W3,2994,unseen,0
W3,2995,unseen,0
W3,2996,unseen,0
W3,2997,unseen,0
W3,2998,unseen,0
W3,2999,unseen,0
W3,3000,unseen,0
W3,3001,unseen,0
W3,3002,unseen,0
W3,3003,unseen,0
W3,3004,unseen,0
W3,3005,unseen,0
W3,3006,unseen,0
W3,3007,unseen,0
W3,3008,unseen,0
W3,3009,unseen,0
W3,3010,unseen,0
W3,3011,unseen,0
W3,3012,unseen,0
W3,3013,unseen,0
W3,3014,unseen,0
W3,3015,unseen,0
W3,3016,unseen,0
W3,3017,unseen,0
W3,3018,unseen,0
W3,3019,unseen,0
W3,3020,unseen,0
W3,3021,unseen,0
W3,3022,unseen,0
W3,3023,unseen,0
W3,3024,unseen,0
W3,3025,unseen,0
W3,3026,unseen,0
W3,3027,unseen,0
W3,3028,unseen,0
W3,3029,unseen,0
W3,3030,unseen,0
W3,3031,unseen,0
W3,3032,unseen,0
W3,3033,unseen,0
W3,3034,unseen,0
W3,3035,unseen,0
W3,3036,unseen,0
W3,3037,unseen,0
W3,3038,unseen,0
W3,3039,unseen,0
W3,3040,unseen,0
W3,3041,unseen,0
W3,3042,unseen,0
W3,3043,unseen,0
W3,3044,unseen,0
W3,3045,unseen,0
W3,3046,unseen,0
W3,3047,unseen,0
W3,3048,unseen,0
W3,3049,unseen,0
W3,3050,unseen,0
W3,3051,unseen,0
W3,3052,unseen,0
W3,3053,unseen,0
W3,3054,unseen,0
W3,3055,unseen,0
W3,3056,unseen,0
W3,3057,unseen,0
W3,3058,unseen,0
W3,3059,unseen,0
W3,3060,unseen,0
W3,3061,unseen,0
W3,3062,unseen,0
W3,3063,unseen,0
W3,3064,unseen,0
W3,3065,unseen,0
W3,3066,unseen,0
W3,3067,unseen,0
W3,3068,unseen,0
W3,3069,unseen,0
W3,3070,unseen,0
W3,3071,unseen,0
W3,3072,unseen,0
W3,3073,unseen,0
W3,3074,unseen,0
W3,3075,unseen,0
W3,3076,unseen,0
W3,3077,unseen,0
W3,3078,unseen,0
W3,3079,unseen,0
W3,3080,unseen,0
W3,3081,unseen,0
W3,3082,unseen,0
W3,3083,unseen,0
W3,3084,unseen,0
W3,3085,unseen,0
W3,3086,unseen,0
W3,3087,unseen,0
W3,3088,unseen,0
W3,3089,unseen,0
W3,3090,unseen,0
W3,3091,unseen,0
W3,3092,unseen,0
W3,3093,unseen,0
W3,3094,unseen,0
W3,3095,unseen,0
W3,3096,unseen,0
W3,3097,unseen,0
W3,3098,unseen,0
W3,3099,unseen,0
W3,3100,unseen,0
W3,3101,unseen,0
W3,3102,unseen,0
W3,3103,unseen,0
W3,3104,unseen,0
W3,3105,unseen,0
W3,3106,unseen,0
W3,3107,unseen,0
W3,3108,unseen,0
W3,3109,unseen,0
W3,3110,unseen,0
W3,3111,unseen,0
W3,3112,unseen,0
W3,3113,unseen,0
W3,3114,unseen,0
W3,3115,unseen,0
W3,3116,unseen,0
W3,3117,unseen,0
W3,3118,unseen,0
W3,3119,unseen,0
W3,3120,unseen,0
W3,3121,unseen,0
W3,3122,unseen,0
W3,3123,unseen,0
W3,3124,unseen,0
W3,3125,unseen,0
W3,3126,unseen,0
W3,3127,unseen,0
W3,3128,unseen,0
W3,3129,unseen,0
W3,3130,unseen,0
W3,3131,unseen,0
W3,3132,unseen,0
W3,3133,unseen,0
W3,3134,unseen,0
W3,3135,unseen,0
W3,3136,unseen,0
W3,3137,unseen,0
W3,3138,unseen,0
W3,3139,unseen,0
W3,3140,unseen,0
W3,3141,unseen,0
W3,3142,unseen,0
W3,3143,unseen,0
W3,3144,unseen,0
W3,3145,unseen,0
W3,3146,unseen,0
W3,3147,unseen,0
W3,3148,unseen,0
W3,3149,unseen,0
W3,3150,unseen,0
W3,3151,unseen,0
W3,3152,unseen,0
W3,3153,unseen,0
W3,3154,unseen,0
W3,3155,unseen,0
W3,3156,unseen,0
W3,3157,unseen,0
W3,3158,unseen,0
W3,3159,unseen,0
W3,3160,unseen,0
W3,3161,unseen,0
W3,3162,unseen,0
W3,3163,unseen,0
W3,3164,unseen,0
W3,3165,unseen,0
W3,3166,unseen,0
W3,3167,unseen,0
W3,3168,unseen,0
W3,3169,unseen,0
W3,3170,unseen,0
W3,3171,unseen,0
W3,3172,unseen,0
W3,3173,unseen,0
W3,3174,unseen,0
W3,3175,unseen,0
W3,3176,unseen,0
W3,3177,unseen,0
W3,3178,unseen,0
W3,3179,unseen,0
W3,3180,unseen,0
W3,3181,unseen,0
W3,3182,unseen,0
W3,3183,unseen,0
W3,3184,unseen,0
W3,3185,unseen,0
W3,3186,unseen,0
W3,3187,unseen,0
W3,3188,unseen,0
W3,3189,unseen,0
W3,3190,unseen,0
W3,3191,unseen,0
W3,3192,unseen,0
W3,3193,unseen,0
W3,3194,unseen,0
W3,3195,unseen,0
W3,3196,unseen,0
W3,3197,unseen,0
W3,3198,unseen,0
W3,3199,unseen,0
W3,3200,unseen,0
W3,3201,unseen,0
W3,3202,unseen,0
W3,3203,unseen,0
W3,3204,unseen,0
W3,3205,unseen,0
W3,3206,unseen,0
W3,3207,unseen,0
W3,3208,unseen,0
W3,3209,unseen,0
W3,3210,unseen,0
W3,3211,unseen,0
W3,3212,unseen,0
W3,3213,unseen,0
W3,3214,unseen,0
W3,3215,unseen,0
W3,3216,unseen,0
W3,3217,unseen,0
W3,3218,unseen,0
W3,3219,unseen,0
W3,3220,unseen,0
W3,3221,unseen,0
W3,3222,unseen,0
W3,3223,unseen,0
W3,3224,unseen,0
W3,3225,unseen,0
W3,3226,unseen,0
W3,3227,unseen,0
W3,3228,unseen,0
W3,3229,unseen,0
W3,3230,unseen,0
W3,3231,unseen,0
W3,3232,unseen,0
W3,3233,unseen,0
W3,3234,unseen,0
W3,3235,unseen,0
W3,3236,unseen,0
W3,3237,unseen,0
W3,3238,unseen,0
W3,3239,unseen,0
W3,3240,unseen,0
W3,3241,unseen,0
W3,3242,unseen,0
W3,3243,unseen,0
W3,3244,unseen,0
W3,3245,unseen,0
W3,3246,unseen,0
W3,3247,unseen,0
W3,3248,unseen,0
W3,3249,unseen,0
W3,3250,unseen,0
W3,3251,unseen,0
W3,3252,unseen,0
W3,3253,unseen,0
W3,3254,unseen,0
W3,3255,unseen,0
W3,3256,unseen,0
W3,3257,unseen,0
W3,3258,unseen,0
W3,3259,unseen,0
W3,3260,unseen,0
W3,3261,unseen,0
W3,3262,unseen,0
W3,3263,unseen,0
W3,3264,unseen,0
W3,3265,unseen,0
W3,3266,unseen,0
W3,3267,unseen,0
W3,3268,unseen,0
W3,3269,unseen,0
W3,3270,unseen,0
W3,3271,unseen,0
W3,3272,unseen,0
W3,3273,unseen,0
W3,3274,unseen,0
W3,3275,unseen,0
W3,3276,unseen,0
W3,3277,unseen,0
W3,3278,unseen,0
W3,3279,unseen,0
W3,3280,unseen,0
W3,3281,unseen,0
W3,3282,unseen,0
W3,3283,unseen,0
W3,3284,unseen,0
W3,3285,unseen,0
W3,3286,unseen,0
W3,3287,unseen,0
W3,3288,unseen,0
W3,3289,unseen,0
W3,3290,unseen,0
W3,3291,unseen,0
W3,3292,unseen,0
W3,3293,unseen,0
W3,3294,unseen,0
W3,3295,unseen,0
W3,3296,unseen,0
W3,3297,unseen,0
W3,3298,unseen,0
W3,3299,unseen,0
W3,3300,unseen,0
W3,3301,unseen,0
W3,3302,unseen,0
W3,3303,unseen,0
W3,3304,unseen,0
W3,3305,unseen,0
W3,3306,unseen,0
W3,3307,unseen,0
W3,3308,unseen,0
W3,3309,unseen,0
W3,3310,unseen,0
W3,3311,unseen,0
W3,3312,unseen,0
W3,3313,unseen,0
W3,3314,unseen,0
W3,3315,unseen,0
W3,3316,unseen,0
W3,3317,unseen,0
W3,3318,unseen,0
W3,3319,unseen,0
W3,3320,unseen,0
W3,3321,unseen,0
W3,3322,unseen,0
W3,3323,unseen,0
W3,3324,unseen,0
W3,3325,unseen,0
W3,3326,unseen,0
W3,3327,unseen,0
W3,3328,unseen,0
W3,3329,unseen,0
W3,3330,unseen,0
W3,3331,unseen,0
W3,3332,unseen,0
W3,3333,unseen,0
W3,3334,unseen,0
W3,3335,unseen,0
W3,3336,unseen,0
W3,3337,unseen,0
W3,3338,unseen,0
W3,3339,unseen,0
W3,3340,unseen,0
W3,3341,unseen,0
W3,3342,unseen,0
W3,3343,unseen,0
W3,3344,unseen,0
W3,3345,unseen,0
W3,3346,unseen,0
W3,3347,unseen,0
W3,3348,unseen,0
W3,3349,unseen,0
W3,3350,unseen,0
W3,3351,unseen,0
W3,3352,unseen,0
W3,3353,unseen,0
W3,3354,unseen,0
W3,3355,unseen,0
W3,3356,unseen,0
W3,3357,unseen,0
W3,3358,unseen,0
W3,3359,unseen,0
W3,3360,unseen,0
W3,3361,unseen,0
W3,3362,unseen,0
W3,3363,unseen,0
W3,3364,unseen,0
W3,3365,unseen,0
W3,3366,unseen,0
W3,3367,unseen,0
W3,3368,unseen,0
W3,3369,unseen,0
W3,3370,unseen,0
W3,3371,unseen,0
W3,3372,unseen,0
W3,3373,unseen,0
W3,3374,unseen,0
W3,3375,unseen,0
W3,3376,unseen,0
W3,3377,unseen,0
W3,3378,unseen,0
W3,3379,unseen,0
W3,3380,unseen,0
W3,3381,unseen,0
W3,3382,unseen,0
W3,3383,unseen,0
W3,3384,unseen,0
W3,3385,unseen,0
W3,3386,unseen,0
W3,3387,unseen,0
W3,3388,unseen,0
W3,3389,unseen,0
W3,3390,unseen,0
W3,3391,unseen,0
W3,3392,unseen,0
W3,3393,very_rare,1
W3,3394,unseen,0
W3,3395,unseen,0
W3,3396,unseen,0
W3,3397,unseen,0
W3,3398,unseen,0
W3,3399,unseen,0
W3,3400,unseen,0
W3,3401,unseen,0
W3,3402,unseen,0
W3,3403,very_rare,2
W3,3404,unseen,0
W3,3405,unseen,0
W3,3406,unseen,0
W3,3407,unseen,0
W3,3408,unseen,0
W3,3409,unseen,0
W3,3410,unseen,0
W3,3411,unseen,0
W3,3412,unseen,0
W3,3413,unseen,0
W3,3414,unseen,0
W3,3415,unseen,0
W3,3416,unseen,0
W3,3417,unseen,0
W3,3418,unseen,0
W3,3419,unseen,0
W3,3420,unseen,0
W3,3421,unseen,0
W3,3422,unseen,0
W3,3423,unseen,0
W3,3424,unseen,0
W3,3425,unseen,0
W3,3426,unseen,0
W3,3427,unseen,0
W3,3428,unseen,0
W3,3429,unseen,0
W3,3430,unseen,0
W3,3431,unseen,0
W3,3432,unseen,0
W3,3433,unseen,0
W3,3434,unseen,0
W3,3435,unseen,0
W3,3436,unseen,0
W3,3437,unseen,0
W3,3438,unseen,0
W3,3439,unseen,0
W3,3440,unseen,0
W3,3441,unseen,0
W3,3442,unseen,0
W3,3443,unseen,0
W3,3444,unseen,0
W3,3445,unseen,0
W3,3446,unseen,0
W3,3447,unseen,0
W3,3448,unseen,0
W3,3449,unseen,0
W3,3450,unseen,0
W3,3451,unseen,0
W3,3452,unseen,0
W3,3453,unseen,0
W3,3454,unseen,0
W3,3455,unseen,0
W3,3456,unseen,0
W3,3457,unseen,0
W3,3458,unseen,0
W3,3459,unseen,0
W3,3460,unseen,0
W3,3461,unseen,0
W3,3462,unseen,0
W3,3463,unseen,0
W3,3464,unseen,0
W3,3465,unseen,0
W3,3466,unseen,0
W3,3467,unseen,0
W3,3468,unseen,0
W3,3469,unseen,0
W3,3470,unseen,0
W3,3471,unseen,0
W3,3472,unseen,0
W3,3473,unseen,0
W3,3474,unseen,0
W3,3475,unseen,0
W3,3476,unseen,0
W3,3477,unseen,0
W3,3478,unseen,0
W3,3479,unseen,0
W3,3480,unseen,0
W3,3481,unseen,0
W3,3482,unseen,0
W3,3483,unseen,0
W3,3484,unseen,0
W3,3485,unseen,0
W3,3486,unseen,0
W3,3487,unseen,0
W3,3488,unseen,0
W3,3489,unseen,0
W3,3490,unseen,0
W3,3491,unseen,0
W3,3492,unseen,0
W3,3493,unseen,0
W3,3494,unseen,0
W3,3495,unseen,0
W3,3496,unseen,0
W3,3497,unseen,0
W3,3498,unseen,0
W3,3499,unseen,0
W3,3500,unseen,0
W3,3501,unseen,0
W3,3502,unseen,0
W3,3503,unseen,0
W3,3504,unseen,0
W3,3505,unseen,0
W3,3506,unseen,0
W3,3507,unseen,0
W3,3508,unseen,0
W3,3509,unseen,0
W3,3510,unseen,0
W3,3511,unseen,0
W3,3512,unseen,0
W3,3513,unseen,0
W3,3514,unseen,0
W3,3515,unseen,0
W3,3516,unseen,0
W3,3517,unseen,0
W3,3518,unseen,0
W3,3519,unseen,0
W3,3520,unseen,0
W3,3521,unseen,0
W3,3522,unseen,0
W3,3523,unseen,0
W3,3524,unseen,0
W3,3525,unseen,0
W3,3526,unseen,0
W3,3527,unseen,0
W3,3528,unseen,0
W3,3529,unseen,0
W3,3530,unseen,0
W3,3531,unseen,0
W3,3532,unseen,0
W3,3533,unseen,0
W3,3534,unseen,0
W3,3535,unseen,0
W3,3536,unseen,0
W3,3537,unseen,0
W3,3538,unseen,0
W3,3539,unseen,0
W3,3540,unseen,0
W3,3541,unseen,0
W3,3542,unseen,0
W3,3543,unseen,0
W3,3544,unseen,0
W3,3545,unseen,0
W3,3546,unseen,0
W3,3547,unseen,0
W3,3548,unseen,0
W3,3549,unseen,0
W3,3550,unseen,0
W3,3551,unseen,0
W3,3552,unseen,0
W3,3553,unseen,0
W3,3554,unseen,0
W3,3555,unseen,0
W3,3556,unseen,0
W3,3557,unseen,0
W3,3558,unseen,0
W3,3559,unseen,0
W3,3560,unseen,0
W3,3561,unseen,0
W3,3562,unseen,0
W3,3563,unseen,0
W3,3564,unseen,0
W3,3565,unseen,0
W3,3566,unseen,0
W3,3567,unseen,0
W3,3568,unseen,0
W3,3569,unseen,0
W3,3570,unseen,0
W3,3571,unseen,0
W3,3572,unseen,0
W3,3573,unseen,0
W3,3574,unseen,0
W3,3575,unseen,0
W3,3576,unseen,0
W3,3577,unseen,0
W3,3578,unseen,0
W3,3579,unseen,0
W3,3580,unseen,0
W3,3581,unseen,0
W3,3582,unseen,0
W3,3583,unseen,0
W3,3584,unseen,0
W3,3585,unseen,0
W3,3586,unseen,0
W3,3587,unseen,0
W3,3588,unseen,0
W3,3589,unseen,0
W3,3590,unseen,0
W3,3591,unseen,0
W3,3592,unseen,0
W3,3593,unseen,0
W3,3594,unseen,0
W3,3595,unseen,0
W3,3596,unseen,0
W3,3597,unseen,0
W3,3598,unseen,0
W3,3599,unseen,0
W3,3600,unseen,0
W3,3601,unseen,0
W3,3602,unseen,0
W3,3603,unseen,0
W3,3604,unseen,0
W3,3605,unseen,0
W3,3606,unseen,0
W3,3607,unseen,0
W3,3608,unseen,0
W3,3609,unseen,0
W3,3610,unseen,0
W3,3611,unseen,0
W3,3612,unseen,0
W3,3613,unseen,0
W3,3614,unseen,0
W3,3615,unseen,0
W3,3616,unseen,0
W3,3617,unseen,0
W3,3618,unseen,0
W3,3619,unseen,0
W3,3620,unseen,0
W3,3621,unseen,0
W3,3622,unseen,0
W3,3623,unseen,0
W3,3624,unseen,0
W3,3625,unseen,0
W3,3626,unseen,0
W3,3627,unseen,0
W3,3628,unseen,0
W3,3629,unseen,0
W3,3630,unseen,0
W3,3631,unseen,0
W3,3632,unseen,0
W3,3633,unseen,0
W3,3634,unseen,0
W3,3635,unseen,0
W3,3636,unseen,0
W3,3637,unseen,0
W3,3638,unseen,0
W3,3639,unseen,0
W3,3640,unseen,0
W3,3641,unseen,0
W3,3642,unseen,0
W3,3643,unseen,0
W3,3644,unseen,0
W3,3645,unseen,0
W3,3646,unseen,0
W3,3647,unseen,0
W3,3648,unseen,0
W3,3649,unseen,0
W3,3650,unseen,0
W3,3651,unseen,0
W3,3652,unseen,0
W3,3653,unseen,0
W3,3654,unseen,0
W3,3655,unseen,0
W3,3656,unseen,0
W3,3657,unseen,0
W3,3658,unseen,0
W3,3659,unseen,0
W3,3660,unseen,0
W3,3661,unseen,0
W3,3662,unseen,0
W3,3663,unseen,0
W3,3664,unseen,0
W3,3665,unseen,0
W3,3666,unseen,0
W3,3667,unseen,0
W3,3668,unseen,0
W3,3669,unseen,0
W3,3670,unseen,0
W3,3671,unseen,0
W3,3672,unseen,0
W3,3673,unseen,0
W3,3674,unseen,0
W3,3675,unseen,0
W3,3676,unseen,0
W3,3677,unseen,0
W3,3678,unseen,0
W3,3679,unseen,0
W3,3680,unseen,0
W3,3681,unseen,0
W3,3682,unseen,0
W3,3683,unseen,0
W3,3684,unseen,0
W3,3685,unseen,0
W3,3686,unseen,0
W3,3687,unseen,0
W3,3688,unseen,0
W3,3689,unseen,0
W3,3690,unseen,0
W3,3691,unseen,0
W3,3692,unseen,0
W3,3693,unseen,0
W3,3694,unseen,0
W3,3695,unseen,0
W3,3696,unseen,0
W3,3697,unseen,0
W3,3698,unseen,0
W3,3699,unseen,0
W3,3700,unseen,0
W3,3701,unseen,0
W3,3702,unseen,0
W3,3703,unseen,0
W3,3704,unseen,0
W3,3705,unseen,0
W3,3706,unseen,0
W3,3707,unseen,0
W3,3708,unseen,0
W3,3709,unseen,0
W3,3710,unseen,0
W3,3711,unseen,0
W3,3712,unseen,0
W3,3713,unseen,0
W3,3714,unseen,0
W3,3715,unseen,0
W3,3716,unseen,0
W3,3717,unseen,0
W3,3718,unseen,0
W3,3719,unseen,0
W3,3720,unseen,0
W3,3721,unseen,0
W3,3722,unseen,0
W3,3723,unseen,0
W3,3724,unseen,0
W3,3725,unseen,0
W3,3726,unseen,0
W3,3727,unseen,0
W3,3728,unseen,0
W3,3729,unseen,0
W3,3730,unseen,0
W3,3731,unseen,0
W3,3732,unseen,0
W3,3733,unseen,0
W3,3734,unseen,0
W3,3735,unseen,0
W3,3736,unseen,0
W3,3737,unseen,0
W3,3738,unseen,0
W3,3739,unseen,0
W3,3740,unseen,0
W3,3741,unseen,0
W3,3742,unseen,0
W3,3743,unseen,0
W3,3744,unseen,0
W3,3745,unseen,0
W3,3746,unseen,0
W3,3747,unseen,0
W3,3748,unseen,0
W3,3749,unseen,0
W3,3750,unseen,0
W3,3751,unseen,0
W3,3752,unseen,0
W3,3753,unseen,0
W3,3754,unseen,0
W3,3755,unseen,0
W3,3756,unseen,0
W3,3757,unseen,0
W3,3758,unseen,0
W3,3759,unseen,0
W3,3760,unseen,0
W3,3761,unseen,0
W3,3762,unseen,0
W3,3763,unseen,0
W3,3764,unseen,0
W3,3765,unseen,0
W3,3766,unseen,0
W3,3767,unseen,0
W3,3768,unseen,0
W3,3769,unseen,0
W3,3770,unseen,0
W3,3771,unseen,0
W3,3772,unseen,0
W3,3773,unseen,0
W3,3774,unseen,0
W3,3775,unseen,0
W3,3776,unseen,0
W3,3777,unseen,0
W3,3778,unseen,0
W3,3779,unseen,0
W3,3780,unseen,0
W3,3781,unseen,0
W3,3782,unseen,0
W3,3783,unseen,0
W3,3784,unseen,0
W3,3785,unseen,0
W3,3786,unseen,0
W3,3787,unseen,0
W3,3788,unseen,0
W3,3789,unseen,0
W3,3790,unseen,0
W3,3791,unseen,0
W3,3792,unseen,0
W3,3793,unseen,0
W3,3794,unseen,0
W3,3795,unseen,0
W3,3796,unseen,0
W3,3797,unseen,0
W3,3798,unseen,0
W3,3799,unseen,0
W3,3800,unseen,0
W3,3801,unseen,0
W3,3802,unseen,0
W3,3803,unseen,0
W3,3804,unseen,0
W3,3805,unseen,0
W3,3806,unseen,0
W3,3807,unseen,0
W3,3808,unseen,0
W3,3809,unseen,0
W3,3810,unseen,0
W3,3811,unseen,0
W3,3812,unseen,0
W3,3813,unseen,0
W3,3814,unseen,0
W3,3815,unseen,0
W3,3816,unseen,0
W3,3817,unseen,0
W3,3818,unseen,0
W3,3819,unseen,0
W3,3820,unseen,0
W3,3821,unseen,0
W3,3822,unseen,0
W3,3823,unseen,0
W3,3824,unseen,0
W3,3825,unseen,0
W3,3826,unseen,0
W3,3827,unseen,0
W3,3828,unseen,0
W3,3829,unseen,0
W3,3830,unseen,0
W3,3831,unseen,0
W3,3832,unseen,0
W3,3833,unseen,0
W3,3834,unseen,0
W3,3835,unseen,0
W3,3836,unseen,0
W3,3837,unseen,0
W3,3838,unseen,0
W3,3839,unseen,0
W3,3840,unseen,0
W3,3841,unseen,0
W3,3842,unseen,0
W3,3843,unseen,0
W3,3844,unseen,0
W3,3845,unseen,0
W3,3846,unseen,0
W3,3847,unseen,0
W3,3848,unseen,0
W3,3849,unseen,0
W3,3850,unseen,0
W3,3851,unseen,0
W3,3852,unseen,0
W3,3853,unseen,0
W3,3854,unseen,0
W3,3855,unseen,0
W3,3856,unseen,0
W3,3857,unseen,0
W3,3858,unseen,0
W3,3859,unseen,0
W3,3860,unseen,0
W3,3861,unseen,0
W3,3862,unseen,0
W3,3863,unseen,0
W3,3864,unseen,0
W3,3865,unseen,0
W3,3866,unseen,0
W3,3867,unseen,0
W3,3868,unseen,0
W3,3869,unseen,0
W3,3870,unseen,0
W3,3871,unseen,0
W3,3872,unseen,0
W3,3873,unseen,0
W3,3874,unseen,0
W3,3875,unseen,0
W3,3876,unseen,0
W3,3877,unseen,0
W3,3878,unseen,0
W3,3879,unseen,0
W3,3880,unseen,0
W3,3881,unseen,0
W3,3882,unseen,0
W3,3883,unseen,0
W3,3884,unseen,0
W3,3885,unseen,0
W3,3886,unseen,0
W3,3887,unseen,0
W3,3888,unseen,0
W3,3889,unseen,0
W3,3890,unseen,0
W3,3891,unseen,0
W3,3892,unseen,0
W3,3893,unseen,0
W3,3894,unseen,0
W3,3895,unseen,0
W3,3896,unseen,0
W3,3897,unseen,0
W3,3898,unseen,0
W3,3899,unseen,0
W3,3900,unseen,0
W3,3901,unseen,0
W3,3902,unseen,0
W3,3903,unseen,0
W3,3904,unseen,0
W3,3905,unseen,0
W3,3906,unseen,0
W3,3907,unseen,0
W3,3908,unseen,0
W3,3909,unseen,0
W3,3910,unseen,0
W3,3911,unseen,0
W3,3912,unseen,0
W3,3913,unseen,0
W3,3914,unseen,0
W3,3915,unseen,0
W3,3916,unseen,0
W3,3917,unseen,0
W3,3918,unseen,0
W3,3919,unseen,0
W3,3920,unseen,0
W3,3921,unseen,0
W3,3922,unseen,0
W3,3923,unseen,0
W3,3924,unseen,0
W3,3925,unseen,0
W3,3926,unseen,0
W3,3927,unseen,0
W3,3928,unseen,0
W3,3929,unseen,0
W3,3930,unseen,0
W3,3931,unseen,0
W3,3932,unseen,0
W3,3933,unseen,0
W3,3934,unseen,0
W3,3935,unseen,0
W3,3936,unseen,0
W3,3937,unseen,0
W3,3938,unseen,0
W3,3939,unseen,0
W3,3940,unseen,0
W3,3941,unseen,0
W3,3942,unseen,0
W3,3943,unseen,0
W3,3944,unseen,0
W3,3945,unseen,0
W3,3946,unseen,0
W3,3947,unseen,0
W3,3948,unseen,0
W3,3949,unseen,0
W3,3950,unseen,0
W3,3951,unseen,0
W3,3952,unseen,0
W3,3953,unseen,0
W3,3954,unseen,0
W3,3955,unseen,0
W3,3956,unseen,0
W3,3957,unseen,0
W3,3958,unseen,0
W3,3959,unseen,0
W3,3960,unseen,0
W3,3961,unseen,0
W3,3962,unseen,0
W3,3963,unseen,0
W3,3964,unseen,0
W3,3965,unseen,0
W3,3966,unseen,0
W3,3967,unseen,0
W3,3968,unseen,0
W3,3969,unseen,0
W3,3970,unseen,0
W3,3971,unseen,0
W3,3972,unseen,0
W3,3973,unseen,0
W3,3974,unseen,0
W3,3975,unseen,0
W3,3976,unseen,0
W3,3977,unseen,0
W3,3978,unseen,0
W3,3979,unseen,0
W3,3980,unseen,0
W3,3981,unseen,0
W3,3982,unseen,0
W3,3983,unseen,0
W3,3984,unseen,0
W3,3985,unseen,0
W3,3986,unseen,0
W3,3987,unseen,0
W3,3988,unseen,0
W3,3989,unseen,0
W3,3990,unseen,0
W3,3991,unseen,0
W3,3992,unseen,0
W3,3993,unseen,0
W3,3994,unseen,0
W3,3995,unseen,0
W3,3996,unseen,0
W3,3997,unseen,0
W3,3998,unseen,0
W3,3999,unseen,0
W3,4000,unseen,0
W3,4001,unseen,0
W3,4002,unseen,0
W3,4003,unseen,0
W3,4004,unseen,0
W3,4005,unseen,0
W3,4006,unseen,0
W3,4007,unseen,0
W3,4008,unseen,0
W3,4009,unseen,0
W3,4010,unseen,0
W3,4011,unseen,0
W3,4012,unseen,0
W3,4013,unseen,0
W3,4014,unseen,0
W3,4015,unseen,0
W3,4016,unseen,0
W3,4017,unseen,0
W3,4018,unseen,0
W3,4019,unseen,0
W3,4020,unseen,0
W3,4021,unseen,0
W3,4022,unseen,0
W3,4023,unseen,0
W3,4024,unseen,0
W3,4025,unseen,0
W3,4026,unseen,0
W3,4027,unseen,0
W3,4028,unseen,0
W3,4029,unseen,0
W3,4030,unseen,0
W3,4031,unseen,0
W3,4032,unseen,0
W3,4033,unseen,0
W3,4034,unseen,0
W3,4035,unseen,0
W3,4036,unseen,0
W3,4037,unseen,0
W3,4038,unseen,0
W3,4039,unseen,0
W3,4040,unseen,0
W3,4041,unseen,0
W3,4042,unseen,0
W3,4043,unseen,0
W3,4044,unseen,0
W3,4045,unseen,0
W3,4046,unseen,0
W3,4047,unseen,0
W3,4048,unseen,0
W3,4049,unseen,0
W3,4050,unseen,0
W3,4051,unseen,0
W3,4052,unseen,0
W3,4053,unseen,0
W3,4054,unseen,0
W3,4055,unseen,0
W3,4056,unseen,0
W3,4057,unseen,0
W3,4058,unseen,0
W3,4059,unseen,0
W3,4060,unseen,0
W3,4061,unseen,0
W3,4062,unseen,0
W3,4063,unseen,0
W3,4064,unseen,0
W3,4065,unseen,0
W3,4066,unseen,0
W3,4067,unseen,0
W3,4068,unseen,0
W3,4069,unseen,0
W3,4070,unseen,0
W3,4071,unseen,0
W3,4072,unseen,0
W3,4073,unseen,0
W3,4074,unseen,0
W3,4075,unseen,0
W3,4076,unseen,0
W3,4077,unseen,0
W3,4078,unseen,0
W3,4079,unseen,0
W3,4080,unseen,0
W3,4081,unseen,0
W3,4082,unseen,0
W3,4083,unseen,0
W3,4084,unseen,0
W3,4085,unseen,0
W3,4086,unseen,0
W3,4087,unseen,0
W3,4088,unseen,0
W3,4089,unseen,0
W3,4090,unseen,0
W3,4091,unseen,0
W3,4092,unseen,0
W3,4093,unseen,0
W3,4094,unseen,0
W3,4095,unseen,0
W3,4096,unseen,0
W3,4097,unseen,0
W3,4098,unseen,0
W3,4099,unseen,0
W3,4100,unseen,0
W3,4101,unseen,0
W3,4102,unseen,0
W3,4103,unseen,0
W3,4104,unseen,0
W3,4105,unseen,0
W3,4106,unseen,0
W3,4107,unseen,0
W3,4108,unseen,0
W3,4109,unseen,0
W3,4110,unseen,0
W3,4111,unseen,0
W3,4112,unseen,0
W3,4113,unseen,0
W3,4114,unseen,0
W3,4115,unseen,0
W3,4116,unseen,0
W3,4117,unseen,0
W3,4118,unseen,0
W3,4119,unseen,0
W3,4120,unseen,0
W3,4121,unseen,0
W3,4122,unseen,0
W3,4123,unseen,0
W3,4124,unseen,0
W3,4125,unseen,0
W3,4126,unseen,0
W3,4127,unseen,0
W3,4128,unseen,0
W3,4129,unseen,0
W3,4130,unseen,0
W3,4131,unseen,0
W3,4132,unseen,0
W3,4133,unseen,0
W3,4134,unseen,0
W3,4135,unseen,0
W3,4136,unseen,0
W3,4137,unseen,0
W3,4138,unseen,0
W3,4139,unseen,0
W3,4140,unseen,0
W3,4141,unseen,0
W3,4142,unseen,0
W3,4143,unseen,0
W3,4144,unseen,0
W3,4145,unseen,0
W3,4146,unseen,0
W3,4147,unseen,0
W3,4148,unseen,0
W3,4149,unseen,0
W3,4150,unseen,0
W3,4151,unseen,0
W3,4152,unseen,0
W3,4153,unseen,0
W3,4154,unseen,0
W3,4155,unseen,0
W3,4156,unseen,0
W3,4157,unseen,0
W3,4158,unseen,0
W3,4159,unseen,0
W3,4160,unseen,0
W3,4161,unseen,0
W3,4162,unseen,0
W3,4163,unseen,0
W3,4164,unseen,0
W3,4165,unseen,0
W3,4166,unseen,0
W3,4167,unseen,0
W3,4168,unseen,0
W3,4169,unseen,0
W3,4170,unseen,0
W3,4171,unseen,0
W3,4172,unseen,0
W3,4173,unseen,0
W3,4174,unseen,0
W3,4175,unseen,0
W3,4176,unseen,0
W3,4177,unseen,0
W3,4178,unseen,0
W3,4179,unseen,0
W3,4180,unseen,0
W3,4181,unseen,0
W3,4182,unseen,0
W3,4183,unseen,0
W3,4184,unseen,0
W3,4185,unseen,0
W3,4186,unseen,0
W3,4187,unseen,0
W3,4188,unseen,0
W3,4189,unseen,0
W3,4190,unseen,0
W3,4191,unseen,0
W3,4192,unseen,0
W3,4193,unseen,0
W3,4194,unseen,0
W3,4195,unseen,0
W3,4196,unseen,0
W3,4197,unseen,0
W3,4198,unseen,0
W3,4199,unseen,0
W3,4200,unseen,0
W3,4201,unseen,0
W3,4202,unseen,0
W3,4203,unseen,0
W3,4204,unseen,0
W3,4205,unseen,0
W3,4206,unseen,0
W3,4207,unseen,0
W3,4208,unseen,0
W3,4209,unseen,0
W3,4210,unseen,0
W3,4211,unseen,0
W3,4212,unseen,0
W3,4213,unseen,0
W3,4214,unseen,0
W3,4215,unseen,0
W3,4216,unseen,0
W3,4217,unseen,0
W3,4218,unseen,0
W3,4219,unseen,0
W3,4220,unseen,0
W3,4221,unseen,0
W3,4222,unseen,0
W3,4223,unseen,0
W3,4224,unseen,0
W3,4225,unseen,0
W3,4226,unseen,0
W3,4227,unseen,0
W3,4228,unseen,0
W3,4229,unseen,0
W3,4230,unseen,0
W3,4231,unseen,0
W3,4232,unseen,0
W3,4233,unseen,0
W3,4234,unseen,0
W3,4235,unseen,0
W3,4236,unseen,0
W3,4237,unseen,0
W3,4238,unseen,0
W3,4239,unseen,0
W3,4240,unseen,0
W3,4241,unseen,0
W3,4242,unseen,0
W3,4243,unseen,0
W3,4244,unseen,0
W3,4245,unseen,0
W3,4246,unseen,0
W3,4247,unseen,0
W3,4248,unseen,0
W3,4249,unseen,0
W3,4250,unseen,0
W3,4251,unseen,0
W3,4252,unseen,0
W3,4253,unseen,0
W3,4254,unseen,0
W3,4255,unseen,0
W3,4256,unseen,0
W3,4257,unseen,0
W3,4258,unseen,0
W3,4259,unseen,0
W3,4260,unseen,0
W3,4261,unseen,0
W3,4262,unseen,0
W3,4263,unseen,0
W3,4264,unseen,0
W3,4265,unseen,0
W3,4266,unseen,0
W3,4267,unseen,0
W3,4268,unseen,0
W3,4269,unseen,0
W3,4270,unseen,0
W3,4271,unseen,0
W3,4272,unseen,0
W3,4273,unseen,0
W3,4274,unseen,0
W3,4275,unseen,0
W3,4276,unseen,0
W3,4277,unseen,0
W3,4278,unseen,0
W3,4279,unseen,0
W3,4280,unseen,0
W3,4281,unseen,0
W3,4282,unseen,0
W3,4283,unseen,0
W3,4284,unseen,0
W3,4285,unseen,0
W3,4286,unseen,0
W3,4287,unseen,0
W3,4288,unseen,0
W3,4289,unseen,0
W3,4290,unseen,0
W3,4291,unseen,0
W3,4292,unseen,0
W3,4293,unseen,0
W3,4294,unseen,0
W3,4295,unseen,0
W3,4296,unseen,0
W3,4297,unseen,0
W3,4298,unseen,0
W3,4299,unseen,0
W3,4300,unseen,0
W3,4301,unseen,0
W3,4302,unseen,0
W3,4303,unseen,0
W3,4304,unseen,0
W3,4305,unseen,0
W3,4306,unseen,0
W3,4307,unseen,0
W3,4308,unseen,0
W3,4309,unseen,0
W3,4310,unseen,0
W3,4311,unseen,0
W3,4312,unseen,0
W3,4313,unseen,0
W3,4314,unseen,0
W3,4315,unseen,0
W3,4316,unseen,0
W3,4317,unseen,0
W3,4318,unseen,0
W3,4319,unseen,0
W3,4320,unseen,0
W3,4321,unseen,0
W3,4322,unseen,0
W3,4323,unseen,0
W3,4324,unseen,0
W3,4325,unseen,0
W3,4326,unseen,0
W3,4327,unseen,0
W3,4328,unseen,0
W3,4329,unseen,0
W3,4330,unseen,0
W3,4331,unseen,0
W3,4332,unseen,0
W3,4333,unseen,0
W3,4334,unseen,0
W3,4335,unseen,0
W3,4336,unseen,0
W3,4337,unseen,0
W3,4338,unseen,0
W3,4339,unseen,0
W3,4340,unseen,0
W3,4341,unseen,0
W3,4342,unseen,0
W3,4343,unseen,0
W3,4344,unseen,0
W3,4345,unseen,0
W3,4346,unseen,0
W3,4347,unseen,0
W3,4348,unseen,0
W3,4349,unseen,0
W3,4350,unseen,0
W3,4351,unseen,0
W3,4352,unseen,0
W3,4353,unseen,0
W3,4354,unseen,0
W3,4355,unseen,0
W3,4356,unseen,0
W3,4357,unseen,0
W3,4358,unseen,0
W3,4359,unseen,0
W3,4360,unseen,0
W3,4361,unseen,0
W3,4362,unseen,0
W3,4363,unseen,0
W3,4364,unseen,0
W3,4365,unseen,0
W3,4366,unseen,0
W3,4367,unseen,0
W3,4368,unseen,0
W3,4369,unseen,0
W3,4370,unseen,0
W3,4371,unseen,0
W3,4372,unseen,0
W3,4373,unseen,0
W3,4374,unseen,0
W3,4375,unseen,0
W3,4376,unseen,0
W3,4377,unseen,0
W3,4378,unseen,0
W3,4379,unseen,0
W3,4380,unseen,0
W3,4381,unseen,0
W3,4382,unseen,0
W3,4383,unseen,0
W3,4384,unseen,0
W3,4385,unseen,0
W3,4386,unseen,0
W3,4387,unseen,0
W3,4388,unseen,0
W3,4389,unseen,0
W3,4390,unseen,0
W3,4391,unseen,0
W3,4392,unseen,0
W3,4393,unseen,0
W3,4394,unseen,0
W3,4395,unseen,0
W3,4396,unseen,0
W3,4397,unseen,0
W3,4398,unseen,0
W3,4399,unseen,0
W3,4400,unseen,0
W3,4401,unseen,0
W3,4402,unseen,0
W3,4403,unseen,0
W3,4404,unseen,0
W3,4405,unseen,0
W3,4406,unseen,0
W3,4407,unseen,0
W3,4408,unseen,0
W3,4409,unseen,0
W3,4410,unseen,0
W3,4411,unseen,0
W3,4412,unseen,0
W3,4413,unseen,0
W3,4414,unseen,0
W3,4415,unseen,0
W3,4416,unseen,0
W3,4417,unseen,0
W3,4418,unseen,0
W3,4419,unseen,0
W3,4420,unseen,0
W3,4421,unseen,0
W3,4422,unseen,0
W3,4423,unseen,0
W3,4424,unseen,0
W3,4425,unseen,0
W3,4426,unseen,0
W3,4427,unseen,0
W3,4428,unseen,0
W3,4429,unseen,0
W3,4430,unseen,0
W3,4431,unseen,0
W3,4432,unseen,0
W3,4433,unseen,0
W3,4434,unseen,0
W3,4435,unseen,0
W3,4436,unseen,0
W3,4437,unseen,0
W3,4438,unseen,0
W3,4439,unseen,0
W3,4440,unseen,0
W3,4441,unseen,0
W3,4442,unseen,0
W3,4443,unseen,0
W3,4444,unseen,0
W3,4445,unseen,0
W3,4446,unseen,0
W3,4447,unseen,0
W3,4448,unseen,0
W3,4449,unseen,0
W3,4450,unseen,0
W3,4451,unseen,0
W3,4452,unseen,0
W3,4453,unseen,0
W3,4454,unseen,0
W3,4455,unseen,0
W3,4456,unseen,0
W3,4457,unseen,0
W3,4458,unseen,0
W3,4459,unseen,0
W3,4460,unseen,0
W3,4461,unseen,0
W3,4462,unseen,0
W3,4463,unseen,0
W3,4464,unseen,0
W3,4465,unseen,0
W3,4466,unseen,0
W3,4467,unseen,0
W3,4468,unseen,0
W3,4469,unseen,0
W3,4470,unseen,0
W3,4471,unseen,0
W3,4472,unseen,0
W3,4473,unseen,0
W3,4474,unseen,0
W3,4475,unseen,0
W3,4476,unseen,0
W3,4477,unseen,0
W3,4478,unseen,0
W3,4479,unseen,0
W3,4480,unseen,0
W3,4481,unseen,0
W3,4482,unseen,0
W3,4483,unseen,0
W3,4484,unseen,0
W3,4485,unseen,0
W3,4486,unseen,0
W3,4487,unseen,0
W3,4488,unseen,0
W3,4489,unseen,0
W3,4490,unseen,0
W3,4491,unseen,0
W3,4492,unseen,0
W3,4493,unseen,0
W3,4494,unseen,0
W3,4495,unseen,0
W3,4496,unseen,0
W3,4497,unseen,0
W3,4498,unseen,0
W3,4499,unseen,0
W3,4500,unseen,0
W3,4501,unseen,0
W3,4502,unseen,0
W3,4503,unseen,0
W3,4504,unseen,0
W3,4505,unseen,0
W3,4506,unseen,0
W3,4507,unseen,0
W3,4508,unseen,0
W3,4509,unseen,0
W3,4510,unseen,0
W3,4511,unseen,0
W3,4512,unseen,0
W3,4513,unseen,0
W3,4514,unseen,0
W3,4515,unseen,0
W3,4516,unseen,0
W3,4517,unseen,0
W3,4518,unseen,0
W3,4519,unseen,0
W3,4520,unseen,0
W3,4521,unseen,0
W3,4522,unseen,0
W3,4523,unseen,0
W3,4524,unseen,0
W3,4525,unseen,0
W3,4526,unseen,0
W3,4527,unseen,0
W3,4528,unseen,0
W3,4529,unseen,0
W3,4530,unseen,0
W3,4531,unseen,0
W3,4532,unseen,0
W3,4533,unseen,0
W3,4534,unseen,0
W3,4535,unseen,0
W3,4536,unseen,0
W3,4537,unseen,0
W3,4538,unseen,0
W3,4539,unseen,0
W3,4540,unseen,0
W3,4541,unseen,0
W3,4542,unseen,0
W3,4543,unseen,0
W3,4544,unseen,0
W3,4545,unseen,0
W3,4546,unseen,0
W3,4547,unseen,0
W3,4548,unseen,0
W3,4549,unseen,0
W3,4550,unseen,0
W3,4551,unseen,0
W3,4552,unseen,0
W3,4553,unseen,0
W3,4554,unseen,0
W3,4555,unseen,0
W3,4556,unseen,0
W3,4557,unseen,0
W3,4558,unseen,0
W3,4559,unseen,0
W3,4560,unseen,0
W3,4561,unseen,0
W3,4562,unseen,0
W3,4563,unseen,0
W3,4564,unseen,0
W3,4565,unseen,0
W3,4566,unseen,0
W3,4567,unseen,0
W3,4568,unseen,0
W3,4569,unseen,0
W3,4570,unseen,0
W3,4571,unseen,0
W3,4572,unseen,0
W3,4573,unseen,0
W3,4574,unseen,0
W3,4575,unseen,0
W3,4576,unseen,0
W3,4577,unseen,0
W3,4578,unseen,0
W3,4579,unseen,0
W3,4580,unseen,0
W3,4581,unseen,0
W3,4582,unseen,0
W3,4583,unseen,0
W3,4584,unseen,0
W3,4585,unseen,0
W3,4586,unseen,0
W3,4587,unseen,0
W3,4588,unseen,0
W3,4589,unseen,0
W3,4590,unseen,0
W3,4591,unseen,0
W3,4592,unseen,0
W3,4593,unseen,0
W3,4594,unseen,0
W3,4595,unseen,0
W3,4596,unseen,0
W3,4597,unseen,0
W3,4598,unseen,0
W3,4599,unseen,0
W3,4600,unseen,0
W3,4601,unseen,0
W3,4602,unseen,0
W3,4603,unseen,0
W3,4604,unseen,0
W3,4605,unseen,0
W3,4606,unseen,0
W3,4607,unseen,0
W3,4608,unseen,0
W3,4609,unseen,0
W3,4610,unseen,0
W3,4611,unseen,0
W3,4612,unseen,0
W3,4613,unseen,0
W3,4614,unseen,0
W3,4615,unseen,0
W3,4616,unseen,0
W3,4617,unseen,0
W3,4618,unseen,0
W3,4619,unseen,0
W3,4620,unseen,0
W3,4621,unseen,0
W3,4622,unseen,0
W3,4623,unseen,0
W3,4624,unseen,0
W3,4625,unseen,0
W3,4626,unseen,0
W3,4627,unseen,0
W3,4628,unseen,0
W3,4629,unseen,0
W3,4630,unseen,0
W3,4631,unseen,0
W3,4632,unseen,0
W3,4633,unseen,0
W3,4634,unseen,0
W3,4635,unseen,0
W3,4636,unseen,0
W3,4637,unseen,0
W3,4638,unseen,0
W3,4639,unseen,0
W3,4640,unseen,0
W3,4641,unseen,0
W3,4642,unseen,0
W3,4643,unseen,0
W3,4644,unseen,0
W3,4645,unseen,0
W3,4646,unseen,0
W3,4647,unseen,0
W3,4648,unseen,0
W3,4649,unseen,0
W3,4650,unseen,0
W3,4651,unseen,0
W3,4652,unseen,0
W3,4653,unseen,0
W3,4654,unseen,0
W3,4655,unseen,0
W3,4656,unseen,0
W3,4657,unseen,0
W3,4658,unseen,0
W3,4659,unseen,0
W3,4660,unseen,0
W3,4661,unseen,0
W3,4662,unseen,0
W3,4663,unseen,0
W3,4664,unseen,0
W3,4665,unseen,0
W3,4666,unseen,0
W3,4667,unseen,0
W3,4668,unseen,0
W3,4669,unseen,0
W3,4670,unseen,0
W3,4671,unseen,0
W3,4672,unseen,0
W3,4673,unseen,0
W3,4674,unseen,0
W3,4675,unseen,0
W3,4676,unseen,0
W3,4677,unseen,0
W3,4678,unseen,0
W3,4679,unseen,0
W3,4680,unseen,0
W3,4681,unseen,0
W3,4682,unseen,0
W3,4683,unseen,0
W3,4684,unseen,0
W3,4685,unseen,0
W3,4686,unseen,0
W3,4687,unseen,0
W3,4688,unseen,0
W3,4689,unseen,0
W3,4690,unseen,0
W3,4691,unseen,0
W3,4692,unseen,0
W3,4693,unseen,0
W3,4694,unseen,0
W3,4695,unseen,0
W3,4696,unseen,0
W3,4697,unseen,0
W3,4698,unseen,0
W3,4699,unseen,0
W3,4700,unseen,0
W3,4701,unseen,0
W3,4702,unseen,0
W3,4703,unseen,0
W3,4704,unseen,0
W3,4705,unseen,0
W3,4706,unseen,0
W3,4707,unseen,0
W3,4708,unseen,0
W3,4709,unseen,0
W3,4710,unseen,0
W3,4711,unseen,0
W3,4712,unseen,0
W3,4713,unseen,0
W3,4714,unseen,0
W3,4715,unseen,0
W3,4716,unseen,0
W3,4717,unseen,0
W3,4718,unseen,0
W3,4719,unseen,0
W3,4720,unseen,0
W3,4721,unseen,0
W3,4722,unseen,0
W3,4723,unseen,0
W3,4724,unseen,0
W3,4725,unseen,0
W3,4726,unseen,0
W3,4727,unseen,0
W3,4728,unseen,0
W3,4729,unseen,0
W3,4730,unseen,0
W3,4731,unseen,0
W3,4732,unseen,0
W3,4733,unseen,0
W3,4734,unseen,0
W3,4735,unseen,0
W3,4736,unseen,0
W3,4737,unseen,0
W3,4738,unseen,0
W3,4739,unseen,0
W3,4740,unseen,0
W3,4741,unseen,0
W3,4742,unseen,0
W3,4743,unseen,0
W3,4744,unseen,0
W3,4745,unseen,0
W3,4746,unseen,0
W3,4747,unseen,0
W3,4748,unseen,0
W3,4749,unseen,0
W3,4750,unseen,0
W3,4751,unseen,0
W3,4752,unseen,0
W3,4753,unseen,0
W3,4754,unseen,0
W3,4755,unseen,0
W3,4756,unseen,0
W3,4757,unseen,0
W3,4758,unseen,0
W3,4759,unseen,0
W3,4760,unseen,0
W3,4761,unseen,0
W3,4762,unseen,0
W3,4763,unseen,0
W3,4764,unseen,0
W3,4765,unseen,0
W3,4766,unseen,0
W3,4767,unseen,0
W3,4768,unseen,0
W3,4769,unseen,0
W3,4770,unseen,0
W3,4771,unseen,0
W3,4772,unseen,0
W3,4773,unseen,0
W3,4774,unseen,0
W3,4775,unseen,0
W3,4776,unseen,0
W3,4777,unseen,0
W3,4778,unseen,0
W3,4779,unseen,0
W3,4780,unseen,0
W3,4781,unseen,0
W3,4782,unseen,0
W3,4783,unseen,0
W3,4784,unseen,0
W3,4785,unseen,0
W3,4786,unseen,0
W3,4787,unseen,0
W3,4788,unseen,0
W3,4789,unseen,0
W3,4790,unseen,0
W3,4791,unseen,0
W3,4792,unseen,0
W3,4793,unseen,0
W3,4794,unseen,0
W3,4795,unseen,0
W3,4796,unseen,0
W3,4797,unseen,0
W3,4798,unseen,0
W3,4799,unseen,0
W3,4800,unseen,0
W3,4801,unseen,0
W3,4802,unseen,0
W3,4803,unseen,0
W3,4804,unseen,0
W3,4805,unseen,0
W3,4806,unseen,0
W3,4807,unseen,0
W3,4808,unseen,0
W3,4809,unseen,0
W3,4810,unseen,0
W3,4811,unseen,0
W3,4812,unseen,0
W3,4813,unseen,0
W3,4814,unseen,0
W3,4815,unseen,0
W3,4816,unseen,0
W3,4817,unseen,0
W3,4818,unseen,0
W3,4819,unseen,0
W3,4820,unseen,0
W3,4821,unseen,0
W3,4822,unseen,0
W3,4823,unseen,0
W3,4824,unseen,0
W3,4825,unseen,0
W3,4826,unseen,0
W3,4827,unseen,0
W3,4828,unseen,0
W3,4829,unseen,0
W3,4830,unseen,0
W3,4831,unseen,0
W3,4832,unseen,0
W3,4833,unseen,0
W3,4834,unseen,0
W3,4835,unseen,0
W3,4836,unseen,0
W3,4837,unseen,0
W3,4838,unseen,0
W3,4839,unseen,0
W3,4840,unseen,0
W3,4841,unseen,0
W3,4842,unseen,0
W3,4843,unseen,0
W3,4844,unseen,0
W3,4845,unseen,0
W3,4846,unseen,0
W3,4847,unseen,0
W3,4848,unseen,0
W3,4849,unseen,0
W3,4850,very_rare,1
W3,4851,unseen,0
W3,4852,unseen,0
W3,4853,unseen,0
W3,4854,unseen,0
W3,4855,unseen,0
W3,4856,unseen,0
W3,4857,unseen,0
W3,4858,unseen,0
W3,4859,unseen,0
W3,4860,unseen,0
W3,4861,unseen,0
W3,4862,unseen,0
W3,4863,unseen,0
W3,4864,unseen,0
W3,4865,unseen,0
W3,4866,unseen,0
W3,4867,unseen,0
W3,4868,unseen,0
W3,4869,unseen,0
W3,4870,unseen,0
W3,4871,unseen,0
W3,4872,unseen,0
W3,4873,unseen,0
W3,4874,unseen,0
W3,4875,unseen,0
W3,4876,unseen,0
W3,4877,unseen,0
W3,4878,unseen,0
W3,4879,unseen,0
W3,4880,unseen,0
W3,4881,unseen,0
W3,4882,unseen,0
W3,4883,unseen,0
W3,4884,unseen,0
W3,4885,unseen,0
W3,4886,unseen,0
W3,4887,unseen,0
W3,4888,unseen,0
W3,4889,unseen,0
W3,4890,unseen,0
W3,4891,unseen,0
W3,4892,unseen,0
W3,4893,unseen,0
W3,4894,unseen,0
W3,4895,unseen,0
W3,4896,unseen,0
W3,4897,unseen,0
W3,4898,unseen,0
W3,4899,unseen,0
W3,4900,unseen,0
W3,4901,unseen,0
W3,4902,unseen,0
W3,4903,unseen,0
W3,4904,unseen,0
W3,4905,unseen,0
W3,4906,unseen,0
W3,4907,unseen,0
W3,4908,unseen,0
W3,4909,unseen,0
W3,4910,unseen,0
W3,4911,unseen,0
W3,4912,unseen,0
W3,4913,unseen,0
W3,4914,unseen,0
W3,4915,unseen,0
W3,4916,unseen,0
W3,4917,unseen,0
W3,4918,unseen,0
W3,4919,unseen,0
W3,4920,unseen,0
W3,4921,unseen,0
W3,4922,unseen,0
W3,4923,unseen,0
W3,4924,unseen,0
W3,4925,unseen,0
W3,4926,unseen,0
W3,4927,unseen,0
W3,4928,unseen,0
W3,4929,unseen,0
W3,4930,unseen,0
W3,4931,unseen,0
W3,4932,unseen,0
W3,4933,unseen,0
W3,4934,unseen,0
W3,4935,unseen,0
W3,4936,unseen,0
W3,4937,unseen,0
W3,4938,unseen,0
W3,4939,unseen,0
W3,4940,very_rare,1
W3,4941,unseen,0
W3,4942,unseen,0
W3,4943,unseen,0
W3,4944,unseen,0
W3,4945,unseen,0
W3,4946,unseen,0
W3,4947,unseen,0
W3,4948,unseen,0
W3,4949,unseen,0
W3,4950,unseen,0
W3,4951,unseen,0
W3,4952,unseen,0
W3,4953,unseen,0
W3,4954,unseen,0
W3,4955,unseen,0
W3,4956,unseen,0
W3,4957,unseen,0
W3,4958,unseen,0
W3,4959,unseen,0
W3,4960,unseen,0
W3,4961,unseen,0
W3,4962,unseen,0
W3,4963,unseen,0
W3,4964,unseen,0
W3,4965,unseen,0
W3,4966,unseen,0
W3,4967,unseen,0
W3,4968,unseen,0
W3,4969,unseen,0
W3,4970,unseen,0
W3,4971,unseen,0
W3,4972,unseen,0
W3,4973,unseen,0
W3,4974,unseen,0
W3,4975,unseen,0
W3,4976,unseen,0
W3,4977,unseen,0
W3,4978,unseen,0
W3,4979,unseen,0
W3,4980,unseen,0
W3,4981,unseen,0
W3,4982,unseen,0
W3,4983,unseen,0
W3,4984,unseen,0
W3,4985,unseen,0
W3,4986,unseen,0
W3,4987,unseen,0
W3,4988,unseen,0
W3,4989,unseen,0
W3,4990,unseen,0
W3,4991,unseen,0
W3,4992,unseen,0
W3,4993,unseen,0
W3,4994,unseen,0
W3,4995,unseen,0
W3,4996,unseen,0
W3,4997,unseen,0
W3,4998,unseen,0
W3,4999,unseen,0
W3,5000,unseen,0
W3,5001,unseen,0
W3,5002,unseen,0
W3,5003,unseen,0
W3,5004,unseen,0
W3,5005,unseen,0
W3,5006,unseen,0
W3,5007,unseen,0
W3,5008,unseen,0
W3,5009,very_rare,1
W3,5010,unseen,0
W3,5011,unseen,0
W3,5012,unseen,0
W3,5013,unseen,0
W3,5014,unseen,0
W3,5015,unseen,0
W3,5016,unseen,0
W3,5017,unseen,0
W3,5018,unseen,0
W3,5019,unseen,0
W3,5020,unseen,0
W3,5021,unseen,0
W3,5022,unseen,0
W3,5023,unseen,0
W3,5024,unseen,0
W3,5025,unseen,0
W3,5026,unseen,0
W3,5027,unseen,0
W3,5028,unseen,0
W3,5029,unseen,0
W3,5030,unseen,0
W3,5031,unseen,0
W3,5032,unseen,0
W3,5033,unseen,0
W3,5034,unseen,0
W3,5035,unseen,0
W3,5036,unseen,0
W3,5037,unseen,0
W3,5038,unseen,0
W3,5039,unseen,0
W3,5040,unseen,0
W3,5041,unseen,0
W3,5042,unseen,0
W3,5043,unseen,0
W3,5044,unseen,0
W3,5045,unseen,0
W3,5046,unseen,0
W3,5047,unseen,0
W3,5048,unseen,0
W3,5049,unseen,0
W3,5050,unseen,0
W3,5051,unseen,0
W3,5052,unseen,0
W3,5053,unseen,0
W3,5054,unseen,0
W3,5055,unseen,0
W3,5056,unseen,0
W3,5057,unseen,0
W3,5058,unseen,0
W3,5059,unseen,0
W3,5060,unseen,0
W3,5061,unseen,0
W3,5062,unseen,0
W3,5063,unseen,0
W3,5064,unseen,0
W3,5065,unseen,0
W3,5066,unseen,0
W3,5067,unseen,0
W3,5068,unseen,0
W3,5069,unseen,0
W3,5070,unseen,0
W3,5071,unseen,0
W3,5072,unseen,0
W3,5073,unseen,0
W3,5074,unseen,0
W3,5075,unseen,0
W3,5076,unseen,0
W3,5077,unseen,0
W3,5078,unseen,0
W3,5079,unseen,0
W3,5080,unseen,0
W3,5081,unseen,0
W3,5082,unseen,0
W3,5083,unseen,0
W3,5084,unseen,0
W3,5085,unseen,0
W3,5086,unseen,0
W3,5087,unseen,0
W3,5088,unseen,0
W3,5089,unseen,0
W3,5090,unseen,0
W3,5091,unseen,0
W3,5092,unseen,0
W3,5093,unseen,0
W3,5094,unseen,0
W3,5095,unseen,0
W3,5096,unseen,0
W3,5097,unseen,0
W3,5098,unseen,0
W3,5099,unseen,0
W3,5100,unseen,0
W3,5101,unseen,0
W3,5102,unseen,0
W3,5103,unseen,0
W3,5104,unseen,0
W3,5105,unseen,0
W3,5106,unseen,0
W3,5107,unseen,0
W3,5108,unseen,0
W3,5109,unseen,0
W3,5110,unseen,0
W3,5111,unseen,0
W3,5112,unseen,0
W3,5113,unseen,0
W3,5114,unseen,0
W3,5115,unseen,0
W3,5116,unseen,0
W3,5117,unseen,0
W3,5118,unseen,0
W3,5119,unseen,0
W3,5120,unseen,0
W3,5121,unseen,0
W3,5122,unseen,0
W3,5123,unseen,0
W3,5124,unseen,0
W3,5125,unseen,0
W3,5126,unseen,0
W3,5127,unseen,0
W3,5128,unseen,0
W3,5129,unseen,0
W3,5130,unseen,0
W3,5131,unseen,0
W3,5132,unseen,0
W3,5133,unseen,0
W3,5134,unseen,0
W3,5135,unseen,0
W3,5136,unseen,0
W3,5137,unseen,0
W3,5138,unseen,0
W3,5139,unseen,0
W3,5140,unseen,0
W3,5141,unseen,0
W3,5142,unseen,0
W3,5143,unseen,0
W3,5144,unseen,0
W3,5145,unseen,0
W3,5146,unseen,0
W3,5147,unseen,0
W3,5148,unseen,0
W3,5149,unseen,0
W3,5150,unseen,0
W3,5151,unseen,0
W3,5152,unseen,0
W3,5153,unseen,0
W3,5154,unseen,0
W3,5155,unseen,0
W3,5156,unseen,0
W3,5157,unseen,0
W3,5158,unseen,0
W3,5159,unseen,0
W3,5160,unseen,0
W3,5161,unseen,0
W3,5162,unseen,0
W3,5163,unseen,0
W3,5164,unseen,0
W3,5165,unseen,0
W3,5166,unseen,0
W3,5167,unseen,0
W3,5168,unseen,0
W3,5169,unseen,0
W3,5170,unseen,0
W3,5171,unseen,0
W3,5172,unseen,0
W3,5173,unseen,0
W3,5174,unseen,0
W3,5175,unseen,0
W3,5176,unseen,0
W3,5177,unseen,0
W3,5178,unseen,0
W3,5179,unseen,0
W3,5180,unseen,0
W3,5181,unseen,0
W3,5182,unseen,0
W3,5183,unseen,0
W3,5184,unseen,0
W3,5185,unseen,0
W3,5186,unseen,0
W3,5187,unseen,0
W3,5188,unseen,0
W3,5189,unseen,0
W3,5190,unseen,0
W3,5191,unseen,0
W3,5192,unseen,0
W3,5193,unseen,0
W3,5194,unseen,0
W3,5195,unseen,0
W3,5196,unseen,0
W3,5197,unseen,0
W3,5198,unseen,0
W3,5199,unseen,0
W3,5200,unseen,0
W3,5201,unseen,0
W3,5202,unseen,0
W3,5203,unseen,0
W3,5204,unseen,0
W3,5205,unseen,0
W3,5206,unseen,0
W3,5207,unseen,0
W3,5208,unseen,0
W3,5209,unseen,0
W3,5210,unseen,0
W3,5211,unseen,0
W3,5212,unseen,0
W3,5213,unseen,0
W3,5214,unseen,0
W3,5215,unseen,0
W3,5216,unseen,0
W3,5217,unseen,0
W3,5218,unseen,0
W3,5219,unseen,0
W3,5220,unseen,0
W3,5221,unseen,0
W3,5222,unseen,0
W3,5223,unseen,0
W3,5224,unseen,0
W3,5225,unseen,0
W3,5226,unseen,0
W3,5227,unseen,0
W3,5228,unseen,0
W3,5229,unseen,0
W3,5230,unseen,0
W3,5231,unseen,0
W3,5232,unseen,0
W3,5233,unseen,0
W3,5234,unseen,0
W3,5235,unseen,0
W3,5236,unseen,0
W3,5237,unseen,0
W3,5238,unseen,0
W3,5239,unseen,0
W3,5240,unseen,0
W3,5241,unseen,0
W3,5242,unseen,0
W3,5243,unseen,0
W3,5244,unseen,0
W3,5245,unseen,0
W3,5246,unseen,0
W3,5247,unseen,0
W3,5248,unseen,0
W3,5249,unseen,0
W3,5250,unseen,0
W3,5251,unseen,0
W3,5252,unseen,0
W3,5253,unseen,0
W3,5254,unseen,0
W3,5255,unseen,0
W3,5256,unseen,0
W3,5257,unseen,0
W3,5258,unseen,0
W3,5259,unseen,0
W3,5260,unseen,0
W3,5261,unseen,0
W3,5262,unseen,0
W3,5263,unseen,0
W3,5264,unseen,0
W3,5265,unseen,0
W3,5266,unseen,0
W3,5267,unseen,0
W3,5268,unseen,0
W3,5269,unseen,0
W3,5270,unseen,0
W3,5271,unseen,0
W3,5272,unseen,0
W3,5273,unseen,0
W3,5274,unseen,0
W3,5275,unseen,0
W3,5276,unseen,0
W3,5277,unseen,0
W3,5278,unseen,0
W3,5279,unseen,0
W3,5280,unseen,0
W3,5281,unseen,0
W3,5282,unseen,0
W3,5283,unseen,0
W3,5284,unseen,0
W3,5285,unseen,0
W3,5286,unseen,0
W3,5287,unseen,0
W3,5288,unseen,0
W3,5289,unseen,0
W3,5290,unseen,0
W3,5291,unseen,0
W3,5292,unseen,0
W3,5293,unseen,0
W3,5294,unseen,0
W3,5295,unseen,0
W3,5296,unseen,0
W3,5297,unseen,0
W3,5298,unseen,0
W3,5299,unseen,0
W3,5300,unseen,0
W3,5301,unseen,0
W3,5302,unseen,0
W3,5303,unseen,0
W3,5304,unseen,0
W3,5305,unseen,0
W3,5306,unseen,0
W3,5307,unseen,0
W3,5308,unseen,0
W3,5309,unseen,0
W3,5310,unseen,0
W3,5311,unseen,0
W3,5312,unseen,0
W3,5313,unseen,0
W3,5314,unseen,0
W3,5315,unseen,0
W3,5316,unseen,0
W3,5317,unseen,0
W3,5318,unseen,0
W3,5319,unseen,0
W3,5320,unseen,0
W3,5321,unseen,0
W3,5322,unseen,0
W3,5323,unseen,0
W3,5324,unseen,0
W3,5325,unseen,0
W3,5326,unseen,0
W3,5327,unseen,0
W3,5328,unseen,0
W3,5329,unseen,0
W3,5330,unseen,0
W3,5331,unseen,0
W3,5332,unseen,0
W3,5333,unseen,0
W3,5334,unseen,0
W3,5335,unseen,0
W3,5336,unseen,0
W3,5337,unseen,0
W3,5338,unseen,0
W3,5339,unseen,0
W3,5340,unseen,0
W3,5341,unseen,0
W3,5342,unseen,0
W3,5343,unseen,0
W3,5344,unseen,0
W3,5345,unseen,0
W3,5346,unseen,0
W3,5347,unseen,0
W3,5348,unseen,0
W3,5349,unseen,0
W3,5350,unseen,0
W3,5351,unseen,0
W3,5352,unseen,0
W3,5353,unseen,0
W3,5354,unseen,0
W3,5355,unseen,0
W3,5356,unseen,0
W3,5357,unseen,0
W3,5358,unseen,0
W3,5359,unseen,0
W3,5360,unseen,0
W3,5361,unseen,0
W3,5362,unseen,0
W3,5363,unseen,0
W3,5364,unseen,0
W3,5365,unseen,0
W3,5366,unseen,0
W3,5367,unseen,0
W3,5368,unseen,0
W3,5369,unseen,0
W3,5370,unseen,0
W3,5371,unseen,0
W3,5372,unseen,0
W3,5373,unseen,0
W3,5374,unseen,0
W3,5375,unseen,0
W3,5376,unseen,0
W3,5377,unseen,0
W3,5378,unseen,0
W3,5379,unseen,0
W3,5380,unseen,0
W3,5381,unseen,0
W3,5382,unseen,0
W3,5383,unseen,0
W3,5384,unseen,0
W3,5385,unseen,0
W3,5386,unseen,0
W3,5387,unseen,0
W3,5388,unseen,0
W3,5389,unseen,0
W3,5390,unseen,0
W3,5391,unseen,0
W3,5392,unseen,0
W3,5393,unseen,0
W3,5394,unseen,0
W3,5395,unseen,0
W3,5396,unseen,0
W3,5397,unseen,0
W3,5398,unseen,0
W3,5399,unseen,0
W3,5400,unseen,0
W3,5401,unseen,0
W3,5402,unseen,0
W3,5403,unseen,0
W3,5404,unseen,0
W3,5405,unseen,0
W3,5406,unseen,0
W3,5407,unseen,0
W3,5408,unseen,0
W3,5409,unseen,0
W3,5410,unseen,0
W3,5411,unseen,0
W3,5412,unseen,0
W3,5413,unseen,0
W3,5414,unseen,0
W3,5415,unseen,0
W3,5416,unseen,0
W3,5417,unseen,0
W3,5418,unseen,0
W3,5419,unseen,0
W3,5420,unseen,0
W3,5421,unseen,0
W3,5422,unseen,0
W3,5423,unseen,0
W3,5424,unseen,0
W3,5425,unseen,0
W3,5426,unseen,0
W3,5427,unseen,0
W3,5428,unseen,0
W3,5429,unseen,0
W3,5430,unseen,0
W3,5431,unseen,0
W3,5432,unseen,0
W3,5433,unseen,0
W3,5434,unseen,0
W3,5435,unseen,0
W3,5436,unseen,0
W3,5437,unseen,0
W3,5438,unseen,0
W3,5439,unseen,0
W3,5440,unseen,0
W3,5441,unseen,0
W3,5442,unseen,0
W3,5443,unseen,0
W3,5444,unseen,0
W3,5445,unseen,0
W3,5446,unseen,0
W3,5447,unseen,0
W3,5448,unseen,0
W3,5449,unseen,0
W3,5450,unseen,0
W3,5451,unseen,0
W3,5452,unseen,0
W3,5453,unseen,0
W3,5454,unseen,0
W3,5455,unseen,0
W3,5456,unseen,0
W3,5457,unseen,0
W3,5458,unseen,0
W3,5459,unseen,0
W3,5460,unseen,0
W3,5461,unseen,0
W3,5462,unseen,0
W3,5463,unseen,0
W3,5464,unseen,0
W3,5465,unseen,0
W3,5466,unseen,0
W3,5467,unseen,0
W3,5468,unseen,0
W3,5469,unseen,0
W3,5470,unseen,0
W3,5471,unseen,0
W3,5472,unseen,0
W3,5473,unseen,0
W3,5474,unseen,0
W3,5475,unseen,0
W3,5476,unseen,0
W3,5477,unseen,0
W3,5478,unseen,0
W3,5479,unseen,0
W3,5480,unseen,0
W3,5481,unseen,0
W3,5482,unseen,0
W3,5483,unseen,0
W3,5484,unseen,0
W3,5485,unseen,0
W3,5486,unseen,0
W3,5487,unseen,0
W3,5488,unseen,0
W3,5489,unseen,0
W3,5490,unseen,0
W3,5491,unseen,0
W3,5492,unseen,0
W3,5493,unseen,0
W3,5494,unseen,0
W3,5495,unseen,0
W3,5496,unseen,0
W3,5497,unseen,0
W3,5498,unseen,0
W3,5499,unseen,0
W3,5500,unseen,0
W3,5501,unseen,0
W3,5502,unseen,0
W3,5503,unseen,0
W3,5504,unseen,0
W3,5505,unseen,0
W3,5506,unseen,0
W3,5507,unseen,0
W3,5508,unseen,0
W3,5509,unseen,0
W3,5510,unseen,0
W3,5511,unseen,0
W3,5512,unseen,0
W3,5513,unseen,0
W3,5514,unseen,0
W3,5515,unseen,0
W3,5516,unseen,0
W3,5517,unseen,0
W3,5518,unseen,0
W3,5519,unseen,0
W3,5520,unseen,0
W3,5521,unseen,0
W3,5522,unseen,0
W3,5523,unseen,0
W3,5524,unseen,0
W3,5525,unseen,0
W3,5526,unseen,0
W3,5527,unseen,0
W3,5528,unseen,0
W3,5529,unseen,0
W3,5530,unseen,0
W3,5531,unseen,0
W3,5532,unseen,0
W3,5533,unseen,0
W3,5534,unseen,0
W3,5535,unseen,0
W3,5536,unseen,0
W3,5537,unseen,0
W3,5538,unseen,0
W3,5539,unseen,0
W3,5540,unseen,0
W3,5541,unseen,0
W3,5542,unseen,0
W3,5543,unseen,0
W3,5544,unseen,0
W3,5545,unseen,0
W3,5546,unseen,0
W3,5547,unseen,0
W3,5548,unseen,0
W3,5549,unseen,0
W3,5550,unseen,0
W3,5551,unseen,0
W3,5552,unseen,0
W3,5553,unseen,0
W3,5554,unseen,0
W3,5555,unseen,0
W3,5556,unseen,0
W3,5557,unseen,0
W3,5558,unseen,0
W3,5559,unseen,0
W3,5560,unseen,0
W3,5561,unseen,0
W3,5562,unseen,0
W3,5563,unseen,0
W3,5564,unseen,0
W3,5565,unseen,0
W3,5566,unseen,0
W3,5567,unseen,0
W3,5568,unseen,0
W3,5569,unseen,0
W3,5570,unseen,0
W3,5571,unseen,0
W3,5572,unseen,0
W3,5573,unseen,0
W3,5574,unseen,0
W3,5575,unseen,0
W3,5576,unseen,0
W3,5577,unseen,0
W3,5578,unseen,0
W3,5579,unseen,0
W3,5580,unseen,0
W3,5581,unseen,0
W3,5582,unseen,0
W3,5583,unseen,0
W3,5584,unseen,0
W3,5585,unseen,0
W3,5586,unseen,0
W3,5587,unseen,0
W3,5588,unseen,0
W3,5589,unseen,0
W3,5590,unseen,0
W3,5591,unseen,0
W3,5592,unseen,0
W3,5593,unseen,0
W3,5594,unseen,0
W3,5595,unseen,0
W3,5596,unseen,0
W3,5597,unseen,0
W3,5598,unseen,0
W3,5599,unseen,0
W3,5600,unseen,0
W3,5601,unseen,0
W3,5602,unseen,0
W3,5603,unseen,0
W3,5604,unseen,0
W3,5605,unseen,0
W3,5606,unseen,0
W3,5607,unseen,0
W3,5608,unseen,0
W3,5609,unseen,0
W3,5610,unseen,0
W3,5611,unseen,0
W3,5612,unseen,0
W3,5613,unseen,0
W3,5614,unseen,0
W3,5615,unseen,0
W3,5616,unseen,0
W3,5617,unseen,0
W3,5618,unseen,0
W3,5619,unseen,0
W3,5620,unseen,0
W3,5621,unseen,0
W3,5622,unseen,0
W3,5623,unseen,0
W3,5624,unseen,0
W3,5625,unseen,0
W3,5626,unseen,0
W3,5627,unseen,0
W3,5628,unseen,0
W3,5629,unseen,0
W3,5630,unseen,0
W3,5631,unseen,0
W3,5632,unseen,0
W3,5633,unseen,0
W3,5634,unseen,0
W3,5635,unseen,0
W3,5636,unseen,0
W3,5637,unseen,0
W3,5638,unseen,0
W3,5639,unseen,0
W3,5640,unseen,0
W3,5641,unseen,0
W3,5642,unseen,0
W3,5643,unseen,0
W3,5644,unseen,0
W3,5645,unseen,0
W3,5646,unseen,0
W3,5647,unseen,0
W3,5648,unseen,0
W3,5649,unseen,0
W3,5650,unseen,0
W3,5651,unseen,0
W3,5652,unseen,0
W3,5653,unseen,0
W3,5654,unseen,0
W3,5655,unseen,0
W3,5656,unseen,0
W3,5657,unseen,0
W3,5658,unseen,0
W3,5659,unseen,0
W3,5660,unseen,0
W3,5661,unseen,0
W3,5662,unseen,0
W3,5663,unseen,0
W3,5664,unseen,0
W3,5665,unseen,0
W3,5666,unseen,0
W3,5667,unseen,0
W3,5668,unseen,0
W3,5669,unseen,0
W3,5670,unseen,0
W3,5671,unseen,0
W3,5672,unseen,0
W3,5673,unseen,0
W3,5674,unseen,0
W3,5675,unseen,0
W3,5676,unseen,0
W3,5677,unseen,0
W3,5678,unseen,0
W3,5679,unseen,0
W3,5680,unseen,0
W3,5681,unseen,0
W3,5682,unseen,0
W3,5683,unseen,0
W3,5684,unseen,0
W3,5685,unseen,0
W3,5686,unseen,0
W3,5687,unseen,0
W3,5688,unseen,0
W3,5689,unseen,0
W3,5690,unseen,0
W3,5691,unseen,0
W3,5692,unseen,0
W3,5693,unseen,0
W3,5694,unseen,0
W3,5695,unseen,0
W3,5696,unseen,0
W3,5697,unseen,0
W3,5698,unseen,0
W3,5699,unseen,0
W3,5700,unseen,0
W3,5701,unseen,0
W3,5702,unseen,0
W3,5703,unseen,0
W3,5704,unseen,0
W3,5705,unseen,0
W3,5706,unseen,0
W3,5707,unseen,0
W3,5708,unseen,0
W3,5709,unseen,0
W3,5710,unseen,0
W3,5711,unseen,0
W3,5712,unseen,0
W3,5713,unseen,0
W3,5714,unseen,0
W3,5715,unseen,0
W3,5716,unseen,0
W3,5717,unseen,0
W3,5718,unseen,0
W3,5719,unseen,0
W3,5720,unseen,0
W3,5721,unseen,0
W3,5722,unseen,0
W3,5723,unseen,0
W3,5724,unseen,0
W3,5725,unseen,0
W3,5726,unseen,0
W3,5727,unseen,0
W3,5728,unseen,0
W3,5729,unseen,0
W3,5730,unseen,0
W3,5731,unseen,0
W3,5732,unseen,0
W3,5733,unseen,0
W3,5734,unseen,0
W3,5735,unseen,0
W3,5736,unseen,0
W3,5737,unseen,0
W3,5738,unseen,0
W3,5739,unseen,0
W3,5740,unseen,0
W3,5741,unseen,0
W3,5742,unseen,0
W3,5743,unseen,0
W3,5744,unseen,0
W3,5745,unseen,0
W3,5746,unseen,0
W3,5747,unseen,0
W3,5748,unseen,0
W3,5749,unseen,0
W3,5750,unseen,0
W3,5751,unseen,0
W3,5752,unseen,0
W3,5753,unseen,0
W3,5754,unseen,0
W3,5755,unseen,0
W3,5756,unseen,0
W3,5757,unseen,0
W3,5758,unseen,0
W3,5759,unseen,0
W3,5760,unseen,0
W3,5761,unseen,0
W3,5762,unseen,0
W3,5763,unseen,0
W3,5764,unseen,0
W3,5765,unseen,0
W3,5766,unseen,0
W3,5767,unseen,0
W3,5768,unseen,0
W3,5769,unseen,0
W3,5770,unseen,0
W3,5771,unseen,0
W3,5772,unseen,0
W3,5773,unseen,0
W3,5774,unseen,0
W3,5775,unseen,0
W3,5776,unseen,0
W3,5777,unseen,0
W3,5778,unseen,0
W3,5779,unseen,0
W3,5780,unseen,0
W3,5781,unseen,0
W3,5782,unseen,0
W3,5783,unseen,0
W3,5784,unseen,0
W3,5785,unseen,0
W3,5786,unseen,0
W3,5787,unseen,0
W3,5788,unseen,0
W3,5789,unseen,0
W3,5790,unseen,0
W3,5791,unseen,0
W3,5792,unseen,0
W3,5793,unseen,0
W3,5794,unseen,0
W3,5795,unseen,0
W3,5796,unseen,0
W3,5797,unseen,0
W3,5798,unseen,0
W3,5799,unseen,0
W3,5800,unseen,0
W3,5801,unseen,0
W3,5802,unseen,0
W3,5803,unseen,0
W3,5804,unseen,0
W3,5805,unseen,0
W3,5806,unseen,0
W3,5807,unseen,0
W3,5808,unseen,0
W3,5809,unseen,0
W3,5810,unseen,0
W3,5811,unseen,0
W3,5812,unseen,0
W3,5813,unseen,0
W3,5814,unseen,0
W3,5815,unseen,0
W3,5816,unseen,0
W3,5817,unseen,0
W3,5818,unseen,0
W3,5819,unseen,0
W3,5820,unseen,0
W3,5821,unseen,0
W3,5822,unseen,0
W3,5823,unseen,0
W3,5824,unseen,0
W3,5825,unseen,0
W3,5826,unseen,0
W3,5827,unseen,0
W3,5828,unseen,0
W3,5829,unseen,0
W3,5830,unseen,0
W3,5831,unseen,0
W3,5832,unseen,0
W3,5833,unseen,0
W3,5834,unseen,0
W3,5835,unseen,0
W3,5836,unseen,0
W3,5837,unseen,0
W3,5838,unseen,0
W3,5839,unseen,0
W3,5840,unseen,0
W3,5841,unseen,0
W3,5842,unseen,0
W3,5843,unseen,0
W3,5844,unseen,0
W3,5845,unseen,0
W3,5846,unseen,0
W3,5847,unseen,0
W3,5848,unseen,0
W3,5849,unseen,0
W3,5850,unseen,0
W3,5851,unseen,0
W3,5852,unseen,0
W3,5853,unseen,0
W3,5854,unseen,0
W3,5855,unseen,0
W3,5856,unseen,0
W3,5857,unseen,0
W3,5858,unseen,0
W3,5859,unseen,0
W3,5860,unseen,0
W3,5861,unseen,0
W3,5862,unseen,0
W3,5863,unseen,0
W3,5864,unseen,0
W3,5865,unseen,0
W3,5866,unseen,0
W3,5867,unseen,0
W3,5868,unseen,0
W3,5869,unseen,0
W3,5870,unseen,0
W3,5871,unseen,0
W3,5872,unseen,0
W3,5873,unseen,0
W3,5874,unseen,0
W3,5875,unseen,0
W3,5876,unseen,0
W3,5877,unseen,0
W3,5878,unseen,0
W3,5879,unseen,0
W3,5880,unseen,0
W3,5881,unseen,0
W3,5882,unseen,0
W3,5883,unseen,0
W3,5884,unseen,0
W3,5885,unseen,0
W3,5886,unseen,0
W3,5887,unseen,0
W3,5888,unseen,0
W3,5889,unseen,0
W3,5890,unseen,0
W3,5891,unseen,0
W3,5892,unseen,0
W3,5893,unseen,0
W3,5894,unseen,0
W3,5895,unseen,0
W3,5896,unseen,0
W3,5897,unseen,0
W3,5898,unseen,0
W3,5899,unseen,0
W3,5900,unseen,0
W3,5901,unseen,0
W3,5902,unseen,0
W3,5903,unseen,0
W3,5904,unseen,0
W3,5905,unseen,0
W3,5906,unseen,0
W3,5907,unseen,0
W3,5908,unseen,0
W3,5909,unseen,0
W3,5910,unseen,0
W3,5911,unseen,0
W3,5912,unseen,0
W3,5913,unseen,0
W3,5914,unseen,0
W3,5915,unseen,0
W3,5916,unseen,0
W3,5917,unseen,0
W3,5918,unseen,0
W3,5919,unseen,0
W3,5920,unseen,0
W3,5921,unseen,0
W3,5922,unseen,0
W3,5923,unseen,0
W3,5924,unseen,0
W3,5925,unseen,0
W3,5926,unseen,0
W3,5927,unseen,0
W3,5928,unseen,0
W3,5929,unseen,0
W3,5930,unseen,0
W3,5931,unseen,0
W3,5932,unseen,0
W3,5933,unseen,0
W3,5934,unseen,0
W3,5935,unseen,0
W3,5936,unseen,0
W3,5937,unseen,0
W3,5938,unseen,0
W3,5939,unseen,0
W3,5940,unseen,0
W3,5941,unseen,0
W3,5942,unseen,0
W3,5943,unseen,0
W3,5944,unseen,0
W3,5945,unseen,0
W3,5946,unseen,0
W3,5947,unseen,0
W3,5948,unseen,0
W3,5949,unseen,0
W3,5950,unseen,0
W3,5951,unseen,0
W3,5952,unseen,0
W3,5953,unseen,0
W3,5954,unseen,0
W3,5955,unseen,0
W3,5956,unseen,0
W3,5957,unseen,0
W3,5958,unseen,0
W3,5959,unseen,0
W3,5960,unseen,0
W3,5961,unseen,0
W3,5962,unseen,0
W3,5963,unseen,0
W3,5964,unseen,0
W3,5965,unseen,0
W3,5966,unseen,0
W3,5967,unseen,0
W3,5968,unseen,0
W3,5969,unseen,0
W3,5970,unseen,0
W3,5971,unseen,0
W3,5972,unseen,0
W3,5973,unseen,0
W3,5974,unseen,0
W3,5975,unseen,0
W3,5976,unseen,0
W3,5977,unseen,0
W3,5978,unseen,0
W3,5979,unseen,0
W3,5980,unseen,0
W3,5981,unseen,0
W3,5982,unseen,0
W3,5983,unseen,0
W3,5984,unseen,0
W3,5985,unseen,0
W3,5986,unseen,0
W3,5987,unseen,0
W3,5988,unseen,0
W3,5989,unseen,0
W3,5990,unseen,0
W3,5991,unseen,0
W3,5992,unseen,0
W3,5993,unseen,0
W3,5994,unseen,0
W3,5995,unseen,0
W3,5996,unseen,0
W3,5997,unseen,0
W3,5998,unseen,0
W3,5999,unseen,0
W3,6000,unseen,0
W3,6001,unseen,0
W3,6002,unseen,0
W3,6003,unseen,0
W3,6004,unseen,0
W3,6005,unseen,0
W3,6006,unseen,0
W3,6007,unseen,0
W3,6008,unseen,0
W3,6009,unseen,0
W3,6010,unseen,0
W3,6011,unseen,0
W3,6012,unseen,0
W3,6013,unseen,0
W3,6014,unseen,0
W3,6015,unseen,0
W3,6016,unseen,0
W3,6017,unseen,0
W3,6018,unseen,0
W3,6019,unseen,0
W3,6020,unseen,0
W3,6021,unseen,0
W3,6022,unseen,0
W3,6023,unseen,0
W3,6024,unseen,0
W3,6025,unseen,0
W3,6026,unseen,0
W3,6027,unseen,0
W3,6028,unseen,0
W3,6029,unseen,0
W3,6030,unseen,0
W3,6031,unseen,0
W3,6032,unseen,0
W3,6033,unseen,0
W3,6034,unseen,0
W3,6035,unseen,0
W3,6036,unseen,0
W3,6037,unseen,0
W3,6038,unseen,0
W3,6039,unseen,0
W3,6040,unseen,0
W3,6041,unseen,0
W3,6042,unseen,0
W3,6043,unseen,0
W3,6044,unseen,0
W3,6045,unseen,0
W3,6046,unseen,0
W3,6047,unseen,0
W3,6048,unseen,0
W3,6049,unseen,0
W3,6050,unseen,0
W3,6051,unseen,0
W3,6052,unseen,0
W3,6053,unseen,0
W3,6054,unseen,0
W3,6055,unseen,0
W3,6056,unseen,0
W3,6057,unseen,0
W3,6058,unseen,0
W3,6059,unseen,0
W3,6060,unseen,0
W3,6061,unseen,0
W3,6062,unseen,0
W3,6063,unseen,0
W3,6064,unseen,0
W3,6065,unseen,0
W3,6066,unseen,0
W3,6067,unseen,0
W3,6068,unseen,0
W3,6069,unseen,0
W3,6070,unseen,0
W3,6071,unseen,0
W3,6072,unseen,0
W3,6073,unseen,0
W3,6074,unseen,0
W3,6075,unseen,0
W3,6076,unseen,0
W3,6077,unseen,0
W3,6078,unseen,0
W3,6079,unseen,0
W3,6080,unseen,0
W3,6081,unseen,0
W3,6082,unseen,0
W3,6083,unseen,0
W3,6084,unseen,0
W3,6085,unseen,0
W3,6086,unseen,0
W3,6087,unseen,0
W3,6088,unseen,0
W3,6089,unseen,0
W3,6090,unseen,0
W3,6091,unseen,0
W3,6092,unseen,0
W3,6093,unseen,0
W3,6094,unseen,0
W3,6095,unseen,0
W3,6096,unseen,0
W3,6097,unseen,0
W3,6098,unseen,0
W3,6099,unseen,0
W3,6100,unseen,0
W3,6101,unseen,0
W3,6102,unseen,0
W3,6103,unseen,0
W3,6104,unseen,0
W3,6105,unseen,0
W3,6106,unseen,0
W3,6107,unseen,0
W3,6108,unseen,0
W3,6109,unseen,0
W3,6110,unseen,0
W3,6111,unseen,0
W3,6112,unseen,0
W3,6113,unseen,0
W3,6114,unseen,0
W3,6115,unseen,0
W3,6116,unseen,0
W3,6117,unseen,0
W3,6118,unseen,0
W3,6119,unseen,0
W3,6120,unseen,0
W3,6121,unseen,0
W3,6122,unseen,0
W3,6123,unseen,0
W3,6124,unseen,0
W3,6125,unseen,0
W3,6126,unseen,0
W3,6127,unseen,0
W3,6128,unseen,0
W3,6129,unseen,0
W3,6130,unseen,0
W3,6131,unseen,0
W3,6132,unseen,0
W3,6133,unseen,0
W3,6134,unseen,0
W3,6135,unseen,0
W3,6136,unseen,0
W3,6137,unseen,0
W3,6138,unseen,0
W3,6139,unseen,0
W3,6140,unseen,0
W3,6141,unseen,0
W3,6142,unseen,0
W3,6143,unseen,0
W3,6144,unseen,0
W3,6145,unseen,0
W3,6146,unseen,0
W3,6147,unseen,0
W3,6148,unseen,0
W3,6149,unseen,0
W3,6150,unseen,0
W3,6151,unseen,0
W3,6152,unseen,0
W3,6153,unseen,0
W3,6154,unseen,0
W3,6155,unseen,0
W3,6156,unseen,0
W3,6157,unseen,0
W3,6158,unseen,0
W3,6159,unseen,0
W3,6160,unseen,0
W3,6161,unseen,0
W3,6162,unseen,0
W3,6163,unseen,0
W3,6164,unseen,0
W3,6165,unseen,0
W3,6166,unseen,0
W3,6167,unseen,0
W3,6168,unseen,0
W3,6169,unseen,0
W3,6170,unseen,0
W3,6171,unseen,0
W3,6172,unseen,0
W3,6173,unseen,0
W3,6174,unseen,0
W3,6175,unseen,0
W3,6176,unseen,0
W3,6177,unseen,0
W3,6178,unseen,0
W3,6179,unseen,0
W3,6180,unseen,0
W3,6181,unseen,0
W3,6182,unseen,0
W3,6183,unseen,0
W3,6184,unseen,0
W3,6185,unseen,0
W3,6186,unseen,0
W3,6187,unseen,0
W3,6188,unseen,0
W3,6189,unseen,0
W3,6190,unseen,0
W3,6191,unseen,0
W3,6192,unseen,0
W3,6193,unseen,0
W3,6194,unseen,0
W3,6195,unseen,0
W3,6196,unseen,0
W3,6197,unseen,0
W3,6198,unseen,0
W3,6199,unseen,0
W3,6200,unseen,0
W3,6201,unseen,0
W3,6202,unseen,0
W3,6203,unseen,0
W3,6204,unseen,0
W3,6205,unseen,0
W3,6206,unseen,0
W3,6207,unseen,0
W3,6208,unseen,0
W3,6209,unseen,0
W3,6210,unseen,0
W3,6211,unseen,0
W3,6212,unseen,0
W3,6213,unseen,0
W3,6214,unseen,0
W3,6215,unseen,0
W3,6216,unseen,0
W3,6217,unseen,0
W3,6218,unseen,0
W3,6219,unseen,0
W3,6220,unseen,0
W3,6221,unseen,0
W3,6222,unseen,0
W3,6223,unseen,0
W3,6224,unseen,0
W3,6225,unseen,0
W3,6226,unseen,0
W3,6227,unseen,0
W3,6228,unseen,0
W3,6229,unseen,0
W3,6230,unseen,0
W3,6231,unseen,0
W3,6232,unseen,0
W3,6233,unseen,0
W3,6234,unseen,0
W3,6235,unseen,0
W3,6236,unseen,0
W3,6237,unseen,0
W3,6238,unseen,0
W3,6239,unseen,0
W3,6240,unseen,0
W3,6241,unseen,0
W3,6242,unseen,0
W3,6243,unseen,0
W3,6244,unseen,0
W3,6245,unseen,0
W3,6246,unseen,0
W3,6247,unseen,0
W3,6248,unseen,0
W3,6249,unseen,0
W3,6250,unseen,0
W3,6251,unseen,0
W3,6252,unseen,0
W3,6253,unseen,0
W3,6254,unseen,0
W3,6255,unseen,0
W3,6256,unseen,0
W3,6257,unseen,0
W3,6258,unseen,0
W3,6259,unseen,0
W3,6260,unseen,0
W3,6261,unseen,0
W3,6262,unseen,0
W3,6263,unseen,0
W3,6264,unseen,0
W3,6265,unseen,0
W3,6266,unseen,0
W3,6267,unseen,0
W3,6268,unseen,0
W3,6269,unseen,0
W3,6270,unseen,0
W3,6271,unseen,0
W3,6272,unseen,0
W3,6273,unseen,0
W3,6274,unseen,0
W3,6275,unseen,0
W3,6276,unseen,0
W3,6277,unseen,0
W3,6278,unseen,0
W3,6279,unseen,0
W3,6280,unseen,0
W3,6281,unseen,0
W3,6282,unseen,0
W3,6283,unseen,0
W3,6284,unseen,0
W3,6285,unseen,0
W3,6286,unseen,0
W3,6287,unseen,0
W3,6288,unseen,0
W3,6289,unseen,0
W3,6290,unseen,0
W3,6291,unseen,0
W3,6292,unseen,0
W3,6293,unseen,0
W3,6294,unseen,0
W3,6295,unseen,0
W3,6296,unseen,0
W3,6297,unseen,0
W3,6298,unseen,0
W3,6299,unseen,0
W3,6300,unseen,0
W3,6301,unseen,0
W3,6302,unseen,0
W3,6303,unseen,0
W3,6304,unseen,0
W3,6305,unseen,0
W3,6306,unseen,0
W3,6307,unseen,0
W3,6308,unseen,0
W3,6309,unseen,0
W3,6310,unseen,0
W3,6311,unseen,0
W3,6312,unseen,0
W3,6313,unseen,0
W3,6314,unseen,0
W3,6315,unseen,0
W3,6316,unseen,0
W3,6317,unseen,0
W3,6318,unseen,0
W3,6319,unseen,0
W3,6320,unseen,0
W3,6321,unseen,0
W3,6322,unseen,0
W3,6323,unseen,0
W3,6324,unseen,0
W3,6325,unseen,0
W3,6326,unseen,0
W3,6327,unseen,0
W3,6328,unseen,0
W3,6329,unseen,0
W3,6330,unseen,0
W3,6331,unseen,0
W3,6332,unseen,0
W3,6333,unseen,0
W3,6334,unseen,0
W3,6335,unseen,0
W3,6336,unseen,0
W3,6337,unseen,0
W3,6338,unseen,0
W3,6339,unseen,0
W3,6340,unseen,0
W3,6341,unseen,0
W3,6342,unseen,0
W3,6343,unseen,0
W3,6344,unseen,0
W3,6345,unseen,0
W3,6346,unseen,0
W3,6347,unseen,0
W3,6348,unseen,0
W3,6349,unseen,0
W3,6350,unseen,0
W3,6351,unseen,0
W3,6352,unseen,0
W3,6353,unseen,0
W3,6354,unseen,0
W3,6355,unseen,0
W3,6356,unseen,0
W3,6357,unseen,0
W3,6358,unseen,0
W3,6359,unseen,0
W3,6360,unseen,0
W3,6361,unseen,0
W3,6362,unseen,0
W3,6363,unseen,0
W3,6364,unseen,0
W3,6365,unseen,0
W3,6366,unseen,0
W3,6367,unseen,0
W3,6368,unseen,0
W3,6369,unseen,0
W3,6370,unseen,0
W3,6371,unseen,0
W3,6372,unseen,0
W3,6373,unseen,0
W3,6374,unseen,0
W3,6375,unseen,0
W3,6376,unseen,0
W3,6377,unseen,0
W3,6378,unseen,0
W3,6379,unseen,0
W3,6380,unseen,0
W3,6381,unseen,0
W3,6382,unseen,0
W3,6383,unseen,0
W3,6384,unseen,0
W3,6385,unseen,0
W3,6386,unseen,0
W3,6387,unseen,0
W3,6388,unseen,0
W3,6389,unseen,0
W3,6390,unseen,0
W3,6391,unseen,0
W3,6392,unseen,0
W3,6393,unseen,0
W3,6394,unseen,0
W3,6395,unseen,0
W3,6396,unseen,0
W3,6397,unseen,0
W3,6398,unseen,0
W3,6399,unseen,0
W3,6400,unseen,0
W3,6401,unseen,0
W3,6402,unseen,0
W3,6403,unseen,0
W3,6404,unseen,0
W3,6405,unseen,0
W3,6406,unseen,0
W3,6407,unseen,0
W3,6408,unseen,0
W3,6409,unseen,0
W3,6410,unseen,0
W3,6411,unseen,0
W3,6412,unseen,0
W3,6413,unseen,0
W3,6414,unseen,0
W3,6415,unseen,0
W3,6416,unseen,0
W3,6417,unseen,0
W3,6418,unseen,0
W3,6419,unseen,0
W3,6420,unseen,0
W3,6421,unseen,0
W3,6422,unseen,0
W3,6423,unseen,0
W3,6424,unseen,0
W3,6425,unseen,0
W3,6426,unseen,0
W3,6427,unseen,0
W3,6428,unseen,0
W3,6429,unseen,0
W3,6430,unseen,0
W3,6431,unseen,0
W3,6432,unseen,0
W3,6433,unseen,0
W3,6434,unseen,0
W3,6435,unseen,0
W3,6436,unseen,0
W3,6437,unseen,0
W3,6438,unseen,0
W3,6439,unseen,0
W3,6440,unseen,0
W3,6441,unseen,0
W3,6442,unseen,0
W3,6443,unseen,0
W3,6444,unseen,0
W3,6445,unseen,0
W3,6446,unseen,0
W3,6447,unseen,0
W3,6448,unseen,0
W3,6449,unseen,0
W3,6450,unseen,0
W3,6451,unseen,0
W3,6452,unseen,0
W3,6453,unseen,0
W3,6454,unseen,0
W3,6455,unseen,0
W3,6456,unseen,0
W3,6457,unseen,0
W3,6458,unseen,0
W3,6459,unseen,0
W3,6460,unseen,0
W3,6461,unseen,0
W3,6462,unseen,0
W3,6463,unseen,0
W3,6464,unseen,0
W3,6465,unseen,0
W3,6466,unseen,0
W3,6467,unseen,0
W3,6468,unseen,0
W3,6469,unseen,0
W3,6470,unseen,0
W3,6471,unseen,0
W3,6472,unseen,0
W3,6473,unseen,0
W3,6474,unseen,0
W3,6475,unseen,0
W3,6476,unseen,0
W3,6477,unseen,0
W3,6478,unseen,0
W3,6479,unseen,0
W3,6480,unseen,0
W3,6481,unseen,0
W3,6482,unseen,0
W3,6483,unseen,0
W3,6484,unseen,0
W3,6485,unseen,0
W3,6486,unseen,0
W3,6487,unseen,0
W3,6488,unseen,0
W3,6489,unseen,0
W3,6490,unseen,0
W3,6491,unseen,0
W3,6492,unseen,0
W3,6493,unseen,0
W3,6494,unseen,0
W3,6495,unseen,0
W3,6496,unseen,0
W3,6497,unseen,0
W3,6498,unseen,0
W3,6499,unseen,0
W3,6500,unseen,0
W3,6501,unseen,0
W3,6502,unseen,0
W3,6503,unseen,0
W3,6504,unseen,0
W3,6505,unseen,0
W3,6506,unseen,0
W3,6507,unseen,0
W3,6508,unseen,0
W3,6509,unseen,0
W3,6510,unseen,0
W3,6511,unseen,0
W3,6512,unseen,0
W3,6513,unseen,0
W3,6514,unseen,0
W3,6515,unseen,0
W3,6516,unseen,0
W3,6517,unseen,0
W3,6518,unseen,0
W3,6519,unseen,0
W3,6520,unseen,0
W3,6521,unseen,0
W3,6522,unseen,0
W3,6523,unseen,0
W3,6524,unseen,0
W3,6525,unseen,0
W3,6526,unseen,0
W3,6527,unseen,0
W3,6528,unseen,0
W3,6529,unseen,0
W3,6530,unseen,0
W3,6531,unseen,0
W3,6532,unseen,0
W3,6533,unseen,0
W3,6534,unseen,0
W3,6535,unseen,0
W3,6536,unseen,0
W3,6537,unseen,0
W3,6538,unseen,0
W3,6539,unseen,0
W3,6540,unseen,0
W3,6541,unseen,0
W3,6542,unseen,0
W3,6543,unseen,0
W3,6544,unseen,0
W3,6545,unseen,0
W3,6546,unseen,0
W3,6547,unseen,0
W3,6548,unseen,0
W3,6549,unseen,0
W3,6550,unseen,0
W3,6551,unseen,0
W3,6552,unseen,0
W3,6553,unseen,0
W3,6554,unseen,0
W3,6555,unseen,0
W3,6556,unseen,0
W3,6557,unseen,0
W3,6558,unseen,0
W3,6559,unseen,0
W3,6560,unseen,0
W3,6561,unseen,0
W3,6562,unseen,0
W3,6563,unseen,0
W3,6564,unseen,0
W3,6565,unseen,0
W3,6566,unseen,0
W3,6567,unseen,0
W3,6568,unseen,0
W3,6569,unseen,0
W3,6570,unseen,0
W3,6571,unseen,0
W3,6572,unseen,0
W3,6573,unseen,0
W3,6574,unseen,0
W3,6575,unseen,0
W3,6576,unseen,0
W3,6577,unseen,0
W3,6578,unseen,0
W3,6579,unseen,0
W3,6580,unseen,0
W3,6581,unseen,0
W3,6582,unseen,0
W3,6583,unseen,0
W3,6584,unseen,0
W3,6585,unseen,0
W3,6586,unseen,0
W3,6587,unseen,0
W3,6588,unseen,0
W3,6589,unseen,0
W3,6590,unseen,0
W3,6591,unseen,0
W3,6592,unseen,0
W3,6593,unseen,0
W3,6594,unseen,0
W3,6595,unseen,0
W3,6596,unseen,0
W3,6597,unseen,0
W3,6598,unseen,0
W3,6599,unseen,0
W3,6600,unseen,0
W3,6601,unseen,0
W3,6602,unseen,0
W3,6603,unseen,0
W3,6604,unseen,0
W3,6605,unseen,0
W3,6606,unseen,0
W3,6607,unseen,0
W3,6608,unseen,0
W3,6609,unseen,0
W3,6610,unseen,0
W3,6611,unseen,0
W3,6612,unseen,0
W3,6613,unseen,0
W3,6614,unseen,0
W3,6615,unseen,0
W3,6616,unseen,0
W3,6617,unseen,0
W3,6618,unseen,0
W3,6619,unseen,0
W3,6620,unseen,0
W3,6621,unseen,0
W3,6622,unseen,0
W3,6623,unseen,0
W3,6624,unseen,0
W3,6625,unseen,0
W3,6626,unseen,0
W3,6627,unseen,0
W3,6628,unseen,0
W3,6629,unseen,0
W3,6630,unseen,0
W3,6631,unseen,0
W3,6632,unseen,0
W3,6633,unseen,0
W3,6634,unseen,0
W3,6635,unseen,0
W3,6636,unseen,0
W3,6637,unseen,0
W3,6638,unseen,0
W3,6639,unseen,0
W3,6640,unseen,0
W3,6641,unseen,0
W3,6642,unseen,0
W3,6643,unseen,0
W3,6644,unseen,0
W3,6645,unseen,0
W3,6646,unseen,0
W3,6647,unseen,0
W3,6648,unseen,0
W3,6649,unseen,0
W3,6650,unseen,0
W3,6651,unseen,0
W3,6652,unseen,0
W3,6653,unseen,0
W3,6654,unseen,0
W3,6655,unseen,0
W3,6656,unseen,0
W3,6657,unseen,0
W3,6658,unseen,0
W3,6659,unseen,0
W3,6660,unseen,0
W3,6661,unseen,0
W3,6662,unseen,0
W3,6663,unseen,0
W3,6664,unseen,0
W3,6665,unseen,0
W3,6666,unseen,0
W3,6667,unseen,0
W3,6668,unseen,0
W3,6669,unseen,0
W3,6670,unseen,0
W3,6671,unseen,0
W3,6672,unseen,0
W3,6673,unseen,0
W3,6674,unseen,0
W3,6675,unseen,0
W3,6676,unseen,0
W3,6677,unseen,0
W3,6678,unseen,0
W3,6679,unseen,0
W3,6680,unseen,0
W3,6681,unseen,0
W3,6682,unseen,0
W3,6683,unseen,0
W3,6684,unseen,0
W3,6685,unseen,0
W3,6686,unseen,0
W3,6687,unseen,0
W3,6688,unseen,0
W3,6689,unseen,0
W3,6690,unseen,0
W3,6691,unseen,0
W3,6692,unseen,0
W3,6693,unseen,0
W3,6694,unseen,0
W3,6695,unseen,0
W3,6696,unseen,0
W3,6697,unseen,0
W3,6698,unseen,0
W3,6699,unseen,0
W3,6700,unseen,0
W3,6701,unseen,0
W3,6702,unseen,0
W3,6703,unseen,0
W3,6704,unseen,0
W3,6705,unseen,0
W3,6706,unseen,0
W3,6707,unseen,0
W3,6708,unseen,0
W3,6709,unseen,0
W3,6710,unseen,0
W3,6711,unseen,0
W3,6712,unseen,0
W3,6713,unseen,0
W3,6714,unseen,0
W3,6715,unseen,0
W3,6716,unseen,0
W3,6717,unseen,0
W3,6718,unseen,0
W3,6719,unseen,0
W3,6720,unseen,0
W3,6721,unseen,0
W3,6722,unseen,0
W3,6723,unseen,0
W3,6724,unseen,0
W3,6725,unseen,0
W3,6726,unseen,0
W3,6727,unseen,0
W3,6728,unseen,0
W3,6729,unseen,0
W3,6730,unseen,0
W3,6731,unseen,0
W3,6732,unseen,0
W3,6733,unseen,0
W3,6734,unseen,0
W3,6735,unseen,0
W3,6736,unseen,0
W3,6737,unseen,0
W3,6738,unseen,0
W3,6739,unseen,0
W3,6740,unseen,0
W3,6741,unseen,0
W3,6742,unseen,0
W3,6743,unseen,0
W3,6744,unseen,0
W3,6745,unseen,0
W3,6746,unseen,0
W3,6747,unseen,0
W3,6748,unseen,0
W3,6749,unseen,0
W3,6750,unseen,0
W3,6751,unseen,0
W3,6752,unseen,0
W3,6753,unseen,0
W3,6754,unseen,0
W3,6755,unseen,0
W3,6756,unseen,0
W3,6757,unseen,0
W3,6758,unseen,0
W3,6759,unseen,0
W3,6760,unseen,0
W3,6761,unseen,0
W3,6762,unseen,0
W3,6763,unseen,0
W3,6764,unseen,0
W3,6765,unseen,0
W3,6766,unseen,0
W3,6767,unseen,0
W3,6768,unseen,0
W3,6769,unseen,0
W3,6770,unseen,0
W3,6771,unseen,0
W3,6772,unseen,0
W3,6773,unseen,0
W3,6774,unseen,0
W3,6775,unseen,0
W3,6776,unseen,0
W3,6777,unseen,0
W3,6778,unseen,0
W3,6779,unseen,0
W3,6780,unseen,0
W3,6781,unseen,0
W3,6782,unseen,0
W3,6783,unseen,0
W3,6784,unseen,0
W3,6785,unseen,0
W3,6786,unseen,0
W3,6787,unseen,0
W3,6788,unseen,0
W3,6789,unseen,0
W3,6790,unseen,0
W3,6791,unseen,0
W3,6792,unseen,0
W3,6793,unseen,0
W3,6794,unseen,0
W3,6795,unseen,0
W3,6796,unseen,0
W3,6797,unseen,0
W3,6798,unseen,0
W3,6799,unseen,0
W3,6800,unseen,0
W3,6801,unseen,0
W3,6802,unseen,0
W3,6803,unseen,0
W3,6804,unseen,0
W3,6805,unseen,0
W3,6806,unseen,0
W3,6807,unseen,0
W3,6808,unseen,0
W3,6809,unseen,0
W3,6810,unseen,0
W3,6811,unseen,0
W3,6812,unseen,0
W3,6813,unseen,0
W3,6814,unseen,0
W3,6815,unseen,0
W3,6816,unseen,0
W3,6817,unseen,0
W3,6818,unseen,0
W3,6819,unseen,0
W3,6820,unseen,0
W3,6821,unseen,0
W3,6822,unseen,0
W3,6823,unseen,0
W3,6824,unseen,0
W3,6825,unseen,0
W3,6826,unseen,0
W3,6827,unseen,0
W3,6828,unseen,0
W3,6829,unseen,0
W3,6830,unseen,0
W3,6831,unseen,0
W3,6832,unseen,0
W3,6833,unseen,0
W3,6834,unseen,0
W3,6835,unseen,0
W3,6836,unseen,0
W3,6837,unseen,0
W3,6838,unseen,0
W3,6839,unseen,0
W3,6840,unseen,0
W3,6841,unseen,0
W3,6842,unseen,0
W3,6843,unseen,0
W3,6844,unseen,0
W3,6845,unseen,0
W3,6846,unseen,0
W3,6847,unseen,0
W3,6848,unseen,0
W3,6849,unseen,0
W3,6850,unseen,0
W3,6851,unseen,0
W3,6852,unseen,0
W3,6853,unseen,0
W3,6854,unseen,0
W3,6855,unseen,0
W3,6856,unseen,0
W3,6857,unseen,0
W3,6858,unseen,0
W3,6859,unseen,0
W3,6860,unseen,0
W3,6861,unseen,0
W3,6862,unseen,0
W3,6863,unseen,0
W3,6864,unseen,0
W3,6865,unseen,0
W3,6866,unseen,0
W3,6867,unseen,0
W3,6868,unseen,0
W3,6869,unseen,0
W3,6870,unseen,0
W3,6871,unseen,0
W3,6872,unseen,0
W3,6873,unseen,0
W3,6874,unseen,0
W3,6875,unseen,0
W3,6876,unseen,0
W3,6877,unseen,0
W3,6878,unseen,0
W3,6879,unseen,0
W3,6880,unseen,0
W3,6881,unseen,0
W3,6882,unseen,0
W3,6883,unseen,0
W3,6884,unseen,0
W3,6885,unseen,0
W3,6886,unseen,0
W3,6887,unseen,0
W3,6888,unseen,0
W3,6889,unseen,0
W3,6890,unseen,0
W3,6891,unseen,0
W3,6892,unseen,0
W3,6893,unseen,0
W3,6894,unseen,0
W3,6895,unseen,0
W3,6896,unseen,0
W3,6897,unseen,0
W3,6898,unseen,0
W3,6899,unseen,0
W3,6900,unseen,0
W3,6901,unseen,0
W3,6902,unseen,0
W3,6903,unseen,0
W3,6904,unseen,0
W3,6905,unseen,0
W3,6906,unseen,0
W3,6907,unseen,0
W3,6908,unseen,0
W3,6909,unseen,0
W3,6910,unseen,0
W3,6911,unseen,0
W3,6912,unseen,0
W3,6913,unseen,0
W3,6914,unseen,0
W3,6915,unseen,0
W3,6916,unseen,0
W3,6917,unseen,0
W3,6918,unseen,0
W3,6919,unseen,0
W3,6920,unseen,0
W3,6921,unseen,0
W3,6922,unseen,0
W3,6923,unseen,0
W3,6924,unseen,0
W3,6925,unseen,0
W3,6926,unseen,0
W3,6927,unseen,0
W3,6928,unseen,0
W3,6929,unseen,0
W3,6930,unseen,0
W3,6931,unseen,0
W3,6932,unseen,0
W3,6933,unseen,0
W3,6934,unseen,0
W3,6935,unseen,0
W3,6936,unseen,0
W3,6937,unseen,0
W3,6938,unseen,0
W3,6939,unseen,0
W3,6940,unseen,0
W3,6941,unseen,0
W3,6942,unseen,0
W3,6943,unseen,0
W3,6944,unseen,0
W3,6945,unseen,0
W3,6946,unseen,0
W3,6947,unseen,0
W3,6948,unseen,0
W3,6949,unseen,0
W3,6950,unseen,0
W3,6951,unseen,0
W3,6952,unseen,0
W3,6953,unseen,0
W3,6954,unseen,0
W3,6955,unseen,0
W3,6956,unseen,0
W3,6957,unseen,0
W3,6958,unseen,0
W3,6959,unseen,0
W3,6960,unseen,0
W3,6961,unseen,0
W3,6962,unseen,0
W3,6963,unseen,0
W3,6964,unseen,0
W3,6965,unseen,0
W3,6966,unseen,0
W3,6967,unseen,0
W3,6968,unseen,0
W3,6969,unseen,0
W3,6970,unseen,0
W3,6971,unseen,0
W3,6972,unseen,0
W3,6973,unseen,0
W3,6974,unseen,0
W3,6975,unseen,0
W3,6976,unseen,0
W3,6977,unseen,0
W3,6978,unseen,0
W3,6979,unseen,0
W3,6980,unseen,0
W3,6981,unseen,0
W3,6982,unseen,0
W3,6983,unseen,0
W3,6984,unseen,0
W3,6985,unseen,0
W3,6986,unseen,0
W3,6987,unseen,0
W3,6988,unseen,0
W3,6989,unseen,0
W3,6990,unseen,0
W3,6991,unseen,0
W3,6992,unseen,0
W3,6993,unseen,0
W3,6994,unseen,0
W3,6995,unseen,0
W3,6996,unseen,0
W3,6997,unseen,0
W3,6998,unseen,0
W3,6999,unseen,0
W3,7000,unseen,0
W3,7001,unseen,0
W3,7002,unseen,0
W3,7003,unseen,0
W3,7004,unseen,0
W3,7005,unseen,0
W3,7006,unseen,0
W3,7007,unseen,0
W3,7008,unseen,0
W3,7009,unseen,0
W3,7010,unseen,0
W3,7011,unseen,0
W3,7012,unseen,0
W3,7013,unseen,0
W3,7014,unseen,0
W3,7015,unseen,0
W3,7016,unseen,0
W3,7017,unseen,0
W3,7018,unseen,0
W3,7019,unseen,0
W3,7020,unseen,0
W3,7021,unseen,0
W3,7022,unseen,0
W3,7023,unseen,0
W3,7024,unseen,0
W3,7025,unseen,0
W3,7026,unseen,0
W3,7027,unseen,0
W3,7028,unseen,0
W3,7029,unseen,0
W3,7030,unseen,0
W3,7031,unseen,0
W3,7032,unseen,0
W3,7033,unseen,0
W3,7034,unseen,0
W3,7035,unseen,0
W3,7036,unseen,0
W3,7037,unseen,0
W3,7038,unseen,0
W3,7039,unseen,0
W3,7040,unseen,0
W3,7041,unseen,0
W3,7042,unseen,0
W3,7043,unseen,0
W3,7044,unseen,0
W3,7045,unseen,0
W3,7046,unseen,0
W3,7047,unseen,0
W3,7048,unseen,0
W3,7049,unseen,0
W3,7050,unseen,0
W3,7051,unseen,0
W3,7052,unseen,0
W3,7053,unseen,0
W3,7054,unseen,0
W3,7055,unseen,0
W3,7056,unseen,0
W3,7057,unseen,0
W3,7058,unseen,0
W3,7059,unseen,0
W3,7060,unseen,0
W3,7061,unseen,0
W3,7062,unseen,0
W3,7063,unseen,0
W3,7064,unseen,0
W3,7065,unseen,0
W3,7066,unseen,0
W3,7067,unseen,0
W3,7068,unseen,0
W3,7069,unseen,0
W3,7070,unseen,0
W3,7071,unseen,0
W3,7072,unseen,0
W3,7073,unseen,0
W3,7074,unseen,0
W3,7075,unseen,0
W3,7076,unseen,0
W3,7077,unseen,0
W3,7078,unseen,0
W3,7079,unseen,0
W3,7080,unseen,0
W3,7081,unseen,0
W3,7082,unseen,0
W3,7083,unseen,0
W3,7084,unseen,0
W3,7085,unseen,0
W3,7086,unseen,0
W3,7087,unseen,0
W3,7088,unseen,0
W3,7089,unseen,0
W3,7090,unseen,0
W3,7091,unseen,0
W3,7092,unseen,0
W3,7093,unseen,0
W3,7094,unseen,0
W3,7095,unseen,0
W3,7096,unseen,0
W3,7097,unseen,0
W3,7098,unseen,0
W3,7099,unseen,0
W3,7100,unseen,0
W3,7101,unseen,0
W3,7102,unseen,0
W3,7103,unseen,0
W3,7104,unseen,0
W3,7105,unseen,0
W3,7106,unseen,0
W3,7107,unseen,0
W3,7108,unseen,0
W3,7109,unseen,0
W3,7110,unseen,0
W3,7111,unseen,0
W3,7112,unseen,0
W3,7113,unseen,0
W3,7114,unseen,0
W3,7115,unseen,0
W3,7116,unseen,0
W3,7117,unseen,0
W3,7118,unseen,0
W3,7119,unseen,0
W3,7120,unseen,0
W3,7121,unseen,0
W3,7122,unseen,0
W3,7123,unseen,0
W3,7124,unseen,0
W3,7125,unseen,0
W3,7126,unseen,0
W3,7127,unseen,0
W3,7128,unseen,0
W3,7129,unseen,0
W3,7130,unseen,0
W3,7131,unseen,0
W3,7132,unseen,0
W3,7133,unseen,0
W3,7134,unseen,0
W3,7135,unseen,0
W3,7136,unseen,0
W3,7137,unseen,0
W3,7138,unseen,0
W3,7139,unseen,0
W3,7140,unseen,0
W3,7141,unseen,0
W3,7142,unseen,0
W3,7143,unseen,0
W3,7144,unseen,0
W3,7145,unseen,0
W3,7146,unseen,0
W3,7147,unseen,0
W3,7148,unseen,0
W3,7149,unseen,0
W3,7150,unseen,0
W3,7151,unseen,0
W3,7152,unseen,0
W3,7153,unseen,0
W3,7154,unseen,0
W3,7155,unseen,0
W3,7156,unseen,0
W3,7157,unseen,0
W3,7158,unseen,0
W3,7159,unseen,0
W3,7160,unseen,0
W3,7161,unseen,0
W3,7162,unseen,0
W3,7163,unseen,0
W3,7164,unseen,0
W3,7165,unseen,0
W3,7166,unseen,0
W3,7167,unseen,0
W3,7168,unseen,0
W3,7169,unseen,0
W3,7170,unseen,0
W3,7171,unseen,0
W3,7172,unseen,0
W3,7173,unseen,0
W3,7174,unseen,0
W3,7175,unseen,0
W3,7176,unseen,0
W3,7177,unseen,0
W3,7178,unseen,0
W3,7179,unseen,0
W3,7180,unseen,0
W3,7181,unseen,0
W3,7182,unseen,0
W3,7183,unseen,0
W3,7184,unseen,0
W3,7185,unseen,0
W3,7186,unseen,0
W3,7187,unseen,0
W3,7188,unseen,0
W3,7189,unseen,0
W3,7190,unseen,0
W3,7191,unseen,0
W3,7192,unseen,0
W3,7193,unseen,0
W3,7194,unseen,0
W3,7195,unseen,0
W3,7196,unseen,0
W3,7197,unseen,0
W3,7198,unseen,0
W3,7199,unseen,0
W3,7200,unseen,0
W3,7201,unseen,0
W3,7202,unseen,0
W3,7203,unseen,0
W3,7204,unseen,0
W3,7205,unseen,0
W3,7206,unseen,0
W3,7207,unseen,0
W3,7208,unseen,0
W3,7209,unseen,0
W3,7210,unseen,0
W3,7211,unseen,0
W3,7212,unseen,0
W3,7213,unseen,0
W3,7214,unseen,0
W3,7215,unseen,0
W3,7216,unseen,0
W3,7217,unseen,0
W3,7218,unseen,0
W3,7219,unseen,0
W3,7220,unseen,0
W3,7221,unseen,0
W3,7222,unseen,0
W3,7223,unseen,0
W3,7224,unseen,0
W3,7225,unseen,0
W3,7226,unseen,0
W3,7227,unseen,0
W3,7228,unseen,0
W3,7229,unseen,0
W3,7230,unseen,0
W3,7231,unseen,0
W3,7232,unseen,0
W3,7233,unseen,0
W3,7234,unseen,0
W3,7235,unseen,0
W3,7236,unseen,0
W3,7237,unseen,0
W3,7238,unseen,0
W3,7239,unseen,0
W3,7240,unseen,0
W3,7241,unseen,0
W3,7242,unseen,0
W3,7243,unseen,0
W3,7244,unseen,0
W3,7245,unseen,0
W3,7246,unseen,0
W3,7247,unseen,0
W3,7248,unseen,0
W3,7249,unseen,0
W3,7250,unseen,0
W3,7251,unseen,0
W3,7252,unseen,0
W3,7253,unseen,0
W3,7254,unseen,0
W3,7255,unseen,0
W3,7256,unseen,0
W3,7257,unseen,0
W3,7258,unseen,0
W3,7259,unseen,0
W3,7260,unseen,0
W3,7261,unseen,0
W3,7262,unseen,0
W3,7263,unseen,0
W3,7264,unseen,0
W3,7265,unseen,0
W3,7266,unseen,0
W3,7267,unseen,0
W3,7268,unseen,0
W3,7269,unseen,0
W3,7270,unseen,0
W3,7271,unseen,0
W3,7272,unseen,0
W3,7273,unseen,0
W3,7274,unseen,0
W3,7275,unseen,0
W3,7276,unseen,0
W3,7277,unseen,0
W3,7278,unseen,0
W3,7279,unseen,0
W3,7280,unseen,0
W3,7281,unseen,0
W3,7282,unseen,0
W3,7283,unseen,0
W3,7284,unseen,0
W3,7285,unseen,0
W3,7286,unseen,0
W3,7287,unseen,0
W3,7288,unseen,0
W3,7289,unseen,0
W3,7290,unseen,0
W3,7291,unseen,0
W3,7292,unseen,0
W3,7293,unseen,0
W3,7294,unseen,0
W3,7295,unseen,0
W3,7296,unseen,0
W3,7297,unseen,0
W3,7298,unseen,0
W3,7299,unseen,0
W3,7300,unseen,0
W3,7301,unseen,0
W3,7302,unseen,0
W3,7303,unseen,0
W3,7304,unseen,0
W3,7305,unseen,0
W3,7306,unseen,0
W3,7307,unseen,0
W3,7308,unseen,0
W3,7309,unseen,0
W3,7310,unseen,0
W3,7311,unseen,0
W3,7312,unseen,0
W3,7313,unseen,0
W3,7314,unseen,0
W3,7315,unseen,0
W3,7316,unseen,0
W3,7317,unseen,0
W3,7318,unseen,0
W3,7319,unseen,0
W3,7320,unseen,0
W3,7321,unseen,0
W3,7322,unseen,0
W3,7323,unseen,0
W3,7324,unseen,0
W3,7325,unseen,0
W3,7326,unseen,0
W3,7327,unseen,0
W3,7328,unseen,0
W3,7329,unseen,0
W3,7330,unseen,0
W3,7331,unseen,0
W3,7332,unseen,0
W3,7333,unseen,0
W3,7334,unseen,0
W3,7335,unseen,0
W3,7336,unseen,0
W3,7337,unseen,0
W3,7338,unseen,0
W3,7339,unseen,0
W3,7340,unseen,0
W3,7341,unseen,0
W3,7342,unseen,0
W3,7343,unseen,0
W3,7344,unseen,0
W3,7345,unseen,0
W3,7346,unseen,0
W3,7347,unseen,0
W3,7348,unseen,0
W3,7349,unseen,0
W3,7350,unseen,0
W3,7351,unseen,0
W3,7352,unseen,0
W3,7353,unseen,0
W3,7354,unseen,0
W3,7355,unseen,0
W3,7356,unseen,0
W3,7357,unseen,0
W3,7358,unseen,0
W3,7359,unseen,0
W3,7360,unseen,0
W3,7361,unseen,0
W3,7362,unseen,0
W3,7363,unseen,0
W3,7364,unseen,0
W3,7365,unseen,0
W3,7366,unseen,0
W3,7367,unseen,0
W3,7368,unseen,0
W3,7369,unseen,0
W3,7370,unseen,0
W3,7371,unseen,0
W3,7372,unseen,0
W3,7373,unseen,0
W3,7374,unseen,0
W3,7375,unseen,0
W3,7376,unseen,0
W3,7377,unseen,0
W3,7378,unseen,0
W3,7379,unseen,0
W3,7380,unseen,0
W3,7381,unseen,0
W3,7382,unseen,0
W3,7383,unseen,0
W3,7384,unseen,0
W3,7385,unseen,0
W3,7386,unseen,0
W3,7387,unseen,0
W3,7388,unseen,0
W3,7389,unseen,0
W3,7390,unseen,0
W3,7391,unseen,0
W3,7392,unseen,0
W3,7393,unseen,0
W3,7394,unseen,0
W3,7395,unseen,0
W3,7396,unseen,0
W3,7397,unseen,0
W3,7398,unseen,0
W3,7399,unseen,0
W3,7400,unseen,0
W3,7401,unseen,0
W3,7402,unseen,0
W3,7403,unseen,0
W3,7404,unseen,0
W3,7405,unseen,0
W3,7406,unseen,0
W3,7407,unseen,0
W3,7408,unseen,0
W3,7409,unseen,0
W3,7410,unseen,0
W3,7411,unseen,0
W3,7412,unseen,0
W3,7413,unseen,0
W3,7414,unseen,0
W3,7415,unseen,0
W3,7416,unseen,0
W3,7417,unseen,0
W3,7418,unseen,0
W3,7419,unseen,0
W3,7420,unseen,0
W3,7421,unseen,0
W3,7422,unseen,0
W3,7423,unseen,0
W3,7424,unseen,0
W3,7425,unseen,0
W3,7426,unseen,0
W3,7427,unseen,0
W3,7428,unseen,0
W3,7429,unseen,0
W3,7430,unseen,0
W3,7431,unseen,0
W3,7432,unseen,0
W3,7433,unseen,0
W3,7434,unseen,0
W3,7435,unseen,0
W3,7436,unseen,0
W3,7437,unseen,0
W3,7438,unseen,0
W3,7439,unseen,0
W3,7440,unseen,0
W3,7441,unseen,0
W3,7442,unseen,0
W3,7443,unseen,0
W3,7444,unseen,0
W3,7445,unseen,0
W3,7446,unseen,0
W3,7447,unseen,0
W3,7448,unseen,0
W3,7449,unseen,0
W3,7450,unseen,0
W3,7451,unseen,0
W3,7452,unseen,0
W3,7453,unseen,0
W3,7454,unseen,0
W3,7455,unseen,0
W3,7456,unseen,0
W3,7457,unseen,0
W3,7458,unseen,0
W3,7459,unseen,0
W3,7460,unseen,0
W3,7461,unseen,0
W3,7462,unseen,0
W3,7463,unseen,0
W3,7464,unseen,0
W3,7465,unseen,0
W3,7466,unseen,0
W3,7467,unseen,0
W3,7468,unseen,0
W3,7469,unseen,0
W3,7470,unseen,0
W3,7471,unseen,0
W3,7472,unseen,0
W3,7473,unseen,0
W3,7474,unseen,0
W3,7475,unseen,0
W3,7476,unseen,0
W3,7477,unseen,0
W3,7478,unseen,0
W3,7479,unseen,0
W3,7480,unseen,0
W3,7481,unseen,0
W3,7482,unseen,0
W3,7483,unseen,0
W3,7484,unseen,0
W3,7485,unseen,0
W3,7486,unseen,0
W3,7487,unseen,0
W3,7488,unseen,0
W3,7489,unseen,0
W3,7490,unseen,0
W3,7491,unseen,0
W3,7492,unseen,0
W3,7493,unseen,0
W3,7494,unseen,0
W3,7495,unseen,0
W3,7496,unseen,0
W3,7497,unseen,0
W3,7498,unseen,0
W3,7499,unseen,0
W3,7500,unseen,0
W3,7501,unseen,0
W3,7502,unseen,0
W3,7503,unseen,0
W3,7504,unseen,0
W3,7505,unseen,0
W3,7506,unseen,0
W3,7507,unseen,0
W3,7508,unseen,0
W3,7509,unseen,0
W3,7510,unseen,0
W3,7511,unseen,0
W3,7512,unseen,0
W3,7513,unseen,0
W3,7514,unseen,0
W3,7515,unseen,0
W3,7516,unseen,0
W3,7517,unseen,0
W3,7518,unseen,0
W3,7519,unseen,0
W3,7520,unseen,0
W3,7521,unseen,0
W3,7522,unseen,0
W3,7523,unseen,0
W3,7524,unseen,0
W3,7525,unseen,0
W3,7526,unseen,0
W3,7527,unseen,0
W3,7528,unseen,0
W3,7529,unseen,0
W3,7530,unseen,0
W3,7531,unseen,0
W3,7532,unseen,0
W3,7533,unseen,0
W3,7534,unseen,0
W3,7535,unseen,0
W3,7536,unseen,0
W3,7537,unseen,0
W3,7538,unseen,0
W3,7539,unseen,0
W3,7540,unseen,0
W3,7541,unseen,0
W3,7542,unseen,0
W3,7543,unseen,0
W3,7544,unseen,0
W3,7545,unseen,0
W3,7546,unseen,0
W3,7547,unseen,0
W3,7548,unseen,0
W3,7549,unseen,0
W3,7550,unseen,0
W3,7551,unseen,0
W3,7552,unseen,0
W3,7553,unseen,0
W3,7554,unseen,0
W3,7555,unseen,0
W3,7556,unseen,0
W3,7557,unseen,0
W3,7558,unseen,0
W3,7559,unseen,0
W3,7560,unseen,0
W3,7561,unseen,0
W3,7562,unseen,0
W3,7563,unseen,0
W3,7564,unseen,0
W3,7565,unseen,0
W3,7566,unseen,0
W3,7567,unseen,0
W3,7568,unseen,0
W3,7569,unseen,0
W3,7570,unseen,0
W3,7571,unseen,0
W3,7572,unseen,0
W3,7573,unseen,0
W3,7574,unseen,0
W3,7575,unseen,0
W3,7576,unseen,0
W3,7577,unseen,0
W3,7578,unseen,0
W3,7579,unseen,0
W3,7580,unseen,0
W3,7581,unseen,0
W3,7582,unseen,0
W3,7583,unseen,0
W3,7584,unseen,0
W3,7585,unseen,0
W3,7586,unseen,0
W3,7587,unseen,0
W3,7588,unseen,0
W3,7589,unseen,0
W3,7590,unseen,0
W3,7591,unseen,0
W3,7592,unseen,0
W3,7593,unseen,0
W3,7594,unseen,0
W3,7595,unseen,0
W3,7596,unseen,0
W3,7597,unseen,0
W3,7598,unseen,0
W3,7599,unseen,0
W3,7600,unseen,0
W3,7601,unseen,0
W3,7602,unseen,0
W3,7603,unseen,0
W3,7604,unseen,0
W3,7605,unseen,0
W3,7606,unseen,0
W3,7607,unseen,0
W3,7608,unseen,0
W3,7609,unseen,0
W3,7610,unseen,0
W3,7611,unseen,0
W3,7612,unseen,0
W3,7613,unseen,0
W3,7614,unseen,0
W3,7615,unseen,0
W3,7616,unseen,0
W3,7617,unseen,0
W3,7618,unseen,0
W3,7619,unseen,0
W3,7620,unseen,0
W3,7621,unseen,0
W3,7622,unseen,0
W3,7623,unseen,0
W3,7624,unseen,0
W3,7625,unseen,0
W3,7626,unseen,0
W3,7627,unseen,0
W3,7628,unseen,0
W3,7629,unseen,0
W3,7630,unseen,0
W3,7631,unseen,0
W3,7632,unseen,0
W3,7633,unseen,0
W3,7634,unseen,0
W3,7635,unseen,0
W3,7636,unseen,0
W3,7637,unseen,0
W3,7638,unseen,0
W3,7639,unseen,0
W3,7640,unseen,0
W3,7641,unseen,0
W3,7642,unseen,0
W3,7643,unseen,0
W3,7644,unseen,0
W3,7645,unseen,0
W3,7646,unseen,0
W3,7647,unseen,0
W3,7648,unseen,0
W3,7649,unseen,0
W3,7650,unseen,0
W3,7651,unseen,0
W3,7652,unseen,0
W3,7653,unseen,0
W3,7654,unseen,0
W3,7655,unseen,0
W3,7656,unseen,0
W3,7657,unseen,0
W3,7658,unseen,0
W3,7659,unseen,0
W3,7660,unseen,0
W3,7661,unseen,0
W3,7662,unseen,0
W3,7663,unseen,0
W3,7664,unseen,0
W3,7665,unseen,0
W3,7666,unseen,0
W3,7667,unseen,0
W3,7668,unseen,0
W3,7669,unseen,0
W3,7670,unseen,0
W3,7671,unseen,0
W3,7672,unseen,0
W3,7673,unseen,0
W3,7674,unseen,0
W3,7675,unseen,0
W3,7676,unseen,0
W3,7677,unseen,0
W3,7678,unseen,0
W3,7679,unseen,0
W3,7680,unseen,0
W3,7681,unseen,0
W3,7682,unseen,0
W3,7683,unseen,0
W3,7684,unseen,0
W3,7685,unseen,0
W3,7686,unseen,0
W3,7687,unseen,0
W3,7688,unseen,0
W3,7689,unseen,0
W3,7690,unseen,0
W3,7691,unseen,0
W3,7692,unseen,0
W3,7693,unseen,0
W3,7694,unseen,0
W3,7695,unseen,0
W3,7696,unseen,0
W3,7697,unseen,0
W3,7698,unseen,0
W3,7699,unseen,0
W3,7700,unseen,0
W3,7701,unseen,0
W3,7702,unseen,0
W3,7703,unseen,0
W3,7704,unseen,0
W3,7705,unseen,0
W3,7706,unseen,0
W3,7707,unseen,0
W3,7708,unseen,0
W3,7709,unseen,0
W3,7710,unseen,0
W3,7711,unseen,0
W3,7712,unseen,0
W3,7713,unseen,0
W3,7714,unseen,0
W3,7715,unseen,0
W3,7716,unseen,0
W3,7717,unseen,0
W3,7718,unseen,0
W3,7719,unseen,0
W3,7720,unseen,0
W3,7721,unseen,0
W3,7722,unseen,0
W3,7723,unseen,0
W3,7724,unseen,0
W3,7725,unseen,0
W3,7726,unseen,0
W3,7727,unseen,0
W3,7728,unseen,0
W3,7729,unseen,0
W3,7730,unseen,0
W3,7731,unseen,0
W3,7732,unseen,0
W3,7733,unseen,0
W3,7734,unseen,0
W3,7735,unseen,0
W3,7736,unseen,0
W3,7737,unseen,0
W3,7738,unseen,0
W3,7739,unseen,0
W3,7740,unseen,0
W3,7741,unseen,0
W3,7742,unseen,0
W3,7743,unseen,0
W3,7744,unseen,0
W3,7745,unseen,0
W3,7746,unseen,0
W3,7747,unseen,0
W3,7748,unseen,0
W3,7749,unseen,0
W3,7750,unseen,0
W3,7751,unseen,0
W3,7752,unseen,0
W3,7753,unseen,0
W3,7754,unseen,0
W3,7755,unseen,0
W3,7756,unseen,0
W3,7757,unseen,0
W3,7758,unseen,0
W3,7759,unseen,0
W3,7760,unseen,0
W3,7761,unseen,0
W3,7762,unseen,0
W3,7763,unseen,0
W3,7764,unseen,0
W3,7765,unseen,0
W3,7766,unseen,0
W3,7767,unseen,0
W3,7768,unseen,0
W3,7769,unseen,0
W3,7770,unseen,0
W3,7771,unseen,0
W3,7772,unseen,0
W3,7773,unseen,0
W3,7774,unseen,0
W3,7775,unseen,0
W3,7776,unseen,0
W3,7777,unseen,0
W3,7778,unseen,0
W3,7779,unseen,0
W3,7780,unseen,0
W3,7781,unseen,0
W3,7782,unseen,0
W3,7783,unseen,0
W3,7784,unseen,0
W3,7785,unseen,0
W3,7786,unseen,0
W3,7787,unseen,0
W3,7788,unseen,0
W3,7789,unseen,0
W3,7790,unseen,0
W3,7791,unseen,0
W3,7792,unseen,0
W3,7793,unseen,0
W3,7794,unseen,0
W3,7795,unseen,0
W3,7796,unseen,0
W3,7797,unseen,0
W3,7798,unseen,0
W3,7799,unseen,0
W3,7800,unseen,0
W3,7801,unseen,0
W3,7802,unseen,0
W3,7803,unseen,0
W3,7804,unseen,0
W3,7805,unseen,0
W3,7806,unseen,0
W3,7807,unseen,0
W3,7808,unseen,0
W3,7809,unseen,0
W3,7810,unseen,0
W3,7811,unseen,0
W3,7812,unseen,0
W3,7813,unseen,0
W3,7814,unseen,0
W3,7815,unseen,0
W3,7816,unseen,0
W3,7817,unseen,0
W3,7818,unseen,0
W3,7819,unseen,0
W3,7820,unseen,0
W3,7821,unseen,0
W3,7822,unseen,0
W3,7823,unseen,0
W3,7824,unseen,0
W3,7825,unseen,0
W3,7826,unseen,0
W3,7827,unseen,0
W3,7828,unseen,0
W3,7829,unseen,0
W3,7830,unseen,0
W3,7831,unseen,0
W3,7832,unseen,0
W3,7833,unseen,0
W3,7834,unseen,0
W3,7835,unseen,0
W3,7836,unseen,0
W3,7837,unseen,0
W3,7838,unseen,0
W3,7839,unseen,0
W3,7840,unseen,0
W3,7841,unseen,0
W3,7842,unseen,0
W3,7843,unseen,0
W3,7844,unseen,0
W3,7845,unseen,0
W3,7846,unseen,0
W3,7847,unseen,0
W3,7848,unseen,0
W3,7849,unseen,0
W3,7850,unseen,0
W3,7851,unseen,0
W3,7852,unseen,0
W3,7853,unseen,0
W3,7854,unseen,0
W3,7855,unseen,0
W3,7856,unseen,0
W3,7857,unseen,0
W3,7858,unseen,0
W3,7859,unseen,0
W3,7860,unseen,0
W3,7861,unseen,0
W3,7862,unseen,0
W3,7863,unseen,0
W3,7864,unseen,0
W3,7865,unseen,0
W3,7866,unseen,0
W3,7867,unseen,0
W3,7868,unseen,0
W3,7869,unseen,0
W3,7870,unseen,0
W3,7871,unseen,0
W3,7872,unseen,0
W3,7873,unseen,0
W3,7874,unseen,0
W3,7875,unseen,0
W3,7876,unseen,0
W3,7877,unseen,0
W3,7878,unseen,0
W3,7879,unseen,0
W3,7880,unseen,0
W3,7881,unseen,0
W3,7882,unseen,0
W3,7883,unseen,0
W3,7884,unseen,0
W3,7885,unseen,0
W3,7886,unseen,0
W3,7887,unseen,0
W3,7888,unseen,0
W3,7889,unseen,0
W3,7890,unseen,0
W3,7891,unseen,0
W3,7892,unseen,0
W3,7893,unseen,0
W3,7894,unseen,0
W3,7895,unseen,0
W3,7896,unseen,0
W3,7897,unseen,0
W3,7898,unseen,0
W3,7899,unseen,0
W3,7900,unseen,0
W3,7901,unseen,0
W3,7902,unseen,0
W3,7903,unseen,0
W3,7904,unseen,0
W3,7905,unseen,0
W3,7906,unseen,0
W3,7907,unseen,0
W3,7908,unseen,0
W3,7909,unseen,0
W3,7910,unseen,0
W3,7911,unseen,0
W3,7912,unseen,0
W3,7913,unseen,0
W3,7914,unseen,0
W3,7915,unseen,0
W3,7916,unseen,0
W3,7917,unseen,0
W3,7918,unseen,0
W3,7919,unseen,0
W3,7920,unseen,0
W3,7921,unseen,0
W3,7922,unseen,0
W3,7923,unseen,0
W3,7924,unseen,0
W3,7925,unseen,0
W3,7926,unseen,0
W3,7927,unseen,0
W3,7928,unseen,0
W3,7929,unseen,0
W3,7930,unseen,0
W3,7931,unseen,0
W3,7932,unseen,0
W3,7933,unseen,0
W3,7934,unseen,0
W3,7935,unseen,0
W3,7936,unseen,0
W3,7937,unseen,0
W3,7938,unseen,0
W3,7939,unseen,0
W3,7940,unseen,0
W3,7941,unseen,0
W3,7942,unseen,0
W3,7943,unseen,0
W3,7944,unseen,0
W3,7945,unseen,0
W3,7946,unseen,0
W3,7947,unseen,0
W3,7948,unseen,0
W3,7949,unseen,0
W3,7950,unseen,0
W3,7951,unseen,0
W3,7952,unseen,0
W3,7953,unseen,0
W3,7954,unseen,0
W3,7955,unseen,0
W3,7956,unseen,0
W3,7957,unseen,0
W3,7958,unseen,0
W3,7959,unseen,0
W3,7960,unseen,0
W3,7961,unseen,0
W3,7962,unseen,0
W3,7963,unseen,0
W3,7964,unseen,0
W3,7965,unseen,0
W3,7966,unseen,0
W3,7967,unseen,0
W3,7968,unseen,0
W3,7969,unseen,0
W3,7970,unseen,0
W3,7971,unseen,0
W3,7972,unseen,0
W3,7973,unseen,0
W3,7974,unseen,0
W3,7975,unseen,0
W3,7976,unseen,0
W3,7977,unseen,0
W3,7978,unseen,0
W3,7979,unseen,0
W3,7980,unseen,0
W3,7981,unseen,0
W3,7982,unseen,0
W3,7983,unseen,0
W3,7984,unseen,0
W3,7985,unseen,0
W3,7986,unseen,0
W3,7987,unseen,0
W3,7988,unseen,0
W3,7989,unseen,0
W3,7990,unseen,0
W3,7991,unseen,0
W3,7992,unseen,0
W3,7993,unseen,0
W3,7994,unseen,0
W3,7995,unseen,0
W3,7996,unseen,0
W3,7997,unseen,0
W3,7998,unseen,0
W3,7999,unseen,0
W3,8000,unseen,0
W3,8001,unseen,0
W3,8002,unseen,0
W3,8003,unseen,0
W3,8004,unseen,0
W3,8005,unseen,0
W3,8006,unseen,0
W3,8007,unseen,0
W3,8008,unseen,0
W3,8009,unseen,0
W3,8010,unseen,0
W3,8011,unseen,0
W3,8012,unseen,0
W3,8013,unseen,0
W3,8014,unseen,0
W3,8015,unseen,0
W3,8016,unseen,0
W3,8017,unseen,0
W3,8018,unseen,0
W3,8019,unseen,0
W3,8020,unseen,0
W3,8021,unseen,0
W3,8022,unseen,0
W3,8023,unseen,0
W3,8024,unseen,0
W3,8025,unseen,0
W3,8026,unseen,0
W3,8027,unseen,0
W3,8028,unseen,0
W3,8029,unseen,0
W3,8030,unseen,0
W3,8031,unseen,0
W3,8032,unseen,0
W3,8033,unseen,0
W3,8034,unseen,0
W3,8035,unseen,0
W3,8036,unseen,0
W3,8037,unseen,0
W3,8038,unseen,0
W3,8039,unseen,0
W3,8040,unseen,0
W3,8041,unseen,0
W3,8042,unseen,0
W3,8043,unseen,0
W3,8044,unseen,0
W3,8045,unseen,0
W3,8046,unseen,0
W3,8047,unseen,0
W3,8048,unseen,0
W3,8049,unseen,0
W3,8050,unseen,0
W3,8051,unseen,0
W3,8052,unseen,0
W3,8053,unseen,0
W3,8054,unseen,0
W3,8055,unseen,0
W3,8056,unseen,0
W3,8057,unseen,0
W3,8058,unseen,0
W3,8059,unseen,0
W3,8060,unseen,0
W3,8061,unseen,0
W3,8062,unseen,0
W3,8063,unseen,0
W3,8064,unseen,0
W3,8065,unseen,0
W3,8066,unseen,0
W3,8067,unseen,0
W3,8068,unseen,0
W3,8069,unseen,0
W3,8070,unseen,0
W3,8071,unseen,0
W3,8072,unseen,0
W3,8073,unseen,0
W3,8074,unseen,0
W3,8075,unseen,0
W3,8076,unseen,0
W3,8077,unseen,0
W3,8078,unseen,0
W3,8079,unseen,0
W3,8080,unseen,0
W3,8081,unseen,0
W3,8082,unseen,0
W3,8083,unseen,0
W3,8084,unseen,0
W3,8085,unseen,0
W3,8086,unseen,0
W3,8087,unseen,0
W3,8088,unseen,0
W3,8089,unseen,0
W3,8090,unseen,0
W3,8091,unseen,0
W3,8092,unseen,0
W3,8093,unseen,0
W3,8094,unseen,0
W3,8095,unseen,0
W3,8096,unseen,0
W3,8097,unseen,0
W3,8098,unseen,0
W3,8099,unseen,0
W3,8100,unseen,0
W3,8101,unseen,0
W3,8102,unseen,0
W3,8103,unseen,0
W3,8104,unseen,0
W3,8105,unseen,0
W3,8106,unseen,0
W3,8107,unseen,0
W3,8108,unseen,0
W3,8109,unseen,0
W3,8110,unseen,0
W3,8111,unseen,0
W3,8112,unseen,0
W3,8113,unseen,0
W3,8114,unseen,0
W3,8115,unseen,0
W3,8116,unseen,0
W3,8117,unseen,0
W3,8118,unseen,0
W3,8119,unseen,0
W3,8120,unseen,0
W3,8121,unseen,0
W3,8122,unseen,0
W3,8123,unseen,0
W3,8124,unseen,0
W3,8125,unseen,0
W3,8126,unseen,0
W3,8127,unseen,0
W3,8128,unseen,0
W3,8129,unseen,0
W3,8130,unseen,0
W3,8131,unseen,0
W3,8132,unseen,0
W3,8133,unseen,0
W3,8134,unseen,0
W3,8135,unseen,0
W3,8136,unseen,0
W3,8137,unseen,0
W3,8138,unseen,0
W3,8139,unseen,0
W3,8140,unseen,0
W3,8141,unseen,0
W3,8142,unseen,0
W3,8143,unseen,0
W3,8144,unseen,0
W3,8145,unseen,0
W3,8146,unseen,0
W3,8147,unseen,0
W3,8148,unseen,0
W3,8149,unseen,0
W3,8150,unseen,0
W3,8151,unseen,0
W3,8152,unseen,0
W3,8153,unseen,0
W3,8154,unseen,0
W3,8155,unseen,0
W3,8156,unseen,0
W3,8157,unseen,0
W3,8158,unseen,0
W3,8159,unseen,0
W3,8160,unseen,0
W3,8161,unseen,0
W3,8162,unseen,0
W3,8163,unseen,0
W3,8164,unseen,0
W3,8165,unseen,0
W3,8166,unseen,0
W3,8167,unseen,0
W3,8168,unseen,0
W3,8169,unseen,0
W3,8170,unseen,0
W3,8171,unseen,0
W3,8172,unseen,0
W3,8173,unseen,0
W3,8174,unseen,0
W3,8175,unseen,0
W3,8176,unseen,0
W3,8177,unseen,0
W3,8178,unseen,0
W3,8179,unseen,0
W3,8180,unseen,0
W3,8181,unseen,0
W3,8182,unseen,0
W3,8183,unseen,0
W3,8184,unseen,0
W3,8185,unseen,0
W3,8186,unseen,0
W3,8187,unseen,0
W3,8188,unseen,0
W3,8189,unseen,0
W3,8190,unseen,0
W3,8191,unseen,0
W3,8192,unseen,0
W3,8193,unseen,0
W3,8194,unseen,0
W3,8195,unseen,0
W3,8196,unseen,0
W3,8197,unseen,0
W3,8198,unseen,0
W3,8199,unseen,0
W3,8200,unseen,0
W3,8201,unseen,0
W3,8202,unseen,0
W3,8203,unseen,0
W3,8204,unseen,0
W3,8205,unseen,0
W3,8206,unseen,0
W3,8207,unseen,0
W3,8208,unseen,0
W3,8209,unseen,0
W3,8210,unseen,0
W3,8211,unseen,0
W3,8212,unseen,0
W3,8213,unseen,0
W3,8214,unseen,0
W3,8215,unseen,0
W3,8216,unseen,0
W3,8217,unseen,0
W3,8218,unseen,0
W3,8219,unseen,0
W3,8220,unseen,0
W3,8221,unseen,0
W3,8222,unseen,0
W3,8223,unseen,0
W3,8224,unseen,0
W3,8225,unseen,0
W3,8226,unseen,0
W3,8227,unseen,0
W3,8228,unseen,0
W3,8229,unseen,0
W3,8230,unseen,0
W3,8231,unseen,0
W3,8232,unseen,0
W3,8233,unseen,0
W3,8234,unseen,0
W3,8235,unseen,0
W3,8236,unseen,0
W3,8237,unseen,0
W3,8238,unseen,0
W3,8239,unseen,0
W3,8240,unseen,0
W3,8241,unseen,0
W3,8242,unseen,0
W3,8243,unseen,0
W3,8244,unseen,0
W3,8245,unseen,0
W3,8246,unseen,0
W3,8247,unseen,0
W3,8248,unseen,0
W3,8249,unseen,0
W3,8250,unseen,0
W3,8251,unseen,0
W3,8252,unseen,0
W3,8253,unseen,0
W3,8254,unseen,0
W3,8255,unseen,0
W3,8256,unseen,0
W3,8257,unseen,0
W3,8258,unseen,0
W3,8259,unseen,0
W3,8260,unseen,0
W3,8261,unseen,0
W3,8262,unseen,0
W3,8263,unseen,0
W3,8264,unseen,0
W3,8265,unseen,0
W3,8266,unseen,0
W3,8267,unseen,0
W3,8268,unseen,0
W3,8269,unseen,0
W3,8270,unseen,0
W3,8271,unseen,0
W3,8272,unseen,0
W3,8273,unseen,0
W3,8274,unseen,0
W3,8275,unseen,0
W3,8276,unseen,0
W3,8277,unseen,0
W3,8278,unseen,0
W3,8279,unseen,0
W3,8280,unseen,0
W3,8281,unseen,0
W3,8282,unseen,0
W3,8283,unseen,0
W3,8284,unseen,0
W3,8285,unseen,0
W3,8286,unseen,0
W3,8287,unseen,0
W3,8288,unseen,0
W3,8289,unseen,0
W3,8290,unseen,0
W3,8291,unseen,0
W3,8292,unseen,0
W3,8293,unseen,0
W3,8294,unseen,0
W3,8295,unseen,0
W3,8296,unseen,0
W3,8297,unseen,0
W3,8298,unseen,0
W3,8299,unseen,0
W3,8300,unseen,0
W3,8301,unseen,0
W3,8302,unseen,0
W3,8303,unseen,0
W3,8304,unseen,0
W3,8305,unseen,0
W3,8306,unseen,0
W3,8307,unseen,0
W3,8308,unseen,0
W3,8309,unseen,0
W3,8310,unseen,0
W3,8311,unseen,0
W3,8312,unseen,0
W3,8313,unseen,0
W3,8314,unseen,0
W3,8315,unseen,0
W3,8316,unseen,0
W3,8317,unseen,0
W3,8318,unseen,0
W3,8319,unseen,0
W3,8320,unseen,0
W3,8321,unseen,0
W3,8322,unseen,0
W3,8323,unseen,0
W3,8324,unseen,0
W3,8325,unseen,0
W3,8326,unseen,0
W3,8327,unseen,0
W3,8328,unseen,0
W3,8329,unseen,0
W3,8330,unseen,0
W3,8331,unseen,0
W3,8332,unseen,0
W3,8333,unseen,0
W3,8334,unseen,0
W3,8335,unseen,0
W3,8336,unseen,0
W3,8337,unseen,0
W3,8338,unseen,0
W3,8339,unseen,0
W3,8340,unseen,0
W3,8341,unseen,0
W3,8342,unseen,0
W3,8343,unseen,0
W3,8344,unseen,0
W3,8345,unseen,0
W3,8346,unseen,0
W3,8347,unseen,0
W3,8348,unseen,0
W3,8349,unseen,0
W3,8350,unseen,0
W3,8351,unseen,0
W3,8352,unseen,0
W3,8353,unseen,0
W3,8354,unseen,0
W3,8355,unseen,0
W3,8356,unseen,0
W3,8357,unseen,0
W3,8358,unseen,0
W3,8359,unseen,0
W3,8360,unseen,0
W3,8361,unseen,0
W3,8362,unseen,0
W3,8363,unseen,0
W3,8364,unseen,0
W3,8365,unseen,0
W3,8366,unseen,0
W3,8367,unseen,0
W3,8368,unseen,0
W3,8369,unseen,0
W3,8370,unseen,0
W3,8371,unseen,0
W3,8372,unseen,0
W3,8373,unseen,0
W3,8374,unseen,0
W3,8375,unseen,0
W3,8376,unseen,0
W3,8377,unseen,0
W3,8378,unseen,0
W3,8379,unseen,0
W3,8380,unseen,0
W3,8381,unseen,0
W3,8382,unseen,0
W3,8383,unseen,0
W3,8384,unseen,0
W3,8385,unseen,0
W3,8386,unseen,0
W3,8387,unseen,0
W3,8388,unseen,0
W3,8389,unseen,0
W3,8390,unseen,0
W3,8391,unseen,0
W3,8392,unseen,0
W3,8393,unseen,0
W3,8394,unseen,0
W3,8395,unseen,0
W3,8396,unseen,0
W3,8397,unseen,0
W3,8398,unseen,0
W3,8399,unseen,0
W3,8400,unseen,0
W3,8401,unseen,0
W3,8402,unseen,0
W3,8403,unseen,0
W3,8404,unseen,0
W3,8405,unseen,0
W3,8406,unseen,0
W3,8407,unseen,0
W3,8408,unseen,0
W3,8409,unseen,0
W3,8410,unseen,0
W3,8411,unseen,0
W3,8412,unseen,0
W3,8413,unseen,0
W3,8414,unseen,0
W3,8415,unseen,0
W3,8416,unseen,0
W3,8417,unseen,0
W3,8418,unseen,0
W3,8419,unseen,0
W3,8420,unseen,0
W3,8421,unseen,0
W3,8422,unseen,0
W3,8423,unseen,0
W3,8424,unseen,0
W3,8425,unseen,0
W3,8426,unseen,0
W3,8427,unseen,0
W3,8428,unseen,0
W3,8429,unseen,0
W3,8430,unseen,0
W3,8431,unseen,0
W3,8432,unseen,0
W3,8433,unseen,0
W3,8434,unseen,0
W3,8435,unseen,0
W3,8436,unseen,0
W3,8437,unseen,0
W3,8438,unseen,0
W3,8439,unseen,0
W3,8440,unseen,0
W3,8441,unseen,0
W3,8442,unseen,0
W3,8443,unseen,0
W3,8444,unseen,0
W3,8445,unseen,0
W3,8446,unseen,0
W3,8447,unseen,0
W3,8448,unseen,0
W3,8449,unseen,0
W3,8450,unseen,0
W3,8451,unseen,0
W3,8452,unseen,0
W3,8453,unseen,0
W3,8454,unseen,0
W3,8455,unseen,0
W3,8456,unseen,0
W3,8457,unseen,0
W3,8458,unseen,0
W3,8459,unseen,0
W3,8460,unseen,0
W3,8461,unseen,0
W3,8462,unseen,0
W3,8463,unseen,0
W3,8464,unseen,0
W3,8465,unseen,0
W3,8466,unseen,0
W3,8467,unseen,0
W3,8468,unseen,0
W3,8469,unseen,0
W3,8470,unseen,0
W3,8471,unseen,0
W3,8472,unseen,0
W3,8473,unseen,0
W3,8474,unseen,0
W3,8475,unseen,0
W3,8476,unseen,0
W3,8477,unseen,0
W3,8478,unseen,0
W3,8479,unseen,0
W3,8480,unseen,0
W3,8481,unseen,0
W3,8482,unseen,0
W3,8483,unseen,0
W3,8484,unseen,0
W3,8485,unseen,0
W3,8486,unseen,0
W3,8487,unseen,0
W3,8488,unseen,0
W3,8489,unseen,0
W3,8490,unseen,0
W3,8491,unseen,0
W3,8492,unseen,0
W3,8493,unseen,0
W3,8494,unseen,0
W3,8495,unseen,0
W3,8496,unseen,0
W3,8497,unseen,0
W3,8498,unseen,0
W3,8499,unseen,0
W3,8500,unseen,0
W3,8501,unseen,0
W3,8502,unseen,0
W3,8503,unseen,0
W3,8504,unseen,0
W3,8505,unseen,0
W3,8506,unseen,0
W3,8507,unseen,0
W3,8508,unseen,0
W3,8509,unseen,0
W3,8510,unseen,0
W3,8511,unseen,0
W3,8512,unseen,0
W3,8513,unseen,0
W3,8514,unseen,0
W3,8515,unseen,0
W3,8516,unseen,0
W3,8517,unseen,0
W3,8518,unseen,0
W3,8519,unseen,0
W3,8520,unseen,0
W3,8521,unseen,0
W3,8522,unseen,0
W3,8523,unseen,0
W3,8524,unseen,0
W3,8525,unseen,0
W3,8526,unseen,0
W3,8527,unseen,0
W3,8528,unseen,0
W3,8529,unseen,0
W3,8530,unseen,0
W3,8531,unseen,0
W3,8532,unseen,0
W3,8533,unseen,0
W3,8534,unseen,0
W3,8535,unseen,0
W3,8536,unseen,0
W3,8537,unseen,0
W3,8538,unseen,0
W3,8539,unseen,0
W3,8540,unseen,0
W3,8541,unseen,0
W3,8542,unseen,0
W3,8543,unseen,0
W3,8544,unseen,0
W3,8545,unseen,0
W3,8546,unseen,0
W3,8547,unseen,0
W3,8548,unseen,0
W3,8549,unseen,0
W3,8550,unseen,0
W3,8551,unseen,0
W3,8552,unseen,0
W3,8553,unseen,0
W3,8554,unseen,0
W3,8555,unseen,0
W3,8556,unseen,0
W3,8557,unseen,0
W3,8558,unseen,0
W3,8559,unseen,0
W3,8560,unseen,0
W3,8561,unseen,0
W3,8562,unseen,0
W3,8563,unseen,0
W3,8564,unseen,0
W3,8565,unseen,0
W3,8566,unseen,0
W3,8567,unseen,0
W3,8568,unseen,0
W3,8569,unseen,0
W3,8570,unseen,0
W3,8571,unseen,0
W3,8572,unseen,0
W3,8573,unseen,0
W3,8574,unseen,0
W3,8575,unseen,0
W3,8576,unseen,0
W3,8577,unseen,0
W3,8578,unseen,0
W3,8579,unseen,0
W3,8580,unseen,0
W3,8581,unseen,0
W3,8582,unseen,0
W3,8583,unseen,0
W3,8584,unseen,0
W3,8585,unseen,0
W3,8586,unseen,0
W3,8587,unseen,0
W3,8588,unseen,0
W3,8589,unseen,0
W3,8590,unseen,0
W3,8591,unseen,0
W3,8592,unseen,0
W3,8593,unseen,0
W3,8594,unseen,0
W3,8595,unseen,0
W3,8596,unseen,0
W3,8597,unseen,0
W3,8598,unseen,0
W3,8599,unseen,0
W3,8600,unseen,0
W3,8601,unseen,0
W3,8602,unseen,0
W3,8603,unseen,0
W3,8604,unseen,0
W3,8605,unseen,0
W3,8606,unseen,0
W3,8607,unseen,0
W3,8608,unseen,0
W3,8609,unseen,0
W3,8610,unseen,0
W3,8611,unseen,0
W3,8612,unseen,0
W3,8613,unseen,0
W3,8614,unseen,0
W3,8615,unseen,0
W3,8616,unseen,0
W3,8617,unseen,0
W3,8618,unseen,0
W3,8619,unseen,0
W3,8620,unseen,0
W3,8621,unseen,0
W3,8622,unseen,0
W3,8623,unseen,0
W3,8624,unseen,0
W3,8625,unseen,0
W3,8626,unseen,0
W3,8627,unseen,0
W3,8628,unseen,0
W3,8629,unseen,0
W3,8630,unseen,0
W3,8631,unseen,0
W3,8632,unseen,0
W3,8633,unseen,0
W3,8634,unseen,0
W3,8635,unseen,0
W3,8636,unseen,0
W3,8637,unseen,0
W3,8638,unseen,0
W3,8639,unseen,0
W3,8640,unseen,0
W3,8641,unseen,0
W3,8642,unseen,0
W3,8643,unseen,0
W3,8644,unseen,0
W3,8645,unseen,0
W3,8646,unseen,0
W3,8647,unseen,0
W3,8648,unseen,0
W3,8649,unseen,0
W3,8650,unseen,0
W3,8651,unseen,0
W3,8652,unseen,0
W3,8653,unseen,0
W3,8654,unseen,0
W3,8655,unseen,0
W3,8656,unseen,0
W3,8657,unseen,0
W3,8658,unseen,0
W3,8659,unseen,0
W3,8660,unseen,0
W3,8661,unseen,0
W3,8662,unseen,0
W3,8663,unseen,0
W3,8664,unseen,0
W3,8665,unseen,0
W3,8666,unseen,0
W3,8667,unseen,0
W3,8668,unseen,0
W3,8669,unseen,0
W3,8670,unseen,0
W3,8671,unseen,0
W3,8672,unseen,0
W3,8673,unseen,0
W3,8674,unseen,0
W3,8675,unseen,0
W3,8676,unseen,0
W3,8677,unseen,0
W3,8678,unseen,0
W3,8679,unseen,0
W3,8680,unseen,0
W3,8681,unseen,0
W3,8682,unseen,0
W3,8683,unseen,0
W3,8684,unseen,0
W3,8685,unseen,0
W3,8686,unseen,0
W3,8687,unseen,0
W3,8688,unseen,0
W3,8689,unseen,0
W3,8690,unseen,0
W3,8691,unseen,0
W3,8692,unseen,0
W3,8693,unseen,0
W3,8694,unseen,0
W3,8695,unseen,0
W3,8696,unseen,0
W3,8697,unseen,0
W3,8698,unseen,0
W3,8699,unseen,0
W3,8700,unseen,0
W3,8701,unseen,0
W3,8702,unseen,0
W3,8703,unseen,0
W3,8704,unseen,0
W3,8705,unseen,0
W3,8706,unseen,0
W3,8707,unseen,0
W3,8708,unseen,0
W3,8709,unseen,0
W3,8710,unseen,0
W3,8711,unseen,0
W3,8712,unseen,0
W3,8713,unseen,0
W3,8714,unseen,0
W3,8715,unseen,0
W3,8716,unseen,0
W3,8717,unseen,0
W3,8718,unseen,0
W3,8719,unseen,0
W3,8720,unseen,0
W3,8721,unseen,0
W3,8722,unseen,0
W3,8723,unseen,0
W3,8724,unseen,0
W3,8725,unseen,0
W3,8726,unseen,0
W3,8727,unseen,0
W3,8728,unseen,0
W3,8729,unseen,0
W3,8730,unseen,0
W3,8731,unseen,0
W3,8732,unseen,0
W3,8733,unseen,0
W3,8734,unseen,0
W3,8735,unseen,0
W3,8736,unseen,0
W3,8737,unseen,0
W3,8738,unseen,0
W3,8739,unseen,0
W3,8740,unseen,0
W3,8741,unseen,0
W3,8742,unseen,0
W3,8743,unseen,0
W3,8744,unseen,0
W3,8745,unseen,0
W3,8746,unseen,0
W3,8747,unseen,0
W3,8748,unseen,0
W3,8749,unseen,0
W3,8750,unseen,0
W3,8751,unseen,0
W3,8752,unseen,0
W3,8753,unseen,0
W3,8754,unseen,0
W3,8755,unseen,0
W3,8756,unseen,0
W3,8757,unseen,0
W3,8758,unseen,0
W3,8759,unseen,0
W3,8760,unseen,0
W3,8761,unseen,0
W3,8762,unseen,0
W3,8763,unseen,0
W3,8764,unseen,0
W3,8765,unseen,0
W3,8766,unseen,0
W3,8767,unseen,0
W3,8768,unseen,0
W3,8769,unseen,0
W3,8770,unseen,0
W3,8771,unseen,0
W3,8772,unseen,0
W3,8773,unseen,0
W3,8774,unseen,0
W3,8775,unseen,0
W3,8776,unseen,0
W3,8777,unseen,0
W3,8778,unseen,0
W3,8779,unseen,0
W3,8780,unseen,0
W3,8781,unseen,0
W3,8782,unseen,0
W3,8783,unseen,0
W3,8784,unseen,0
W3,8785,unseen,0
W3,8786,unseen,0
W3,8787,unseen,0
W3,8788,unseen,0
W3,8789,unseen,0
W3,8790,unseen,0
W3,8791,unseen,0
W3,8792,unseen,0
W3,8793,unseen,0
W3,8794,unseen,0
W3,8795,unseen,0
W3,8796,unseen,0
W3,8797,unseen,0
W3,8798,unseen,0
W3,8799,unseen,0
W3,8800,unseen,0
W3,8801,unseen,0
W3,8802,unseen,0
W3,8803,unseen,0
W3,8804,unseen,0
W3,8805,unseen,0
W3,8806,unseen,0
W3,8807,unseen,0
W3,8808,unseen,0
W3,8809,unseen,0
W3,8810,unseen,0
W3,8811,unseen,0
W3,8812,unseen,0
W3,8813,unseen,0
W3,8814,unseen,0
W3,8815,unseen,0
W3,8816,unseen,0
W3,8817,unseen,0
W3,8818,unseen,0
W3,8819,unseen,0
W3,8820,unseen,0
W3,8821,unseen,0
W3,8822,unseen,0
W3,8823,unseen,0
W3,8824,unseen,0
W3,8825,unseen,0
W3,8826,unseen,0
W3,8827,unseen,0
W3,8828,unseen,0
W3,8829,unseen,0
W3,8830,unseen,0
W3,8831,unseen,0
W3,8832,unseen,0
W3,8833,unseen,0
W3,8834,unseen,0
W3,8835,unseen,0
W3,8836,unseen,0
W3,8837,unseen,0
W3,8838,unseen,0
W3,8839,unseen,0
W3,8840,unseen,0
W3,8841,unseen,0
W3,8842,unseen,0
W3,8843,unseen,0
W3,8844,unseen,0
W3,8845,unseen,0
W3,8846,unseen,0
W3,8847,unseen,0
W3,8848,unseen,0
W3,8849,unseen,0
W3,8850,unseen,0
W3,8851,unseen,0
W3,8852,unseen,0
W3,8853,unseen,0
W3,8854,unseen,0
W3,8855,unseen,0
W3,8856,unseen,0
W3,8857,unseen,0
W3,8858,unseen,0
W3,8859,unseen,0
W3,8860,unseen,0
W3,8861,unseen,0
W3,8862,unseen,0
W3,8863,unseen,0
W3,8864,unseen,0
W3,8865,unseen,0
W3,8866,unseen,0
W3,8867,unseen,0
W3,8868,unseen,0
W3,8869,unseen,0
W3,8870,unseen,0
W3,8871,unseen,0
W3,8872,unseen,0
W3,8873,unseen,0
W3,8874,unseen,0
W3,8875,unseen,0
W3,8876,unseen,0
W3,8877,unseen,0
W3,8878,unseen,0
W3,8879,unseen,0
W3,8880,unseen,0
W3,8881,unseen,0
W3,8882,unseen,0
W3,8883,unseen,0
W3,8884,unseen,0
W3,8885,unseen,0
W3,8886,unseen,0
W3,8887,unseen,0
W3,8888,unseen,0
W3,8889,unseen,0
W3,8890,unseen,0
W3,8891,unseen,0
W3,8892,unseen,0
W3,8893,unseen,0
W3,8894,unseen,0
W3,8895,unseen,0
W3,8896,unseen,0
W3,8897,unseen,0
W3,8898,unseen,0
W3,8899,unseen,0
W3,8900,unseen,0
W3,8901,unseen,0
W3,8902,unseen,0
W3,8903,unseen,0
W3,8904,unseen,0
W3,8905,unseen,0
W3,8906,unseen,0
W3,8907,unseen,0
W3,8908,unseen,0
W3,8909,unseen,0
W3,8910,unseen,0
W3,8911,unseen,0
W3,8912,unseen,0
W3,8913,unseen,0
W3,8914,unseen,0
W3,8915,unseen,0
W3,8916,unseen,0
W3,8917,unseen,0
W3,8918,unseen,0
W3,8919,unseen,0
W3,8920,unseen,0
W3,8921,unseen,0
W3,8922,unseen,0
W3,8923,unseen,0
W3,8924,unseen,0
W3,8925,unseen,0
W3,8926,unseen,0
W3,8927,unseen,0
W3,8928,unseen,0
W3,8929,unseen,0
W3,8930,unseen,0
W3,8931,unseen,0
W3,8932,unseen,0
W3,8933,unseen,0
W3,8934,unseen,0
W3,8935,unseen,0
W3,8936,unseen,0
W3,8937,unseen,0
W3,8938,unseen,0
W3,8939,unseen,0
W3,8940,unseen,0
W3,8941,unseen,0
W3,8942,unseen,0
W3,8943,unseen,0
W3,8944,unseen,0
W3,8945,unseen,0
W3,8946,unseen,0
W3,8947,unseen,0
W3,8948,unseen,0
W3,8949,unseen,0
W3,8950,unseen,0
W3,8951,unseen,0
W3,8952,unseen,0
W3,8953,unseen,0
W3,8954,unseen,0
W3,8955,unseen,0
W3,8956,unseen,0
W3,8957,unseen,0
W3,8958,unseen,0
W3,8959,unseen,0
W3,8960,unseen,0
W3,8961,unseen,0
W3,8962,unseen,0
W3,8963,unseen,0
W3,8964,unseen,0
W3,8965,unseen,0
W3,8966,unseen,0
W3,8967,unseen,0
W3,8968,unseen,0
W3,8969,unseen,0
W3,8970,unseen,0
W3,8971,unseen,0
W3,8972,unseen,0
W3,8973,unseen,0
W3,8974,unseen,0
W3,8975,unseen,0
W3,8976,unseen,0
W3,8977,unseen,0
W3,8978,unseen,0
W3,8979,unseen,0
W3,8980,unseen,0
W3,8981,unseen,0
W3,8982,unseen,0
W3,8983,unseen,0
W3,8984,unseen,0
W3,8985,unseen,0
W3,8986,unseen,0
W3,8987,unseen,0
W3,8988,unseen,0
W3,8989,unseen,0
W3,8990,unseen,0
W3,8991,unseen,0
W3,8992,unseen,0
W3,8993,unseen,0
W3,8994,unseen,0
W3,8995,unseen,0
W3,8996,unseen,0
W3,8997,unseen,0
W3,8998,unseen,0
W3,8999,unseen,0
W3,9000,unseen,0
W3,9001,unseen,0
W3,9002,unseen,0
W3,9003,unseen,0
W3,9004,unseen,0
W3,9005,unseen,0
W3,9006,unseen,0
W3,9007,unseen,0
W3,9008,unseen,0
W3,9009,unseen,0
W3,9010,unseen,0
W3,9011,unseen,0
W3,9012,unseen,0
W3,9013,unseen,0
W3,9014,unseen,0
W3,9015,unseen,0
W3,9016,unseen,0
W3,9017,unseen,0
W3,9018,unseen,0
W3,9019,unseen,0
W3,9020,unseen,0
W3,9021,unseen,0
W3,9022,unseen,0
W3,9023,unseen,0
W3,9024,unseen,0
W3,9025,unseen,0
W3,9026,unseen,0
W3,9027,unseen,0
W3,9028,unseen,0
W3,9029,unseen,0
W3,9030,unseen,0
W3,9031,unseen,0
W3,9032,unseen,0
W3,9033,unseen,0
W3,9034,unseen,0
W3,9035,unseen,0
W3,9036,unseen,0
W3,9037,unseen,0
W3,9038,unseen,0
W3,9039,unseen,0
W3,9040,unseen,0
W3,9041,unseen,0
W3,9042,unseen,0
W3,9043,unseen,0
W3,9044,unseen,0
W3,9045,unseen,0
W3,9046,unseen,0
W3,9047,unseen,0
W3,9048,unseen,0
W3,9049,unseen,0
W3,9050,unseen,0
W3,9051,unseen,0
W3,9052,unseen,0
W3,9053,unseen,0
W3,9054,unseen,0
W3,9055,unseen,0
W3,9056,unseen,0
W3,9057,unseen,0
W3,9058,unseen,0
W3,9059,unseen,0
W3,9060,unseen,0
W3,9061,unseen,0
W3,9062,unseen,0
W3,9063,unseen,0
W3,9064,unseen,0
W3,9065,unseen,0
W3,9066,unseen,0
W3,9067,unseen,0
W3,9068,unseen,0
W3,9069,unseen,0
W3,9070,unseen,0
W3,9071,unseen,0
W3,9072,unseen,0
W3,9073,unseen,0
W3,9074,unseen,0
W3,9075,unseen,0
W3,9076,unseen,0
W3,9077,unseen,0
W3,9078,unseen,0
W3,9079,unseen,0
W3,9080,unseen,0
W3,9081,unseen,0
W3,9082,unseen,0
W3,9083,unseen,0
W3,9084,unseen,0
W3,9085,unseen,0
W3,9086,unseen,0
W3,9087,unseen,0
W3,9088,unseen,0
W3,9089,unseen,0
W3,9090,unseen,0
W3,9091,unseen,0
W3,9092,unseen,0
W3,9093,unseen,0
W3,9094,unseen,0
W3,9095,unseen,0
W3,9096,unseen,0
W3,9097,unseen,0
W3,9098,unseen,0
W3,9099,unseen,0
W3,9100,unseen,0
W3,9101,unseen,0
W3,9102,unseen,0
W3,9103,unseen,0
W3,9104,unseen,0
W3,9105,unseen,0
W3,9106,unseen,0
W3,9107,unseen,0
W3,9108,unseen,0
W3,9109,unseen,0
W3,9110,unseen,0
W3,9111,unseen,0
W3,9112,unseen,0
W3,9113,unseen,0
W3,9114,unseen,0
W3,9115,unseen,0
W3,9116,unseen,0
W3,9117,unseen,0
W3,9118,unseen,0
W3,9119,unseen,0
W3,9120,unseen,0
W3,9121,unseen,0
W3,9122,unseen,0
W3,9123,unseen,0
W3,9124,unseen,0
W3,9125,unseen,0
W3,9126,unseen,0
W3,9127,unseen,0
W3,9128,unseen,0
W3,9129,unseen,0
W3,9130,unseen,0
W3,9131,unseen,0
W3,9132,unseen,0
W3,9133,unseen,0
W3,9134,unseen,0
W3,9135,unseen,0
W3,9136,unseen,0
W3,9137,unseen,0
W3,9138,unseen,0
W3,9139,unseen,0
W3,9140,unseen,0
W3,9141,unseen,0
W3,9142,unseen,0
W3,9143,unseen,0
W3,9144,unseen,0
W3,9145,unseen,0
W3,9146,unseen,0
W3,9147,unseen,0
W3,9148,unseen,0
W3,9149,unseen,0
W3,9150,unseen,0
W3,9151,unseen,0
W3,9152,unseen,0
W3,9153,unseen,0
W3,9154,unseen,0
W3,9155,unseen,0
W3,9156,unseen,0
W3,9157,unseen,0
W3,9158,unseen,0
W3,9159,unseen,0
W3,9160,unseen,0
W3,9161,unseen,0
W3,9162,unseen,0
W3,9163,unseen,0
W3,9164,unseen,0
W3,9165,unseen,0
W3,9166,unseen,0
W3,9167,unseen,0
W3,9168,unseen,0
W3,9169,unseen,0
W3,9170,unseen,0
W3,9171,unseen,0
W3,9172,unseen,0
W3,9173,unseen,0
W3,9174,unseen,0
W3,9175,unseen,0
W3,9176,unseen,0
W3,9177,unseen,0
W3,9178,unseen,0
W3,9179,unseen,0
W3,9180,unseen,0
W3,9181,unseen,0
W3,9182,unseen,0
W3,9183,unseen,0
W3,9184,unseen,0
W3,9185,unseen,0
W3,9186,unseen,0
W3,9187,unseen,0
W3,9188,unseen,0
W3,9189,unseen,0
W3,9190,unseen,0
W3,9191,unseen,0
W3,9192,unseen,0
W3,9193,unseen,0
W3,9194,unseen,0
W3,9195,unseen,0
W3,9196,unseen,0
W3,9197,unseen,0
W3,9198,unseen,0
W3,9199,unseen,0
W3,9200,unseen,0
W3,9201,unseen,0
W3,9202,unseen,0
W3,9203,unseen,0
W3,9204,unseen,0
W3,9205,unseen,0
W3,9206,unseen,0
W3,9207,unseen,0
W3,9208,unseen,0
W3,9209,unseen,0
W3,9210,unseen,0
W3,9211,unseen,0
W3,9212,unseen,0
W3,9213,unseen,0
W3,9214,unseen,0
W3,9215,unseen,0
W3,9216,unseen,0
W3,9217,unseen,0
W3,9218,unseen,0
W3,9219,unseen,0
W3,9220,unseen,0
W3,9221,unseen,0
W3,9222,unseen,0
W3,9223,unseen,0
W3,9224,unseen,0
W3,9225,unseen,0
W3,9226,unseen,0
W3,9227,unseen,0
W3,9228,unseen,0
W3,9229,unseen,0
W3,9230,unseen,0
W3,9231,unseen,0
W3,9232,unseen,0
W3,9233,unseen,0
W3,9234,unseen,0
W3,9235,unseen,0
W3,9236,unseen,0
W3,9237,unseen,0
W3,9238,unseen,0
W3,9239,unseen,0
W3,9240,unseen,0
W3,9241,unseen,0
W3,9242,unseen,0
W3,9243,unseen,0
W3,9244,unseen,0
W3,9245,unseen,0
W3,9246,unseen,0
W3,9247,unseen,0
W3,9248,unseen,0
W3,9249,unseen,0
W3,9250,unseen,0
W3,9251,unseen,0
W3,9252,unseen,0
W3,9253,unseen,0
W3,9254,unseen,0
W3,9255,unseen,0
W3,9256,unseen,0
W3,9257,unseen,0
W3,9258,unseen,0
W3,9259,unseen,0
W3,9260,unseen,0
W3,9261,unseen,0
W3,9262,unseen,0
W3,9263,unseen,0
W3,9264,unseen,0
W3,9265,unseen,0
W3,9266,unseen,0
W3,9267,unseen,0
W3,9268,unseen,0
W3,9269,unseen,0
W3,9270,unseen,0
W3,9271,unseen,0
W3,9272,unseen,0
W3,9273,unseen,0
W3,9274,unseen,0
W3,9275,unseen,0
W3,9276,unseen,0
W3,9277,unseen,0
W3,9278,unseen,0
W3,9279,unseen,0
W3,9280,unseen,0
W3,9281,unseen,0
W3,9282,unseen,0
W3,9283,unseen,0
W3,9284,unseen,0
W3,9285,unseen,0
W3,9286,unseen,0
W3,9287,unseen,0
W3,9288,unseen,0
W3,9289,unseen,0
W3,9290,unseen,0
W3,9291,unseen,0
W3,9292,unseen,0
W3,9293,unseen,0
W3,9294,unseen,0
W3,9295,unseen,0
W3,9296,unseen,0
W3,9297,unseen,0
W3,9298,unseen,0
W3,9299,unseen,0
W3,9300,unseen,0
W3,9301,unseen,0
W3,9302,unseen,0
W3,9303,unseen,0
W3,9304,unseen,0
W3,9305,unseen,0
W3,9306,unseen,0
W3,9307,unseen,0
W3,9308,unseen,0
W3,9309,unseen,0
W3,9310,unseen,0
W3,9311,unseen,0
W3,9312,unseen,0
W3,9313,unseen,0
W3,9314,unseen,0
W3,9315,unseen,0
W3,9316,unseen,0
W3,9317,unseen,0
W3,9318,unseen,0
W3,9319,unseen,0
W3,9320,unseen,0
W3,9321,unseen,0
W3,9322,unseen,0
W3,9323,unseen,0
W3,9324,unseen,0
W3,9325,unseen,0
W3,9326,unseen,0
W3,9327,unseen,0
W3,9328,unseen,0
W3,9329,unseen,0
W3,9330,unseen,0
W3,9331,unseen,0
W3,9332,unseen,0
W3,9333,unseen,0
W3,9334,unseen,0
W3,9335,unseen,0
W3,9336,unseen,0
W3,9337,unseen,0
W3,9338,unseen,0
W3,9339,unseen,0
W3,9340,unseen,0
W3,9341,unseen,0
W3,9342,unseen,0
W3,9343,unseen,0
W3,9344,unseen,0
W3,9345,unseen,0
W3,9346,unseen,0
W3,9347,unseen,0
W3,9348,unseen,0
W3,9349,unseen,0
W3,9350,unseen,0
W3,9351,unseen,0
W3,9352,unseen,0
W3,9353,unseen,0
W3,9354,unseen,0
W3,9355,unseen,0
W3,9356,unseen,0
W3,9357,unseen,0
W3,9358,unseen,0
W3,9359,unseen,0
W3,9360,unseen,0
W3,9361,unseen,0
W3,9362,unseen,0
W3,9363,unseen,0
W3,9364,unseen,0
W3,9365,unseen,0
W3,9366,unseen,0
W3,9367,unseen,0
W3,9368,unseen,0
W3,9369,unseen,0
W3,9370,unseen,0
W3,9371,unseen,0
W3,9372,unseen,0
W3,9373,unseen,0
W3,9374,unseen,0
W3,9375,unseen,0
W3,9376,unseen,0
W3,9377,unseen,0
W3,9378,unseen,0
W3,9379,unseen,0
W3,9380,unseen,0
W3,9381,unseen,0
W3,9382,unseen,0
W3,9383,unseen,0
W3,9384,unseen,0
W3,9385,unseen,0
W3,9386,unseen,0
W3,9387,unseen,0
W3,9388,unseen,0
W3,9389,unseen,0
W3,9390,unseen,0
W3,9391,unseen,0
W3,9392,unseen,0
W3,9393,unseen,0
W3,9394,unseen,0
W3,9395,unseen,0
W3,9396,unseen,0
W3,9397,unseen,0
W3,9398,unseen,0
W3,9399,unseen,0
W3,9400,unseen,0
W3,9401,unseen,0
W3,9402,unseen,0
W3,9403,unseen,0
W3,9404,unseen,0
W3,9405,unseen,0
W3,9406,unseen,0
W3,9407,unseen,0
W3,9408,unseen,0
W3,9409,unseen,0
W3,9410,unseen,0
W3,9411,unseen,0
W3,9412,unseen,0
W3,9413,unseen,0
W3,9414,unseen,0
W3,9415,unseen,0
W3,9416,unseen,0
W3,9417,unseen,0
W3,9418,unseen,0
W3,9419,unseen,0
W3,9420,unseen,0
W3,9421,unseen,0
W3,9422,unseen,0
W3,9423,unseen,0
W3,9424,unseen,0
W3,9425,unseen,0
W3,9426,unseen,0
W3,9427,unseen,0
W3,9428,unseen,0
W3,9429,unseen,0
W3,9430,unseen,0
W3,9431,unseen,0
W3,9432,unseen,0
W3,9433,unseen,0
W3,9434,unseen,0
W3,9435,unseen,0
W3,9436,unseen,0
W3,9437,unseen,0
W3,9438,unseen,0
W3,9439,unseen,0
W3,9440,unseen,0
W3,9441,unseen,0
W3,9442,unseen,0
W3,9443,unseen,0
W3,9444,unseen,0
W3,9445,unseen,0
W3,9446,unseen,0
W3,9447,unseen,0
W3,9448,unseen,0
W3,9449,unseen,0
W3,9450,unseen,0
W3,9451,unseen,0
W3,9452,unseen,0
W3,9453,unseen,0
W3,9454,unseen,0
W3,9455,unseen,0
W3,9456,unseen,0
W3,9457,unseen,0
W3,9458,unseen,0
W3,9459,unseen,0
W3,9460,unseen,0
W3,9461,unseen,0
W3,9462,unseen,0
W3,9463,unseen,0
W3,9464,unseen,0
W3,9465,unseen,0
W3,9466,unseen,0
W3,9467,unseen,0
W3,9468,unseen,0
W3,9469,unseen,0
W3,9470,unseen,0
W3,9471,unseen,0
W3,9472,unseen,0
W3,9473,unseen,0
W3,9474,unseen,0
W3,9475,unseen,0
W3,9476,unseen,0
W3,9477,unseen,0
W3,9478,unseen,0
W3,9479,unseen,0
W3,9480,unseen,0
W3,9481,unseen,0
W3,9482,unseen,0
W3,9483,unseen,0
W3,9484,unseen,0
W3,9485,unseen,0
W3,9486,unseen,0
W3,9487,unseen,0
W3,9488,unseen,0
W3,9489,unseen,0
W3,9490,unseen,0
W3,9491,unseen,0
W3,9492,unseen,0
W3,9493,unseen,0
W3,9494,unseen,0
W3,9495,unseen,0
W3,9496,unseen,0
W3,9497,unseen,0
W3,9498,unseen,0
W3,9499,unseen,0
W3,9500,unseen,0
W3,9501,unseen,0
W3,9502,unseen,0
W3,9503,unseen,0
W3,9504,unseen,0
W3,9505,unseen,0
W3,9506,unseen,0
W3,9507,unseen,0
W3,9508,unseen,0
W3,9509,unseen,0
W3,9510,unseen,0
W3,9511,unseen,0
W3,9512,unseen,0
W3,9513,unseen,0
W3,9514,unseen,0
W3,9515,unseen,0
W3,9516,unseen,0
W3,9517,unseen,0
W3,9518,unseen,0
W3,9519,unseen,0
W3,9520,unseen,0
W3,9521,unseen,0
W3,9522,unseen,0
W3,9523,unseen,0
W3,9524,unseen,0
W3,9525,unseen,0
W3,9526,unseen,0
W3,9527,unseen,0
W3,9528,unseen,0
W3,9529,unseen,0
W3,9530,unseen,0
W3,9531,unseen,0
W3,9532,unseen,0
W3,9533,unseen,0
W3,9534,unseen,0
W3,9535,unseen,0
W3,9536,unseen,0
W3,9537,unseen,0
W3,9538,unseen,0
W3,9539,unseen,0
W3,9540,unseen,0
W3,9541,unseen,0
W3,9542,unseen,0
W3,9543,unseen,0
W3,9544,unseen,0
W3,9545,unseen,0
W3,9546,unseen,0
W3,9547,unseen,0
W3,9548,unseen,0
W3,9549,unseen,0
W3,9550,unseen,0
W3,9551,unseen,0
W3,9552,unseen,0
W3,9553,unseen,0
W3,9554,unseen,0
W3,9555,unseen,0
W3,9556,unseen,0
W3,9557,unseen,0
W3,9558,unseen,0
W3,9559,unseen,0
W3,9560,unseen,0
W3,9561,unseen,0
W3,9562,unseen,0
W3,9563,unseen,0
W3,9564,unseen,0
W3,9565,unseen,0
W3,9566,unseen,0
W3,9567,unseen,0
W3,9568,unseen,0
W3,9569,unseen,0
W3,9570,unseen,0
W3,9571,unseen,0
W3,9572,unseen,0
W3,9573,unseen,0
W3,9574,unseen,0
W3,9575,unseen,0
W3,9576,unseen,0
W3,9577,unseen,0
W3,9578,unseen,0
W3,9579,unseen,0
W3,9580,unseen,0
W3,9581,unseen,0
W3,9582,unseen,0
W3,9583,unseen,0
W3,9584,unseen,0
W3,9585,unseen,0
W3,9586,unseen,0
W3,9587,unseen,0
W3,9588,unseen,0
W3,9589,unseen,0
W3,9590,unseen,0
W3,9591,unseen,0
W3,9592,unseen,0
W3,9593,unseen,0
W3,9594,unseen,0
W3,9595,unseen,0
W3,9596,unseen,0
W3,9597,unseen,0
W3,9598,unseen,0
W3,9599,unseen,0
W3,9600,unseen,0
W3,9601,unseen,0
W3,9602,unseen,0
W3,9603,unseen,0
W3,9604,unseen,0
W3,9605,unseen,0
W3,9606,unseen,0
W3,9607,unseen,0
W3,9608,unseen,0
W3,9609,unseen,0
W3,9610,unseen,0
W3,9611,unseen,0
W3,9612,unseen,0
W3,9613,unseen,0
W3,9614,unseen,0
W3,9615,unseen,0
W3,9616,unseen,0
W3,9617,unseen,0
W3,9618,unseen,0
W3,9619,unseen,0
W3,9620,unseen,0
W3,9621,unseen,0
W3,9622,unseen,0
W3,9623,unseen,0
W3,9624,unseen,0
W3,9625,unseen,0
W3,9626,unseen,0
W3,9627,unseen,0
W3,9628,unseen,0
W3,9629,unseen,0
W3,9630,unseen,0
W3,9631,unseen,0
W3,9632,unseen,0
W3,9633,unseen,0
W3,9634,unseen,0
W3,9635,unseen,0
W3,9636,unseen,0
W3,9637,unseen,0
W3,9638,unseen,0
W3,9639,unseen,0
W3,9640,unseen,0
W3,9641,unseen,0
W3,9642,unseen,0
W3,9643,unseen,0
W3,9644,unseen,0
W3,9645,unseen,0
W3,9646,unseen,0
W3,9647,unseen,0
W3,9648,unseen,0
W3,9649,unseen,0
W3,9650,unseen,0
W3,9651,unseen,0
W3,9652,unseen,0
W3,9653,unseen,0
W3,9654,unseen,0
W3,9655,unseen,0
W3,9656,unseen,0
W3,9657,unseen,0
W3,9658,unseen,0
W3,9659,unseen,0
W3,9660,unseen,0
W3,9661,unseen,0
W3,9662,unseen,0
W3,9663,unseen,0
W3,9664,unseen,0
W3,9665,unseen,0
W3,9666,unseen,0
W3,9667,unseen,0
W3,9668,unseen,0
W3,9669,unseen,0
W3,9670,unseen,0
W3,9671,unseen,0
W3,9672,unseen,0
W3,9673,unseen,0
W3,9674,unseen,0
W3,9675,unseen,0
W3,9676,unseen,0
W3,9677,unseen,0
W3,9678,unseen,0
W3,9679,unseen,0
W3,9680,unseen,0
W3,9681,unseen,0
W3,9682,unseen,0
W3,9683,unseen,0
W3,9684,unseen,0
W3,9685,unseen,0
W3,9686,unseen,0
W3,9687,unseen,0
W3,9688,unseen,0
W3,9689,unseen,0
W3,9690,unseen,0
W3,9691,unseen,0
W3,9692,unseen,0
W3,9693,unseen,0
W3,9694,unseen,0
W3,9695,unseen,0
W3,9696,unseen,0
W3,9697,unseen,0
W3,9698,unseen,0
W3,9699,unseen,0
W3,9700,unseen,0
W3,9701,unseen,0
W3,9702,unseen,0
W3,9703,unseen,0
W3,9704,unseen,0
W3,9705,unseen,0
W3,9706,unseen,0
W3,9707,unseen,0
W3,9708,unseen,0
W3,9709,unseen,0
W3,9710,unseen,0
W3,9711,unseen,0
W3,9712,unseen,0
W3,9713,unseen,0
W3,9714,unseen,0
W3,9715,unseen,0
W3,9716,unseen,0
W3,9717,unseen,0
W3,9718,unseen,0
W3,9719,unseen,0
W3,9720,unseen,0
W3,9721,unseen,0
W3,9722,unseen,0
W3,9723,unseen,0
W3,9724,unseen,0
W3,9725,unseen,0
W3,9726,unseen,0
W3,9727,unseen,0
W3,9728,unseen,0
W3,9729,unseen,0
W3,9730,unseen,0
W3,9731,unseen,0
W3,9732,unseen,0
W3,9733,unseen,0
W3,9734,unseen,0
W3,9735,unseen,0
W3,9736,unseen,0
W3,9737,unseen,0
W3,9738,unseen,0
W3,9739,unseen,0
W3,9740,unseen,0
W3,9741,unseen,0
W3,9742,unseen,0
W3,9743,unseen,0
W3,9744,unseen,0
W3,9745,unseen,0
W3,9746,unseen,0
W3,9747,unseen,0
W3,9748,unseen,0
W3,9749,unseen,0
W3,9750,unseen,0
W3,9751,unseen,0
W3,9752,unseen,0
W3,9753,unseen,0
W3,9754,unseen,0
W3,9755,unseen,0
W3,9756,unseen,0
W3,9757,unseen,0
W3,9758,unseen,0
W3,9759,unseen,0
W3,9760,unseen,0
W3,9761,unseen,0
W3,9762,unseen,0
W3,9763,unseen,0
W3,9764,unseen,0
W3,9765,unseen,0
W3,9766,unseen,0
W3,9767,unseen,0
W3,9768,unseen,0
W3,9769,unseen,0
W3,9770,unseen,0
W3,9771,unseen,0
W3,9772,unseen,0
W3,9773,unseen,0
W3,9774,unseen,0
W3,9775,unseen,0
W3,9776,unseen,0
W3,9777,unseen,0
W3,9778,unseen,0
W3,9779,unseen,0
W3,9780,unseen,0
W3,9781,unseen,0
W3,9782,unseen,0
W3,9783,unseen,0
W3,9784,unseen,0
W3,9785,unseen,0
W3,9786,unseen,0
W3,9787,unseen,0
W3,9788,unseen,0
W3,9789,unseen,0
W3,9790,unseen,0
W3,9791,unseen,0
W3,9792,unseen,0
W3,9793,unseen,0
W3,9794,unseen,0
W3,9795,unseen,0
W3,9796,unseen,0
W3,9797,unseen,0
W3,9798,unseen,0
W3,9799,unseen,0
W3,9800,unseen,0
W3,9801,unseen,0
W3,9802,unseen,0
W3,9803,unseen,0
W3,9804,unseen,0
W3,9805,unseen,0
W3,9806,unseen,0
W3,9807,unseen,0
W3,9808,unseen,0
W3,9809,unseen,0
W3,9810,unseen,0
W3,9811,unseen,0
W3,9812,unseen,0
W3,9813,unseen,0
W3,9814,unseen,0
W3,9815,unseen,0
W3,9816,unseen,0
W3,9817,unseen,0
W3,9818,unseen,0
W3,9819,unseen,0
W3,9820,unseen,0
W3,9821,unseen,0
W3,9822,unseen,0
W3,9823,unseen,0
W3,9824,unseen,0
W3,9825,unseen,0
W3,9826,unseen,0
W3,9827,unseen,0
W3,9828,unseen,0
W3,9829,unseen,0
W3,9830,unseen,0
W3,9831,unseen,0
W3,9832,unseen,0
W3,9833,unseen,0
W3,9834,unseen,0
W3,9835,unseen,0
W3,9836,unseen,0
W3,9837,unseen,0
W3,9838,unseen,0
W3,9839,unseen,0
W3,9840,unseen,0
W3,9841,unseen,0
W3,9842,unseen,0
W3,9843,unseen,0
W3,9844,unseen,0
W3,9845,unseen,0
W3,9846,unseen,0
W3,9847,unseen,0
W3,9848,unseen,0
W3,9849,unseen,0
W3,9850,unseen,0
W3,9851,unseen,0
W3,9852,unseen,0
W3,9853,unseen,0
W3,9854,unseen,0
W3,9855,unseen,0
W3,9856,unseen,0
W3,9857,unseen,0
W3,9858,unseen,0
W3,9859,unseen,0
W3,9860,unseen,0
W3,9861,unseen,0
W3,9862,unseen,0
W3,9863,unseen,0
W3,9864,unseen,0
W3,9865,unseen,0
W3,9866,unseen,0
W3,9867,unseen,0
W3,9868,unseen,0
W3,9869,unseen,0
W3,9870,unseen,0
W3,9871,unseen,0
W3,9872,unseen,0
W3,9873,unseen,0
W3,9874,unseen,0
W3,9875,unseen,0
W3,9876,unseen,0
W3,9877,unseen,0
W3,9878,unseen,0
W3,9879,unseen,0
W3,9880,unseen,0
W3,9881,unseen,0
W3,9882,unseen,0
W3,9883,unseen,0
W3,9884,unseen,0
W3,9885,unseen,0
W3,9886,unseen,0
W3,9887,unseen,0
W3,9888,unseen,0
W3,9889,unseen,0
W3,9890,unseen,0
W3,9891,unseen,0
W3,9892,unseen,0
W3,9893,unseen,0
W3,9894,unseen,0
W3,9895,unseen,0
W3,9896,unseen,0
W3,9897,unseen,0
W3,9898,unseen,0
W3,9899,unseen,0
W3,9900,unseen,0
W3,9901,unseen,0
W3,9902,unseen,0
W3,9903,unseen,0
W3,9904,unseen,0
W3,9905,unseen,0
W3,9906,unseen,0
W3,9907,unseen,0
W3,9908,unseen,0
W3,9909,unseen,0
W3,9910,unseen,0
W3,9911,unseen,0
W3,9912,unseen,0
W3,9913,unseen,0
W3,9914,unseen,0
W3,9915,unseen,0
W3,9916,unseen,0
W3,9917,unseen,0
W3,9918,unseen,0
W3,9919,unseen,0
W3,9920,unseen,0
W3,9921,unseen,0
W3,9922,unseen,0
W3,9923,unseen,0
W3,9924,unseen,0
W3,9925,unseen,0
W3,9926,unseen,0
W3,9927,unseen,0
W3,9928,unseen,0
W3,9929,unseen,0
W3,9930,unseen,0
W3,9931,unseen,0
W3,9932,unseen,0
W3,9933,unseen,0
W3,9934,unseen,0
W3,9935,unseen,0
W3,9936,unseen,0
W3,9937,unseen,0
W3,9938,unseen,0
W3,9939,unseen,0
W3,9940,unseen,0
W3,9941,unseen,0
W3,9942,unseen,0
W3,9943,unseen,0
W3,9944,unseen,0
W3,9945,unseen,0
W3,9946,unseen,0
W3,9947,unseen,0
W3,9948,unseen,0
W3,9949,unseen,0
W3,9950,unseen,0
W3,9951,unseen,0
W3,9952,unseen,0
W3,9953,unseen,0
W3,9954,unseen,0
W3,9955,unseen,0
W3,9956,unseen,0
W3,9957,unseen,0
W3,9958,unseen,0
W3,9959,unseen,0
W3,9960,unseen,0
W3,9961,unseen,0
W3,9962,unseen,0
W3,9963,unseen,0
W3,9964,unseen,0
W3,9965,unseen,0
W3,9966,unseen,0
W3,9967,unseen,0
W3,9968,unseen,0
W3,9969,unseen,0
W3,9970,unseen,0
W3,9971,unseen,0
W3,9972,unseen,0
W3,9973,unseen,0
W3,9974,unseen,0
W3,9975,unseen,0
W3,9976,unseen,0
W3,9977,unseen,0
W3,9978,unseen,0
W3,9979,unseen,0
W3,9980,unseen,0
W3,9981,unseen,0
W3,9982,unseen,0
W3,9983,unseen,0
W3,9984,unseen,0
W3,9985,unseen,0
W3,9986,unseen,0
W3,9987,unseen,0
W3,9988,unseen,0
W3,9989,unseen,0
W3,9990,unseen,0
W3,9991,unseen,0
W3,9992,unseen,0
W3,9993,unseen,0
W3,9994,unseen,0
W3,9995,unseen,0
W3,9996,unseen,0
W3,9997,unseen,0
W3,9998,unseen,0
W3,9999,unseen,0
W3,10000,unseen,0
W3,10001,unseen,0
W3,10002,unseen,0
W3,10003,unseen,0
W3,10004,unseen,0
W3,10005,unseen,0
W3,10006,unseen,0
W3,10007,unseen,0
W3,10008,unseen,0
W3,10009,unseen,0
W3,10010,unseen,0
W3,10011,unseen,0
W3,10012,unseen,0
W3,10013,unseen,0
W3,10014,unseen,0
W3,10015,unseen,0
W3,10016,unseen,0
W3,10017,unseen,0
W3,10018,unseen,0
W3,10019,unseen,0
W3,10020,unseen,0
W3,10021,unseen,0
W3,10022,unseen,0
W3,10023,unseen,0
W3,10024,unseen,0
W3,10025,unseen,0
W3,10026,unseen,0
W3,10027,unseen,0
W3,10028,unseen,0
W3,10029,unseen,0
W3,10030,unseen,0
W3,10031,unseen,0
W3,10032,unseen,0
W3,10033,unseen,0
W3,10034,unseen,0
W3,10035,unseen,0
W3,10036,unseen,0
W3,10037,unseen,0
W3,10038,unseen,0
W3,10039,unseen,0
W3,10040,unseen,0
W3,10041,unseen,0
W3,10042,unseen,0
W3,10043,unseen,0
W3,10044,unseen,0
W3,10045,unseen,0
W3,10046,unseen,0
W3,10047,unseen,0
W3,10048,unseen,0
W3,10049,unseen,0
W3,10050,unseen,0
W3,10051,unseen,0
W3,10052,unseen,0
W3,10053,unseen,0
W3,10054,unseen,0
W3,10055,unseen,0
W3,10056,unseen,0
W3,10057,unseen,0
W3,10058,unseen,0
W3,10059,unseen,0
W3,10060,unseen,0
W3,10061,unseen,0
W3,10062,unseen,0
W3,10063,unseen,0
W3,10064,unseen,0
W3,10065,unseen,0
W3,10066,unseen,0
W3,10067,unseen,0
W3,10068,unseen,0
W3,10069,unseen,0
W3,10070,unseen,0
W3,10071,unseen,0
W3,10072,unseen,0
W3,10073,unseen,0
W3,10074,unseen,0
W3,10075,unseen,0
W3,10076,unseen,0
W3,10077,unseen,0
W3,10078,unseen,0
W3,10079,unseen,0
W3,10080,unseen,0
W3,10081,unseen,0
W3,10082,unseen,0
W3,10083,unseen,0
W3,10084,unseen,0
W3,10085,unseen,0
W3,10086,unseen,0
W3,10087,unseen,0
W3,10088,unseen,0
W3,10089,unseen,0
W3,10090,unseen,0
W3,10091,unseen,0
W3,10092,unseen,0
W3,10093,unseen,0
W3,10094,unseen,0
W3,10095,unseen,0
W3,10096,unseen,0
W3,10097,unseen,0
W3,10098,unseen,0
W3,10099,unseen,0
W3,10100,unseen,0
W3,10101,unseen,0
W3,10102,unseen,0
W3,10103,unseen,0
W3,10104,unseen,0
W3,10105,unseen,0
W3,10106,unseen,0
W3,10107,unseen,0
W3,10108,unseen,0
W3,10109,unseen,0
W3,10110,unseen,0
W3,10111,unseen,0
W3,10112,unseen,0
W3,10113,unseen,0
W3,10114,unseen,0
W3,10115,unseen,0
W3,10116,unseen,0
W3,10117,unseen,0
W3,10118,unseen,0
W3,10119,unseen,0
W3,10120,unseen,0
W3,10121,unseen,0
W3,10122,unseen,0
W3,10123,unseen,0
W3,10124,unseen,0
W3,10125,unseen,0
W3,10126,unseen,0
W3,10127,unseen,0
W3,10128,unseen,0
W3,10129,unseen,0
W3,10130,unseen,0
W3,10131,unseen,0
W3,10132,unseen,0
W3,10133,unseen,0
W3,10134,unseen,0
W3,10135,unseen,0
W3,10136,unseen,0
W3,10137,unseen,0
W3,10138,unseen,0
W3,10139,unseen,0
W3,10140,unseen,0
W3,10141,unseen,0
W3,10142,unseen,0
W3,10143,unseen,0
W3,10144,unseen,0
W3,10145,unseen,0
W3,10146,unseen,0
W3,10147,unseen,0
W3,10148,unseen,0
W3,10149,unseen,0
W3,10150,unseen,0
W3,10151,unseen,0
W3,10152,unseen,0
W3,10153,unseen,0
W3,10154,unseen,0
W3,10155,unseen,0
W3,10156,unseen,0
W3,10157,unseen,0
W3,10158,unseen,0
W3,10159,unseen,0
W3,10160,unseen,0
W3,10161,unseen,0
W3,10162,unseen,0
W3,10163,unseen,0
W3,10164,unseen,0
W3,10165,unseen,0
W3,10166,unseen,0
W3,10167,unseen,0
W3,10168,unseen,0
W3,10169,unseen,0
W3,10170,unseen,0
W3,10171,unseen,0
W3,10172,unseen,0
W3,10173,unseen,0
W3,10174,unseen,0
W3,10175,unseen,0
W3,10176,unseen,0
W3,10177,unseen,0
W3,10178,unseen,0
W3,10179,unseen,0
W3,10180,unseen,0
W3,10181,unseen,0
W3,10182,unseen,0
W3,10183,unseen,0
W3,10184,unseen,0
W3,10185,unseen,0
W3,10186,unseen,0
W3,10187,unseen,0
W3,10188,unseen,0
W3,10189,unseen,0
W3,10190,unseen,0
W3,10191,unseen,0
W3,10192,unseen,0
W3,10193,unseen,0
W3,10194,unseen,0
W3,10195,unseen,0
W3,10196,unseen,0
W3,10197,unseen,0
W3,10198,unseen,0
W3,10199,unseen,0
W3,10200,unseen,0
W3,10201,unseen,0
W3,10202,unseen,0
W3,10203,unseen,0
W3,10204,unseen,0
W3,10205,unseen,0
W3,10206,unseen,0
W3,10207,unseen,0
W3,10208,unseen,0
W3,10209,unseen,0
W3,10210,unseen,0
W3,10211,unseen,0
W3,10212,unseen,0
W3,10213,unseen,0
W3,10214,unseen,0
W3,10215,unseen,0
W3,10216,unseen,0
W3,10217,unseen,0
W3,10218,unseen,0
W3,10219,unseen,0
W3,10220,unseen,0
W3,10221,unseen,0
W3,10222,unseen,0
W3,10223,unseen,0
W3,10224,unseen,0
W3,10225,unseen,0
W3,10226,unseen,0
W3,10227,unseen,0
W3,10228,unseen,0
W3,10229,unseen,0
W3,10230,unseen,0
W3,10231,unseen,0
W3,10232,unseen,0
W3,10233,unseen,0
W3,10234,unseen,0
W3,10235,unseen,0
W3,10236,unseen,0
W3,10237,unseen,0
W3,10238,unseen,0
W3,10239,unseen,0
W3,10240,unseen,0
W3,10241,unseen,0
W3,10242,unseen,0
W3,10243,unseen,0
W3,10244,unseen,0
W3,10245,unseen,0
W3,10246,unseen,0
W3,10247,unseen,0
W3,10248,unseen,0
W3,10249,unseen,0
W3,10250,unseen,0
W3,10251,unseen,0
W3,10252,unseen,0
W3,10253,unseen,0
W3,10254,unseen,0
W3,10255,unseen,0
W3,10256,unseen,0
W3,10257,unseen,0
W3,10258,unseen,0
W3,10259,unseen,0
W3,10260,unseen,0
W3,10261,unseen,0
W3,10262,unseen,0
W3,10263,unseen,0
W3,10264,unseen,0
W3,10265,unseen,0
W3,10266,unseen,0
W3,10267,unseen,0
W3,10268,unseen,0
W3,10269,unseen,0
W3,10270,unseen,0
W3,10271,unseen,0
W3,10272,unseen,0
W3,10273,unseen,0
W3,10274,unseen,0
W3,10275,unseen,0
W3,10276,unseen,0
W3,10277,unseen,0
W3,10278,unseen,0
W3,10279,unseen,0
W3,10280,unseen,0
W3,10281,unseen,0
W3,10282,unseen,0
W3,10283,unseen,0
W3,10284,unseen,0
W3,10285,unseen,0
W3,10286,unseen,0
W3,10287,unseen,0
W3,10288,unseen,0
W3,10289,unseen,0
W3,10290,unseen,0
W3,10291,unseen,0
W3,10292,unseen,0
W3,10293,unseen,0
W3,10294,unseen,0
W3,10295,unseen,0
W3,10296,unseen,0
W3,10297,unseen,0
W3,10298,unseen,0
W3,10299,unseen,0
W3,10300,unseen,0
W3,10301,unseen,0
W3,10302,unseen,0
W3,10303,unseen,0
W3,10304,unseen,0
W3,10305,unseen,0
W3,10306,unseen,0
W3,10307,unseen,0
W3,10308,unseen,0
W3,10309,unseen,0
W3,10310,unseen,0
W3,10311,unseen,0
W3,10312,unseen,0
W3,10313,unseen,0
W3,10314,unseen,0
W3,10315,unseen,0
W3,10316,unseen,0
W3,10317,unseen,0
W3,10318,unseen,0
W3,10319,unseen,0
W3,10320,unseen,0
W3,10321,unseen,0
W3,10322,unseen,0
W3,10323,unseen,0
W3,10324,unseen,0
W3,10325,unseen,0
W3,10326,unseen,0
W3,10327,unseen,0
W3,10328,unseen,0
W3,10329,unseen,0
W3,10330,unseen,0
W3,10331,unseen,0
W3,10332,unseen,0
W3,10333,unseen,0
W3,10334,unseen,0
W3,10335,unseen,0
W3,10336,unseen,0
W3,10337,unseen,0
W3,10338,unseen,0
W3,10339,unseen,0
W3,10340,unseen,0
W3,10341,unseen,0
W3,10342,unseen,0
W3,10343,unseen,0
W3,10344,unseen,0
W3,10345,unseen,0
W3,10346,unseen,0
W3,10347,unseen,0
W3,10348,unseen,0
W3,10349,unseen,0
W3,10350,unseen,0
W3,10351,unseen,0
W3,10352,unseen,0
W3,10353,unseen,0
W3,10354,unseen,0
W3,10355,unseen,0
W3,10356,unseen,0
W3,10357,unseen,0
W3,10358,unseen,0
W3,10359,unseen,0
W3,10360,unseen,0
W3,10361,unseen,0
W3,10362,unseen,0
W3,10363,unseen,0
W3,10364,unseen,0
W3,10365,unseen,0
W3,10366,unseen,0
W3,10367,unseen,0
W3,10368,unseen,0
W3,10369,unseen,0
W3,10370,unseen,0
W3,10371,unseen,0
W3,10372,unseen,0
W3,10373,unseen,0
W3,10374,unseen,0
W3,10375,unseen,0
W3,10376,unseen,0
W3,10377,unseen,0
W3,10378,unseen,0
W3,10379,unseen,0
W3,10380,unseen,0
W3,10381,unseen,0
W3,10382,unseen,0
W3,10383,unseen,0
W3,10384,unseen,0
W3,10385,unseen,0
W3,10386,unseen,0
W3,10387,unseen,0
W3,10388,unseen,0
W3,10389,unseen,0
W3,10390,unseen,0
W3,10391,unseen,0
W3,10392,unseen,0
W3,10393,unseen,0
W3,10394,unseen,0
W3,10395,unseen,0
W3,10396,unseen,0
W3,10397,unseen,0
W3,10398,unseen,0
W3,10399,unseen,0
W3,10400,unseen,0
W3,10401,unseen,0
W3,10402,unseen,0
W3,10403,unseen,0
W3,10404,unseen,0
W3,10405,unseen,0
W3,10406,unseen,0
W3,10407,unseen,0
W3,10408,unseen,0
W3,10409,unseen,0
W3,10410,unseen,0
W3,10411,unseen,0
W3,10412,unseen,0
W3,10413,unseen,0
W3,10414,unseen,0
W3,10415,unseen,0
W3,10416,unseen,0
W3,10417,unseen,0
W3,10418,unseen,0
W3,10419,unseen,0
W3,10420,unseen,0
W3,10421,unseen,0
W3,10422,unseen,0
W3,10423,unseen,0
W3,10424,unseen,0
W3,10425,unseen,0
W3,10426,unseen,0
W3,10427,unseen,0
W3,10428,unseen,0
W3,10429,unseen,0
W3,10430,unseen,0
W3,10431,unseen,0
W3,10432,unseen,0
W3,10433,unseen,0
W3,10434,unseen,0
W3,10435,unseen,0
W3,10436,unseen,0
W3,10437,unseen,0
W3,10438,unseen,0
W3,10439,unseen,0
W3,10440,unseen,0
W3,10441,unseen,0
W3,10442,unseen,0
W3,10443,unseen,0
W3,10444,unseen,0
W3,10445,unseen,0
W3,10446,unseen,0
W3,10447,unseen,0
W3,10448,unseen,0
W3,10449,unseen,0
W3,10450,unseen,0
W3,10451,unseen,0
W3,10452,unseen,0
W3,10453,unseen,0
W3,10454,unseen,0
W3,10455,unseen,0
W3,10456,unseen,0
W3,10457,unseen,0
W3,10458,unseen,0
W3,10459,unseen,0
W3,10460,unseen,0
W3,10461,unseen,0
W3,10462,unseen,0
W3,10463,unseen,0
W3,10464,unseen,0
W3,10465,unseen,0
W3,10466,unseen,0
W3,10467,unseen,0
W3,10468,unseen,0
W3,10469,unseen,0
W3,10470,unseen,0
W3,10471,unseen,0
W3,10472,unseen,0
W3,10473,unseen,0
W3,10474,unseen,0
W3,10475,unseen,0
W3,10476,unseen,0
W3,10477,unseen,0
W3,10478,unseen,0
W3,10479,unseen,0
W3,10480,unseen,0
W3,10481,unseen,0
W3,10482,unseen,0
W3,10483,unseen,0
W3,10484,unseen,0
W3,10485,unseen,0
W3,10486,unseen,0
W3,10487,unseen,0
W3,10488,unseen,0
W3,10489,unseen,0
W3,10490,unseen,0
W3,10491,unseen,0
W3,10492,unseen,0
W3,10493,unseen,0
W3,10494,unseen,0
W3,10495,unseen,0
W3,10496,unseen,0
W3,10497,unseen,0
W3,10498,unseen,0
W3,10499,unseen,0
W3,10500,unseen,0
W3,10501,unseen,0
W3,10502,unseen,0
W3,10503,unseen,0
W3,10504,unseen,0
W3,10505,unseen,0
W3,10506,unseen,0
W3,10507,unseen,0
W3,10508,unseen,0
W3,10509,unseen,0
W3,10510,unseen,0
W3,10511,unseen,0
W3,10512,unseen,0
W3,10513,unseen,0
W3,10514,unseen,0
W3,10515,unseen,0
W3,10516,unseen,0
W3,10517,unseen,0
W3,10518,unseen,0
W3,10519,unseen,0
W3,10520,unseen,0
W3,10521,unseen,0
W3,10522,unseen,0
W3,10523,unseen,0
W3,10524,unseen,0
W3,10525,unseen,0
W3,10526,unseen,0
W3,10527,unseen,0
W3,10528,unseen,0
W3,10529,unseen,0
W3,10530,unseen,0
W3,10531,unseen,0
W3,10532,unseen,0
W3,10533,unseen,0
W3,10534,unseen,0
W3,10535,unseen,0
W3,10536,unseen,0
W3,10537,unseen,0
W3,10538,unseen,0
W3,10539,unseen,0
W3,10540,unseen,0
W3,10541,unseen,0
W3,10542,unseen,0
W3,10543,unseen,0
W3,10544,unseen,0
W3,10545,unseen,0
W3,10546,unseen,0
W3,10547,unseen,0
W3,10548,unseen,0
W3,10549,unseen,0
W3,10550,unseen,0
W3,10551,unseen,0
W3,10552,unseen,0
W3,10553,unseen,0
W3,10554,unseen,0
W3,10555,unseen,0
W3,10556,unseen,0
W3,10557,unseen,0
W3,10558,unseen,0
W3,10559,unseen,0
W3,10560,unseen,0
W3,10561,unseen,0
W3,10562,unseen,0
W3,10563,unseen,0
W3,10564,unseen,0
W3,10565,unseen,0
W3,10566,unseen,0
W3,10567,unseen,0
W3,10568,unseen,0
W3,10569,unseen,0
W3,10570,unseen,0
W3,10571,unseen,0
W3,10572,unseen,0
W3,10573,unseen,0
W3,10574,unseen,0
W3,10575,unseen,0
W3,10576,unseen,0
W3,10577,unseen,0
W3,10578,unseen,0
W3,10579,unseen,0
W3,10580,unseen,0
W3,10581,unseen,0
W3,10582,unseen,0
W3,10583,unseen,0
W3,10584,unseen,0
W3,10585,unseen,0
W3,10586,unseen,0
W3,10587,unseen,0
W3,10588,unseen,0
W3,10589,unseen,0
W3,10590,unseen,0
W3,10591,unseen,0
W3,10592,unseen,0
W3,10593,unseen,0
W3,10594,unseen,0
W3,10595,unseen,0
W3,10596,unseen,0
W3,10597,unseen,0
W3,10598,unseen,0
W3,10599,unseen,0
W3,10600,unseen,0
W3,10601,unseen,0
W3,10602,unseen,0
W3,10603,unseen,0
W3,10604,unseen,0
W3,10605,unseen,0
W3,10606,unseen,0
W3,10607,unseen,0
W3,10608,unseen,0
W3,10609,unseen,0
W3,10610,unseen,0
W3,10611,unseen,0
W3,10612,unseen,0
W3,10613,unseen,0
W3,10614,unseen,0
W3,10615,unseen,0
W3,10616,unseen,0
W3,10617,unseen,0
W3,10618,unseen,0
W3,10619,unseen,0
W3,10620,unseen,0
W3,10621,unseen,0
W3,10622,unseen,0
W3,10623,unseen,0
W3,10624,unseen,0
W3,10625,unseen,0
W3,10626,unseen,0
W3,10627,unseen,0
W3,10628,unseen,0
W3,10629,unseen,0
W3,10630,unseen,0
W3,10631,unseen,0
W3,10632,unseen,0
W3,10633,unseen,0
W3,10634,unseen,0
W3,10635,unseen,0
W3,10636,unseen,0
W3,10637,unseen,0
W3,10638,unseen,0
W3,10639,unseen,0
W3,10640,unseen,0
W3,10641,unseen,0
W3,10642,unseen,0
W3,10643,unseen,0
W3,10644,unseen,0
W3,10645,unseen,0
W3,10646,unseen,0
W3,10647,unseen,0
W3,10648,unseen,0
W3,10649,unseen,0
W3,10650,unseen,0
W3,10651,unseen,0
W3,10652,unseen,0
W3,10653,unseen,0
W3,10654,unseen,0
W3,10655,unseen,0
W3,10656,unseen,0
W3,10657,unseen,0
W3,10658,unseen,0
W3,10659,unseen,0
W3,10660,unseen,0
W3,10661,unseen,0
W3,10662,unseen,0
W3,10663,unseen,0
W3,10664,unseen,0
W3,10665,unseen,0
W3,10666,unseen,0
W3,10667,unseen,0
W3,10668,unseen,0
W3,10669,unseen,0
W3,10670,unseen,0
W3,10671,unseen,0
W3,10672,unseen,0
W3,10673,unseen,0
W3,10674,unseen,0
W3,10675,unseen,0
W3,10676,unseen,0
W3,10677,unseen,0
W3,10678,unseen,0
W3,10679,unseen,0
W3,10680,unseen,0
W3,10681,unseen,0
W3,10682,unseen,0
W3,10683,unseen,0
W3,10684,unseen,0
W3,10685,unseen,0
W3,10686,unseen,0
W3,10687,unseen,0
W3,10688,unseen,0
W3,10689,unseen,0
W3,10690,unseen,0
W3,10691,unseen,0
W3,10692,unseen,0
W3,10693,unseen,0
W3,10694,unseen,0
W3,10695,unseen,0
W3,10696,unseen,0
W3,10697,unseen,0
W3,10698,unseen,0
W3,10699,unseen,0
W3,10700,unseen,0
W3,10701,unseen,0
W3,10702,unseen,0
W3,10703,unseen,0
W3,10704,unseen,0
W3,10705,unseen,0
W3,10706,unseen,0
W3,10707,unseen,0
W3,10708,unseen,0
W3,10709,unseen,0
W3,10710,unseen,0
W3,10711,unseen,0
W3,10712,unseen,0
W3,10713,unseen,0
W3,10714,unseen,0
W3,10715,unseen,0
W3,10716,unseen,0
W3,10717,unseen,0
W3,10718,unseen,0
W3,10719,unseen,0
W3,10720,unseen,0
W3,10721,unseen,0
W3,10722,unseen,0
W3,10723,unseen,0
W3,10724,unseen,0
W3,10725,unseen,0
W3,10726,unseen,0
W3,10727,unseen,0
W3,10728,unseen,0
W3,10729,unseen,0
W3,10730,unseen,0
W3,10731,unseen,0
W3,10732,unseen,0
W3,10733,unseen,0
W3,10734,unseen,0
W3,10735,unseen,0
W3,10736,unseen,0
W3,10737,unseen,0
W3,10738,unseen,0
W3,10739,unseen,0
W3,10740,unseen,0
W3,10741,unseen,0
W3,10742,unseen,0
W3,10743,unseen,0
W3,10744,unseen,0
W3,10745,unseen,0
W3,10746,unseen,0
W3,10747,unseen,0
W3,10748,unseen,0
W3,10749,unseen,0
W3,10750,unseen,0
W3,10751,unseen,0
W3,10752,unseen,0
W3,10753,unseen,0
W3,10754,unseen,0
W3,10755,unseen,0
W3,10756,unseen,0
W3,10757,unseen,0
W3,10758,unseen,0
W3,10759,unseen,0
W3,10760,unseen,0
W3,10761,unseen,0
W3,10762,unseen,0
W3,10763,unseen,0
W3,10764,unseen,0
W3,10765,unseen,0
W3,10766,unseen,0
W3,10767,unseen,0
W3,10768,unseen,0
W3,10769,unseen,0
W3,10770,unseen,0
W3,10771,unseen,0
W3,10772,unseen,0
W3,10773,unseen,0
W3,10774,unseen,0
W3,10775,unseen,0
W3,10776,unseen,0
W3,10777,unseen,0
W3,10778,unseen,0
W3,10779,unseen,0
W3,10780,unseen,0
W3,10781,unseen,0
W3,10782,unseen,0
W3,10783,unseen,0
W3,10784,unseen,0
W3,10785,unseen,0
W3,10786,unseen,0
W3,10787,unseen,0
W3,10788,unseen,0
W3,10789,unseen,0
W3,10790,unseen,0
W3,10791,unseen,0
W3,10792,unseen,0
W3,10793,unseen,0
W3,10794,unseen,0
W3,10795,unseen,0
W3,10796,unseen,0
W3,10797,unseen,0
W3,10798,unseen,0
W3,10799,unseen,0
W3,10800,unseen,0
W3,10801,unseen,0
W3,10802,unseen,0
W3,10803,unseen,0
W3,10804,unseen,0
W3,10805,unseen,0
W3,10806,unseen,0
W3,10807,unseen,0
W3,10808,unseen,0
W3,10809,unseen,0
W3,10810,unseen,0
W3,10811,unseen,0
W3,10812,unseen,0
W3,10813,unseen,0
W3,10814,unseen,0
W3,10815,unseen,0
W3,10816,unseen,0
W3,10817,unseen,0
W3,10818,unseen,0
W3,10819,unseen,0
W3,10820,unseen,0
W3,10821,unseen,0
W3,10822,unseen,0
W3,10823,unseen,0
W3,10824,unseen,0
W3,10825,unseen,0
W3,10826,unseen,0
W3,10827,unseen,0
W3,10828,unseen,0
W3,10829,unseen,0
W3,10830,unseen,0
W3,10831,unseen,0
W3,10832,unseen,0
W3,10833,unseen,0
W3,10834,unseen,0
W3,10835,unseen,0
W3,10836,unseen,0
W3,10837,unseen,0
W3,10838,unseen,0
W3,10839,unseen,0
W3,10840,unseen,0
W3,10841,unseen,0
W3,10842,unseen,0
W3,10843,unseen,0
W3,10844,unseen,0
W3,10845,unseen,0
W3,10846,unseen,0
W3,10847,unseen,0
W3,10848,unseen,0
W3,10849,unseen,0
W3,10850,unseen,0
W3,10851,unseen,0
W3,10852,unseen,0
W3,10853,unseen,0
W3,10854,unseen,0
W3,10855,unseen,0
W3,10856,unseen,0
W3,10857,unseen,0
W3,10858,unseen,0
W3,10859,unseen,0
W3,10860,unseen,0
W3,10861,unseen,0
W3,10862,unseen,0
W3,10863,unseen,0
W3,10864,unseen,0
W3,10865,unseen,0
W3,10866,unseen,0
W3,10867,unseen,0
W3,10868,unseen,0
W3,10869,unseen,0
W3,10870,unseen,0
W3,10871,unseen,0
W3,10872,unseen,0
W3,10873,unseen,0
W3,10874,unseen,0
W3,10875,unseen,0
W3,10876,unseen,0
W3,10877,unseen,0
W3,10878,unseen,0
W3,10879,unseen,0
W3,10880,unseen,0
W3,10881,unseen,0
W3,10882,unseen,0
W3,10883,unseen,0
W3,10884,unseen,0
W3,10885,unseen,0
W3,10886,unseen,0
W3,10887,unseen,0
W3,10888,unseen,0
W3,10889,unseen,0
W3,10890,unseen,0
W3,10891,unseen,0
W3,10892,unseen,0
W3,10893,unseen,0
W3,10894,unseen,0
W3,10895,unseen,0
W3,10896,unseen,0
W3,10897,unseen,0
W3,10898,unseen,0
W3,10899,unseen,0
W3,10900,unseen,0
W3,10901,unseen,0
W3,10902,unseen,0
W3,10903,unseen,0
W3,10904,unseen,0
W3,10905,unseen,0
W3,10906,unseen,0
W3,10907,unseen,0
W3,10908,unseen,0
W3,10909,unseen,0
W3,10910,unseen,0
W3,10911,unseen,0
W3,10912,unseen,0
W3,10913,unseen,0
W3,10914,unseen,0
W3,10915,unseen,0
W3,10916,unseen,0
W3,10917,unseen,0
W3,10918,unseen,0
W3,10919,unseen,0
W3,10920,unseen,0
W3,10921,unseen,0
W3,10922,unseen,0
W3,10923,unseen,0
W3,10924,unseen,0
W3,10925,unseen,0
W3,10926,unseen,0
W3,10927,unseen,0
W3,10928,unseen,0
W3,10929,unseen,0
W3,10930,unseen,0
W3,10931,unseen,0
W3,10932,unseen,0
W3,10933,unseen,0
W3,10934,unseen,0
W3,10935,unseen,0
W3,10936,unseen,0
W3,10937,unseen,0
W3,10938,unseen,0
W3,10939,unseen,0
W3,10940,unseen,0
W3,10941,unseen,0
W3,10942,unseen,0
W3,10943,unseen,0
W3,10944,unseen,0
W3,10945,unseen,0
W3,10946,unseen,0
W3,10947,unseen,0
W3,10948,unseen,0
W3,10949,unseen,0
W3,10950,unseen,0
W3,10951,unseen,0
W3,10952,unseen,0
W3,10953,unseen,0
W3,10954,unseen,0
W3,10955,unseen,0
W3,10956,unseen,0
W3,10957,unseen,0
W3,10958,unseen,0
W3,10959,unseen,0
W3,10960,unseen,0
W3,10961,unseen,0
W3,10962,unseen,0
W3,10963,unseen,0
W3,10964,unseen,0
W3,10965,unseen,0
W3,10966,unseen,0
W3,10967,unseen,0
W3,10968,unseen,0
W3,10969,unseen,0
W3,10970,unseen,0
W3,10971,unseen,0
W3,10972,unseen,0
W3,10973,unseen,0
W3,10974,unseen,0
W3,10975,unseen,0
W3,10976,unseen,0
W3,10977,unseen,0
W3,10978,unseen,0
W3,10979,unseen,0
W3,10980,unseen,0
W3,10981,unseen,0
W3,10982,unseen,0
W3,10983,unseen,0
W3,10984,unseen,0
W3,10985,unseen,0
W3,10986,unseen,0
W3,10987,unseen,0
W3,10988,unseen,0
W3,10989,unseen,0
W3,10990,unseen,0
W3,10991,unseen,0
W3,10992,unseen,0
W3,10993,unseen,0
W3,10994,unseen,0
W3,10995,unseen,0
W3,10996,unseen,0
W3,10997,unseen,0
W3,10998,unseen,0
W3,10999,unseen,0
W3,11000,unseen,0
W3,11001,unseen,0
W3,11002,unseen,0
W3,11003,unseen,0
W3,11004,unseen,0
W3,11005,unseen,0
W3,11006,unseen,0
W3,11007,unseen,0
W3,11008,unseen,0
W3,11009,unseen,0
W3,11010,unseen,0
W3,11011,unseen,0
W3,11012,unseen,0
W3,11013,unseen,0
W3,11014,unseen,0
W3,11015,unseen,0
W3,11016,unseen,0
W3,11017,unseen,0
W3,11018,unseen,0
W3,11019,unseen,0
W3,11020,unseen,0
W3,11021,unseen,0
W3,11022,unseen,0
W3,11023,unseen,0
W3,11024,unseen,0
W3,11025,unseen,0
W3,11026,unseen,0
W3,11027,unseen,0
W3,11028,unseen,0
W3,11029,unseen,0
W3,11030,unseen,0
W3,11031,unseen,0
W3,11032,unseen,0
W3,11033,unseen,0
W3,11034,unseen,0
W3,11035,unseen,0
W3,11036,unseen,0
W3,11037,unseen,0
W3,11038,unseen,0
W3,11039,unseen,0
W3,11040,unseen,0
W3,11041,unseen,0
W3,11042,unseen,0
W3,11043,unseen,0
W3,11044,unseen,0
W3,11045,unseen,0
W3,11046,unseen,0
W3,11047,unseen,0
W3,11048,unseen,0
W3,11049,unseen,0
W3,11050,unseen,0
W3,11051,unseen,0
W3,11052,unseen,0
W3,11053,unseen,0
W3,11054,unseen,0
W3,11055,unseen,0
W3,11056,unseen,0
W3,11057,unseen,0
W3,11058,unseen,0
W3,11059,unseen,0
W3,11060,unseen,0
W3,11061,unseen,0
W3,11062,unseen,0
W3,11063,unseen,0
W3,11064,unseen,0
W3,11065,unseen,0
W3,11066,unseen,0
W3,11067,unseen,0
W3,11068,unseen,0
W3,11069,unseen,0
W3,11070,unseen,0
W3,11071,unseen,0
W3,11072,unseen,0
W3,11073,unseen,0
W3,11074,unseen,0
W3,11075,unseen,0
W3,11076,unseen,0
W3,11077,unseen,0
W3,11078,unseen,0
W3,11079,unseen,0
W3,11080,unseen,0
W3,11081,unseen,0
W3,11082,unseen,0
W3,11083,unseen,0
W3,11084,unseen,0
W3,11085,unseen,0
W3,11086,unseen,0
W3,11087,unseen,0
W3,11088,unseen,0
W3,11089,unseen,0
W3,11090,unseen,0
W3,11091,unseen,0
W3,11092,unseen,0
W3,11093,unseen,0
W3,11094,unseen,0
W3,11095,unseen,0
W3,11096,unseen,0
W3,11097,unseen,0
W3,11098,unseen,0
W3,11099,unseen,0
W3,11100,unseen,0
W3,11101,unseen,0
W3,11102,unseen,0
W3,11103,unseen,0
W3,11104,unseen,0
W3,11105,unseen,0
W3,11106,unseen,0
W3,11107,unseen,0
W3,11108,unseen,0
W3,11109,unseen,0
W3,11110,unseen,0
W3,11111,unseen,0
W3,11112,unseen,0
W3,11113,unseen,0
W3,11114,unseen,0
W3,11115,unseen,0
W3,11116,unseen,0
W3,11117,unseen,0
W3,11118,unseen,0
W3,11119,unseen,0
W3,11120,unseen,0
W3,11121,unseen,0
W3,11122,unseen,0
W3,11123,unseen,0
W3,11124,unseen,0
W3,11125,unseen,0
W3,11126,unseen,0
W3,11127,unseen,0
W3,11128,unseen,0
W3,11129,unseen,0
W3,11130,unseen,0
W3,11131,unseen,0
W3,11132,unseen,0
W3,11133,unseen,0
W3,11134,unseen,0
W3,11135,unseen,0
W3,11136,unseen,0
W3,11137,unseen,0
W3,11138,unseen,0
W3,11139,unseen,0
W3,11140,unseen,0
W3,11141,unseen,0
W3,11142,unseen,0
W3,11143,unseen,0
W3,11144,unseen,0
W3,11145,unseen,0
W3,11146,unseen,0
W3,11147,unseen,0
W3,11148,unseen,0
W3,11149,unseen,0
W3,11150,unseen,0
W3,11151,unseen,0
W3,11152,unseen,0
W3,11153,unseen,0
W3,11154,unseen,0
W3,11155,unseen,0
W3,11156,unseen,0
W3,11157,unseen,0
W3,11158,unseen,0
W3,11159,unseen,0
W3,11160,unseen,0
W3,11161,unseen,0
W3,11162,unseen,0
W3,11163,unseen,0
W3,11164,unseen,0
W3,11165,unseen,0
W3,11166,unseen,0
W3,11167,unseen,0
W3,11168,unseen,0
W3,11169,unseen,0
W3,11170,unseen,0
W3,11171,unseen,0
W3,11172,unseen,0
W3,11173,unseen,0
W3,11174,unseen,0
W3,11175,unseen,0
W3,11176,unseen,0
W3,11177,unseen,0
W3,11178,unseen,0
W3,11179,unseen,0
W3,11180,unseen,0
W3,11181,unseen,0
W3,11182,unseen,0
W3,11183,unseen,0
W3,11184,unseen,0
W3,11185,unseen,0
W3,11186,unseen,0
W3,11187,unseen,0
W3,11188,unseen,0
W3,11189,unseen,0
W3,11190,unseen,0
W3,11191,unseen,0
W3,11192,unseen,0
W3,11193,unseen,0
W3,11194,unseen,0
W3,11195,unseen,0
W3,11196,unseen,0
W3,11197,unseen,0
W3,11198,unseen,0
W3,11199,unseen,0
W3,11200,unseen,0
W3,11201,unseen,0
W3,11202,unseen,0
W3,11203,unseen,0
W3,11204,unseen,0
W3,11205,unseen,0
W3,11206,unseen,0
W3,11207,unseen,0
W3,11208,unseen,0
W3,11209,unseen,0
W3,11210,unseen,0
W3,11211,unseen,0
W3,11212,unseen,0
W3,11213,unseen,0
W3,11214,unseen,0
W3,11215,unseen,0
W3,11216,unseen,0
W3,11217,unseen,0
W3,11218,unseen,0
W3,11219,unseen,0
W3,11220,unseen,0
W3,11221,unseen,0
W3,11222,unseen,0
W3,11223,unseen,0
W3,11224,unseen,0
W3,11225,unseen,0
W3,11226,unseen,0
W3,11227,unseen,0
W3,11228,unseen,0
W3,11229,unseen,0
W3,11230,unseen,0
W3,11231,unseen,0
W3,11232,unseen,0
W3,11233,unseen,0
W3,11234,unseen,0
W3,11235,unseen,0
W3,11236,unseen,0
W3,11237,unseen,0
W3,11238,unseen,0
W3,11239,unseen,0
W3,11240,unseen,0
W3,11241,unseen,0
W3,11242,unseen,0
W3,11243,unseen,0
W3,11244,unseen,0
W3,11245,unseen,0
W3,11246,unseen,0
W3,11247,unseen,0
W3,11248,unseen,0
W3,11249,unseen,0
W3,11250,unseen,0
W3,11251,unseen,0
W3,11252,unseen,0
W3,11253,unseen,0
W3,11254,unseen,0
W3,11255,unseen,0
W3,11256,unseen,0
W3,11257,unseen,0
W3,11258,unseen,0
W3,11259,unseen,0
W3,11260,unseen,0
W3,11261,unseen,0
W3,11262,unseen,0
W3,11263,unseen,0
W3,11264,unseen,0
W3,11265,unseen,0
W3,11266,unseen,0
W3,11267,unseen,0
W3,11268,unseen,0
W3,11269,unseen,0
W3,11270,unseen,0
W3,11271,unseen,0
W3,11272,unseen,0
W3,11273,unseen,0
W3,11274,unseen,0
W3,11275,unseen,0
W3,11276,unseen,0
W3,11277,unseen,0
W3,11278,unseen,0
W3,11279,unseen,0
W3,11280,unseen,0
W3,11281,unseen,0
W3,11282,unseen,0
W3,11283,unseen,0
W3,11284,unseen,0
W3,11285,unseen,0
W3,11286,unseen,0
W3,11287,unseen,0
W3,11288,unseen,0
W3,11289,unseen,0
W3,11290,unseen,0
W3,11291,unseen,0
W3,11292,unseen,0
W3,11293,unseen,0
W3,11294,unseen,0
W3,11295,unseen,0
W3,11296,unseen,0
W3,11297,unseen,0
W3,11298,unseen,0
W3,11299,unseen,0
W3,11300,unseen,0
W3,11301,unseen,0
W3,11302,unseen,0
W3,11303,unseen,0
W3,11304,unseen,0
W3,11305,unseen,0
W3,11306,unseen,0
W3,11307,unseen,0
W3,11308,unseen,0
W3,11309,unseen,0
W3,11310,unseen,0
W3,11311,unseen,0
W3,11312,unseen,0
W3,11313,unseen,0
W3,11314,unseen,0
W3,11315,unseen,0
W3,11316,unseen,0
W3,11317,unseen,0
W3,11318,unseen,0
W3,11319,unseen,0
W3,11320,unseen,0
W3,11321,unseen,0
W3,11322,unseen,0
W3,11323,unseen,0
W3,11324,unseen,0
W3,11325,unseen,0
W3,11326,unseen,0
W3,11327,unseen,0
W3,11328,unseen,0
W3,11329,unseen,0
W3,11330,unseen,0
W3,11331,unseen,0
W3,11332,unseen,0
W3,11333,unseen,0
W3,11334,unseen,0
W3,11335,unseen,0
W3,11336,unseen,0
W3,11337,unseen,0
W3,11338,unseen,0
W3,11339,unseen,0
W3,11340,unseen,0
W3,11341,unseen,0
W3,11342,unseen,0
W3,11343,unseen,0
W3,11344,unseen,0
W3,11345,unseen,0
W3,11346,unseen,0
W3,11347,unseen,0
W3,11348,unseen,0
W3,11349,unseen,0
W3,11350,unseen,0
W3,11351,unseen,0
W3,11352,unseen,0
W3,11353,unseen,0
W3,11354,unseen,0
W3,11355,unseen,0
W3,11356,unseen,0
W3,11357,unseen,0
W3,11358,unseen,0
W3,11359,unseen,0
W3,11360,unseen,0
W3,11361,unseen,0
W3,11362,unseen,0
W3,11363,unseen,0
W3,11364,unseen,0
W3,11365,unseen,0
W3,11366,unseen,0
W3,11367,unseen,0
W3,11368,unseen,0
W3,11369,unseen,0
W3,11370,unseen,0
W3,11371,unseen,0
W3,11372,unseen,0
W3,11373,unseen,0
W3,11374,unseen,0
W3,11375,unseen,0
W3,11376,unseen,0
W3,11377,unseen,0
W3,11378,unseen,0
W3,11379,unseen,0
W3,11380,unseen,0
W3,11381,unseen,0
W3,11382,unseen,0
W3,11383,unseen,0
W3,11384,unseen,0
W3,11385,unseen,0
W3,11386,unseen,0
W3,11387,unseen,0
W3,11388,unseen,0
W3,11389,unseen,0
W3,11390,unseen,0
W3,11391,unseen,0
W3,11392,unseen,0
W3,11393,unseen,0
W3,11394,unseen,0
W3,11395,unseen,0
W3,11396,unseen,0
W3,11397,unseen,0
W3,11398,unseen,0
W3,11399,unseen,0
W3,11400,unseen,0
W3,11401,unseen,0
W3,11402,unseen,0
W3,11403,unseen,0
W3,11404,unseen,0
W3,11405,unseen,0
W3,11406,unseen,0
W3,11407,unseen,0
W3,11408,unseen,0
W3,11409,unseen,0
W3,11410,unseen,0
W3,11411,unseen,0
W3,11412,unseen,0
W3,11413,unseen,0
W3,11414,unseen,0
W3,11415,unseen,0
W3,11416,unseen,0
W3,11417,unseen,0
W3,11418,unseen,0
W3,11419,unseen,0
W3,11420,unseen,0
W3,11421,unseen,0
W3,11422,unseen,0
W3,11423,unseen,0
W3,11424,unseen,0
W3,11425,unseen,0
W3,11426,unseen,0
W3,11427,unseen,0
W3,11428,unseen,0
W3,11429,unseen,0
W3,11430,unseen,0
W3,11431,unseen,0
W3,11432,unseen,0
W3,11433,unseen,0
W3,11434,unseen,0
W3,11435,unseen,0
W3,11436,unseen,0
W3,11437,unseen,0
W3,11438,unseen,0
W3,11439,unseen,0
W3,11440,unseen,0
W3,11441,unseen,0
W3,11442,unseen,0
W3,11443,unseen,0
W3,11444,unseen,0
W3,11445,unseen,0
W3,11446,unseen,0
W3,11447,unseen,0
W3,11448,unseen,0
W3,11449,unseen,0
W3,11450,unseen,0
W3,11451,unseen,0
W3,11452,unseen,0
W3,11453,unseen,0
W3,11454,unseen,0
W3,11455,unseen,0
W3,11456,unseen,0
W3,11457,unseen,0
W3,11458,unseen,0
W3,11459,unseen,0
W3,11460,unseen,0
W3,11461,unseen,0
W3,11462,unseen,0
W3,11463,unseen,0
W3,11464,unseen,0
W3,11465,unseen,0
W3,11466,unseen,0
W3,11467,unseen,0
W3,11468,unseen,0
W3,11469,unseen,0
W3,11470,unseen,0
W3,11471,unseen,0
W3,11472,unseen,0
W3,11473,unseen,0
W3,11474,unseen,0
W3,11475,unseen,0
W3,11476,unseen,0
W3,11477,unseen,0
W3,11478,unseen,0
W3,11479,unseen,0
W3,11480,unseen,0
W3,11481,unseen,0
W3,11482,unseen,0
W3,11483,unseen,0
W3,11484,unseen,0
W3,11485,unseen,0
W3,11486,unseen,0
W3,11487,unseen,0
W3,11488,unseen,0
W3,11489,unseen,0
W3,11490,unseen,0
W3,11491,unseen,0
W3,11492,unseen,0
W3,11493,unseen,0
W3,11494,unseen,0
W3,11495,unseen,0
W3,11496,unseen,0
W3,11497,unseen,0
W3,11498,unseen,0
W3,11499,unseen,0
W3,11500,unseen,0
W3,11501,unseen,0
W3,11502,unseen,0
W3,11503,unseen,0
W3,11504,unseen,0
W3,11505,unseen,0
W3,11506,unseen,0
W3,11507,unseen,0
W3,11508,unseen,0
W3,11509,unseen,0
W3,11510,unseen,0
W3,11511,unseen,0
W3,11512,unseen,0
W3,11513,unseen,0
W3,11514,unseen,0
W3,11515,unseen,0
W3,11516,unseen,0
W3,11517,unseen,0
W3,11518,unseen,0
W3,11519,unseen,0
W3,11520,unseen,0
W3,11521,unseen,0
W3,11522,unseen,0
W3,11523,unseen,0
W3,11524,unseen,0
W3,11525,unseen,0
W3,11526,unseen,0
W3,11527,unseen,0
W3,11528,unseen,0
W3,11529,unseen,0
W3,11530,unseen,0
W3,11531,unseen,0
W3,11532,unseen,0
W3,11533,unseen,0
W3,11534,unseen,0
W3,11535,unseen,0
W3,11536,unseen,0
W3,11537,unseen,0
W3,11538,unseen,0
W3,11539,unseen,0
W3,11540,unseen,0
W3,11541,unseen,0
W3,11542,unseen,0
W3,11543,unseen,0
W3,11544,unseen,0
W3,11545,unseen,0
W3,11546,unseen,0
W3,11547,unseen,0
W3,11548,unseen,0
W3,11549,unseen,0
W3,11550,unseen,0
W3,11551,unseen,0
W3,11552,unseen,0
W3,11553,unseen,0
W3,11554,unseen,0
W3,11555,unseen,0
W3,11556,unseen,0
W3,11557,unseen,0
W3,11558,unseen,0
W3,11559,unseen,0
W3,11560,unseen,0
W3,11561,unseen,0
W3,11562,unseen,0
W3,11563,unseen,0
W3,11564,unseen,0
W3,11565,unseen,0
W3,11566,unseen,0
W3,11567,unseen,0
W3,11568,unseen,0
W3,11569,unseen,0
W3,11570,unseen,0
W3,11571,unseen,0
W3,11572,unseen,0
W3,11573,unseen,0
W3,11574,unseen,0
W3,11575,unseen,0
W3,11576,unseen,0
W3,11577,unseen,0
W3,11578,unseen,0
W3,11579,unseen,0
W3,11580,unseen,0
W3,11581,unseen,0
W3,11582,unseen,0
W3,11583,unseen,0
W3,11584,unseen,0
W3,11585,unseen,0
W3,11586,unseen,0
W3,11587,unseen,0
W3,11588,unseen,0
W3,11589,unseen,0
W3,11590,unseen,0
W3,11591,unseen,0
W3,11592,unseen,0
W3,11593,unseen,0
W3,11594,unseen,0
W3,11595,unseen,0
W3,11596,unseen,0
W3,11597,unseen,0
W3,11598,unseen,0
W3,11599,unseen,0
W3,11600,unseen,0
W3,11601,unseen,0
W3,11602,unseen,0
W3,11603,unseen,0
W3,11604,unseen,0
W3,11605,unseen,0
W3,11606,unseen,0
W3,11607,unseen,0
W3,11608,unseen,0
W3,11609,unseen,0
W3,11610,unseen,0
W3,11611,unseen,0
W3,11612,unseen,0
W3,11613,unseen,0
W3,11614,unseen,0
W3,11615,unseen,0
W3,11616,unseen,0
W3,11617,unseen,0
W3,11618,unseen,0
W3,11619,unseen,0
W3,11620,unseen,0
W3,11621,unseen,0
W3,11622,unseen,0
W3,11623,unseen,0
W3,11624,unseen,0
W3,11625,unseen,0
W3,11626,unseen,0
W3,11627,unseen,0
W3,11628,unseen,0
W3,11629,unseen,0
W3,11630,unseen,0
W3,11631,unseen,0
W3,11632,unseen,0
W3,11633,unseen,0
W3,11634,unseen,0
W3,11635,unseen,0
W3,11636,unseen,0
W3,11637,unseen,0
W3,11638,unseen,0
W3,11639,unseen,0
W3,11640,unseen,0
W3,11641,unseen,0
W3,11642,unseen,0
W3,11643,unseen,0
W3,11644,unseen,0
W3,11645,unseen,0
W3,11646,unseen,0
W3,11647,unseen,0
W3,11648,unseen,0
W3,11649,unseen,0
W3,11650,unseen,0
W3,11651,unseen,0
W3,11652,unseen,0
W3,11653,unseen,0
W3,11654,unseen,0
W3,11655,unseen,0
W3,11656,unseen,0
W3,11657,unseen,0
W3,11658,unseen,0
W3,11659,unseen,0
W3,11660,unseen,0
W3,11661,unseen,0
W3,11662,unseen,0
W3,11663,unseen,0
W3,11664,unseen,0
W3,11665,unseen,0
W3,11666,unseen,0
W3,11667,unseen,0
W3,11668,unseen,0
W3,11669,unseen,0
W3,11670,unseen,0
W3,11671,unseen,0
W3,11672,unseen,0
W3,11673,unseen,0
W3,11674,unseen,0
W3,11675,unseen,0
W3,11676,unseen,0
W3,11677,unseen,0
W3,11678,unseen,0
W3,11679,unseen,0
W3,11680,unseen,0
W3,11681,unseen,0
W3,11682,unseen,0
W3,11683,unseen,0
W3,11684,unseen,0
W3,11685,unseen,0
W3,11686,unseen,0
W3,11687,unseen,0
W3,11688,unseen,0
W3,11689,unseen,0
W3,11690,unseen,0
W3,11691,unseen,0
W3,11692,unseen,0
W3,11693,unseen,0
W3,11694,unseen,0
W3,11695,unseen,0
W3,11696,unseen,0
W3,11697,unseen,0
W3,11698,unseen,0
W3,11699,unseen,0
W3,11700,unseen,0
W3,11701,unseen,0
W3,11702,unseen,0
W3,11703,unseen,0
W3,11704,unseen,0
W3,11705,unseen,0
W3,11706,unseen,0
W3,11707,unseen,0
W3,11708,unseen,0
W3,11709,unseen,0
W3,11710,unseen,0
W3,11711,unseen,0
W3,11712,unseen,0
W3,11713,unseen,0
W3,11714,unseen,0
W3,11715,unseen,0
W3,11716,unseen,0
W3,11717,unseen,0
W3,11718,unseen,0
W3,11719,unseen,0
W3,11720,unseen,0
W3,11721,unseen,0
W3,11722,unseen,0
W3,11723,unseen,0
W3,11724,unseen,0
W3,11725,unseen,0
W3,11726,unseen,0
W3,11727,unseen,0
W3,11728,unseen,0
W3,11729,unseen,0
W3,11730,unseen,0
W3,11731,unseen,0
W3,11732,unseen,0
W3,11733,unseen,0
W3,11734,unseen,0
W3,11735,unseen,0
W3,11736,unseen,0
W3,11737,unseen,0
W3,11738,unseen,0
W3,11739,unseen,0
W3,11740,unseen,0
W3,11741,unseen,0
W3,11742,unseen,0
W3,11743,unseen,0
W3,11744,unseen,0
W3,11745,unseen,0
W3,11746,unseen,0
W3,11747,unseen,0
W3,11748,unseen,0
W3,11749,unseen,0
W3,11750,unseen,0
W3,11751,unseen,0
W3,11752,unseen,0
W3,11753,unseen,0
W3,11754,unseen,0
W3,11755,unseen,0
W3,11756,unseen,0
W3,11757,unseen,0
W3,11758,unseen,0
W3,11759,unseen,0
W3,11760,unseen,0
W3,11761,unseen,0
W3,11762,unseen,0
W3,11763,unseen,0
W3,11764,unseen,0
W3,11765,unseen,0
W3,11766,unseen,0
W3,11767,unseen,0
W3,11768,unseen,0
W3,11769,unseen,0
W3,11770,unseen,0
W3,11771,unseen,0
W3,11772,unseen,0
W3,11773,unseen,0
W3,11774,unseen,0
W3,11775,unseen,0
W3,11776,unseen,0
W3,11777,unseen,0
W3,11778,unseen,0
W3,11779,unseen,0
W3,11780,unseen,0
W3,11781,unseen,0
W3,11782,unseen,0
W3,11783,unseen,0
W3,11784,unseen,0
W3,11785,unseen,0
W3,11786,unseen,0
W3,11787,unseen,0
W3,11788,unseen,0
W3,11789,unseen,0
W3,11790,unseen,0
W3,11791,unseen,0
W3,11792,unseen,0
W3,11793,unseen,0
W3,11794,unseen,0
W3,11795,unseen,0
W3,11796,unseen,0
W3,11797,unseen,0
W3,11798,unseen,0
W3,11799,unseen,0
W3,11800,unseen,0
W3,11801,unseen,0
W3,11802,unseen,0
W3,11803,unseen,0
W3,11804,unseen,0
W3,11805,unseen,0
W3,11806,unseen,0
W3,11807,unseen,0
W3,11808,unseen,0
W3,11809,unseen,0
W3,11810,unseen,0
W3,11811,unseen,0
W3,11812,unseen,0
W3,11813,unseen,0
W3,11814,unseen,0
W3,11815,unseen,0
W3,11816,unseen,0
W3,11817,unseen,0
W3,11818,unseen,0
W3,11819,unseen,0
W3,11820,unseen,0
W3,11821,unseen,0
W3,11822,unseen,0
W3,11823,unseen,0
W3,11824,unseen,0
W3,11825,unseen,0
W3,11826,unseen,0
W3,11827,unseen,0
W3,11828,unseen,0
W3,11829,unseen,0
W3,11830,unseen,0
W3,11831,unseen,0
W3,11832,unseen,0
W3,11833,unseen,0
W3,11834,unseen,0
W3,11835,unseen,0
W3,11836,unseen,0
W3,11837,unseen,0
W3,11838,unseen,0
W3,11839,unseen,0
W3,11840,unseen,0
W3,11841,unseen,0
W3,11842,unseen,0
W3,11843,unseen,0
W3,11844,unseen,0
W3,11845,unseen,0
W3,11846,unseen,0
W3,11847,unseen,0
W3,11848,unseen,0
W3,11849,unseen,0
W3,11850,unseen,0
W3,11851,unseen,0
W3,11852,unseen,0
W3,11853,unseen,0
W3,11854,unseen,0
W3,11855,unseen,0
W3,11856,unseen,0
W3,11857,unseen,0
W3,11858,unseen,0
W3,11859,unseen,0
W3,11860,unseen,0
W3,11861,unseen,0
W3,11862,unseen,0
W3,11863,unseen,0
W3,11864,unseen,0
W3,11865,unseen,0
W3,11866,unseen,0
W3,11867,unseen,0
W3,11868,unseen,0
W3,11869,unseen,0
W3,11870,unseen,0
W3,11871,unseen,0
W3,11872,unseen,0
W3,11873,unseen,0
W3,11874,unseen,0
W3,11875,unseen,0
W3,11876,unseen,0
W3,11877,unseen,0
W3,11878,unseen,0
W3,11879,unseen,0
W3,11880,unseen,0
W3,11881,unseen,0
W3,11882,unseen,0
W3,11883,unseen,0
W3,11884,unseen,0
W3,11885,unseen,0
W3,11886,unseen,0
W3,11887,unseen,0
W3,11888,unseen,0
W3,11889,unseen,0
W3,11890,unseen,0
W3,11891,unseen,0
W3,11892,unseen,0
W3,11893,unseen,0
W3,11894,unseen,0
W3,11895,unseen,0
W3,11896,unseen,0
W3,11897,unseen,0
W3,11898,unseen,0
W3,11899,unseen,0
W3,11900,unseen,0
W3,11901,unseen,0
W3,11902,unseen,0
W3,11903,unseen,0
W3,11904,unseen,0
W3,11905,unseen,0
W3,11906,unseen,0
W3,11907,unseen,0
W3,11908,unseen,0
W3,11909,unseen,0
W3,11910,unseen,0
W3,11911,unseen,0
W3,11912,unseen,0
W3,11913,unseen,0
W3,11914,unseen,0
W3,11915,unseen,0
W3,11916,unseen,0
W3,11917,unseen,0
W3,11918,unseen,0
W3,11919,unseen,0
W3,11920,unseen,0
W3,11921,unseen,0
W3,11922,unseen,0
W3,11923,unseen,0
W3,11924,unseen,0
W3,11925,unseen,0
W3,11926,unseen,0
W3,11927,unseen,0
W3,11928,unseen,0
W3,11929,unseen,0
W3,11930,unseen,0
W3,11931,unseen,0
W3,11932,unseen,0
W3,11933,unseen,0
W3,11934,unseen,0
W3,11935,unseen,0
W3,11936,unseen,0
W3,11937,unseen,0
W3,11938,unseen,0
W3,11939,unseen,0
W3,11940,unseen,0
W3,11941,unseen,0
W3,11942,unseen,0
W3,11943,unseen,0
W3,11944,unseen,0
W3,11945,unseen,0
W3,11946,unseen,0
W3,11947,unseen,0
W3,11948,unseen,0
W3,11949,unseen,0
W3,11950,unseen,0
W3,11951,unseen,0
W3,11952,unseen,0
W3,11953,unseen,0
W3,11954,unseen,0
W3,11955,unseen,0
W3,11956,unseen,0
W3,11957,unseen,0
W3,11958,unseen,0
W3,11959,unseen,0
W3,11960,unseen,0
W3,11961,unseen,0
W3,11962,unseen,0
W3,11963,unseen,0
W3,11964,unseen,0
W3,11965,unseen,0
W3,11966,unseen,0
W3,11967,unseen,0
W3,11968,unseen,0
W3,11969,unseen,0
W3,11970,unseen,0
W3,11971,unseen,0
W3,11972,unseen,0
W3,11973,unseen,0
W3,11974,unseen,0
W3,11975,unseen,0
W3,11976,unseen,0
W3,11977,unseen,0
W3,11978,unseen,0
W3,11979,unseen,0
W3,11980,unseen,0
W3,11981,unseen,0
W3,11982,unseen,0
W3,11983,unseen,0
W3,11984,unseen,0
W3,11985,unseen,0
W3,11986,unseen,0
W3,11987,unseen,0
W3,11988,unseen,0
W3,11989,unseen,0
W3,11990,unseen,0
W3,11991,unseen,0
W3,11992,unseen,0
W3,11993,unseen,0
W3,11994,unseen,0
W3,11995,unseen,0
W3,11996,unseen,0
W3,11997,unseen,0
W3,11998,unseen,0
W3,11999,unseen,0
W3,12000,unseen,0
W3,12001,unseen,0
W3,12002,unseen,0
W3,12003,unseen,0
W3,12004,unseen,0
W3,12005,unseen,0
W3,12006,unseen,0
W3,12007,unseen,0
W3,12008,unseen,0
W3,12009,unseen,0
W3,12010,unseen,0
W3,12011,unseen,0
W3,12012,unseen,0
W3,12013,unseen,0
W3,12014,unseen,0
W3,12015,unseen,0
W3,12016,unseen,0
W3,12017,unseen,0
W3,12018,unseen,0
W3,12019,unseen,0
W3,12020,unseen,0
W3,12021,unseen,0
W3,12022,unseen,0
W3,12023,unseen,0
W3,12024,unseen,0
W3,12025,unseen,0
W3,12026,unseen,0
W3,12027,unseen,0
W3,12028,unseen,0
W3,12029,unseen,0
W3,12030,unseen,0
W3,12031,unseen,0
W3,12032,unseen,0
W3,12033,unseen,0
W3,12034,unseen,0
W3,12035,unseen,0
W3,12036,unseen,0
W3,12037,unseen,0
W3,12038,unseen,0
W3,12039,unseen,0
W3,12040,unseen,0
W3,12041,unseen,0
W3,12042,unseen,0
W3,12043,unseen,0
W3,12044,unseen,0
W3,12045,unseen,0
W3,12046,unseen,0
W3,12047,unseen,0
W3,12048,unseen,0
W3,12049,unseen,0
W3,12050,unseen,0
W3,12051,unseen,0
W3,12052,unseen,0
W3,12053,unseen,0
W3,12054,unseen,0
W3,12055,unseen,0
W3,12056,unseen,0
W3,12057,unseen,0
W3,12058,unseen,0
W3,12059,unseen,0
W3,12060,unseen,0
W3,12061,unseen,0
W3,12062,unseen,0
W3,12063,unseen,0
W3,12064,unseen,0
W3,12065,unseen,0
W3,12066,unseen,0
W3,12067,unseen,0
W3,12068,unseen,0
W3,12069,unseen,0
W3,12070,unseen,0
W3,12071,unseen,0
W3,12072,unseen,0
W3,12073,unseen,0
W3,12074,unseen,0
W3,12075,unseen,0
W3,12076,unseen,0
W3,12077,unseen,0
W3,12078,unseen,0
W3,12079,unseen,0
W3,12080,unseen,0
W3,12081,unseen,0
W3,12082,unseen,0
W3,12083,unseen,0
W3,12084,unseen,0
W3,12085,unseen,0
W3,12086,unseen,0
W3,12087,unseen,0
W3,12088,unseen,0
W3,12089,unseen,0
W3,12090,unseen,0
W3,12091,unseen,0
W3,12092,unseen,0
W3,12093,unseen,0
W3,12094,unseen,0
W3,12095,unseen,0
W3,12096,unseen,0
W3,12097,unseen,0
W3,12098,unseen,0
W3,12099,unseen,0
W3,12100,unseen,0
W4,0,unseen,0
W4,1,unseen,0
W4,2,unseen,0
W4,3,unseen,0
W4,4,unseen,0
W4,5,unseen,0
W4,6,very_rare,1
W4,7,unseen,0
W4,8,unseen,0
W4,9,unseen,0
W4,10,unseen,0
W4,11,unseen,0
W4,12,unseen,0
W4,13,unseen,0
W4,14,unseen,0
W4,15,unseen,0
W4,16,very_rare,1
W4,17,unseen,0
W4,18,unseen,0
W4,19,very_rare,1
W4,20,unseen,0
W4,21,unseen,0
W4,22,very_rare,1
W4,23,unseen,0
W4,24,unseen,0
W4,25,unseen,0
W4,26,unseen,0
W4,27,unseen,0
W4,28,very_rare,1
W4,29,very_rare,2
W4,30,very_rare,1
W4,31,unseen,0
W4,32,unseen,0
W4,33,very_rare,1
W4,34,unseen,0
W4,35,very_rare,1
W4,36,unseen,0
W4,37,unseen,0
W4,38,unseen,0
W4,39,very_rare,1
W4,40,unseen,0
W4,41,unseen,0
W4,42,very_rare,2
W4,43,unseen,0
W4,44,very_rare,2
W4,45,very_rare,1
W4,46,very_rare,3
W4,47,unseen,0
W4,48,unseen,0
W4,49,unseen,0
W4,50,unseen,0
W4,51,very_rare,2
W4,52,very_rare,1
W4,53,unseen,0
W4,54,very_rare,1
W4,55,unseen,0
W4,56,very_rare,1
W4,57,unseen,0
W4,58,very_rare,2
W4,59,very_rare,1
W4,60,unseen,0
W4,61,very_rare,2
W4,62,unseen,0
W4,63,very_rare,1
W4,64,very_rare,1
W4,65,unseen,0
W4,66,unseen,0
W4,67,unseen,0
W4,68,unseen,0
W4,69,very_rare,2
W4,70,unseen,0
W4,71,unseen,0
W4,72,unseen,0
W4,73,very_rare,1
W4,74,unseen,0
W4,75,very_rare,1
W4,76,very_rare,1
W4,77,unseen,0
W4,78,unseen,0
W4,79,unseen,0
W4,80,unseen,0
W4,81,very_rare,1
W4,82,very_rare,1
W4,83,unseen,0
W4,84,unseen,0
W4,85,unseen,0
W4,86,unseen,0
W4,87,very_rare,1
W4,88,unseen,0
W4,89,unseen,0
W4,90,unseen,0
W4,91,unseen,0
W4,92,unseen,0
W4,93,unseen,0
W4,94,unseen,0
W4,95,very_rare,2
W4,96,unseen,0
W4,97,very_rare,2
W4,98,very_rare,2
W4,99,unseen,0
W4,100,very_rare,1
W4,101,very_rare,1
W4,102,unseen,0
W4,103,very_rare,1
W4,104,unseen,0
W4,105,unseen,0
W4,106,unseen,0
W4,107,unseen,0
W4,108,unseen,0
W4,109,very_rare,2
W4,110,unseen,0
W4,111,very_rare,1
W4,112,very_rare,1
W4,113,unseen,0
W4,114,very_rare,1
W4,115,very_rare,1
W4,116,unseen,0
W4,117,unseen,0
W4,118,very_rare,1
W4,119,unseen,0
W4,120,unseen,0
W4,121,very_rare,1
W4,122,unseen,0
W4,123,very_rare,1
W4,124,unseen,0
W4,125,very_rare,1
W4,126,unseen,0
W4,127,unseen,0
W4,128,very_rare,1
W4,129,unseen,0
W4,130,unseen,0
W4,131,unseen,0
W4,132,unseen,0
W4,133,unseen,0
W4,134,very_rare,1
W4,135,unseen,0
W4,136,unseen,0
W4,137,unseen,0
W4,138,unseen,0
W4,139,unseen,0
W4,140,unseen,0
W4,141,unseen,0
W4,142,unseen,0
W4,143,very_rare,1
W4,144,unseen,0
W4,145,unseen,0
W4,146,unseen,0
W4,147,very_rare,1
W4,148,unseen,0
W4,149,very_rare,2
W4,150,very_rare,1
W4,151,very_rare,3
W4,152,unseen,0
W4,153,unseen,0
W4,154,unseen,0
W4,155,unseen,0
W4,156,unseen,0
W4,157,very_rare,2
W4,158,unseen,0
W4,159,very_rare,2
W4,160,very_rare,1
W4,161,very_rare,1
W4,162,unseen,0
W4,163,unseen,0
W4,164,unseen,0
W4,165,unseen,0
W4,166,unseen,0
W4,167,unseen,0
W4,168,unseen,0
W4,169,unseen,0
W4,170,unseen,0
W4,171,unseen,0
W4,172,very_rare,2
W4,173,unseen,0
W4,174,very_rare,3
W4,175,very_rare,1
W4,176,unseen,0
W4,177,unseen,0
W4,178,unseen,0
W4,179,unseen,0
W4,180,very_rare,1
W4,181,unseen,0
W4,182,unseen,0
W4,183,unseen,0
W4,184,very_rare,2
W4,185,unseen,0
W4,186,unseen,0
W4,187,very_rare,1
W4,188,very_rare,1
W4,189,very_rare,1
W4,190,unseen,0
W4,191,rare,4
W4,192,unseen,0
W4,193,unseen,0
W4,194,unseen,0
W4,195,very_rare,1
W4,196,unseen,0
W4,197,unseen,0
W4,198,unseen,0
W4,199,unseen,0
W4,200,unseen,0
W4,201,very_rare,1
W4,202,unseen,0
W4,203,very_rare,1
W4,204,unseen,0
W4,205,unseen,0
W4,206,unseen,0
W4,207,very_rare,2
W4,208,rare,4
W4,209,very_rare,1
W4,210,unseen,0
W4,211,unseen,0
W4,212,unseen,0
W4,213,unseen,0
W4,214,unseen,0
W4,215,unseen,0
W4,216,unseen,0
W4,217,unseen,0
W4,218,unseen,0
W4,219,very_rare,1
W4,220,unseen,0
W4,221,very_rare,1
W4,222,unseen,0
W4,223,unseen,0
W4,224,unseen,0
W4,225,very_rare,1
W4,226,unseen,0
W4,227,unseen,0
W4,228,unseen,0
W4,229,unseen,0
W4,230,unseen,0
W4,231,unseen,0
W4,232,unseen,0
W4,233,unseen,0
W4,234,very_rare,1
W4,235,unseen,0
W4,236,unseen,0
W4,237,unseen,0
W4,238,unseen,0
W4,239,unseen,0
W4,240,very_rare,3
W4,241,unseen,0
W4,242,unseen,0
W4,243,unseen,0
W4,244,unseen,0
W4,245,unseen,0
W4,246,unseen,0
W4,247,very_rare,1
W4,248,unseen,0
W4,249,unseen,0
W4,250,unseen,0
W4,251,unseen,0
W4,252,unseen,0
W4,253,unseen,0
W4,254,unseen,0
W4,255,very_rare,3
W4,256,very_rare,2
W4,257,unseen,0
W4,258,very_rare,2
W4,259,unseen,0
W4,260,unseen,0
W4,261,rare,4
W4,262,unseen,0
W4,263,unseen,0
W4,264,unseen,0
W4,265,unseen,0
W4,266,unseen,0
W4,267,unseen,0
W4,268,unseen,0
W4,269,unseen,0
W4,270,unseen,0
W4,271,unseen,0
W4,272,unseen,0
W4,273,unseen,0
W4,274,unseen,0
W4,275,very_rare,1
W4,276,unseen,0
W4,277,very_rare,1
W4,278,unseen,0
W4,279,unseen,0
W4,280,unseen,0
W4,281,unseen,0
W4,282,unseen,0
W4,283,unseen,0
W4,284,unseen,0
W4,285,unseen,0
W4,286,unseen,0
W4,287,unseen,0
W4,288,unseen,0
W4,289,very_rare,2
W4,290,very_rare,1
W4,291,unseen,0
W4,292,unseen,0
W4,293,unseen,0
W4,294,very_rare,1
W4,295,unseen,0
W4,296,unseen,0
W4,297,unseen,0
W4,298,unseen,0
W4,299,unseen,0
W4,300,unseen,0
W4,301,unseen,0
W4,302,unseen,0
W4,303,unseen,0
W4,304,very_rare,1
W4,305,unseen,0
W4,306,unseen,0
W4,307,unseen,0
W4,308,unseen,0
W4,309,unseen,0
W4,310,unseen,0
W4,311,very_rare,1
W4,312,unseen,0
W4,313,unseen,0
W4,314,unseen,0
W4,315,unseen,0
W4,316,very_rare,1
W4,317,unseen,0
W4,318,unseen,0
W4,319,unseen,0
W4,320,unseen,0
W4,321,unseen,0
W4,322,unseen,0
W4,323,unseen,0
W4,324,unseen,0
W4,325,unseen,0
W4,326,very_rare,1
W4,327,unseen,0
W4,328,unseen,0
W4,329,unseen,0
W4,330,very_rare,1
W4,331,unseen,0
W4,332,unseen,0
W4,333,unseen,0
W4,334,unseen,0
W4,335,very_rare,1
W4,336,unseen,0
W4,337,unseen,0
W4,338,unseen,0
W4,339,unseen,0
W4,340,unseen,0
W4,341,unseen,0
W4,342,unseen,0
W4,343,unseen,0
W4,344,unseen,0
W4,345,unseen,0
W4,346,unseen,0
W4,347,unseen,0
W4,348,unseen,0
W4,349,unseen,0
W4,350,unseen,0
W4,351,unseen,0
W4,352,unseen,0
W4,353,unseen,0
W4,354,unseen,0
W4,355,unseen,0
W4,356,unseen,0
W4,357,unseen,0
W4,358,unseen,0
W4,359,very_rare,1
W4,360,unseen,0
W4,361,unseen,0
W4,362,unseen,0
W4,363,unseen,0
W4,364,unseen,0
W4,365,very_rare,3
W4,366,very_rare,1
W4,367,unseen,0
W4,368,unseen,0
W4,369,unseen,0
W4,370,unseen,0
W4,371,unseen,0
W4,372,very_rare,2
W4,373,unseen,0
W4,374,unseen,0
W4,375,unseen,0
W4,376,unseen,0
W4,377,unseen,0
W4,378,unseen,0
W4,379,unseen,0
W4,380,unseen,0
W4,381,unseen,0
W4,382,unseen,0
W4,383,very_rare,1
W4,384,very_rare,1
W4,385,unseen,0
W4,386,very_rare,1
W4,387,unseen,0
W4,388,unseen,0
W4,389,unseen,0
W4,390,very_rare,1
W4,391,very_rare,2
W4,392,unseen,0
W4,393,very_rare,1
W4,394,unseen,0
W4,395,unseen,0
W4,396,unseen,0
W4,397,unseen,0
W4,398,unseen,0
W4,399,unseen,0
W4,400,unseen,0
W4,401,unseen,0
W4,402,unseen,0
W4,403,unseen,0
W4,404,unseen,0
W4,405,unseen,0
W4,406,very_rare,1
W4,407,normal,9
W4,408,very_rare,1
W4,409,unseen,0
W4,410,unseen,0
W4,411,unseen,0
W4,412,unseen,0
W4,413,unseen,0
W4,414,unseen,0
W4,415,very_rare,1
W4,416,rare,4
W4,417,normal,7
W4,418,rare,5
W4,419,rare,4
W4,420,unseen,0
W4,421,very_rare,1
W4,422,unseen,0
W4,423,unseen,0
W4,424,unseen,0
W4,425,very_rare,1
W4,426,unseen,0
W4,427,unseen,0
W4,428,very_rare,1
W4,429,very_rare,2
W4,430,unseen,0
W4,431,unseen,0
W4,432,unseen,0
W4,433,unseen,0
W4,434,unseen,0
W4,435,unseen,0
W4,436,unseen,0
W4,437,very_rare,1
W4,438,unseen,0
W4,439,unseen,0
W4,440,unseen,0
W4,441,unseen,0
W4,442,unseen,0
W4,443,unseen,0
W4,444,unseen,0
W4,445,unseen,0
W4,446,unseen,0
W4,447,unseen,0
W4,448,unseen,0
W4,449,very_rare,1
W4,450,unseen,0
W4,451,unseen,0
W4,452,unseen,0
W4,453,unseen,0
W4,454,unseen,0
W4,455,unseen,0
W4,456,unseen,0
W4,457,very_rare,3
W4,458,unseen,0
W4,459,unseen,0
W4,460,unseen,0
W4,461,unseen,0
W4,462,unseen,0
W4,463,unseen,0
W4,464,unseen,0
W4,465,unseen,0
W4,466,unseen,0
W4,467,unseen,0
W4,468,unseen,0
W4,469,unseen,0
W4,470,unseen,0
W4,471,unseen,0
W4,472,unseen,0
W4,473,unseen,0
W4,474,unseen,0
W4,475,unseen,0
W4,476,very_rare,1
W4,477,unseen,0
W4,478,unseen,0
W4,479,unseen,0
W4,480,unseen,0
W4,481,unseen,0
W4,482,unseen,0
W4,483,unseen,0
W4,484,unseen,0
W4,485,unseen,0
W4,486,unseen,0
W4,487,unseen,0
W4,488,very_rare,1
W4,489,unseen,0
W4,490,unseen,0
W4,491,unseen,0
W4,492,very_rare,1
W4,493,very_rare,2
W4,494,unseen,0
W4,495,unseen,0
W4,496,unseen,0
W4,497,very_rare,3
W4,498,unseen,0
W4,499,unseen,0
W4,500,unseen,0
W4,501,unseen,0
W4,502,unseen,0
W4,503,unseen,0
W4,504,unseen,0
W4,505,very_rare,1
W4,506,unseen,0
W4,507,unseen,0
W4,508,unseen,0
W4,509,unseen,0
W4,510,unseen,0
W4,511,very_rare,1
W4,512,unseen,0
W4,513,very_rare,1
W4,514,unseen,0
W4,515,unseen,0
W4,516,unseen,0
W4,517,unseen,0
W4,518,unseen,0
W4,519,very_rare,2
W4,520,very_rare,1
W4,521,unseen,0
W4,522,unseen,0
W4,523,unseen,0
W4,524,unseen,0
W4,525,unseen,0
W4,526,unseen,0
W4,527,unseen,0
W4,528,unseen,0
W4,529,very_rare,2
W4,530,unseen,0
W4,531,unseen,0
W4,532,unseen,0
W4,533,very_rare,1
W4,534,unseen,0
W4,535,unseen,0
W4,536,unseen,0
W4,537,unseen,0
W4,538,unseen,0
W4,539,unseen,0
W4,540,unseen,0
W4,541,unseen,0
W4,542,unseen,0
W4,543,unseen,0
W4,544,unseen,0
W4,545,unseen,0
W4,546,unseen,0
W4,547,unseen,0
W4,548,unseen,0
W4,549,unseen,0
W4,550,unseen,0
W4,551,unseen,0
W4,552,very_rare,1
W4,553,unseen,0
W4,554,unseen,0
W4,555,unseen,0
W4,556,very_rare,1
W4,557,unseen,0
W4,558,unseen,0
W4,559,normal,6
W4,560,very_rare,3
W4,561,very_rare,2
W4,562,unseen,0
W4,563,very_rare,3
W4,564,unseen,0
W4,565,unseen,0
W4,566,unseen,0
W4,567,unseen,0
W4,568,unseen,0
W4,569,unseen,0
W4,570,very_rare,3
W4,571,rare,4
W4,572,very_rare,3
W4,573,rare,4
W4,574,very_rare,2
W4,575,unseen,0
W4,576,unseen,0
W4,577,unseen,0
W4,578,very_rare,1
W4,579,unseen,0
W4,580,unseen,0
W4,581,very_rare,1
W4,582,unseen,0
W4,583,unseen,0
W4,584,unseen,0
W4,585,unseen,0
W4,586,unseen,0
W4,587,unseen,0
W4,588,unseen,0
W4,589,unseen,0
W4,590,unseen,0
W4,591,very_rare,1
W4,592,unseen,0
W4,593,unseen,0
W4,594,very_rare,1
W4,595,very_rare,1
W4,596,very_rare,1
W4,597,unseen,0
W4,598,unseen,0
W4,599,unseen,0
W4,600,unseen,0
W4,601,unseen,0
W4,602,unseen,0
W4,603,unseen,0
W4,604,unseen,0
W4,605,unseen,0
W4,606,unseen,0
W4,607,unseen,0
W4,608,unseen,0
W4,609,unseen,0
W4,610,unseen,0
W4,611,unseen,0
W4,612,unseen,0
W4,613,unseen,0
W4,614,unseen,0
W4,615,unseen,0
W4,616,unseen,0
W4,617,unseen,0
W4,618,very_rare,1
W4,619,unseen,0
W4,620,unseen,0
W4,621,unseen,0
W4,622,unseen,0
W4,623,unseen,0
W4,624,unseen,0
W4,625,unseen,0
W4,626,unseen,0
W4,627,very_rare,1
W4,628,unseen,0
W4,629,unseen,0
W4,630,unseen,0
W4,631,unseen,0
W4,632,unseen,0
W4,633,unseen,0
W4,634,unseen,0
W4,635,unseen,0
W4,636,unseen,0
W4,637,unseen,0
W4,638,unseen,0
W4,639,unseen,0
W4,640,very_rare,1
W4,641,unseen,0
W4,642,unseen,0
W4,643,unseen,0
W4,644,unseen,0
W4,645,unseen,0
W4,646,unseen,0
W4,647,unseen,0
W4,648,very_rare,1
W4,649,unseen,0
W4,650,unseen,0
W4,651,unseen,0
W4,652,unseen,0
W4,653,unseen,0
W4,654,unseen,0
W4,655,unseen,0
W4,656,unseen,0
W4,657,unseen,0
W4,658,unseen,0
W4,659,unseen,0
W4,660,unseen,0
W4,661,unseen,0
W4,662,unseen,0
W4,663,very_rare,1
W4,664,unseen,0
W4,665,unseen,0
W4,666,very_rare,1
W4,667,unseen,0
W4,668,unseen,0
W4,669,unseen,0
W4,670,unseen,0
W4,671,very_rare,1
W4,672,unseen,0
W4,673,unseen,0
W4,674,unseen,0
W4,675,unseen,0
W4,676,unseen,0
W4,677,unseen,0
W4,678,unseen,0
W4,679,unseen,0
W4,680,rare,5
W4,681,very_rare,1
W4,682,unseen,0
W4,683,unseen,0
W4,684,very_rare,1
W4,685,unseen,0
W4,686,unseen,0
W4,687,very_rare,3
W4,688,unseen,0
W4,689,unseen,0
W4,690,unseen,0
W4,691,unseen,0
W4,692,unseen,0
W4,693,unseen,0
W4,694,unseen,0
W4,695,unseen,0
W4,696,very_rare,1
W4,697,unseen,0
W4,698,unseen,0
W4,699,unseen,0
W4,700,unseen,0
W4,701,unseen,0
W4,702,very_rare,1
W4,703,unseen,0
W4,704,unseen,0
W4,705,very_rare,2
W4,706,very_rare,1
W4,707,unseen,0
W4,708,very_rare,1
W4,709,unseen,0
W4,710,unseen,0
W4,711,very_rare,1
W4,712,unseen,0
W4,713,unseen,0
W4,714,very_rare,2
W4,715,unseen,0
W4,716,unseen,0
W4,717,unseen,0
W4,718,unseen,0
W4,719,unseen,0
W4,720,unseen,0
W4,721,very_rare,1
W4,722,unseen,0
W4,723,unseen,0
W4,724,unseen,0
W4,725,unseen,0
W4,726,unseen,0
W4,727,very_rare,1
W4,728,very_rare,1
W4,729,unseen,0
W4,730,unseen,0
W4,731,unseen,0
W4,732,unseen,0
W4,733,very_rare,1
W4,734,unseen,0
W4,735,unseen,0
W4,736,unseen,0
W4,737,unseen,0
W4,738,unseen,0
W4,739,very_rare,1
W4,740,unseen,0
W4,741,unseen,0
W4,742,unseen,0
W4,743,unseen,0
W4,744,very_rare,2
W4,745,unseen,0
W4,746,very_rare,1
W4,747,unseen,0
W4,748,unseen,0
W4,749,unseen,0
W4,750,unseen,0
W4,751,unseen,0
W4,752,unseen,0
W4,753,unseen,0
W4,754,unseen,0
W4,755,unseen,0
W4,756,unseen,0
W4,757,unseen,0
W4,758,unseen,0
W4,759,unseen,0
W4,760,unseen,0
W4,761,unseen,0
W4,762,unseen,0
W4,763,unseen,0
W4,764,unseen,0
W4,765,unseen,0
W4,766,unseen,0
W4,767,unseen,0
W4,768,unseen,0
W4,769,unseen,0
W4,770,unseen,0
W4,771,unseen,0
W4,772,unseen,0
W4,773,unseen,0
W4,774,unseen,0
W4,775,unseen,0
W4,776,very_rare,3
W4,777,unseen,0
W4,778,very_rare,1
W4,779,unseen,0
W4,780,unseen,0
W4,781,very_rare,1
W4,782,unseen,0
W4,783,rare,4
W4,784,unseen,0
W4,785,unseen,0
W4,786,very_rare,1
W4,787,unseen,0
W4,788,unseen,0
W4,789,unseen,0
W4,790,very_rare,2
W4,791,unseen,0
W4,792,unseen,0
W4,793,unseen,0
W4,794,unseen,0
W4,795,unseen,0
W4,796,unseen,0
W4,797,unseen,0
W4,798,unseen,0
W4,799,unseen,0
W4,800,very_rare,1
W4,801,unseen,0
W4,802,unseen,0
W4,803,unseen,0
W4,804,unseen,0
W4,805,unseen,0
W4,806,very_rare,1
W4,807,unseen,0
W4,808,unseen,0
W4,809,very_rare,1
W4,810,unseen,0
W4,811,unseen,0
W4,812,unseen,0
W4,813,unseen,0
W4,814,very_rare,1
W4,815,unseen,0
W4,816,unseen,0
W4,817,unseen,0
W4,818,unseen,0
W4,819,unseen,0
W4,820,unseen,0
W4,821,unseen,0
W4,822,unseen,0
W4,823,unseen,0
W4,824,unseen,0
W4,825,unseen,0
W4,826,unseen,0
W4,827,unseen,0
W4,828,unseen,0
W4,829,unseen,0
W4,830,unseen,0
W4,831,unseen,0
W4,832,unseen,0
W4,833,unseen,0
W4,834,unseen,0
W4,835,unseen,0
W4,836,unseen,0
W4,837,unseen,0
W4,838,very_rare,1
W4,839,very_rare,1
W4,840,unseen,0
W4,841,very_rare,3
W4,842,unseen,0
W4,843,normal,6
W4,844,very_rare,2
W4,845,unseen,0
W4,846,unseen,0
W4,847,unseen,0
W4,848,unseen,0
W4,849,very_rare,1
W4,850,unseen,0
W4,851,unseen,0
W4,852,unseen,0
W4,853,unseen,0
W4,854,unseen,0
W4,855,unseen,0
W4,856,unseen,0
W4,857,unseen,0
W4,858,unseen,0
W4,859,unseen,0
W4,860,very_rare,2
W4,861,unseen,0
W4,862,very_rare,1
W4,863,unseen,0
W4,864,unseen,0
W4,865,very_rare,1
W4,866,unseen,0
W4,867,unseen,0
W4,868,unseen,0
W4,869,unseen,0
W4,870,unseen,0
W4,871,unseen,0
W4,872,unseen,0
W4,873,unseen,0
W4,874,unseen,0
W4,875,very_rare,1
W4,876,unseen,0
W4,877,unseen,0
W4,878,very_rare,1
W4,879,unseen,0
W4,880,unseen,0
W4,881,unseen,0
W4,882,unseen,0
W4,883,unseen,0
W4,884,unseen,0
W4,885,unseen,0
W4,886,unseen,0
W4,887,unseen,0
W4,888,unseen,0
W4,889,unseen,0
W4,890,very_rare,3
W4,891,very_rare,1
W4,892,unseen,0
W4,893,unseen,0
W4,894,very_rare,1
W4,895,unseen,0
W4,896,unseen,0
W4,897,unseen,0
W4,898,unseen,0
W4,899,unseen,0
W4,900,unseen,0
W4,901,unseen,0
W4,902,very_rare,1
W4,903,unseen,0
W4,904,normal,7
W4,905,very_rare,1
W4,906,unseen,0
W4,907,unseen,0
W4,908,unseen,0
W4,909,unseen,0
W4,910,unseen,0
W4,911,unseen,0
W4,912,very_rare,2
W4,913,unseen,0
W4,914,unseen,0
W4,915,unseen,0
W4,916,unseen,0
W4,917,unseen,0
W4,918,unseen,0
W4,919,unseen,0
W4,920,unseen,0
W4,921,unseen,0
W4,922,unseen,0
W4,923,unseen,0
W4,924,unseen,0
W4,925,unseen,0
W4,926,unseen,0
W4,927,unseen,0
W4,928,unseen,0
W4,929,unseen,0
W4,930,unseen,0
W4,931,unseen,0
W4,932,very_rare,1
W4,933,unseen,0
W4,934,unseen,0
W4,935,unseen,0
W4,936,unseen,0
W4,937,unseen,0
W4,938,unseen,0
W4,939,unseen,0
W4,940,unseen,0
W4,941,unseen,0
W4,942,unseen,0
W4,943,unseen,0
W4,944,unseen,0
W4,945,unseen,0
W4,946,unseen,0
W4,947,very_rare,1
W4,948,very_rare,1
W4,949,very_rare,1
W4,950,very_rare,1
W4,951,unseen,0
W4,952,unseen,0
W4,953,unseen,0
W4,954,very_rare,1
W4,955,very_rare,2
W4,956,unseen,0
W4,957,very_rare,1
W4,958,very_rare,1
W4,959,very_rare,1
W4,960,very_rare,1
W4,961,unseen,0
W4,962,unseen,0
W4,963,unseen,0
W4,964,unseen,0
W4,965,very_rare,1
W4,966,unseen,0
W4,967,unseen,0
W4,968,unseen,0
W4,969,unseen,0
W4,970,unseen,0
W4,971,unseen,0
W4,972,unseen,0
W4,973,unseen,0
W4,974,unseen,0
W4,975,unseen,0
W4,976,unseen,0
W4,977,unseen,0
W4,978,unseen,0
W4,979,very_rare,1
W4,980,very_rare,1
W4,981,unseen,0
W4,982,unseen,0
W4,983,unseen,0
W4,984,unseen,0
W4,985,unseen,0
W4,986,very_rare,3
W4,987,unseen,0
W4,988,very_rare,2
W4,989,unseen,0
W4,990,unseen,0
W4,991,unseen,0
W4,992,unseen,0
W4,993,unseen,0
W4,994,unseen,0
W4,995,unseen,0
W4,996,very_rare,1
W4,997,unseen,0
W4,998,unseen,0
W4,999,unseen,0
W4,1000,unseen,0
W4,1001,unseen,0
W4,1002,unseen,0
W4,1003,unseen,0
W4,1004,unseen,0
W4,1005,unseen,0
W4,1006,unseen,0
W4,1007,unseen,0
W4,1008,unseen,0
W4,1009,unseen,0
W4,1010,very_rare,1
W4,1011,unseen,0
W4,1012,unseen,0
W4,1013,unseen,0
W4,1014,very_rare,2
W4,1015,unseen,0
W4,1016,very_rare,1
W4,1017,unseen,0
W4,1018,unseen,0
W4,1019,unseen,0
W4,1020,unseen,0
W4,1021,unseen,0
W4,1022,very_rare,2
W4,1023,very_rare,1
W4,1024,unseen,0
W4,1025,very_rare,2
W4,1026,unseen,0
W4,1027,unseen,0
W4,1028,unseen,0
W4,1029,unseen,0
W4,1030,unseen,0
W4,1031,unseen,0
W4,1032,unseen,0
W4,1033,unseen,0
W4,1034,unseen,0
W4,1035,very_rare,1
W4,1036,unseen,0
W4,1037,unseen,0
W4,1038,unseen,0
W4,1039,very_rare,1
W4,1040,very_rare,2
W4,1041,unseen,0
W4,1042,unseen,0
W4,1043,very_rare,1
W4,1044,unseen,0
W4,1045,unseen,0
W4,1046,unseen,0
W4,1047,unseen,0
W4,1048,unseen,0
W4,1049,unseen,0
W4,1050,very_rare,2
W4,1051,unseen,0
W4,1052,very_rare,2
W4,1053,unseen,0
W4,1054,very_rare,1
W4,1055,unseen,0
W4,1056,unseen,0
W4,1057,unseen,0
W4,1058,unseen,0
W4,1059,unseen,0
W4,1060,unseen,0
W4,1061,unseen,0
W4,1062,unseen,0
W4,1063,unseen,0
W4,1064,unseen,0
W4,1065,very_rare,1
W4,1066,unseen,0
W4,1067,unseen,0
W4,1068,unseen,0
W4,1069,unseen,0
W4,1070,unseen,0
W4,1071,unseen,0
W4,1072,very_rare,1
W4,1073,unseen,0
W4,1074,unseen,0
W4,1075,very_rare,1
W4,1076,unseen,0
W4,1077,rare,4
W4,1078,unseen,0
W4,1079,unseen,0
W4,1080,unseen,0
W4,1081,unseen,0
W4,1082,unseen,0
W4,1083,unseen,0
W4,1084,unseen,0
W4,1085,very_rare,1
W4,1086,unseen,0
W4,1087,unseen,0
W4,1088,unseen,0
W4,1089,unseen,0
W4,1090,unseen,0
W4,1091,unseen,0
W4,1092,very_rare,3
W4,1093,very_rare,2
W4,1094,unseen,0
W4,1095,unseen,0
W4,1096,unseen,0
W4,1097,unseen,0
W4,1098,unseen,0
W4,1099,unseen,0
W4,1100,very_rare,1
W4,1101,unseen,0
W4,1102,unseen,0
W4,1103,unseen,0
W4,1104,unseen,0
W4,1105,unseen,0
W4,1106,unseen,0
W4,1107,unseen,0
W4,1108,unseen,0
W4,1109,unseen,0
W4,1110,unseen,0
W4,1111,unseen,0
W4,1112,unseen,0
W4,1113,unseen,0
W4,1114,unseen,0
W4,1115,unseen,0
W4,1116,unseen,0
W4,1117,unseen,0
W4,1118,very_rare,2
W4,1119,very_rare,1
W4,1120,very_rare,1
W4,1121,unseen,0
W4,1122,unseen,0
W4,1123,unseen,0
W4,1124,unseen,0
W4,1125,very_rare,3
W4,1126,unseen,0
W4,1127,unseen,0
W4,1128,very_rare,1
W4,1129,unseen,0
W4,1130,unseen,0
W4,1131,very_rare,1
W4,1132,unseen,0
W4,1133,unseen,0
W4,1134,unseen,0
W4,1135,rare,4
W4,1136,unseen,0
W4,1137,unseen,0
W4,1138,unseen,0
W4,1139,unseen,0
W4,1140,unseen,0
W4,1141,unseen,0
W4,1142,unseen,0
W4,1143,unseen,0
W4,1144,unseen,0
W4,1145,unseen,0
W4,1146,unseen,0
W4,1147,unseen,0
W4,1148,unseen,0
W4,1149,unseen,0
W4,1150,unseen,0
W4,1151,unseen,0
W4,1152,unseen,0
W4,1153,unseen,0
W4,1154,unseen,0
W4,1155,unseen,0
W4,1156,unseen,0
W4,1157,unseen,0
W4,1158,unseen,0
W4,1159,unseen,0
W4,1160,very_rare,1
W4,1161,very_rare,2
W4,1162,unseen,0
W4,1163,unseen,0
W4,1164,unseen,0
W4,1165,very_rare,1
W4,1166,unseen,0
W4,1167,unseen,0
W4,1168,unseen,0
W4,1169,unseen,0
W4,1170,unseen,0
W4,1171,unseen,0
W4,1172,unseen,0
W4,1173,unseen,0
W4,1174,unseen,0
W4,1175,unseen,0
W4,1176,unseen,0
W4,1177,unseen,0
W4,1178,unseen,0
W4,1179,unseen,0
W4,1180,unseen,0
W4,1181,very_rare,1
W4,1182,unseen,0
W4,1183,unseen,0
W4,1184,unseen,0
W4,1185,unseen,0
W4,1186,unseen,0
W4,1187,unseen,0
W4,1188,very_rare,1
W4,1189,very_rare,1
W4,1190,unseen,0
W4,1191,unseen,0
W4,1192,very_rare,1
W4,1193,unseen,0
W4,1194,unseen,0
W4,1195,very_rare,1
W4,1196,unseen,0
W4,1197,unseen,0
W4,1198,very_rare,1
W4,1199,unseen,0
W4,1200,unseen,0
W4,1201,unseen,0
W4,1202,unseen,0
W4,1203,unseen,0
W4,1204,unseen,0
W4,1205,unseen,0
W4,1206,very_rare,1
W4,1207,unseen,0
W4,1208,unseen,0
W4,1209,unseen,0
W4,1210,unseen,0
W4,1211,unseen,0
W4,1212,unseen,0
W4,1213,unseen,0
W4,1214,unseen,0
W4,1215,unseen,0
W4,1216,unseen,0
W4,1217,unseen,0
W4,1218,unseen,0
W4,1219,very_rare,1
W4,1220,very_rare,1
W4,1221,unseen,0
W4,1222,unseen,0
W4,1223,unseen,0
W4,1224,unseen,0
W4,1225,very_rare,1
W4,1226,unseen,0
W4,1227,unseen,0
W4,1228,unseen,0
W4,1229,unseen,0
W4,1230,unseen,0
W4,1231,unseen,0
W4,1232,unseen,0
W4,1233,unseen,0
W4,1234,unseen,0
W4,1235,unseen,0
W4,1236,unseen,0
W4,1237,unseen,0
W4,1238,unseen,0
W4,1239,unseen,0
W4,1240,unseen,0
W4,1241,very_rare,1
W4,1242,unseen,0
W4,1243,very_rare,1
W4,1244,very_rare,3
W4,1245,unseen,0
W4,1246,unseen,0
W4,1247,unseen,0
W4,1248,unseen,0
W4,1249,unseen,0
W4,1250,very_rare,1
W4,1251,unseen,0
W4,1252,unseen,0
W4,1253,unseen,0
W4,1254,very_rare,1
W4,1255,unseen,0
W4,1256,unseen,0
W4,1257,unseen,0
W4,1258,unseen,0
W4,1259,unseen,0
W4,1260,very_rare,1
W4,1261,unseen,0
W4,1262,unseen,0
W4,1263,unseen,0
W4,1264,unseen,0
W4,1265,unseen,0
W4,1266,unseen,0
W4,1267,unseen,0
W4,1268,very_rare,1
W4,1269,unseen,0
W4,1270,unseen,0
W4,1271,unseen,0
W4,1272,normal,9
W4,1273,rare,4
W4,1274,unseen,0
W4,1275,unseen,0
W4,1276,unseen,0
W4,1277,unseen,0
W4,1278,very_rare,1
W4,1279,unseen,0
W4,1280,unseen,0
W4,1281,unseen,0
W4,1282,very_rare,1
W4,1283,unseen,0
W4,1284,unseen,0
W4,1285,very_rare,1
W4,1286,unseen,0
W4,1287,unseen,0
W4,1288,unseen,0
W4,1289,unseen,0
W4,1290,unseen,0
W4,1291,unseen,0
W4,1292,unseen,0
W4,1293,unseen,0
W4,1294,unseen,0
W4,1295,unseen,0
W4,1296,unseen,0
W4,1297,unseen,0
W4,1298,unseen,0
W4,1299,unseen,0
W4,1300,unseen,0
W4,1301,unseen,0
W4,1302,unseen,0
W4,1303,unseen,0
W4,1304,unseen,0
W4,1305,unseen,0
W4,1306,very_rare,2
W4,1307,unseen,0
W4,1308,unseen,0
W4,1309,very_rare,1
W4,1310,unseen,0
W4,1311,very_rare,1
W4,1312,very_rare,1
W4,1313,unseen,0
W4,1314,unseen,0
W4,1315,unseen,0
W4,1316,unseen,0
W4,1317,unseen,0
W4,1318,unseen,0
W4,1319,unseen,0
W4,1320,unseen,0
W4,1321,unseen,0
W4,1322,unseen,0
W4,1323,unseen,0
W4,1324,unseen,0
W4,1325,unseen,0
W4,1326,unseen,0
W4,1327,unseen,0
W4,1328,unseen,0
W4,1329,unseen,0
W4,1330,unseen,0
W4,1331,unseen,0
W4,1332,unseen,0
W4,1333,unseen,0
W4,1334,unseen,0
W4,1335,very_rare,1
W4,1336,unseen,0
W4,1337,unseen,0
W4,1338,very_rare,1
W4,1339,unseen,0
W4,1340,unseen,0
W4,1341,unseen,0
W4,1342,unseen,0
W4,1343,unseen,0
W4,1344,unseen,0
W4,1345,unseen,0
W4,1346,unseen,0
W4,1347,unseen,0
W4,1348,unseen,0
W4,1349,unseen,0
W4,1350,very_rare,1
W4,1351,unseen,0
W4,1352,unseen,0
W4,1353,unseen,0
W4,1354,unseen,0
W4,1355,unseen,0
W4,1356,unseen,0
W4,1357,unseen,0
W4,1358,unseen,0
W4,1359,unseen,0
W4,1360,unseen,0
W4,1361,unseen,0
W4,1362,unseen,0
W4,1363,unseen,0
W4,1364,unseen,0
W4,1365,unseen,0
W4,1366,unseen,0
W4,1367,unseen,0
W4,1368,unseen,0
W4,1369,unseen,0
W4,1370,unseen,0
W4,1371,unseen,0
W4,1372,unseen,0
W4,1373,unseen,0
W4,1374,unseen,0
W4,1375,unseen,0
W4,1376,unseen,0
W4,1377,unseen,0
W4,1378,unseen,0
W4,1379,unseen,0
W4,1380,unseen,0
W4,1381,unseen,0
W4,1382,unseen,0
W4,1383,unseen,0
W4,1384,unseen,0
W4,1385,unseen,0
W4,1386,unseen,0
W4,1387,unseen,0
W4,1388,unseen,0
W4,1389,unseen,0
W4,1390,unseen,0
W4,1391,unseen,0
W4,1392,unseen,0
W4,1393,unseen,0
W4,1394,unseen,0
W4,1395,unseen,0
W4,1396,unseen,0
W4,1397,unseen,0
W4,1398,unseen,0
W4,1399,unseen,0
W4,1400,unseen,0
W4,1401,unseen,0
W4,1402,very_rare,1
W4,1403,very_rare,2
W4,1404,unseen,0
W4,1405,unseen,0
W4,1406,unseen,0
W4,1407,unseen,0
W4,1408,unseen,0
W4,1409,unseen,0
W4,1410,unseen,0
W4,1411,unseen,0
W4,1412,unseen,0
W4,1413,unseen,0
W4,1414,unseen,0
W4,1415,unseen,0
W4,1416,unseen,0
W4,1417,unseen,0
W4,1418,unseen,0
W4,1419,unseen,0
W4,1420,unseen,0
W4,1421,unseen,0
W4,1422,unseen,0
W4,1423,unseen,0
W4,1424,very_rare,2
W4,1425,unseen,0
W4,1426,very_rare,1
W4,1427,unseen,0
W4,1428,unseen,0
W4,1429,unseen,0
W4,1430,unseen,0
W4,1431,unseen,0
W4,1432,unseen,0
W4,1433,unseen,0
W4,1434,unseen,0
W4,1435,unseen,0
W4,1436,unseen,0
W4,1437,unseen,0
W4,1438,very_rare,2
W4,1439,unseen,0
W4,1440,unseen,0
W4,1441,unseen,0
W4,1442,unseen,0
W4,1443,unseen,0
W4,1444,unseen,0
W4,1445,unseen,0
W4,1446,unseen,0
W4,1447,unseen,0
W4,1448,unseen,0
W4,1449,very_rare,2
W4,1450,unseen,0
W4,1451,unseen,0
W4,1452,unseen,0
W4,1453,unseen,0
W4,1454,unseen,0
W4,1455,very_rare,2
W4,1456,very_rare,1
W4,1457,very_rare,2
W4,1458,unseen,0
W4,1459,unseen,0
W4,1460,unseen,0
W4,1461,unseen,0
W4,1462,unseen,0
W4,1463,unseen,0
W4,1464,unseen,0
W4,1465,very_rare,1
W4,1466,unseen,0
W4,1467,unseen,0
W4,1468,unseen,0
W4,1469,unseen,0
W4,1470,unseen,0
W4,1471,unseen,0
W4,1472,unseen,0
W4,1473,unseen,0
W4,1474,unseen,0
W4,1475,unseen,0
W4,1476,unseen,0
W4,1477,unseen,0
W4,1478,unseen,0
W4,1479,unseen,0
W4,1480,unseen,0
W4,1481,unseen,0
W4,1482,unseen,0
W4,1483,unseen,0
W4,1484,unseen,0
W4,1485,unseen,0
W4,1486,unseen,0
W4,1487,unseen,0
W4,1488,unseen,0
W4,1489,unseen,0
W4,1490,unseen,0
W4,1491,unseen,0
W4,1492,unseen,0
W4,1493,unseen,0
W4,1494,unseen,0
W4,1495,unseen,0
W4,1496,unseen,0
W4,1497,very_rare,1
W4,1498,unseen,0
W4,1499,unseen,0
W4,1500,unseen,0
W4,1501,unseen,0
W4,1502,unseen,0
W4,1503,unseen,0
W4,1504,unseen,0
W4,1505,unseen,0
W4,1506,unseen,0
W4,1507,unseen,0
W4,1508,unseen,0
W4,1509,unseen,0
W4,1510,unseen,0
W4,1511,unseen,0
W4,1512,unseen,0
W4,1513,unseen,0
W4,1514,unseen,0
W4,1515,unseen,0
W4,1516,unseen,0
W4,1517,unseen,0
W4,1518,unseen,0
W4,1519,unseen,0
W4,1520,unseen,0
W4,1521,unseen,0
W4,1522,unseen,0
W4,1523,unseen,0
W4,1524,unseen,0
W4,1525,very_rare,1
W4,1526,unseen,0
W4,1527,unseen,0
W4,1528,unseen,0
W4,1529,unseen,0
W4,1530,unseen,0
W4,1531,unseen,0
W4,1532,unseen,0
W4,1533,unseen,0
W4,1534,unseen,0
W4,1535,unseen,0
W4,1536,unseen,0
W4,1537,unseen,0
W4,1538,unseen,0
W4,1539,unseen,0
W4,1540,unseen,0
W4,1541,unseen,0
W4,1542,unseen,0
W4,1543,unseen,0
W4,1544,unseen,0
W4,1545,unseen,0
W4,1546,very_rare,3
W4,1547,unseen,0
W4,1548,unseen,0
W4,1549,unseen,0
W4,1550,unseen,0
W4,1551,unseen,0
W4,1552,unseen,0
W4,1553,unseen,0
W4,1554,unseen,0
W4,1555,unseen,0
W4,1556,unseen,0
W4,1557,unseen,0
W4,1558,unseen,0
W4,1559,unseen,0
W4,1560,unseen,0
W4,1561,unseen,0
W4,1562,unseen,0
W4,1563,unseen,0
W4,1564,unseen,0
W4,1565,unseen,0
W4,1566,unseen,0
W4,1567,unseen,0
W4,1568,unseen,0
W4,1569,unseen,0
W4,1570,unseen,0
W4,1571,unseen,0
W4,1572,unseen,0
W4,1573,unseen,0
W4,1574,unseen,0
W4,1575,unseen,0
W4,1576,very_rare,1
W4,1577,unseen,0
W4,1578,unseen,0
W4,1579,very_rare,1
W4,1580,unseen,0
W4,1581,unseen,0
W4,1582,very_rare,1
W4,1583,unseen,0
W4,1584,unseen,0
W4,1585,unseen,0
W4,1586,unseen,0
W4,1587,unseen,0
W4,1588,unseen,0
W4,1589,unseen,0
W4,1590,unseen,0
W4,1591,unseen,0
W4,1592,unseen,0
W4,1593,unseen,0
W4,1594,very_rare,2
W4,1595,rare,4
W4,1596,unseen,0
W4,1597,unseen,0
W4,1598,unseen,0
W4,1599,unseen,0
W4,1600,unseen,0
W4,1601,unseen,0
W4,1602,unseen,0
W4,1603,very_rare,1
W4,1604,unseen,0
W4,1605,unseen,0
W4,1606,unseen,0
W4,1607,unseen,0
W4,1608,unseen,0
W4,1609,unseen,0
W4,1610,very_rare,2
W4,1611,unseen,0
W4,1612,unseen,0
W4,1613,unseen,0
W4,1614,unseen,0
W4,1615,unseen,0
W4,1616,unseen,0
W4,1617,unseen,0
W4,1618,unseen,0
W4,1619,unseen,0
W4,1620,unseen,0
W4,1621,unseen,0
W4,1622,unseen,0
W4,1623,unseen,0
W4,1624,unseen,0
W4,1625,unseen,0
W4,1626,unseen,0
W4,1627,unseen,0
W4,1628,unseen,0
W4,1629,unseen,0
W4,1630,unseen,0
W4,1631,unseen,0
W4,1632,unseen,0
W4,1633,unseen,0
W4,1634,very_rare,1
W4,1635,unseen,0
W4,1636,unseen,0
W4,1637,unseen,0
W4,1638,unseen,0
W4,1639,unseen,0
W4,1640,unseen,0
W4,1641,unseen,0
W4,1642,unseen,0
W4,1643,unseen,0
W4,1644,unseen,0
W4,1645,unseen,0
W4,1646,unseen,0
W4,1647,unseen,0
W4,1648,unseen,0
W4,1649,unseen,0
W4,1650,unseen,0
W4,1651,unseen,0
W4,1652,unseen,0
W4,1653,unseen,0
W4,1654,unseen,0
W4,1655,unseen,0
W4,1656,unseen,0
W4,1657,unseen,0
W4,1658,unseen,0
W4,1659,unseen,0
W4,1660,unseen,0
W4,1661,unseen,0
W4,1662,unseen,0
W4,1663,unseen,0
W4,1664,unseen,0
W4,1665,unseen,0
W4,1666,unseen,0
W4,1667,unseen,0
W4,1668,unseen,0
W4,1669,unseen,0
W4,1670,unseen,0
W4,1671,unseen,0
W4,1672,unseen,0
W4,1673,unseen,0
W4,1674,unseen,0
W4,1675,unseen,0
W4,1676,unseen,0
W4,1677,unseen,0
W4,1678,unseen,0
W4,1679,unseen,0
W4,1680,unseen,0
W4,1681,very_rare,1
W4,1682,unseen,0
W4,1683,unseen,0
W4,1684,unseen,0
W4,1685,unseen,0
W4,1686,unseen,0
W4,1687,unseen,0
W4,1688,unseen,0
W4,1689,unseen,0
W4,1690,unseen,0
W4,1691,unseen,0
W4,1692,unseen,0
W4,1693,unseen,0
W4,1694,unseen,0
W4,1695,unseen,0
W4,1696,unseen,0
W4,1697,unseen,0
W4,1698,unseen,0
W4,1699,unseen,0
W4,1700,unseen,0
W4,1701,unseen,0
W4,1702,very_rare,1
W4,1703,unseen,0
W4,1704,unseen,0
W4,1705,unseen,0
W4,1706,unseen,0
W4,1707,unseen,0
W4,1708,unseen,0
W4,1709,unseen,0
W4,1710,unseen,0
W4,1711,unseen,0
W4,1712,unseen,0
W4,1713,unseen,0
W4,1714,unseen,0
W4,1715,unseen,0
W4,1716,unseen,0
W4,1717,unseen,0
W4,1718,unseen,0
W4,1719,unseen,0
W4,1720,unseen,0
W4,1721,unseen,0
W4,1722,unseen,0
W4,1723,unseen,0
W4,1724,unseen,0
W4,1725,unseen,0
W4,1726,unseen,0
W4,1727,unseen,0
W4,1728,unseen,0
W4,1729,very_rare,2
W4,1730,unseen,0
W4,1731,unseen,0
W4,1732,unseen,0
W4,1733,unseen,0
W4,1734,unseen,0
W4,1735,unseen,0
W4,1736,unseen,0
W4,1737,unseen,0
W4,1738,unseen,0
W4,1739,unseen,0
W4,1740,unseen,0
W4,1741,unseen,0
W4,1742,unseen,0
W4,1743,unseen,0
W4,1744,unseen,0
W4,1745,unseen,0
W4,1746,unseen,0
W4,1747,unseen,0
W4,1748,unseen,0
W4,1749,unseen,0
W4,1750,unseen,0
W4,1751,unseen,0
W4,1752,unseen,0
W4,1753,unseen,0
W4,1754,very_rare,1
W4,1755,unseen,0
W4,1756,unseen,0
W4,1757,unseen,0
W4,1758,unseen,0
W4,1759,unseen,0
W4,1760,unseen,0
W4,1761,unseen,0
W4,1762,unseen,0
W4,1763,unseen,0
W4,1764,unseen,0
W4,1765,unseen,0
W4,1766,unseen,0
W4,1767,unseen,0
W4,1768,unseen,0
W4,1769,unseen,0
W4,1770,unseen,0
W4,1771,unseen,0
W4,1772,unseen,0
W4,1773,unseen,0
W4,1774,unseen,0
W4,1775,unseen,0
W4,1776,unseen,0
W4,1777,unseen,0
W4,1778,unseen,0
W4,1779,unseen,0
W4,1780,unseen,0
W4,1781,unseen,0
W4,1782,unseen,0
W4,1783,unseen,0
W4,1784,unseen,0
W4,1785,unseen,0
W4,1786,unseen,0
W4,1787,unseen,0
W4,1788,unseen,0
W4,1789,unseen,0
W4,1790,unseen,0
W4,1791,unseen,0
W4,1792,unseen,0
W4,1793,unseen,0
W4,1794,unseen,0
W4,1795,unseen,0
W4,1796,unseen,0
W4,1797,unseen,0
W4,1798,unseen,0
W4,1799,unseen,0
W4,1800,unseen,0
W4,1801,unseen,0
W4,1802,unseen,0
W4,1803,unseen,0
W4,1804,unseen,0
W4,1805,unseen,0
W4,1806,unseen,0
W4,1807,unseen,0
W4,1808,unseen,0
W4,1809,unseen,0
W4,1810,unseen,0
W4,1811,unseen,0
W4,1812,unseen,0
W4,1813,unseen,0
W4,1814,unseen,0
W4,1815,unseen,0
W4,1816,unseen,0
W4,1817,unseen,0
W4,1818,unseen,0
W4,1819,unseen,0
W4,1820,unseen,0
W4,1821,unseen,0
W4,1822,unseen,0
W4,1823,unseen,0
W4,1824,unseen,0
W4,1825,unseen,0
W4,1826,very_rare,2
W4,1827,unseen,0
W4,1828,unseen,0
W4,1829,unseen,0
W4,1830,unseen,0
W4,1831,unseen,0
W4,1832,unseen,0
W4,1833,unseen,0
W4,1834,unseen,0
W4,1835,unseen,0
W4,1836,unseen,0
W4,1837,unseen,0
W4,1838,unseen,0
W4,1839,unseen,0
W4,1840,unseen,0
W4,1841,unseen,0
W4,1842,unseen,0
W4,1843,unseen,0
W4,1844,unseen,0
W4,1845,unseen,0
W4,1846,unseen,0
W4,1847,unseen,0
W4,1848,unseen,0
W4,1849,unseen,0
W4,1850,unseen,0
W4,1851,unseen,0
W4,1852,unseen,0
W4,1853,unseen,0
W4,1854,unseen,0
W4,1855,unseen,0
W4,1856,unseen,0
W4,1857,unseen,0
W4,1858,unseen,0
W4,1859,unseen,0
W4,1860,very_rare,1
W4,1861,unseen,0
W4,1862,unseen,0
W4,1863,unseen,0
W4,1864,unseen,0
W4,1865,unseen,0
W4,1866,unseen,0
W4,1867,unseen,0
W4,1868,unseen,0
W4,1869,unseen,0
W4,1870,unseen,0
W4,1871,unseen,0
W4,1872,unseen,0
W4,1873,unseen,0
W4,1874,unseen,0
W4,1875,unseen,0
W4,1876,unseen,0
W4,1877,unseen,0
W4,1878,unseen,0
W4,1879,unseen,0
W4,1880,unseen,0
W4,1881,unseen,0
W4,1882,unseen,0
W4,1883,unseen,0
W4,1884,unseen,0
W4,1885,unseen,0
W4,1886,unseen,0
W4,1887,unseen,0
W4,1888,unseen,0
W4,1889,unseen,0
W4,1890,unseen,0
W4,1891,unseen,0
W4,1892,unseen,0
W4,1893,unseen,0
W4,1894,unseen,0
W4,1895,unseen,0
W4,1896,unseen,0
W4,1897,unseen,0
W4,1898,unseen,0
W4,1899,unseen,0
W4,1900,unseen,0
W4,1901,unseen,0
W4,1902,unseen,0
W4,1903,unseen,0
W4,1904,unseen,0
W4,1905,unseen,0
W4,1906,unseen,0
W4,1907,unseen,0
W4,1908,unseen,0
W4,1909,unseen,0
W4,1910,unseen,0
W4,1911,unseen,0
W4,1912,unseen,0
W4,1913,unseen,0
W4,1914,unseen,0
W4,1915,unseen,0
W4,1916,unseen,0
W4,1917,unseen,0
W4,1918,unseen,0
W4,1919,unseen,0
W4,1920,unseen,0
W4,1921,unseen,0
W4,1922,unseen,0
W4,1923,unseen,0
W4,1924,unseen,0
W4,1925,unseen,0
W4,1926,unseen,0
W4,1927,unseen,0
W4,1928,unseen,0
W4,1929,unseen,0
W4,1930,unseen,0
W4,1931,unseen,0
W4,1932,unseen,0
W4,1933,unseen,0
W4,1934,very_rare,1
W4,1935,unseen,0
W4,1936,unseen,0
W4,1937,unseen,0
W4,1938,unseen,0
W4,1939,unseen,0
W4,1940,unseen,0
W4,1941,unseen,0
W4,1942,unseen,0
W4,1943,unseen,0
W4,1944,unseen,0
W4,1945,very_rare,1
W4,1946,unseen,0
W4,1947,unseen,0
W4,1948,unseen,0
W4,1949,unseen,0
W4,1950,unseen,0
W4,1951,unseen,0
W4,1952,unseen,0
W4,1953,unseen,0
W4,1954,unseen,0
W4,1955,unseen,0
W4,1956,unseen,0
W4,1957,very_rare,1
W4,1958,very_rare,1
W4,1959,very_rare,1
W4,1960,unseen,0
W4,1961,unseen,0
W4,1962,unseen,0
W4,1963,unseen,0
W4,1964,unseen,0
W4,1965,unseen,0
W4,1966,unseen,0
W4,1967,unseen,0
W4,1968,unseen,0
W4,1969,unseen,0
W4,1970,very_rare,1
W4,1971,unseen,0
W4,1972,unseen,0
W4,1973,unseen,0
W4,1974,unseen,0
W4,1975,unseen,0
W4,1976,unseen,0
W4,1977,unseen,0
W4,1978,unseen,0
W4,1979,unseen,0
W4,1980,unseen,0
W4,1981,unseen,0
W4,1982,unseen,0
W4,1983,unseen,0
W4,1984,unseen,0
W4,1985,unseen,0
W4,1986,unseen,0
W4,1987,unseen,0
W4,1988,unseen,0
W4,1989,unseen,0
W4,1990,unseen,0
W4,1991,unseen,0
W4,1992,unseen,0
W4,1993,unseen,0
W4,1994,unseen,0
W4,1995,unseen,0
W4,1996,unseen,0
W4,1997,unseen,0
W4,1998,unseen,0
W4,1999,unseen,0
W4,2000,unseen,0
W4,2001,unseen,0
W4,2002,unseen,0
W4,2003,unseen,0
W4,2004,unseen,0
W4,2005,unseen,0
W4,2006,unseen,0
W4,2007,unseen,0
W4,2008,very_rare,2
W4,2009,unseen,0
W4,2010,unseen,0
W4,2011,unseen,0
W4,2012,unseen,0
W4,2013,unseen,0
W4,2014,unseen,0
W4,2015,unseen,0
W4,2016,unseen,0
W4,2017,unseen,0
W4,2018,unseen,0
W4,2019,unseen,0
W4,2020,unseen,0
W4,2021,very_rare,1
W4,2022,unseen,0
W4,2023,very_rare,1
W4,2024,unseen,0
W4,2025,very_rare,1
W4,2026,unseen,0
W4,2027,unseen,0
W4,2028,unseen,0
W4,2029,unseen,0
W4,2030,unseen,0
W4,2031,unseen,0
W4,2032,unseen,0
W4,2033,unseen,0
W4,2034,unseen,0
W4,2035,unseen,0
W4,2036,unseen,0
W4,2037,unseen,0
W4,2038,unseen,0
W4,2039,unseen,0
W4,2040,unseen,0
W4,2041,unseen,0
W4,2042,unseen,0
W4,2043,unseen,0
W4,2044,unseen,0
W4,2045,unseen,0
W4,2046,unseen,0
W4,2047,unseen,0
W4,2048,unseen,0
W4,2049,unseen,0
W4,2050,unseen,0
W4,2051,very_rare,1
W4,2052,unseen,0
W4,2053,unseen,0
W4,2054,unseen,0
W4,2055,unseen,0
W4,2056,unseen,0
W4,2057,unseen,0
W4,2058,unseen,0
W4,2059,unseen,0
W4,2060,unseen,0
W4,2061,unseen,0
W4,2062,unseen,0
W4,2063,unseen,0
W4,2064,unseen,0
W4,2065,unseen,0
W4,2066,unseen,0
W4,2067,unseen,0
W4,2068,unseen,0
W4,2069,unseen,0
W4,2070,unseen,0
W4,2071,unseen,0
W4,2072,unseen,0
W4,2073,unseen,0
W4,2074,unseen,0
W4,2075,unseen,0
W4,2076,unseen,0
W4,2077,unseen,0
W4,2078,unseen,0
W4,2079,unseen,0
W4,2080,unseen,0
W4,2081,unseen,0
W4,2082,unseen,0
W4,2083,unseen,0
W4,2084,unseen,0
W4,2085,unseen,0
W4,2086,unseen,0
W4,2087,unseen,0
W4,2088,unseen,0
W4,2089,unseen,0
W4,2090,unseen,0
W4,2091,unseen,0
W4,2092,unseen,0
W4,2093,unseen,0
W4,2094,unseen,0
W4,2095,unseen,0
W4,2096,very_rare,1
W4,2097,unseen,0
W4,2098,unseen,0
W4,2099,unseen,0
W4,2100,unseen,0
W4,2101,unseen,0
W4,2102,unseen,0
W4,2103,unseen,0
W4,2104,unseen,0
W4,2105,unseen,0
W4,2106,unseen,0
W4,2107,unseen,0
W4,2108,unseen,0
W4,2109,unseen,0
W4,2110,unseen,0
W4,2111,unseen,0
W4,2112,unseen,0
W4,2113,unseen,0
W4,2114,unseen,0
W4,2115,unseen,0
W4,2116,unseen,0
W4,2117,unseen,0
W4,2118,unseen,0
W4,2119,unseen,0
W4,2120,unseen,0
W4,2121,very_rare,1
W4,2122,unseen,0
W4,2123,unseen,0
W4,2124,unseen,0
W4,2125,unseen,0
W4,2126,unseen,0
W4,2127,unseen,0
W4,2128,unseen,0
W4,2129,unseen,0
W4,2130,very_rare,1
W4,2131,unseen,0
W4,2132,unseen,0
W4,2133,unseen,0
W4,2134,unseen,0
W4,2135,unseen,0
W4,2136,unseen,0
W4,2137,unseen,0
W4,2138,unseen,0
W4,2139,unseen,0
W4,2140,unseen,0
W4,2141,unseen,0
W4,2142,unseen,0
W4,2143,unseen,0
W4,2144,unseen,0
W4,2145,unseen,0
W4,2146,unseen,0
W4,2147,unseen,0
W4,2148,unseen,0
W4,2149,unseen,0
W4,2150,unseen,0
W4,2151,unseen,0
W4,2152,unseen,0
W4,2153,unseen,0
W4,2154,unseen,0
W4,2155,unseen,0
W4,2156,unseen,0
W4,2157,unseen,0
W4,2158,unseen,0
W4,2159,unseen,0
W4,2160,unseen,0
W4,2161,unseen,0
W4,2162,unseen,0
W4,2163,unseen,0
W4,2164,unseen,0
W4,2165,unseen,0
W4,2166,unseen,0
W4,2167,unseen,0
W4,2168,unseen,0
W4,2169,unseen,0
W4,2170,unseen,0
W4,2171,unseen,0
W4,2172,unseen,0
W4,2173,unseen,0
W4,2174,unseen,0
W4,2175,unseen,0
W4,2176,unseen,0
W4,2177,unseen,0
W4,2178,unseen,0
W4,2179,unseen,0
W4,2180,unseen,0
W4,2181,unseen,0
W4,2182,unseen,0
W4,2183,unseen,0
W4,2184,unseen,0
W4,2185,unseen,0
W4,2186,unseen,0
W4,2187,unseen,0
W4,2188,unseen,0
W4,2189,unseen,0
W4,2190,unseen,0
W4,2191,unseen,0
W4,2192,unseen,0
W4,2193,unseen,0
W4,2194,unseen,0
W4,2195,unseen,0
W4,2196,unseen,0
W4,2197,unseen,0
W4,2198,unseen,0
W4,2199,unseen,0
W4,2200,unseen,0
W4,2201,unseen,0
W4,2202,unseen,0
W4,2203,unseen,0
W4,2204,unseen,0
W4,2205,unseen,0
W4,2206,unseen,0
W4,2207,unseen,0
W4,2208,unseen,0
W4,2209,unseen,0
W4,2210,unseen,0
W4,2211,unseen,0
W4,2212,unseen,0
W4,2213,unseen,0
W4,2214,unseen,0
W4,2215,unseen,0
W4,2216,unseen,0
W4,2217,unseen,0
W4,2218,unseen,0
W4,2219,unseen,0
W4,2220,unseen,0
W4,2221,unseen,0
W4,2222,unseen,0
W4,2223,unseen,0
W4,2224,unseen,0
W4,2225,very_rare,1
W4,2226,unseen,0
W4,2227,unseen,0
W4,2228,unseen,0
W4,2229,unseen,0
W4,2230,unseen,0
W4,2231,unseen,0
W4,2232,unseen,0
W4,2233,unseen,0
W4,2234,unseen,0
W4,2235,unseen,0
W4,2236,unseen,0
W4,2237,unseen,0
W4,2238,unseen,0
W4,2239,unseen,0
W4,2240,unseen,0
W4,2241,unseen,0
W4,2242,unseen,0
W4,2243,unseen,0
W4,2244,unseen,0
W4,2245,unseen,0
W4,2246,unseen,0
W4,2247,unseen,0
W4,2248,unseen,0
W4,2249,unseen,0
W4,2250,unseen,0
W4,2251,unseen,0
W4,2252,unseen,0
W4,2253,unseen,0
W4,2254,unseen,0
W4,2255,unseen,0
W4,2256,unseen,0
W4,2257,unseen,0
W4,2258,unseen,0
W4,2259,unseen,0
W4,2260,unseen,0
W4,2261,unseen,0
W4,2262,unseen,0
W4,2263,unseen,0
W4,2264,unseen,0
W4,2265,unseen,0
W4,2266,unseen,0
W4,2267,unseen,0
W4,2268,unseen,0
W4,2269,unseen,0
W4,2270,unseen,0
W4,2271,unseen,0
W4,2272,unseen,0
W4,2273,unseen,0
W4,2274,unseen,0
W4,2275,unseen,0
W4,2276,unseen,0
W4,2277,unseen,0
W4,2278,unseen,0
W4,2279,unseen,0
W4,2280,unseen,0
W4,2281,unseen,0
W4,2282,unseen,0
W4,2283,unseen,0
W4,2284,unseen,0
W4,2285,unseen,0
W4,2286,unseen,0
W4,2287,unseen,0
W4,2288,unseen,0
W4,2289,unseen,0
W4,2290,unseen,0
W4,2291,unseen,0
W4,2292,unseen,0
W4,2293,unseen,0
W4,2294,unseen,0
W4,2295,unseen,0
W4,2296,unseen,0
W4,2297,unseen,0
W4,2298,unseen,0
W4,2299,unseen,0
W4,2300,unseen,0
W4,2301,unseen,0
W4,2302,unseen,0
W4,2303,unseen,0
W4,2304,unseen,0
W4,2305,unseen,0
W4,2306,unseen,0
W4,2307,unseen,0
W4,2308,unseen,0
W4,2309,unseen,0
W4,2310,unseen,0
W4,2311,unseen,0
W4,2312,unseen,0
W4,2313,unseen,0
W4,2314,unseen,0
W4,2315,unseen,0
W4,2316,unseen,0
W4,2317,unseen,0
W4,2318,unseen,0
W4,2319,unseen,0
W4,2320,unseen,0
W4,2321,unseen,0
W4,2322,unseen,0
W4,2323,unseen,0
W4,2324,unseen,0
W4,2325,unseen,0
W4,2326,unseen,0
W4,2327,unseen,0
W4,2328,unseen,0
W4,2329,unseen,0
W4,2330,unseen,0
W4,2331,unseen,0
W4,2332,unseen,0
W4,2333,unseen,0
W4,2334,very_rare,1
W4,2335,unseen,0
W4,2336,unseen,0
W4,2337,unseen,0
W4,2338,unseen,0
W4,2339,unseen,0
W4,2340,unseen,0
W4,2341,unseen,0
W4,2342,unseen,0
W4,2343,unseen,0
W4,2344,unseen,0
W4,2345,unseen,0
W4,2346,unseen,0
W4,2347,unseen,0
W4,2348,unseen,0
W4,2349,unseen,0
W4,2350,unseen,0
W4,2351,unseen,0
W4,2352,unseen,0
W4,2353,unseen,0
W4,2354,unseen,0
W4,2355,unseen,0
W4,2356,unseen,0
W4,2357,unseen,0
W4,2358,unseen,0
W4,2359,unseen,0
W4,2360,unseen,0
W4,2361,unseen,0
W4,2362,unseen,0
W4,2363,unseen,0
W4,2364,unseen,0
W4,2365,unseen,0
W4,2366,unseen,0
W4,2367,unseen,0
W4,2368,unseen,0
W4,2369,unseen,0
W4,2370,unseen,0
W4,2371,unseen,0
W4,2372,unseen,0
W4,2373,unseen,0
W4,2374,unseen,0
W4,2375,unseen,0
W4,2376,unseen,0
W4,2377,unseen,0
W4,2378,unseen,0
W4,2379,unseen,0
W4,2380,unseen,0
W4,2381,unseen,0
W4,2382,unseen,0
W4,2383,unseen,0
W4,2384,unseen,0
W4,2385,unseen,0
W4,2386,unseen,0
W4,2387,unseen,0
W4,2388,unseen,0
W4,2389,unseen,0
W4,2390,unseen,0
W4,2391,unseen,0
W4,2392,unseen,0
W4,2393,unseen,0
W4,2394,unseen,0
W4,2395,unseen,0
W4,2396,unseen,0
W4,2397,unseen,0
W4,2398,unseen,0
W4,2399,unseen,0
W4,2400,unseen,0
W4,2401,unseen,0
W4,2402,unseen,0
W4,2403,unseen,0
W4,2404,unseen,0
W4,2405,unseen,0
W4,2406,unseen,0
W4,2407,unseen,0
W4,2408,unseen,0
W4,2409,unseen,0
W4,2410,unseen,0
W4,2411,very_rare,1
W4,2412,unseen,0
W4,2413,unseen,0
W4,2414,unseen,0
W4,2415,unseen,0
W4,2416,unseen,0
W4,2417,unseen,0
W4,2418,unseen,0
W4,2419,unseen,0
W4,2420,unseen,0
W4,2421,unseen,0
W4,2422,unseen,0
W4,2423,unseen,0
W4,2424,unseen,0
W4,2425,unseen,0
W4,2426,unseen,0
W4,2427,unseen,0
W4,2428,unseen,0
W4,2429,unseen,0
W4,2430,unseen,0
W4,2431,unseen,0
W4,2432,unseen,0
W4,2433,unseen,0
W4,2434,unseen,0
W4,2435,unseen,0
W4,2436,unseen,0
W4,2437,unseen,0
W4,2438,unseen,0
W4,2439,unseen,0
W4,2440,unseen,0
W4,2441,unseen,0
W4,2442,unseen,0
W4,2443,unseen,0
W4,2444,unseen,0
W4,2445,unseen,0
W4,2446,unseen,0
W4,2447,unseen,0
W4,2448,unseen,0
W4,2449,unseen,0
W4,2450,unseen,0
W4,2451,unseen,0
W4,2452,unseen,0
W4,2453,unseen,0
W4,2454,unseen,0
W4,2455,unseen,0
W4,2456,unseen,0
W4,2457,unseen,0
W4,2458,unseen,0
W4,2459,unseen,0
W4,2460,unseen,0
W4,2461,unseen,0
W4,2462,unseen,0
W4,2463,unseen,0
W4,2464,unseen,0
W4,2465,unseen,0
W4,2466,unseen,0
W4,2467,unseen,0
W4,2468,unseen,0
W4,2469,unseen,0
W4,2470,unseen,0
W4,2471,unseen,0
W4,2472,unseen,0
W4,2473,unseen,0
W4,2474,unseen,0
W4,2475,unseen,0
W4,2476,unseen,0
W4,2477,unseen,0
W4,2478,unseen,0
W4,2479,unseen,0
W4,2480,unseen,0
W4,2481,unseen,0
W4,2482,unseen,0
W4,2483,unseen,0
W4,2484,unseen,0
W4,2485,unseen,0
W4,2486,unseen,0
W4,2487,unseen,0
W4,2488,unseen,0
W4,2489,unseen,0
W4,2490,unseen,0
W4,2491,unseen,0
W4,2492,unseen,0
W4,2493,unseen,0
W4,2494,unseen,0
W4,2495,unseen,0
W4,2496,unseen,0
W4,2497,unseen,0
W4,2498,very_rare,1
W4,2499,unseen,0
W4,2500,unseen,0
W4,2501,unseen,0
W4,2502,unseen,0
W4,2503,unseen,0
W4,2504,unseen,0
W4,2505,unseen,0
W4,2506,unseen,0
W4,2507,unseen,0
W4,2508,unseen,0
W4,2509,unseen,0
W4,2510,unseen,0
W4,2511,unseen,0
W4,2512,unseen,0
W4,2513,unseen,0
W4,2514,unseen,0
W4,2515,unseen,0
W4,2516,unseen,0
W4,2517,unseen,0
W4,2518,unseen,0
W4,2519,unseen,0
W4,2520,unseen,0
W4,2521,unseen,0
W4,2522,unseen,0
W4,2523,unseen,0
W4,2524,unseen,0
W4,2525,unseen,0
W4,2526,unseen,0
W4,2527,unseen,0
W4,2528,unseen,0
W4,2529,unseen,0
W4,2530,unseen,0
W4,2531,unseen,0
W4,2532,unseen,0
W4,2533,unseen,0
W4,2534,unseen,0
W4,2535,unseen,0
W4,2536,unseen,0
W4,2537,unseen,0
W4,2538,unseen,0
W4,2539,unseen,0
W4,2540,unseen,0
W4,2541,very_rare,1
W4,2542,unseen,0
W4,2543,unseen,0
W4,2544,unseen,0
W4,2545,unseen,0
W4,2546,unseen,0
W4,2547,unseen,0
W4,2548,unseen,0
W4,2549,unseen,0
W4,2550,unseen,0
W4,2551,unseen,0
W4,2552,unseen,0
W4,2553,unseen,0
W4,2554,unseen,0
W4,2555,unseen,0
W4,2556,unseen,0
W4,2557,unseen,0
W4,2558,unseen,0
W4,2559,unseen,0
W4,2560,unseen,0
W4,2561,unseen,0
W4,2562,unseen,0
W4,2563,unseen,0
W4,2564,unseen,0
W4,2565,unseen,0
W4,2566,unseen,0
W4,2567,unseen,0
W4,2568,unseen,0
W4,2569,unseen,0
W4,2570,unseen,0
W4,2571,unseen,0
W4,2572,unseen,0
W4,2573,unseen,0
W4,2574,unseen,0
W4,2575,unseen,0
W4,2576,unseen,0
W4,2577,unseen,0
W4,2578,unseen,0
W4,2579,unseen,0
W4,2580,unseen,0
W4,2581,unseen,0
W4,2582,very_rare,1
W4,2583,very_rare,1
W4,2584,unseen,0
W4,2585,unseen,0
W4,2586,unseen,0
W4,2587,unseen,0
W4,2588,unseen,0
W4,2589,unseen,0
W4,2590,unseen,0
W4,2591,unseen,0
W4,2592,unseen,0
W4,2593,unseen,0
W4,2594,unseen,0
W4,2595,unseen,0
W4,2596,unseen,0
W4,2597,unseen,0
W4,2598,unseen,0
W4,2599,unseen,0
W4,2600,unseen,0
W4,2601,unseen,0
W4,2602,unseen,0
W4,2603,very_rare,1
W4,2604,unseen,0
W4,2605,unseen,0
W4,2606,unseen,0
W4,2607,unseen,0
W4,2608,unseen,0
W4,2609,unseen,0
W4,2610,unseen,0
W4,2611,unseen,0
W4,2612,very_rare,1
W4,2613,unseen,0
W4,2614,unseen,0
W4,2615,unseen,0
W4,2616,unseen,0
W4,2617,unseen,0
W4,2618,unseen,0
W4,2619,unseen,0
W4,2620,unseen,0
W4,2621,unseen,0
W4,2622,unseen,0
W4,2623,unseen,0
W4,2624,unseen,0
W4,2625,unseen,0
W4,2626,unseen,0
W4,2627,unseen,0
W4,2628,unseen,0
W4,2629,unseen,0
W4,2630,unseen,0
W4,2631,unseen,0
W4,2632,unseen,0
W4,2633,unseen,0
W4,2634,unseen,0
W4,2635,unseen,0
W4,2636,unseen,0
W4,2637,very_rare,1
W4,2638,very_rare,1
W4,2639,unseen,0
W4,2640,unseen,0
W4,2641,unseen,0
W4,2642,unseen,0
W4,2643,unseen,0
W4,2644,unseen,0
W4,2645,unseen,0
W4,2646,unseen,0
W4,2647,very_rare,1
W4,2648,unseen,0
W4,2649,unseen,0
W4,2650,unseen,0
W4,2651,unseen,0
W4,2652,unseen,0
W4,2653,unseen,0
W4,2654,unseen,0
W4,2655,unseen,0
W4,2656,unseen,0
W4,2657,unseen,0
W4,2658,unseen,0
W4,2659,unseen,0
W4,2660,unseen,0
W4,2661,unseen,0
W4,2662,unseen,0
W4,2663,unseen,0
W4,2664,unseen,0
W4,2665,unseen,0
W4,2666,unseen,0
W4,2667,unseen,0
W4,2668,unseen,0
W4,2669,unseen,0
W4,2670,unseen,0
W4,2671,unseen,0
W4,2672,unseen,0
W4,2673,unseen,0
W4,2674,unseen,0
W4,2675,unseen,0
W4,2676,unseen,0
W4,2677,unseen,0
W4,2678,unseen,0
W4,2679,unseen,0
W4,2680,unseen,0
W4,2681,unseen,0
W4,2682,unseen,0
W4,2683,unseen,0
W4,2684,unseen,0
W4,2685,unseen,0
W4,2686,unseen,0
W4,2687,unseen,0
W4,2688,unseen,0
W4,2689,unseen,0
W4,2690,unseen,0
W4,2691,unseen,0
W4,2692,unseen,0
W4,2693,unseen,0
W4,2694,unseen,0
W4,2695,unseen,0
W4,2696,unseen,0
W4,2697,unseen,0
W4,2698,unseen,0
W4,2699,unseen,0
W4,2700,unseen,0
W4,2701,unseen,0
W4,2702,unseen,0
W4,2703,unseen,0
W4,2704,unseen,0
W4,2705,unseen,0
W4,2706,unseen,0
W4,2707,unseen,0
W4,2708,unseen,0
W4,2709,unseen,0
W4,2710,unseen,0
W4,2711,unseen,0
W4,2712,unseen,0
W4,2713,unseen,0
W4,2714,unseen,0
W4,2715,unseen,0
W4,2716,unseen,0
W4,2717,unseen,0
W4,2718,unseen,0
W4,2719,very_rare,1
W4,2720,unseen,0
W4,2721,unseen,0
W4,2722,unseen,0
W4,2723,unseen,0
W4,2724,unseen,0
W4,2725,unseen,0
W4,2726,unseen,0
W4,2727,unseen,0
W4,2728,unseen,0
W4,2729,unseen,0
W4,2730,unseen,0
W4,2731,unseen,0
W4,2732,unseen,0
W4,2733,unseen,0
W4,2734,unseen,0
W4,2735,very_rare,1
W4,2736,unseen,0
W4,2737,unseen,0
W4,2738,unseen,0
W4,2739,unseen,0
W4,2740,unseen,0
W4,2741,unseen,0
W4,2742,unseen,0
W4,2743,unseen,0
W4,2744,unseen,0
W4,2745,unseen,0
W4,2746,very_rare,1
W4,2747,unseen,0
W4,2748,unseen,0
W4,2749,unseen,0
W4,2750,unseen,0
W4,2751,unseen,0
W4,2752,unseen,0
W4,2753,unseen,0
W4,2754,unseen,0
W4,2755,unseen,0
W4,2756,unseen,0
W4,2757,unseen,0
W4,2758,unseen,0
W4,2759,unseen,0
W4,2760,unseen,0
W4,2761,unseen,0
W4,2762,unseen,0
W4,2763,unseen,0
W4,2764,unseen,0
W4,2765,unseen,0
W4,2766,unseen,0
W4,2767,unseen,0
W4,2768,unseen,0
W4,2769,very_rare,1
W4,2770,unseen,0
W4,2771,unseen,0
W4,2772,unseen,0
W4,2773,unseen,0
W4,2774,unseen,0
W4,2775,unseen,0
W4,2776,unseen,0
W4,2777,unseen,0
W4,2778,unseen,0
W4,2779,unseen,0
W4,2780,unseen,0
W4,2781,unseen,0
W4,2782,unseen,0
W4,2783,unseen,0
W4,2784,unseen,0
W4,2785,unseen,0
W4,2786,unseen,0
W4,2787,unseen,0
W4,2788,unseen,0
W4,2789,very_rare,1
W4,2790,unseen,0
W4,2791,unseen,0
W4,2792,unseen,0
W4,2793,unseen,0
W4,2794,unseen,0
W4,2795,unseen,0
W4,2796,unseen,0
W4,2797,unseen,0
W4,2798,unseen,0
W4,2799,unseen,0
W4,2800,unseen,0
W4,2801,unseen,0
W4,2802,unseen,0
W4,2803,unseen,0
W4,2804,unseen,0
W4,2805,unseen,0
W4,2806,unseen,0
W4,2807,unseen,0
W4,2808,unseen,0
W4,2809,unseen,0
W4,2810,unseen,0
W4,2811,unseen,0
W4,2812,unseen,0
W4,2813,unseen,0
W4,2814,unseen,0
W4,2815,unseen,0
W4,2816,unseen,0
W4,2817,unseen,0
W4,2818,unseen,0
W4,2819,unseen,0
W4,2820,unseen,0
W4,2821,unseen,0
W4,2822,unseen,0
W4,2823,unseen,0
W4,2824,unseen,0
W4,2825,unseen,0
W4,2826,unseen,0
W4,2827,unseen,0
W4,2828,unseen,0
W4,2829,unseen,0
W4,2830,unseen,0
W4,2831,unseen,0
W4,2832,unseen,0
W4,2833,unseen,0
W4,2834,unseen,0
W4,2835,unseen,0
W4,2836,unseen,0
W4,2837,unseen,0
W4,2838,unseen,0
W4,2839,unseen,0
W4,2840,very_rare,1
W4,2841,unseen,0
W4,2842,unseen,0
W4,2843,unseen,0
W4,2844,very_rare,1
W4,2845,unseen,0
W4,2846,unseen,0
W4,2847,unseen,0
W4,2848,unseen,0
W4,2849,unseen,0
W4,2850,unseen,0
W4,2851,unseen,0
W4,2852,unseen,0
W4,2853,unseen,0
W4,2854,unseen,0
W4,2855,unseen,0
W4,2856,unseen,0
W4,2857,unseen,0
W4,2858,unseen,0
W4,2859,unseen,0
W4,2860,unseen,0
W4,2861,unseen,0
W4,2862,unseen,0
W4,2863,unseen,0
W4,2864,unseen,0
W4,2865,unseen,0
W4,2866,unseen,0
W4,2867,unseen,0
W4,2868,unseen,0
W4,2869,unseen,0
W4,2870,unseen,0
W4,2871,unseen,0
W4,2872,unseen,0
W4,2873,unseen,0
W4,2874,unseen,0
W4,2875,unseen,0
W4,2876,unseen,0
W4,2877,unseen,0
W4,2878,unseen,0
W4,2879,unseen,0
W4,2880,unseen,0
W4,2881,unseen,0
W4,2882,unseen,0
W4,2883,unseen,0
W4,2884,unseen,0
W4,2885,unseen,0
W4,2886,unseen,0
W4,2887,unseen,0
W4,2888,unseen,0
W4,2889,unseen,0
W4,2890,unseen,0
W4,2891,unseen,0
W4,2892,unseen,0
W4,2893,unseen,0
W4,2894,unseen,0
W4,2895,unseen,0
W4,2896,unseen,0
W4,2897,unseen,0
W4,2898,unseen,0
W4,2899,unseen,0
W4,2900,unseen,0
W4,2901,unseen,0
W4,2902,unseen,0
W4,2903,unseen,0
W4,2904,unseen,0
W4,2905,unseen,0
W4,2906,unseen,0
W4,2907,unseen,0
W4,2908,unseen,0
W4,2909,unseen,0
W4,2910,unseen,0
W4,2911,unseen,0
W4,2912,unseen,0
W4,2913,unseen,0
W4,2914,unseen,0
W4,2915,unseen,0
W4,2916,unseen,0
W4,2917,unseen,0
W4,2918,unseen,0
W4,2919,unseen,0
W4,2920,unseen,0
W4,2921,unseen,0
W4,2922,unseen,0
W4,2923,unseen,0
W4,2924,unseen,0
W4,2925,unseen,0
W4,2926,unseen,0
W4,2927,unseen,0
W4,2928,unseen,0
W4,2929,unseen,0
W4,2930,unseen,0
W4,2931,unseen,0
W4,2932,unseen,0
W4,2933,unseen,0
W4,2934,unseen,0
W4,2935,unseen,0
W4,2936,unseen,0
W4,2937,unseen,0
W4,2938,unseen,0
W4,2939,unseen,0
W4,2940,unseen,0
W4,2941,unseen,0
W4,2942,unseen,0
W4,2943,unseen,0
W4,2944,unseen,0
W4,2945,very_rare,1
W4,2946,unseen,0
W4,2947,unseen,0
W4,2948,unseen,0
W4,2949,unseen,0
W4,2950,unseen,0
W4,2951,unseen,0
W4,2952,unseen,0
W4,2953,unseen,0
W4,2954,unseen,0
W4,2955,unseen,0
W4,2956,unseen,0
W4,2957,unseen,0
W4,2958,unseen,0
W4,2959,unseen,0
W4,2960,unseen,0
W4,2961,unseen,0
W4,2962,unseen,0
W4,2963,unseen,0
W4,2964,unseen,0
W4,2965,unseen,0
W4,2966,unseen,0
W4,2967,unseen,0
W4,2968,unseen,0
W4,2969,unseen,0
W4,2970,unseen,0
W4,2971,unseen,0
W4,2972,unseen,0
W4,2973,unseen,0
W4,2974,unseen,0
W4,2975,unseen,0
W4,2976,unseen,0
W4,2977,unseen,0
W4,2978,unseen,0
W4,2979,unseen,0
W4,2980,unseen,0
W4,2981,unseen,0
W4,2982,unseen,0
W4,2983,unseen,0
W4,2984,unseen,0
W4,2985,unseen,0
W4,2986,very_rare,1
W4,2987,unseen,0
W4,2988,unseen,0
W4,2989,unseen,0
W4,2990,unseen,0
W4,2991,unseen,0
W4,2992,unseen,0
W4,2993,unseen,0
W4,2994,very_rare,1
W4,2995,unseen,0
W4,2996,unseen,0
W4,2997,unseen,0
W4,2998,very_rare,1
W4,2999,unseen,0
W4,3000,unseen,0
W4,3001,unseen,0
W4,3002,unseen,0
W4,3003,unseen,0
W4,3004,unseen,0
W4,3005,unseen,0
W4,3006,unseen,0
W4,3007,unseen,0
W4,3008,unseen,0
W4,3009,unseen,0
W4,3010,unseen,0
W4,3011,unseen,0
W4,3012,unseen,0
W4,3013,unseen,0
W4,3014,unseen,0
W4,3015,unseen,0
W4,3016,unseen,0
W4,3017,unseen,0
W4,3018,unseen,0
W4,3019,unseen,0
W4,3020,unseen,0
W4,3021,unseen,0
W4,3022,unseen,0
W4,3023,unseen,0
W4,3024,unseen,0
W4,3025,unseen,0
W4,3026,unseen,0
W4,3027,unseen,0
W4,3028,unseen,0
W4,3029,unseen,0
W4,3030,unseen,0
W4,3031,unseen,0
W4,3032,unseen,0
W4,3033,unseen,0
W4,3034,unseen,0
W4,3035,unseen,0
W4,3036,unseen,0
W4,3037,unseen,0
W4,3038,unseen,0
W4,3039,unseen,0
W4,3040,unseen,0
W4,3041,unseen,0
W4,3042,unseen,0
W4,3043,unseen,0
W4,3044,unseen,0
W4,3045,unseen,0
W4,3046,unseen,0
W4,3047,unseen,0
W4,3048,unseen,0
W4,3049,unseen,0
W4,3050,unseen,0
W4,3051,unseen,0
W4,3052,unseen,0
W4,3053,unseen,0
W4,3054,unseen,0
W4,3055,unseen,0
W4,3056,unseen,0
W4,3057,unseen,0
W4,3058,unseen,0
W4,3059,unseen,0
W4,3060,unseen,0
W4,3061,unseen,0
W4,3062,unseen,0
W4,3063,unseen,0
W4,3064,unseen,0
W4,3065,unseen,0
W4,3066,unseen,0
W4,3067,unseen,0
W4,3068,unseen,0
W4,3069,unseen,0
W4,3070,unseen,0
W4,3071,unseen,0
W4,3072,unseen,0
W4,3073,unseen,0
W4,3074,unseen,0
W4,3075,unseen,0
W4,3076,unseen,0
W4,3077,unseen,0
W4,3078,unseen,0
W4,3079,unseen,0
W4,3080,unseen,0
W4,3081,unseen,0
W4,3082,unseen,0
W4,3083,unseen,0
W4,3084,unseen,0
W4,3085,unseen,0
W4,3086,unseen,0
W4,3087,unseen,0
W4,3088,unseen,0
W4,3089,unseen,0
W4,3090,unseen,0
W4,3091,unseen,0
W4,3092,unseen,0
W4,3093,unseen,0
W4,3094,unseen,0
W4,3095,unseen,0
W4,3096,unseen,0
W4,3097,unseen,0
W4,3098,unseen,0
W4,3099,very_rare,3
W4,3100,unseen,0
W4,3101,unseen,0
W4,3102,unseen,0
W4,3103,unseen,0
W4,3104,unseen,0
W4,3105,unseen,0
W4,3106,unseen,0
W4,3107,unseen,0
W4,3108,unseen,0
W4,3109,unseen,0
W4,3110,unseen,0
W4,3111,very_rare,1
W4,3112,unseen,0
W4,3113,unseen,0
W4,3114,unseen,0
W4,3115,unseen,0
W4,3116,unseen,0
W4,3117,unseen,0
W4,3118,unseen,0
W4,3119,unseen,0
W4,3120,unseen,0
W4,3121,unseen,0
W4,3122,unseen,0
W4,3123,unseen,0
W4,3124,unseen,0
W4,3125,unseen,0
W4,3126,unseen,0
W4,3127,unseen,0
W4,3128,very_rare,1
W4,3129,very_rare,1
W4,3130,unseen,0
W4,3131,unseen,0
W4,3132,unseen,0
W4,3133,unseen,0
W4,3134,unseen,0
W4,3135,unseen,0
W4,3136,unseen,0
W4,3137,unseen,0
W4,3138,unseen,0
W4,3139,unseen,0
W4,3140,unseen,0
W4,3141,unseen,0
W4,3142,unseen,0
W4,3143,unseen,0
W4,3144,unseen,0
W4,3145,unseen,0
W4,3146,unseen,0
W4,3147,unseen,0
W4,3148,unseen,0
W4,3149,unseen,0
W4,3150,unseen,0
W4,3151,unseen,0
W4,3152,unseen,0
W4,3153,unseen,0
W4,3154,unseen,0
W4,3155,unseen,0
W4,3156,unseen,0
W4,3157,unseen,0
W4,3158,unseen,0
W4,3159,unseen,0
W4,3160,unseen,0
W4,3161,unseen,0
W4,3162,unseen,0
W4,3163,unseen,0
W4,3164,unseen,0
W4,3165,unseen,0
W4,3166,unseen,0
W4,3167,unseen,0
W4,3168,unseen,0
W4,3169,unseen,0
W4,3170,unseen,0
W4,3171,unseen,0
W4,3172,unseen,0
W4,3173,unseen,0
W4,3174,unseen,0
W4,3175,unseen,0
W4,3176,unseen,0
W4,3177,unseen,0
W4,3178,unseen,0
W4,3179,unseen,0
W4,3180,unseen,0
W4,3181,unseen,0
W4,3182,unseen,0
W4,3183,unseen,0
W4,3184,unseen,0
W4,3185,unseen,0
W4,3186,unseen,0
W4,3187,unseen,0
W4,3188,unseen,0
W4,3189,unseen,0
W4,3190,unseen,0
W4,3191,unseen,0
W4,3192,unseen,0
W4,3193,unseen,0
W4,3194,unseen,0
W4,3195,unseen,0
W4,3196,unseen,0
W4,3197,unseen,0
W4,3198,unseen,0
W4,3199,unseen,0
W4,3200,unseen,0
W4,3201,unseen,0
W4,3202,unseen,0
W4,3203,unseen,0
W4,3204,unseen,0
W4,3205,unseen,0
W4,3206,unseen,0
W4,3207,unseen,0
W4,3208,unseen,0
W4,3209,unseen,0
W4,3210,unseen,0
W4,3211,unseen,0
W4,3212,unseen,0
W4,3213,unseen,0
W4,3214,very_rare,1
W4,3215,unseen,0
W4,3216,unseen,0
W4,3217,unseen,0
W4,3218,unseen,0
W4,3219,unseen,0
W4,3220,unseen,0
W4,3221,unseen,0
W4,3222,unseen,0
W4,3223,unseen,0
W4,3224,unseen,0
W4,3225,unseen,0
W4,3226,unseen,0
W4,3227,unseen,0
W4,3228,unseen,0
W4,3229,unseen,0
W4,3230,unseen,0
W4,3231,unseen,0
W4,3232,unseen,0
W4,3233,unseen,0
W4,3234,unseen,0
W4,3235,unseen,0
W4,3236,unseen,0
W4,3237,unseen,0
W4,3238,unseen,0
W4,3239,unseen,0
W4,3240,unseen,0
W4,3241,unseen,0
W4,3242,unseen,0
W4,3243,unseen,0
W4,3244,unseen,0
W4,3245,unseen,0
W4,3246,unseen,0
W4,3247,unseen,0
W4,3248,unseen,0
W4,3249,unseen,0
W4,3250,unseen,0
W4,3251,unseen,0
W4,3252,unseen,0
W4,3253,unseen,0
W4,3254,unseen,0
W4,3255,unseen,0
W4,3256,unseen,0
W4,3257,unseen,0
W4,3258,unseen,0
W4,3259,unseen,0
W4,3260,unseen,0
W4,3261,unseen,0
W4,3262,unseen,0
W4,3263,unseen,0
W4,3264,unseen,0
W4,3265,unseen,0
W4,3266,unseen,0
W4,3267,unseen,0
W4,3268,unseen,0
W4,3269,unseen,0
W4,3270,unseen,0
W4,3271,unseen,0
W4,3272,unseen,0
W4,3273,unseen,0
W4,3274,unseen,0
W4,3275,unseen,0
W4,3276,unseen,0
W4,3277,unseen,0
W4,3278,unseen,0
W4,3279,unseen,0
W4,3280,unseen,0
W4,3281,unseen,0
W4,3282,unseen,0
W4,3283,unseen,0
W4,3284,unseen,0
W4,3285,unseen,0
W4,3286,unseen,0
W4,3287,unseen,0
W4,3288,unseen,0
W4,3289,unseen,0
W4,3290,unseen,0
W4,3291,unseen,0
W4,3292,unseen,0
W4,3293,unseen,0
W4,3294,unseen,0
W4,3295,unseen,0
W4,3296,unseen,0
W4,3297,unseen,0
W4,3298,unseen,0
W4,3299,unseen,0
W4,3300,unseen,0
W4,3301,unseen,0
W4,3302,unseen,0
W4,3303,unseen,0
W4,3304,unseen,0
W4,3305,unseen,0
W4,3306,unseen,0
W4,3307,unseen,0
W4,3308,unseen,0
W4,3309,unseen,0
W4,3310,unseen,0
W4,3311,unseen,0
W4,3312,unseen,0
W4,3313,unseen,0
W4,3314,unseen,0
W4,3315,unseen,0
W4,3316,unseen,0
W4,3317,unseen,0
W4,3318,unseen,0
W4,3319,unseen,0
W4,3320,unseen,0
W4,3321,unseen,0
W4,3322,unseen,0
W4,3323,unseen,0
W4,3324,unseen,0
W4,3325,unseen,0
W4,3326,unseen,0
W4,3327,unseen,0
W4,3328,unseen,0
W4,3329,unseen,0
W4,3330,unseen,0
W4,3331,unseen,0
W4,3332,unseen,0
W4,3333,unseen,0
W4,3334,unseen,0
W4,3335,unseen,0
W4,3336,unseen,0
W4,3337,unseen,0
W4,3338,unseen,0
W4,3339,unseen,0
W4,3340,unseen,0
W4,3341,unseen,0
W4,3342,unseen,0
W4,3343,unseen,0
W4,3344,unseen,0
W4,3345,unseen,0
W4,3346,unseen,0
W4,3347,unseen,0
W4,3348,unseen,0
W4,3349,unseen,0
W4,3350,unseen,0
W4,3351,unseen,0
W4,3352,unseen,0
W4,3353,unseen,0
W4,3354,unseen,0
W4,3355,unseen,0
W4,3356,unseen,0
W4,3357,unseen,0
W4,3358,unseen,0
W4,3359,unseen,0
W4,3360,unseen,0
W4,3361,unseen,0
W4,3362,unseen,0
W4,3363,unseen,0
W4,3364,unseen,0
W4,3365,unseen,0
W4,3366,unseen,0
W4,3367,unseen,0
W4,3368,unseen,0
W4,3369,unseen,0
W4,3370,unseen,0
W4,3371,unseen,0
W4,3372,unseen,0
W4,3373,unseen,0
W4,3374,unseen,0
W4,3375,unseen,0
W4,3376,unseen,0
W4,3377,very_rare,1
W4,3378,unseen,0
W4,3379,unseen,0
W4,3380,unseen,0
W4,3381,unseen,0
W4,3382,unseen,0
W4,3383,unseen,0
W4,3384,unseen,0
W4,3385,unseen,0
W4,3386,unseen,0
W4,3387,unseen,0
W4,3388,unseen,0
W4,3389,unseen,0
W4,3390,unseen,0
W4,3391,unseen,0
W4,3392,unseen,0
W4,3393,very_rare,1
W4,3394,unseen,0
W4,3395,unseen,0
W4,3396,unseen,0
W4,3397,unseen,0
W4,3398,unseen,0
W4,3399,unseen,0
W4,3400,unseen,0
W4,3401,unseen,0
W4,3402,unseen,0
W4,3403,very_rare,3
W4,3404,very_rare,1
W4,3405,unseen,0
W4,3406,unseen,0
W4,3407,unseen,0
W4,3408,very_rare,1
W4,3409,unseen,0
W4,3410,unseen,0
W4,3411,unseen,0
W4,3412,unseen,0
W4,3413,unseen,0
W4,3414,unseen,0
W4,3415,unseen,0
W4,3416,unseen,0
W4,3417,unseen,0
W4,3418,unseen,0
W4,3419,unseen,0
W4,3420,unseen,0
W4,3421,very_rare,1
W4,3422,unseen,0
W4,3423,unseen,0
W4,3424,unseen,0
W4,3425,unseen,0
W4,3426,unseen,0
W4,3427,unseen,0
W4,3428,unseen,0
W4,3429,unseen,0
W4,3430,unseen,0
W4,3431,unseen,0
W4,3432,unseen,0
W4,3433,unseen,0
W4,3434,unseen,0
W4,3435,unseen,0
W4,3436,unseen,0
W4,3437,unseen,0
W4,3438,unseen,0
W4,3439,unseen,0
W4,3440,unseen,0
W4,3441,unseen,0
W4,3442,unseen,0
W4,3443,unseen,0
W4,3444,unseen,0
W4,3445,unseen,0
W4,3446,unseen,0
W4,3447,unseen,0
W4,3448,unseen,0
W4,3449,unseen,0
W4,3450,unseen,0
W4,3451,unseen,0
W4,3452,unseen,0
W4,3453,unseen,0
W4,3454,unseen,0
W4,3455,unseen,0
W4,3456,unseen,0
W4,3457,unseen,0
W4,3458,unseen,0
W4,3459,unseen,0
W4,3460,unseen,0
W4,3461,unseen,0
W4,3462,unseen,0
W4,3463,unseen,0
W4,3464,unseen,0
W4,3465,unseen,0
W4,3466,unseen,0
W4,3467,unseen,0
W4,3468,unseen,0
W4,3469,unseen,0
W4,3470,unseen,0
W4,3471,unseen,0
W4,3472,very_rare,1
W4,3473,unseen,0
W4,3474,unseen,0
W4,3475,unseen,0
W4,3476,unseen,0
W4,3477,unseen,0
W4,3478,unseen,0
W4,3479,unseen,0
W4,3480,unseen,0
W4,3481,unseen,0
W4,3482,unseen,0
W4,3483,unseen,0
W4,3484,unseen,0
W4,3485,unseen,0
W4,3486,unseen,0
W4,3487,unseen,0
W4,3488,unseen,0
W4,3489,unseen,0
W4,3490,unseen,0
W4,3491,unseen,0
W4,3492,unseen,0
W4,3493,unseen,0
W4,3494,unseen,0
W4,3495,unseen,0
W4,3496,unseen,0
W4,3497,unseen,0
W4,3498,unseen,0
W4,3499,unseen,0
W4,3500,unseen,0
W4,3501,unseen,0
W4,3502,unseen,0
W4,3503,unseen,0
W4,3504,unseen,0
W4,3505,unseen,0
W4,3506,unseen,0
W4,3507,unseen,0
W4,3508,unseen,0
W4,3509,unseen,0
W4,3510,very_rare,1
W4,3511,unseen,0
W4,3512,unseen,0
W4,3513,unseen,0
W4,3514,unseen,0
W4,3515,unseen,0
W4,3516,unseen,0
W4,3517,unseen,0
W4,3518,unseen,0
W4,3519,unseen,0
W4,3520,unseen,0
W4,3521,unseen,0
W4,3522,unseen,0
W4,3523,unseen,0
W4,3524,unseen,0
W4,3525,unseen,0
W4,3526,unseen,0
W4,3527,unseen,0
W4,3528,unseen,0
W4,3529,unseen,0
W4,3530,unseen,0
W4,3531,unseen,0
W4,3532,unseen,0
W4,3533,unseen,0
W4,3534,unseen,0
W4,3535,unseen,0
W4,3536,unseen,0
W4,3537,unseen,0
W4,3538,unseen,0
W4,3539,unseen,0
W4,3540,unseen,0
W4,3541,unseen,0
W4,3542,unseen,0
W4,3543,unseen,0
W4,3544,unseen,0
W4,3545,unseen,0
W4,3546,unseen,0
W4,3547,unseen,0
W4,3548,unseen,0
W4,3549,unseen,0
W4,3550,unseen,0
W4,3551,unseen,0
W4,3552,unseen,0
W4,3553,unseen,0
W4,3554,unseen,0
W4,3555,unseen,0
W4,3556,unseen,0
W4,3557,unseen,0
W4,3558,unseen,0
W4,3559,unseen,0
W4,3560,unseen,0
W4,3561,unseen,0
W4,3562,unseen,0
W4,3563,unseen,0
W4,3564,unseen,0
W4,3565,unseen,0
W4,3566,unseen,0
W4,3567,unseen,0
W4,3568,unseen,0
W4,3569,unseen,0
W4,3570,unseen,0
W4,3571,unseen,0
W4,3572,unseen,0
W4,3573,unseen,0
W4,3574,unseen,0
W4,3575,unseen,0
W4,3576,unseen,0
W4,3577,unseen,0
W4,3578,unseen,0
W4,3579,unseen,0
W4,3580,unseen,0
W4,3581,unseen,0
W4,3582,unseen,0
W4,3583,unseen,0
W4,3584,unseen,0
W4,3585,unseen,0
W4,3586,unseen,0
W4,3587,unseen,0
W4,3588,unseen,0
W4,3589,unseen,0
W4,3590,unseen,0
W4,3591,unseen,0
W4,3592,unseen,0
W4,3593,unseen,0
W4,3594,unseen,0
W4,3595,unseen,0
W4,3596,unseen,0
W4,3597,unseen,0
W4,3598,unseen,0
W4,3599,unseen,0
W4,3600,unseen,0
W4,3601,unseen,0
W4,3602,unseen,0
W4,3603,unseen,0
W4,3604,unseen,0
W4,3605,unseen,0
W4,3606,unseen,0
W4,3607,unseen,0
W4,3608,unseen,0
W4,3609,unseen,0
W4,3610,unseen,0
W4,3611,unseen,0
W4,3612,unseen,0
W4,3613,unseen,0
W4,3614,unseen,0
W4,3615,unseen,0
W4,3616,unseen,0
W4,3617,unseen,0
W4,3618,unseen,0
W4,3619,unseen,0
W4,3620,unseen,0
W4,3621,unseen,0
W4,3622,unseen,0
W4,3623,unseen,0
W4,3624,unseen,0
W4,3625,unseen,0
W4,3626,unseen,0
W4,3627,unseen,0
W4,3628,unseen,0
W4,3629,unseen,0
W4,3630,unseen,0
W4,3631,unseen,0
W4,3632,unseen,0
W4,3633,unseen,0
W4,3634,unseen,0
W4,3635,unseen,0
W4,3636,unseen,0
W4,3637,unseen,0
W4,3638,unseen,0
W4,3639,unseen,0
W4,3640,unseen,0
W4,3641,unseen,0
W4,3642,unseen,0
W4,3643,unseen,0
W4,3644,very_rare,2
W4,3645,unseen,0
W4,3646,unseen,0
W4,3647,unseen,0
W4,3648,unseen,0
W4,3649,unseen,0
W4,3650,unseen,0
W4,3651,unseen,0
W4,3652,unseen,0
W4,3653,very_rare,1
W4,3654,unseen,0
W4,3655,unseen,0
W4,3656,unseen,0
W4,3657,unseen,0
W4,3658,unseen,0
W4,3659,unseen,0
W4,3660,unseen,0
W4,3661,unseen,0
W4,3662,unseen,0
W4,3663,unseen,0
W4,3664,unseen,0
W4,3665,unseen,0
W4,3666,unseen,0
W4,3667,very_rare,1
W4,3668,unseen,0
W4,3669,very_rare,1
W4,3670,very_rare,1
W4,3671,unseen,0
W4,3672,unseen,0
W4,3673,unseen,0
W4,3674,unseen,0
W4,3675,unseen,0
W4,3676,unseen,0
W4,3677,unseen,0
W4,3678,unseen,0
W4,3679,unseen,0
W4,3680,unseen,0
W4,3681,unseen,0
W4,3682,unseen,0
W4,3683,unseen,0
W4,3684,unseen,0
W4,3685,unseen,0
W4,3686,unseen,0
W4,3687,unseen,0
W4,3688,unseen,0
W4,3689,unseen,0
W4,3690,unseen,0
W4,3691,unseen,0
W4,3692,very_rare,2
W4,3693,unseen,0
W4,3694,unseen,0
W4,3695,unseen,0
W4,3696,unseen,0
W4,3697,unseen,0
W4,3698,unseen,0
W4,3699,unseen,0
W4,3700,unseen,0
W4,3701,unseen,0
W4,3702,unseen,0
W4,3703,unseen,0
W4,3704,unseen,0
W4,3705,unseen,0
W4,3706,unseen,0
W4,3707,unseen,0
W4,3708,unseen,0
W4,3709,unseen,0
W4,3710,unseen,0
W4,3711,unseen,0
W4,3712,unseen,0
W4,3713,unseen,0
W4,3714,unseen,0
W4,3715,unseen,0
W4,3716,unseen,0
W4,3717,unseen,0
W4,3718,unseen,0
W4,3719,unseen,0
W4,3720,unseen,0
W4,3721,unseen,0
W4,3722,unseen,0
W4,3723,unseen,0
W4,3724,unseen,0
W4,3725,unseen,0
W4,3726,very_rare,1
W4,3727,unseen,0
W4,3728,unseen,0
W4,3729,unseen,0
W4,3730,unseen,0
W4,3731,unseen,0
W4,3732,unseen,0
W4,3733,unseen,0
W4,3734,unseen,0
W4,3735,unseen,0
W4,3736,unseen,0
W4,3737,unseen,0
W4,3738,unseen,0
W4,3739,unseen,0
W4,3740,unseen,0
W4,3741,unseen,0
W4,3742,unseen,0
W4,3743,unseen,0
W4,3744,unseen,0
W4,3745,unseen,0
W4,3746,unseen,0
W4,3747,unseen,0
W4,3748,very_rare,1
W4,3749,very_rare,1
W4,3750,very_rare,1
W4,3751,unseen,0
W4,3752,very_rare,1
W4,3753,unseen,0
W4,3754,unseen,0
W4,3755,very_rare,1
W4,3756,unseen,0
W4,3757,unseen,0
W4,3758,unseen,0
W4,3759,unseen,0
W4,3760,unseen,0
W4,3761,unseen,0
W4,3762,unseen,0
W4,3763,unseen,0
W4,3764,unseen,0
W4,3765,unseen,0
W4,3766,unseen,0
W4,3767,very_rare,3
W4,3768,unseen,0
W4,3769,unseen,0
W4,3770,very_rare,1
W4,3771,unseen,0
W4,3772,unseen,0
W4,3773,unseen,0
W4,3774,unseen,0
W4,3775,very_rare,1
W4,3776,unseen,0
W4,3777,very_rare,1
W4,3778,unseen,0
W4,3779,unseen,0
W4,3780,unseen,0
W4,3781,very_rare,1
W4,3782,unseen,0
W4,3783,unseen,0
W4,3784,unseen,0
W4,3785,unseen,0
W4,3786,unseen,0
W4,3787,unseen,0
W4,3788,unseen,0
W4,3789,unseen,0
W4,3790,unseen,0
W4,3791,unseen,0
W4,3792,unseen,0
W4,3793,unseen,0
W4,3794,unseen,0
W4,3795,unseen,0
W4,3796,unseen,0
W4,3797,unseen,0
W4,3798,unseen,0
W4,3799,unseen,0
W4,3800,unseen,0
W4,3801,unseen,0
W4,3802,very_rare,1
W4,3803,unseen,0
W4,3804,unseen,0
W4,3805,unseen,0
W4,3806,unseen,0
W4,3807,unseen,0
W4,3808,unseen,0
W4,3809,unseen,0
W4,3810,unseen,0
W4,3811,unseen,0
W4,3812,unseen,0
W4,3813,unseen,0
W4,3814,unseen,0
W4,3815,unseen,0
W4,3816,unseen,0
W4,3817,unseen,0
W4,3818,unseen,0
W4,3819,unseen,0
W4,3820,unseen,0
W4,3821,unseen,0
W4,3822,unseen,0
W4,3823,unseen,0
W4,3824,unseen,0
W4,3825,unseen,0
W4,3826,unseen,0
W4,3827,unseen,0
W4,3828,unseen,0
W4,3829,unseen,0
W4,3830,unseen,0
W4,3831,unseen,0
W4,3832,unseen,0
W4,3833,unseen,0
W4,3834,unseen,0
W4,3835,unseen,0
W4,3836,unseen,0
W4,3837,unseen,0
W4,3838,unseen,0
W4,3839,unseen,0
W4,3840,unseen,0
W4,3841,unseen,0
W4,3842,unseen,0
W4,3843,unseen,0
W4,3844,unseen,0
W4,3845,unseen,0
W4,3846,unseen,0
W4,3847,unseen,0
W4,3848,unseen,0
W4,3849,unseen,0
W4,3850,unseen,0
W4,3851,unseen,0
W4,3852,unseen,0
W4,3853,unseen,0
W4,3854,very_rare,1
W4,3855,unseen,0
W4,3856,unseen,0
W4,3857,unseen,0
W4,3858,unseen,0
W4,3859,unseen,0
W4,3860,unseen,0
W4,3861,unseen,0
W4,3862,unseen,0
W4,3863,unseen,0
W4,3864,unseen,0
W4,3865,unseen,0
W4,3866,unseen,0
W4,3867,unseen,0
W4,3868,unseen,0
W4,3869,unseen,0
W4,3870,unseen,0
W4,3871,unseen,0
W4,3872,unseen,0
W4,3873,unseen,0
W4,3874,unseen,0
W4,3875,unseen,0
W4,3876,unseen,0
W4,3877,unseen,0
W4,3878,unseen,0
W4,3879,unseen,0
W4,3880,unseen,0
W4,3881,unseen,0
W4,3882,unseen,0
W4,3883,unseen,0
W4,3884,unseen,0
W4,3885,unseen,0
W4,3886,unseen,0
W4,3887,unseen,0
W4,3888,unseen,0
W4,3889,unseen,0
W4,3890,unseen,0
W4,3891,unseen,0
W4,3892,unseen,0
W4,3893,unseen,0
W4,3894,unseen,0
W4,3895,unseen,0
W4,3896,unseen,0
W4,3897,unseen,0
W4,3898,unseen,0
W4,3899,unseen,0
W4,3900,unseen,0
W4,3901,unseen,0
W4,3902,unseen,0
W4,3903,unseen,0
W4,3904,unseen,0
W4,3905,unseen,0
W4,3906,unseen,0
W4,3907,unseen,0
W4,3908,unseen,0
W4,3909,unseen,0
W4,3910,unseen,0
W4,3911,unseen,0
W4,3912,unseen,0
W4,3913,unseen,0
W4,3914,unseen,0
W4,3915,unseen,0
W4,3916,unseen,0
W4,3917,unseen,0
W4,3918,unseen,0
W4,3919,unseen,0
W4,3920,unseen,0
W4,3921,unseen,0
W4,3922,unseen,0
W4,3923,unseen,0
W4,3924,unseen,0
W4,3925,unseen,0
W4,3926,unseen,0
W4,3927,unseen,0
W4,3928,unseen,0
W4,3929,unseen,0
W4,3930,unseen,0
W4,3931,unseen,0
W4,3932,unseen,0
W4,3933,very_rare,1
W4,3934,unseen,0
W4,3935,unseen,0
W4,3936,unseen,0
W4,3937,unseen,0
W4,3938,unseen,0
W4,3939,unseen,0
W4,3940,unseen,0
W4,3941,unseen,0
W4,3942,unseen,0
W4,3943,unseen,0
W4,3944,unseen,0
W4,3945,unseen,0
W4,3946,unseen,0
W4,3947,unseen,0
W4,3948,unseen,0
W4,3949,unseen,0
W4,3950,unseen,0
W4,3951,unseen,0
W4,3952,unseen,0
W4,3953,unseen,0
W4,3954,unseen,0
W4,3955,unseen,0
W4,3956,unseen,0
W4,3957,unseen,0
W4,3958,unseen,0
W4,3959,unseen,0
W4,3960,unseen,0
W4,3961,unseen,0
W4,3962,unseen,0
W4,3963,unseen,0
W4,3964,unseen,0
W4,3965,unseen,0
W4,3966,unseen,0
W4,3967,unseen,0
W4,3968,unseen,0
W4,3969,unseen,0
W4,3970,unseen,0
W4,3971,unseen,0
W4,3972,unseen,0
W4,3973,unseen,0
W4,3974,unseen,0
W4,3975,unseen,0
W4,3976,unseen,0
W4,3977,unseen,0
W4,3978,unseen,0
W4,3979,unseen,0
W4,3980,unseen,0
W4,3981,unseen,0
W4,3982,unseen,0
W4,3983,unseen,0
W4,3984,unseen,0
W4,3985,unseen,0
W4,3986,unseen,0
W4,3987,unseen,0
W4,3988,unseen,0
W4,3989,unseen,0
W4,3990,unseen,0
W4,3991,unseen,0
W4,3992,unseen,0
W4,3993,unseen,0
W4,3994,unseen,0
W4,3995,unseen,0
W4,3996,unseen,0
W4,3997,unseen,0
W4,3998,unseen,0
W4,3999,unseen,0
W4,4000,unseen,0
W4,4001,unseen,0
W4,4002,unseen,0
W4,4003,unseen,0
W4,4004,unseen,0
W4,4005,unseen,0
W4,4006,unseen,0
W4,4007,unseen,0
W4,4008,unseen,0
W4,4009,unseen,0
W4,4010,unseen,0
W4,4011,unseen,0
W4,4012,unseen,0
W4,4013,unseen,0
W4,4014,unseen,0
W4,4015,unseen,0
W4,4016,unseen,0
W4,4017,unseen,0
W4,4018,unseen,0
W4,4019,unseen,0
W4,4020,unseen,0
W4,4021,unseen,0
W4,4022,unseen,0
W4,4023,unseen,0
W4,4024,unseen,0
W4,4025,unseen,0
W4,4026,unseen,0
W4,4027,unseen,0
W4,4028,unseen,0
W4,4029,unseen,0
W4,4030,unseen,0
W4,4031,unseen,0
W4,4032,unseen,0
W4,4033,unseen,0
W4,4034,unseen,0
W4,4035,unseen,0
W4,4036,unseen,0
W4,4037,unseen,0
W4,4038,unseen,0
W4,4039,unseen,0
W4,4040,unseen,0
W4,4041,unseen,0
W4,4042,unseen,0
W4,4043,unseen,0
W4,4044,unseen,0
W4,4045,unseen,0
W4,4046,unseen,0
W4,4047,unseen,0
W4,4048,unseen,0
W4,4049,unseen,0
W4,4050,unseen,0
W4,4051,unseen,0
W4,4052,unseen,0
W4,4053,unseen,0
W4,4054,unseen,0
W4,4055,unseen,0
W4,4056,unseen,0
W4,4057,unseen,0
W4,4058,unseen,0
W4,4059,unseen,0
W4,4060,unseen,0
W4,4061,unseen,0
W4,4062,unseen,0
W4,4063,unseen,0
W4,4064,unseen,0
W4,4065,unseen,0
W4,4066,unseen,0
W4,4067,unseen,0
W4,4068,unseen,0
W4,4069,unseen,0
W4,4070,unseen,0
W4,4071,unseen,0
W4,4072,unseen,0
W4,4073,unseen,0
W4,4074,unseen,0
W4,4075,unseen,0
W4,4076,unseen,0
W4,4077,unseen,0
W4,4078,unseen,0
W4,4079,unseen,0
W4,4080,unseen,0
W4,4081,unseen,0
W4,4082,unseen,0
W4,4083,unseen,0
W4,4084,unseen,0
W4,4085,unseen,0
W4,4086,unseen,0
W4,4087,unseen,0
W4,4088,unseen,0
W4,4089,unseen,0
W4,4090,unseen,0
W4,4091,unseen,0
W4,4092,unseen,0
W4,4093,unseen,0
W4,4094,unseen,0
W4,4095,unseen,0
W4,4096,unseen,0
W4,4097,unseen,0
W4,4098,unseen,0
W4,4099,unseen,0
W4,4100,unseen,0
W4,4101,unseen,0
W4,4102,unseen,0
W4,4103,unseen,0
W4,4104,unseen,0
W4,4105,unseen,0
W4,4106,unseen,0
W4,4107,unseen,0
W4,4108,unseen,0
W4,4109,unseen,0
W4,4110,unseen,0
W4,4111,unseen,0
W4,4112,unseen,0
W4,4113,unseen,0
W4,4114,unseen,0
W4,4115,unseen,0
W4,4116,unseen,0
W4,4117,unseen,0
W4,4118,unseen,0
W4,4119,unseen,0
W4,4120,unseen,0
W4,4121,unseen,0
W4,4122,unseen,0
W4,4123,unseen,0
W4,4124,unseen,0
W4,4125,unseen,0
W4,4126,unseen,0
W4,4127,unseen,0
W4,4128,unseen,0
W4,4129,unseen,0
W4,4130,unseen,0
W4,4131,unseen,0
W4,4132,unseen,0
W4,4133,unseen,0
W4,4134,unseen,0
W4,4135,unseen,0
W4,4136,unseen,0
W4,4137,unseen,0
W4,4138,unseen,0
W4,4139,unseen,0
W4,4140,unseen,0
W4,4141,unseen,0
W4,4142,unseen,0
W4,4143,unseen,0
W4,4144,unseen,0
W4,4145,unseen,0
W4,4146,unseen,0
W4,4147,unseen,0
W4,4148,unseen,0
W4,4149,unseen,0
W4,4150,unseen,0
W4,4151,unseen,0
W4,4152,unseen,0
W4,4153,unseen,0
W4,4154,unseen,0
W4,4155,unseen,0
W4,4156,unseen,0
W4,4157,unseen,0
W4,4158,unseen,0
W4,4159,unseen,0
W4,4160,unseen,0
W4,4161,unseen,0
W4,4162,unseen,0
W4,4163,unseen,0
W4,4164,unseen,0
W4,4165,unseen,0
W4,4166,unseen,0
W4,4167,unseen,0
W4,4168,unseen,0
W4,4169,unseen,0
W4,4170,unseen,0
W4,4171,unseen,0
W4,4172,unseen,0
W4,4173,unseen,0
W4,4174,unseen,0
W4,4175,unseen,0
W4,4176,unseen,0
W4,4177,unseen,0
W4,4178,unseen,0
W4,4179,unseen,0
W4,4180,unseen,0
W4,4181,unseen,0
W4,4182,unseen,0
W4,4183,unseen,0
W4,4184,unseen,0
W4,4185,unseen,0
W4,4186,unseen,0
W4,4187,unseen,0
W4,4188,unseen,0
W4,4189,unseen,0
W4,4190,unseen,0
W4,4191,unseen,0
W4,4192,unseen,0
W4,4193,unseen,0
W4,4194,unseen,0
W4,4195,unseen,0
W4,4196,unseen,0
W4,4197,unseen,0
W4,4198,unseen,0
W4,4199,unseen,0
W4,4200,unseen,0
W4,4201,unseen,0
W4,4202,unseen,0
W4,4203,unseen,0
W4,4204,unseen,0
W4,4205,unseen,0
W4,4206,unseen,0
W4,4207,unseen,0
W4,4208,unseen,0
W4,4209,unseen,0
W4,4210,unseen,0
W4,4211,unseen,0
W4,4212,unseen,0
W4,4213,unseen,0
W4,4214,unseen,0
W4,4215,unseen,0
W4,4216,unseen,0
W4,4217,unseen,0
W4,4218,unseen,0
W4,4219,unseen,0
W4,4220,unseen,0
W4,4221,unseen,0
W4,4222,unseen,0
W4,4223,unseen,0
W4,4224,unseen,0
W4,4225,unseen,0
W4,4226,unseen,0
W4,4227,unseen,0
W4,4228,unseen,0
W4,4229,unseen,0
W4,4230,unseen,0
W4,4231,unseen,0
W4,4232,unseen,0
W4,4233,unseen,0
W4,4234,unseen,0
W4,4235,unseen,0
W4,4236,unseen,0
W4,4237,unseen,0
W4,4238,unseen,0
W4,4239,unseen,0
W4,4240,unseen,0
W4,4241,unseen,0
W4,4242,unseen,0
W4,4243,unseen,0
W4,4244,unseen,0
W4,4245,unseen,0
W4,4246,unseen,0
W4,4247,unseen,0
W4,4248,unseen,0
W4,4249,unseen,0
W4,4250,unseen,0
W4,4251,unseen,0
W4,4252,unseen,0
W4,4253,unseen,0
W4,4254,unseen,0
W4,4255,unseen,0
W4,4256,unseen,0
W4,4257,unseen,0
W4,4258,unseen,0
W4,4259,unseen,0
W4,4260,unseen,0
W4,4261,unseen,0
W4,4262,unseen,0
W4,4263,unseen,0
W4,4264,unseen,0
W4,4265,unseen,0
W4,4266,unseen,0
W4,4267,unseen,0
W4,4268,unseen,0
W4,4269,unseen,0
W4,4270,unseen,0
W4,4271,unseen,0
W4,4272,unseen,0
W4,4273,unseen,0
W4,4274,unseen,0
W4,4275,unseen,0
W4,4276,unseen,0
W4,4277,unseen,0
W4,4278,unseen,0
W4,4279,unseen,0
W4,4280,unseen,0
W4,4281,unseen,0
W4,4282,unseen,0
W4,4283,unseen,0
W4,4284,unseen,0
W4,4285,unseen,0
W4,4286,unseen,0
W4,4287,unseen,0
W4,4288,unseen,0
W4,4289,unseen,0
W4,4290,unseen,0
W4,4291,unseen,0
W4,4292,unseen,0
W4,4293,unseen,0
W4,4294,unseen,0
W4,4295,unseen,0
W4,4296,unseen,0
W4,4297,unseen,0
W4,4298,unseen,0
W4,4299,unseen,0
W4,4300,unseen,0
W4,4301,unseen,0
W4,4302,unseen,0
W4,4303,unseen,0
W4,4304,very_rare,1
W4,4305,unseen,0
W4,4306,unseen,0
W4,4307,unseen,0
W4,4308,unseen,0
W4,4309,unseen,0
W4,4310,unseen,0
W4,4311,unseen,0
W4,4312,unseen,0
W4,4313,unseen,0
W4,4314,unseen,0
W4,4315,unseen,0
W4,4316,unseen,0
W4,4317,unseen,0
W4,4318,unseen,0
W4,4319,unseen,0
W4,4320,unseen,0
W4,4321,unseen,0
W4,4322,unseen,0
W4,4323,unseen,0
W4,4324,unseen,0
W4,4325,unseen,0
W4,4326,unseen,0
W4,4327,unseen,0
W4,4328,unseen,0
W4,4329,unseen,0
W4,4330,unseen,0
W4,4331,unseen,0
W4,4332,unseen,0
W4,4333,unseen,0
W4,4334,unseen,0
W4,4335,unseen,0
W4,4336,unseen,0
W4,4337,unseen,0
W4,4338,unseen,0
W4,4339,unseen,0
W4,4340,unseen,0
W4,4341,unseen,0
W4,4342,unseen,0
W4,4343,unseen,0
W4,4344,unseen,0
W4,4345,unseen,0
W4,4346,unseen,0
W4,4347,unseen,0
W4,4348,unseen,0
W4,4349,unseen,0
W4,4350,unseen,0
W4,4351,unseen,0
W4,4352,unseen,0
W4,4353,unseen,0
W4,4354,unseen,0
W4,4355,unseen,0
W4,4356,unseen,0
W4,4357,unseen,0
W4,4358,unseen,0
W4,4359,unseen,0
W4,4360,unseen,0
W4,4361,unseen,0
W4,4362,unseen,0
W4,4363,unseen,0
W4,4364,unseen,0
W4,4365,unseen,0
W4,4366,unseen,0
W4,4367,unseen,0
W4,4368,unseen,0
W4,4369,unseen,0
W4,4370,unseen,0
W4,4371,unseen,0
W4,4372,unseen,0
W4,4373,unseen,0
W4,4374,unseen,0
W4,4375,unseen,0
W4,4376,unseen,0
W4,4377,unseen,0
W4,4378,unseen,0
W4,4379,unseen,0
W4,4380,unseen,0
W4,4381,unseen,0
W4,4382,unseen,0
W4,4383,unseen,0
W4,4384,unseen,0
W4,4385,unseen,0
W4,4386,unseen,0
W4,4387,unseen,0
W4,4388,unseen,0
W4,4389,unseen,0
W4,4390,unseen,0
W4,4391,unseen,0
W4,4392,unseen,0
W4,4393,unseen,0
W4,4394,unseen,0
W4,4395,unseen,0
W4,4396,unseen,0
W4,4397,unseen,0
W4,4398,unseen,0
W4,4399,unseen,0
W4,4400,unseen,0
W4,4401,unseen,0
W4,4402,unseen,0
W4,4403,unseen,0
W4,4404,unseen,0
W4,4405,unseen,0
W4,4406,unseen,0
W4,4407,unseen,0
W4,4408,unseen,0
W4,4409,unseen,0
W4,4410,unseen,0
W4,4411,unseen,0
W4,4412,unseen,0
W4,4413,unseen,0
W4,4414,unseen,0
W4,4415,unseen,0
W4,4416,unseen,0
W4,4417,unseen,0
W4,4418,unseen,0
W4,4419,unseen,0
W4,4420,unseen,0
W4,4421,unseen,0
W4,4422,unseen,0
W4,4423,unseen,0
W4,4424,unseen,0
W4,4425,unseen,0
W4,4426,unseen,0
W4,4427,unseen,0
W4,4428,unseen,0
W4,4429,unseen,0
W4,4430,unseen,0
W4,4431,unseen,0
W4,4432,unseen,0
W4,4433,unseen,0
W4,4434,unseen,0
W4,4435,unseen,0
W4,4436,unseen,0
W4,4437,unseen,0
W4,4438,unseen,0
W4,4439,unseen,0
W4,4440,unseen,0
W4,4441,unseen,0
W4,4442,unseen,0
W4,4443,unseen,0
W4,4444,unseen,0
W4,4445,unseen,0
W4,4446,unseen,0
W4,4447,unseen,0
W4,4448,unseen,0
W4,4449,unseen,0
W4,4450,unseen,0
W4,4451,unseen,0
W4,4452,unseen,0
W4,4453,unseen,0
W4,4454,unseen,0
W4,4455,unseen,0
W4,4456,unseen,0
W4,4457,unseen,0
W4,4458,unseen,0
W4,4459,unseen,0
W4,4460,unseen,0
W4,4461,unseen,0
W4,4462,unseen,0
W4,4463,unseen,0
W4,4464,unseen,0
W4,4465,unseen,0
W4,4466,unseen,0
W4,4467,unseen,0
W4,4468,unseen,0
W4,4469,unseen,0
W4,4470,unseen,0
W4,4471,unseen,0
W4,4472,unseen,0
W4,4473,unseen,0
W4,4474,unseen,0
W4,4475,unseen,0
W4,4476,unseen,0
W4,4477,unseen,0
W4,4478,unseen,0
W4,4479,unseen,0
W4,4480,unseen,0
W4,4481,unseen,0
W4,4482,unseen,0
W4,4483,unseen,0
W4,4484,unseen,0
W4,4485,unseen,0
W4,4486,unseen,0
W4,4487,unseen,0
W4,4488,unseen,0
W4,4489,unseen,0
W4,4490,unseen,0
W4,4491,unseen,0
W4,4492,unseen,0
W4,4493,unseen,0
W4,4494,unseen,0
W4,4495,unseen,0
W4,4496,unseen,0
W4,4497,unseen,0
W4,4498,unseen,0
W4,4499,unseen,0
W4,4500,unseen,0
W4,4501,unseen,0
W4,4502,unseen,0
W4,4503,unseen,0
W4,4504,unseen,0
W4,4505,unseen,0
W4,4506,unseen,0
W4,4507,unseen,0
W4,4508,unseen,0
W4,4509,unseen,0
W4,4510,very_rare,1
W4,4511,unseen,0
W4,4512,unseen,0
W4,4513,unseen,0
W4,4514,unseen,0
W4,4515,unseen,0
W4,4516,unseen,0
W4,4517,unseen,0
W4,4518,unseen,0
W4,4519,unseen,0
W4,4520,unseen,0
W4,4521,unseen,0
W4,4522,unseen,0
W4,4523,unseen,0
W4,4524,unseen,0
W4,4525,unseen,0
W4,4526,unseen,0
W4,4527,unseen,0
W4,4528,unseen,0
W4,4529,unseen,0
W4,4530,unseen,0
W4,4531,unseen,0
W4,4532,unseen,0
W4,4533,unseen,0
W4,4534,unseen,0
W4,4535,unseen,0
W4,4536,unseen,0
W4,4537,unseen,0
W4,4538,unseen,0
W4,4539,unseen,0
W4,4540,unseen,0
W4,4541,very_rare,1
W4,4542,unseen,0
W4,4543,unseen,0
W4,4544,unseen,0
W4,4545,unseen,0
W4,4546,unseen,0
W4,4547,unseen,0
W4,4548,unseen,0
W4,4549,unseen,0
W4,4550,unseen,0
W4,4551,unseen,0
W4,4552,unseen,0
W4,4553,unseen,0
W4,4554,unseen,0
W4,4555,unseen,0
W4,4556,unseen,0
W4,4557,unseen,0
W4,4558,unseen,0
W4,4559,unseen,0
W4,4560,unseen,0
W4,4561,unseen,0
W4,4562,unseen,0
W4,4563,unseen,0
W4,4564,unseen,0
W4,4565,unseen,0
W4,4566,unseen,0
W4,4567,unseen,0
W4,4568,unseen,0
W4,4569,unseen,0
W4,4570,unseen,0
W4,4571,unseen,0
W4,4572,unseen,0
W4,4573,unseen,0
W4,4574,unseen,0
W4,4575,unseen,0
W4,4576,unseen,0
W4,4577,unseen,0
W4,4578,unseen,0
W4,4579,unseen,0
W4,4580,unseen,0
W4,4581,unseen,0
W4,4582,unseen,0
W4,4583,unseen,0
W4,4584,unseen,0
W4,4585,unseen,0
W4,4586,unseen,0
W4,4587,unseen,0
W4,4588,unseen,0
W4,4589,unseen,0
W4,4590,unseen,0
W4,4591,unseen,0
W4,4592,unseen,0
W4,4593,unseen,0
W4,4594,unseen,0
W4,4595,unseen,0
W4,4596,unseen,0
W4,4597,unseen,0
W4,4598,unseen,0
W4,4599,unseen,0
W4,4600,unseen,0
W4,4601,unseen,0
W4,4602,unseen,0
W4,4603,unseen,0
W4,4604,unseen,0
W4,4605,unseen,0
W4,4606,unseen,0
W4,4607,unseen,0
W4,4608,unseen,0
W4,4609,unseen,0
W4,4610,unseen,0
W4,4611,unseen,0
W4,4612,unseen,0
W4,4613,unseen,0
W4,4614,unseen,0
W4,4615,unseen,0
W4,4616,unseen,0
W4,4617,unseen,0
W4,4618,unseen,0
W4,4619,unseen,0
W4,4620,unseen,0
W4,4621,unseen,0
W4,4622,unseen,0
W4,4623,unseen,0
W4,4624,unseen,0
W4,4625,unseen,0
W4,4626,unseen,0
W4,4627,unseen,0
W4,4628,unseen,0
W4,4629,unseen,0
W4,4630,unseen,0
W4,4631,unseen,0
W4,4632,unseen,0
W4,4633,unseen,0
W4,4634,unseen,0
W4,4635,unseen,0
W4,4636,unseen,0
W4,4637,unseen,0
W4,4638,unseen,0
W4,4639,unseen,0
W4,4640,unseen,0
W4,4641,unseen,0
W4,4642,unseen,0
W4,4643,unseen,0
W4,4644,unseen,0
W4,4645,unseen,0
W4,4646,unseen,0
W4,4647,unseen,0
W4,4648,unseen,0
W4,4649,unseen,0
W4,4650,unseen,0
W4,4651,unseen,0
W4,4652,unseen,0
W4,4653,unseen,0
W4,4654,unseen,0
W4,4655,unseen,0
W4,4656,unseen,0
W4,4657,unseen,0
W4,4658,unseen,0
W4,4659,unseen,0
W4,4660,unseen,0
W4,4661,unseen,0
W4,4662,unseen,0
W4,4663,unseen,0
W4,4664,unseen,0
W4,4665,unseen,0
W4,4666,unseen,0
W4,4667,unseen,0
W4,4668,unseen,0
W4,4669,unseen,0
W4,4670,unseen,0
W4,4671,unseen,0
W4,4672,unseen,0
W4,4673,unseen,0
W4,4674,unseen,0
W4,4675,unseen,0
W4,4676,unseen,0
W4,4677,unseen,0
W4,4678,unseen,0
W4,4679,unseen,0
W4,4680,unseen,0
W4,4681,unseen,0
W4,4682,unseen,0
W4,4683,unseen,0
W4,4684,unseen,0
W4,4685,unseen,0
W4,4686,unseen,0
W4,4687,unseen,0
W4,4688,unseen,0
W4,4689,unseen,0
W4,4690,unseen,0
W4,4691,unseen,0
W4,4692,unseen,0
W4,4693,unseen,0
W4,4694,unseen,0
W4,4695,unseen,0
W4,4696,unseen,0
W4,4697,unseen,0
W4,4698,unseen,0
W4,4699,unseen,0
W4,4700,unseen,0
W4,4701,unseen,0
W4,4702,unseen,0
W4,4703,unseen,0
W4,4704,unseen,0
W4,4705,unseen,0
W4,4706,unseen,0
W4,4707,unseen,0
W4,4708,unseen,0
W4,4709,very_rare,1
W4,4710,unseen,0
W4,4711,unseen,0
W4,4712,unseen,0
W4,4713,unseen,0
W4,4714,unseen,0
W4,4715,unseen,0
W4,4716,unseen,0
W4,4717,unseen,0
W4,4718,unseen,0
W4,4719,unseen,0
W4,4720,unseen,0
W4,4721,unseen,0
W4,4722,unseen,0
W4,4723,unseen,0
W4,4724,unseen,0
W4,4725,unseen,0
W4,4726,unseen,0
W4,4727,unseen,0
W4,4728,unseen,0
W4,4729,unseen,0
W4,4730,unseen,0
W4,4731,unseen,0
W4,4732,unseen,0
W4,4733,unseen,0
W4,4734,unseen,0
W4,4735,unseen,0
W4,4736,unseen,0
W4,4737,unseen,0
W4,4738,unseen,0
W4,4739,unseen,0
W4,4740,unseen,0
W4,4741,unseen,0
W4,4742,unseen,0
W4,4743,unseen,0
W4,4744,unseen,0
W4,4745,unseen,0
W4,4746,unseen,0
W4,4747,unseen,0
W4,4748,unseen,0
W4,4749,unseen,0
W4,4750,unseen,0
W4,4751,unseen,0
W4,4752,unseen,0
W4,4753,unseen,0
W4,4754,unseen,0
W4,4755,unseen,0
W4,4756,unseen,0
W4,4757,unseen,0
W4,4758,unseen,0
W4,4759,unseen,0
W4,4760,unseen,0
W4,4761,unseen,0
W4,4762,unseen,0
W4,4763,unseen,0
W4,4764,unseen,0
W4,4765,unseen,0
W4,4766,unseen,0
W4,4767,unseen,0
W4,4768,unseen,0
W4,4769,unseen,0
W4,4770,unseen,0
W4,4771,unseen,0
W4,4772,unseen,0
W4,4773,unseen,0
W4,4774,unseen,0
W4,4775,unseen,0
W4,4776,unseen,0
W4,4777,unseen,0
W4,4778,unseen,0
W4,4779,unseen,0
W4,4780,unseen,0
W4,4781,unseen,0
W4,4782,unseen,0
W4,4783,unseen,0
W4,4784,unseen,0
W4,4785,unseen,0
W4,4786,unseen,0
W4,4787,unseen,0
W4,4788,unseen,0
W4,4789,unseen,0
W4,4790,unseen,0
W4,4791,unseen,0
W4,4792,unseen,0
W4,4793,unseen,0
W4,4794,unseen,0
W4,4795,unseen,0
W4,4796,unseen,0
W4,4797,unseen,0
W4,4798,unseen,0
W4,4799,unseen,0
W4,4800,unseen,0
W4,4801,unseen,0
W4,4802,unseen,0
W4,4803,unseen,0
W4,4804,unseen,0
W4,4805,unseen,0
W4,4806,unseen,0
W4,4807,unseen,0
W4,4808,unseen,0
W4,4809,unseen,0
W4,4810,unseen,0
W4,4811,unseen,0
W4,4812,unseen,0
W4,4813,unseen,0
W4,4814,unseen,0
W4,4815,unseen,0
W4,4816,unseen,0
W4,4817,unseen,0
W4,4818,unseen,0
W4,4819,unseen,0
W4,4820,unseen,0
W4,4821,unseen,0
W4,4822,unseen,0
W4,4823,unseen,0
W4,4824,unseen,0
W4,4825,unseen,0
W4,4826,unseen,0
W4,4827,unseen,0
W4,4828,unseen,0
W4,4829,unseen,0
W4,4830,unseen,0
W4,4831,unseen,0
W4,4832,unseen,0
W4,4833,unseen,0
W4,4834,unseen,0
W4,4835,unseen,0
W4,4836,unseen,0
W4,4837,unseen,0
W4,4838,unseen,0
W4,4839,unseen,0
W4,4840,unseen,0
W4,4841,unseen,0
W4,4842,unseen,0
W4,4843,unseen,0
W4,4844,unseen,0
W4,4845,unseen,0
W4,4846,unseen,0
W4,4847,unseen,0
W4,4848,unseen,0
W4,4849,unseen,0
W4,4850,very_rare,3
W4,4851,unseen,0
W4,4852,unseen,0
W4,4853,unseen,0
W4,4854,unseen,0
W4,4855,unseen,0
W4,4856,unseen,0
W4,4857,unseen,0
W4,4858,unseen,0
W4,4859,unseen,0
W4,4860,unseen,0
W4,4861,unseen,0
W4,4862,very_rare,2
W4,4863,unseen,0
W4,4864,unseen,0
W4,4865,unseen,0
W4,4866,unseen,0
W4,4867,unseen,0
W4,4868,unseen,0
W4,4869,unseen,0
W4,4870,unseen,0
W4,4871,unseen,0
W4,4872,unseen,0
W4,4873,unseen,0
W4,4874,unseen,0
W4,4875,unseen,0
W4,4876,unseen,0
W4,4877,unseen,0
W4,4878,unseen,0
W4,4879,unseen,0
W4,4880,unseen,0
W4,4881,unseen,0
W4,4882,unseen,0
W4,4883,unseen,0
W4,4884,unseen,0
W4,4885,unseen,0
W4,4886,unseen,0
W4,4887,unseen,0
W4,4888,unseen,0
W4,4889,unseen,0
W4,4890,unseen,0
W4,4891,unseen,0
W4,4892,unseen,0
W4,4893,unseen,0
W4,4894,unseen,0
W4,4895,unseen,0
W4,4896,unseen,0
W4,4897,unseen,0
W4,4898,unseen,0
W4,4899,unseen,0
W4,4900,unseen,0
W4,4901,unseen,0
W4,4902,unseen,0
W4,4903,unseen,0
W4,4904,unseen,0
W4,4905,unseen,0
W4,4906,unseen,0
W4,4907,unseen,0
W4,4908,unseen,0
W4,4909,unseen,0
W4,4910,unseen,0
W4,4911,unseen,0
W4,4912,unseen,0
W4,4913,unseen,0
W4,4914,unseen,0
W4,4915,unseen,0
W4,4916,unseen,0
W4,4917,unseen,0
W4,4918,unseen,0
W4,4919,unseen,0
W4,4920,unseen,0
W4,4921,unseen,0
W4,4922,unseen,0
W4,4923,unseen,0
W4,4924,unseen,0
W4,4925,unseen,0
W4,4926,unseen,0
W4,4927,unseen,0
W4,4928,unseen,0
W4,4929,unseen,0
W4,4930,unseen,0
W4,4931,unseen,0
W4,4932,unseen,0
W4,4933,unseen,0
W4,4934,unseen,0
W4,4935,unseen,0
W4,4936,unseen,0
W4,4937,unseen,0
W4,4938,unseen,0
W4,4939,unseen,0
W4,4940,very_rare,1
W4,4941,unseen,0
W4,4942,unseen,0
W4,4943,unseen,0
W4,4944,unseen,0
W4,4945,unseen,0
W4,4946,unseen,0
W4,4947,unseen,0
W4,4948,unseen,0
W4,4949,unseen,0
W4,4950,unseen,0
W4,4951,unseen,0
W4,4952,unseen,0
W4,4953,unseen,0
W4,4954,unseen,0
W4,4955,unseen,0
W4,4956,unseen,0
W4,4957,unseen,0
W4,4958,unseen,0
W4,4959,unseen,0
W4,4960,unseen,0
W4,4961,unseen,0
W4,4962,unseen,0
W4,4963,unseen,0
W4,4964,unseen,0
W4,4965,unseen,0
W4,4966,unseen,0
W4,4967,unseen,0
W4,4968,unseen,0
W4,4969,unseen,0
W4,4970,unseen,0
W4,4971,unseen,0
W4,4972,unseen,0
W4,4973,unseen,0
W4,4974,unseen,0
W4,4975,unseen,0
W4,4976,unseen,0
W4,4977,unseen,0
W4,4978,unseen,0
W4,4979,unseen,0
W4,4980,unseen,0
W4,4981,unseen,0
W4,4982,unseen,0
W4,4983,unseen,0
W4,4984,unseen,0
W4,4985,unseen,0
W4,4986,unseen,0
W4,4987,unseen,0
W4,4988,unseen,0
W4,4989,unseen,0
W4,4990,unseen,0
W4,4991,unseen,0
W4,4992,unseen,0
W4,4993,unseen,0
W4,4994,unseen,0
W4,4995,unseen,0
W4,4996,unseen,0
W4,4997,unseen,0
W4,4998,unseen,0
W4,4999,unseen,0
W4,5000,unseen,0
W4,5001,unseen,0
W4,5002,unseen,0
W4,5003,unseen,0
W4,5004,unseen,0
W4,5005,unseen,0
W4,5006,unseen,0
W4,5007,unseen,0
W4,5008,unseen,0
W4,5009,very_rare,1
W4,5010,unseen,0
W4,5011,unseen,0
W4,5012,unseen,0
W4,5013,unseen,0
W4,5014,unseen,0
W4,5015,unseen,0
W4,5016,unseen,0
W4,5017,unseen,0
W4,5018,unseen,0
W4,5019,unseen,0
W4,5020,unseen,0
W4,5021,unseen,0
W4,5022,unseen,0
W4,5023,unseen,0
W4,5024,unseen,0
W4,5025,unseen,0
W4,5026,unseen,0
W4,5027,unseen,0
W4,5028,unseen,0
W4,5029,unseen,0
W4,5030,unseen,0
W4,5031,unseen,0
W4,5032,unseen,0
W4,5033,unseen,0
W4,5034,unseen,0
W4,5035,unseen,0
W4,5036,unseen,0
W4,5037,unseen,0
W4,5038,unseen,0
W4,5039,unseen,0
W4,5040,unseen,0
W4,5041,unseen,0
W4,5042,unseen,0
W4,5043,unseen,0
W4,5044,unseen,0
W4,5045,unseen,0
W4,5046,unseen,0
W4,5047,unseen,0
W4,5048,unseen,0
W4,5049,unseen,0
W4,5050,unseen,0
W4,5051,unseen,0
W4,5052,unseen,0
W4,5053,unseen,0
W4,5054,unseen,0
W4,5055,unseen,0
W4,5056,unseen,0
W4,5057,unseen,0
W4,5058,unseen,0
W4,5059,unseen,0
W4,5060,unseen,0
W4,5061,unseen,0
W4,5062,unseen,0
W4,5063,unseen,0
W4,5064,unseen,0
W4,5065,unseen,0
W4,5066,unseen,0
W4,5067,unseen,0
W4,5068,unseen,0
W4,5069,unseen,0
W4,5070,unseen,0
W4,5071,unseen,0
W4,5072,unseen,0
W4,5073,unseen,0
W4,5074,unseen,0
W4,5075,unseen,0
W4,5076,unseen,0
W4,5077,unseen,0
W4,5078,unseen,0
W4,5079,unseen,0
W4,5080,unseen,0
W4,5081,unseen,0
W4,5082,unseen,0
W4,5083,unseen,0
W4,5084,unseen,0
W4,5085,unseen,0
W4,5086,unseen,0
W4,5087,unseen,0
W4,5088,unseen,0
W4,5089,unseen,0
W4,5090,unseen,0
W4,5091,unseen,0
W4,5092,unseen,0
W4,5093,unseen,0
W4,5094,unseen,0
W4,5095,unseen,0
W4,5096,unseen,0
W4,5097,unseen,0
W4,5098,unseen,0
W4,5099,unseen,0
W4,5100,unseen,0
W4,5101,unseen,0
W4,5102,unseen,0
W4,5103,unseen,0
W4,5104,unseen,0
W4,5105,unseen,0
W4,5106,unseen,0
W4,5107,unseen,0
W4,5108,unseen,0
W4,5109,unseen,0
W4,5110,unseen,0
W4,5111,unseen,0
W4,5112,unseen,0
W4,5113,unseen,0
W4,5114,unseen,0
W4,5115,unseen,0
W4,5116,unseen,0
W4,5117,unseen,0
W4,5118,very_rare,1
W4,5119,unseen,0
W4,5120,unseen,0
W4,5121,unseen,0
W4,5122,unseen,0
W4,5123,unseen,0
W4,5124,unseen,0
W4,5125,unseen,0
W4,5126,unseen,0
W4,5127,unseen,0
W4,5128,unseen,0
W4,5129,unseen,0
W4,5130,unseen,0
W4,5131,unseen,0
W4,5132,unseen,0
W4,5133,unseen,0
W4,5134,unseen,0
W4,5135,unseen,0
W4,5136,unseen,0
W4,5137,unseen,0
W4,5138,unseen,0
W4,5139,unseen,0
W4,5140,unseen,0
W4,5141,unseen,0
W4,5142,unseen,0
W4,5143,unseen,0
W4,5144,unseen,0
W4,5145,unseen,0
W4,5146,unseen,0
W4,5147,unseen,0
W4,5148,unseen,0
W4,5149,unseen,0
W4,5150,unseen,0
W4,5151,unseen,0
W4,5152,unseen,0
W4,5153,unseen,0
W4,5154,unseen,0
W4,5155,unseen,0
W4,5156,unseen,0
W4,5157,unseen,0
W4,5158,unseen,0
W4,5159,unseen,0
W4,5160,unseen,0
W4,5161,unseen,0
W4,5162,unseen,0
W4,5163,unseen,0
W4,5164,unseen,0
W4,5165,unseen,0
W4,5166,unseen,0
W4,5167,unseen,0
W4,5168,unseen,0
W4,5169,unseen,0
W4,5170,unseen,0
W4,5171,unseen,0
W4,5172,unseen,0
W4,5173,unseen,0
W4,5174,unseen,0
W4,5175,unseen,0
W4,5176,unseen,0
W4,5177,unseen,0
W4,5178,unseen,0
W4,5179,unseen,0
W4,5180,unseen,0
W4,5181,unseen,0
W4,5182,unseen,0
W4,5183,unseen,0
W4,5184,unseen,0
W4,5185,unseen,0
W4,5186,unseen,0
W4,5187,unseen,0
W4,5188,unseen,0
W4,5189,unseen,0
W4,5190,unseen,0
W4,5191,unseen,0
W4,5192,unseen,0
W4,5193,unseen,0
W4,5194,unseen,0
W4,5195,unseen,0
W4,5196,unseen,0
W4,5197,unseen,0
W4,5198,unseen,0
W4,5199,unseen,0
W4,5200,unseen,0
W4,5201,unseen,0
W4,5202,unseen,0
W4,5203,unseen,0
W4,5204,unseen,0
W4,5205,unseen,0
W4,5206,unseen,0
W4,5207,unseen,0
W4,5208,unseen,0
W4,5209,unseen,0
W4,5210,unseen,0
W4,5211,unseen,0
W4,5212,unseen,0
W4,5213,unseen,0
W4,5214,unseen,0
W4,5215,unseen,0
W4,5216,unseen,0
W4,5217,unseen,0
W4,5218,unseen,0
W4,5219,unseen,0
W4,5220,unseen,0
W4,5221,unseen,0
W4,5222,unseen,0
W4,5223,unseen,0
W4,5224,unseen,0
W4,5225,unseen,0
W4,5226,unseen,0
W4,5227,unseen,0
W4,5228,unseen,0
W4,5229,unseen,0
W4,5230,unseen,0
W4,5231,unseen,0
W4,5232,unseen,0
W4,5233,unseen,0
W4,5234,unseen,0
W4,5235,unseen,0
W4,5236,unseen,0
W4,5237,unseen,0
W4,5238,unseen,0
W4,5239,unseen,0
W4,5240,unseen,0
W4,5241,unseen,0
W4,5242,unseen,0
W4,5243,unseen,0
W4,5244,unseen,0
W4,5245,unseen,0
W4,5246,unseen,0
W4,5247,unseen,0
W4,5248,unseen,0
W4,5249,unseen,0
W4,5250,unseen,0
W4,5251,unseen,0
W4,5252,unseen,0
W4,5253,unseen,0
W4,5254,unseen,0
W4,5255,unseen,0
W4,5256,unseen,0
W4,5257,unseen,0
W4,5258,unseen,0
W4,5259,unseen,0
W4,5260,unseen,0
W4,5261,unseen,0
W4,5262,unseen,0
W4,5263,unseen,0
W4,5264,unseen,0
W4,5265,unseen,0
W4,5266,unseen,0
W4,5267,unseen,0
W4,5268,unseen,0
W4,5269,unseen,0
W4,5270,unseen,0
W4,5271,unseen,0
W4,5272,unseen,0
W4,5273,unseen,0
W4,5274,unseen,0
W4,5275,unseen,0
W4,5276,unseen,0
W4,5277,unseen,0
W4,5278,unseen,0
W4,5279,unseen,0
W4,5280,unseen,0
W4,5281,unseen,0
W4,5282,unseen,0
W4,5283,unseen,0
W4,5284,unseen,0
W4,5285,unseen,0
W4,5286,unseen,0
W4,5287,unseen,0
W4,5288,unseen,0
W4,5289,unseen,0
W4,5290,unseen,0
W4,5291,unseen,0
W4,5292,unseen,0
W4,5293,unseen,0
W4,5294,unseen,0
W4,5295,unseen,0
W4,5296,unseen,0
W4,5297,unseen,0
W4,5298,unseen,0
W4,5299,unseen,0
W4,5300,unseen,0
W4,5301,unseen,0
W4,5302,unseen,0
W4,5303,unseen,0
W4,5304,unseen,0
W4,5305,unseen,0
W4,5306,unseen,0
W4,5307,unseen,0
W4,5308,unseen,0
W4,5309,unseen,0
W4,5310,unseen,0
W4,5311,unseen,0
W4,5312,unseen,0
W4,5313,unseen,0
W4,5314,unseen,0
W4,5315,unseen,0
W4,5316,unseen,0
W4,5317,unseen,0
W4,5318,unseen,0
W4,5319,unseen,0
W4,5320,unseen,0
W4,5321,unseen,0
W4,5322,unseen,0
W4,5323,unseen,0
W4,5324,unseen,0
W4,5325,unseen,0
W4,5326,unseen,0
W4,5327,unseen,0
W4,5328,unseen,0
W4,5329,unseen,0
W4,5330,unseen,0
W4,5331,unseen,0
W4,5332,unseen,0
W4,5333,unseen,0
W4,5334,unseen,0
W4,5335,unseen,0
W4,5336,unseen,0
W4,5337,unseen,0
W4,5338,unseen,0
W4,5339,unseen,0
W4,5340,unseen,0
W4,5341,unseen,0
W4,5342,unseen,0
W4,5343,unseen,0
W4,5344,unseen,0
W4,5345,unseen,0
W4,5346,unseen,0
W4,5347,unseen,0
W4,5348,unseen,0
W4,5349,unseen,0
W4,5350,unseen,0
W4,5351,unseen,0
W4,5352,unseen,0
W4,5353,unseen,0
W4,5354,unseen,0
W4,5355,unseen,0
W4,5356,unseen,0
W4,5357,unseen,0
W4,5358,unseen,0
W4,5359,unseen,0
W4,5360,unseen,0
W4,5361,unseen,0
W4,5362,unseen,0
W4,5363,unseen,0
W4,5364,unseen,0
W4,5365,unseen,0
W4,5366,unseen,0
W4,5367,unseen,0
W4,5368,unseen,0
W4,5369,unseen,0
W4,5370,unseen,0
W4,5371,unseen,0
W4,5372,unseen,0
W4,5373,unseen,0
W4,5374,unseen,0
W4,5375,unseen,0
W4,5376,unseen,0
W4,5377,unseen,0
W4,5378,unseen,0
W4,5379,unseen,0
W4,5380,unseen,0
W4,5381,unseen,0
W4,5382,unseen,0
W4,5383,unseen,0
W4,5384,unseen,0
W4,5385,unseen,0
W4,5386,unseen,0
W4,5387,unseen,0
W4,5388,unseen,0
W4,5389,unseen,0
W4,5390,unseen,0
W4,5391,unseen,0
W4,5392,unseen,0
W4,5393,unseen,0
W4,5394,unseen,0
W4,5395,unseen,0
W4,5396,unseen,0
W4,5397,unseen,0
W4,5398,unseen,0
W4,5399,unseen,0
W4,5400,unseen,0
W4,5401,unseen,0
W4,5402,unseen,0
W4,5403,unseen,0
W4,5404,unseen,0
W4,5405,unseen,0
W4,5406,unseen,0
W4,5407,unseen,0
W4,5408,unseen,0
W4,5409,unseen,0
W4,5410,unseen,0
W4,5411,unseen,0
W4,5412,unseen,0
W4,5413,unseen,0
W4,5414,unseen,0
W4,5415,unseen,0
W4,5416,unseen,0
W4,5417,unseen,0
W4,5418,unseen,0
W4,5419,unseen,0
W4,5420,unseen,0
W4,5421,unseen,0
W4,5422,unseen,0
W4,5423,unseen,0
W4,5424,unseen,0
W4,5425,unseen,0
W4,5426,unseen,0
W4,5427,unseen,0
W4,5428,unseen,0
W4,5429,unseen,0
W4,5430,unseen,0
W4,5431,unseen,0
W4,5432,unseen,0
W4,5433,unseen,0
W4,5434,unseen,0
W4,5435,unseen,0
W4,5436,unseen,0
W4,5437,unseen,0
W4,5438,unseen,0
W4,5439,unseen,0
W4,5440,unseen,0
W4,5441,unseen,0
W4,5442,unseen,0
W4,5443,unseen,0
W4,5444,unseen,0
W4,5445,unseen,0
W4,5446,unseen,0
W4,5447,unseen,0
W4,5448,unseen,0
W4,5449,unseen,0
W4,5450,unseen,0
W4,5451,unseen,0
W4,5452,unseen,0
W4,5453,unseen,0
W4,5454,unseen,0
W4,5455,unseen,0
W4,5456,unseen,0
W4,5457,unseen,0
W4,5458,unseen,0
W4,5459,unseen,0
W4,5460,unseen,0
W4,5461,unseen,0
W4,5462,unseen,0
W4,5463,unseen,0
W4,5464,unseen,0
W4,5465,unseen,0
W4,5466,unseen,0
W4,5467,unseen,0
W4,5468,unseen,0
W4,5469,unseen,0
W4,5470,unseen,0
W4,5471,unseen,0
W4,5472,unseen,0
W4,5473,unseen,0
W4,5474,unseen,0
W4,5475,unseen,0
W4,5476,unseen,0
W4,5477,unseen,0
W4,5478,unseen,0
W4,5479,unseen,0
W4,5480,unseen,0
W4,5481,unseen,0
W4,5482,unseen,0
W4,5483,unseen,0
W4,5484,unseen,0
W4,5485,unseen,0
W4,5486,unseen,0
W4,5487,unseen,0
W4,5488,unseen,0
W4,5489,unseen,0
W4,5490,unseen,0
W4,5491,unseen,0
W4,5492,unseen,0
W4,5493,unseen,0
W4,5494,unseen,0
W4,5495,unseen,0
W4,5496,unseen,0
W4,5497,unseen,0
W4,5498,unseen,0
W4,5499,unseen,0
W4,5500,unseen,0
W4,5501,unseen,0
W4,5502,unseen,0
W4,5503,unseen,0
W4,5504,unseen,0
W4,5505,unseen,0
W4,5506,very_rare,1
W4,5507,unseen,0
W4,5508,unseen,0
W4,5509,unseen,0
W4,5510,unseen,0
W4,5511,unseen,0
W4,5512,unseen,0
W4,5513,unseen,0
W4,5514,unseen,0
W4,5515,unseen,0
W4,5516,unseen,0
W4,5517,unseen,0
W4,5518,unseen,0
W4,5519,unseen,0
W4,5520,unseen,0
W4,5521,unseen,0
W4,5522,unseen,0
W4,5523,unseen,0
W4,5524,unseen,0
W4,5525,unseen,0
W4,5526,unseen,0
W4,5527,unseen,0
W4,5528,unseen,0
W4,5529,unseen,0
W4,5530,unseen,0
W4,5531,unseen,0
W4,5532,unseen,0
W4,5533,unseen,0
W4,5534,unseen,0
W4,5535,unseen,0
W4,5536,unseen,0
W4,5537,unseen,0
W4,5538,unseen,0
W4,5539,unseen,0
W4,5540,unseen,0
W4,5541,unseen,0
W4,5542,unseen,0
W4,5543,unseen,0
W4,5544,unseen,0
W4,5545,unseen,0
W4,5546,unseen,0
W4,5547,unseen,0
W4,5548,unseen,0
W4,5549,unseen,0
W4,5550,unseen,0
W4,5551,unseen,0
W4,5552,unseen,0
W4,5553,unseen,0
W4,5554,unseen,0
W4,5555,unseen,0
W4,5556,unseen,0
W4,5557,unseen,0
W4,5558,unseen,0
W4,5559,unseen,0
W4,5560,unseen,0
W4,5561,unseen,0
W4,5562,unseen,0
W4,5563,unseen,0
W4,5564,unseen,0
W4,5565,unseen,0
W4,5566,unseen,0
W4,5567,unseen,0
W4,5568,unseen,0
W4,5569,unseen,0
W4,5570,unseen,0
W4,5571,unseen,0
W4,5572,unseen,0
W4,5573,unseen,0
W4,5574,unseen,0
W4,5575,unseen,0
W4,5576,unseen,0
W4,5577,unseen,0
W4,5578,unseen,0
W4,5579,unseen,0
W4,5580,unseen,0
W4,5581,unseen,0
W4,5582,unseen,0
W4,5583,unseen,0
W4,5584,unseen,0
W4,5585,unseen,0
W4,5586,unseen,0
W4,5587,unseen,0
W4,5588,unseen,0
W4,5589,unseen,0
W4,5590,unseen,0
W4,5591,unseen,0
W4,5592,unseen,0
W4,5593,unseen,0
W4,5594,unseen,0
W4,5595,unseen,0
W4,5596,unseen,0
W4,5597,unseen,0
W4,5598,unseen,0
W4,5599,unseen,0
W4,5600,unseen,0
W4,5601,unseen,0
W4,5602,unseen,0
W4,5603,unseen,0
W4,5604,unseen,0
W4,5605,unseen,0
W4,5606,unseen,0
W4,5607,unseen,0
W4,5608,unseen,0
W4,5609,unseen,0
W4,5610,unseen,0
W4,5611,unseen,0
W4,5612,unseen,0
W4,5613,unseen,0
W4,5614,unseen,0
W4,5615,unseen,0
W4,5616,unseen,0
W4,5617,unseen,0
W4,5618,unseen,0
W4,5619,unseen,0
W4,5620,unseen,0
W4,5621,unseen,0
W4,5622,unseen,0
W4,5623,unseen,0
W4,5624,unseen,0
W4,5625,unseen,0
W4,5626,unseen,0
W4,5627,unseen,0
W4,5628,unseen,0
W4,5629,unseen,0
W4,5630,unseen,0
W4,5631,unseen,0
W4,5632,unseen,0
W4,5633,unseen,0
W4,5634,unseen,0
W4,5635,unseen,0
W4,5636,unseen,0
W4,5637,unseen,0
W4,5638,unseen,0
W4,5639,unseen,0
W4,5640,unseen,0
W4,5641,unseen,0
W4,5642,unseen,0
W4,5643,unseen,0
W4,5644,unseen,0
W4,5645,unseen,0
W4,5646,unseen,0
W4,5647,unseen,0
W4,5648,unseen,0
W4,5649,unseen,0
W4,5650,unseen,0
W4,5651,unseen,0
W4,5652,unseen,0
W4,5653,unseen,0
W4,5654,unseen,0
W4,5655,unseen,0
W4,5656,unseen,0
W4,5657,unseen,0
W4,5658,unseen,0
W4,5659,unseen,0
W4,5660,unseen,0
W4,5661,unseen,0
W4,5662,unseen,0
W4,5663,unseen,0
W4,5664,unseen,0
W4,5665,unseen,0
W4,5666,unseen,0
W4,5667,unseen,0
W4,5668,unseen,0
W4,5669,unseen,0
W4,5670,unseen,0
W4,5671,unseen,0
W4,5672,unseen,0
W4,5673,unseen,0
W4,5674,unseen,0
W4,5675,unseen,0
W4,5676,unseen,0
W4,5677,unseen,0
W4,5678,unseen,0
W4,5679,unseen,0
W4,5680,unseen,0
W4,5681,unseen,0
W4,5682,unseen,0
W4,5683,unseen,0
W4,5684,unseen,0
W4,5685,unseen,0
W4,5686,unseen,0
W4,5687,unseen,0
W4,5688,unseen,0
W4,5689,unseen,0
W4,5690,unseen,0
W4,5691,unseen,0
W4,5692,unseen,0
W4,5693,unseen,0
W4,5694,unseen,0
W4,5695,unseen,0
W4,5696,unseen,0
W4,5697,unseen,0
W4,5698,unseen,0
W4,5699,unseen,0
W4,5700,unseen,0
W4,5701,unseen,0
W4,5702,unseen,0
W4,5703,unseen,0
W4,5704,unseen,0
W4,5705,unseen,0
W4,5706,unseen,0
W4,5707,unseen,0
W4,5708,unseen,0
W4,5709,unseen,0
W4,5710,unseen,0
W4,5711,unseen,0
W4,5712,unseen,0
W4,5713,unseen,0
W4,5714,unseen,0
W4,5715,unseen,0
W4,5716,unseen,0
W4,5717,unseen,0
W4,5718,unseen,0
W4,5719,unseen,0
W4,5720,unseen,0
W4,5721,unseen,0
W4,5722,unseen,0
W4,5723,unseen,0
W4,5724,unseen,0
W4,5725,unseen,0
W4,5726,unseen,0
W4,5727,unseen,0
W4,5728,unseen,0
W4,5729,unseen,0
W4,5730,unseen,0
W4,5731,unseen,0
W4,5732,unseen,0
W4,5733,unseen,0
W4,5734,unseen,0
W4,5735,unseen,0
W4,5736,unseen,0
W4,5737,unseen,0
W4,5738,unseen,0
W4,5739,unseen,0
W4,5740,unseen,0
W4,5741,unseen,0
W4,5742,unseen,0
W4,5743,unseen,0
W4,5744,unseen,0
W4,5745,unseen,0
W4,5746,unseen,0
W4,5747,unseen,0
W4,5748,unseen,0
W4,5749,unseen,0
W4,5750,unseen,0
W4,5751,unseen,0
W4,5752,unseen,0
W4,5753,unseen,0
W4,5754,unseen,0
W4,5755,unseen,0
W4,5756,unseen,0
W4,5757,unseen,0
W4,5758,unseen,0
W4,5759,unseen,0
W4,5760,unseen,0
W4,5761,unseen,0
W4,5762,unseen,0
W4,5763,unseen,0
W4,5764,unseen,0
W4,5765,unseen,0
W4,5766,unseen,0
W4,5767,unseen,0
W4,5768,unseen,0
W4,5769,unseen,0
W4,5770,unseen,0
W4,5771,unseen,0
W4,5772,unseen,0
W4,5773,unseen,0
W4,5774,unseen,0
W4,5775,unseen,0
W4,5776,unseen,0
W4,5777,unseen,0
W4,5778,unseen,0
W4,5779,unseen,0
W4,5780,unseen,0
W4,5781,unseen,0
W4,5782,unseen,0
W4,5783,unseen,0
W4,5784,unseen,0
W4,5785,unseen,0
W4,5786,unseen,0
W4,5787,unseen,0
W4,5788,unseen,0
W4,5789,unseen,0
W4,5790,unseen,0
W4,5791,unseen,0
W4,5792,unseen,0
W4,5793,unseen,0
W4,5794,unseen,0
W4,5795,unseen,0
W4,5796,unseen,0
W4,5797,unseen,0
W4,5798,unseen,0
W4,5799,unseen,0
W4,5800,unseen,0
W4,5801,unseen,0
W4,5802,unseen,0
W4,5803,unseen,0
W4,5804,unseen,0
W4,5805,unseen,0
W4,5806,unseen,0
W4,5807,unseen,0
W4,5808,unseen,0
W4,5809,unseen,0
W4,5810,unseen,0
W4,5811,unseen,0
W4,5812,unseen,0
W4,5813,unseen,0
W4,5814,unseen,0
W4,5815,unseen,0
W4,5816,unseen,0
W4,5817,unseen,0
W4,5818,unseen,0
W4,5819,unseen,0
W4,5820,unseen,0
W4,5821,unseen,0
W4,5822,unseen,0
W4,5823,unseen,0
W4,5824,unseen,0
W4,5825,unseen,0
W4,5826,unseen,0
W4,5827,unseen,0
W4,5828,unseen,0
W4,5829,unseen,0
W4,5830,unseen,0
W4,5831,unseen,0
W4,5832,unseen,0
W4,5833,unseen,0
W4,5834,unseen,0
W4,5835,unseen,0
W4,5836,unseen,0
W4,5837,unseen,0
W4,5838,unseen,0
W4,5839,unseen,0
W4,5840,unseen,0
W4,5841,unseen,0
W4,5842,unseen,0
W4,5843,unseen,0
W4,5844,unseen,0
W4,5845,unseen,0
W4,5846,unseen,0
W4,5847,unseen,0
W4,5848,unseen,0
W4,5849,unseen,0
W4,5850,unseen,0
W4,5851,unseen,0
W4,5852,unseen,0
W4,5853,unseen,0
W4,5854,unseen,0
W4,5855,unseen,0
W4,5856,unseen,0
W4,5857,unseen,0
W4,5858,unseen,0
W4,5859,unseen,0
W4,5860,unseen,0
W4,5861,unseen,0
W4,5862,unseen,0
W4,5863,unseen,0
W4,5864,unseen,0
W4,5865,unseen,0
W4,5866,unseen,0
W4,5867,unseen,0
W4,5868,unseen,0
W4,5869,unseen,0
W4,5870,unseen,0
W4,5871,unseen,0
W4,5872,unseen,0
W4,5873,unseen,0
W4,5874,unseen,0
W4,5875,unseen,0
W4,5876,unseen,0
W4,5877,unseen,0
W4,5878,unseen,0
W4,5879,unseen,0
W4,5880,unseen,0
W4,5881,unseen,0
W4,5882,unseen,0
W4,5883,unseen,0
W4,5884,unseen,0
W4,5885,unseen,0
W4,5886,unseen,0
W4,5887,unseen,0
W4,5888,unseen,0
W4,5889,unseen,0
W4,5890,unseen,0
W4,5891,unseen,0
W4,5892,unseen,0
W4,5893,unseen,0
W4,5894,unseen,0
W4,5895,unseen,0
W4,5896,unseen,0
W4,5897,unseen,0
W4,5898,unseen,0
W4,5899,unseen,0
W4,5900,unseen,0
W4,5901,unseen,0
W4,5902,unseen,0
W4,5903,unseen,0
W4,5904,unseen,0
W4,5905,unseen,0
W4,5906,unseen,0
W4,5907,unseen,0
W4,5908,unseen,0
W4,5909,unseen,0
W4,5910,unseen,0
W4,5911,unseen,0
W4,5912,unseen,0
W4,5913,unseen,0
W4,5914,unseen,0
W4,5915,unseen,0
W4,5916,unseen,0
W4,5917,unseen,0
W4,5918,unseen,0
W4,5919,unseen,0
W4,5920,unseen,0
W4,5921,unseen,0
W4,5922,unseen,0
W4,5923,unseen,0
W4,5924,unseen,0
W4,5925,unseen,0
W4,5926,unseen,0
W4,5927,unseen,0
W4,5928,unseen,0
W4,5929,unseen,0
W4,5930,unseen,0
W4,5931,unseen,0
W4,5932,unseen,0
W4,5933,unseen,0
W4,5934,unseen,0
W4,5935,unseen,0
W4,5936,unseen,0
W4,5937,unseen,0
W4,5938,unseen,0
W4,5939,unseen,0
W4,5940,unseen,0
W4,5941,unseen,0
W4,5942,unseen,0
W4,5943,unseen,0
W4,5944,unseen,0
W4,5945,unseen,0
W4,5946,unseen,0
W4,5947,unseen,0
W4,5948,unseen,0
W4,5949,unseen,0
W4,5950,unseen,0
W4,5951,unseen,0
W4,5952,unseen,0
W4,5953,unseen,0
W4,5954,unseen,0
W4,5955,unseen,0
W4,5956,unseen,0
W4,5957,unseen,0
W4,5958,unseen,0
W4,5959,unseen,0
W4,5960,unseen,0
W4,5961,unseen,0
W4,5962,unseen,0
W4,5963,unseen,0
W4,5964,unseen,0
W4,5965,unseen,0
W4,5966,unseen,0
W4,5967,unseen,0
W4,5968,unseen,0
W4,5969,unseen,0
W4,5970,unseen,0
W4,5971,unseen,0
W4,5972,unseen,0
W4,5973,unseen,0
W4,5974,unseen,0
W4,5975,unseen,0
W4,5976,unseen,0
W4,5977,unseen,0
W4,5978,unseen,0
W4,5979,unseen,0
W4,5980,unseen,0
W4,5981,unseen,0
W4,5982,unseen,0
W4,5983,unseen,0
W4,5984,unseen,0
W4,5985,unseen,0
W4,5986,unseen,0
W4,5987,unseen,0
W4,5988,unseen,0
W4,5989,unseen,0
W4,5990,unseen,0
W4,5991,unseen,0
W4,5992,unseen,0
W4,5993,unseen,0
W4,5994,unseen,0
W4,5995,unseen,0
W4,5996,unseen,0
W4,5997,unseen,0
W4,5998,unseen,0
W4,5999,unseen,0
W4,6000,unseen,0
W4,6001,unseen,0
W4,6002,unseen,0
W4,6003,unseen,0
W4,6004,unseen,0
W4,6005,unseen,0
W4,6006,unseen,0
W4,6007,unseen,0
W4,6008,unseen,0
W4,6009,unseen,0
W4,6010,unseen,0
W4,6011,unseen,0
W4,6012,unseen,0
W4,6013,unseen,0
W4,6014,unseen,0
W4,6015,unseen,0
W4,6016,unseen,0
W4,6017,unseen,0
W4,6018,unseen,0
W4,6019,unseen,0
W4,6020,unseen,0
W4,6021,unseen,0
W4,6022,unseen,0
W4,6023,unseen,0
W4,6024,unseen,0
W4,6025,unseen,0
W4,6026,unseen,0
W4,6027,unseen,0
W4,6028,unseen,0
W4,6029,unseen,0
W4,6030,unseen,0
W4,6031,unseen,0
W4,6032,unseen,0
W4,6033,unseen,0
W4,6034,unseen,0
W4,6035,unseen,0
W4,6036,unseen,0
W4,6037,unseen,0
W4,6038,unseen,0
W4,6039,unseen,0
W4,6040,unseen,0
W4,6041,unseen,0
W4,6042,unseen,0
W4,6043,unseen,0
W4,6044,unseen,0
W4,6045,unseen,0
W4,6046,unseen,0
W4,6047,unseen,0
W4,6048,unseen,0
W4,6049,unseen,0
W4,6050,unseen,0
W4,6051,unseen,0
W4,6052,unseen,0
W4,6053,unseen,0
W4,6054,unseen,0
W4,6055,unseen,0
W4,6056,unseen,0
W4,6057,unseen,0
W4,6058,unseen,0
W4,6059,unseen,0
W4,6060,unseen,0
W4,6061,unseen,0
W4,6062,unseen,0
W4,6063,unseen,0
W4,6064,unseen,0
W4,6065,unseen,0
W4,6066,unseen,0
W4,6067,unseen,0
W4,6068,unseen,0
W4,6069,unseen,0
W4,6070,unseen,0
W4,6071,unseen,0
W4,6072,unseen,0
W4,6073,unseen,0
W4,6074,unseen,0
W4,6075,unseen,0
W4,6076,unseen,0
W4,6077,unseen,0
W4,6078,unseen,0
W4,6079,unseen,0
W4,6080,unseen,0
W4,6081,unseen,0
W4,6082,unseen,0
W4,6083,unseen,0
W4,6084,unseen,0
W4,6085,unseen,0
W4,6086,unseen,0
W4,6087,unseen,0
W4,6088,unseen,0
W4,6089,unseen,0
W4,6090,unseen,0
W4,6091,unseen,0
W4,6092,unseen,0
W4,6093,unseen,0
W4,6094,unseen,0
W4,6095,unseen,0
W4,6096,unseen,0
W4,6097,unseen,0
W4,6098,unseen,0
W4,6099,unseen,0
W4,6100,unseen,0
W4,6101,unseen,0
W4,6102,unseen,0
W4,6103,unseen,0
W4,6104,unseen,0
W4,6105,unseen,0
W4,6106,unseen,0
W4,6107,unseen,0
W4,6108,unseen,0
W4,6109,unseen,0
W4,6110,unseen,0
W4,6111,unseen,0
W4,6112,unseen,0
W4,6113,unseen,0
W4,6114,unseen,0
W4,6115,unseen,0
W4,6116,unseen,0
W4,6117,unseen,0
W4,6118,unseen,0
W4,6119,unseen,0
W4,6120,unseen,0
W4,6121,unseen,0
W4,6122,unseen,0
W4,6123,unseen,0
W4,6124,unseen,0
W4,6125,unseen,0
W4,6126,unseen,0
W4,6127,unseen,0
W4,6128,unseen,0
W4,6129,unseen,0
W4,6130,unseen,0
W4,6131,unseen,0
W4,6132,unseen,0
W4,6133,unseen,0
W4,6134,unseen,0
W4,6135,unseen,0
W4,6136,unseen,0
W4,6137,unseen,0
W4,6138,unseen,0
W4,6139,unseen,0
W4,6140,unseen,0
W4,6141,unseen,0
W4,6142,unseen,0
W4,6143,unseen,0
W4,6144,unseen,0
W4,6145,unseen,0
W4,6146,unseen,0
W4,6147,unseen,0
W4,6148,unseen,0
W4,6149,unseen,0
W4,6150,unseen,0
W4,6151,unseen,0
W4,6152,unseen,0
W4,6153,unseen,0
W4,6154,unseen,0
W4,6155,unseen,0
W4,6156,unseen,0
W4,6157,unseen,0
W4,6158,unseen,0
W4,6159,unseen,0
W4,6160,unseen,0
W4,6161,unseen,0
W4,6162,unseen,0
W4,6163,unseen,0
W4,6164,unseen,0
W4,6165,unseen,0
W4,6166,unseen,0
W4,6167,unseen,0
W4,6168,unseen,0
W4,6169,unseen,0
W4,6170,unseen,0
W4,6171,unseen,0
W4,6172,unseen,0
W4,6173,unseen,0
W4,6174,unseen,0
W4,6175,unseen,0
W4,6176,unseen,0
W4,6177,unseen,0
W4,6178,unseen,0
W4,6179,unseen,0
W4,6180,unseen,0
W4,6181,unseen,0
W4,6182,unseen,0
W4,6183,unseen,0
W4,6184,unseen,0
W4,6185,unseen,0
W4,6186,unseen,0
W4,6187,unseen,0
W4,6188,unseen,0
W4,6189,unseen,0
W4,6190,unseen,0
W4,6191,unseen,0
W4,6192,unseen,0
W4,6193,unseen,0
W4,6194,unseen,0
W4,6195,unseen,0
W4,6196,unseen,0
W4,6197,unseen,0
W4,6198,unseen,0
W4,6199,unseen,0
W4,6200,unseen,0
W4,6201,unseen,0
W4,6202,unseen,0
W4,6203,unseen,0
W4,6204,unseen,0
W4,6205,unseen,0
W4,6206,unseen,0
W4,6207,unseen,0
W4,6208,unseen,0
W4,6209,unseen,0
W4,6210,unseen,0
W4,6211,unseen,0
W4,6212,unseen,0
W4,6213,unseen,0
W4,6214,unseen,0
W4,6215,unseen,0
W4,6216,unseen,0
W4,6217,unseen,0
W4,6218,unseen,0
W4,6219,unseen,0
W4,6220,unseen,0
W4,6221,unseen,0
W4,6222,unseen,0
W4,6223,unseen,0
W4,6224,unseen,0
W4,6225,unseen,0
W4,6226,unseen,0
W4,6227,unseen,0
W4,6228,unseen,0
W4,6229,unseen,0
W4,6230,unseen,0
W4,6231,unseen,0
W4,6232,unseen,0
W4,6233,unseen,0
W4,6234,unseen,0
W4,6235,unseen,0
W4,6236,unseen,0
W4,6237,unseen,0
W4,6238,unseen,0
W4,6239,unseen,0
W4,6240,unseen,0
W4,6241,unseen,0
W4,6242,unseen,0
W4,6243,unseen,0
W4,6244,unseen,0
W4,6245,unseen,0
W4,6246,unseen,0
W4,6247,unseen,0
W4,6248,unseen,0
W4,6249,unseen,0
W4,6250,unseen,0
W4,6251,unseen,0
W4,6252,unseen,0
W4,6253,unseen,0
W4,6254,unseen,0
W4,6255,unseen,0
W4,6256,unseen,0
W4,6257,unseen,0
W4,6258,unseen,0
W4,6259,unseen,0
W4,6260,unseen,0
W4,6261,unseen,0
W4,6262,unseen,0
W4,6263,unseen,0
W4,6264,unseen,0
W4,6265,unseen,0
W4,6266,unseen,0
W4,6267,unseen,0
W4,6268,unseen,0
W4,6269,unseen,0
W4,6270,unseen,0
W4,6271,unseen,0
W4,6272,unseen,0
W4,6273,unseen,0
W4,6274,unseen,0
W4,6275,unseen,0
W4,6276,unseen,0
W4,6277,unseen,0
W4,6278,unseen,0
W4,6279,unseen,0
W4,6280,unseen,0
W4,6281,unseen,0
W4,6282,unseen,0
W4,6283,unseen,0
W4,6284,unseen,0
W4,6285,unseen,0
W4,6286,unseen,0
W4,6287,unseen,0
W4,6288,unseen,0
W4,6289,unseen,0
W4,6290,unseen,0
W4,6291,unseen,0
W4,6292,unseen,0
W4,6293,unseen,0
W4,6294,unseen,0
W4,6295,unseen,0
W4,6296,unseen,0
W4,6297,unseen,0
W4,6298,unseen,0
W4,6299,unseen,0
W4,6300,unseen,0
W4,6301,unseen,0
W4,6302,unseen,0
W4,6303,unseen,0
W4,6304,unseen,0
W4,6305,unseen,0
W4,6306,unseen,0
W4,6307,unseen,0
W4,6308,unseen,0
W4,6309,unseen,0
W4,6310,unseen,0
W4,6311,unseen,0
W4,6312,unseen,0
W4,6313,unseen,0
W4,6314,unseen,0
W4,6315,unseen,0
W4,6316,unseen,0
W4,6317,unseen,0
W4,6318,unseen,0
W4,6319,unseen,0
W4,6320,unseen,0
W4,6321,unseen,0
W4,6322,unseen,0
W4,6323,unseen,0
W4,6324,unseen,0
W4,6325,unseen,0
W4,6326,unseen,0
W4,6327,unseen,0
W4,6328,unseen,0
W4,6329,unseen,0
W4,6330,unseen,0
W4,6331,unseen,0
W4,6332,unseen,0
W4,6333,unseen,0
W4,6334,unseen,0
W4,6335,unseen,0
W4,6336,unseen,0
W4,6337,unseen,0
W4,6338,unseen,0
W4,6339,unseen,0
W4,6340,unseen,0
W4,6341,unseen,0
W4,6342,unseen,0
W4,6343,unseen,0
W4,6344,unseen,0
W4,6345,unseen,0
W4,6346,unseen,0
W4,6347,unseen,0
W4,6348,unseen,0
W4,6349,unseen,0
W4,6350,unseen,0
W4,6351,unseen,0
W4,6352,unseen,0
W4,6353,unseen,0
W4,6354,unseen,0
W4,6355,unseen,0
W4,6356,unseen,0
W4,6357,unseen,0
W4,6358,unseen,0
W4,6359,unseen,0
W4,6360,unseen,0
W4,6361,unseen,0
W4,6362,unseen,0
W4,6363,unseen,0
W4,6364,unseen,0
W4,6365,unseen,0
W4,6366,unseen,0
W4,6367,unseen,0
W4,6368,unseen,0
W4,6369,unseen,0
W4,6370,unseen,0
W4,6371,unseen,0
W4,6372,unseen,0
W4,6373,unseen,0
W4,6374,unseen,0
W4,6375,unseen,0
W4,6376,unseen,0
W4,6377,unseen,0
W4,6378,unseen,0
W4,6379,unseen,0
W4,6380,unseen,0
W4,6381,unseen,0
W4,6382,unseen,0
W4,6383,unseen,0
W4,6384,unseen,0
W4,6385,unseen,0
W4,6386,unseen,0
W4,6387,unseen,0
W4,6388,unseen,0
W4,6389,unseen,0
W4,6390,unseen,0
W4,6391,unseen,0
W4,6392,unseen,0
W4,6393,unseen,0
W4,6394,unseen,0
W4,6395,unseen,0
W4,6396,unseen,0
W4,6397,unseen,0
W4,6398,unseen,0
W4,6399,unseen,0
W4,6400,unseen,0
W4,6401,unseen,0
W4,6402,unseen,0
W4,6403,unseen,0
W4,6404,unseen,0
W4,6405,unseen,0
W4,6406,unseen,0
W4,6407,unseen,0
W4,6408,unseen,0
W4,6409,unseen,0
W4,6410,unseen,0
W4,6411,unseen,0
W4,6412,unseen,0
W4,6413,unseen,0
W4,6414,unseen,0
W4,6415,unseen,0
W4,6416,unseen,0
W4,6417,unseen,0
W4,6418,unseen,0
W4,6419,unseen,0
W4,6420,unseen,0
W4,6421,unseen,0
W4,6422,unseen,0
W4,6423,unseen,0
W4,6424,unseen,0
W4,6425,unseen,0
W4,6426,unseen,0
W4,6427,unseen,0
W4,6428,unseen,0
W4,6429,unseen,0
W4,6430,unseen,0
W4,6431,unseen,0
W4,6432,unseen,0
W4,6433,unseen,0
W4,6434,unseen,0
W4,6435,unseen,0
W4,6436,unseen,0
W4,6437,unseen,0
W4,6438,unseen,0
W4,6439,unseen,0
W4,6440,unseen,0
W4,6441,unseen,0
W4,6442,unseen,0
W4,6443,unseen,0
W4,6444,unseen,0
W4,6445,unseen,0
W4,6446,unseen,0
W4,6447,unseen,0
W4,6448,unseen,0
W4,6449,unseen,0
W4,6450,unseen,0
W4,6451,unseen,0
W4,6452,unseen,0
W4,6453,unseen,0
W4,6454,unseen,0
W4,6455,unseen,0
W4,6456,unseen,0
W4,6457,unseen,0
W4,6458,unseen,0
W4,6459,unseen,0
W4,6460,unseen,0
W4,6461,unseen,0
W4,6462,unseen,0
W4,6463,unseen,0
W4,6464,unseen,0
W4,6465,unseen,0
W4,6466,unseen,0
W4,6467,unseen,0
W4,6468,unseen,0
W4,6469,unseen,0
W4,6470,unseen,0
W4,6471,unseen,0
W4,6472,unseen,0
W4,6473,unseen,0
W4,6474,unseen,0
W4,6475,unseen,0
W4,6476,unseen,0
W4,6477,unseen,0
W4,6478,unseen,0
W4,6479,unseen,0
W4,6480,unseen,0
W4,6481,unseen,0
W4,6482,unseen,0
W4,6483,unseen,0
W4,6484,unseen,0
W4,6485,unseen,0
W4,6486,unseen,0
W4,6487,unseen,0
W4,6488,unseen,0
W4,6489,unseen,0
W4,6490,unseen,0
W4,6491,unseen,0
W4,6492,unseen,0
W4,6493,unseen,0
W4,6494,unseen,0
W4,6495,unseen,0
W4,6496,unseen,0
W4,6497,unseen,0
W4,6498,unseen,0
W4,6499,unseen,0
W4,6500,unseen,0
W4,6501,unseen,0
W4,6502,unseen,0
W4,6503,unseen,0
W4,6504,unseen,0
W4,6505,unseen,0
W4,6506,unseen,0
W4,6507,unseen,0
W4,6508,unseen,0
W4,6509,unseen,0
W4,6510,unseen,0
W4,6511,unseen,0
W4,6512,unseen,0
W4,6513,unseen,0
W4,6514,unseen,0
W4,6515,unseen,0
W4,6516,unseen,0
W4,6517,unseen,0
W4,6518,unseen,0
W4,6519,unseen,0
W4,6520,unseen,0
W4,6521,unseen,0
W4,6522,unseen,0
W4,6523,unseen,0
W4,6524,unseen,0
W4,6525,unseen,0
W4,6526,unseen,0
W4,6527,unseen,0
W4,6528,unseen,0
W4,6529,unseen,0
W4,6530,unseen,0
W4,6531,unseen,0
W4,6532,unseen,0
W4,6533,unseen,0
W4,6534,unseen,0
W4,6535,unseen,0
W4,6536,unseen,0
W4,6537,unseen,0
W4,6538,unseen,0
W4,6539,unseen,0
W4,6540,unseen,0
W4,6541,unseen,0
W4,6542,unseen,0
W4,6543,unseen,0
W4,6544,unseen,0
W4,6545,unseen,0
W4,6546,unseen,0
W4,6547,unseen,0
W4,6548,unseen,0
W4,6549,unseen,0
W4,6550,unseen,0
W4,6551,unseen,0
W4,6552,unseen,0
W4,6553,unseen,0
W4,6554,unseen,0
W4,6555,unseen,0
W4,6556,unseen,0
W4,6557,unseen,0
W4,6558,unseen,0
W4,6559,unseen,0
W4,6560,unseen,0
W4,6561,unseen,0
W4,6562,unseen,0
W4,6563,unseen,0
W4,6564,unseen,0
W4,6565,unseen,0
W4,6566,unseen,0
W4,6567,unseen,0
W4,6568,unseen,0
W4,6569,unseen,0
W4,6570,unseen,0
W4,6571,unseen,0
W4,6572,unseen,0
W4,6573,unseen,0
W4,6574,unseen,0
W4,6575,unseen,0
W4,6576,unseen,0
W4,6577,unseen,0
W4,6578,unseen,0
W4,6579,unseen,0
W4,6580,unseen,0
W4,6581,unseen,0
W4,6582,unseen,0
W4,6583,unseen,0
W4,6584,unseen,0
W4,6585,unseen,0
W4,6586,unseen,0
W4,6587,unseen,0
W4,6588,unseen,0
W4,6589,unseen,0
W4,6590,unseen,0
W4,6591,unseen,0
W4,6592,unseen,0
W4,6593,unseen,0
W4,6594,unseen,0
W4,6595,unseen,0
W4,6596,unseen,0
W4,6597,unseen,0
W4,6598,unseen,0
W4,6599,unseen,0
W4,6600,unseen,0
W4,6601,unseen,0
W4,6602,unseen,0
W4,6603,unseen,0
W4,6604,unseen,0
W4,6605,unseen,0
W4,6606,unseen,0
W4,6607,unseen,0
W4,6608,unseen,0
W4,6609,unseen,0
W4,6610,unseen,0
W4,6611,unseen,0
W4,6612,unseen,0
W4,6613,unseen,0
W4,6614,unseen,0
W4,6615,unseen,0
W4,6616,unseen,0
W4,6617,unseen,0
W4,6618,unseen,0
W4,6619,unseen,0
W4,6620,unseen,0
W4,6621,unseen,0
W4,6622,unseen,0
W4,6623,unseen,0
W4,6624,unseen,0
W4,6625,unseen,0
W4,6626,unseen,0
W4,6627,unseen,0
W4,6628,unseen,0
W4,6629,unseen,0
W4,6630,unseen,0
W4,6631,unseen,0
W4,6632,unseen,0
W4,6633,unseen,0
W4,6634,unseen,0
W4,6635,unseen,0
W4,6636,unseen,0
W4,6637,unseen,0
W4,6638,unseen,0
W4,6639,unseen,0
W4,6640,unseen,0
W4,6641,unseen,0
W4,6642,unseen,0
W4,6643,unseen,0
W4,6644,unseen,0
W4,6645,unseen,0
W4,6646,unseen,0
W4,6647,unseen,0
W4,6648,unseen,0
W4,6649,unseen,0
W4,6650,unseen,0
W4,6651,unseen,0
W4,6652,unseen,0
W4,6653,unseen,0
W4,6654,unseen,0
W4,6655,unseen,0
W4,6656,unseen,0
W4,6657,unseen,0
W4,6658,unseen,0
W4,6659,unseen,0
W4,6660,unseen,0
W4,6661,unseen,0
W4,6662,unseen,0
W4,6663,unseen,0
W4,6664,unseen,0
W4,6665,unseen,0
W4,6666,unseen,0
W4,6667,unseen,0
W4,6668,unseen,0
W4,6669,unseen,0
W4,6670,unseen,0
W4,6671,unseen,0
W4,6672,unseen,0
W4,6673,unseen,0
W4,6674,unseen,0
W4,6675,unseen,0
W4,6676,unseen,0
W4,6677,unseen,0
W4,6678,unseen,0
W4,6679,unseen,0
W4,6680,unseen,0
W4,6681,unseen,0
W4,6682,unseen,0
W4,6683,unseen,0
W4,6684,unseen,0
W4,6685,unseen,0
W4,6686,unseen,0
W4,6687,unseen,0
W4,6688,unseen,0
W4,6689,unseen,0
W4,6690,unseen,0
W4,6691,unseen,0
W4,6692,unseen,0
W4,6693,unseen,0
W4,6694,unseen,0
W4,6695,unseen,0
W4,6696,unseen,0
W4,6697,unseen,0
W4,6698,unseen,0
W4,6699,unseen,0
W4,6700,unseen,0
W4,6701,unseen,0
W4,6702,unseen,0
W4,6703,unseen,0
W4,6704,unseen,0
W4,6705,unseen,0
W4,6706,unseen,0
W4,6707,unseen,0
W4,6708,unseen,0
W4,6709,unseen,0
W4,6710,unseen,0
W4,6711,unseen,0
W4,6712,unseen,0
W4,6713,unseen,0
W4,6714,unseen,0
W4,6715,unseen,0
W4,6716,unseen,0
W4,6717,unseen,0
W4,6718,unseen,0
W4,6719,unseen,0
W4,6720,unseen,0
W4,6721,unseen,0
W4,6722,unseen,0
W4,6723,unseen,0
W4,6724,unseen,0
W4,6725,unseen,0
W4,6726,unseen,0
W4,6727,unseen,0
W4,6728,unseen,0
W4,6729,unseen,0
W4,6730,unseen,0
W4,6731,unseen,0
W4,6732,unseen,0
W4,6733,unseen,0
W4,6734,unseen,0
W4,6735,unseen,0
W4,6736,unseen,0
W4,6737,unseen,0
W4,6738,unseen,0
W4,6739,unseen,0
W4,6740,unseen,0
W4,6741,unseen,0
W4,6742,unseen,0
W4,6743,unseen,0
W4,6744,unseen,0
W4,6745,unseen,0
W4,6746,unseen,0
W4,6747,unseen,0
W4,6748,unseen,0
W4,6749,unseen,0
W4,6750,unseen,0
W4,6751,unseen,0
W4,6752,unseen,0
W4,6753,unseen,0
W4,6754,unseen,0
W4,6755,unseen,0
W4,6756,unseen,0
W4,6757,unseen,0
W4,6758,unseen,0
W4,6759,unseen,0
W4,6760,unseen,0
W4,6761,unseen,0
W4,6762,unseen,0
W4,6763,unseen,0
W4,6764,unseen,0
W4,6765,unseen,0
W4,6766,unseen,0
W4,6767,unseen,0
W4,6768,unseen,0
W4,6769,unseen,0
W4,6770,unseen,0
W4,6771,unseen,0
W4,6772,unseen,0
W4,6773,unseen,0
W4,6774,unseen,0
W4,6775,unseen,0
W4,6776,unseen,0
W4,6777,unseen,0
W4,6778,unseen,0
W4,6779,unseen,0
W4,6780,unseen,0
W4,6781,unseen,0
W4,6782,unseen,0
W4,6783,unseen,0
W4,6784,unseen,0
W4,6785,unseen,0
W4,6786,unseen,0
W4,6787,unseen,0
W4,6788,unseen,0
W4,6789,unseen,0
W4,6790,unseen,0
W4,6791,unseen,0
W4,6792,unseen,0
W4,6793,unseen,0
W4,6794,unseen,0
W4,6795,unseen,0
W4,6796,unseen,0
W4,6797,unseen,0
W4,6798,unseen,0
W4,6799,unseen,0
W4,6800,unseen,0
W4,6801,unseen,0
W4,6802,unseen,0
W4,6803,unseen,0
W4,6804,unseen,0
W4,6805,unseen,0
W4,6806,unseen,0
W4,6807,unseen,0
W4,6808,unseen,0
W4,6809,unseen,0
W4,6810,unseen,0
W4,6811,unseen,0
W4,6812,unseen,0
W4,6813,unseen,0
W4,6814,unseen,0
W4,6815,unseen,0
W4,6816,unseen,0
W4,6817,unseen,0
W4,6818,unseen,0
W4,6819,unseen,0
W4,6820,unseen,0
W4,6821,unseen,0
W4,6822,unseen,0
W4,6823,unseen,0
W4,6824,unseen,0
W4,6825,very_rare,1
W4,6826,unseen,0
W4,6827,unseen,0
W4,6828,unseen,0
W4,6829,unseen,0
W4,6830,unseen,0
W4,6831,unseen,0
W4,6832,unseen,0
W4,6833,unseen,0
W4,6834,unseen,0
W4,6835,unseen,0
W4,6836,unseen,0
W4,6837,unseen,0
W4,6838,unseen,0
W4,6839,unseen,0
W4,6840,unseen,0
W4,6841,unseen,0
W4,6842,unseen,0
W4,6843,unseen,0
W4,6844,unseen,0
W4,6845,unseen,0
W4,6846,unseen,0
W4,6847,unseen,0
W4,6848,unseen,0
W4,6849,unseen,0
W4,6850,unseen,0
W4,6851,unseen,0
W4,6852,unseen,0
W4,6853,unseen,0
W4,6854,unseen,0
W4,6855,unseen,0
W4,6856,unseen,0
W4,6857,unseen,0
W4,6858,unseen,0
W4,6859,unseen,0
W4,6860,unseen,0
W4,6861,unseen,0
W4,6862,unseen,0
W4,6863,unseen,0
W4,6864,unseen,0
W4,6865,unseen,0
W4,6866,unseen,0
W4,6867,unseen,0
W4,6868,unseen,0
W4,6869,unseen,0
W4,6870,unseen,0
W4,6871,unseen,0
W4,6872,unseen,0
W4,6873,unseen,0
W4,6874,unseen,0
W4,6875,unseen,0
W4,6876,unseen,0
W4,6877,unseen,0
W4,6878,unseen,0
W4,6879,unseen,0
W4,6880,unseen,0
W4,6881,unseen,0
W4,6882,unseen,0
W4,6883,unseen,0
W4,6884,unseen,0
W4,6885,unseen,0
W4,6886,unseen,0
W4,6887,unseen,0
W4,6888,unseen,0
W4,6889,unseen,0
W4,6890,unseen,0
W4,6891,unseen,0
W4,6892,unseen,0
W4,6893,unseen,0
W4,6894,unseen,0
W4,6895,unseen,0
W4,6896,unseen,0
W4,6897,unseen,0
W4,6898,unseen,0
W4,6899,unseen,0
W4,6900,unseen,0
W4,6901,unseen,0
W4,6902,unseen,0
W4,6903,unseen,0
W4,6904,unseen,0
W4,6905,unseen,0
W4,6906,unseen,0
W4,6907,unseen,0
W4,6908,unseen,0
W4,6909,unseen,0
W4,6910,unseen,0
W4,6911,unseen,0
W4,6912,unseen,0
W4,6913,unseen,0
W4,6914,unseen,0
W4,6915,unseen,0
W4,6916,unseen,0
W4,6917,unseen,0
W4,6918,unseen,0
W4,6919,unseen,0
W4,6920,unseen,0
W4,6921,unseen,0
W4,6922,unseen,0
W4,6923,unseen,0
W4,6924,unseen,0
W4,6925,unseen,0
W4,6926,unseen,0
W4,6927,unseen,0
W4,6928,unseen,0
W4,6929,unseen,0
W4,6930,unseen,0
W4,6931,unseen,0
W4,6932,unseen,0
W4,6933,unseen,0
W4,6934,unseen,0
W4,6935,unseen,0
W4,6936,unseen,0
W4,6937,unseen,0
W4,6938,unseen,0
W4,6939,unseen,0
W4,6940,unseen,0
W4,6941,unseen,0
W4,6942,unseen,0
W4,6943,unseen,0
W4,6944,unseen,0
W4,6945,unseen,0
W4,6946,unseen,0
W4,6947,unseen,0
W4,6948,unseen,0
W4,6949,unseen,0
W4,6950,unseen,0
W4,6951,unseen,0
W4,6952,unseen,0
W4,6953,unseen,0
W4,6954,unseen,0
W4,6955,unseen,0
W4,6956,unseen,0
W4,6957,unseen,0
W4,6958,unseen,0
W4,6959,unseen,0
W4,6960,unseen,0
W4,6961,unseen,0
W4,6962,unseen,0
W4,6963,unseen,0
W4,6964,unseen,0
W4,6965,unseen,0
W4,6966,unseen,0
W4,6967,unseen,0
W4,6968,unseen,0
W4,6969,unseen,0
W4,6970,unseen,0
W4,6971,unseen,0
W4,6972,unseen,0
W4,6973,unseen,0
W4,6974,unseen,0
W4,6975,unseen,0
W4,6976,unseen,0
W4,6977,unseen,0
W4,6978,unseen,0
W4,6979,unseen,0
W4,6980,unseen,0
W4,6981,unseen,0
W4,6982,unseen,0
W4,6983,unseen,0
W4,6984,unseen,0
W4,6985,unseen,0
W4,6986,unseen,0
W4,6987,unseen,0
W4,6988,unseen,0
W4,6989,unseen,0
W4,6990,unseen,0
W4,6991,unseen,0
W4,6992,unseen,0
W4,6993,unseen,0
W4,6994,unseen,0
W4,6995,unseen,0
W4,6996,unseen,0
W4,6997,unseen,0
W4,6998,unseen,0
W4,6999,unseen,0
W4,7000,unseen,0
W4,7001,unseen,0
W4,7002,unseen,0
W4,7003,unseen,0
W4,7004,unseen,0
W4,7005,unseen,0
W4,7006,unseen,0
W4,7007,unseen,0
W4,7008,unseen,0
W4,7009,unseen,0
W4,7010,unseen,0
W4,7011,unseen,0
W4,7012,unseen,0
W4,7013,unseen,0
W4,7014,unseen,0
W4,7015,unseen,0
W4,7016,unseen,0
W4,7017,unseen,0
W4,7018,unseen,0
W4,7019,unseen,0
W4,7020,unseen,0
W4,7021,unseen,0
W4,7022,unseen,0
W4,7023,unseen,0
W4,7024,unseen,0
W4,7025,unseen,0
W4,7026,unseen,0
W4,7027,unseen,0
W4,7028,unseen,0
W4,7029,unseen,0
W4,7030,unseen,0
W4,7031,unseen,0
W4,7032,unseen,0
W4,7033,unseen,0
W4,7034,unseen,0
W4,7035,unseen,0
W4,7036,unseen,0
W4,7037,unseen,0
W4,7038,unseen,0
W4,7039,unseen,0
W4,7040,unseen,0
W4,7041,unseen,0
W4,7042,unseen,0
W4,7043,unseen,0
W4,7044,unseen,0
W4,7045,unseen,0
W4,7046,unseen,0
W4,7047,unseen,0
W4,7048,unseen,0
W4,7049,unseen,0
W4,7050,unseen,0
W4,7051,unseen,0
W4,7052,unseen,0
W4,7053,unseen,0
W4,7054,unseen,0
W4,7055,unseen,0
W4,7056,unseen,0
W4,7057,unseen,0
W4,7058,unseen,0
W4,7059,unseen,0
W4,7060,unseen,0
W4,7061,unseen,0
W4,7062,unseen,0
W4,7063,unseen,0
W4,7064,unseen,0
W4,7065,unseen,0
W4,7066,unseen,0
W4,7067,unseen,0
W4,7068,unseen,0
W4,7069,unseen,0
W4,7070,unseen,0
W4,7071,unseen,0
W4,7072,unseen,0
W4,7073,unseen,0
W4,7074,unseen,0
W4,7075,unseen,0
W4,7076,unseen,0
W4,7077,unseen,0
W4,7078,unseen,0
W4,7079,unseen,0
W4,7080,unseen,0
W4,7081,unseen,0
W4,7082,unseen,0
W4,7083,unseen,0
W4,7084,unseen,0
W4,7085,unseen,0
W4,7086,unseen,0
W4,7087,unseen,0
W4,7088,unseen,0
W4,7089,unseen,0
W4,7090,unseen,0
W4,7091,unseen,0
W4,7092,unseen,0
W4,7093,unseen,0
W4,7094,unseen,0
W4,7095,unseen,0
W4,7096,unseen,0
W4,7097,unseen,0
W4,7098,unseen,0
W4,7099,unseen,0
W4,7100,unseen,0
W4,7101,unseen,0
W4,7102,unseen,0
W4,7103,unseen,0
W4,7104,unseen,0
W4,7105,unseen,0
W4,7106,unseen,0
W4,7107,unseen,0
W4,7108,unseen,0
W4,7109,unseen,0
W4,7110,unseen,0
W4,7111,unseen,0
W4,7112,unseen,0
W4,7113,unseen,0
W4,7114,unseen,0
W4,7115,unseen,0
W4,7116,unseen,0
W4,7117,unseen,0
W4,7118,unseen,0
W4,7119,unseen,0
W4,7120,unseen,0
W4,7121,unseen,0
W4,7122,unseen,0
W4,7123,unseen,0
W4,7124,unseen,0
W4,7125,unseen,0
W4,7126,unseen,0
W4,7127,unseen,0
W4,7128,unseen,0
W4,7129,unseen,0
W4,7130,unseen,0
W4,7131,unseen,0
W4,7132,unseen,0
W4,7133,unseen,0
W4,7134,unseen,0
W4,7135,unseen,0
W4,7136,unseen,0
W4,7137,unseen,0
W4,7138,unseen,0
W4,7139,unseen,0
W4,7140,unseen,0
W4,7141,unseen,0
W4,7142,unseen,0
W4,7143,unseen,0
W4,7144,unseen,0
W4,7145,unseen,0
W4,7146,unseen,0
W4,7147,unseen,0
W4,7148,unseen,0
W4,7149,unseen,0
W4,7150,unseen,0
W4,7151,unseen,0
W4,7152,unseen,0
W4,7153,unseen,0
W4,7154,unseen,0
W4,7155,unseen,0
W4,7156,unseen,0
W4,7157,unseen,0
W4,7158,unseen,0
W4,7159,unseen,0
W4,7160,unseen,0
W4,7161,unseen,0
W4,7162,unseen,0
W4,7163,unseen,0
W4,7164,unseen,0
W4,7165,unseen,0
W4,7166,unseen,0
W4,7167,unseen,0
W4,7168,unseen,0
W4,7169,unseen,0
W4,7170,unseen,0
W4,7171,unseen,0
W4,7172,unseen,0
W4,7173,unseen,0
W4,7174,unseen,0
W4,7175,unseen,0
W4,7176,unseen,0
W4,7177,unseen,0
W4,7178,unseen,0
W4,7179,unseen,0
W4,7180,unseen,0
W4,7181,unseen,0
W4,7182,unseen,0
W4,7183,unseen,0
W4,7184,unseen,0
W4,7185,unseen,0
W4,7186,unseen,0
W4,7187,unseen,0
W4,7188,unseen,0
W4,7189,unseen,0
W4,7190,unseen,0
W4,7191,unseen,0
W4,7192,unseen,0
W4,7193,unseen,0
W4,7194,unseen,0
W4,7195,unseen,0
W4,7196,unseen,0
W4,7197,unseen,0
W4,7198,unseen,0
W4,7199,unseen,0
W4,7200,unseen,0
W4,7201,unseen,0
W4,7202,unseen,0
W4,7203,unseen,0
W4,7204,unseen,0
W4,7205,unseen,0
W4,7206,unseen,0
W4,7207,unseen,0
W4,7208,unseen,0
W4,7209,unseen,0
W4,7210,unseen,0
W4,7211,unseen,0
W4,7212,unseen,0
W4,7213,unseen,0
W4,7214,unseen,0
W4,7215,unseen,0
W4,7216,unseen,0
W4,7217,unseen,0
W4,7218,unseen,0
W4,7219,unseen,0
W4,7220,unseen,0
W4,7221,unseen,0
W4,7222,unseen,0
W4,7223,unseen,0
W4,7224,unseen,0
W4,7225,unseen,0
W4,7226,unseen,0
W4,7227,unseen,0
W4,7228,unseen,0
W4,7229,unseen,0
W4,7230,unseen,0
W4,7231,unseen,0
W4,7232,unseen,0
W4,7233,unseen,0
W4,7234,unseen,0
W4,7235,unseen,0
W4,7236,unseen,0
W4,7237,unseen,0
W4,7238,unseen,0
W4,7239,unseen,0
W4,7240,unseen,0
W4,7241,unseen,0
W4,7242,unseen,0
W4,7243,unseen,0
W4,7244,unseen,0
W4,7245,unseen,0
W4,7246,unseen,0
W4,7247,unseen,0
W4,7248,unseen,0
W4,7249,unseen,0
W4,7250,unseen,0
W4,7251,unseen,0
W4,7252,unseen,0
W4,7253,unseen,0
W4,7254,unseen,0
W4,7255,unseen,0
W4,7256,unseen,0
W4,7257,unseen,0
W4,7258,unseen,0
W4,7259,unseen,0
W4,7260,unseen,0
W4,7261,unseen,0
W4,7262,unseen,0
W4,7263,unseen,0
W4,7264,unseen,0
W4,7265,unseen,0
W4,7266,unseen,0
W4,7267,unseen,0
W4,7268,unseen,0
W4,7269,unseen,0
W4,7270,unseen,0
W4,7271,unseen,0
W4,7272,unseen,0
W4,7273,unseen,0
W4,7274,unseen,0
W4,7275,unseen,0
W4,7276,unseen,0
W4,7277,unseen,0
W4,7278,unseen,0
W4,7279,unseen,0
W4,7280,unseen,0
W4,7281,unseen,0
W4,7282,unseen,0
W4,7283,unseen,0
W4,7284,unseen,0
W4,7285,unseen,0
W4,7286,unseen,0
W4,7287,unseen,0
W4,7288,unseen,0
W4,7289,unseen,0
W4,7290,unseen,0
W4,7291,unseen,0
W4,7292,unseen,0
W4,7293,unseen,0
W4,7294,unseen,0
W4,7295,unseen,0
W4,7296,unseen,0
W4,7297,unseen,0
W4,7298,unseen,0
W4,7299,unseen,0
W4,7300,unseen,0
W4,7301,unseen,0
W4,7302,unseen,0
W4,7303,unseen,0
W4,7304,unseen,0
W4,7305,unseen,0
W4,7306,unseen,0
W4,7307,unseen,0
W4,7308,unseen,0
W4,7309,unseen,0
W4,7310,unseen,0
W4,7311,unseen,0
W4,7312,unseen,0
W4,7313,unseen,0
W4,7314,unseen,0
W4,7315,unseen,0
W4,7316,unseen,0
W4,7317,unseen,0
W4,7318,unseen,0
W4,7319,unseen,0
W4,7320,unseen,0
W4,7321,unseen,0
W4,7322,unseen,0
W4,7323,unseen,0
W4,7324,unseen,0
W4,7325,unseen,0
W4,7326,unseen,0
W4,7327,unseen,0
W4,7328,unseen,0
W4,7329,unseen,0
W4,7330,unseen,0
W4,7331,unseen,0
W4,7332,unseen,0
W4,7333,unseen,0
W4,7334,unseen,0
W4,7335,unseen,0
W4,7336,unseen,0
W4,7337,unseen,0
W4,7338,unseen,0
W4,7339,unseen,0
W4,7340,unseen,0
W4,7341,unseen,0
W4,7342,unseen,0
W4,7343,unseen,0
W4,7344,unseen,0
W4,7345,unseen,0
W4,7346,unseen,0
W4,7347,unseen,0
W4,7348,unseen,0
W4,7349,unseen,0
W4,7350,unseen,0
W4,7351,unseen,0
W4,7352,unseen,0
W4,7353,unseen,0
W4,7354,unseen,0
W4,7355,unseen,0
W4,7356,unseen,0
W4,7357,unseen,0
W4,7358,unseen,0
W4,7359,unseen,0
W4,7360,unseen,0
W4,7361,unseen,0
W4,7362,unseen,0
W4,7363,unseen,0
W4,7364,unseen,0
W4,7365,unseen,0
W4,7366,unseen,0
W4,7367,unseen,0
W4,7368,unseen,0
W4,7369,unseen,0
W4,7370,unseen,0
W4,7371,unseen,0
W4,7372,unseen,0
W4,7373,unseen,0
W4,7374,unseen,0
W4,7375,unseen,0
W4,7376,unseen,0
W4,7377,unseen,0
W4,7378,unseen,0
W4,7379,unseen,0
W4,7380,unseen,0
W4,7381,unseen,0
W4,7382,unseen,0
W4,7383,unseen,0
W4,7384,unseen,0
W4,7385,unseen,0
W4,7386,unseen,0
W4,7387,unseen,0
W4,7388,unseen,0
W4,7389,unseen,0
W4,7390,unseen,0
W4,7391,unseen,0
W4,7392,unseen,0
W4,7393,unseen,0
W4,7394,unseen,0
W4,7395,unseen,0
W4,7396,unseen,0
W4,7397,unseen,0
W4,7398,unseen,0
W4,7399,unseen,0
W4,7400,unseen,0
W4,7401,unseen,0
W4,7402,unseen,0
W4,7403,unseen,0
W4,7404,unseen,0
W4,7405,unseen,0
W4,7406,unseen,0
W4,7407,unseen,0
W4,7408,unseen,0
W4,7409,unseen,0
W4,7410,unseen,0
W4,7411,unseen,0
W4,7412,unseen,0
W4,7413,unseen,0
W4,7414,unseen,0
W4,7415,unseen,0
W4,7416,unseen,0
W4,7417,unseen,0
W4,7418,unseen,0
W4,7419,unseen,0
W4,7420,unseen,0
W4,7421,unseen,0
W4,7422,unseen,0
W4,7423,unseen,0
W4,7424,unseen,0
W4,7425,unseen,0
W4,7426,unseen,0
W4,7427,unseen,0
W4,7428,unseen,0
W4,7429,unseen,0
W4,7430,unseen,0
W4,7431,unseen,0
W4,7432,unseen,0
W4,7433,unseen,0
W4,7434,unseen,0
W4,7435,unseen,0
W4,7436,unseen,0
W4,7437,unseen,0
W4,7438,unseen,0
W4,7439,unseen,0
W4,7440,unseen,0
W4,7441,unseen,0
W4,7442,unseen,0
W4,7443,unseen,0
W4,7444,unseen,0
W4,7445,unseen,0
W4,7446,unseen,0
W4,7447,unseen,0
W4,7448,unseen,0
W4,7449,unseen,0
W4,7450,unseen,0
W4,7451,unseen,0
W4,7452,unseen,0
W4,7453,unseen,0
W4,7454,unseen,0
W4,7455,unseen,0
W4,7456,unseen,0
W4,7457,unseen,0
W4,7458,unseen,0
W4,7459,unseen,0
W4,7460,unseen,0
W4,7461,unseen,0
W4,7462,unseen,0
W4,7463,unseen,0
W4,7464,unseen,0
W4,7465,unseen,0
W4,7466,unseen,0
W4,7467,unseen,0
W4,7468,unseen,0
W4,7469,unseen,0
W4,7470,unseen,0
W4,7471,unseen,0
W4,7472,unseen,0
W4,7473,unseen,0
W4,7474,unseen,0
W4,7475,unseen,0
W4,7476,unseen,0
W4,7477,unseen,0
W4,7478,unseen,0
W4,7479,unseen,0
W4,7480,unseen,0
W4,7481,unseen,0
W4,7482,unseen,0
W4,7483,unseen,0
W4,7484,unseen,0
W4,7485,unseen,0
W4,7486,unseen,0
W4,7487,unseen,0
W4,7488,unseen,0
W4,7489,unseen,0
W4,7490,unseen,0
W4,7491,unseen,0
W4,7492,unseen,0
W4,7493,unseen,0
W4,7494,unseen,0
W4,7495,unseen,0
W4,7496,unseen,0
W4,7497,unseen,0
W4,7498,unseen,0
W4,7499,unseen,0
W4,7500,unseen,0
W4,7501,unseen,0
W4,7502,unseen,0
W4,7503,unseen,0
W4,7504,unseen,0
W4,7505,unseen,0
W4,7506,unseen,0
W4,7507,unseen,0
W4,7508,unseen,0
W4,7509,unseen,0
W4,7510,unseen,0
W4,7511,unseen,0
W4,7512,unseen,0
W4,7513,unseen,0
W4,7514,unseen,0
W4,7515,unseen,0
W4,7516,unseen,0
W4,7517,unseen,0
W4,7518,unseen,0
W4,7519,unseen,0
W4,7520,unseen,0
W4,7521,unseen,0
W4,7522,unseen,0
W4,7523,unseen,0
W4,7524,unseen,0
W4,7525,unseen,0
W4,7526,unseen,0
W4,7527,unseen,0
W4,7528,unseen,0
W4,7529,unseen,0
W4,7530,unseen,0
W4,7531,unseen,0
W4,7532,unseen,0
W4,7533,unseen,0
W4,7534,unseen,0
W4,7535,unseen,0
W4,7536,unseen,0
W4,7537,unseen,0
W4,7538,unseen,0
W4,7539,unseen,0
W4,7540,unseen,0
W4,7541,unseen,0
W4,7542,unseen,0
W4,7543,unseen,0
W4,7544,unseen,0
W4,7545,unseen,0
W4,7546,unseen,0
W4,7547,unseen,0
W4,7548,unseen,0
W4,7549,unseen,0
W4,7550,unseen,0
W4,7551,unseen,0
W4,7552,unseen,0
W4,7553,unseen,0
W4,7554,unseen,0
W4,7555,unseen,0
W4,7556,unseen,0
W4,7557,unseen,0
W4,7558,unseen,0
W4,7559,unseen,0
W4,7560,unseen,0
W4,7561,unseen,0
W4,7562,unseen,0
W4,7563,unseen,0
W4,7564,unseen,0
W4,7565,unseen,0
W4,7566,unseen,0
W4,7567,unseen,0
W4,7568,unseen,0
W4,7569,unseen,0
W4,7570,unseen,0
W4,7571,unseen,0
W4,7572,unseen,0
W4,7573,unseen,0
W4,7574,unseen,0
W4,7575,unseen,0
W4,7576,unseen,0
W4,7577,unseen,0
W4,7578,unseen,0
W4,7579,unseen,0
W4,7580,unseen,0
W4,7581,unseen,0
W4,7582,unseen,0
W4,7583,unseen,0
W4,7584,unseen,0
W4,7585,unseen,0
W4,7586,unseen,0
W4,7587,unseen,0
W4,7588,unseen,0
W4,7589,unseen,0
W4,7590,unseen,0
W4,7591,unseen,0
W4,7592,unseen,0
W4,7593,unseen,0
W4,7594,unseen,0
W4,7595,unseen,0
W4,7596,unseen,0
W4,7597,unseen,0
W4,7598,unseen,0
W4,7599,unseen,0
W4,7600,unseen,0
W4,7601,unseen,0
W4,7602,unseen,0
W4,7603,unseen,0
W4,7604,unseen,0
W4,7605,unseen,0
W4,7606,unseen,0
W4,7607,unseen,0
W4,7608,unseen,0
W4,7609,unseen,0
W4,7610,unseen,0
W4,7611,unseen,0
W4,7612,unseen,0
W4,7613,unseen,0
W4,7614,unseen,0
W4,7615,unseen,0
W4,7616,unseen,0
W4,7617,unseen,0
W4,7618,unseen,0
W4,7619,unseen,0
W4,7620,unseen,0
W4,7621,unseen,0
W4,7622,unseen,0
W4,7623,unseen,0
W4,7624,unseen,0
W4,7625,unseen,0
W4,7626,unseen,0
W4,7627,unseen,0
W4,7628,unseen,0
W4,7629,unseen,0
W4,7630,unseen,0
W4,7631,unseen,0
W4,7632,unseen,0
W4,7633,unseen,0
W4,7634,unseen,0
W4,7635,unseen,0
W4,7636,unseen,0
W4,7637,unseen,0
W4,7638,unseen,0
W4,7639,unseen,0
W4,7640,unseen,0
W4,7641,unseen,0
W4,7642,unseen,0
W4,7643,unseen,0
W4,7644,unseen,0
W4,7645,unseen,0
W4,7646,unseen,0
W4,7647,unseen,0
W4,7648,unseen,0
W4,7649,unseen,0
W4,7650,unseen,0
W4,7651,unseen,0
W4,7652,unseen,0
W4,7653,unseen,0
W4,7654,unseen,0
W4,7655,unseen,0
W4,7656,unseen,0
W4,7657,unseen,0
W4,7658,unseen,0
W4,7659,unseen,0
W4,7660,unseen,0
W4,7661,unseen,0
W4,7662,unseen,0
W4,7663,unseen,0
W4,7664,unseen,0
W4,7665,unseen,0
W4,7666,unseen,0
W4,7667,unseen,0
W4,7668,unseen,0
W4,7669,unseen,0
W4,7670,unseen,0
W4,7671,unseen,0
W4,7672,unseen,0
W4,7673,unseen,0
W4,7674,unseen,0
W4,7675,unseen,0
W4,7676,unseen,0
W4,7677,unseen,0
W4,7678,unseen,0
W4,7679,unseen,0
W4,7680,unseen,0
W4,7681,unseen,0
W4,7682,unseen,0
W4,7683,unseen,0
W4,7684,unseen,0
W4,7685,unseen,0
W4,7686,unseen,0
W4,7687,unseen,0
W4,7688,unseen,0
W4,7689,unseen,0
W4,7690,unseen,0
W4,7691,unseen,0
W4,7692,unseen,0
W4,7693,unseen,0
W4,7694,unseen,0
W4,7695,unseen,0
W4,7696,unseen,0
W4,7697,unseen,0
W4,7698,unseen,0
W4,7699,unseen,0
W4,7700,unseen,0
W4,7701,unseen,0
W4,7702,unseen,0
W4,7703,unseen,0
W4,7704,unseen,0
W4,7705,unseen,0
W4,7706,unseen,0
W4,7707,unseen,0
W4,7708,unseen,0
W4,7709,unseen,0
W4,7710,unseen,0
W4,7711,unseen,0
W4,7712,unseen,0
W4,7713,unseen,0
W4,7714,unseen,0
W4,7715,unseen,0
W4,7716,unseen,0
W4,7717,unseen,0
W4,7718,unseen,0
W4,7719,unseen,0
W4,7720,unseen,0
W4,7721,unseen,0
W4,7722,unseen,0
W4,7723,unseen,0
W4,7724,unseen,0
W4,7725,unseen,0
W4,7726,unseen,0
W4,7727,unseen,0
W4,7728,unseen,0
W4,7729,unseen,0
W4,7730,unseen,0
W4,7731,unseen,0
W4,7732,unseen,0
W4,7733,unseen,0
W4,7734,unseen,0
W4,7735,unseen,0
W4,7736,unseen,0
W4,7737,unseen,0
W4,7738,unseen,0
W4,7739,unseen,0
W4,7740,unseen,0
W4,7741,unseen,0
W4,7742,unseen,0
W4,7743,unseen,0
W4,7744,unseen,0
W4,7745,unseen,0
W4,7746,unseen,0
W4,7747,unseen,0
W4,7748,unseen,0
W4,7749,unseen,0
W4,7750,unseen,0
W4,7751,unseen,0
W4,7752,unseen,0
W4,7753,unseen,0
W4,7754,unseen,0
W4,7755,unseen,0
W4,7756,unseen,0
W4,7757,unseen,0
W4,7758,unseen,0
W4,7759,unseen,0
W4,7760,unseen,0
W4,7761,unseen,0
W4,7762,unseen,0
W4,7763,unseen,0
W4,7764,unseen,0
W4,7765,unseen,0
W4,7766,unseen,0
W4,7767,unseen,0
W4,7768,unseen,0
W4,7769,unseen,0
W4,7770,unseen,0
W4,7771,unseen,0
W4,7772,unseen,0
W4,7773,unseen,0
W4,7774,unseen,0
W4,7775,unseen,0
W4,7776,unseen,0
W4,7777,unseen,0
W4,7778,unseen,0
W4,7779,unseen,0
W4,7780,unseen,0
W4,7781,unseen,0
W4,7782,unseen,0
W4,7783,unseen,0
W4,7784,unseen,0
W4,7785,unseen,0
W4,7786,unseen,0
W4,7787,unseen,0
W4,7788,unseen,0
W4,7789,unseen,0
W4,7790,unseen,0
W4,7791,unseen,0
W4,7792,unseen,0
W4,7793,unseen,0
W4,7794,unseen,0
W4,7795,unseen,0
W4,7796,unseen,0
W4,7797,unseen,0
W4,7798,unseen,0
W4,7799,unseen,0
W4,7800,unseen,0
W4,7801,unseen,0
W4,7802,unseen,0
W4,7803,unseen,0
W4,7804,unseen,0
W4,7805,unseen,0
W4,7806,unseen,0
W4,7807,unseen,0
W4,7808,unseen,0
W4,7809,unseen,0
W4,7810,unseen,0
W4,7811,unseen,0
W4,7812,unseen,0
W4,7813,unseen,0
W4,7814,unseen,0
W4,7815,unseen,0
W4,7816,unseen,0
W4,7817,unseen,0
W4,7818,unseen,0
W4,7819,unseen,0
W4,7820,unseen,0
W4,7821,unseen,0
W4,7822,unseen,0
W4,7823,unseen,0
W4,7824,unseen,0
W4,7825,unseen,0
W4,7826,unseen,0
W4,7827,unseen,0
W4,7828,unseen,0
W4,7829,unseen,0
W4,7830,unseen,0
W4,7831,unseen,0
W4,7832,unseen,0
W4,7833,unseen,0
W4,7834,unseen,0
W4,7835,unseen,0
W4,7836,unseen,0
W4,7837,unseen,0
W4,7838,unseen,0
W4,7839,unseen,0
W4,7840,unseen,0
W4,7841,unseen,0
W4,7842,unseen,0
W4,7843,unseen,0
W4,7844,unseen,0
W4,7845,unseen,0
W4,7846,unseen,0
W4,7847,unseen,0
W4,7848,unseen,0
W4,7849,unseen,0
W4,7850,unseen,0
W4,7851,unseen,0
W4,7852,unseen,0
W4,7853,unseen,0
W4,7854,unseen,0
W4,7855,unseen,0
W4,7856,unseen,0
W4,7857,unseen,0
W4,7858,unseen,0
W4,7859,unseen,0
W4,7860,unseen,0
W4,7861,unseen,0
W4,7862,unseen,0
W4,7863,unseen,0
W4,7864,unseen,0
W4,7865,unseen,0
W4,7866,unseen,0
W4,7867,unseen,0
W4,7868,unseen,0
W4,7869,unseen,0
W4,7870,unseen,0
W4,7871,unseen,0
W4,7872,unseen,0
W4,7873,unseen,0
W4,7874,unseen,0
W4,7875,unseen,0
W4,7876,unseen,0
W4,7877,unseen,0
W4,7878,unseen,0
W4,7879,unseen,0
W4,7880,unseen,0
W4,7881,unseen,0
W4,7882,unseen,0
W4,7883,unseen,0
W4,7884,unseen,0
W4,7885,unseen,0
W4,7886,unseen,0
W4,7887,unseen,0
W4,7888,unseen,0
W4,7889,unseen,0
W4,7890,unseen,0
W4,7891,unseen,0
W4,7892,unseen,0
W4,7893,unseen,0
W4,7894,unseen,0
W4,7895,unseen,0
W4,7896,unseen,0
W4,7897,unseen,0
W4,7898,unseen,0
W4,7899,unseen,0
W4,7900,unseen,0
W4,7901,unseen,0
W4,7902,unseen,0
W4,7903,unseen,0
W4,7904,unseen,0
W4,7905,unseen,0
W4,7906,unseen,0
W4,7907,unseen,0
W4,7908,unseen,0
W4,7909,unseen,0
W4,7910,unseen,0
W4,7911,unseen,0
W4,7912,unseen,0
W4,7913,unseen,0
W4,7914,unseen,0
W4,7915,unseen,0
W4,7916,unseen,0
W4,7917,unseen,0
W4,7918,unseen,0
W4,7919,unseen,0
W4,7920,unseen,0
W4,7921,unseen,0
W4,7922,unseen,0
W4,7923,unseen,0
W4,7924,unseen,0
W4,7925,unseen,0
W4,7926,unseen,0
W4,7927,unseen,0
W4,7928,unseen,0
W4,7929,unseen,0
W4,7930,unseen,0
W4,7931,unseen,0
W4,7932,unseen,0
W4,7933,unseen,0
W4,7934,unseen,0
W4,7935,unseen,0
W4,7936,unseen,0
W4,7937,unseen,0
W4,7938,unseen,0
W4,7939,unseen,0
W4,7940,unseen,0
W4,7941,unseen,0
W4,7942,unseen,0
W4,7943,unseen,0
W4,7944,unseen,0
W4,7945,unseen,0
W4,7946,unseen,0
W4,7947,unseen,0
W4,7948,unseen,0
W4,7949,unseen,0
W4,7950,unseen,0
W4,7951,unseen,0
W4,7952,unseen,0
W4,7953,unseen,0
W4,7954,unseen,0
W4,7955,unseen,0
W4,7956,unseen,0
W4,7957,unseen,0
W4,7958,unseen,0
W4,7959,unseen,0
W4,7960,unseen,0
W4,7961,unseen,0
W4,7962,unseen,0
W4,7963,unseen,0
W4,7964,unseen,0
W4,7965,unseen,0
W4,7966,unseen,0
W4,7967,unseen,0
W4,7968,unseen,0
W4,7969,unseen,0
W4,7970,unseen,0
W4,7971,unseen,0
W4,7972,unseen,0
W4,7973,unseen,0
W4,7974,unseen,0
W4,7975,unseen,0
W4,7976,unseen,0
W4,7977,unseen,0
W4,7978,unseen,0
W4,7979,unseen,0
W4,7980,unseen,0
W4,7981,unseen,0
W4,7982,unseen,0
W4,7983,unseen,0
W4,7984,unseen,0
W4,7985,unseen,0
W4,7986,unseen,0
W4,7987,unseen,0
W4,7988,unseen,0
W4,7989,unseen,0
W4,7990,unseen,0
W4,7991,unseen,0
W4,7992,unseen,0
W4,7993,unseen,0
W4,7994,unseen,0
W4,7995,unseen,0
W4,7996,unseen,0
W4,7997,unseen,0
W4,7998,unseen,0
W4,7999,unseen,0
W4,8000,unseen,0
W4,8001,unseen,0
W4,8002,unseen,0
W4,8003,unseen,0
W4,8004,unseen,0
W4,8005,unseen,0
W4,8006,unseen,0
W4,8007,unseen,0
W4,8008,unseen,0
W4,8009,unseen,0
W4,8010,unseen,0
W4,8011,unseen,0
W4,8012,unseen,0
W4,8013,unseen,0
W4,8014,unseen,0
W4,8015,unseen,0
W4,8016,unseen,0
W4,8017,unseen,0
W4,8018,unseen,0
W4,8019,unseen,0
W4,8020,unseen,0
W4,8021,unseen,0
W4,8022,unseen,0
W4,8023,unseen,0
W4,8024,unseen,0
W4,8025,unseen,0
W4,8026,unseen,0
W4,8027,unseen,0
W4,8028,unseen,0
W4,8029,unseen,0
W4,8030,unseen,0
W4,8031,unseen,0
W4,8032,unseen,0
W4,8033,unseen,0
W4,8034,unseen,0
W4,8035,unseen,0
W4,8036,unseen,0
W4,8037,unseen,0
W4,8038,unseen,0
W4,8039,unseen,0
W4,8040,unseen,0
W4,8041,unseen,0
W4,8042,unseen,0
W4,8043,unseen,0
W4,8044,unseen,0
W4,8045,unseen,0
W4,8046,unseen,0
W4,8047,unseen,0
W4,8048,unseen,0
W4,8049,unseen,0
W4,8050,unseen,0
W4,8051,unseen,0
W4,8052,unseen,0
W4,8053,unseen,0
W4,8054,unseen,0
W4,8055,unseen,0
W4,8056,unseen,0
W4,8057,unseen,0
W4,8058,unseen,0
W4,8059,unseen,0
W4,8060,unseen,0
W4,8061,unseen,0
W4,8062,unseen,0
W4,8063,unseen,0
W4,8064,unseen,0
W4,8065,unseen,0
W4,8066,unseen,0
W4,8067,unseen,0
W4,8068,unseen,0
W4,8069,unseen,0
W4,8070,unseen,0
W4,8071,unseen,0
W4,8072,unseen,0
W4,8073,unseen,0
W4,8074,unseen,0
W4,8075,unseen,0
W4,8076,unseen,0
W4,8077,unseen,0
W4,8078,unseen,0
W4,8079,unseen,0
W4,8080,unseen,0
W4,8081,unseen,0
W4,8082,unseen,0
W4,8083,unseen,0
W4,8084,unseen,0
W4,8085,unseen,0
W4,8086,unseen,0
W4,8087,unseen,0
W4,8088,unseen,0
W4,8089,unseen,0
W4,8090,unseen,0
W4,8091,unseen,0
W4,8092,unseen,0
W4,8093,unseen,0
W4,8094,unseen,0
W4,8095,unseen,0
W4,8096,unseen,0
W4,8097,unseen,0
W4,8098,unseen,0
W4,8099,unseen,0
W4,8100,unseen,0
W4,8101,unseen,0
W4,8102,unseen,0
W4,8103,unseen,0
W4,8104,unseen,0
W4,8105,unseen,0
W4,8106,unseen,0
W4,8107,unseen,0
W4,8108,unseen,0
W4,8109,unseen,0
W4,8110,unseen,0
W4,8111,unseen,0
W4,8112,unseen,0
W4,8113,unseen,0
W4,8114,unseen,0
W4,8115,unseen,0
W4,8116,unseen,0
W4,8117,unseen,0
W4,8118,unseen,0
W4,8119,unseen,0
W4,8120,unseen,0
W4,8121,unseen,0
W4,8122,unseen,0
W4,8123,unseen,0
W4,8124,unseen,0
W4,8125,unseen,0
W4,8126,unseen,0
W4,8127,unseen,0
W4,8128,unseen,0
W4,8129,unseen,0
W4,8130,unseen,0
W4,8131,unseen,0
W4,8132,unseen,0
W4,8133,unseen,0
W4,8134,unseen,0
W4,8135,unseen,0
W4,8136,unseen,0
W4,8137,unseen,0
W4,8138,unseen,0
W4,8139,unseen,0
W4,8140,unseen,0
W4,8141,unseen,0
W4,8142,unseen,0
W4,8143,unseen,0
W4,8144,unseen,0
W4,8145,unseen,0
W4,8146,unseen,0
W4,8147,unseen,0
W4,8148,unseen,0
W4,8149,unseen,0
W4,8150,unseen,0
W4,8151,unseen,0
W4,8152,unseen,0
W4,8153,unseen,0
W4,8154,unseen,0
W4,8155,unseen,0
W4,8156,unseen,0
W4,8157,unseen,0
W4,8158,unseen,0
W4,8159,unseen,0
W4,8160,unseen,0
W4,8161,unseen,0
W4,8162,unseen,0
W4,8163,unseen,0
W4,8164,unseen,0
W4,8165,unseen,0
W4,8166,unseen,0
W4,8167,unseen,0
W4,8168,unseen,0
W4,8169,unseen,0
W4,8170,unseen,0
W4,8171,unseen,0
W4,8172,unseen,0
W4,8173,unseen,0
W4,8174,unseen,0
W4,8175,unseen,0
W4,8176,unseen,0
W4,8177,unseen,0
W4,8178,unseen,0
W4,8179,unseen,0
W4,8180,unseen,0
W4,8181,unseen,0
W4,8182,unseen,0
W4,8183,unseen,0
W4,8184,unseen,0
W4,8185,unseen,0
W4,8186,unseen,0
W4,8187,unseen,0
W4,8188,unseen,0
W4,8189,unseen,0
W4,8190,unseen,0
W4,8191,unseen,0
W4,8192,unseen,0
W4,8193,unseen,0
W4,8194,unseen,0
W4,8195,unseen,0
W4,8196,unseen,0
W4,8197,unseen,0
W4,8198,unseen,0
W4,8199,unseen,0
W4,8200,unseen,0
W4,8201,unseen,0
W4,8202,unseen,0
W4,8203,unseen,0
W4,8204,unseen,0
W4,8205,unseen,0
W4,8206,unseen,0
W4,8207,unseen,0
W4,8208,unseen,0
W4,8209,unseen,0
W4,8210,unseen,0
W4,8211,unseen,0
W4,8212,unseen,0
W4,8213,unseen,0
W4,8214,unseen,0
W4,8215,unseen,0
W4,8216,unseen,0
W4,8217,unseen,0
W4,8218,unseen,0
W4,8219,unseen,0
W4,8220,unseen,0
W4,8221,unseen,0
W4,8222,unseen,0
W4,8223,unseen,0
W4,8224,unseen,0
W4,8225,unseen,0
W4,8226,unseen,0
W4,8227,unseen,0
W4,8228,unseen,0
W4,8229,unseen,0
W4,8230,unseen,0
W4,8231,unseen,0
W4,8232,unseen,0
W4,8233,unseen,0
W4,8234,unseen,0
W4,8235,unseen,0
W4,8236,unseen,0
W4,8237,unseen,0
W4,8238,unseen,0
W4,8239,unseen,0
W4,8240,unseen,0
W4,8241,unseen,0
W4,8242,unseen,0
W4,8243,unseen,0
W4,8244,unseen,0
W4,8245,unseen,0
W4,8246,unseen,0
W4,8247,unseen,0
W4,8248,unseen,0
W4,8249,unseen,0
W4,8250,unseen,0
W4,8251,unseen,0
W4,8252,unseen,0
W4,8253,unseen,0
W4,8254,unseen,0
W4,8255,unseen,0
W4,8256,unseen,0
W4,8257,unseen,0
W4,8258,unseen,0
W4,8259,unseen,0
W4,8260,unseen,0
W4,8261,unseen,0
W4,8262,unseen,0
W4,8263,unseen,0
W4,8264,unseen,0
W4,8265,unseen,0
W4,8266,unseen,0
W4,8267,unseen,0
W4,8268,unseen,0
W4,8269,unseen,0
W4,8270,unseen,0
W4,8271,unseen,0
W4,8272,unseen,0
W4,8273,unseen,0
W4,8274,unseen,0
W4,8275,unseen,0
W4,8276,unseen,0
W4,8277,unseen,0
W4,8278,unseen,0
W4,8279,unseen,0
W4,8280,unseen,0
W4,8281,unseen,0
W4,8282,unseen,0
W4,8283,unseen,0
W4,8284,unseen,0
W4,8285,unseen,0
W4,8286,unseen,0
W4,8287,unseen,0
W4,8288,unseen,0
W4,8289,unseen,0
W4,8290,unseen,0
W4,8291,unseen,0
W4,8292,unseen,0
W4,8293,unseen,0
W4,8294,unseen,0
W4,8295,unseen,0
W4,8296,unseen,0
W4,8297,unseen,0
W4,8298,unseen,0
W4,8299,unseen,0
W4,8300,unseen,0
W4,8301,unseen,0
W4,8302,unseen,0
W4,8303,unseen,0
W4,8304,unseen,0
W4,8305,unseen,0
W4,8306,unseen,0
W4,8307,unseen,0
W4,8308,unseen,0
W4,8309,unseen,0
W4,8310,unseen,0
W4,8311,unseen,0
W4,8312,unseen,0
W4,8313,unseen,0
W4,8314,unseen,0
W4,8315,unseen,0
W4,8316,unseen,0
W4,8317,unseen,0
W4,8318,unseen,0
W4,8319,unseen,0
W4,8320,unseen,0
W4,8321,unseen,0
W4,8322,unseen,0
W4,8323,unseen,0
W4,8324,unseen,0
W4,8325,unseen,0
W4,8326,unseen,0
W4,8327,unseen,0
W4,8328,unseen,0
W4,8329,unseen,0
W4,8330,unseen,0
W4,8331,unseen,0
W4,8332,unseen,0
W4,8333,unseen,0
W4,8334,unseen,0
W4,8335,unseen,0
W4,8336,unseen,0
W4,8337,unseen,0
W4,8338,unseen,0
W4,8339,unseen,0
W4,8340,unseen,0
W4,8341,unseen,0
W4,8342,unseen,0
W4,8343,unseen,0
W4,8344,unseen,0
W4,8345,unseen,0
W4,8346,unseen,0
W4,8347,unseen,0
W4,8348,unseen,0
W4,8349,unseen,0
W4,8350,unseen,0
W4,8351,unseen,0
W4,8352,unseen,0
W4,8353,unseen,0
W4,8354,unseen,0
W4,8355,unseen,0
W4,8356,unseen,0
W4,8357,unseen,0
W4,8358,unseen,0
W4,8359,unseen,0
W4,8360,unseen,0
W4,8361,unseen,0
W4,8362,unseen,0
W4,8363,unseen,0
W4,8364,unseen,0
W4,8365,unseen,0
W4,8366,unseen,0
W4,8367,unseen,0
W4,8368,unseen,0
W4,8369,unseen,0
W4,8370,unseen,0
W4,8371,unseen,0
W4,8372,unseen,0
W4,8373,unseen,0
W4,8374,unseen,0
W4,8375,unseen,0
W4,8376,unseen,0
W4,8377,unseen,0
W4,8378,unseen,0
W4,8379,unseen,0
W4,8380,unseen,0
W4,8381,unseen,0
W4,8382,unseen,0
W4,8383,unseen,0
W4,8384,unseen,0
W4,8385,unseen,0
W4,8386,unseen,0
W4,8387,unseen,0
W4,8388,unseen,0
W4,8389,unseen,0
W4,8390,unseen,0
W4,8391,unseen,0
W4,8392,unseen,0
W4,8393,unseen,0
W4,8394,unseen,0
W4,8395,unseen,0
W4,8396,unseen,0
W4,8397,unseen,0
W4,8398,unseen,0
W4,8399,unseen,0
W4,8400,unseen,0
W4,8401,unseen,0
W4,8402,unseen,0
W4,8403,unseen,0
W4,8404,unseen,0
W4,8405,unseen,0
W4,8406,unseen,0
W4,8407,unseen,0
W4,8408,unseen,0
W4,8409,unseen,0
W4,8410,unseen,0
W4,8411,unseen,0
W4,8412,unseen,0
W4,8413,unseen,0
W4,8414,unseen,0
W4,8415,unseen,0
W4,8416,unseen,0
W4,8417,unseen,0
W4,8418,unseen,0
W4,8419,unseen,0
W4,8420,unseen,0
W4,8421,unseen,0
W4,8422,unseen,0
W4,8423,unseen,0
W4,8424,unseen,0
W4,8425,unseen,0
W4,8426,unseen,0
W4,8427,unseen,0
W4,8428,unseen,0
W4,8429,unseen,0
W4,8430,unseen,0
W4,8431,unseen,0
W4,8432,unseen,0
W4,8433,unseen,0
W4,8434,unseen,0
W4,8435,unseen,0
W4,8436,unseen,0
W4,8437,unseen,0
W4,8438,unseen,0
W4,8439,unseen,0
W4,8440,unseen,0
W4,8441,unseen,0
W4,8442,unseen,0
W4,8443,unseen,0
W4,8444,unseen,0
W4,8445,unseen,0
W4,8446,unseen,0
W4,8447,unseen,0
W4,8448,unseen,0
W4,8449,unseen,0
W4,8450,unseen,0
W4,8451,unseen,0
W4,8452,unseen,0
W4,8453,unseen,0
W4,8454,unseen,0
W4,8455,unseen,0
W4,8456,unseen,0
W4,8457,unseen,0
W4,8458,unseen,0
W4,8459,unseen,0
W4,8460,unseen,0
W4,8461,unseen,0
W4,8462,unseen,0
W4,8463,unseen,0
W4,8464,unseen,0
W4,8465,unseen,0
W4,8466,unseen,0
W4,8467,unseen,0
W4,8468,unseen,0
W4,8469,unseen,0
W4,8470,unseen,0
W4,8471,unseen,0
W4,8472,unseen,0
W4,8473,unseen,0
W4,8474,unseen,0
W4,8475,unseen,0
W4,8476,unseen,0
W4,8477,unseen,0
W4,8478,unseen,0
W4,8479,unseen,0
W4,8480,unseen,0
W4,8481,unseen,0
W4,8482,unseen,0
W4,8483,unseen,0
W4,8484,unseen,0
W4,8485,unseen,0
W4,8486,unseen,0
W4,8487,unseen,0
W4,8488,unseen,0
W4,8489,unseen,0
W4,8490,unseen,0
W4,8491,unseen,0
W4,8492,unseen,0
W4,8493,unseen,0
W4,8494,unseen,0
W4,8495,unseen,0
W4,8496,unseen,0
W4,8497,unseen,0
W4,8498,unseen,0
W4,8499,unseen,0
W4,8500,unseen,0
W4,8501,unseen,0
W4,8502,unseen,0
W4,8503,unseen,0
W4,8504,unseen,0
W4,8505,unseen,0
W4,8506,unseen,0
W4,8507,unseen,0
W4,8508,unseen,0
W4,8509,unseen,0
W4,8510,unseen,0
W4,8511,unseen,0
W4,8512,unseen,0
W4,8513,unseen,0
W4,8514,unseen,0
W4,8515,unseen,0
W4,8516,unseen,0
W4,8517,unseen,0
W4,8518,unseen,0
W4,8519,unseen,0
W4,8520,unseen,0
W4,8521,unseen,0
W4,8522,unseen,0
W4,8523,unseen,0
W4,8524,unseen,0
W4,8525,unseen,0
W4,8526,unseen,0
W4,8527,unseen,0
W4,8528,unseen,0
W4,8529,unseen,0
W4,8530,unseen,0
W4,8531,unseen,0
W4,8532,unseen,0
W4,8533,unseen,0
W4,8534,unseen,0
W4,8535,unseen,0
W4,8536,unseen,0
W4,8537,unseen,0
W4,8538,unseen,0
W4,8539,unseen,0
W4,8540,unseen,0
W4,8541,unseen,0
W4,8542,unseen,0
W4,8543,unseen,0
W4,8544,unseen,0
W4,8545,unseen,0
W4,8546,unseen,0
W4,8547,unseen,0
W4,8548,unseen,0
W4,8549,unseen,0
W4,8550,unseen,0
W4,8551,unseen,0
W4,8552,unseen,0
W4,8553,unseen,0
W4,8554,unseen,0
W4,8555,unseen,0
W4,8556,unseen,0
W4,8557,unseen,0
W4,8558,unseen,0
W4,8559,unseen,0
W4,8560,unseen,0
W4,8561,unseen,0
W4,8562,unseen,0
W4,8563,unseen,0
W4,8564,unseen,0
W4,8565,unseen,0
W4,8566,unseen,0
W4,8567,unseen,0
W4,8568,unseen,0
W4,8569,unseen,0
W4,8570,unseen,0
W4,8571,unseen,0
W4,8572,unseen,0
W4,8573,unseen,0
W4,8574,unseen,0
W4,8575,unseen,0
W4,8576,unseen,0
W4,8577,unseen,0
W4,8578,unseen,0
W4,8579,unseen,0
W4,8580,unseen,0
W4,8581,unseen,0
W4,8582,unseen,0
W4,8583,unseen,0
W4,8584,unseen,0
W4,8585,unseen,0
W4,8586,unseen,0
W4,8587,unseen,0
W4,8588,unseen,0
W4,8589,unseen,0
W4,8590,unseen,0
W4,8591,unseen,0
W4,8592,unseen,0
W4,8593,unseen,0
W4,8594,unseen,0
W4,8595,unseen,0
W4,8596,unseen,0
W4,8597,unseen,0
W4,8598,unseen,0
W4,8599,unseen,0
W4,8600,unseen,0
W4,8601,unseen,0
W4,8602,unseen,0
W4,8603,unseen,0
W4,8604,unseen,0
W4,8605,unseen,0
W4,8606,unseen,0
W4,8607,unseen,0
W4,8608,unseen,0
W4,8609,unseen,0
W4,8610,unseen,0
W4,8611,unseen,0
W4,8612,unseen,0
W4,8613,unseen,0
W4,8614,unseen,0
W4,8615,unseen,0
W4,8616,unseen,0
W4,8617,unseen,0
W4,8618,unseen,0
W4,8619,unseen,0
W4,8620,unseen,0
W4,8621,unseen,0
W4,8622,unseen,0
W4,8623,unseen,0
W4,8624,unseen,0
W4,8625,unseen,0
W4,8626,unseen,0
W4,8627,unseen,0
W4,8628,unseen,0
W4,8629,unseen,0
W4,8630,unseen,0
W4,8631,unseen,0
W4,8632,unseen,0
W4,8633,unseen,0
W4,8634,unseen,0
W4,8635,unseen,0
W4,8636,unseen,0
W4,8637,unseen,0
W4,8638,unseen,0
W4,8639,unseen,0
W4,8640,unseen,0
W4,8641,unseen,0
W4,8642,unseen,0
W4,8643,unseen,0
W4,8644,unseen,0
W4,8645,unseen,0
W4,8646,unseen,0
W4,8647,unseen,0
W4,8648,unseen,0
W4,8649,unseen,0
W4,8650,unseen,0
W4,8651,unseen,0
W4,8652,unseen,0
W4,8653,unseen,0
W4,8654,unseen,0
W4,8655,unseen,0
W4,8656,unseen,0
W4,8657,unseen,0
W4,8658,unseen,0
W4,8659,unseen,0
W4,8660,unseen,0
W4,8661,unseen,0
W4,8662,unseen,0
W4,8663,unseen,0
W4,8664,unseen,0
W4,8665,unseen,0
W4,8666,unseen,0
W4,8667,unseen,0
W4,8668,unseen,0
W4,8669,unseen,0
W4,8670,unseen,0
W4,8671,unseen,0
W4,8672,unseen,0
W4,8673,unseen,0
W4,8674,unseen,0
W4,8675,unseen,0
W4,8676,unseen,0
W4,8677,unseen,0
W4,8678,unseen,0
W4,8679,unseen,0
W4,8680,unseen,0
W4,8681,unseen,0
W4,8682,unseen,0
W4,8683,unseen,0
W4,8684,unseen,0
W4,8685,unseen,0
W4,8686,unseen,0
W4,8687,unseen,0
W4,8688,unseen,0
W4,8689,unseen,0
W4,8690,unseen,0
W4,8691,unseen,0
W4,8692,unseen,0
W4,8693,unseen,0
W4,8694,unseen,0
W4,8695,unseen,0
W4,8696,unseen,0
W4,8697,unseen,0
W4,8698,unseen,0
W4,8699,unseen,0
W4,8700,unseen,0
W4,8701,unseen,0
W4,8702,unseen,0
W4,8703,unseen,0
W4,8704,unseen,0
W4,8705,unseen,0
W4,8706,unseen,0
W4,8707,unseen,0
W4,8708,unseen,0
W4,8709,unseen,0
W4,8710,unseen,0
W4,8711,unseen,0
W4,8712,unseen,0
W4,8713,unseen,0
W4,8714,unseen,0
W4,8715,unseen,0
W4,8716,unseen,0
W4,8717,unseen,0
W4,8718,unseen,0
W4,8719,unseen,0
W4,8720,unseen,0
W4,8721,unseen,0
W4,8722,unseen,0
W4,8723,unseen,0
W4,8724,unseen,0
W4,8725,unseen,0
W4,8726,unseen,0
W4,8727,unseen,0
W4,8728,unseen,0
W4,8729,unseen,0
W4,8730,unseen,0
W4,8731,unseen,0
W4,8732,unseen,0
W4,8733,unseen,0
W4,8734,unseen,0
W4,8735,unseen,0
W4,8736,unseen,0
W4,8737,unseen,0
W4,8738,unseen,0
W4,8739,unseen,0
W4,8740,unseen,0
W4,8741,unseen,0
W4,8742,unseen,0
W4,8743,unseen,0
W4,8744,unseen,0
W4,8745,unseen,0
W4,8746,unseen,0
W4,8747,unseen,0
W4,8748,unseen,0
W4,8749,unseen,0
W4,8750,unseen,0
W4,8751,unseen,0
W4,8752,unseen,0
W4,8753,unseen,0
W4,8754,unseen,0
W4,8755,unseen,0
W4,8756,unseen,0
W4,8757,unseen,0
W4,8758,unseen,0
W4,8759,unseen,0
W4,8760,unseen,0
W4,8761,unseen,0
W4,8762,unseen,0
W4,8763,unseen,0
W4,8764,unseen,0
W4,8765,unseen,0
W4,8766,unseen,0
W4,8767,unseen,0
W4,8768,unseen,0
W4,8769,unseen,0
W4,8770,unseen,0
W4,8771,unseen,0
W4,8772,unseen,0
W4,8773,unseen,0
W4,8774,unseen,0
W4,8775,unseen,0
W4,8776,unseen,0
W4,8777,unseen,0
W4,8778,unseen,0
W4,8779,unseen,0
W4,8780,unseen,0
W4,8781,unseen,0
W4,8782,unseen,0
W4,8783,unseen,0
W4,8784,unseen,0
W4,8785,unseen,0
W4,8786,unseen,0
W4,8787,unseen,0
W4,8788,unseen,0
W4,8789,unseen,0
W4,8790,unseen,0
W4,8791,unseen,0
W4,8792,unseen,0
W4,8793,unseen,0
W4,8794,unseen,0
W4,8795,unseen,0
W4,8796,unseen,0
W4,8797,unseen,0
W4,8798,unseen,0
W4,8799,unseen,0
W4,8800,unseen,0
W4,8801,unseen,0
W4,8802,unseen,0
W4,8803,unseen,0
W4,8804,unseen,0
W4,8805,unseen,0
W4,8806,unseen,0
W4,8807,unseen,0
W4,8808,unseen,0
W4,8809,unseen,0
W4,8810,unseen,0
W4,8811,unseen,0
W4,8812,unseen,0
W4,8813,unseen,0
W4,8814,unseen,0
W4,8815,unseen,0
W4,8816,unseen,0
W4,8817,unseen,0
W4,8818,unseen,0
W4,8819,unseen,0
W4,8820,unseen,0
W4,8821,unseen,0
W4,8822,unseen,0
W4,8823,unseen,0
W4,8824,unseen,0
W4,8825,unseen,0
W4,8826,unseen,0
W4,8827,unseen,0
W4,8828,unseen,0
W4,8829,unseen,0
W4,8830,unseen,0
W4,8831,unseen,0
W4,8832,unseen,0
W4,8833,unseen,0
W4,8834,unseen,0
W4,8835,unseen,0
W4,8836,unseen,0
W4,8837,unseen,0
W4,8838,unseen,0
W4,8839,unseen,0
W4,8840,unseen,0
W4,8841,unseen,0
W4,8842,unseen,0
W4,8843,unseen,0
W4,8844,unseen,0
W4,8845,unseen,0
W4,8846,unseen,0
W4,8847,unseen,0
W4,8848,unseen,0
W4,8849,unseen,0
W4,8850,unseen,0
W4,8851,unseen,0
W4,8852,unseen,0
W4,8853,unseen,0
W4,8854,unseen,0
W4,8855,unseen,0
W4,8856,unseen,0
W4,8857,unseen,0
W4,8858,unseen,0
W4,8859,unseen,0
W4,8860,unseen,0
W4,8861,unseen,0
W4,8862,unseen,0
W4,8863,unseen,0
W4,8864,unseen,0
W4,8865,unseen,0
W4,8866,unseen,0
W4,8867,unseen,0
W4,8868,unseen,0
W4,8869,unseen,0
W4,8870,unseen,0
W4,8871,unseen,0
W4,8872,unseen,0
W4,8873,unseen,0
W4,8874,unseen,0
W4,8875,unseen,0
W4,8876,unseen,0
W4,8877,unseen,0
W4,8878,unseen,0
W4,8879,unseen,0
W4,8880,unseen,0
W4,8881,unseen,0
W4,8882,unseen,0
W4,8883,unseen,0
W4,8884,unseen,0
W4,8885,unseen,0
W4,8886,unseen,0
W4,8887,unseen,0
W4,8888,unseen,0
W4,8889,unseen,0
W4,8890,unseen,0
W4,8891,unseen,0
W4,8892,unseen,0
W4,8893,unseen,0
W4,8894,unseen,0
W4,8895,unseen,0
W4,8896,unseen,0
W4,8897,unseen,0
W4,8898,unseen,0
W4,8899,unseen,0
W4,8900,unseen,0
W4,8901,unseen,0
W4,8902,unseen,0
W4,8903,unseen,0
W4,8904,unseen,0
W4,8905,unseen,0
W4,8906,unseen,0
W4,8907,unseen,0
W4,8908,unseen,0
W4,8909,unseen,0
W4,8910,unseen,0
W4,8911,unseen,0
W4,8912,unseen,0
W4,8913,unseen,0
W4,8914,unseen,0
W4,8915,unseen,0
W4,8916,unseen,0
W4,8917,unseen,0
W4,8918,unseen,0
W4,8919,unseen,0
W4,8920,unseen,0
W4,8921,unseen,0
W4,8922,unseen,0
W4,8923,unseen,0
W4,8924,unseen,0
W4,8925,unseen,0
W4,8926,unseen,0
W4,8927,unseen,0
W4,8928,unseen,0
W4,8929,unseen,0
W4,8930,unseen,0
W4,8931,unseen,0
W4,8932,unseen,0
W4,8933,unseen,0
W4,8934,unseen,0
W4,8935,unseen,0
W4,8936,unseen,0
W4,8937,unseen,0
W4,8938,unseen,0
W4,8939,unseen,0
W4,8940,unseen,0
W4,8941,unseen,0
W4,8942,unseen,0
W4,8943,unseen,0
W4,8944,unseen,0
W4,8945,unseen,0
W4,8946,unseen,0
W4,8947,unseen,0
W4,8948,unseen,0
W4,8949,unseen,0
W4,8950,unseen,0
W4,8951,unseen,0
W4,8952,unseen,0
W4,8953,unseen,0
W4,8954,unseen,0
W4,8955,unseen,0
W4,8956,unseen,0
W4,8957,unseen,0
W4,8958,unseen,0
W4,8959,unseen,0
W4,8960,unseen,0
W4,8961,unseen,0
W4,8962,unseen,0
W4,8963,unseen,0
W4,8964,unseen,0
W4,8965,unseen,0
W4,8966,unseen,0
W4,8967,unseen,0
W4,8968,unseen,0
W4,8969,unseen,0
W4,8970,unseen,0
W4,8971,unseen,0
W4,8972,unseen,0
W4,8973,unseen,0
W4,8974,unseen,0
W4,8975,unseen,0
W4,8976,unseen,0
W4,8977,unseen,0
W4,8978,unseen,0
W4,8979,unseen,0
W4,8980,unseen,0
W4,8981,unseen,0
W4,8982,unseen,0
W4,8983,unseen,0
W4,8984,unseen,0
W4,8985,unseen,0
W4,8986,unseen,0
W4,8987,unseen,0
W4,8988,unseen,0
W4,8989,unseen,0
W4,8990,unseen,0
W4,8991,unseen,0
W4,8992,unseen,0
W4,8993,unseen,0
W4,8994,unseen,0
W4,8995,unseen,0
W4,8996,unseen,0
W4,8997,unseen,0
W4,8998,unseen,0
W4,8999,unseen,0
W4,9000,unseen,0
W4,9001,unseen,0
W4,9002,unseen,0
W4,9003,unseen,0
W4,9004,unseen,0
W4,9005,unseen,0
W4,9006,unseen,0
W4,9007,unseen,0
W4,9008,unseen,0
W4,9009,unseen,0
W4,9010,unseen,0
W4,9011,unseen,0
W4,9012,unseen,0
W4,9013,unseen,0
W4,9014,unseen,0
W4,9015,unseen,0
W4,9016,unseen,0
W4,9017,unseen,0
W4,9018,unseen,0
W4,9019,unseen,0
W4,9020,unseen,0
W4,9021,unseen,0
W4,9022,unseen,0
W4,9023,unseen,0
W4,9024,unseen,0
W4,9025,unseen,0
W4,9026,unseen,0
W4,9027,unseen,0
W4,9028,unseen,0
W4,9029,unseen,0
W4,9030,unseen,0
W4,9031,unseen,0
W4,9032,unseen,0
W4,9033,unseen,0
W4,9034,unseen,0
W4,9035,unseen,0
W4,9036,unseen,0
W4,9037,unseen,0
W4,9038,unseen,0
W4,9039,unseen,0
W4,9040,unseen,0
W4,9041,unseen,0
W4,9042,unseen,0
W4,9043,unseen,0
W4,9044,unseen,0
W4,9045,unseen,0
W4,9046,unseen,0
W4,9047,unseen,0
W4,9048,unseen,0
W4,9049,unseen,0
W4,9050,unseen,0
W4,9051,unseen,0
W4,9052,unseen,0
W4,9053,unseen,0
W4,9054,unseen,0
W4,9055,unseen,0
W4,9056,unseen,0
W4,9057,unseen,0
W4,9058,unseen,0
W4,9059,unseen,0
W4,9060,unseen,0
W4,9061,unseen,0
W4,9062,unseen,0
W4,9063,unseen,0
W4,9064,unseen,0
W4,9065,unseen,0
W4,9066,unseen,0
W4,9067,unseen,0
W4,9068,unseen,0
W4,9069,unseen,0
W4,9070,unseen,0
W4,9071,unseen,0
W4,9072,unseen,0
W4,9073,unseen,0
W4,9074,unseen,0
W4,9075,unseen,0
W4,9076,unseen,0
W4,9077,unseen,0
W4,9078,unseen,0
W4,9079,unseen,0
W4,9080,unseen,0
W4,9081,unseen,0
W4,9082,unseen,0
W4,9083,unseen,0
W4,9084,unseen,0
W4,9085,unseen,0
W4,9086,unseen,0
W4,9087,unseen,0
W4,9088,unseen,0
W4,9089,unseen,0
W4,9090,unseen,0
W4,9091,unseen,0
W4,9092,unseen,0
W4,9093,unseen,0
W4,9094,unseen,0
W4,9095,unseen,0
W4,9096,unseen,0
W4,9097,unseen,0
W4,9098,unseen,0
W4,9099,unseen,0
W4,9100,unseen,0
W4,9101,unseen,0
W4,9102,unseen,0
W4,9103,unseen,0
W4,9104,unseen,0
W4,9105,unseen,0
W4,9106,unseen,0
W4,9107,unseen,0
W4,9108,unseen,0
W4,9109,unseen,0
W4,9110,unseen,0
W4,9111,unseen,0
W4,9112,unseen,0
W4,9113,unseen,0
W4,9114,unseen,0
W4,9115,unseen,0
W4,9116,unseen,0
W4,9117,unseen,0
W4,9118,unseen,0
W4,9119,unseen,0
W4,9120,unseen,0
W4,9121,unseen,0
W4,9122,unseen,0
W4,9123,unseen,0
W4,9124,unseen,0
W4,9125,unseen,0
W4,9126,unseen,0
W4,9127,unseen,0
W4,9128,unseen,0
W4,9129,unseen,0
W4,9130,unseen,0
W4,9131,unseen,0
W4,9132,unseen,0
W4,9133,unseen,0
W4,9134,unseen,0
W4,9135,unseen,0
W4,9136,unseen,0
W4,9137,unseen,0
W4,9138,unseen,0
W4,9139,unseen,0
W4,9140,unseen,0
W4,9141,unseen,0
W4,9142,unseen,0
W4,9143,unseen,0
W4,9144,unseen,0
W4,9145,unseen,0
W4,9146,unseen,0
W4,9147,unseen,0
W4,9148,unseen,0
W4,9149,unseen,0
W4,9150,unseen,0
W4,9151,unseen,0
W4,9152,unseen,0
W4,9153,unseen,0
W4,9154,unseen,0
W4,9155,unseen,0
W4,9156,unseen,0
W4,9157,unseen,0
W4,9158,unseen,0
W4,9159,unseen,0
W4,9160,unseen,0
W4,9161,unseen,0
W4,9162,unseen,0
W4,9163,unseen,0
W4,9164,unseen,0
W4,9165,unseen,0
W4,9166,unseen,0
W4,9167,unseen,0
W4,9168,unseen,0
W4,9169,unseen,0
W4,9170,unseen,0
W4,9171,unseen,0
W4,9172,unseen,0
W4,9173,unseen,0
W4,9174,unseen,0
W4,9175,unseen,0
W4,9176,unseen,0
W4,9177,unseen,0
W4,9178,unseen,0
W4,9179,unseen,0
W4,9180,unseen,0
W4,9181,unseen,0
W4,9182,unseen,0
W4,9183,unseen,0
W4,9184,unseen,0
W4,9185,unseen,0
W4,9186,unseen,0
W4,9187,unseen,0
W4,9188,unseen,0
W4,9189,unseen,0
W4,9190,unseen,0
W4,9191,unseen,0
W4,9192,unseen,0
W4,9193,unseen,0
W4,9194,unseen,0
W4,9195,unseen,0
W4,9196,unseen,0
W4,9197,unseen,0
W4,9198,unseen,0
W4,9199,unseen,0
W4,9200,unseen,0
W4,9201,unseen,0
W4,9202,unseen,0
W4,9203,unseen,0
W4,9204,unseen,0
W4,9205,unseen,0
W4,9206,unseen,0
W4,9207,unseen,0
W4,9208,unseen,0
W4,9209,unseen,0
W4,9210,unseen,0
W4,9211,unseen,0
W4,9212,unseen,0
W4,9213,unseen,0
W4,9214,unseen,0
W4,9215,unseen,0
W4,9216,unseen,0
W4,9217,unseen,0
W4,9218,unseen,0
W4,9219,unseen,0
W4,9220,unseen,0
W4,9221,unseen,0
W4,9222,unseen,0
W4,9223,unseen,0
W4,9224,unseen,0
W4,9225,unseen,0
W4,9226,unseen,0
W4,9227,unseen,0
W4,9228,unseen,0
W4,9229,unseen,0
W4,9230,unseen,0
W4,9231,unseen,0
W4,9232,unseen,0
W4,9233,unseen,0
W4,9234,unseen,0
W4,9235,unseen,0
W4,9236,unseen,0
W4,9237,unseen,0
W4,9238,unseen,0
W4,9239,unseen,0
W4,9240,unseen,0
W4,9241,unseen,0
W4,9242,unseen,0
W4,9243,unseen,0
W4,9244,unseen,0
W4,9245,unseen,0
W4,9246,unseen,0
W4,9247,unseen,0
W4,9248,unseen,0
W4,9249,unseen,0
W4,9250,unseen,0
W4,9251,unseen,0
W4,9252,unseen,0
W4,9253,unseen,0
W4,9254,unseen,0
W4,9255,unseen,0
W4,9256,unseen,0
W4,9257,unseen,0
W4,9258,unseen,0
W4,9259,unseen,0
W4,9260,unseen,0
W4,9261,unseen,0
W4,9262,unseen,0
W4,9263,unseen,0
W4,9264,unseen,0
W4,9265,unseen,0
W4,9266,unseen,0
W4,9267,unseen,0
W4,9268,unseen,0
W4,9269,unseen,0
W4,9270,unseen,0
W4,9271,unseen,0
W4,9272,unseen,0
W4,9273,unseen,0
W4,9274,unseen,0
W4,9275,unseen,0
W4,9276,unseen,0
W4,9277,unseen,0
W4,9278,unseen,0
W4,9279,unseen,0
W4,9280,unseen,0
W4,9281,unseen,0
W4,9282,unseen,0
W4,9283,unseen,0
W4,9284,unseen,0
W4,9285,unseen,0
W4,9286,unseen,0
W4,9287,unseen,0
W4,9288,unseen,0
W4,9289,unseen,0
W4,9290,unseen,0
W4,9291,unseen,0
W4,9292,unseen,0
W4,9293,unseen,0
W4,9294,unseen,0
W4,9295,unseen,0
W4,9296,unseen,0
W4,9297,unseen,0
W4,9298,unseen,0
W4,9299,unseen,0
W4,9300,unseen,0
W4,9301,unseen,0
W4,9302,unseen,0
W4,9303,unseen,0
W4,9304,unseen,0
W4,9305,unseen,0
W4,9306,unseen,0
W4,9307,unseen,0
W4,9308,unseen,0
W4,9309,unseen,0
W4,9310,unseen,0
W4,9311,unseen,0
W4,9312,unseen,0
W4,9313,unseen,0
W4,9314,unseen,0
W4,9315,unseen,0
W4,9316,unseen,0
W4,9317,unseen,0
W4,9318,unseen,0
W4,9319,unseen,0
W4,9320,unseen,0
W4,9321,unseen,0
W4,9322,unseen,0
W4,9323,unseen,0
W4,9324,unseen,0
W4,9325,unseen,0
W4,9326,unseen,0
W4,9327,unseen,0
W4,9328,unseen,0
W4,9329,unseen,0
W4,9330,unseen,0
W4,9331,unseen,0
W4,9332,unseen,0
W4,9333,unseen,0
W4,9334,unseen,0
W4,9335,unseen,0
W4,9336,unseen,0
W4,9337,unseen,0
W4,9338,unseen,0
W4,9339,unseen,0
W4,9340,unseen,0
W4,9341,unseen,0
W4,9342,unseen,0
W4,9343,unseen,0
W4,9344,unseen,0
W4,9345,unseen,0
W4,9346,unseen,0
W4,9347,unseen,0
W4,9348,unseen,0
W4,9349,unseen,0
W4,9350,unseen,0
W4,9351,unseen,0
W4,9352,unseen,0
W4,9353,unseen,0
W4,9354,unseen,0
W4,9355,unseen,0
W4,9356,unseen,0
W4,9357,unseen,0
W4,9358,unseen,0
W4,9359,unseen,0
W4,9360,unseen,0
W4,9361,unseen,0
W4,9362,unseen,0
W4,9363,unseen,0
W4,9364,unseen,0
W4,9365,unseen,0
W4,9366,unseen,0
W4,9367,unseen,0
W4,9368,unseen,0
W4,9369,unseen,0
W4,9370,unseen,0
W4,9371,unseen,0
W4,9372,unseen,0
W4,9373,unseen,0
W4,9374,unseen,0
W4,9375,unseen,0
W4,9376,unseen,0
W4,9377,unseen,0
W4,9378,unseen,0
W4,9379,unseen,0
W4,9380,unseen,0
W4,9381,unseen,0
W4,9382,unseen,0
W4,9383,unseen,0
W4,9384,unseen,0
W4,9385,unseen,0
W4,9386,unseen,0
W4,9387,unseen,0
W4,9388,unseen,0
W4,9389,unseen,0
W4,9390,unseen,0
W4,9391,unseen,0
W4,9392,unseen,0
W4,9393,unseen,0
W4,9394,unseen,0
W4,9395,unseen,0
W4,9396,unseen,0
W4,9397,unseen,0
W4,9398,unseen,0
W4,9399,unseen,0
W4,9400,unseen,0
W4,9401,unseen,0
W4,9402,unseen,0
W4,9403,unseen,0
W4,9404,unseen,0
W4,9405,unseen,0
W4,9406,unseen,0
W4,9407,unseen,0
W4,9408,unseen,0
W4,9409,unseen,0
W4,9410,unseen,0
W4,9411,unseen,0
W4,9412,unseen,0
W4,9413,unseen,0
W4,9414,unseen,0
W4,9415,unseen,0
W4,9416,unseen,0
W4,9417,unseen,0
W4,9418,unseen,0
W4,9419,unseen,0
W4,9420,unseen,0
W4,9421,unseen,0
W4,9422,unseen,0
W4,9423,unseen,0
W4,9424,unseen,0
W4,9425,unseen,0
W4,9426,unseen,0
W4,9427,unseen,0
W4,9428,unseen,0
W4,9429,unseen,0
W4,9430,unseen,0
W4,9431,unseen,0
W4,9432,unseen,0
W4,9433,unseen,0
W4,9434,unseen,0
W4,9435,unseen,0
W4,9436,unseen,0
W4,9437,unseen,0
W4,9438,unseen,0
W4,9439,unseen,0
W4,9440,unseen,0
W4,9441,unseen,0
W4,9442,unseen,0
W4,9443,unseen,0
W4,9444,unseen,0
W4,9445,unseen,0
W4,9446,unseen,0
W4,9447,unseen,0
W4,9448,unseen,0
W4,9449,unseen,0
W4,9450,unseen,0
W4,9451,unseen,0
W4,9452,unseen,0
W4,9453,unseen,0
W4,9454,unseen,0
W4,9455,unseen,0
W4,9456,unseen,0
W4,9457,unseen,0
W4,9458,unseen,0
W4,9459,unseen,0
W4,9460,unseen,0
W4,9461,unseen,0
W4,9462,unseen,0
W4,9463,unseen,0
W4,9464,unseen,0
W4,9465,unseen,0
W4,9466,unseen,0
W4,9467,unseen,0
W4,9468,unseen,0
W4,9469,unseen,0
W4,9470,unseen,0
W4,9471,unseen,0
W4,9472,unseen,0
W4,9473,unseen,0
W4,9474,unseen,0
W4,9475,unseen,0
W4,9476,unseen,0
W4,9477,unseen,0
W4,9478,unseen,0
W4,9479,unseen,0
W4,9480,unseen,0
W4,9481,unseen,0
W4,9482,unseen,0
W4,9483,unseen,0
W4,9484,unseen,0
W4,9485,unseen,0
W4,9486,unseen,0
W4,9487,unseen,0
W4,9488,unseen,0
W4,9489,unseen,0
W4,9490,unseen,0
W4,9491,unseen,0
W4,9492,unseen,0
W4,9493,unseen,0
W4,9494,unseen,0
W4,9495,unseen,0
W4,9496,unseen,0
W4,9497,unseen,0
W4,9498,unseen,0
W4,9499,unseen,0
W4,9500,unseen,0
W4,9501,unseen,0
W4,9502,unseen,0
W4,9503,unseen,0
W4,9504,unseen,0
W4,9505,unseen,0
W4,9506,unseen,0
W4,9507,unseen,0
W4,9508,unseen,0
W4,9509,unseen,0
W4,9510,unseen,0
W4,9511,unseen,0
W4,9512,unseen,0
W4,9513,unseen,0
W4,9514,unseen,0
W4,9515,unseen,0
W4,9516,unseen,0
W4,9517,unseen,0
W4,9518,unseen,0
W4,9519,unseen,0
W4,9520,unseen,0
W4,9521,unseen,0
W4,9522,unseen,0
W4,9523,unseen,0
W4,9524,unseen,0
W4,9525,unseen,0
W4,9526,unseen,0
W4,9527,unseen,0
W4,9528,unseen,0
W4,9529,unseen,0
W4,9530,unseen,0
W4,9531,unseen,0
W4,9532,unseen,0
W4,9533,unseen,0
W4,9534,unseen,0
W4,9535,unseen,0
W4,9536,unseen,0
W4,9537,unseen,0
W4,9538,unseen,0
W4,9539,unseen,0
W4,9540,unseen,0
W4,9541,unseen,0
W4,9542,unseen,0
W4,9543,unseen,0
W4,9544,unseen,0
W4,9545,unseen,0
W4,9546,unseen,0
W4,9547,unseen,0
W4,9548,unseen,0
W4,9549,unseen,0
W4,9550,unseen,0
W4,9551,unseen,0
W4,9552,unseen,0
W4,9553,unseen,0
W4,9554,unseen,0
W4,9555,unseen,0
W4,9556,unseen,0
W4,9557,unseen,0
W4,9558,unseen,0
W4,9559,unseen,0
W4,9560,unseen,0
W4,9561,unseen,0
W4,9562,unseen,0
W4,9563,unseen,0
W4,9564,unseen,0
W4,9565,unseen,0
W4,9566,unseen,0
W4,9567,unseen,0
W4,9568,unseen,0
W4,9569,unseen,0
W4,9570,unseen,0
W4,9571,unseen,0
W4,9572,unseen,0
W4,9573,unseen,0
W4,9574,unseen,0
W4,9575,unseen,0
W4,9576,unseen,0
W4,9577,unseen,0
W4,9578,unseen,0
W4,9579,unseen,0
W4,9580,unseen,0
W4,9581,unseen,0
W4,9582,unseen,0
W4,9583,unseen,0
W4,9584,unseen,0
W4,9585,unseen,0
W4,9586,unseen,0
W4,9587,unseen,0
W4,9588,unseen,0
W4,9589,unseen,0
W4,9590,unseen,0
W4,9591,unseen,0
W4,9592,unseen,0
W4,9593,unseen,0
W4,9594,unseen,0
W4,9595,unseen,0
W4,9596,unseen,0
W4,9597,unseen,0
W4,9598,unseen,0
W4,9599,unseen,0
W4,9600,unseen,0
W4,9601,unseen,0
W4,9602,unseen,0
W4,9603,unseen,0
W4,9604,unseen,0
W4,9605,unseen,0
W4,9606,unseen,0
W4,9607,unseen,0
W4,9608,unseen,0
W4,9609,unseen,0
W4,9610,unseen,0
W4,9611,unseen,0
W4,9612,unseen,0
W4,9613,unseen,0
W4,9614,unseen,0
W4,9615,unseen,0
W4,9616,unseen,0
W4,9617,unseen,0
W4,9618,unseen,0
W4,9619,unseen,0
W4,9620,unseen,0
W4,9621,unseen,0
W4,9622,unseen,0
W4,9623,unseen,0
W4,9624,unseen,0
W4,9625,unseen,0
W4,9626,unseen,0
W4,9627,unseen,0
W4,9628,unseen,0
W4,9629,unseen,0
W4,9630,unseen,0
W4,9631,unseen,0
W4,9632,unseen,0
W4,9633,unseen,0
W4,9634,unseen,0
W4,9635,unseen,0
W4,9636,unseen,0
W4,9637,unseen,0
W4,9638,unseen,0
W4,9639,unseen,0
W4,9640,unseen,0
W4,9641,unseen,0
W4,9642,unseen,0
W4,9643,unseen,0
W4,9644,unseen,0
W4,9645,unseen,0
W4,9646,unseen,0
W4,9647,unseen,0
W4,9648,unseen,0
W4,9649,unseen,0
W4,9650,unseen,0
W4,9651,unseen,0
W4,9652,unseen,0
W4,9653,unseen,0
W4,9654,unseen,0
W4,9655,unseen,0
W4,9656,unseen,0
W4,9657,unseen,0
W4,9658,unseen,0
W4,9659,unseen,0
W4,9660,unseen,0
W4,9661,unseen,0
W4,9662,unseen,0
W4,9663,unseen,0
W4,9664,unseen,0
W4,9665,unseen,0
W4,9666,unseen,0
W4,9667,unseen,0
W4,9668,unseen,0
W4,9669,unseen,0
W4,9670,unseen,0
W4,9671,unseen,0
W4,9672,unseen,0
W4,9673,unseen,0
W4,9674,unseen,0
W4,9675,unseen,0
W4,9676,unseen,0
W4,9677,unseen,0
W4,9678,unseen,0
W4,9679,unseen,0
W4,9680,unseen,0
W4,9681,unseen,0
W4,9682,unseen,0
W4,9683,unseen,0
W4,9684,unseen,0
W4,9685,unseen,0
W4,9686,unseen,0
W4,9687,unseen,0
W4,9688,unseen,0
W4,9689,unseen,0
W4,9690,unseen,0
W4,9691,unseen,0
W4,9692,unseen,0
W4,9693,unseen,0
W4,9694,unseen,0
W4,9695,unseen,0
W4,9696,unseen,0
W4,9697,unseen,0
W4,9698,unseen,0
W4,9699,unseen,0
W4,9700,unseen,0
W4,9701,unseen,0
W4,9702,unseen,0
W4,9703,unseen,0
W4,9704,unseen,0
W4,9705,unseen,0
W4,9706,unseen,0
W4,9707,unseen,0
W4,9708,unseen,0
W4,9709,unseen,0
W4,9710,unseen,0
W4,9711,unseen,0
W4,9712,unseen,0
W4,9713,unseen,0
W4,9714,unseen,0
W4,9715,unseen,0
W4,9716,unseen,0
W4,9717,unseen,0
W4,9718,unseen,0
W4,9719,unseen,0
W4,9720,unseen,0
W4,9721,unseen,0
W4,9722,unseen,0
W4,9723,unseen,0
W4,9724,unseen,0
W4,9725,unseen,0
W4,9726,unseen,0
W4,9727,unseen,0
W4,9728,unseen,0
W4,9729,unseen,0
W4,9730,unseen,0
W4,9731,unseen,0
W4,9732,unseen,0
W4,9733,unseen,0
W4,9734,unseen,0
W4,9735,unseen,0
W4,9736,unseen,0
W4,9737,unseen,0
W4,9738,unseen,0
W4,9739,unseen,0
W4,9740,unseen,0
W4,9741,unseen,0
W4,9742,unseen,0
W4,9743,unseen,0
W4,9744,unseen,0
W4,9745,unseen,0
W4,9746,unseen,0
W4,9747,unseen,0
W4,9748,unseen,0
W4,9749,unseen,0
W4,9750,unseen,0
W4,9751,unseen,0
W4,9752,unseen,0
W4,9753,unseen,0
W4,9754,unseen,0
W4,9755,unseen,0
W4,9756,unseen,0
W4,9757,unseen,0
W4,9758,unseen,0
W4,9759,unseen,0
W4,9760,unseen,0
W4,9761,unseen,0
W4,9762,unseen,0
W4,9763,unseen,0
W4,9764,unseen,0
W4,9765,unseen,0
W4,9766,unseen,0
W4,9767,unseen,0
W4,9768,unseen,0
W4,9769,unseen,0
W4,9770,unseen,0
W4,9771,unseen,0
W4,9772,unseen,0
W4,9773,unseen,0
W4,9774,unseen,0
W4,9775,unseen,0
W4,9776,unseen,0
W4,9777,unseen,0
W4,9778,unseen,0
W4,9779,unseen,0
W4,9780,unseen,0
W4,9781,unseen,0
W4,9782,unseen,0
W4,9783,unseen,0
W4,9784,unseen,0
W4,9785,unseen,0
W4,9786,unseen,0
W4,9787,unseen,0
W4,9788,unseen,0
W4,9789,unseen,0
W4,9790,unseen,0
W4,9791,unseen,0
W4,9792,unseen,0
W4,9793,unseen,0
W4,9794,unseen,0
W4,9795,unseen,0
W4,9796,unseen,0
W4,9797,unseen,0
W4,9798,unseen,0
W4,9799,unseen,0
W4,9800,unseen,0
W4,9801,unseen,0
W4,9802,unseen,0
W4,9803,unseen,0
W4,9804,unseen,0
W4,9805,unseen,0
W4,9806,unseen,0
W4,9807,unseen,0
W4,9808,unseen,0
W4,9809,unseen,0
W4,9810,unseen,0
W4,9811,unseen,0
W4,9812,unseen,0
W4,9813,unseen,0
W4,9814,unseen,0
W4,9815,unseen,0
W4,9816,unseen,0
W4,9817,unseen,0
W4,9818,unseen,0
W4,9819,unseen,0
W4,9820,unseen,0
W4,9821,unseen,0
W4,9822,unseen,0
W4,9823,unseen,0
W4,9824,unseen,0
W4,9825,unseen,0
W4,9826,unseen,0
W4,9827,unseen,0
W4,9828,unseen,0
W4,9829,unseen,0
W4,9830,unseen,0
W4,9831,unseen,0
W4,9832,unseen,0
W4,9833,unseen,0
W4,9834,unseen,0
W4,9835,unseen,0
W4,9836,unseen,0
W4,9837,unseen,0
W4,9838,unseen,0
W4,9839,unseen,0
W4,9840,unseen,0
W4,9841,unseen,0
W4,9842,unseen,0
W4,9843,unseen,0
W4,9844,unseen,0
W4,9845,unseen,0
W4,9846,unseen,0
W4,9847,unseen,0
W4,9848,unseen,0
W4,9849,unseen,0
W4,9850,unseen,0
W4,9851,unseen,0
W4,9852,unseen,0
W4,9853,unseen,0
W4,9854,unseen,0
W4,9855,unseen,0
W4,9856,unseen,0
W4,9857,unseen,0
W4,9858,unseen,0
W4,9859,unseen,0
W4,9860,unseen,0
W4,9861,unseen,0
W4,9862,unseen,0
W4,9863,unseen,0
W4,9864,unseen,0
W4,9865,unseen,0
W4,9866,unseen,0
W4,9867,unseen,0
W4,9868,unseen,0
W4,9869,unseen,0
W4,9870,unseen,0
W4,9871,unseen,0
W4,9872,unseen,0
W4,9873,unseen,0
W4,9874,unseen,0
W4,9875,unseen,0
W4,9876,unseen,0
W4,9877,unseen,0
W4,9878,unseen,0
W4,9879,unseen,0
W4,9880,unseen,0
W4,9881,unseen,0
W4,9882,unseen,0
W4,9883,unseen,0
W4,9884,unseen,0
W4,9885,unseen,0
W4,9886,unseen,0
W4,9887,unseen,0
W4,9888,unseen,0
W4,9889,unseen,0
W4,9890,unseen,0
W4,9891,unseen,0
W4,9892,unseen,0
W4,9893,unseen,0
W4,9894,unseen,0
W4,9895,unseen,0
W4,9896,unseen,0
W4,9897,unseen,0
W4,9898,unseen,0
W4,9899,unseen,0
W4,9900,unseen,0
W4,9901,unseen,0
W4,9902,unseen,0
W4,9903,unseen,0
W4,9904,unseen,0
W4,9905,unseen,0
W4,9906,unseen,0
W4,9907,unseen,0
W4,9908,unseen,0
W4,9909,unseen,0
W4,9910,unseen,0
W4,9911,unseen,0
W4,9912,unseen,0
W4,9913,unseen,0
W4,9914,unseen,0
W4,9915,unseen,0
W4,9916,unseen,0
W4,9917,unseen,0
W4,9918,unseen,0
W4,9919,unseen,0
W4,9920,unseen,0
W4,9921,unseen,0
W4,9922,unseen,0
W4,9923,unseen,0
W4,9924,unseen,0
W4,9925,unseen,0
W4,9926,unseen,0
W4,9927,unseen,0
W4,9928,unseen,0
W4,9929,unseen,0
W4,9930,unseen,0
W4,9931,unseen,0
W4,9932,unseen,0
W4,9933,unseen,0
W4,9934,unseen,0
W4,9935,unseen,0
W4,9936,unseen,0
W4,9937,unseen,0
W4,9938,unseen,0
W4,9939,unseen,0
W4,9940,unseen,0
W4,9941,unseen,0
W4,9942,unseen,0
W4,9943,unseen,0
W4,9944,unseen,0
W4,9945,unseen,0
W4,9946,unseen,0
W4,9947,unseen,0
W4,9948,unseen,0
W4,9949,unseen,0
W4,9950,unseen,0
W4,9951,unseen,0
W4,9952,unseen,0
W4,9953,unseen,0
W4,9954,unseen,0
W4,9955,unseen,0
W4,9956,unseen,0
W4,9957,unseen,0
W4,9958,unseen,0
W4,9959,unseen,0
W4,9960,unseen,0
W4,9961,unseen,0
W4,9962,unseen,0
W4,9963,unseen,0
W4,9964,unseen,0
W4,9965,unseen,0
W4,9966,unseen,0
W4,9967,unseen,0
W4,9968,unseen,0
W4,9969,unseen,0
W4,9970,unseen,0
W4,9971,unseen,0
W4,9972,unseen,0
W4,9973,unseen,0
W4,9974,unseen,0
W4,9975,unseen,0
W4,9976,unseen,0
W4,9977,unseen,0
W4,9978,unseen,0
W4,9979,unseen,0
W4,9980,unseen,0
W4,9981,unseen,0
W4,9982,unseen,0
W4,9983,unseen,0
W4,9984,unseen,0
W4,9985,unseen,0
W4,9986,unseen,0
W4,9987,unseen,0
W4,9988,unseen,0
W4,9989,unseen,0
W4,9990,unseen,0
W4,9991,unseen,0
W4,9992,unseen,0
W4,9993,unseen,0
W4,9994,unseen,0
W4,9995,unseen,0
W4,9996,unseen,0
W4,9997,unseen,0
W4,9998,unseen,0
W4,9999,unseen,0
W4,10000,unseen,0
W4,10001,unseen,0
W4,10002,unseen,0
W4,10003,unseen,0
W4,10004,unseen,0
W4,10005,unseen,0
W4,10006,unseen,0
W4,10007,unseen,0
W4,10008,unseen,0
W4,10009,unseen,0
W4,10010,unseen,0
W4,10011,unseen,0
W4,10012,unseen,0
W4,10013,unseen,0
W4,10014,unseen,0
W4,10015,unseen,0
W4,10016,unseen,0
W4,10017,unseen,0
W4,10018,unseen,0
W4,10019,unseen,0
W4,10020,unseen,0
W4,10021,unseen,0
W4,10022,unseen,0
W4,10023,unseen,0
W4,10024,unseen,0
W4,10025,unseen,0
W4,10026,unseen,0
W4,10027,unseen,0
W4,10028,unseen,0
W4,10029,unseen,0
W4,10030,unseen,0
W4,10031,unseen,0
W4,10032,unseen,0
W4,10033,unseen,0
W4,10034,unseen,0
W4,10035,unseen,0
W4,10036,unseen,0
W4,10037,unseen,0
W4,10038,unseen,0
W4,10039,unseen,0
W4,10040,unseen,0
W4,10041,unseen,0
W4,10042,unseen,0
W4,10043,unseen,0
W4,10044,unseen,0
W4,10045,unseen,0
W4,10046,unseen,0
W4,10047,unseen,0
W4,10048,unseen,0
W4,10049,unseen,0
W4,10050,unseen,0
W4,10051,unseen,0
W4,10052,unseen,0
W4,10053,unseen,0
W4,10054,unseen,0
W4,10055,unseen,0
W4,10056,unseen,0
W4,10057,unseen,0
W4,10058,unseen,0
W4,10059,unseen,0
W4,10060,unseen,0
W4,10061,unseen,0
W4,10062,unseen,0
W4,10063,unseen,0
W4,10064,unseen,0
W4,10065,unseen,0
W4,10066,unseen,0
W4,10067,unseen,0
W4,10068,unseen,0
W4,10069,unseen,0
W4,10070,unseen,0
W4,10071,unseen,0
W4,10072,unseen,0
W4,10073,unseen,0
W4,10074,unseen,0
W4,10075,unseen,0
W4,10076,unseen,0
W4,10077,unseen,0
W4,10078,unseen,0
W4,10079,unseen,0
W4,10080,unseen,0
W4,10081,unseen,0
W4,10082,unseen,0
W4,10083,unseen,0
W4,10084,unseen,0
W4,10085,unseen,0
W4,10086,unseen,0
W4,10087,unseen,0
W4,10088,unseen,0
W4,10089,unseen,0
W4,10090,unseen,0
W4,10091,unseen,0
W4,10092,unseen,0
W4,10093,unseen,0
W4,10094,unseen,0
W4,10095,unseen,0
W4,10096,unseen,0
W4,10097,unseen,0
W4,10098,unseen,0
W4,10099,unseen,0
W4,10100,unseen,0
W4,10101,unseen,0
W4,10102,unseen,0
W4,10103,unseen,0
W4,10104,unseen,0
W4,10105,unseen,0
W4,10106,unseen,0
W4,10107,unseen,0
W4,10108,unseen,0
W4,10109,unseen,0
W4,10110,unseen,0
W4,10111,unseen,0
W4,10112,unseen,0
W4,10113,unseen,0
W4,10114,unseen,0
W4,10115,unseen,0
W4,10116,unseen,0
W4,10117,unseen,0
W4,10118,unseen,0
W4,10119,unseen,0
W4,10120,unseen,0
W4,10121,unseen,0
W4,10122,unseen,0
W4,10123,unseen,0
W4,10124,unseen,0
W4,10125,unseen,0
W4,10126,unseen,0
W4,10127,unseen,0
W4,10128,unseen,0
W4,10129,unseen,0
W4,10130,unseen,0
W4,10131,unseen,0
W4,10132,unseen,0
W4,10133,unseen,0
W4,10134,unseen,0
W4,10135,unseen,0
W4,10136,unseen,0
W4,10137,unseen,0
W4,10138,unseen,0
W4,10139,unseen,0
W4,10140,unseen,0
W4,10141,unseen,0
W4,10142,unseen,0
W4,10143,unseen,0
W4,10144,unseen,0
W4,10145,unseen,0
W4,10146,unseen,0
W4,10147,unseen,0
W4,10148,unseen,0
W4,10149,unseen,0
W4,10150,unseen,0
W4,10151,unseen,0
W4,10152,unseen,0
W4,10153,unseen,0
W4,10154,unseen,0
W4,10155,unseen,0
W4,10156,unseen,0
W4,10157,unseen,0
W4,10158,unseen,0
W4,10159,unseen,0
W4,10160,unseen,0
W4,10161,unseen,0
W4,10162,unseen,0
W4,10163,unseen,0
W4,10164,unseen,0
W4,10165,unseen,0
W4,10166,unseen,0
W4,10167,unseen,0
W4,10168,unseen,0
W4,10169,unseen,0
W4,10170,unseen,0
W4,10171,unseen,0
W4,10172,unseen,0
W4,10173,unseen,0
W4,10174,unseen,0
W4,10175,unseen,0
W4,10176,unseen,0
W4,10177,unseen,0
W4,10178,unseen,0
W4,10179,unseen,0
W4,10180,unseen,0
W4,10181,unseen,0
W4,10182,unseen,0
W4,10183,unseen,0
W4,10184,unseen,0
W4,10185,unseen,0
W4,10186,unseen,0
W4,10187,unseen,0
W4,10188,unseen,0
W4,10189,unseen,0
W4,10190,unseen,0
W4,10191,unseen,0
W4,10192,unseen,0
W4,10193,unseen,0
W4,10194,unseen,0
W4,10195,unseen,0
W4,10196,unseen,0
W4,10197,unseen,0
W4,10198,unseen,0
W4,10199,unseen,0
W4,10200,unseen,0
W4,10201,unseen,0
W4,10202,unseen,0
W4,10203,unseen,0
W4,10204,unseen,0
W4,10205,unseen,0
W4,10206,unseen,0
W4,10207,unseen,0
W4,10208,unseen,0
W4,10209,unseen,0
W4,10210,unseen,0
W4,10211,unseen,0
W4,10212,unseen,0
W4,10213,unseen,0
W4,10214,unseen,0
W4,10215,unseen,0
W4,10216,unseen,0
W4,10217,unseen,0
W4,10218,unseen,0
W4,10219,unseen,0
W4,10220,unseen,0
W4,10221,unseen,0
W4,10222,unseen,0
W4,10223,unseen,0
W4,10224,unseen,0
W4,10225,unseen,0
W4,10226,unseen,0
W4,10227,unseen,0
W4,10228,unseen,0
W4,10229,unseen,0
W4,10230,unseen,0
W4,10231,unseen,0
W4,10232,unseen,0
W4,10233,unseen,0
W4,10234,unseen,0
W4,10235,unseen,0
W4,10236,unseen,0
W4,10237,unseen,0
W4,10238,unseen,0
W4,10239,unseen,0
W4,10240,unseen,0
W4,10241,unseen,0
W4,10242,unseen,0
W4,10243,unseen,0
W4,10244,unseen,0
W4,10245,unseen,0
W4,10246,unseen,0
W4,10247,unseen,0
W4,10248,unseen,0
W4,10249,unseen,0
W4,10250,unseen,0
W4,10251,unseen,0
W4,10252,unseen,0
W4,10253,unseen,0
W4,10254,unseen,0
W4,10255,unseen,0
W4,10256,unseen,0
W4,10257,unseen,0
W4,10258,unseen,0
W4,10259,unseen,0
W4,10260,unseen,0
W4,10261,unseen,0
W4,10262,unseen,0
W4,10263,unseen,0
W4,10264,unseen,0
W4,10265,unseen,0
W4,10266,unseen,0
W4,10267,unseen,0
W4,10268,unseen,0
W4,10269,unseen,0
W4,10270,unseen,0
W4,10271,unseen,0
W4,10272,unseen,0
W4,10273,unseen,0
W4,10274,unseen,0
W4,10275,unseen,0
W4,10276,unseen,0
W4,10277,unseen,0
W4,10278,unseen,0
W4,10279,unseen,0
W4,10280,unseen,0
W4,10281,unseen,0
W4,10282,unseen,0
W4,10283,unseen,0
W4,10284,unseen,0
W4,10285,unseen,0
W4,10286,unseen,0
W4,10287,unseen,0
W4,10288,unseen,0
W4,10289,unseen,0
W4,10290,unseen,0
W4,10291,unseen,0
W4,10292,unseen,0
W4,10293,unseen,0
W4,10294,unseen,0
W4,10295,unseen,0
W4,10296,unseen,0
W4,10297,unseen,0
W4,10298,unseen,0
W4,10299,unseen,0
W4,10300,unseen,0
W4,10301,unseen,0
W4,10302,unseen,0
W4,10303,unseen,0
W4,10304,unseen,0
W4,10305,unseen,0
W4,10306,unseen,0
W4,10307,unseen,0
W4,10308,unseen,0
W4,10309,unseen,0
W4,10310,unseen,0
W4,10311,unseen,0
W4,10312,unseen,0
W4,10313,unseen,0
W4,10314,unseen,0
W4,10315,unseen,0
W4,10316,unseen,0
W4,10317,unseen,0
W4,10318,unseen,0
W4,10319,unseen,0
W4,10320,unseen,0
W4,10321,unseen,0
W4,10322,unseen,0
W4,10323,unseen,0
W4,10324,unseen,0
W4,10325,unseen,0
W4,10326,unseen,0
W4,10327,unseen,0
W4,10328,unseen,0
W4,10329,unseen,0
W4,10330,unseen,0
W4,10331,unseen,0
W4,10332,unseen,0
W4,10333,unseen,0
W4,10334,unseen,0
W4,10335,unseen,0
W4,10336,unseen,0
W4,10337,unseen,0
W4,10338,unseen,0
W4,10339,unseen,0
W4,10340,unseen,0
W4,10341,unseen,0
W4,10342,unseen,0
W4,10343,unseen,0
W4,10344,unseen,0
W4,10345,unseen,0
W4,10346,unseen,0
W4,10347,unseen,0
W4,10348,unseen,0
W4,10349,unseen,0
W4,10350,unseen,0
W4,10351,unseen,0
W4,10352,unseen,0
W4,10353,unseen,0
W4,10354,unseen,0
W4,10355,unseen,0
W4,10356,unseen,0
W4,10357,unseen,0
W4,10358,unseen,0
W4,10359,unseen,0
W4,10360,unseen,0
W4,10361,unseen,0
W4,10362,unseen,0
W4,10363,unseen,0
W4,10364,unseen,0
W4,10365,unseen,0
W4,10366,unseen,0
W4,10367,unseen,0
W4,10368,unseen,0
W4,10369,unseen,0
W4,10370,unseen,0
W4,10371,unseen,0
W4,10372,unseen,0
W4,10373,unseen,0
W4,10374,unseen,0
W4,10375,unseen,0
W4,10376,unseen,0
W4,10377,unseen,0
W4,10378,unseen,0
W4,10379,unseen,0
W4,10380,unseen,0
W4,10381,unseen,0
W4,10382,unseen,0
W4,10383,unseen,0
W4,10384,unseen,0
W4,10385,unseen,0
W4,10386,unseen,0
W4,10387,unseen,0
W4,10388,unseen,0
W4,10389,unseen,0
W4,10390,unseen,0
W4,10391,unseen,0
W4,10392,unseen,0
W4,10393,unseen,0
W4,10394,unseen,0
W4,10395,unseen,0
W4,10396,unseen,0
W4,10397,unseen,0
W4,10398,unseen,0
W4,10399,unseen,0
W4,10400,unseen,0
W4,10401,unseen,0
W4,10402,unseen,0
W4,10403,unseen,0
W4,10404,unseen,0
W4,10405,unseen,0
W4,10406,unseen,0
W4,10407,unseen,0
W4,10408,unseen,0
W4,10409,unseen,0
W4,10410,unseen,0
W4,10411,unseen,0
W4,10412,unseen,0
W4,10413,unseen,0
W4,10414,unseen,0
W4,10415,unseen,0
W4,10416,unseen,0
W4,10417,unseen,0
W4,10418,unseen,0
W4,10419,unseen,0
W4,10420,unseen,0
W4,10421,unseen,0
W4,10422,unseen,0
W4,10423,unseen,0
W4,10424,unseen,0
W4,10425,unseen,0
W4,10426,unseen,0
W4,10427,unseen,0
W4,10428,unseen,0
W4,10429,unseen,0
W4,10430,unseen,0
W4,10431,unseen,0
W4,10432,unseen,0
W4,10433,unseen,0
W4,10434,unseen,0
W4,10435,unseen,0
W4,10436,unseen,0
W4,10437,unseen,0
W4,10438,unseen,0
W4,10439,unseen,0
W4,10440,unseen,0
W4,10441,unseen,0
W4,10442,unseen,0
W4,10443,unseen,0
W4,10444,unseen,0
W4,10445,unseen,0
W4,10446,unseen,0
W4,10447,unseen,0
W4,10448,unseen,0
W4,10449,unseen,0
W4,10450,unseen,0
W4,10451,unseen,0
W4,10452,unseen,0
W4,10453,unseen,0
W4,10454,unseen,0
W4,10455,unseen,0
W4,10456,unseen,0
W4,10457,unseen,0
W4,10458,unseen,0
W4,10459,unseen,0
W4,10460,unseen,0
W4,10461,unseen,0
W4,10462,unseen,0
W4,10463,unseen,0
W4,10464,unseen,0
W4,10465,unseen,0
W4,10466,unseen,0
W4,10467,unseen,0
W4,10468,unseen,0
W4,10469,unseen,0
W4,10470,unseen,0
W4,10471,unseen,0
W4,10472,unseen,0
W4,10473,unseen,0
W4,10474,unseen,0
W4,10475,unseen,0
W4,10476,unseen,0
W4,10477,unseen,0
W4,10478,unseen,0
W4,10479,unseen,0
W4,10480,unseen,0
W4,10481,unseen,0
W4,10482,unseen,0
W4,10483,unseen,0
W4,10484,unseen,0
W4,10485,unseen,0
W4,10486,unseen,0
W4,10487,unseen,0
W4,10488,unseen,0
W4,10489,unseen,0
W4,10490,unseen,0
W4,10491,unseen,0
W4,10492,unseen,0
W4,10493,unseen,0
W4,10494,unseen,0
W4,10495,unseen,0
W4,10496,unseen,0
W4,10497,unseen,0
W4,10498,unseen,0
W4,10499,unseen,0
W4,10500,unseen,0
W4,10501,unseen,0
W4,10502,unseen,0
W4,10503,unseen,0
W4,10504,unseen,0
W4,10505,unseen,0
W4,10506,unseen,0
W4,10507,unseen,0
W4,10508,unseen,0
W4,10509,unseen,0
W4,10510,unseen,0
W4,10511,unseen,0
W4,10512,unseen,0
W4,10513,unseen,0
W4,10514,unseen,0
W4,10515,unseen,0
W4,10516,unseen,0
W4,10517,unseen,0
W4,10518,unseen,0
W4,10519,unseen,0
W4,10520,unseen,0
W4,10521,unseen,0
W4,10522,unseen,0
W4,10523,unseen,0
W4,10524,unseen,0
W4,10525,unseen,0
W4,10526,unseen,0
W4,10527,unseen,0
W4,10528,unseen,0
W4,10529,unseen,0
W4,10530,unseen,0
W4,10531,unseen,0
W4,10532,unseen,0
W4,10533,unseen,0
W4,10534,unseen,0
W4,10535,unseen,0
W4,10536,unseen,0
W4,10537,unseen,0
W4,10538,unseen,0
W4,10539,unseen,0
W4,10540,unseen,0
W4,10541,unseen,0
W4,10542,unseen,0
W4,10543,unseen,0
W4,10544,unseen,0
W4,10545,unseen,0
W4,10546,unseen,0
W4,10547,unseen,0
W4,10548,unseen,0
W4,10549,unseen,0
W4,10550,unseen,0
W4,10551,unseen,0
W4,10552,unseen,0
W4,10553,unseen,0
W4,10554,unseen,0
W4,10555,unseen,0
W4,10556,unseen,0
W4,10557,unseen,0
W4,10558,unseen,0
W4,10559,unseen,0
W4,10560,unseen,0
W4,10561,unseen,0
W4,10562,unseen,0
W4,10563,unseen,0
W4,10564,unseen,0
W4,10565,unseen,0
W4,10566,unseen,0
W4,10567,unseen,0
W4,10568,unseen,0
W4,10569,unseen,0
W4,10570,unseen,0
W4,10571,unseen,0
W4,10572,unseen,0
W4,10573,unseen,0
W4,10574,unseen,0
W4,10575,unseen,0
W4,10576,unseen,0
W4,10577,unseen,0
W4,10578,unseen,0
W4,10579,unseen,0
W4,10580,unseen,0
W4,10581,unseen,0
W4,10582,unseen,0
W4,10583,unseen,0
W4,10584,unseen,0
W4,10585,unseen,0
W4,10586,unseen,0
W4,10587,unseen,0
W4,10588,unseen,0
W4,10589,unseen,0
W4,10590,unseen,0
W4,10591,unseen,0
W4,10592,unseen,0
W4,10593,unseen,0
W4,10594,unseen,0
W4,10595,unseen,0
W4,10596,unseen,0
W4,10597,unseen,0
W4,10598,unseen,0
W4,10599,unseen,0
W4,10600,unseen,0
W4,10601,unseen,0
W4,10602,unseen,0
W4,10603,unseen,0
W4,10604,unseen,0
W4,10605,unseen,0
W4,10606,unseen,0
W4,10607,unseen,0
W4,10608,unseen,0
W4,10609,unseen,0
W4,10610,unseen,0
W4,10611,unseen,0
W4,10612,unseen,0
W4,10613,unseen,0
W4,10614,unseen,0
W4,10615,unseen,0
W4,10616,unseen,0
W4,10617,unseen,0
W4,10618,unseen,0
W4,10619,unseen,0
W4,10620,unseen,0
W4,10621,unseen,0
W4,10622,unseen,0
W4,10623,unseen,0
W4,10624,unseen,0
W4,10625,unseen,0
W4,10626,unseen,0
W4,10627,unseen,0
W4,10628,unseen,0
W4,10629,unseen,0
W4,10630,unseen,0
W4,10631,unseen,0
W4,10632,unseen,0
W4,10633,unseen,0
W4,10634,unseen,0
W4,10635,unseen,0
W4,10636,unseen,0
W4,10637,unseen,0
W4,10638,unseen,0
W4,10639,unseen,0
W4,10640,unseen,0
W4,10641,unseen,0
W4,10642,unseen,0
W4,10643,unseen,0
W4,10644,unseen,0
W4,10645,unseen,0
W4,10646,unseen,0
W4,10647,unseen,0
W4,10648,unseen,0
W4,10649,unseen,0
W4,10650,unseen,0
W4,10651,unseen,0
W4,10652,unseen,0
W4,10653,unseen,0
W4,10654,unseen,0
W4,10655,unseen,0
W4,10656,unseen,0
W4,10657,unseen,0
W4,10658,unseen,0
W4,10659,unseen,0
W4,10660,unseen,0
W4,10661,unseen,0
W4,10662,unseen,0
W4,10663,unseen,0
W4,10664,unseen,0
W4,10665,unseen,0
W4,10666,unseen,0
W4,10667,unseen,0
W4,10668,unseen,0
W4,10669,unseen,0
W4,10670,unseen,0
W4,10671,unseen,0
W4,10672,unseen,0
W4,10673,unseen,0
W4,10674,unseen,0
W4,10675,unseen,0
W4,10676,unseen,0
W4,10677,unseen,0
W4,10678,unseen,0
W4,10679,unseen,0
W4,10680,unseen,0
W4,10681,unseen,0
W4,10682,unseen,0
W4,10683,unseen,0
W4,10684,unseen,0
W4,10685,unseen,0
W4,10686,unseen,0
W4,10687,unseen,0
W4,10688,unseen,0
W4,10689,unseen,0
W4,10690,unseen,0
W4,10691,unseen,0
W4,10692,unseen,0
W4,10693,unseen,0
W4,10694,unseen,0
W4,10695,unseen,0
W4,10696,unseen,0
W4,10697,unseen,0
W4,10698,unseen,0
W4,10699,unseen,0
W4,10700,unseen,0
W4,10701,unseen,0
W4,10702,unseen,0
W4,10703,unseen,0
W4,10704,unseen,0
W4,10705,unseen,0
W4,10706,unseen,0
W4,10707,unseen,0
W4,10708,unseen,0
W4,10709,unseen,0
W4,10710,unseen,0
W4,10711,unseen,0
W4,10712,unseen,0
W4,10713,unseen,0
W4,10714,unseen,0
W4,10715,unseen,0
W4,10716,unseen,0
W4,10717,unseen,0
W4,10718,unseen,0
W4,10719,unseen,0
W4,10720,unseen,0
W4,10721,unseen,0
W4,10722,unseen,0
W4,10723,unseen,0
W4,10724,unseen,0
W4,10725,unseen,0
W4,10726,unseen,0
W4,10727,unseen,0
W4,10728,unseen,0
W4,10729,unseen,0
W4,10730,unseen,0
W4,10731,unseen,0
W4,10732,unseen,0
W4,10733,unseen,0
W4,10734,unseen,0
W4,10735,unseen,0
W4,10736,unseen,0
W4,10737,unseen,0
W4,10738,unseen,0
W4,10739,unseen,0
W4,10740,unseen,0
W4,10741,unseen,0
W4,10742,unseen,0
W4,10743,unseen,0
W4,10744,unseen,0
W4,10745,unseen,0
W4,10746,unseen,0
W4,10747,unseen,0
W4,10748,unseen,0
W4,10749,unseen,0
W4,10750,unseen,0
W4,10751,unseen,0
W4,10752,unseen,0
W4,10753,unseen,0
W4,10754,unseen,0
W4,10755,unseen,0
W4,10756,unseen,0
W4,10757,unseen,0
W4,10758,unseen,0
W4,10759,unseen,0
W4,10760,unseen,0
W4,10761,unseen,0
W4,10762,unseen,0
W4,10763,unseen,0
W4,10764,unseen,0
W4,10765,unseen,0
W4,10766,unseen,0
W4,10767,unseen,0
W4,10768,unseen,0
W4,10769,unseen,0
W4,10770,unseen,0
W4,10771,unseen,0
W4,10772,unseen,0
W4,10773,unseen,0
W4,10774,unseen,0
W4,10775,unseen,0
W4,10776,unseen,0
W4,10777,unseen,0
W4,10778,unseen,0
W4,10779,unseen,0
W4,10780,unseen,0
W4,10781,unseen,0
W4,10782,unseen,0
W4,10783,unseen,0
W4,10784,unseen,0
W4,10785,unseen,0
W4,10786,unseen,0
W4,10787,unseen,0
W4,10788,unseen,0
W4,10789,unseen,0
W4,10790,unseen,0
W4,10791,unseen,0
W4,10792,unseen,0
W4,10793,unseen,0
W4,10794,unseen,0
W4,10795,unseen,0
W4,10796,unseen,0
W4,10797,unseen,0
W4,10798,unseen,0
W4,10799,unseen,0
W4,10800,unseen,0
W4,10801,unseen,0
W4,10802,unseen,0
W4,10803,unseen,0
W4,10804,unseen,0
W4,10805,unseen,0
W4,10806,unseen,0
W4,10807,unseen,0
W4,10808,unseen,0
W4,10809,unseen,0
W4,10810,unseen,0
W4,10811,unseen,0
W4,10812,unseen,0
W4,10813,unseen,0
W4,10814,unseen,0
W4,10815,unseen,0
W4,10816,unseen,0
W4,10817,unseen,0
W4,10818,unseen,0
W4,10819,unseen,0
W4,10820,unseen,0
W4,10821,unseen,0
W4,10822,unseen,0
W4,10823,unseen,0
W4,10824,unseen,0
W4,10825,unseen,0
W4,10826,unseen,0
W4,10827,unseen,0
W4,10828,unseen,0
W4,10829,unseen,0
W4,10830,unseen,0
W4,10831,unseen,0
W4,10832,unseen,0
W4,10833,unseen,0
W4,10834,unseen,0
W4,10835,unseen,0
W4,10836,unseen,0
W4,10837,unseen,0
W4,10838,unseen,0
W4,10839,unseen,0
W4,10840,unseen,0
W4,10841,unseen,0
W4,10842,unseen,0
W4,10843,unseen,0
W4,10844,unseen,0
W4,10845,unseen,0
W4,10846,unseen,0
W4,10847,unseen,0
W4,10848,unseen,0
W4,10849,unseen,0
W4,10850,unseen,0
W4,10851,unseen,0
W4,10852,unseen,0
W4,10853,unseen,0
W4,10854,unseen,0
W4,10855,unseen,0
W4,10856,unseen,0
W4,10857,unseen,0
W4,10858,unseen,0
W4,10859,unseen,0
W4,10860,unseen,0
W4,10861,unseen,0
W4,10862,unseen,0
W4,10863,unseen,0
W4,10864,unseen,0
W4,10865,unseen,0
W4,10866,unseen,0
W4,10867,unseen,0
W4,10868,unseen,0
W4,10869,unseen,0
W4,10870,unseen,0
W4,10871,unseen,0
W4,10872,unseen,0
W4,10873,unseen,0
W4,10874,unseen,0
W4,10875,unseen,0
W4,10876,unseen,0
W4,10877,unseen,0
W4,10878,unseen,0
W4,10879,unseen,0
W4,10880,unseen,0
W4,10881,unseen,0
W4,10882,unseen,0
W4,10883,unseen,0
W4,10884,unseen,0
W4,10885,unseen,0
W4,10886,unseen,0
W4,10887,unseen,0
W4,10888,unseen,0
W4,10889,unseen,0
W4,10890,unseen,0
W4,10891,unseen,0
W4,10892,unseen,0
W4,10893,unseen,0
W4,10894,unseen,0
W4,10895,unseen,0
W4,10896,unseen,0
W4,10897,unseen,0
W4,10898,unseen,0
W4,10899,unseen,0
W4,10900,unseen,0
W4,10901,unseen,0
W4,10902,unseen,0
W4,10903,unseen,0
W4,10904,unseen,0
W4,10905,unseen,0
W4,10906,unseen,0
W4,10907,unseen,0
W4,10908,unseen,0
W4,10909,unseen,0
W4,10910,unseen,0
W4,10911,unseen,0
W4,10912,unseen,0
W4,10913,unseen,0
W4,10914,unseen,0
W4,10915,unseen,0
W4,10916,unseen,0
W4,10917,unseen,0
W4,10918,unseen,0
W4,10919,unseen,0
W4,10920,unseen,0
W4,10921,unseen,0
W4,10922,unseen,0
W4,10923,unseen,0
W4,10924,unseen,0
W4,10925,unseen,0
W4,10926,unseen,0
W4,10927,unseen,0
W4,10928,unseen,0
W4,10929,unseen,0
W4,10930,unseen,0
W4,10931,unseen,0
W4,10932,unseen,0
W4,10933,unseen,0
W4,10934,unseen,0
W4,10935,unseen,0
W4,10936,unseen,0
W4,10937,unseen,0
W4,10938,unseen,0
W4,10939,unseen,0
W4,10940,unseen,0
W4,10941,unseen,0
W4,10942,unseen,0
W4,10943,unseen,0
W4,10944,unseen,0
W4,10945,unseen,0
W4,10946,unseen,0
W4,10947,unseen,0
W4,10948,unseen,0
W4,10949,unseen,0
W4,10950,unseen,0
W4,10951,unseen,0
W4,10952,unseen,0
W4,10953,unseen,0
W4,10954,unseen,0
W4,10955,unseen,0
W4,10956,unseen,0
W4,10957,unseen,0
W4,10958,unseen,0
W4,10959,unseen,0
W4,10960,unseen,0
W4,10961,unseen,0
W4,10962,unseen,0
W4,10963,unseen,0
W4,10964,unseen,0
W4,10965,unseen,0
W4,10966,unseen,0
W4,10967,unseen,0
W4,10968,unseen,0
W4,10969,unseen,0
W4,10970,unseen,0
W4,10971,unseen,0
W4,10972,unseen,0
W4,10973,unseen,0
W4,10974,unseen,0
W4,10975,unseen,0
W4,10976,unseen,0
W4,10977,unseen,0
W4,10978,unseen,0
W4,10979,unseen,0
W4,10980,unseen,0
W4,10981,unseen,0
W4,10982,unseen,0
W4,10983,unseen,0
W4,10984,unseen,0
W4,10985,unseen,0
W4,10986,unseen,0
W4,10987,unseen,0
W4,10988,unseen,0
W4,10989,unseen,0
W4,10990,unseen,0
W4,10991,unseen,0
W4,10992,unseen,0
W4,10993,unseen,0
W4,10994,unseen,0
W4,10995,unseen,0
W4,10996,unseen,0
W4,10997,unseen,0
W4,10998,unseen,0
W4,10999,unseen,0
W4,11000,unseen,0
W4,11001,unseen,0
W4,11002,unseen,0
W4,11003,unseen,0
W4,11004,unseen,0
W4,11005,unseen,0
W4,11006,unseen,0
W4,11007,unseen,0
W4,11008,unseen,0
W4,11009,unseen,0
W4,11010,unseen,0
W4,11011,unseen,0
W4,11012,unseen,0
W4,11013,unseen,0
W4,11014,unseen,0
W4,11015,unseen,0
W4,11016,unseen,0
W4,11017,unseen,0
W4,11018,unseen,0
W4,11019,unseen,0
W4,11020,unseen,0
W4,11021,unseen,0
W4,11022,unseen,0
W4,11023,unseen,0
W4,11024,unseen,0
W4,11025,unseen,0
W4,11026,unseen,0
W4,11027,unseen,0
W4,11028,unseen,0
W4,11029,unseen,0
W4,11030,unseen,0
W4,11031,unseen,0
W4,11032,unseen,0
W4,11033,unseen,0
W4,11034,unseen,0
W4,11035,unseen,0
W4,11036,unseen,0
W4,11037,unseen,0
W4,11038,unseen,0
W4,11039,unseen,0
W4,11040,unseen,0
W4,11041,unseen,0
W4,11042,unseen,0
W4,11043,unseen,0
W4,11044,unseen,0
W4,11045,unseen,0
W4,11046,unseen,0
W4,11047,unseen,0
W4,11048,unseen,0
W4,11049,unseen,0
W4,11050,unseen,0
W4,11051,unseen,0
W4,11052,unseen,0
W4,11053,unseen,0
W4,11054,unseen,0
W4,11055,unseen,0
W4,11056,unseen,0
W4,11057,unseen,0
W4,11058,unseen,0
W4,11059,unseen,0
W4,11060,unseen,0
W4,11061,unseen,0
W4,11062,unseen,0
W4,11063,unseen,0
W4,11064,unseen,0
W4,11065,unseen,0
W4,11066,unseen,0
W4,11067,unseen,0
W4,11068,unseen,0
W4,11069,unseen,0
W4,11070,unseen,0
W4,11071,unseen,0
W4,11072,unseen,0
W4,11073,unseen,0
W4,11074,unseen,0
W4,11075,unseen,0
W4,11076,unseen,0
W4,11077,unseen,0
W4,11078,unseen,0
W4,11079,unseen,0
W4,11080,unseen,0
W4,11081,unseen,0
W4,11082,unseen,0
W4,11083,unseen,0
W4,11084,unseen,0
W4,11085,unseen,0
W4,11086,unseen,0
W4,11087,unseen,0
W4,11088,unseen,0
W4,11089,unseen,0
W4,11090,unseen,0
W4,11091,unseen,0
W4,11092,unseen,0
W4,11093,unseen,0
W4,11094,unseen,0
W4,11095,unseen,0
W4,11096,unseen,0
W4,11097,unseen,0
W4,11098,unseen,0
W4,11099,unseen,0
W4,11100,unseen,0
W4,11101,unseen,0
W4,11102,unseen,0
W4,11103,unseen,0
W4,11104,unseen,0
W4,11105,unseen,0
W4,11106,unseen,0
W4,11107,unseen,0
W4,11108,unseen,0
W4,11109,unseen,0
W4,11110,unseen,0
W4,11111,unseen,0
W4,11112,unseen,0
W4,11113,unseen,0
W4,11114,unseen,0
W4,11115,unseen,0
W4,11116,unseen,0
W4,11117,unseen,0
W4,11118,unseen,0
W4,11119,unseen,0
W4,11120,unseen,0
W4,11121,unseen,0
W4,11122,unseen,0
W4,11123,unseen,0
W4,11124,unseen,0
W4,11125,unseen,0
W4,11126,unseen,0
W4,11127,unseen,0
W4,11128,unseen,0
W4,11129,unseen,0
W4,11130,unseen,0
W4,11131,unseen,0
W4,11132,unseen,0
W4,11133,unseen,0
W4,11134,unseen,0
W4,11135,unseen,0
W4,11136,unseen,0
W4,11137,unseen,0
W4,11138,unseen,0
W4,11139,unseen,0
W4,11140,unseen,0
W4,11141,unseen,0
W4,11142,unseen,0
W4,11143,unseen,0
W4,11144,unseen,0
W4,11145,unseen,0
W4,11146,unseen,0
W4,11147,unseen,0
W4,11148,unseen,0
W4,11149,unseen,0
W4,11150,unseen,0
W4,11151,unseen,0
W4,11152,unseen,0
W4,11153,unseen,0
W4,11154,unseen,0
W4,11155,unseen,0
W4,11156,unseen,0
W4,11157,unseen,0
W4,11158,unseen,0
W4,11159,unseen,0
W4,11160,unseen,0
W4,11161,unseen,0
W4,11162,unseen,0
W4,11163,unseen,0
W4,11164,unseen,0
W4,11165,unseen,0
W4,11166,unseen,0
W4,11167,unseen,0
W4,11168,unseen,0
W4,11169,unseen,0
W4,11170,unseen,0
W4,11171,unseen,0
W4,11172,unseen,0
W4,11173,unseen,0
W4,11174,unseen,0
W4,11175,unseen,0
W4,11176,unseen,0
W4,11177,unseen,0
W4,11178,unseen,0
W4,11179,unseen,0
W4,11180,unseen,0
W4,11181,unseen,0
W4,11182,unseen,0
W4,11183,unseen,0
W4,11184,unseen,0
W4,11185,unseen,0
W4,11186,unseen,0
W4,11187,unseen,0
W4,11188,unseen,0
W4,11189,unseen,0
W4,11190,unseen,0
W4,11191,unseen,0
W4,11192,unseen,0
W4,11193,unseen,0
W4,11194,unseen,0
W4,11195,unseen,0
W4,11196,unseen,0
W4,11197,unseen,0
W4,11198,unseen,0
W4,11199,unseen,0
W4,11200,unseen,0
W4,11201,unseen,0
W4,11202,unseen,0
W4,11203,unseen,0
W4,11204,unseen,0
W4,11205,unseen,0
W4,11206,unseen,0
W4,11207,unseen,0
W4,11208,unseen,0
W4,11209,unseen,0
W4,11210,unseen,0
W4,11211,unseen,0
W4,11212,unseen,0
W4,11213,unseen,0
W4,11214,unseen,0
W4,11215,unseen,0
W4,11216,unseen,0
W4,11217,unseen,0
W4,11218,unseen,0
W4,11219,unseen,0
W4,11220,unseen,0
W4,11221,unseen,0
W4,11222,unseen,0
W4,11223,unseen,0
W4,11224,unseen,0
W4,11225,unseen,0
W4,11226,unseen,0
W4,11227,unseen,0
W4,11228,unseen,0
W4,11229,unseen,0
W4,11230,unseen,0
W4,11231,unseen,0
W4,11232,unseen,0
W4,11233,unseen,0
W4,11234,unseen,0
W4,11235,unseen,0
W4,11236,unseen,0
W4,11237,unseen,0
W4,11238,unseen,0
W4,11239,unseen,0
W4,11240,unseen,0
W4,11241,unseen,0
W4,11242,unseen,0
W4,11243,unseen,0
W4,11244,unseen,0
W4,11245,unseen,0
W4,11246,unseen,0
W4,11247,unseen,0
W4,11248,unseen,0
W4,11249,unseen,0
W4,11250,unseen,0
W4,11251,unseen,0
W4,11252,unseen,0
W4,11253,unseen,0
W4,11254,unseen,0
W4,11255,unseen,0
W4,11256,unseen,0
W4,11257,unseen,0
W4,11258,unseen,0
W4,11259,unseen,0
W4,11260,unseen,0
W4,11261,unseen,0
W4,11262,unseen,0
W4,11263,unseen,0
W4,11264,unseen,0
W4,11265,unseen,0
W4,11266,unseen,0
W4,11267,unseen,0
W4,11268,unseen,0
W4,11269,unseen,0
W4,11270,unseen,0
W4,11271,unseen,0
W4,11272,unseen,0
W4,11273,unseen,0
W4,11274,unseen,0
W4,11275,unseen,0
W4,11276,unseen,0
W4,11277,unseen,0
W4,11278,unseen,0
W4,11279,unseen,0
W4,11280,unseen,0
W4,11281,unseen,0
W4,11282,unseen,0
W4,11283,unseen,0
W4,11284,unseen,0
W4,11285,unseen,0
W4,11286,unseen,0
W4,11287,unseen,0
W4,11288,unseen,0
W4,11289,unseen,0
W4,11290,unseen,0
W4,11291,unseen,0
W4,11292,unseen,0
W4,11293,unseen,0
W4,11294,unseen,0
W4,11295,unseen,0
W4,11296,unseen,0
W4,11297,unseen,0
W4,11298,unseen,0
W4,11299,unseen,0
W4,11300,unseen,0
W4,11301,unseen,0
W4,11302,unseen,0
W4,11303,unseen,0
W4,11304,unseen,0
W4,11305,unseen,0
W4,11306,unseen,0
W4,11307,unseen,0
W4,11308,unseen,0
W4,11309,unseen,0
W4,11310,unseen,0
W4,11311,unseen,0
W4,11312,unseen,0
W4,11313,unseen,0
W4,11314,unseen,0
W4,11315,unseen,0
W4,11316,unseen,0
W4,11317,unseen,0
W4,11318,unseen,0
W4,11319,unseen,0
W4,11320,unseen,0
W4,11321,unseen,0
W4,11322,unseen,0
W4,11323,unseen,0
W4,11324,unseen,0
W4,11325,unseen,0
W4,11326,unseen,0
W4,11327,unseen,0
W4,11328,unseen,0
W4,11329,unseen,0
W4,11330,unseen,0
W4,11331,unseen,0
W4,11332,unseen,0
W4,11333,unseen,0
W4,11334,unseen,0
W4,11335,unseen,0
W4,11336,unseen,0
W4,11337,unseen,0
W4,11338,unseen,0
W4,11339,unseen,0
W4,11340,unseen,0
W4,11341,unseen,0
W4,11342,unseen,0
W4,11343,unseen,0
W4,11344,unseen,0
W4,11345,unseen,0
W4,11346,unseen,0
W4,11347,unseen,0
W4,11348,unseen,0
W4,11349,unseen,0
W4,11350,unseen,0
W4,11351,unseen,0
W4,11352,unseen,0
W4,11353,unseen,0
W4,11354,unseen,0
W4,11355,unseen,0
W4,11356,unseen,0
W4,11357,unseen,0
W4,11358,unseen,0
W4,11359,unseen,0
W4,11360,unseen,0
W4,11361,unseen,0
W4,11362,unseen,0
W4,11363,unseen,0
W4,11364,unseen,0
W4,11365,unseen,0
W4,11366,unseen,0
W4,11367,unseen,0
W4,11368,unseen,0
W4,11369,unseen,0
W4,11370,unseen,0
W4,11371,unseen,0
W4,11372,unseen,0
W4,11373,unseen,0
W4,11374,unseen,0
W4,11375,unseen,0
W4,11376,unseen,0
W4,11377,unseen,0
W4,11378,unseen,0
W4,11379,unseen,0
W4,11380,unseen,0
W4,11381,unseen,0
W4,11382,unseen,0
W4,11383,unseen,0
W4,11384,unseen,0
W4,11385,unseen,0
W4,11386,unseen,0
W4,11387,unseen,0
W4,11388,unseen,0
W4,11389,unseen,0
W4,11390,unseen,0
W4,11391,unseen,0
W4,11392,unseen,0
W4,11393,unseen,0
W4,11394,unseen,0
W4,11395,unseen,0
W4,11396,unseen,0
W4,11397,unseen,0
W4,11398,unseen,0
W4,11399,unseen,0
W4,11400,unseen,0
W4,11401,unseen,0
W4,11402,unseen,0
W4,11403,unseen,0
W4,11404,unseen,0
W4,11405,unseen,0
W4,11406,unseen,0
W4,11407,unseen,0
W4,11408,unseen,0
W4,11409,unseen,0
W4,11410,unseen,0
W4,11411,unseen,0
W4,11412,unseen,0
W4,11413,unseen,0
W4,11414,unseen,0
W4,11415,unseen,0
W4,11416,unseen,0
W4,11417,unseen,0
W4,11418,unseen,0
W4,11419,unseen,0
W4,11420,unseen,0
W4,11421,unseen,0
W4,11422,unseen,0
W4,11423,unseen,0
W4,11424,unseen,0
W4,11425,unseen,0
W4,11426,unseen,0
W4,11427,unseen,0
W4,11428,unseen,0
W4,11429,unseen,0
W4,11430,unseen,0
W4,11431,unseen,0
W4,11432,unseen,0
W4,11433,unseen,0
W4,11434,unseen,0
W4,11435,unseen,0
W4,11436,unseen,0
W4,11437,unseen,0
W4,11438,unseen,0
W4,11439,unseen,0
W4,11440,unseen,0
W4,11441,unseen,0
W4,11442,unseen,0
W4,11443,unseen,0
W4,11444,unseen,0
W4,11445,unseen,0
W4,11446,unseen,0
W4,11447,unseen,0
W4,11448,unseen,0
W4,11449,unseen,0
W4,11450,unseen,0
W4,11451,unseen,0
W4,11452,unseen,0
W4,11453,unseen,0
W4,11454,unseen,0
W4,11455,unseen,0
W4,11456,unseen,0
W4,11457,unseen,0
W4,11458,unseen,0
W4,11459,unseen,0
W4,11460,unseen,0
W4,11461,unseen,0
W4,11462,unseen,0
W4,11463,unseen,0
W4,11464,unseen,0
W4,11465,unseen,0
W4,11466,unseen,0
W4,11467,unseen,0
W4,11468,unseen,0
W4,11469,unseen,0
W4,11470,unseen,0
W4,11471,unseen,0
W4,11472,unseen,0
W4,11473,unseen,0
W4,11474,unseen,0
W4,11475,unseen,0
W4,11476,unseen,0
W4,11477,unseen,0
W4,11478,unseen,0
W4,11479,unseen,0
W4,11480,unseen,0
W4,11481,unseen,0
W4,11482,unseen,0
W4,11483,unseen,0
W4,11484,unseen,0
W4,11485,unseen,0
W4,11486,unseen,0
W4,11487,unseen,0
W4,11488,unseen,0
W4,11489,unseen,0
W4,11490,unseen,0
W4,11491,unseen,0
W4,11492,unseen,0
W4,11493,unseen,0
W4,11494,unseen,0
W4,11495,unseen,0
W4,11496,unseen,0
W4,11497,unseen,0
W4,11498,unseen,0
W4,11499,unseen,0
W4,11500,unseen,0
W4,11501,unseen,0
W4,11502,unseen,0
W4,11503,unseen,0
W4,11504,unseen,0
W4,11505,unseen,0
W4,11506,unseen,0
W4,11507,unseen,0
W4,11508,unseen,0
W4,11509,unseen,0
W4,11510,unseen,0
W4,11511,unseen,0
W4,11512,unseen,0
W4,11513,unseen,0
W4,11514,unseen,0
W4,11515,unseen,0
W4,11516,unseen,0
W4,11517,unseen,0
W4,11518,unseen,0
W4,11519,unseen,0
W4,11520,unseen,0
W4,11521,unseen,0
W4,11522,unseen,0
W4,11523,unseen,0
W4,11524,unseen,0
W4,11525,unseen,0
W4,11526,unseen,0
W4,11527,unseen,0
W4,11528,unseen,0
W4,11529,unseen,0
W4,11530,unseen,0
W4,11531,unseen,0
W4,11532,unseen,0
W4,11533,unseen,0
W4,11534,unseen,0
W4,11535,unseen,0
W4,11536,unseen,0
W4,11537,unseen,0
W4,11538,unseen,0
W4,11539,unseen,0
W4,11540,unseen,0
W4,11541,unseen,0
W4,11542,unseen,0
W4,11543,unseen,0
W4,11544,unseen,0
W4,11545,unseen,0
W4,11546,unseen,0
W4,11547,unseen,0
W4,11548,unseen,0
W4,11549,unseen,0
W4,11550,unseen,0
W4,11551,unseen,0
W4,11552,unseen,0
W4,11553,unseen,0
W4,11554,unseen,0
W4,11555,unseen,0
W4,11556,unseen,0
W4,11557,unseen,0
W4,11558,unseen,0
W4,11559,unseen,0
W4,11560,unseen,0
W4,11561,unseen,0
W4,11562,unseen,0
W4,11563,unseen,0
W4,11564,unseen,0
W4,11565,unseen,0
W4,11566,unseen,0
W4,11567,unseen,0
W4,11568,unseen,0
W4,11569,unseen,0
W4,11570,unseen,0
W4,11571,unseen,0
W4,11572,unseen,0
W4,11573,unseen,0
W4,11574,unseen,0
W4,11575,unseen,0
W4,11576,unseen,0
W4,11577,unseen,0
W4,11578,unseen,0
W4,11579,unseen,0
W4,11580,unseen,0
W4,11581,unseen,0
W4,11582,unseen,0
W4,11583,unseen,0
W4,11584,unseen,0
W4,11585,unseen,0
W4,11586,unseen,0
W4,11587,unseen,0
W4,11588,unseen,0
W4,11589,unseen,0
W4,11590,unseen,0
W4,11591,unseen,0
W4,11592,unseen,0
W4,11593,unseen,0
W4,11594,unseen,0
W4,11595,unseen,0
W4,11596,unseen,0
W4,11597,unseen,0
W4,11598,unseen,0
W4,11599,unseen,0
W4,11600,unseen,0
W4,11601,unseen,0
W4,11602,unseen,0
W4,11603,unseen,0
W4,11604,unseen,0
W4,11605,unseen,0
W4,11606,unseen,0
W4,11607,unseen,0
W4,11608,unseen,0
W4,11609,unseen,0
W4,11610,unseen,0
W4,11611,unseen,0
W4,11612,unseen,0
W4,11613,unseen,0
W4,11614,unseen,0
W4,11615,unseen,0
W4,11616,unseen,0
W4,11617,unseen,0
W4,11618,unseen,0
W4,11619,unseen,0
W4,11620,unseen,0
W4,11621,unseen,0
W4,11622,unseen,0
W4,11623,unseen,0
W4,11624,unseen,0
W4,11625,unseen,0
W4,11626,unseen,0
W4,11627,unseen,0
W4,11628,unseen,0
W4,11629,unseen,0
W4,11630,unseen,0
W4,11631,unseen,0
W4,11632,unseen,0
W4,11633,unseen,0
W4,11634,unseen,0
W4,11635,unseen,0
W4,11636,unseen,0
W4,11637,unseen,0
W4,11638,unseen,0
W4,11639,unseen,0
W4,11640,unseen,0
W4,11641,unseen,0
W4,11642,unseen,0
W4,11643,unseen,0
W4,11644,unseen,0
W4,11645,unseen,0
W4,11646,unseen,0
W4,11647,unseen,0
W4,11648,unseen,0
W4,11649,unseen,0
W4,11650,unseen,0
W4,11651,unseen,0
W4,11652,unseen,0
W4,11653,unseen,0
W4,11654,unseen,0
W4,11655,unseen,0
W4,11656,unseen,0
W4,11657,unseen,0
W4,11658,unseen,0
W4,11659,unseen,0
W4,11660,unseen,0
W4,11661,unseen,0
W4,11662,unseen,0
W4,11663,unseen,0
W4,11664,unseen,0
W4,11665,unseen,0
W4,11666,unseen,0
W4,11667,unseen,0
W4,11668,unseen,0
W4,11669,unseen,0
W4,11670,unseen,0
W4,11671,unseen,0
W4,11672,unseen,0
W4,11673,unseen,0
W4,11674,unseen,0
W4,11675,unseen,0
W4,11676,unseen,0
W4,11677,unseen,0
W4,11678,unseen,0
W4,11679,unseen,0
W4,11680,unseen,0
W4,11681,unseen,0
W4,11682,unseen,0
W4,11683,unseen,0
W4,11684,unseen,0
W4,11685,unseen,0
W4,11686,unseen,0
W4,11687,unseen,0
W4,11688,unseen,0
W4,11689,unseen,0
W4,11690,unseen,0
W4,11691,unseen,0
W4,11692,unseen,0
W4,11693,unseen,0
W4,11694,unseen,0
W4,11695,unseen,0
W4,11696,unseen,0
W4,11697,unseen,0
W4,11698,unseen,0
W4,11699,unseen,0
W4,11700,unseen,0
W4,11701,unseen,0
W4,11702,unseen,0
W4,11703,unseen,0
W4,11704,unseen,0
W4,11705,unseen,0
W4,11706,unseen,0
W4,11707,unseen,0
W4,11708,unseen,0
W4,11709,unseen,0
W4,11710,unseen,0
W4,11711,unseen,0
W4,11712,unseen,0
W4,11713,unseen,0
W4,11714,unseen,0
W4,11715,unseen,0
W4,11716,unseen,0
W4,11717,unseen,0
W4,11718,unseen,0
W4,11719,unseen,0
W4,11720,unseen,0
W4,11721,unseen,0
W4,11722,unseen,0
W4,11723,unseen,0
W4,11724,unseen,0
W4,11725,unseen,0
W4,11726,unseen,0
W4,11727,unseen,0
W4,11728,unseen,0
W4,11729,unseen,0
W4,11730,unseen,0
W4,11731,unseen,0
W4,11732,unseen,0
W4,11733,unseen,0
W4,11734,unseen,0
W4,11735,unseen,0
W4,11736,unseen,0
W4,11737,unseen,0
W4,11738,unseen,0
W4,11739,unseen,0
W4,11740,unseen,0
W4,11741,unseen,0
W4,11742,unseen,0
W4,11743,unseen,0
W4,11744,unseen,0
W4,11745,unseen,0
W4,11746,unseen,0
W4,11747,unseen,0
W4,11748,unseen,0
W4,11749,unseen,0
W4,11750,unseen,0
W4,11751,unseen,0
W4,11752,unseen,0
W4,11753,unseen,0
W4,11754,unseen,0
W4,11755,unseen,0
W4,11756,unseen,0
W4,11757,unseen,0
W4,11758,unseen,0
W4,11759,unseen,0
W4,11760,unseen,0
W4,11761,unseen,0
W4,11762,unseen,0
W4,11763,unseen,0
W4,11764,unseen,0
W4,11765,unseen,0
W4,11766,unseen,0
W4,11767,unseen,0
W4,11768,unseen,0
W4,11769,unseen,0
W4,11770,unseen,0
W4,11771,unseen,0
W4,11772,unseen,0
W4,11773,unseen,0
W4,11774,unseen,0
W4,11775,unseen,0
W4,11776,unseen,0
W4,11777,unseen,0
W4,11778,unseen,0
W4,11779,unseen,0
W4,11780,unseen,0
W4,11781,unseen,0
W4,11782,unseen,0
W4,11783,unseen,0
W4,11784,unseen,0
W4,11785,unseen,0
W4,11786,unseen,0
W4,11787,unseen,0
W4,11788,unseen,0
W4,11789,unseen,0
W4,11790,unseen,0
W4,11791,unseen,0
W4,11792,unseen,0
W4,11793,unseen,0
W4,11794,unseen,0
W4,11795,unseen,0
W4,11796,unseen,0
W4,11797,unseen,0
W4,11798,unseen,0
W4,11799,unseen,0
W4,11800,unseen,0
W4,11801,unseen,0
W4,11802,unseen,0
W4,11803,unseen,0
W4,11804,unseen,0
W4,11805,unseen,0
W4,11806,unseen,0
W4,11807,unseen,0
W4,11808,unseen,0
W4,11809,unseen,0
W4,11810,unseen,0
W4,11811,unseen,0
W4,11812,unseen,0
W4,11813,unseen,0
W4,11814,unseen,0
W4,11815,unseen,0
W4,11816,unseen,0
W4,11817,unseen,0
W4,11818,unseen,0
W4,11819,unseen,0
W4,11820,unseen,0
W4,11821,unseen,0
W4,11822,unseen,0
W4,11823,unseen,0
W4,11824,unseen,0
W4,11825,unseen,0
W4,11826,unseen,0
W4,11827,unseen,0
W4,11828,unseen,0
W4,11829,unseen,0
W4,11830,unseen,0
W4,11831,unseen,0
W4,11832,unseen,0
W4,11833,unseen,0
W4,11834,unseen,0
W4,11835,unseen,0
W4,11836,unseen,0
W4,11837,unseen,0
W4,11838,unseen,0
W4,11839,unseen,0
W4,11840,unseen,0
W4,11841,unseen,0
W4,11842,unseen,0
W4,11843,unseen,0
W4,11844,unseen,0
W4,11845,unseen,0
W4,11846,unseen,0
W4,11847,unseen,0
W4,11848,unseen,0
W4,11849,unseen,0
W4,11850,unseen,0
W4,11851,unseen,0
W4,11852,unseen,0
W4,11853,unseen,0
W4,11854,unseen,0
W4,11855,unseen,0
W4,11856,unseen,0
W4,11857,unseen,0
W4,11858,unseen,0
W4,11859,unseen,0
W4,11860,unseen,0
W4,11861,unseen,0
W4,11862,unseen,0
W4,11863,unseen,0
W4,11864,unseen,0
W4,11865,unseen,0
W4,11866,unseen,0
W4,11867,unseen,0
W4,11868,unseen,0
W4,11869,unseen,0
W4,11870,unseen,0
W4,11871,unseen,0
W4,11872,unseen,0
W4,11873,unseen,0
W4,11874,unseen,0
W4,11875,unseen,0
W4,11876,unseen,0
W4,11877,unseen,0
W4,11878,unseen,0
W4,11879,unseen,0
W4,11880,unseen,0
W4,11881,unseen,0
W4,11882,unseen,0
W4,11883,unseen,0
W4,11884,unseen,0
W4,11885,unseen,0
W4,11886,unseen,0
W4,11887,unseen,0
W4,11888,unseen,0
W4,11889,unseen,0
W4,11890,unseen,0
W4,11891,unseen,0
W4,11892,unseen,0
W4,11893,unseen,0
W4,11894,unseen,0
W4,11895,unseen,0
W4,11896,unseen,0
W4,11897,unseen,0
W4,11898,unseen,0
W4,11899,unseen,0
W4,11900,unseen,0
W4,11901,unseen,0
W4,11902,unseen,0
W4,11903,unseen,0
W4,11904,unseen,0
W4,11905,unseen,0
W4,11906,unseen,0
W4,11907,unseen,0
W4,11908,unseen,0
W4,11909,unseen,0
W4,11910,unseen,0
W4,11911,unseen,0
W4,11912,unseen,0
W4,11913,unseen,0
W4,11914,unseen,0
W4,11915,unseen,0
W4,11916,unseen,0
W4,11917,unseen,0
W4,11918,unseen,0
W4,11919,unseen,0
W4,11920,unseen,0
W4,11921,unseen,0
W4,11922,unseen,0
W4,11923,unseen,0
W4,11924,unseen,0
W4,11925,unseen,0
W4,11926,unseen,0
W4,11927,unseen,0
W4,11928,unseen,0
W4,11929,unseen,0
W4,11930,unseen,0
W4,11931,unseen,0
W4,11932,unseen,0
W4,11933,unseen,0
W4,11934,unseen,0
W4,11935,unseen,0
W4,11936,unseen,0
W4,11937,unseen,0
W4,11938,unseen,0
W4,11939,unseen,0
W4,11940,unseen,0
W4,11941,unseen,0
W4,11942,unseen,0
W4,11943,unseen,0
W4,11944,unseen,0
W4,11945,unseen,0
W4,11946,unseen,0
W4,11947,unseen,0
W4,11948,unseen,0
W4,11949,unseen,0
W4,11950,unseen,0
W4,11951,unseen,0
W4,11952,unseen,0
W4,11953,unseen,0
W4,11954,unseen,0
W4,11955,unseen,0
W4,11956,unseen,0
W4,11957,unseen,0
W4,11958,unseen,0
W4,11959,unseen,0
W4,11960,unseen,0
W4,11961,unseen,0
W4,11962,unseen,0
W4,11963,unseen,0
W4,11964,unseen,0
W4,11965,unseen,0
W4,11966,unseen,0
W4,11967,unseen,0
W4,11968,unseen,0
W4,11969,unseen,0
W4,11970,unseen,0
W4,11971,unseen,0
W4,11972,unseen,0
W4,11973,unseen,0
W4,11974,unseen,0
W4,11975,unseen,0
W4,11976,unseen,0
W4,11977,unseen,0
W4,11978,unseen,0
W4,11979,unseen,0
W4,11980,unseen,0
W4,11981,unseen,0
W4,11982,unseen,0
W4,11983,unseen,0
W4,11984,unseen,0
W4,11985,unseen,0
W4,11986,unseen,0
W4,11987,unseen,0
W4,11988,unseen,0
W4,11989,unseen,0
W4,11990,unseen,0
W4,11991,unseen,0
W4,11992,unseen,0
W4,11993,unseen,0
W4,11994,unseen,0
W4,11995,unseen,0
W4,11996,unseen,0
W4,11997,unseen,0
W4,11998,unseen,0
W4,11999,unseen,0
W4,12000,unseen,0
W4,12001,unseen,0
W4,12002,unseen,0
W4,12003,unseen,0
W4,12004,unseen,0
W4,12005,unseen,0
W4,12006,unseen,0
W4,12007,unseen,0
W4,12008,unseen,0
W4,12009,unseen,0
W4,12010,unseen,0
W4,12011,unseen,0
W4,12012,unseen,0
W4,12013,unseen,0
W4,12014,unseen,0
W4,12015,unseen,0
W4,12016,unseen,0
W4,12017,unseen,0
W4,12018,unseen,0
W4,12019,unseen,0
W4,12020,unseen,0
W4,12021,unseen,0
W4,12022,unseen,0
W4,12023,unseen,0
W4,12024,unseen,0
W4,12025,unseen,0
W4,12026,unseen,0
W4,12027,unseen,0
W4,12028,unseen,0
W4,12029,unseen,0
W4,12030,unseen,0
W4,12031,unseen,0
W4,12032,unseen,0
W4,12033,unseen,0
W4,12034,unseen,0
W4,12035,unseen,0
W4,12036,unseen,0
W4,12037,unseen,0
W4,12038,unseen,0
W4,12039,unseen,0
W4,12040,unseen,0
W4,12041,unseen,0
W4,12042,unseen,0
W4,12043,unseen,0
W4,12044,unseen,0
W4,12045,unseen,0
W4,12046,unseen,0
W4,12047,unseen,0
W4,12048,unseen,0
W4,12049,unseen,0
W4,12050,unseen,0
W4,12051,unseen,0
W4,12052,unseen,0
W4,12053,unseen,0
W4,12054,unseen,0
W4,12055,unseen,0
W4,12056,unseen,0
W4,12057,unseen,0
W4,12058,unseen,0
W4,12059,unseen,0
W4,12060,unseen,0
W4,12061,unseen,0
W4,12062,unseen,0
W4,12063,unseen,0
W4,12064,unseen,0
W4,12065,unseen,0
W4,12066,unseen,0
W4,12067,unseen,0
W4,12068,unseen,0
W4,12069,unseen,0
W4,12070,unseen,0
W4,12071,unseen,0
W4,12072,unseen,0
W4,12073,unseen,0
W4,12074,unseen,0
W4,12075,unseen,0
W4,12076,unseen,0
W4,12077,unseen,0
W4,12078,unseen,0
W4,12079,unseen,0
W4,12080,unseen,0
W4,12081,unseen,0
W4,12082,unseen,0
W4,12083,unseen,0
W4,12084,unseen,0
W4,12085,unseen,0
W4,12086,unseen,0
W4,12087,unseen,0
W4,12088,unseen,0
W4,12089,unseen,0
W4,12090,unseen,0
W4,12091,unseen,0
W4,12092,unseen,0
W4,12093,unseen,0
W4,12094,unseen,0
W4,12095,unseen,0
W4,12096,unseen,0
W4,12097,unseen,0
W4,12098,unseen,0
W4,12099,unseen,0
W4,12100,unseen,0
W5,0,unseen,0
W5,1,unseen,0
W5,2,unseen,0
W5,3,unseen,0
W5,4,very_rare,2
W5,5,unseen,0
W5,6,very_rare,2
W5,7,unseen,0
W5,8,very_rare,1
W5,9,unseen,0
W5,10,unseen,0
W5,11,unseen,0
W5,12,unseen,0
W5,13,unseen,0
W5,14,unseen,0
W5,15,very_rare,1
W5,16,very_rare,1
W5,17,unseen,0
W5,18,very_rare,1
W5,19,very_rare,1
W5,20,unseen,0
W5,21,very_rare,1
W5,22,very_rare,1
W5,23,unseen,0
W5,24,very_rare,1
W5,25,unseen,0
W5,26,unseen,0
W5,27,very_rare,1
W5,28,very_rare,2
W5,29,rare,4
W5,30,very_rare,1
W5,31,very_rare,1
W5,32,unseen,0
W5,33,very_rare,2
W5,34,unseen,0
W5,35,very_rare,1
W5,36,unseen,0
W5,37,very_rare,1
W5,38,unseen,0
W5,39,rare,4
W5,40,unseen,0
W5,41,very_rare,1
W5,42,very_rare,3
W5,43,very_rare,2
W5,44,very_rare,3
W5,45,very_rare,1
W5,46,rare,4
W5,47,unseen,0
W5,48,unseen,0
W5,49,very_rare,1
W5,50,very_rare,1
W5,51,rare,4
W5,52,very_rare,1
W5,53,very_rare,1
W5,54,normal,6
W5,55,unseen,0
W5,56,very_rare,1
W5,57,very_rare,1
W5,58,very_rare,2
W5,59,very_rare,2
W5,60,unseen,0
W5,61,very_rare,2
W5,62,unseen,0
W5,63,very_rare,1
W5,64,very_rare,2
W5,65,very_rare,1
W5,66,unseen,0
W5,67,unseen,0
W5,68,very_rare,2
W5,69,very_rare,2
W5,70,very_rare,3
W5,71,unseen,0
W5,72,very_rare,2
W5,73,very_rare,2
W5,74,unseen,0
W5,75,very_rare,3
W5,76,very_rare,2
W5,77,very_rare,2
W5,78,unseen,0
W5,79,unseen,0
W5,80,unseen,0
W5,81,very_rare,2
W5,82,very_rare,1
W5,83,unseen,0
W5,84,unseen,0
W5,85,unseen,0
W5,86,unseen,0
W5,87,very_rare,1
W5,88,very_rare,2
W5,89,unseen,0
W5,90,unseen,0
W5,91,unseen,0
W5,92,very_rare,2
W5,93,very_rare,1
W5,94,unseen,0
W5,95,very_rare,2
W5,96,very_rare,1
W5,97,very_rare,3
W5,98,very_rare,2
W5,99,rare,4
W5,100,very_rare,1
W5,101,very_rare,1
W5,102,very_rare,3
W5,103,very_rare,1
W5,104,unseen,0
W5,105,unseen,0
W5,106,unseen,0
W5,107,unseen,0
W5,108,unseen,0
W5,109,very_rare,3
W5,110,unseen,0
W5,111,very_rare,1
W5,112,very_rare,2
W5,113,rare,4
W5,114,very_rare,1
W5,115,very_rare,1
W5,116,unseen,0
W5,117,unseen,0
W5,118,very_rare,1
W5,119,unseen,0
W5,120,unseen,0
W5,121,very_rare,2
W5,122,very_rare,1
W5,123,rare,5
W5,124,unseen,0
W5,125,very_rare,2
W5,126,very_rare,1
W5,127,very_rare,2
W5,128,very_rare,2
W5,129,very_rare,3
W5,130,unseen,0
W5,131,very_rare,2
W5,132,unseen,0
W5,133,unseen,0
W5,134,very_rare,3
W5,135,unseen,0
W5,136,unseen,0
W5,137,unseen,0
W5,138,very_rare,2
W5,139,unseen,0
W5,140,unseen,0
W5,141,very_rare,2
W5,142,very_rare,2
W5,143,very_rare,1
W5,144,unseen,0
W5,145,unseen,0
W5,146,unseen,0
W5,147,normal,8
W5,148,unseen,0
W5,149,very_rare,3
W5,150,very_rare,1
W5,151,rare,5
W5,152,unseen,0
W5,153,unseen,0
W5,154,unseen,0
W5,155,unseen,0
W5,156,very_rare,1
W5,157,very_rare,3
W5,158,very_rare,1
W5,159,very_rare,2
W5,160,very_rare,1
W5,161,very_rare,1
W5,162,very_rare,1
W5,163,unseen,0
W5,164,very_rare,1
W5,165,unseen,0
W5,166,very_rare,2
W5,167,unseen,0
W5,168,very_rare,1
W5,169,unseen,0
W5,170,unseen,0
W5,171,unseen,0
W5,172,very_rare,3
W5,173,very_rare,1
W5,174,rare,4
W5,175,rare,4
W5,176,very_rare,3
W5,177,very_rare,1
W5,178,very_rare,1
W5,179,very_rare,1
W5,180,very_rare,3
W5,181,very_rare,2
W5,182,unseen,0
W5,183,very_rare,3
W5,184,very_rare,3
W5,185,unseen,0
W5,186,unseen,0
W5,187,very_rare,2
W5,188,very_rare,1
W5,189,rare,5
W5,190,very_rare,1
W5,191,normal,10
W5,192,unseen,0
W5,193,very_rare,1
W5,194,very_rare,2
W5,195,very_rare,3
W5,196,unseen,0
W5,197,unseen,0
W5,198,unseen,0
W5,199,very_rare,1
W5,200,unseen,0
W5,201,very_rare,1
W5,202,unseen,0
W5,203,very_rare,1
W5,204,unseen,0
W5,205,unseen,0
W5,206,very_rare,2
W5,207,very_rare,2
W5,208,normal,16
W5,209,very_rare,3
W5,210,unseen,0
W5,211,unseen,0
W5,212,unseen,0
W5,213,unseen,0
W5,214,rare,5
W5,215,very_rare,2
W5,216,very_rare,2
W5,217,unseen,0
W5,218,very_rare,2
W5,219,very_rare,2
W5,220,unseen,0
W5,221,very_rare,1
W5,222,very_rare,2
W5,223,unseen,0
W5,224,very_rare,1
W5,225,very_rare,1
W5,226,unseen,0
W5,227,unseen,0
W5,228,very_rare,3
W5,229,very_rare,2
W5,230,unseen,0
W5,231,very_rare,1
W5,232,unseen,0
W5,233,very_rare,1
W5,234,normal,7
W5,235,unseen,0
W5,236,unseen,0
W5,237,very_rare,1
W5,238,unseen,0
W5,239,unseen,0
W5,240,normal,7
W5,241,very_rare,1
W5,242,unseen,0
W5,243,unseen,0
W5,244,unseen,0
W5,245,unseen,0
W5,246,unseen,0
W5,247,very_rare,3
W5,248,unseen,0
W5,249,unseen,0
W5,250,unseen,0
W5,251,very_rare,1
W5,252,very_rare,2
W5,253,unseen,0
W5,254,unseen,0
W5,255,normal,7
W5,256,very_rare,3
W5,257,very_rare,2
W5,258,very_rare,3
W5,259,very_rare,1
W5,260,unseen,0
W5,261,normal,9
W5,262,unseen,0
W5,263,very_rare,1
W5,264,very_rare,1
W5,265,very_rare,1
W5,266,unseen,0
W5,267,normal,7
W5,268,unseen,0
W5,269,unseen,0
W5,270,unseen,0
W5,271,unseen,0
W5,272,very_rare,1
W5,273,unseen,0
W5,274,unseen,0
W5,275,very_rare,2
W5,276,unseen,0
W5,277,very_rare,1
W5,278,unseen,0
W5,279,unseen,0
W5,280,unseen,0
W5,281,unseen,0
W5,282,unseen,0
W5,283,unseen,0
W5,284,unseen,0
W5,285,very_rare,1
W5,286,unseen,0
W5,287,unseen,0
W5,288,very_rare,2
W5,289,very_rare,2
W5,290,rare,4
W5,291,unseen,0
W5,292,unseen,0
W5,293,very_rare,1
W5,294,very_rare,2
W5,295,very_rare,1
W5,296,very_rare,1
W5,297,unseen,0
W5,298,unseen,0
W5,299,very_rare,1
W5,300,unseen,0
W5,301,unseen,0
W5,302,unseen,0
W5,303,unseen,0
W5,304,very_rare,1
W5,305,unseen,0
W5,306,unseen,0
W5,307,unseen,0
W5,308,unseen,0
W5,309,unseen,0
W5,310,unseen,0
W5,311,rare,5
W5,312,unseen,0
W5,313,unseen,0
W5,314,unseen,0
W5,315,unseen,0
W5,316,very_rare,2
W5,317,unseen,0
W5,318,unseen,0
W5,319,unseen,0
W5,320,unseen,0
W5,321,very_rare,1
W5,322,unseen,0
W5,323,unseen,0
W5,324,unseen,0
W5,325,very_rare,1
W5,326,very_rare,1
W5,327,unseen,0
W5,328,very_rare,2
W5,329,unseen,0
W5,330,very_rare,2
W5,331,unseen,0
W5,332,very_rare,1
W5,333,unseen,0
W5,334,unseen,0
W5,335,very_rare,3
W5,336,unseen,0
W5,337,unseen,0
W5,338,unseen,0
W5,339,unseen,0
W5,340,unseen,0
W5,341,very_rare,1
W5,342,very_rare,1
W5,343,unseen,0
W5,344,unseen,0
W5,345,very_rare,1
W5,346,unseen,0
W5,347,very_rare,2
W5,348,unseen,0
W5,349,unseen,0
W5,350,unseen,0
W5,351,unseen,0
W5,352,unseen,0
W5,353,unseen,0
W5,354,very_rare,1
W5,355,unseen,0
W5,356,unseen,0
W5,357,unseen,0
W5,358,very_rare,1
W5,359,very_rare,1
W5,360,unseen,0
W5,361,unseen,0
W5,362,very_rare,1
W5,363,unseen,0
W5,364,very_rare,1
W5,365,rare,4
W5,366,rare,5
W5,367,unseen,0
W5,368,normal,7
W5,369,very_rare,2
W5,370,very_rare,1
W5,371,very_rare,2
W5,372,very_rare,2
W5,373,unseen,0
W5,374,unseen,0
W5,375,unseen,0
W5,376,unseen,0
W5,377,unseen,0
W5,378,very_rare,1
W5,379,unseen,0
W5,380,unseen,0
W5,381,unseen,0
W5,382,very_rare,1
W5,383,rare,4
W5,384,very_rare,2
W5,385,unseen,0
W5,386,very_rare,3
W5,387,very_rare,1
W5,388,very_rare,2
W5,389,rare,5
W5,390,rare,5
W5,391,very_rare,2
W5,392,unseen,0
W5,393,very_rare,3
W5,394,very_rare,1
W5,395,unseen,0
W5,396,unseen,0
W5,397,very_rare,1
W5,398,very_rare,1
W5,399,unseen,0
W5,400,unseen,0
W5,401,unseen,0
W5,402,unseen,0
W5,403,rare,4
W5,404,very_rare,1
W5,405,unseen,0
W5,406,very_rare,2
W5,407,normal,32
W5,408,very_rare,3
W5,409,unseen,0
W5,410,unseen,0
W5,411,very_rare,1
W5,412,unseen,0
W5,413,very_rare,1
W5,414,unseen,0
W5,415,rare,5
W5,416,rare,4
W5,417,normal,10
W5,418,normal,8
W5,419,rare,4
W5,420,unseen,0
W5,421,very_rare,2
W5,422,unseen,0
W5,423,very_rare,1
W5,424,very_rare,2
W5,425,rare,4
W5,426,unseen,0
W5,427,unseen,0
W5,428,very_rare,2
W5,429,rare,4
W5,430,very_rare,1
W5,431,very_rare,1
W5,432,unseen,0
W5,433,unseen,0
W5,434,very_rare,1
W5,435,very_rare,1
W5,436,unseen,0
W5,437,rare,4
W5,438,unseen,0
W5,439,unseen,0
W5,440,unseen,0
W5,441,very_rare,1
W5,442,unseen,0
W5,443,very_rare,1
W5,444,very_rare,2
W5,445,unseen,0
W5,446,very_rare,1
W5,447,unseen,0
W5,448,unseen,0
W5,449,very_rare,2
W5,450,very_rare,2
W5,451,unseen,0
W5,452,very_rare,1
W5,453,unseen,0
W5,454,very_rare,1
W5,455,very_rare,1
W5,456,unseen,0
W5,457,rare,4
W5,458,unseen,0
W5,459,unseen,0
W5,460,unseen,0
W5,461,unseen,0
W5,462,unseen,0
W5,463,very_rare,2
W5,464,unseen,0
W5,465,unseen,0
W5,466,unseen,0
W5,467,very_rare,1
W5,468,unseen,0
W5,469,unseen,0
W5,470,unseen,0
W5,471,unseen,0
W5,472,unseen,0
W5,473,unseen,0
W5,474,unseen,0
W5,475,unseen,0
W5,476,very_rare,2
W5,477,unseen,0
W5,478,unseen,0
W5,479,unseen,0
W5,480,unseen,0
W5,481,unseen,0
W5,482,unseen,0
W5,483,unseen,0
W5,484,very_rare,1
W5,485,very_rare,1
W5,486,unseen,0
W5,487,very_rare,1
W5,488,very_rare,1
W5,489,very_rare,2
W5,490,unseen,0
W5,491,unseen,0
W5,492,very_rare,1
W5,493,very_rare,2
W5,494,very_rare,1
W5,495,unseen,0
W5,496,unseen,0
W5,497,normal,9
W5,498,very_rare,1
W5,499,unseen,0
W5,500,unseen,0
W5,501,very_rare,2
W5,502,unseen,0
W5,503,unseen,0
W5,504,unseen,0
W5,505,very_rare,1
W5,506,very_rare,1
W5,507,very_rare,3
W5,508,very_rare,1
W5,509,unseen,0
W5,510,unseen,0
W5,511,very_rare,1
W5,512,unseen,0
W5,513,very_rare,1
W5,514,very_rare,1
W5,515,very_rare,1
W5,516,unseen,0
W5,517,unseen,0
W5,518,very_rare,1
W5,519,rare,4
W5,520,very_rare,1
W5,521,unseen,0
W5,522,very_rare,1
W5,523,very_rare,1
W5,524,very_rare,1
W5,525,unseen,0
W5,526,unseen,0
W5,527,unseen,0
W5,528,unseen,0
W5,529,normal,9
W5,530,unseen,0
W5,531,very_rare,3
W5,532,unseen,0
W5,533,very_rare,3
W5,534,very_rare,1
W5,535,unseen,0
W5,536,unseen,0
W5,537,unseen,0
W5,538,unseen,0
W5,539,unseen,0
W5,540,unseen,0
W5,541,unseen,0
W5,542,unseen,0
W5,543,unseen,0
W5,544,very_rare,1
W5,545,unseen,0
W5,546,unseen,0
W5,547,unseen,0
W5,548,unseen,0
W5,549,very_rare,1
W5,550,unseen,0
W5,551,unseen,0
W5,552,very_rare,2
W5,553,unseen,0
W5,554,unseen,0
W5,555,unseen,0
W5,556,very_rare,3
W5,557,unseen,0
W5,558,unseen,0
W5,559,normal,10
W5,560,very_rare,3
W5,561,rare,4
W5,562,unseen,0
W5,563,normal,7
W5,564,very_rare,3
W5,565,unseen,0
W5,566,unseen,0
W5,567,unseen,0
W5,568,unseen,0
W5,569,unseen,0
W5,570,very_rare,3
W5,571,rare,5
W5,572,very_rare,3
W5,573,rare,4
W5,574,normal,10
W5,575,unseen,0
W5,576,unseen,0
W5,577,very_rare,2
W5,578,very_rare,1
W5,579,unseen,0
W5,580,unseen,0
W5,581,very_rare,2
W5,582,unseen,0
W5,583,unseen,0
W5,584,unseen,0
W5,585,unseen,0
W5,586,very_rare,2
W5,587,unseen,0
W5,588,unseen,0
W5,589,unseen,0
W5,590,unseen,0
W5,591,very_rare,2
W5,592,very_rare,1
W5,593,very_rare,2
W5,594,rare,5
W5,595,very_rare,1
W5,596,very_rare,1
W5,597,unseen,0
W5,598,unseen,0
W5,599,unseen,0
W5,600,unseen,0
W5,601,very_rare,2
W5,602,unseen,0
W5,603,very_rare,2
W5,604,unseen,0
W5,605,unseen,0
W5,606,unseen,0
W5,607,unseen,0
W5,608,unseen,0
W5,609,unseen,0
W5,610,unseen,0
W5,611,unseen,0
W5,612,very_rare,1
W5,613,unseen,0
W5,614,unseen,0
W5,615,very_rare,1
W5,616,unseen,0
W5,617,unseen,0
W5,618,very_rare,1
W5,619,very_rare,2
W5,620,unseen,0
W5,621,unseen,0
W5,622,unseen,0
W5,623,unseen,0
W5,624,unseen,0
W5,625,unseen,0
W5,626,unseen,0
W5,627,very_rare,1
W5,628,unseen,0
W5,629,unseen,0
W5,630,unseen,0
W5,631,unseen,0
W5,632,unseen,0
W5,633,unseen,0
W5,634,unseen,0
W5,635,unseen,0
W5,636,unseen,0
W5,637,unseen,0
W5,638,very_rare,3
W5,639,unseen,0
W5,640,normal,8
W5,641,very_rare,1
W5,642,unseen,0
W5,643,unseen,0
W5,644,very_rare,1
W5,645,unseen,0
W5,646,unseen,0
W5,647,very_rare,2
W5,648,very_rare,2
W5,649,very_rare,2
W5,650,very_rare,2
W5,651,rare,4
W5,652,unseen,0
W5,653,unseen,0
W5,654,unseen,0
W5,655,unseen,0
W5,656,unseen,0
W5,657,very_rare,1
W5,658,very_rare,2
W5,659,unseen,0
W5,660,unseen,0
W5,661,unseen,0
W5,662,unseen,0
W5,663,normal,8
W5,664,unseen,0
W5,665,very_rare,1
W5,666,rare,4
W5,667,very_rare,1
W5,668,unseen,0
W5,669,very_rare,1
W5,670,very_rare,3
W5,671,very_rare,1
W5,672,unseen,0
W5,673,unseen,0
W5,674,very_rare,2
W5,675,very_rare,1
W5,676,very_rare,1
W5,677,unseen,0
W5,678,very_rare,2
W5,679,unseen,0
W5,680,normal,10
W5,681,very_rare,2
W5,682,unseen,0
W5,683,very_rare,1
W5,684,very_rare,2
W5,685,unseen,0
W5,686,unseen,0
W5,687,normal,10
W5,688,unseen,0
W5,689,unseen,0
W5,690,unseen,0
W5,691,unseen,0
W5,692,unseen,0
W5,693,unseen,0
W5,694,very_rare,1
W5,695,unseen,0
W5,696,very_rare,1
W5,697,unseen,0
W5,698,unseen,0
W5,699,unseen,0
W5,700,unseen,0
W5,701,unseen,0
W5,702,rare,4
W5,703,unseen,0
W5,704,very_rare,1
W5,705,very_rare,2
W5,706,rare,4
W5,707,unseen,0
W5,708,rare,4
W5,709,very_rare,1
W5,710,unseen,0
W5,711,very_rare,2
W5,712,unseen,0
W5,713,unseen,0
W5,714,rare,5
W5,715,unseen,0
W5,716,very_rare,1
W5,717,unseen,0
W5,718,unseen,0
W5,719,unseen,0
W5,720,very_rare,1
W5,721,very_rare,3
W5,722,very_rare,3
W5,723,unseen,0
W5,724,unseen,0
W5,725,very_rare,3
W5,726,very_rare,2
W5,727,very_rare,1
W5,728,rare,4
W5,729,unseen,0
W5,730,very_rare,1
W5,731,unseen,0
W5,732,very_rare,2
W5,733,rare,5
W5,734,unseen,0
W5,735,unseen,0
W5,736,very_rare,2
W5,737,unseen,0
W5,738,unseen,0
W5,739,very_rare,1
W5,740,very_rare,1
W5,741,very_rare,3
W5,742,unseen,0
W5,743,unseen,0
W5,744,rare,4
W5,745,rare,4
W5,746,very_rare,2
W5,747,very_rare,2
W5,748,unseen,0
W5,749,very_rare,1
W5,750,very_rare,1
W5,751,very_rare,1
W5,752,unseen,0
W5,753,unseen,0
W5,754,unseen,0
W5,755,unseen,0
W5,756,very_rare,1
W5,757,unseen,0
W5,758,very_rare,1
W5,759,very_rare,2
W5,760,very_rare,2
W5,761,unseen,0
W5,762,very_rare,1
W5,763,very_rare,3
W5,764,unseen,0
W5,765,unseen,0
W5,766,unseen,0
W5,767,normal,7
W5,768,unseen,0
W5,769,unseen,0
W5,770,very_rare,1
W5,771,unseen,0
W5,772,very_rare,1
W5,773,very_rare,1
W5,774,very_rare,1
W5,775,very_rare,2
W5,776,normal,6
W5,777,unseen,0
W5,778,rare,5
W5,779,very_rare,3
W5,780,unseen,0
W5,781,very_rare,1
W5,782,unseen,0
W5,783,normal,6
W5,784,very_rare,1
W5,785,unseen,0
W5,786,very_rare,1
W5,787,very_rare,1
W5,788,very_rare,1
W5,789,unseen,0
W5,790,normal,6
W5,791,very_rare,1
W5,792,unseen,0
W5,793,unseen,0
W5,794,very_rare,1
W5,795,very_rare,1
W5,796,unseen,0
W5,797,unseen,0
W5,798,very_rare,1
W5,799,rare,5
W5,800,very_rare,2
W5,801,very_rare,2
W5,802,unseen,0
W5,803,very_rare,1
W5,804,unseen,0
W5,805,unseen,0
W5,806,rare,4
W5,807,very_rare,1
W5,808,very_rare,1
W5,809,very_rare,2
W5,810,unseen,0
W5,811,very_rare,1
W5,812,very_rare,1
W5,813,unseen,0
W5,814,very_rare,3
W5,815,very_rare,1
W5,816,very_rare,1
W5,817,very_rare,1
W5,818,very_rare,1
W5,819,unseen,0
W5,820,unseen,0
W5,821,unseen,0
W5,822,unseen,0
W5,823,unseen,0
W5,824,unseen,0
W5,825,very_rare,1
W5,826,unseen,0
W5,827,unseen,0
W5,828,very_rare,1
W5,829,unseen,0
W5,830,unseen,0
W5,831,very_rare,3
W5,832,unseen,0
W5,833,unseen,0
W5,834,unseen,0
W5,835,unseen,0
W5,836,unseen,0
W5,837,very_rare,1
W5,838,very_rare,2
W5,839,very_rare,3
W5,840,unseen,0
W5,841,very_rare,3
W5,842,unseen,0
W5,843,normal,29
W5,844,rare,4
W5,845,rare,4
W5,846,unseen,0
W5,847,very_rare,1
W5,848,unseen,0
W5,849,very_rare,2
W5,850,unseen,0
W5,851,very_rare,1
W5,852,unseen,0
W5,853,unseen,0
W5,854,unseen,0
W5,855,unseen,0
W5,856,unseen,0
W5,857,unseen,0
W5,858,unseen,0
W5,859,unseen,0
W5,860,normal,6
W5,861,unseen,0
W5,862,very_rare,1
W5,863,unseen,0
W5,864,unseen,0
W5,865,very_rare,3
W5,866,unseen,0
W5,867,very_rare,2
W5,868,unseen,0
W5,869,unseen,0
W5,870,unseen,0
W5,871,unseen,0
W5,872,unseen,0
W5,873,unseen,0
W5,874,unseen,0
W5,875,very_rare,1
W5,876,unseen,0
W5,877,unseen,0
W5,878,very_rare,1
W5,879,unseen,0
W5,880,unseen,0
W5,881,very_rare,1
W5,882,unseen,0
W5,883,unseen,0
W5,884,unseen,0
W5,885,unseen,0
W5,886,unseen,0
W5,887,unseen,0
W5,888,unseen,0
W5,889,very_rare,1
W5,890,normal,7
W5,891,very_rare,1
W5,892,very_rare,1
W5,893,unseen,0
W5,894,very_rare,1
W5,895,unseen,0
W5,896,very_rare,1
W5,897,very_rare,1
W5,898,unseen,0
W5,899,unseen,0
W5,900,unseen,0
W5,901,unseen,0
W5,902,very_rare,1
W5,903,unseen,0
W5,904,normal,10
W5,905,very_rare,1
W5,906,very_rare,1
W5,907,unseen,0
W5,908,very_rare,1
W5,909,very_rare,3
W5,910,unseen,0
W5,911,very_rare,3
W5,912,very_rare,2
W5,913,rare,4
W5,914,unseen,0
W5,915,unseen,0
W5,916,very_rare,1
W5,917,very_rare,3
W5,918,unseen,0
W5,919,unseen,0
W5,920,very_rare,3
W5,921,unseen,0
W5,922,unseen,0
W5,923,unseen,0
W5,924,very_rare,1
W5,925,unseen,0
W5,926,unseen,0
W5,927,unseen,0
W5,928,unseen,0
W5,929,unseen,0
W5,930,very_rare,3
W5,931,unseen,0
W5,932,very_rare,3
W5,933,unseen,0
W5,934,very_rare,2
W5,935,unseen,0
W5,936,unseen,0
W5,937,unseen,0
W5,938,unseen,0
W5,939,very_rare,1
W5,940,unseen,0
W5,941,very_rare,1
W5,942,unseen,0
W5,943,unseen,0
W5,944,very_rare,1
W5,945,unseen,0
W5,946,very_rare,1
W5,947,very_rare,1
W5,948,very_rare,3
W5,949,very_rare,2
W5,950,very_rare,3
W5,951,rare,5
W5,952,unseen,0
W5,953,very_rare,2
W5,954,very_rare,2
W5,955,very_rare,2
W5,956,rare,4
W5,957,very_rare,2
W5,958,very_rare,3
W5,959,very_rare,2
W5,960,rare,4
W5,961,very_rare,1
W5,962,very_rare,1
W5,963,very_rare,2
W5,964,very_rare,1
W5,965,very_rare,3
W5,966,unseen,0
W5,967,very_rare,1
W5,968,unseen,0
W5,969,unseen,0
W5,970,unseen,0
W5,971,unseen,0
W5,972,unseen,0
W5,973,unseen,0
W5,974,unseen,0
W5,975,unseen,0
W5,976,unseen,0
W5,977,unseen,0
W5,978,unseen,0
W5,979,rare,5
W5,980,very_rare,1
W5,981,very_rare,1
W5,982,unseen,0
W5,983,unseen,0
W5,984,unseen,0
W5,985,rare,5
W5,986,rare,5
W5,987,unseen,0
W5,988,very_rare,3
W5,989,unseen,0
W5,990,very_rare,1
W5,991,very_rare,2
W5,992,unseen,0
W5,993,unseen,0
W5,994,unseen,0
W5,995,unseen,0
W5,996,very_rare,2
W5,997,very_rare,1
W5,998,very_rare,1
W5,999,unseen,0
W5,1000,unseen,0
W5,1001,unseen,0
W5,1002,unseen,0
W5,1003,very_rare,1
W5,1004,very_rare,2
W5,1005,unseen,0
W5,1006,unseen,0
W5,1007,unseen,0
W5,1008,very_rare,1
W5,1009,unseen,0
W5,1010,very_rare,3
W5,1011,unseen,0
W5,1012,very_rare,1
W5,1013,unseen,0
W5,1014,very_rare,2
W5,1015,very_rare,1
W5,1016,very_rare,2
W5,1017,very_rare,1
W5,1018,unseen,0
W5,1019,unseen,0
W5,1020,unseen,0
W5,1021,unseen,0
W5,1022,very_rare,2
W5,1023,very_rare,2
W5,1024,very_rare,1
W5,1025,very_rare,2
W5,1026,unseen,0
W5,1027,very_rare,1
W5,1028,very_rare,1
W5,1029,very_rare,2
W5,1030,very_rare,1
W5,1031,unseen,0
W5,1032,unseen,0
W5,1033,very_rare,1
W5,1034,unseen,0
W5,1035,very_rare,3
W5,1036,unseen,0
W5,1037,unseen,0
W5,1038,unseen,0
W5,1039,very_rare,1
W5,1040,very_rare,2
W5,1041,unseen,0
W5,1042,unseen,0
W5,1043,very_rare,1
W5,1044,unseen,0
W5,1045,unseen,0
W5,1046,unseen,0
W5,1047,unseen,0
W5,1048,unseen,0
W5,1049,unseen,0
W5,1050,rare,4
W5,1051,very_rare,1
W5,1052,rare,5
W5,1053,unseen,0
W5,1054,very_rare,2
W5,1055,unseen,0
W5,1056,very_rare,2
W5,1057,unseen,0
W5,1058,very_rare,1
W5,1059,unseen,0
W5,1060,very_rare,1
W5,1061,unseen,0
W5,1062,very_rare,1
W5,1063,unseen,0
W5,1064,unseen,0
W5,1065,rare,4
W5,1066,very_rare,1
W5,1067,very_rare,2
W5,1068,unseen,0
W5,1069,very_rare,1
W5,1070,very_rare,1
W5,1071,very_rare,3
W5,1072,very_rare,1
W5,1073,very_rare,1
W5,1074,unseen,0
W5,1075,rare,4
W5,1076,unseen,0
W5,1077,normal,9
W5,1078,unseen,0
W5,1079,unseen,0
W5,1080,unseen,0
W5,1081,very_rare,1
W5,1082,unseen,0
W5,1083,unseen,0
W5,1084,very_rare,1
W5,1085,very_rare,3
W5,1086,very_rare,1
W5,1087,very_rare,1
W5,1088,unseen,0
W5,1089,very_rare,1
W5,1090,unseen,0
W5,1091,very_rare,1
W5,1092,normal,7
W5,1093,very_rare,2
W5,1094,unseen,0
W5,1095,unseen,0
W5,1096,unseen,0
W5,1097,very_rare,1
W5,1098,unseen,0
W5,1099,very_rare,1
W5,1100,very_rare,1
W5,1101,unseen,0
W5,1102,unseen,0
W5,1103,very_rare,1
W5,1104,very_rare,1
W5,1105,unseen,0
W5,1106,unseen,0
W5,1107,unseen,0
W5,1108,unseen,0
W5,1109,unseen,0
W5,1110,unseen,0
W5,1111,unseen,0
W5,1112,unseen,0
W5,1113,unseen,0
W5,1114,very_rare,1
W5,1115,very_rare,1
W5,1116,very_rare,1
W5,1117,unseen,0
W5,1118,very_rare,2
W5,1119,very_rare,3
W5,1120,very_rare,2
W5,1121,very_rare,1
W5,1122,unseen,0
W5,1123,unseen,0
W5,1124,unseen,0
W5,1125,rare,4
W5,1126,very_rare,3
W5,1127,very_rare,1
W5,1128,rare,5
W5,1129,unseen,0
W5,1130,unseen,0
W5,1131,very_rare,1
W5,1132,very_rare,2
W5,1133,very_rare,2
W5,1134,unseen,0
W5,1135,normal,7
W5,1136,rare,4
W5,1137,unseen,0
W5,1138,very_rare,1
W5,1139,rare,4
W5,1140,very_rare,1
W5,1141,unseen,0
W5,1142,very_rare,1
W5,1143,unseen,0
W5,1144,very_rare,2
W5,1145,unseen,0
W5,1146,unseen,0
W5,1147,very_rare,1
W5,1148,very_rare,1
W5,1149,very_rare,1
W5,1150,very_rare,1
W5,1151,normal,9
W5,1152,very_rare,3
W5,1153,very_rare,1
W5,1154,unseen,0
W5,1155,unseen,0
W5,1156,unseen,0
W5,1157,very_rare,2
W5,1158,very_rare,2
W5,1159,very_rare,2
W5,1160,very_rare,1
W5,1161,normal,9
W5,1162,unseen,0
W5,1163,unseen,0
W5,1164,rare,5
W5,1165,rare,5
W5,1166,unseen,0
W5,1167,unseen,0
W5,1168,very_rare,1
W5,1169,unseen,0
W5,1170,unseen,0
W5,1171,very_rare,1
W5,1172,unseen,0
W5,1173,unseen,0
W5,1174,unseen,0
W5,1175,unseen,0
W5,1176,unseen,0
W5,1177,very_rare,2
W5,1178,very_rare,1
W5,1179,unseen,0
W5,1180,unseen,0
W5,1181,very_rare,1
W5,1182,very_rare,2
W5,1183,unseen,0
W5,1184,unseen,0
W5,1185,unseen,0
W5,1186,unseen,0
W5,1187,unseen,0
W5,1188,rare,4
W5,1189,very_rare,2
W5,1190,very_rare,1
W5,1191,unseen,0
W5,1192,rare,4
W5,1193,very_rare,1
W5,1194,very_rare,2
W5,1195,very_rare,3
W5,1196,unseen,0
W5,1197,very_rare,1
W5,1198,very_rare,1
W5,1199,very_rare,1
W5,1200,very_rare,3
W5,1201,unseen,0
W5,1202,unseen,0
W5,1203,unseen,0
W5,1204,rare,4
W5,1205,unseen,0
W5,1206,rare,5
W5,1207,unseen,0
W5,1208,unseen,0
W5,1209,unseen,0
W5,1210,very_rare,1
W5,1211,very_rare,1
W5,1212,very_rare,1
W5,1213,unseen,0
W5,1214,unseen,0
W5,1215,unseen,0
W5,1216,unseen,0
W5,1217,unseen,0
W5,1218,very_rare,1
W5,1219,very_rare,1
W5,1220,very_rare,2
W5,1221,unseen,0
W5,1222,unseen,0
W5,1223,very_rare,1
W5,1224,unseen,0
W5,1225,very_rare,2
W5,1226,unseen,0
W5,1227,very_rare,1
W5,1228,very_rare,2
W5,1229,unseen,0
W5,1230,very_rare,1
W5,1231,unseen,0
W5,1232,unseen,0
W5,1233,very_rare,3
W5,1234,very_rare,2
W5,1235,very_rare,1
W5,1236,unseen,0
W5,1237,very_rare,1
W5,1238,very_rare,1
W5,1239,unseen,0
W5,1240,unseen,0
W5,1241,very_rare,2
W5,1242,rare,4
W5,1243,very_rare,2
W5,1244,normal,6
W5,1245,very_rare,1
W5,1246,unseen,0
W5,1247,unseen,0
W5,1248,very_rare,1
W5,1249,unseen,0
W5,1250,very_rare,2
W5,1251,very_rare,1
W5,1252,unseen,0
W5,1253,very_rare,1
W5,1254,very_rare,2
W5,1255,very_rare,1
W5,1256,very_rare,1
W5,1257,unseen,0
W5,1258,unseen,0
W5,1259,very_rare,1
W5,1260,very_rare,1
W5,1261,normal,95
W5,1262,unseen,0
W5,1263,unseen,0
W5,1264,unseen,0
W5,1265,very_rare,1
W5,1266,very_rare,1
W5,1267,very_rare,2
W5,1268,rare,4
W5,1269,unseen,0
W5,1270,very_rare,1
W5,1271,unseen,0
W5,1272,normal,16
W5,1273,normal,6
W5,1274,very_rare,1
W5,1275,unseen,0
W5,1276,very_rare,2
W5,1277,very_rare,2
W5,1278,very_rare,1
W5,1279,very_rare,1
W5,1280,unseen,0
W5,1281,very_rare,2
W5,1282,very_rare,2
W5,1283,very_rare,2
W5,1284,rare,4
W5,1285,rare,4
W5,1286,unseen,0
W5,1287,very_rare,2
W5,1288,unseen,0
W5,1289,unseen,0
W5,1290,unseen,0
W5,1291,unseen,0
W5,1292,unseen,0
W5,1293,very_rare,2
W5,1294,unseen,0
W5,1295,unseen,0
W5,1296,very_rare,3
W5,1297,unseen,0
W5,1298,unseen,0
W5,1299,unseen,0
W5,1300,unseen,0
W5,1301,unseen,0
W5,1302,very_rare,1
W5,1303,unseen,0
W5,1304,unseen,0
W5,1305,very_rare,1
W5,1306,normal,6
W5,1307,unseen,0
W5,1308,unseen,0
W5,1309,very_rare,2
W5,1310,unseen,0
W5,1311,very_rare,1
W5,1312,very_rare,2
W5,1313,unseen,0
W5,1314,very_rare,1
W5,1315,unseen,0
W5,1316,unseen,0
W5,1317,unseen,0
W5,1318,unseen,0
W5,1319,unseen,0
W5,1320,unseen,0
W5,1321,unseen,0
W5,1322,unseen,0
W5,1323,very_rare,1
W5,1324,unseen,0
W5,1325,very_rare,2
W5,1326,very_rare,1
W5,1327,very_rare,3
W5,1328,unseen,0
W5,1329,unseen,0
W5,1330,unseen,0
W5,1331,unseen,0
W5,1332,unseen,0
W5,1333,unseen,0
W5,1334,unseen,0
W5,1335,very_rare,3
W5,1336,unseen,0
W5,1337,very_rare,1
W5,1338,rare,4
W5,1339,unseen,0
W5,1340,very_rare,1
W5,1341,unseen,0
W5,1342,unseen,0
W5,1343,unseen,0
W5,1344,unseen,0
W5,1345,unseen,0
W5,1346,unseen,0
W5,1347,unseen,0
W5,1348,very_rare,1
W5,1349,unseen,0
W5,1350,very_rare,3
W5,1351,unseen,0
W5,1352,unseen,0
W5,1353,very_rare,1
W5,1354,very_rare,1
W5,1355,unseen,0
W5,1356,very_rare,2
W5,1357,unseen,0
W5,1358,unseen,0
W5,1359,unseen,0
W5,1360,very_rare,1
W5,1361,unseen,0
W5,1362,very_rare,2
W5,1363,very_rare,1
W5,1364,unseen,0
W5,1365,unseen,0
W5,1366,unseen,0
W5,1367,very_rare,1
W5,1368,unseen,0
W5,1369,unseen,0
W5,1370,very_rare,2
W5,1371,unseen,0
W5,1372,unseen,0
W5,1373,unseen,0
W5,1374,very_rare,1
W5,1375,unseen,0
W5,1376,very_rare,2
W5,1377,unseen,0
W5,1378,unseen,0
W5,1379,unseen,0
W5,1380,unseen,0
W5,1381,unseen,0
W5,1382,unseen,0
W5,1383,unseen,0
W5,1384,unseen,0
W5,1385,unseen,0
W5,1386,very_rare,3
W5,1387,unseen,0
W5,1388,unseen,0
W5,1389,very_rare,1
W5,1390,unseen,0
W5,1391,unseen,0
W5,1392,unseen,0
W5,1393,unseen,0
W5,1394,unseen,0
W5,1395,unseen,0
W5,1396,unseen,0
W5,1397,unseen,0
W5,1398,very_rare,1
W5,1399,unseen,0
W5,1400,very_rare,1
W5,1401,very_rare,1
W5,1402,very_rare,3
W5,1403,very_rare,3
W5,1404,unseen,0
W5,1405,very_rare,1
W5,1406,unseen,0
W5,1407,unseen,0
W5,1408,unseen,0
W5,1409,unseen,0
W5,1410,unseen,0
W5,1411,unseen,0
W5,1412,very_rare,3
W5,1413,unseen,0
W5,1414,unseen,0
W5,1415,unseen,0
W5,1416,unseen,0
W5,1417,very_rare,1
W5,1418,unseen,0
W5,1419,very_rare,1
W5,1420,unseen,0
W5,1421,unseen,0
W5,1422,very_rare,2
W5,1423,very_rare,1
W5,1424,very_rare,2
W5,1425,unseen,0
W5,1426,rare,5
W5,1427,very_rare,1
W5,1428,unseen,0
W5,1429,unseen,0
W5,1430,unseen,0
W5,1431,unseen,0
W5,1432,very_rare,3
W5,1433,very_rare,2
W5,1434,unseen,0
W5,1435,unseen,0
W5,1436,unseen,0
W5,1437,unseen,0
W5,1438,very_rare,2
W5,1439,very_rare,1
W5,1440,unseen,0
W5,1441,very_rare,1
W5,1442,unseen,0
W5,1443,unseen,0
W5,1444,unseen,0
W5,1445,unseen,0
W5,1446,very_rare,2
W5,1447,normal,6
W5,1448,rare,4
W5,1449,normal,65
W5,1450,unseen,0
W5,1451,unseen,0
W5,1452,unseen,0
W5,1453,unseen,0
W5,1454,unseen,0
W5,1455,rare,5
W5,1456,normal,6
W5,1457,rare,4
W5,1458,unseen,0
W5,1459,unseen,0
W5,1460,unseen,0
W5,1461,unseen,0
W5,1462,unseen,0
W5,1463,unseen,0
W5,1464,very_rare,1
W5,1465,very_rare,1
W5,1466,unseen,0
W5,1467,unseen,0
W5,1468,unseen,0
W5,1469,unseen,0
W5,1470,unseen,0
W5,1471,unseen,0
W5,1472,unseen,0
W5,1473,unseen,0
W5,1474,unseen,0
W5,1475,unseen,0
W5,1476,unseen,0
W5,1477,unseen,0
W5,1478,unseen,0
W5,1479,unseen,0
W5,1480,unseen,0
W5,1481,unseen,0
W5,1482,unseen,0
W5,1483,unseen,0
W5,1484,very_rare,2
W5,1485,unseen,0
W5,1486,very_rare,2
W5,1487,very_rare,1
W5,1488,unseen,0
W5,1489,unseen,0
W5,1490,unseen,0
W5,1491,unseen,0
W5,1492,unseen,0
W5,1493,very_rare,1
W5,1494,unseen,0
W5,1495,unseen,0
W5,1496,unseen,0
W5,1497,rare,4
W5,1498,unseen,0
W5,1499,very_rare,1
W5,1500,very_rare,2
W5,1501,unseen,0
W5,1502,unseen,0
W5,1503,unseen,0
W5,1504,unseen,0
W5,1505,unseen,0
W5,1506,unseen,0
W5,1507,unseen,0
W5,1508,unseen,0
W5,1509,unseen,0
W5,1510,very_rare,1
W5,1511,unseen,0
W5,1512,unseen,0
W5,1513,unseen,0
W5,1514,unseen,0
W5,1515,unseen,0
W5,1516,unseen,0
W5,1517,unseen,0
W5,1518,very_rare,3
W5,1519,very_rare,1
W5,1520,rare,4
W5,1521,unseen,0
W5,1522,unseen,0
W5,1523,unseen,0
W5,1524,unseen,0
W5,1525,very_rare,2
W5,1526,unseen,0
W5,1527,unseen,0
W5,1528,unseen,0
W5,1529,unseen,0
W5,1530,very_rare,1
W5,1531,very_rare,1
W5,1532,very_rare,1
W5,1533,unseen,0
W5,1534,unseen,0
W5,1535,very_rare,1
W5,1536,unseen,0
W5,1537,unseen,0
W5,1538,very_rare,2
W5,1539,unseen,0
W5,1540,very_rare,1
W5,1541,unseen,0
W5,1542,very_rare,1
W5,1543,very_rare,3
W5,1544,very_rare,1
W5,1545,unseen,0
W5,1546,rare,4
W5,1547,unseen,0
W5,1548,unseen,0
W5,1549,unseen,0
W5,1550,unseen,0
W5,1551,unseen,0
W5,1552,unseen,0
W5,1553,unseen,0
W5,1554,unseen,0
W5,1555,unseen,0
W5,1556,unseen,0
W5,1557,unseen,0
W5,1558,very_rare,3
W5,1559,very_rare,1
W5,1560,unseen,0
W5,1561,very_rare,1
W5,1562,very_rare,2
W5,1563,unseen,0
W5,1564,unseen,0
W5,1565,unseen,0
W5,1566,unseen,0
W5,1567,very_rare,2
W5,1568,unseen,0
W5,1569,unseen,0
W5,1570,unseen,0
W5,1571,unseen,0
W5,1572,unseen,0
W5,1573,unseen,0
W5,1574,very_rare,1
W5,1575,unseen,0
W5,1576,very_rare,1
W5,1577,very_rare,1
W5,1578,unseen,0
W5,1579,very_rare,1
W5,1580,unseen,0
W5,1581,unseen,0
W5,1582,rare,5
W5,1583,normal,6
W5,1584,very_rare,2
W5,1585,very_rare,1
W5,1586,unseen,0
W5,1587,unseen,0
W5,1588,unseen,0
W5,1589,unseen,0
W5,1590,unseen,0
W5,1591,very_rare,2
W5,1592,unseen,0
W5,1593,unseen,0
W5,1594,very_rare,2
W5,1595,normal,16
W5,1596,unseen,0
W5,1597,unseen,0
W5,1598,rare,4
W5,1599,unseen,0
W5,1600,very_rare,2
W5,1601,very_rare,1
W5,1602,very_rare,1
W5,1603,rare,5
W5,1604,very_rare,2
W5,1605,very_rare,1
W5,1606,unseen,0
W5,1607,unseen,0
W5,1608,unseen,0
W5,1609,very_rare,1
W5,1610,very_rare,3
W5,1611,unseen,0
W5,1612,very_rare,2
W5,1613,rare,5
W5,1614,unseen,0
W5,1615,unseen,0
W5,1616,very_rare,1
W5,1617,unseen,0
W5,1618,unseen,0
W5,1619,very_rare,1
W5,1620,unseen,0
W5,1621,unseen,0
W5,1622,unseen,0
W5,1623,unseen,0
W5,1624,unseen,0
W5,1625,very_rare,3
W5,1626,unseen,0
W5,1627,unseen,0
W5,1628,unseen,0
W5,1629,very_rare,2
W5,1630,unseen,0
W5,1631,unseen,0
W5,1632,unseen,0
W5,1633,unseen,0
W5,1634,very_rare,1
W5,1635,very_rare,3
W5,1636,unseen,0
W5,1637,unseen,0
W5,1638,unseen,0
W5,1639,unseen,0
W5,1640,unseen,0
W5,1641,unseen,0
W5,1642,unseen,0
W5,1643,very_rare,1
W5,1644,unseen,0
W5,1645,unseen,0
W5,1646,unseen,0
W5,1647,unseen,0
W5,1648,very_rare,2
W5,1649,unseen,0
W5,1650,unseen,0
W5,1651,unseen,0
W5,1652,unseen,0
W5,1653,very_rare,1
W5,1654,unseen,0
W5,1655,unseen,0
W5,1656,unseen,0
W5,1657,very_rare,1
W5,1658,very_rare,1
W5,1659,unseen,0
W5,1660,unseen,0
W5,1661,very_rare,1
W5,1662,very_rare,1
W5,1663,very_rare,2
W5,1664,very_rare,1
W5,1665,very_rare,1
W5,1666,very_rare,1
W5,1667,unseen,0
W5,1668,very_rare,1
W5,1669,very_rare,3
W5,1670,unseen,0
W5,1671,very_rare,2
W5,1672,unseen,0
W5,1673,unseen,0
W5,1674,unseen,0
W5,1675,rare,4
W5,1676,unseen,0
W5,1677,very_rare,3
W5,1678,unseen,0
W5,1679,unseen,0
W5,1680,unseen,0
W5,1681,very_rare,2
W5,1682,unseen,0
W5,1683,very_rare,1
W5,1684,unseen,0
W5,1685,unseen,0
W5,1686,unseen,0
W5,1687,unseen,0
W5,1688,unseen,0
W5,1689,unseen,0
W5,1690,unseen,0
W5,1691,unseen,0
W5,1692,very_rare,1
W5,1693,unseen,0
W5,1694,unseen,0
W5,1695,unseen,0
W5,1696,unseen,0
W5,1697,unseen,0
W5,1698,unseen,0
W5,1699,very_rare,3
W5,1700,unseen,0
W5,1701,very_rare,2
W5,1702,very_rare,3
W5,1703,unseen,0
W5,1704,very_rare,2
W5,1705,very_rare,2
W5,1706,very_rare,1
W5,1707,very_rare,2
W5,1708,very_rare,2
W5,1709,very_rare,2
W5,1710,unseen,0
W5,1711,very_rare,1
W5,1712,rare,5
W5,1713,unseen,0
W5,1714,unseen,0
W5,1715,unseen,0
W5,1716,unseen,0
W5,1717,very_rare,1
W5,1718,unseen,0
W5,1719,unseen,0
W5,1720,unseen,0
W5,1721,unseen,0
W5,1722,unseen,0
W5,1723,unseen,0
W5,1724,unseen,0
W5,1725,unseen,0
W5,1726,very_rare,2
W5,1727,rare,5
W5,1728,unseen,0
W5,1729,normal,7
W5,1730,unseen,0
W5,1731,unseen,0
W5,1732,unseen,0
W5,1733,unseen,0
W5,1734,unseen,0
W5,1735,unseen,0
W5,1736,unseen,0
W5,1737,unseen,0
W5,1738,unseen,0
W5,1739,very_rare,1
W5,1740,very_rare,1
W5,1741,unseen,0
W5,1742,very_rare,1
W5,1743,unseen,0
W5,1744,unseen,0
W5,1745,very_rare,1
W5,1746,unseen,0
W5,1747,very_rare,3
W5,1748,unseen,0
W5,1749,normal,6
W5,1750,very_rare,1
W5,1751,very_rare,1
W5,1752,very_rare,1
W5,1753,unseen,0
W5,1754,rare,5
W5,1755,unseen,0
W5,1756,unseen,0
W5,1757,very_rare,3
W5,1758,unseen,0
W5,1759,unseen,0
W5,1760,very_rare,1
W5,1761,very_rare,1
W5,1762,unseen,0
W5,1763,very_rare,1
W5,1764,unseen,0
W5,1765,unseen,0
W5,1766,very_rare,1
W5,1767,very_rare,1
W5,1768,unseen,0
W5,1769,unseen,0
W5,1770,unseen,0
W5,1771,very_rare,1
W5,1772,unseen,0
W5,1773,rare,5
W5,1774,unseen,0
W5,1775,unseen,0
W5,1776,unseen,0
W5,1777,unseen,0
W5,1778,unseen,0
W5,1779,unseen,0
W5,1780,unseen,0
W5,1781,unseen,0
W5,1782,very_rare,1
W5,1783,rare,5
W5,1784,unseen,0
W5,1785,rare,4
W5,1786,very_rare,2
W5,1787,unseen,0
W5,1788,unseen,0
W5,1789,unseen,0
W5,1790,unseen,0
W5,1791,unseen,0
W5,1792,unseen,0
W5,1793,very_rare,1
W5,1794,unseen,0
W5,1795,unseen,0
W5,1796,very_rare,1
W5,1797,unseen,0
W5,1798,unseen,0
W5,1799,unseen,0
W5,1800,unseen,0
W5,1801,unseen,0
W5,1802,unseen,0
W5,1803,unseen,0
W5,1804,very_rare,2
W5,1805,unseen,0
W5,1806,unseen,0
W5,1807,very_rare,1
W5,1808,unseen,0
W5,1809,very_rare,1
W5,1810,unseen,0
W5,1811,unseen,0
W5,1812,very_rare,1
W5,1813,very_rare,1
W5,1814,very_rare,1
W5,1815,very_rare,2
W5,1816,unseen,0
W5,1817,unseen,0
W5,1818,unseen,0
W5,1819,unseen,0
W5,1820,very_rare,1
W5,1821,unseen,0
W5,1822,unseen,0
W5,1823,unseen,0
W5,1824,unseen,0
W5,1825,unseen,0
W5,1826,rare,5
W5,1827,unseen,0
W5,1828,very_rare,2
W5,1829,unseen,0
W5,1830,very_rare,1
W5,1831,unseen,0
W5,1832,very_rare,1
W5,1833,unseen,0
W5,1834,unseen,0
W5,1835,very_rare,2
W5,1836,unseen,0
W5,1837,very_rare,1
W5,1838,unseen,0
W5,1839,unseen,0
W5,1840,unseen,0
W5,1841,unseen,0
W5,1842,unseen,0
W5,1843,unseen,0
W5,1844,unseen,0
W5,1845,unseen,0
W5,1846,unseen,0
W5,1847,unseen,0
W5,1848,unseen,0
W5,1849,unseen,0
W5,1850,very_rare,1
W5,1851,unseen,0
W5,1852,very_rare,2
W5,1853,unseen,0
W5,1854,unseen,0
W5,1855,unseen,0
W5,1856,unseen,0
W5,1857,unseen,0
W5,1858,very_rare,1
W5,1859,unseen,0
W5,1860,very_rare,1
W5,1861,unseen,0
W5,1862,unseen,0
W5,1863,unseen,0
W5,1864,very_rare,1
W5,1865,unseen,0
W5,1866,unseen,0
W5,1867,very_rare,1
W5,1868,unseen,0
W5,1869,unseen,0
W5,1870,unseen,0
W5,1871,unseen,0
W5,1872,unseen,0
W5,1873,unseen,0
W5,1874,unseen,0
W5,1875,very_rare,1
W5,1876,very_rare,2
W5,1877,very_rare,1
W5,1878,unseen,0
W5,1879,very_rare,2
W5,1880,unseen,0
W5,1881,very_rare,1
W5,1882,very_rare,1
W5,1883,rare,5
W5,1884,very_rare,1
W5,1885,unseen,0
W5,1886,unseen,0
W5,1887,very_rare,1
W5,1888,unseen,0
W5,1889,unseen,0
W5,1890,unseen,0
W5,1891,very_rare,1
W5,1892,very_rare,2
W5,1893,unseen,0
W5,1894,unseen,0
W5,1895,unseen,0
W5,1896,very_rare,1
W5,1897,very_rare,2
W5,1898,unseen,0
W5,1899,very_rare,1
W5,1900,unseen,0
W5,1901,very_rare,1
W5,1902,very_rare,1
W5,1903,very_rare,2
W5,1904,very_rare,1
W5,1905,unseen,0
W5,1906,unseen,0
W5,1907,very_rare,2
W5,1908,unseen,0
W5,1909,unseen,0
W5,1910,unseen,0
W5,1911,very_rare,1
W5,1912,unseen,0
W5,1913,unseen,0
W5,1914,unseen,0
W5,1915,unseen,0
W5,1916,unseen,0
W5,1917,unseen,0
W5,1918,unseen,0
W5,1919,unseen,0
W5,1920,unseen,0
W5,1921,very_rare,1
W5,1922,unseen,0
W5,1923,unseen,0
W5,1924,very_rare,1
W5,1925,very_rare,1
W5,1926,very_rare,1
W5,1927,very_rare,1
W5,1928,very_rare,1
W5,1929,very_rare,3
W5,1930,unseen,0
W5,1931,very_rare,1
W5,1932,very_rare,2
W5,1933,unseen,0
W5,1934,rare,5
W5,1935,very_rare,1
W5,1936,unseen,0
W5,1937,unseen,0
W5,1938,unseen,0
W5,1939,unseen,0
W5,1940,unseen,0
W5,1941,unseen,0
W5,1942,rare,5
W5,1943,rare,5
W5,1944,very_rare,1
W5,1945,very_rare,3
W5,1946,unseen,0
W5,1947,unseen,0
W5,1948,unseen,0
W5,1949,unseen,0
W5,1950,very_rare,1
W5,1951,unseen,0
W5,1952,unseen,0
W5,1953,very_rare,2
W5,1954,very_rare,3
W5,1955,very_rare,1
W5,1956,very_rare,1
W5,1957,very_rare,1
W5,1958,very_rare,1
W5,1959,very_rare,1
W5,1960,unseen,0
W5,1961,unseen,0
W5,1962,very_rare,1
W5,1963,very_rare,1
W5,1964,unseen,0
W5,1965,unseen,0
W5,1966,unseen,0
W5,1967,very_rare,1
W5,1968,unseen,0
W5,1969,unseen,0
W5,1970,very_rare,1
W5,1971,very_rare,1
W5,1972,very_rare,1
W5,1973,very_rare,2
W5,1974,unseen,0
W5,1975,rare,5
W5,1976,very_rare,3
W5,1977,unseen,0
W5,1978,unseen,0
W5,1979,unseen,0
W5,1980,unseen,0
W5,1981,unseen,0
W5,1982,very_rare,1
W5,1983,unseen,0
W5,1984,unseen,0
W5,1985,unseen,0
W5,1986,very_rare,1
W5,1987,very_rare,1
W5,1988,very_rare,1
W5,1989,very_rare,1
W5,1990,very_rare,1
W5,1991,unseen,0
W5,1992,unseen,0
W5,1993,unseen,0
W5,1994,unseen,0
W5,1995,unseen,0
W5,1996,unseen,0
W5,1997,unseen,0
W5,1998,unseen,0
W5,1999,very_rare,1
W5,2000,unseen,0
W5,2001,unseen,0
W5,2002,unseen,0
W5,2003,unseen,0
W5,2004,unseen,0
W5,2005,unseen,0
W5,2006,unseen,0
W5,2007,very_rare,1
W5,2008,very_rare,2
W5,2009,very_rare,1
W5,2010,unseen,0
W5,2011,very_rare,1
W5,2012,very_rare,2
W5,2013,unseen,0
W5,2014,unseen,0
W5,2015,very_rare,2
W5,2016,unseen,0
W5,2017,unseen,0
W5,2018,unseen,0
W5,2019,very_rare,1
W5,2020,unseen,0
W5,2021,very_rare,1
W5,2022,unseen,0
W5,2023,very_rare,1
W5,2024,very_rare,3
W5,2025,very_rare,2
W5,2026,unseen,0
W5,2027,rare,5
W5,2028,rare,5
W5,2029,rare,4
W5,2030,unseen,0
W5,2031,unseen,0
W5,2032,very_rare,1
W5,2033,unseen,0
W5,2034,unseen,0
W5,2035,very_rare,2
W5,2036,unseen,0
W5,2037,unseen,0
W5,2038,unseen,0
W5,2039,very_rare,1
W5,2040,very_rare,3
W5,2041,unseen,0
W5,2042,unseen,0
W5,2043,unseen,0
W5,2044,unseen,0
W5,2045,very_rare,1
W5,2046,very_rare,1
W5,2047,unseen,0
W5,2048,unseen,0
W5,2049,unseen,0
W5,2050,very_rare,1
W5,2051,very_rare,1
W5,2052,very_rare,2
W5,2053,unseen,0
W5,2054,very_rare,1
W5,2055,very_rare,1
W5,2056,unseen,0
W5,2057,very_rare,2
W5,2058,very_rare,1
W5,2059,unseen,0
W5,2060,very_rare,3
W5,2061,very_rare,1
W5,2062,very_rare,1
W5,2063,unseen,0
W5,2064,unseen,0
W5,2065,unseen,0
W5,2066,very_rare,1
W5,2067,normal,41
W5,2068,very_rare,1
W5,2069,very_rare,2
W5,2070,unseen,0
W5,2071,unseen,0
W5,2072,unseen,0
W5,2073,unseen,0
W5,2074,unseen,0
W5,2075,unseen,0
W5,2076,unseen,0
W5,2077,unseen,0
W5,2078,unseen,0
W5,2079,unseen,0
W5,2080,unseen,0
W5,2081,unseen,0
W5,2082,very_rare,1
W5,2083,unseen,0
W5,2084,very_rare,1
W5,2085,unseen,0
W5,2086,very_rare,1
W5,2087,unseen,0
W5,2088,unseen,0
W5,2089,very_rare,1
W5,2090,very_rare,1
W5,2091,unseen,0
W5,2092,unseen,0
W5,2093,unseen,0
W5,2094,very_rare,1
W5,2095,unseen,0
W5,2096,very_rare,1
W5,2097,unseen,0
W5,2098,unseen,0
W5,2099,unseen,0
W5,2100,unseen,0
W5,2101,unseen,0
W5,2102,unseen,0
W5,2103,unseen,0
W5,2104,unseen,0
W5,2105,unseen,0
W5,2106,unseen,0
W5,2107,unseen,0
W5,2108,unseen,0
W5,2109,unseen,0
W5,2110,very_rare,1
W5,2111,unseen,0
W5,2112,unseen,0
W5,2113,normal,34
W5,2114,very_rare,3
W5,2115,unseen,0
W5,2116,very_rare,3
W5,2117,very_rare,2
W5,2118,very_rare,1
W5,2119,unseen,0
W5,2120,very_rare,1
W5,2121,very_rare,1
W5,2122,very_rare,2
W5,2123,unseen,0
W5,2124,unseen,0
W5,2125,very_rare,2
W5,2126,unseen,0
W5,2127,unseen,0
W5,2128,unseen,0
W5,2129,unseen,0
W5,2130,very_rare,1
W5,2131,very_rare,3
W5,2132,unseen,0
W5,2133,very_rare,1
W5,2134,unseen,0
W5,2135,unseen,0
W5,2136,unseen,0
W5,2137,unseen,0
W5,2138,unseen,0
W5,2139,very_rare,2
W5,2140,very_rare,3
W5,2141,unseen,0
W5,2142,unseen,0
W5,2143,very_rare,1
W5,2144,normal,6
W5,2145,very_rare,1
W5,2146,unseen,0
W5,2147,unseen,0
W5,2148,very_rare,1
W5,2149,unseen,0
W5,2150,unseen,0
W5,2151,unseen,0
W5,2152,very_rare,1
W5,2153,unseen,0
W5,2154,very_rare,1
W5,2155,unseen,0
W5,2156,unseen,0
W5,2157,unseen,0
W5,2158,very_rare,1
W5,2159,unseen,0
W5,2160,unseen,0
W5,2161,unseen,0
W5,2162,unseen,0
W5,2163,unseen,0
W5,2164,very_rare,1
W5,2165,unseen,0
W5,2166,unseen,0
W5,2167,unseen,0
W5,2168,unseen,0
W5,2169,unseen,0
W5,2170,very_rare,3
W5,2171,rare,5
W5,2172,very_rare,1
W5,2173,unseen,0
W5,2174,unseen,0
W5,2175,unseen,0
W5,2176,unseen,0
W5,2177,unseen,0
W5,2178,unseen,0
W5,2179,unseen,0
W5,2180,unseen,0
W5,2181,unseen,0
W5,2182,unseen,0
W5,2183,unseen,0
W5,2184,very_rare,1
W5,2185,very_rare,1
W5,2186,unseen,0
W5,2187,unseen,0
W5,2188,unseen,0
W5,2189,unseen,0
W5,2190,unseen,0
W5,2191,unseen,0
W5,2192,unseen,0
W5,2193,very_rare,3
W5,2194,unseen,0
W5,2195,unseen,0
W5,2196,unseen,0
W5,2197,unseen,0
W5,2198,unseen,0
W5,2199,unseen,0
W5,2200,very_rare,1
W5,2201,unseen,0
W5,2202,unseen,0
W5,2203,unseen,0
W5,2204,unseen,0
W5,2205,unseen,0
W5,2206,unseen,0
W5,2207,unseen,0
W5,2208,unseen,0
W5,2209,very_rare,1
W5,2210,very_rare,1
W5,2211,very_rare,1
W5,2212,very_rare,1
W5,2213,unseen,0
W5,2214,very_rare,3
W5,2215,unseen,0
W5,2216,very_rare,1
W5,2217,unseen,0
W5,2218,unseen,0
W5,2219,unseen,0
W5,2220,unseen,0
W5,2221,unseen,0
W5,2222,unseen,0
W5,2223,unseen,0
W5,2224,unseen,0
W5,2225,very_rare,1
W5,2226,unseen,0
W5,2227,unseen,0
W5,2228,unseen,0
W5,2229,very_rare,2
W5,2230,unseen,0
W5,2231,very_rare,1
W5,2232,unseen,0
W5,2233,unseen,0
W5,2234,very_rare,1
W5,2235,very_rare,1
W5,2236,unseen,0
W5,2237,unseen,0
W5,2238,very_rare,1
W5,2239,unseen,0
W5,2240,very_rare,1
W5,2241,unseen,0
W5,2242,unseen,0
W5,2243,very_rare,3
W5,2244,unseen,0
W5,2245,very_rare,1
W5,2246,unseen,0
W5,2247,very_rare,1
W5,2248,unseen,0
W5,2249,unseen,0
W5,2250,unseen,0
W5,2251,unseen,0
W5,2252,unseen,0
W5,2253,unseen,0
W5,2254,unseen,0
W5,2255,unseen,0
W5,2256,unseen,0
W5,2257,unseen,0
W5,2258,unseen,0
W5,2259,unseen,0
W5,2260,unseen,0
W5,2261,very_rare,2
W5,2262,unseen,0
W5,2263,very_rare,2
W5,2264,unseen,0
W5,2265,very_rare,2
W5,2266,unseen,0
W5,2267,very_rare,1
W5,2268,very_rare,1
W5,2269,unseen,0
W5,2270,very_rare,1
W5,2271,very_rare,1
W5,2272,very_rare,2
W5,2273,unseen,0
W5,2274,unseen,0
W5,2275,unseen,0
W5,2276,unseen,0
W5,2277,very_rare,1
W5,2278,unseen,0
W5,2279,unseen,0
W5,2280,unseen,0
W5,2281,unseen,0
W5,2282,unseen,0
W5,2283,very_rare,1
W5,2284,very_rare,1
W5,2285,unseen,0
W5,2286,very_rare,1
W5,2287,unseen,0
W5,2288,unseen,0
W5,2289,very_rare,1
W5,2290,very_rare,1
W5,2291,unseen,0
W5,2292,unseen,0
W5,2293,very_rare,1
W5,2294,very_rare,1
W5,2295,unseen,0
W5,2296,unseen,0
W5,2297,unseen,0
W5,2298,very_rare,1
W5,2299,normal,60
W5,2300,unseen,0
W5,2301,unseen,0
W5,2302,unseen,0
W5,2303,unseen,0
W5,2304,very_rare,1
W5,2305,unseen,0
W5,2306,unseen,0
W5,2307,unseen,0
W5,2308,very_rare,2
W5,2309,normal,34
W5,2310,very_rare,1
W5,2311,unseen,0
W5,2312,unseen,0
W5,2313,very_rare,1
W5,2314,very_rare,2
W5,2315,unseen,0
W5,2316,very_rare,1
W5,2317,unseen,0
W5,2318,very_rare,1
W5,2319,unseen,0
W5,2320,unseen,0
W5,2321,very_rare,1
W5,2322,unseen,0
W5,2323,unseen,0
W5,2324,unseen,0
W5,2325,unseen,0
W5,2326,unseen,0
W5,2327,very_rare,2
W5,2328,unseen,0
W5,2329,normal,35
W5,2330,unseen,0
W5,2331,unseen,0
W5,2332,very_rare,1
W5,2333,very_rare,1
W5,2334,normal,9
W5,2335,unseen,0
W5,2336,normal,39
W5,2337,unseen,0
W5,2338,unseen,0
W5,2339,unseen,0
W5,2340,rare,5
W5,2341,normal,68
W5,2342,unseen,0
W5,2343,unseen,0
W5,2344,unseen,0
W5,2345,very_rare,2
W5,2346,unseen,0
W5,2347,unseen,0
W5,2348,unseen,0
W5,2349,unseen,0
W5,2350,unseen,0
W5,2351,unseen,0
W5,2352,unseen,0
W5,2353,unseen,0
W5,2354,unseen,0
W5,2355,unseen,0
W5,2356,unseen,0
W5,2357,unseen,0
W5,2358,unseen,0
W5,2359,rare,4
W5,2360,unseen,0
W5,2361,unseen,0
W5,2362,very_rare,2
W5,2363,unseen,0
W5,2364,unseen,0
W5,2365,unseen,0
W5,2366,very_rare,1
W5,2367,unseen,0
W5,2368,unseen,0
W5,2369,unseen,0
W5,2370,unseen,0
W5,2371,unseen,0
W5,2372,unseen,0
W5,2373,normal,6
W5,2374,very_rare,1
W5,2375,very_rare,1
W5,2376,unseen,0
W5,2377,rare,5
W5,2378,unseen,0
W5,2379,very_rare,1
W5,2380,unseen,0
W5,2381,unseen,0
W5,2382,unseen,0
W5,2383,unseen,0
W5,2384,very_rare,1
W5,2385,unseen,0
W5,2386,very_rare,1
W5,2387,unseen,0
W5,2388,very_rare,2
W5,2389,unseen,0
W5,2390,unseen,0
W5,2391,unseen,0
W5,2392,unseen,0
W5,2393,unseen,0
W5,2394,unseen,0
W5,2395,very_rare,1
W5,2396,unseen,0
W5,2397,very_rare,2
W5,2398,unseen,0
W5,2399,very_rare,2
W5,2400,unseen,0
W5,2401,very_rare,2
W5,2402,unseen,0
W5,2403,unseen,0
W5,2404,very_rare,1
W5,2405,unseen,0
W5,2406,unseen,0
W5,2407,very_rare,1
W5,2408,very_rare,2
W5,2409,unseen,0
W5,2410,unseen,0
W5,2411,rare,5
W5,2412,very_rare,1
W5,2413,unseen,0
W5,2414,very_rare,1
W5,2415,very_rare,2
W5,2416,unseen,0
W5,2417,unseen,0
W5,2418,unseen,0
W5,2419,normal,54
W5,2420,very_rare,1
W5,2421,unseen,0
W5,2422,unseen,0
W5,2423,unseen,0
W5,2424,unseen,0
W5,2425,unseen,0
W5,2426,unseen,0
W5,2427,unseen,0
W5,2428,unseen,0
W5,2429,unseen,0
W5,2430,very_rare,3
W5,2431,unseen,0
W5,2432,very_rare,2
W5,2433,unseen,0
W5,2434,very_rare,2
W5,2435,unseen,0
W5,2436,unseen,0
W5,2437,unseen,0
W5,2438,unseen,0
W5,2439,unseen,0
W5,2440,unseen,0
W5,2441,unseen,0
W5,2442,unseen,0
W5,2443,unseen,0
W5,2444,unseen,0
W5,2445,unseen,0
W5,2446,unseen,0
W5,2447,unseen,0
W5,2448,unseen,0
W5,2449,very_rare,1
W5,2450,very_rare,2
W5,2451,rare,5
W5,2452,very_rare,1
W5,2453,unseen,0
W5,2454,unseen,0
W5,2455,unseen,0
W5,2456,unseen,0
W5,2457,unseen,0
W5,2458,unseen,0
W5,2459,unseen,0
W5,2460,unseen,0
W5,2461,very_rare,1
W5,2462,unseen,0
W5,2463,unseen,0
W5,2464,unseen,0
W5,2465,unseen,0
W5,2466,unseen,0
W5,2467,unseen,0
W5,2468,unseen,0
W5,2469,unseen,0
W5,2470,unseen,0
W5,2471,unseen,0
W5,2472,unseen,0
W5,2473,unseen,0
W5,2474,unseen,0
W5,2475,unseen,0
W5,2476,rare,4
W5,2477,unseen,0
W5,2478,unseen,0
W5,2479,very_rare,1
W5,2480,very_rare,1
W5,2481,unseen,0
W5,2482,unseen,0
W5,2483,unseen,0
W5,2484,unseen,0
W5,2485,unseen,0
W5,2486,unseen,0
W5,2487,unseen,0
W5,2488,unseen,0
W5,2489,unseen,0
W5,2490,unseen,0
W5,2491,unseen,0
W5,2492,unseen,0
W5,2493,unseen,0
W5,2494,very_rare,1
W5,2495,very_rare,3
W5,2496,unseen,0
W5,2497,unseen,0
W5,2498,very_rare,1
W5,2499,unseen,0
W5,2500,rare,4
W5,2501,unseen,0
W5,2502,unseen,0
W5,2503,very_rare,2
W5,2504,very_rare,1
W5,2505,rare,5
W5,2506,unseen,0
W5,2507,unseen,0
W5,2508,unseen,0
W5,2509,very_rare,1
W5,2510,unseen,0
W5,2511,very_rare,1
W5,2512,unseen,0
W5,2513,very_rare,1
W5,2514,unseen,0
W5,2515,unseen,0
W5,2516,unseen,0
W5,2517,unseen,0
W5,2518,very_rare,1
W5,2519,unseen,0
W5,2520,unseen,0
W5,2521,unseen,0
W5,2522,unseen,0
W5,2523,unseen,0
W5,2524,unseen,0
W5,2525,unseen,0
W5,2526,unseen,0
W5,2527,unseen,0
W5,2528,unseen,0
W5,2529,unseen,0
W5,2530,very_rare,1
W5,2531,unseen,0
W5,2532,unseen,0
W5,2533,unseen,0
W5,2534,very_rare,1
W5,2535,unseen,0
W5,2536,unseen,0
W5,2537,unseen,0
W5,2538,very_rare,1
W5,2539,unseen,0
W5,2540,very_rare,1
W5,2541,very_rare,1
W5,2542,very_rare,1
W5,2543,very_rare,3
W5,2544,unseen,0
W5,2545,unseen,0
W5,2546,unseen,0
W5,2547,unseen,0
W5,2548,unseen,0
W5,2549,very_rare,1
W5,2550,unseen,0
W5,2551,unseen,0
W5,2552,unseen,0
W5,2553,very_rare,1
W5,2554,unseen,0
W5,2555,unseen,0
W5,2556,unseen,0
W5,2557,very_rare,1
W5,2558,unseen,0
W5,2559,very_rare,1
W5,2560,very_rare,1
W5,2561,unseen,0
W5,2562,very_rare,1
W5,2563,unseen,0
W5,2564,unseen,0
W5,2565,very_rare,3
W5,2566,very_rare,1
W5,2567,very_rare,1
W5,2568,unseen,0
W5,2569,unseen,0
W5,2570,unseen,0
W5,2571,very_rare,2
W5,2572,unseen,0
W5,2573,unseen,0
W5,2574,very_rare,1
W5,2575,unseen,0
W5,2576,very_rare,1
W5,2577,very_rare,1
W5,2578,unseen,0
W5,2579,unseen,0
W5,2580,unseen,0
W5,2581,unseen,0
W5,2582,very_rare,1
W5,2583,rare,4
W5,2584,unseen,0
W5,2585,unseen,0
W5,2586,unseen,0
W5,2587,unseen,0
W5,2588,unseen,0
W5,2589,unseen,0
W5,2590,very_rare,1
W5,2591,very_rare,1
W5,2592,unseen,0
W5,2593,unseen,0
W5,2594,unseen,0
W5,2595,unseen,0
W5,2596,very_rare,1
W5,2597,unseen,0
W5,2598,very_rare,2
W5,2599,unseen,0
W5,2600,very_rare,1
W5,2601,unseen,0
W5,2602,unseen,0
W5,2603,very_rare,2
W5,2604,very_rare,3
W5,2605,unseen,0
W5,2606,unseen,0
W5,2607,unseen,0
W5,2608,unseen,0
W5,2609,unseen,0
W5,2610,very_rare,1
W5,2611,very_rare,1
W5,2612,very_rare,3
W5,2613,unseen,0
W5,2614,unseen,0
W5,2615,unseen,0
W5,2616,unseen,0
W5,2617,unseen,0
W5,2618,unseen,0
W5,2619,unseen,0
W5,2620,very_rare,1
W5,2621,very_rare,1
W5,2622,unseen,0
W5,2623,unseen,0
W5,2624,unseen,0
W5,2625,unseen,0
W5,2626,very_rare,2
W5,2627,unseen,0
W5,2628,unseen,0
W5,2629,very_rare,1
W5,2630,unseen,0
W5,2631,unseen,0
W5,2632,very_rare,1
W5,2633,unseen,0
W5,2634,unseen,0
W5,2635,unseen,0
W5,2636,very_rare,1
W5,2637,very_rare,1
W5,2638,very_rare,1
W5,2639,unseen,0
W5,2640,unseen,0
W5,2641,unseen,0
W5,2642,unseen,0
W5,2643,unseen,0
W5,2644,unseen,0
W5,2645,very_rare,2
W5,2646,very_rare,2
W5,2647,rare,4
W5,2648,very_rare,2
W5,2649,unseen,0
W5,2650,very_rare,1
W5,2651,unseen,0
W5,2652,unseen,0
W5,2653,unseen,0
W5,2654,unseen,0
W5,2655,unseen,0
W5,2656,unseen,0
W5,2657,unseen,0
W5,2658,unseen,0
W5,2659,very_rare,1
W5,2660,unseen,0
W5,2661,unseen,0
W5,2662,unseen,0
W5,2663,normal,44
W5,2664,unseen,0
W5,2665,unseen,0
W5,2666,unseen,0
W5,2667,unseen,0
W5,2668,unseen,0
W5,2669,unseen,0
W5,2670,unseen,0
W5,2671,unseen,0
W5,2672,unseen,0
W5,2673,unseen,0
W5,2674,unseen,0
W5,2675,unseen,0
W5,2676,unseen,0
W5,2677,unseen,0
W5,2678,unseen,0
W5,2679,unseen,0
W5,2680,unseen,0
W5,2681,unseen,0
W5,2682,unseen,0
W5,2683,unseen,0
W5,2684,unseen,0
W5,2685,unseen,0
W5,2686,unseen,0
W5,2687,unseen,0
W5,2688,unseen,0
W5,2689,unseen,0
W5,2690,unseen,0
W5,2691,unseen,0
W5,2692,unseen,0
W5,2693,unseen,0
W5,2694,unseen,0
W5,2695,unseen,0
W5,2696,unseen,0
W5,2697,unseen,0
W5,2698,unseen,0
W5,2699,unseen,0
W5,2700,unseen,0
W5,2701,unseen,0
W5,2702,unseen,0
W5,2703,unseen,0
W5,2704,unseen,0
W5,2705,unseen,0
W5,2706,unseen,0
W5,2707,unseen,0
W5,2708,unseen,0
W5,2709,very_rare,1
W5,2710,unseen,0
W5,2711,unseen,0
W5,2712,unseen,0
W5,2713,unseen,0
W5,2714,unseen,0
W5,2715,unseen,0
W5,2716,very_rare,1
W5,2717,very_rare,1
W5,2718,very_rare,1
W5,2719,very_rare,2
W5,2720,very_rare,1
W5,2721,unseen,0
W5,2722,very_rare,1
W5,2723,unseen,0
W5,2724,unseen,0
W5,2725,very_rare,1
W5,2726,unseen,0
W5,2727,very_rare,1
W5,2728,unseen,0
W5,2729,unseen,0
W5,2730,unseen,0
W5,2731,very_rare,1
W5,2732,unseen,0
W5,2733,very_rare,1
W5,2734,unseen,0
W5,2735,very_rare,1
W5,2736,very_rare,2
W5,2737,very_rare,1
W5,2738,unseen,0
W5,2739,unseen,0
W5,2740,unseen,0
W5,2741,very_rare,1
W5,2742,very_rare,1
W5,2743,very_rare,1
W5,2744,unseen,0
W5,2745,unseen,0
W5,2746,very_rare,1
W5,2747,unseen,0
W5,2748,unseen,0
W5,2749,unseen,0
W5,2750,unseen,0
W5,2751,unseen,0
W5,2752,unseen,0
W5,2753,unseen,0
W5,2754,unseen,0
W5,2755,very_rare,1
W5,2756,unseen,0
W5,2757,unseen,0
W5,2758,unseen,0
W5,2759,very_rare,1
W5,2760,very_rare,2
W5,2761,very_rare,1
W5,2762,unseen,0
W5,2763,very_rare,1
W5,2764,very_rare,2
W5,2765,unseen,0
W5,2766,unseen,0
W5,2767,unseen,0
W5,2768,unseen,0
W5,2769,very_rare,2
W5,2770,unseen,0
W5,2771,unseen,0
W5,2772,unseen,0
W5,2773,unseen,0
W5,2774,normal,6
W5,2775,unseen,0
W5,2776,very_rare,1
W5,2777,normal,19
W5,2778,unseen,0
W5,2779,unseen,0
W5,2780,very_rare,2
W5,2781,unseen,0
W5,2782,unseen,0
W5,2783,unseen,0
W5,2784,unseen,0
W5,2785,very_rare,1
W5,2786,very_rare,1
W5,2787,very_rare,2
W5,2788,unseen,0
W5,2789,very_rare,1
W5,2790,very_rare,3
W5,2791,unseen,0
W5,2792,unseen,0
W5,2793,unseen,0
W5,2794,unseen,0
W5,2795,unseen,0
W5,2796,very_rare,1
W5,2797,unseen,0
W5,2798,unseen,0
W5,2799,very_rare,1
W5,2800,unseen,0
W5,2801,rare,4
W5,2802,very_rare,2
W5,2803,unseen,0
W5,2804,unseen,0
W5,2805,unseen,0
W5,2806,rare,4
W5,2807,very_rare,1
W5,2808,unseen,0
W5,2809,unseen,0
W5,2810,very_rare,3
W5,2811,unseen,0
W5,2812,unseen,0
W5,2813,very_rare,1
W5,2814,unseen,0
W5,2815,unseen,0
W5,2816,unseen,0
W5,2817,unseen,0
W5,2818,very_rare,1
W5,2819,unseen,0
W5,2820,unseen,0
W5,2821,unseen,0
W5,2822,unseen,0
W5,2823,very_rare,1
W5,2824,unseen,0
W5,2825,unseen,0
W5,2826,very_rare,1
W5,2827,unseen,0
W5,2828,unseen,0
W5,2829,rare,4
W5,2830,unseen,0
W5,2831,unseen,0
W5,2832,unseen,0
W5,2833,unseen,0
W5,2834,unseen,0
W5,2835,unseen,0
W5,2836,very_rare,2
W5,2837,very_rare,1
W5,2838,very_rare,2
W5,2839,unseen,0
W5,2840,very_rare,1
W5,2841,unseen,0
W5,2842,very_rare,1
W5,2843,very_rare,1
W5,2844,very_rare,1
W5,2845,unseen,0
W5,2846,very_rare,2
W5,2847,unseen,0
W5,2848,unseen,0
W5,2849,unseen,0
W5,2850,unseen,0
W5,2851,very_rare,2
W5,2852,unseen,0
W5,2853,very_rare,1
W5,2854,very_rare,1
W5,2855,unseen,0
W5,2856,unseen,0
W5,2857,unseen,0
W5,2858,very_rare,2
W5,2859,very_rare,2
W5,2860,very_rare,1
W5,2861,unseen,0
W5,2862,unseen,0
W5,2863,unseen,0
W5,2864,unseen,0
W5,2865,unseen,0
W5,2866,unseen,0
W5,2867,unseen,0
W5,2868,very_rare,1
W5,2869,unseen,0
W5,2870,unseen,0
W5,2871,unseen,0
W5,2872,very_rare,1
W5,2873,unseen,0
W5,2874,unseen,0
W5,2875,unseen,0
W5,2876,very_rare,1
W5,2877,unseen,0
W5,2878,unseen,0
W5,2879,unseen,0
W5,2880,unseen,0
W5,2881,unseen,0
W5,2882,very_rare,3
W5,2883,very_rare,1
W5,2884,unseen,0
W5,2885,unseen,0
W5,2886,unseen,0
W5,2887,unseen,0
W5,2888,unseen,0
W5,2889,unseen,0
W5,2890,unseen,0
W5,2891,unseen,0
W5,2892,unseen,0
W5,2893,unseen,0
W5,2894,very_rare,1
W5,2895,unseen,0
W5,2896,very_rare,1
W5,2897,unseen,0
W5,2898,unseen,0
W5,2899,unseen,0
W5,2900,unseen,0
W5,2901,rare,4
W5,2902,unseen,0
W5,2903,unseen,0
W5,2904,very_rare,1
W5,2905,unseen,0
W5,2906,unseen,0
W5,2907,unseen,0
W5,2908,unseen,0
W5,2909,unseen,0
W5,2910,unseen,0
W5,2911,unseen,0
W5,2912,very_rare,1
W5,2913,unseen,0
W5,2914,very_rare,1
W5,2915,unseen,0
W5,2916,very_rare,1
W5,2917,unseen,0
W5,2918,very_rare,1
W5,2919,very_rare,2
W5,2920,unseen,0
W5,2921,unseen,0
W5,2922,unseen,0
W5,2923,unseen,0
W5,2924,unseen,0
W5,2925,unseen,0
W5,2926,unseen,0
W5,2927,unseen,0
W5,2928,unseen,0
W5,2929,unseen,0
W5,2930,unseen,0
W5,2931,unseen,0
W5,2932,unseen,0
W5,2933,unseen,0
W5,2934,unseen,0
W5,2935,unseen,0
W5,2936,unseen,0
W5,2937,unseen,0
W5,2938,unseen,0
W5,2939,unseen,0
W5,2940,unseen,0
W5,2941,very_rare,1
W5,2942,unseen,0
W5,2943,very_rare,2
W5,2944,unseen,0
W5,2945,very_rare,3
W5,2946,unseen,0
W5,2947,unseen,0
W5,2948,very_rare,3
W5,2949,unseen,0
W5,2950,very_rare,2
W5,2951,unseen,0
W5,2952,unseen,0
W5,2953,unseen,0
W5,2954,unseen,0
W5,2955,very_rare,2
W5,2956,unseen,0
W5,2957,unseen,0
W5,2958,unseen,0
W5,2959,unseen,0
W5,2960,unseen,0
W5,2961,unseen,0
W5,2962,unseen,0
W5,2963,unseen,0
W5,2964,very_rare,1
W5,2965,very_rare,1
W5,2966,unseen,0
W5,2967,unseen,0
W5,2968,unseen,0
W5,2969,unseen,0
W5,2970,very_rare,1
W5,2971,unseen,0
W5,2972,unseen,0
W5,2973,unseen,0
W5,2974,unseen,0
W5,2975,unseen,0
W5,2976,unseen,0
W5,2977,very_rare,1
W5,2978,unseen,0
W5,2979,unseen,0
W5,2980,very_rare,1
W5,2981,unseen,0
W5,2982,unseen,0
W5,2983,very_rare,1
W5,2984,very_rare,1
W5,2985,unseen,0
W5,2986,very_rare,2
W5,2987,unseen,0
W5,2988,unseen,0
W5,2989,unseen,0
W5,2990,unseen,0
W5,2991,very_rare,2
W5,2992,unseen,0
W5,2993,very_rare,1
W5,2994,very_rare,1
W5,2995,very_rare,1
W5,2996,unseen,0
W5,2997,unseen,0
W5,2998,rare,4
W5,2999,unseen,0
W5,3000,unseen,0
W5,3001,unseen,0
W5,3002,unseen,0
W5,3003,unseen,0
W5,3004,unseen,0
W5,3005,unseen,0
W5,3006,unseen,0
W5,3007,unseen,0
W5,3008,unseen,0
W5,3009,unseen,0
W5,3010,very_rare,1
W5,3011,very_rare,1
W5,3012,very_rare,1
W5,3013,unseen,0
W5,3014,unseen,0
W5,3015,very_rare,1
W5,3016,very_rare,1
W5,3017,unseen,0
W5,3018,unseen,0
W5,3019,unseen,0
W5,3020,unseen,0
W5,3021,very_rare,1
W5,3022,unseen,0
W5,3023,unseen,0
W5,3024,unseen,0
W5,3025,very_rare,1
W5,3026,unseen,0
W5,3027,very_rare,3
W5,3028,very_rare,1
W5,3029,unseen,0
W5,3030,unseen,0
W5,3031,unseen,0
W5,3032,unseen,0
W5,3033,very_rare,1
W5,3034,unseen,0
W5,3035,very_rare,1
W5,3036,unseen,0
W5,3037,unseen,0
W5,3038,unseen,0
W5,3039,unseen,0
W5,3040,unseen,0
W5,3041,very_rare,1
W5,3042,very_rare,1
W5,3043,unseen,0
W5,3044,unseen,0
W5,3045,unseen,0
W5,3046,unseen,0
W5,3047,very_rare,1
W5,3048,unseen,0
W5,3049,unseen,0
W5,3050,very_rare,1
W5,3051,unseen,0
W5,3052,unseen,0
W5,3053,unseen,0
W5,3054,very_rare,1
W5,3055,unseen,0
W5,3056,unseen,0
W5,3057,unseen,0
W5,3058,very_rare,3
W5,3059,very_rare,2
W5,3060,unseen,0
W5,3061,unseen,0
W5,3062,unseen,0
W5,3063,very_rare,1
W5,3064,very_rare,1
W5,3065,unseen,0
W5,3066,unseen,0
W5,3067,unseen,0
W5,3068,unseen,0
W5,3069,very_rare,1
W5,3070,very_rare,2
W5,3071,unseen,0
W5,3072,unseen,0
W5,3073,unseen,0
W5,3074,very_rare,1
W5,3075,unseen,0
W5,3076,unseen,0
W5,3077,unseen,0
W5,3078,unseen,0
W5,3079,very_rare,1
W5,3080,unseen,0
W5,3081,unseen,0
W5,3082,unseen,0
W5,3083,unseen,0
W5,3084,unseen,0
W5,3085,unseen,0
W5,3086,unseen,0
W5,3087,unseen,0
W5,3088,unseen,0
W5,3089,unseen,0
W5,3090,unseen,0
W5,3091,unseen,0
W5,3092,unseen,0
W5,3093,unseen,0
W5,3094,unseen,0
W5,3095,unseen,0
W5,3096,unseen,0
W5,3097,very_rare,1
W5,3098,unseen,0
W5,3099,rare,5
W5,3100,very_rare,2
W5,3101,rare,4
W5,3102,unseen,0
W5,3103,unseen,0
W5,3104,unseen,0
W5,3105,unseen,0
W5,3106,unseen,0
W5,3107,very_rare,1
W5,3108,unseen,0
W5,3109,unseen,0
W5,3110,unseen,0
W5,3111,very_rare,1
W5,3112,unseen,0
W5,3113,unseen,0
W5,3114,very_rare,1
W5,3115,very_rare,1
W5,3116,very_rare,1
W5,3117,unseen,0
W5,3118,unseen,0
W5,3119,unseen,0
W5,3120,very_rare,1
W5,3121,unseen,0
W5,3122,unseen,0
W5,3123,unseen,0
W5,3124,unseen,0
W5,3125,unseen,0
W5,3126,unseen,0
W5,3127,very_rare,1
W5,3128,very_rare,1
W5,3129,very_rare,2
W5,3130,very_rare,2
W5,3131,unseen,0
W5,3132,unseen,0
W5,3133,unseen,0
W5,3134,unseen,0
W5,3135,unseen,0
W5,3136,unseen,0
W5,3137,unseen,0
W5,3138,unseen,0
W5,3139,unseen,0
W5,3140,very_rare,1
W5,3141,very_rare,1
W5,3142,unseen,0
W5,3143,unseen,0
W5,3144,unseen,0
W5,3145,unseen,0
W5,3146,very_rare,1
W5,3147,unseen,0
W5,3148,very_rare,2
W5,3149,unseen,0
W5,3150,very_rare,1
W5,3151,unseen,0
W5,3152,very_rare,1
W5,3153,unseen,0
W5,3154,unseen,0
W5,3155,unseen,0
W5,3156,unseen,0
W5,3157,unseen,0
W5,3158,unseen,0
W5,3159,unseen,0
W5,3160,unseen,0
W5,3161,unseen,0
W5,3162,very_rare,1
W5,3163,unseen,0
W5,3164,unseen,0
W5,3165,very_rare,1
W5,3166,unseen,0
W5,3167,unseen,0
W5,3168,very_rare,1
W5,3169,unseen,0
W5,3170,unseen,0
W5,3171,unseen,0
W5,3172,very_rare,1
W5,3173,unseen,0
W5,3174,unseen,0
W5,3175,unseen,0
W5,3176,very_rare,1
W5,3177,unseen,0
W5,3178,unseen,0
W5,3179,unseen,0
W5,3180,unseen,0
W5,3181,normal,60
W5,3182,very_rare,3
W5,3183,unseen,0
W5,3184,unseen,0
W5,3185,unseen,0
W5,3186,unseen,0
W5,3187,unseen,0
W5,3188,unseen,0
W5,3189,unseen,0
W5,3190,unseen,0
W5,3191,very_rare,1
W5,3192,unseen,0
W5,3193,unseen,0
W5,3194,very_rare,1
W5,3195,unseen,0
W5,3196,unseen,0
W5,3197,unseen,0
W5,3198,unseen,0
W5,3199,unseen,0
W5,3200,unseen,0
W5,3201,unseen,0
W5,3202,unseen,0
W5,3203,unseen,0
W5,3204,unseen,0
W5,3205,unseen,0
W5,3206,rare,5
W5,3207,very_rare,3
W5,3208,unseen,0
W5,3209,unseen,0
W5,3210,unseen,0
W5,3211,unseen,0
W5,3212,unseen,0
W5,3213,unseen,0
W5,3214,very_rare,3
W5,3215,very_rare,2
W5,3216,very_rare,1
W5,3217,unseen,0
W5,3218,very_rare,1
W5,3219,unseen,0
W5,3220,unseen,0
W5,3221,very_rare,1
W5,3222,unseen,0
W5,3223,unseen,0
W5,3224,unseen,0
W5,3225,very_rare,2
W5,3226,unseen,0
W5,3227,very_rare,1
W5,3228,unseen,0
W5,3229,very_rare,2
W5,3230,unseen,0
W5,3231,unseen,0
W5,3232,unseen,0
W5,3233,unseen,0
W5,3234,unseen,0
W5,3235,unseen,0
W5,3236,unseen,0
W5,3237,unseen,0
W5,3238,unseen,0
W5,3239,unseen,0
W5,3240,very_rare,2
W5,3241,unseen,0
W5,3242,unseen,0
W5,3243,unseen,0
W5,3244,unseen,0
W5,3245,very_rare,1
W5,3246,unseen,0
W5,3247,unseen,0
W5,3248,normal,80
W5,3249,unseen,0
W5,3250,unseen,0
W5,3251,very_rare,1
W5,3252,unseen,0
W5,3253,unseen,0
W5,3254,unseen,0
W5,3255,unseen,0
W5,3256,unseen,0
W5,3257,unseen,0
W5,3258,unseen,0
W5,3259,unseen,0
W5,3260,unseen,0
W5,3261,unseen,0
W5,3262,unseen,0
W5,3263,unseen,0
W5,3264,unseen,0
W5,3265,unseen,0
W5,3266,unseen,0
W5,3267,unseen,0
W5,3268,unseen,0
W5,3269,very_rare,1
W5,3270,very_rare,2
W5,3271,unseen,0
W5,3272,unseen,0
W5,3273,unseen,0
W5,3274,unseen,0
W5,3275,unseen,0
W5,3276,unseen,0
W5,3277,unseen,0
W5,3278,very_rare,1
W5,3279,unseen,0
W5,3280,unseen,0
W5,3281,unseen,0
W5,3282,very_rare,3
W5,3283,very_rare,3
W5,3284,unseen,0
W5,3285,very_rare,1
W5,3286,unseen,0
W5,3287,unseen,0
W5,3288,very_rare,1
W5,3289,unseen,0
W5,3290,unseen,0
W5,3291,unseen,0
W5,3292,very_rare,1
W5,3293,unseen,0
W5,3294,unseen,0
W5,3295,rare,5
W5,3296,unseen,0
W5,3297,unseen,0
W5,3298,unseen,0
W5,3299,very_rare,1
W5,3300,unseen,0
W5,3301,unseen,0
W5,3302,unseen,0
W5,3303,unseen,0
W5,3304,unseen,0
W5,3305,unseen,0
W5,3306,unseen,0
W5,3307,unseen,0
W5,3308,unseen,0
W5,3309,unseen,0
W5,3310,unseen,0
W5,3311,unseen,0
W5,3312,unseen,0
W5,3313,very_rare,1
W5,3314,unseen,0
W5,3315,unseen,0
W5,3316,unseen,0
W5,3317,unseen,0
W5,3318,very_rare,1
W5,3319,very_rare,1
W5,3320,unseen,0
W5,3321,unseen,0
W5,3322,very_rare,1
W5,3323,unseen,0
W5,3324,unseen,0
W5,3325,unseen,0
W5,3326,unseen,0
W5,3327,unseen,0
W5,3328,unseen,0
W5,3329,unseen,0
W5,3330,unseen,0
W5,3331,unseen,0
W5,3332,unseen,0
W5,3333,very_rare,2
W5,3334,unseen,0
W5,3335,normal,37
W5,3336,unseen,0
W5,3337,unseen,0
W5,3338,rare,5
W5,3339,unseen,0
W5,3340,unseen,0
W5,3341,unseen,0
W5,3342,unseen,0
W5,3343,very_rare,1
W5,3344,unseen,0
W5,3345,unseen,0
W5,3346,very_rare,1
W5,3347,normal,70
W5,3348,unseen,0
W5,3349,unseen,0
W5,3350,unseen,0
W5,3351,unseen,0
W5,3352,unseen,0
W5,3353,unseen,0
W5,3354,unseen,0
W5,3355,unseen,0
W5,3356,unseen,0
W5,3357,unseen,0
W5,3358,unseen,0
W5,3359,unseen,0
W5,3360,unseen,0
W5,3361,very_rare,1
W5,3362,unseen,0
W5,3363,unseen,0
W5,3364,unseen,0
W5,3365,very_rare,2
W5,3366,very_rare,1
W5,3367,unseen,0
W5,3368,unseen,0
W5,3369,unseen,0
W5,3370,very_rare,1
W5,3371,unseen,0
W5,3372,very_rare,2
W5,3373,unseen,0
W5,3374,unseen,0
W5,3375,unseen,0
W5,3376,very_rare,1
W5,3377,very_rare,3
W5,3378,very_rare,1
W5,3379,very_rare,1
W5,3380,unseen,0
W5,3381,unseen,0
W5,3382,unseen,0
W5,3383,very_rare,1
W5,3384,unseen,0
W5,3385,unseen,0
W5,3386,unseen,0
W5,3387,very_rare,1
W5,3388,unseen,0
W5,3389,normal,18
W5,3390,very_rare,2
W5,3391,very_rare,1
W5,3392,unseen,0
W5,3393,very_rare,2
W5,3394,very_rare,1
W5,3395,unseen,0
W5,3396,very_rare,3
W5,3397,very_rare,1
W5,3398,unseen,0
W5,3399,unseen,0
W5,3400,unseen,0
W5,3401,unseen,0
W5,3402,unseen,0
W5,3403,very_rare,3
W5,3404,very_rare,1
W5,3405,very_rare,1
W5,3406,unseen,0
W5,3407,very_rare,1
W5,3408,very_rare,2
W5,3409,unseen,0
W5,3410,unseen,0
W5,3411,unseen,0
W5,3412,unseen,0
W5,3413,unseen,0
W5,3414,unseen,0
W5,3415,unseen,0
W5,3416,unseen,0
W5,3417,unseen,0
W5,3418,unseen,0
W5,3419,very_rare,1
W5,3420,unseen,0
W5,3421,very_rare,1
W5,3422,unseen,0
W5,3423,unseen,0
W5,3424,very_rare,1
W5,3425,unseen,0
W5,3426,unseen,0
W5,3427,unseen,0
W5,3428,unseen,0
W5,3429,unseen,0
W5,3430,unseen,0
W5,3431,very_rare,1
W5,3432,unseen,0
W5,3433,unseen,0
W5,3434,unseen,0
W5,3435,very_rare,1
W5,3436,unseen,0
W5,3437,unseen,0
W5,3438,unseen,0
W5,3439,unseen,0
W5,3440,unseen,0
W5,3441,unseen,0
W5,3442,unseen,0
W5,3443,unseen,0
W5,3444,unseen,0
W5,3445,very_rare,1
W5,3446,very_rare,1
W5,3447,unseen,0
W5,3448,very_rare,1
W5,3449,unseen,0
W5,3450,very_rare,2
W5,3451,unseen,0
W5,3452,unseen,0
W5,3453,very_rare,1
W5,3454,very_rare,1
W5,3455,unseen,0
W5,3456,unseen,0
W5,3457,unseen,0
W5,3458,unseen,0
W5,3459,unseen,0
W5,3460,unseen,0
W5,3461,unseen,0
W5,3462,unseen,0
W5,3463,very_rare,1
W5,3464,unseen,0
W5,3465,very_rare,2
W5,3466,normal,7
W5,3467,unseen,0
W5,3468,very_rare,1
W5,3469,unseen,0
W5,3470,unseen,0
W5,3471,unseen,0
W5,3472,very_rare,2
W5,3473,unseen,0
W5,3474,unseen,0
W5,3475,unseen,0
W5,3476,unseen,0
W5,3477,unseen,0
W5,3478,unseen,0
W5,3479,unseen,0
W5,3480,unseen,0
W5,3481,unseen,0
W5,3482,unseen,0
W5,3483,very_rare,1
W5,3484,very_rare,2
W5,3485,unseen,0
W5,3486,unseen,0
W5,3487,normal,6
W5,3488,very_rare,1
W5,3489,unseen,0
W5,3490,unseen,0
W5,3491,unseen,0
W5,3492,unseen,0
W5,3493,unseen,0
W5,3494,unseen,0
W5,3495,unseen,0
W5,3496,unseen,0
W5,3497,unseen,0
W5,3498,unseen,0
W5,3499,very_rare,1
W5,3500,unseen,0
W5,3501,very_rare,1
W5,3502,unseen,0
W5,3503,unseen,0
W5,3504,very_rare,1
W5,3505,unseen,0
W5,3506,unseen,0
W5,3507,unseen,0
W5,3508,very_rare,3
W5,3509,unseen,0
W5,3510,very_rare,3
W5,3511,unseen,0
W5,3512,unseen,0
W5,3513,unseen,0
W5,3514,unseen,0
W5,3515,unseen,0
W5,3516,unseen,0
W5,3517,unseen,0
W5,3518,unseen,0
W5,3519,unseen,0
W5,3520,unseen,0
W5,3521,unseen,0
W5,3522,very_rare,2
W5,3523,unseen,0
W5,3524,unseen,0
W5,3525,unseen,0
W5,3526,very_rare,1
W5,3527,very_rare,1
W5,3528,unseen,0
W5,3529,very_rare,2
W5,3530,unseen,0
W5,3531,unseen,0
W5,3532,very_rare,2
W5,3533,very_rare,1
W5,3534,unseen,0
W5,3535,unseen,0
W5,3536,very_rare,2
W5,3537,unseen,0
W5,3538,unseen,0
W5,3539,unseen,0
W5,3540,very_rare,1
W5,3541,very_rare,1
W5,3542,unseen,0
W5,3543,unseen,0
W5,3544,unseen,0
W5,3545,very_rare,2
W5,3546,unseen,0
W5,3547,unseen,0
W5,3548,unseen,0
W5,3549,unseen,0
W5,3550,unseen,0
W5,3551,unseen,0
W5,3552,unseen,0
W5,3553,unseen,0
W5,3554,unseen,0
W5,3555,normal,40
W5,3556,unseen,0
W5,3557,unseen,0
W5,3558,unseen,0
W5,3559,normal,39
W5,3560,normal,40
W5,3561,unseen,0
W5,3562,unseen,0
W5,3563,unseen,0
W5,3564,unseen,0
W5,3565,unseen,0
W5,3566,unseen,0
W5,3567,unseen,0
W5,3568,unseen,0
W5,3569,unseen,0
W5,3570,unseen,0
W5,3571,unseen,0
W5,3572,unseen,0
W5,3573,unseen,0
W5,3574,unseen,0
W5,3575,unseen,0
W5,3576,unseen,0
W5,3577,unseen,0
W5,3578,unseen,0
W5,3579,unseen,0
W5,3580,unseen,0
W5,3581,unseen,0
W5,3582,unseen,0
W5,3583,unseen,0
W5,3584,unseen,0
W5,3585,unseen,0
W5,3586,unseen,0
W5,3587,unseen,0
W5,3588,unseen,0
W5,3589,unseen,0
W5,3590,very_rare,1
W5,3591,very_rare,1
W5,3592,unseen,0
W5,3593,unseen,0
W5,3594,unseen,0
W5,3595,very_rare,1
W5,3596,unseen,0
W5,3597,very_rare,2
W5,3598,unseen,0
W5,3599,very_rare,1
W5,3600,very_rare,1
W5,3601,very_rare,1
W5,3602,very_rare,2
W5,3603,very_rare,3
W5,3604,unseen,0
W5,3605,unseen,0
W5,3606,unseen,0
W5,3607,unseen,0
W5,3608,unseen,0
W5,3609,unseen,0
W5,3610,unseen,0
W5,3611,unseen,0
W5,3612,unseen,0
W5,3613,unseen,0
W5,3614,unseen,0
W5,3615,unseen,0
W5,3616,unseen,0
W5,3617,unseen,0
W5,3618,unseen,0
W5,3619,unseen,0
W5,3620,unseen,0
W5,3621,unseen,0
W5,3622,unseen,0
W5,3623,unseen,0
W5,3624,unseen,0
W5,3625,unseen,0
W5,3626,unseen,0
W5,3627,unseen,0
W5,3628,unseen,0
W5,3629,unseen,0
W5,3630,unseen,0
W5,3631,unseen,0
W5,3632,unseen,0
W5,3633,unseen,0
W5,3634,unseen,0
W5,3635,unseen,0
W5,3636,normal,43
W5,3637,normal,44
W5,3638,very_rare,3
W5,3639,unseen,0
W5,3640,unseen,0
W5,3641,unseen,0
W5,3642,unseen,0
W5,3643,very_rare,2
W5,3644,very_rare,2
W5,3645,very_rare,1
W5,3646,very_rare,1
W5,3647,unseen,0
W5,3648,unseen,0
W5,3649,very_rare,2
W5,3650,very_rare,1
W5,3651,very_rare,1
W5,3652,unseen,0
W5,3653,rare,5
W5,3654,unseen,0
W5,3655,unseen,0
W5,3656,unseen,0
W5,3657,normal,52
W5,3658,unseen,0
W5,3659,unseen,0
W5,3660,very_rare,1
W5,3661,unseen,0
W5,3662,unseen,0
W5,3663,very_rare,1
W5,3664,unseen,0
W5,3665,normal,6
W5,3666,very_rare,2
W5,3667,rare,4
W5,3668,unseen,0
W5,3669,rare,5
W5,3670,very_rare,2
W5,3671,very_rare,1
W5,3672,very_rare,1
W5,3673,unseen,0
W5,3674,unseen,0
W5,3675,unseen,0
W5,3676,very_rare,1
W5,3677,very_rare,3
W5,3678,very_rare,1
W5,3679,unseen,0
W5,3680,very_rare,1
W5,3681,unseen,0
W5,3682,very_rare,1
W5,3683,very_rare,1
W5,3684,very_rare,2
W5,3685,very_rare,2
W5,3686,unseen,0
W5,3687,unseen,0
W5,3688,very_rare,1
W5,3689,very_rare,1
W5,3690,very_rare,3
W5,3691,very_rare,1
W5,3692,normal,13
W5,3693,unseen,0
W5,3694,unseen,0
W5,3695,unseen,0
W5,3696,very_rare,1
W5,3697,unseen,0
W5,3698,unseen,0
W5,3699,very_rare,1
W5,3700,unseen,0
W5,3701,very_rare,3
W5,3702,unseen,0
W5,3703,very_rare,1
W5,3704,very_rare,1
W5,3705,very_rare,1
W5,3706,very_rare,2
W5,3707,very_rare,1
W5,3708,unseen,0
W5,3709,unseen,0
W5,3710,unseen,0
W5,3711,unseen,0
W5,3712,unseen,0
W5,3713,unseen,0
W5,3714,very_rare,1
W5,3715,very_rare,2
W5,3716,very_rare,2
W5,3717,unseen,0
W5,3718,very_rare,3
W5,3719,very_rare,1
W5,3720,unseen,0
W5,3721,unseen,0
W5,3722,unseen,0
W5,3723,very_rare,2
W5,3724,very_rare,3
W5,3725,unseen,0
W5,3726,very_rare,1
W5,3727,unseen,0
W5,3728,unseen,0
W5,3729,unseen,0
W5,3730,unseen,0
W5,3731,unseen,0
W5,3732,unseen,0
W5,3733,very_rare,3
W5,3734,unseen,0
W5,3735,unseen,0
W5,3736,unseen,0
W5,3737,very_rare,2
W5,3738,very_rare,1
W5,3739,unseen,0
W5,3740,unseen,0
W5,3741,unseen,0
W5,3742,unseen,0
W5,3743,unseen,0
W5,3744,unseen,0
W5,3745,unseen,0
W5,3746,unseen,0
W5,3747,unseen,0
W5,3748,very_rare,1
W5,3749,very_rare,2
W5,3750,very_rare,2
W5,3751,very_rare,1
W5,3752,very_rare,1
W5,3753,very_rare,3
W5,3754,very_rare,2
W5,3755,very_rare,3
W5,3756,unseen,0
W5,3757,unseen,0
W5,3758,very_rare,1
W5,3759,very_rare,1
W5,3760,unseen,0
W5,3761,very_rare,2
W5,3762,very_rare,2
W5,3763,unseen,0
W5,3764,unseen,0
W5,3765,unseen,0
W5,3766,very_rare,1
W5,3767,normal,11
W5,3768,unseen,0
W5,3769,very_rare,1
W5,3770,rare,4
W5,3771,unseen,0
W5,3772,very_rare,2
W5,3773,very_rare,1
W5,3774,very_rare,1
W5,3775,very_rare,2
W5,3776,very_rare,2
W5,3777,very_rare,1
W5,3778,very_rare,1
W5,3779,very_rare,1
W5,3780,unseen,0
W5,3781,very_rare,2
W5,3782,very_rare,1
W5,3783,very_rare,2
W5,3784,unseen,0
W5,3785,unseen,0
W5,3786,very_rare,2
W5,3787,unseen,0
W5,3788,unseen,0
W5,3789,unseen,0
W5,3790,unseen,0
W5,3791,unseen,0
W5,3792,unseen,0
W5,3793,unseen,0
W5,3794,very_rare,1
W5,3795,very_rare,1
W5,3796,very_rare,1
W5,3797,unseen,0
W5,3798,unseen,0
W5,3799,very_rare,3
W5,3800,unseen,0
W5,3801,normal,31
W5,3802,very_rare,1
W5,3803,very_rare,3
W5,3804,very_rare,1
W5,3805,unseen,0
W5,3806,very_rare,1
W5,3807,very_rare,1
W5,3808,very_rare,1
W5,3809,unseen,0
W5,3810,unseen,0
W5,3811,unseen,0
W5,3812,unseen,0
W5,3813,unseen,0
W5,3814,very_rare,1
W5,3815,unseen,0
W5,3816,unseen,0
W5,3817,normal,43
W5,3818,unseen,0
W5,3819,unseen,0
W5,3820,very_rare,2
W5,3821,unseen,0
W5,3822,unseen,0
W5,3823,unseen,0
W5,3824,unseen,0
W5,3825,unseen,0
W5,3826,unseen,0
W5,3827,unseen,0
W5,3828,unseen,0
W5,3829,unseen,0
W5,3830,very_rare,1
W5,3831,unseen,0
W5,3832,unseen,0
W5,3833,very_rare,1
W5,3834,very_rare,3
W5,3835,very_rare,1
W5,3836,unseen,0
W5,3837,very_rare,3
W5,3838,unseen,0
W5,3839,very_rare,1
W5,3840,unseen,0
W5,3841,unseen,0
W5,3842,very_rare,3
W5,3843,unseen,0
W5,3844,unseen,0
W5,3845,very_rare,2
W5,3846,unseen,0
W5,3847,very_rare,1
W5,3848,very_rare,2
W5,3849,very_rare,1
W5,3850,unseen,0
W5,3851,unseen,0
W5,3852,unseen,0
W5,3853,unseen,0
W5,3854,rare,4
W5,3855,very_rare,1
W5,3856,very_rare,1
W5,3857,unseen,0
W5,3858,very_rare,1
W5,3859,unseen,0
W5,3860,very_rare,1
W5,3861,unseen,0
W5,3862,very_rare,1
W5,3863,very_rare,2
W5,3864,unseen,0
W5,3865,unseen,0
W5,3866,unseen,0
W5,3867,unseen,0
W5,3868,unseen,0
W5,3869,unseen,0
W5,3870,unseen,0
W5,3871,unseen,0
W5,3872,unseen,0
W5,3873,unseen,0
W5,3874,unseen,0
W5,3875,unseen,0
W5,3876,unseen,0
W5,3877,normal,42
W5,3878,normal,46
W5,3879,unseen,0
W5,3880,very_rare,1
W5,3881,unseen,0
W5,3882,unseen,0
W5,3883,unseen,0
W5,3884,unseen,0
W5,3885,unseen,0
W5,3886,unseen,0
W5,3887,unseen,0
W5,3888,unseen,0
W5,3889,very_rare,1
W5,3890,very_rare,1
W5,3891,unseen,0
W5,3892,unseen,0
W5,3893,unseen,0
W5,3894,unseen,0
W5,3895,unseen,0
W5,3896,unseen,0
W5,3897,unseen,0
W5,3898,normal,16
W5,3899,unseen,0
W5,3900,very_rare,1
W5,3901,unseen,0
W5,3902,unseen,0
W5,3903,unseen,0
W5,3904,unseen,0
W5,3905,unseen,0
W5,3906,unseen,0
W5,3907,unseen,0
W5,3908,unseen,0
W5,3909,unseen,0
W5,3910,very_rare,2
W5,3911,unseen,0
W5,3912,unseen,0
W5,3913,very_rare,3
W5,3914,very_rare,1
W5,3915,unseen,0
W5,3916,very_rare,2
W5,3917,unseen,0
W5,3918,unseen,0
W5,3919,very_rare,1
W5,3920,unseen,0
W5,3921,unseen,0
W5,3922,very_rare,1
W5,3923,unseen,0
W5,3924,unseen,0
W5,3925,unseen,0
W5,3926,unseen,0
W5,3927,unseen,0
W5,3928,unseen,0
W5,3929,very_rare,1
W5,3930,unseen,0
W5,3931,unseen,0
W5,3932,unseen,0
W5,3933,very_rare,2
W5,3934,unseen,0
W5,3935,very_rare,1
W5,3936,very_rare,1
W5,3937,unseen,0
W5,3938,very_rare,3
W5,3939,unseen,0
W5,3940,unseen,0
W5,3941,unseen,0
W5,3942,unseen,0
W5,3943,unseen,0
W5,3944,unseen,0
W5,3945,unseen,0
W5,3946,unseen,0
W5,3947,unseen,0
W5,3948,very_rare,3
W5,3949,unseen,0
W5,3950,very_rare,1
W5,3951,normal,47
W5,3952,very_rare,1
W5,3953,unseen,0
W5,3954,very_rare,1
W5,3955,unseen,0
W5,3956,unseen,0
W5,3957,unseen,0
W5,3958,unseen,0
W5,3959,unseen,0
W5,3960,unseen,0
W5,3961,unseen,0
W5,3962,very_rare,1
W5,3963,unseen,0
W5,3964,unseen,0
W5,3965,unseen,0
W5,3966,unseen,0
W5,3967,unseen,0
W5,3968,unseen,0
W5,3969,unseen,0
W5,3970,unseen,0
W5,3971,unseen,0
W5,3972,unseen,0
W5,3973,unseen,0
W5,3974,unseen,0
W5,3975,very_rare,1
W5,3976,unseen,0
W5,3977,unseen,0
W5,3978,unseen,0
W5,3979,unseen,0
W5,3980,unseen,0
W5,3981,unseen,0
W5,3982,unseen,0
W5,3983,unseen,0
W5,3984,unseen,0
W5,3985,unseen,0
W5,3986,unseen,0
W5,3987,unseen,0
W5,3988,unseen,0
W5,3989,unseen,0
W5,3990,unseen,0
W5,3991,unseen,0
W5,3992,unseen,0
W5,3993,unseen,0
W5,3994,unseen,0
W5,3995,unseen,0
W5,3996,unseen,0
W5,3997,unseen,0
W5,3998,unseen,0
W5,3999,unseen,0
W5,4000,unseen,0
W5,4001,unseen,0
W5,4002,unseen,0
W5,4003,unseen,0
W5,4004,unseen,0
W5,4005,unseen,0
W5,4006,unseen,0
W5,4007,very_rare,2
W5,4008,unseen,0
W5,4009,very_rare,1
W5,4010,unseen,0
W5,4011,unseen,0
W5,4012,very_rare,3
W5,4013,unseen,0
W5,4014,unseen,0
W5,4015,unseen,0
W5,4016,unseen,0
W5,4017,very_rare,2
W5,4018,unseen,0
W5,4019,unseen,0
W5,4020,unseen,0
W5,4021,unseen,0
W5,4022,unseen,0
W5,4023,unseen,0
W5,4024,normal,57
W5,4025,unseen,0
W5,4026,very_rare,2
W5,4027,unseen,0
W5,4028,unseen,0
W5,4029,very_rare,1
W5,4030,unseen,0
W5,4031,unseen,0
W5,4032,unseen,0
W5,4033,unseen,0
W5,4034,unseen,0
W5,4035,unseen,0
W5,4036,very_rare,3
W5,4037,unseen,0
W5,4038,unseen,0
W5,4039,normal,48
W5,4040,normal,55
W5,4041,unseen,0
W5,4042,unseen,0
W5,4043,very_rare,3
W5,4044,very_rare,2
W5,4045,very_rare,2
W5,4046,very_rare,2
W5,4047,very_rare,3
W5,4048,normal,7
W5,4049,normal,43
W5,4050,unseen,0
W5,4051,normal,55
W5,4052,unseen,0
W5,4053,unseen,0
W5,4054,unseen,0
W5,4055,unseen,0
W5,4056,unseen,0
W5,4057,unseen,0
W5,4058,normal,12
W5,4059,very_rare,1
W5,4060,unseen,0
W5,4061,unseen,0
W5,4062,unseen,0
W5,4063,unseen,0
W5,4064,unseen,0
W5,4065,unseen,0
W5,4066,unseen,0
W5,4067,unseen,0
W5,4068,unseen,0
W5,4069,unseen,0
W5,4070,unseen,0
W5,4071,unseen,0
W5,4072,unseen,0
W5,4073,unseen,0
W5,4074,unseen,0
W5,4075,unseen,0
W5,4076,unseen,0
W5,4077,unseen,0
W5,4078,unseen,0
W5,4079,unseen,0
W5,4080,unseen,0
W5,4081,very_rare,1
W5,4082,unseen,0
W5,4083,very_rare,1
W5,4084,very_rare,2
W5,4085,unseen,0
W5,4086,unseen,0
W5,4087,unseen,0
W5,4088,unseen,0
W5,4089,unseen,0
W5,4090,unseen,0
W5,4091,unseen,0
W5,4092,unseen,0
W5,4093,unseen,0
W5,4094,unseen,0
W5,4095,unseen,0
W5,4096,unseen,0
W5,4097,very_rare,1
W5,4098,unseen,0
W5,4099,unseen,0
W5,4100,unseen,0
W5,4101,unseen,0
W5,4102,unseen,0
W5,4103,unseen,0
W5,4104,unseen,0
W5,4105,unseen,0
W5,4106,unseen,0
W5,4107,unseen,0
W5,4108,unseen,0
W5,4109,unseen,0
W5,4110,unseen,0
W5,4111,unseen,0
W5,4112,unseen,0
W5,4113,unseen,0
W5,4114,unseen,0
W5,4115,unseen,0
W5,4116,unseen,0
W5,4117,unseen,0
W5,4118,unseen,0
W5,4119,unseen,0
W5,4120,unseen,0
W5,4121,unseen,0
W5,4122,unseen,0
W5,4123,unseen,0
W5,4124,unseen,0
W5,4125,unseen,0
W5,4126,unseen,0
W5,4127,very_rare,1
W5,4128,unseen,0
W5,4129,unseen,0
W5,4130,unseen,0
W5,4131,unseen,0
W5,4132,unseen,0
W5,4133,unseen,0
W5,4134,unseen,0
W5,4135,unseen,0
W5,4136,unseen,0
W5,4137,unseen,0
W5,4138,unseen,0
W5,4139,unseen,0
W5,4140,unseen,0
W5,4141,unseen,0
W5,4142,very_rare,1
W5,4143,unseen,0
W5,4144,unseen,0
W5,4145,unseen,0
W5,4146,unseen,0
W5,4147,normal,33
W5,4148,normal,41
W5,4149,unseen,0
W5,4150,normal,43
W5,4151,normal,38
W5,4152,normal,83
W5,4153,very_rare,1
W5,4154,unseen,0
W5,4155,unseen,0
W5,4156,unseen,0
W5,4157,unseen,0
W5,4158,unseen,0
W5,4159,unseen,0
W5,4160,unseen,0
W5,4161,unseen,0
W5,4162,unseen,0
W5,4163,very_rare,2
W5,4164,very_rare,1
W5,4165,unseen,0
W5,4166,unseen,0
W5,4167,unseen,0
W5,4168,very_rare,1
W5,4169,unseen,0
W5,4170,unseen,0
W5,4171,very_rare,1
W5,4172,unseen,0
W5,4173,unseen,0
W5,4174,unseen,0
W5,4175,unseen,0
W5,4176,very_rare,1
W5,4177,unseen,0
W5,4178,unseen,0
W5,4179,unseen,0
W5,4180,very_rare,1
W5,4181,very_rare,1
W5,4182,unseen,0
W5,4183,unseen,0
W5,4184,unseen,0
W5,4185,unseen,0
W5,4186,unseen,0
W5,4187,unseen,0
W5,4188,unseen,0
W5,4189,unseen,0
W5,4190,unseen,0
W5,4191,unseen,0
W5,4192,unseen,0
W5,4193,unseen,0
W5,4194,unseen,0
W5,4195,unseen,0
W5,4196,very_rare,2
W5,4197,very_rare,2
W5,4198,unseen,0
W5,4199,unseen,0
W5,4200,unseen,0
W5,4201,unseen,0
W5,4202,unseen,0
W5,4203,unseen,0
W5,4204,very_rare,1
W5,4205,unseen,0
W5,4206,unseen,0
W5,4207,unseen,0
W5,4208,unseen,0
W5,4209,unseen,0
W5,4210,unseen,0
W5,4211,unseen,0
W5,4212,unseen,0
W5,4213,unseen,0
W5,4214,unseen,0
W5,4215,very_rare,1
W5,4216,unseen,0
W5,4217,unseen,0
W5,4218,unseen,0
W5,4219,unseen,0
W5,4220,unseen,0
W5,4221,unseen,0
W5,4222,unseen,0
W5,4223,very_rare,1
W5,4224,unseen,0
W5,4225,unseen,0
W5,4226,unseen,0
W5,4227,unseen,0
W5,4228,unseen,0
W5,4229,unseen,0
W5,4230,unseen,0
W5,4231,unseen,0
W5,4232,unseen,0
W5,4233,unseen,0
W5,4234,unseen,0
W5,4235,unseen,0
W5,4236,unseen,0
W5,4237,unseen,0
W5,4238,unseen,0
W5,4239,unseen,0
W5,4240,unseen,0
W5,4241,unseen,0
W5,4242,unseen,0
W5,4243,very_rare,1
W5,4244,unseen,0
W5,4245,unseen,0
W5,4246,unseen,0
W5,4247,unseen,0
W5,4248,unseen,0
W5,4249,very_rare,1
W5,4250,unseen,0
W5,4251,unseen,0
W5,4252,very_rare,1
W5,4253,unseen,0
W5,4254,unseen,0
W5,4255,unseen,0
W5,4256,unseen,0
W5,4257,very_rare,2
W5,4258,very_rare,1
W5,4259,unseen,0
W5,4260,unseen,0
W5,4261,unseen,0
W5,4262,unseen,0
W5,4263,unseen,0
W5,4264,unseen,0
W5,4265,unseen,0
W5,4266,unseen,0
W5,4267,unseen,0
W5,4268,unseen,0
W5,4269,unseen,0
W5,4270,normal,88
W5,4271,very_rare,1
W5,4272,unseen,0
W5,4273,unseen,0
W5,4274,unseen,0
W5,4275,unseen,0
W5,4276,unseen,0
W5,4277,very_rare,1
W5,4278,unseen,0
W5,4279,unseen,0
W5,4280,unseen,0
W5,4281,unseen,0
W5,4282,unseen,0
W5,4283,unseen,0
W5,4284,unseen,0
W5,4285,unseen,0
W5,4286,unseen,0
W5,4287,unseen,0
W5,4288,very_rare,1
W5,4289,unseen,0
W5,4290,unseen,0
W5,4291,unseen,0
W5,4292,unseen,0
W5,4293,unseen,0
W5,4294,unseen,0
W5,4295,unseen,0
W5,4296,unseen,0
W5,4297,unseen,0
W5,4298,unseen,0
W5,4299,unseen,0
W5,4300,very_rare,2
W5,4301,unseen,0
W5,4302,very_rare,3
W5,4303,unseen,0
W5,4304,very_rare,1
W5,4305,unseen,0
W5,4306,very_rare,2
W5,4307,unseen,0
W5,4308,unseen,0
W5,4309,unseen,0
W5,4310,unseen,0
W5,4311,unseen,0
W5,4312,unseen,0
W5,4313,unseen,0
W5,4314,unseen,0
W5,4315,unseen,0
W5,4316,unseen,0
W5,4317,unseen,0
W5,4318,unseen,0
W5,4319,unseen,0
W5,4320,unseen,0
W5,4321,very_rare,3
W5,4322,unseen,0
W5,4323,unseen,0
W5,4324,unseen,0
W5,4325,unseen,0
W5,4326,unseen,0
W5,4327,unseen,0
W5,4328,unseen,0
W5,4329,unseen,0
W5,4330,unseen,0
W5,4331,very_rare,1
W5,4332,unseen,0
W5,4333,very_rare,1
W5,4334,unseen,0
W5,4335,unseen,0
W5,4336,unseen,0
W5,4337,unseen,0
W5,4338,unseen,0
W5,4339,unseen,0
W5,4340,very_rare,1
W5,4341,unseen,0
W5,4342,unseen,0
W5,4343,unseen,0
W5,4344,unseen,0
W5,4345,very_rare,1
W5,4346,unseen,0
W5,4347,very_rare,1
W5,4348,unseen,0
W5,4349,very_rare,3
W5,4350,unseen,0
W5,4351,unseen,0
W5,4352,very_rare,1
W5,4353,unseen,0
W5,4354,unseen,0
W5,4355,unseen,0
W5,4356,unseen,0
W5,4357,unseen,0
W5,4358,unseen,0
W5,4359,unseen,0
W5,4360,unseen,0
W5,4361,unseen,0
W5,4362,unseen,0
W5,4363,unseen,0
W5,4364,very_rare,2
W5,4365,unseen,0
W5,4366,unseen,0
W5,4367,unseen,0
W5,4368,unseen,0
W5,4369,unseen,0
W5,4370,unseen,0
W5,4371,very_rare,3
W5,4372,very_rare,1
W5,4373,unseen,0
W5,4374,unseen,0
W5,4375,unseen,0
W5,4376,unseen,0
W5,4377,unseen,0
W5,4378,unseen,0
W5,4379,unseen,0
W5,4380,unseen,0
W5,4381,unseen,0
W5,4382,unseen,0
W5,4383,unseen,0
W5,4384,very_rare,1
W5,4385,very_rare,1
W5,4386,unseen,0
W5,4387,unseen,0
W5,4388,unseen,0
W5,4389,unseen,0
W5,4390,unseen,0
W5,4391,unseen,0
W5,4392,unseen,0
W5,4393,unseen,0
W5,4394,unseen,0
W5,4395,very_rare,1
W5,4396,unseen,0
W5,4397,unseen,0
W5,4398,unseen,0
W5,4399,unseen,0
W5,4400,very_rare,1
W5,4401,unseen,0
W5,4402,unseen,0
W5,4403,unseen,0
W5,4404,unseen,0
W5,4405,unseen,0
W5,4406,unseen,0
W5,4407,unseen,0
W5,4408,unseen,0
W5,4409,unseen,0
W5,4410,unseen,0
W5,4411,unseen,0
W5,4412,unseen,0
W5,4413,unseen,0
W5,4414,unseen,0
W5,4415,unseen,0
W5,4416,very_rare,1
W5,4417,unseen,0
W5,4418,unseen,0
W5,4419,unseen,0
W5,4420,unseen,0
W5,4421,unseen,0
W5,4422,unseen,0
W5,4423,unseen,0
W5,4424,unseen,0
W5,4425,very_rare,1
W5,4426,unseen,0
W5,4427,unseen,0
W5,4428,unseen,0
W5,4429,unseen,0
W5,4430,unseen,0
W5,4431,unseen,0
W5,4432,unseen,0
W5,4433,unseen,0
W5,4434,unseen,0
W5,4435,unseen,0
W5,4436,unseen,0
W5,4437,unseen,0
W5,4438,unseen,0
W5,4439,unseen,0
W5,4440,unseen,0
W5,4441,unseen,0
W5,4442,unseen,0
W5,4443,unseen,0
W5,4444,unseen,0
W5,4445,unseen,0
W5,4446,unseen,0
W5,4447,unseen,0
W5,4448,unseen,0
W5,4449,unseen,0
W5,4450,unseen,0
W5,4451,unseen,0
W5,4452,unseen,0
W5,4453,unseen,0
W5,4454,unseen,0
W5,4455,unseen,0
W5,4456,unseen,0
W5,4457,unseen,0
W5,4458,unseen,0
W5,4459,unseen,0
W5,4460,unseen,0
W5,4461,unseen,0
W5,4462,unseen,0
W5,4463,unseen,0
W5,4464,very_rare,2
W5,4465,unseen,0
W5,4466,unseen,0
W5,4467,unseen,0
W5,4468,unseen,0
W5,4469,unseen,0
W5,4470,unseen,0
W5,4471,unseen,0
W5,4472,unseen,0
W5,4473,unseen,0
W5,4474,unseen,0
W5,4475,very_rare,1
W5,4476,unseen,0
W5,4477,unseen,0
W5,4478,unseen,0
W5,4479,unseen,0
W5,4480,unseen,0
W5,4481,unseen,0
W5,4482,unseen,0
W5,4483,unseen,0
W5,4484,unseen,0
W5,4485,unseen,0
W5,4486,unseen,0
W5,4487,unseen,0
W5,4488,unseen,0
W5,4489,very_rare,1
W5,4490,unseen,0
W5,4491,unseen,0
W5,4492,unseen,0
W5,4493,unseen,0
W5,4494,unseen,0
W5,4495,unseen,0
W5,4496,unseen,0
W5,4497,unseen,0
W5,4498,unseen,0
W5,4499,unseen,0
W5,4500,very_rare,1
W5,4501,unseen,0
W5,4502,unseen,0
W5,4503,unseen,0
W5,4504,unseen,0
W5,4505,unseen,0
W5,4506,unseen,0
W5,4507,unseen,0
W5,4508,unseen,0
W5,4509,unseen,0
W5,4510,very_rare,1
W5,4511,unseen,0
W5,4512,unseen,0
W5,4513,unseen,0
W5,4514,unseen,0
W5,4515,unseen,0
W5,4516,unseen,0
W5,4517,unseen,0
W5,4518,unseen,0
W5,4519,unseen,0
W5,4520,unseen,0
W5,4521,unseen,0
W5,4522,unseen,0
W5,4523,unseen,0
W5,4524,unseen,0
W5,4525,unseen,0
W5,4526,unseen,0
W5,4527,unseen,0
W5,4528,unseen,0
W5,4529,unseen,0
W5,4530,unseen,0
W5,4531,unseen,0
W5,4532,unseen,0
W5,4533,very_rare,1
W5,4534,unseen,0
W5,4535,unseen,0
W5,4536,unseen,0
W5,4537,very_rare,1
W5,4538,unseen,0
W5,4539,unseen,0
W5,4540,unseen,0
W5,4541,very_rare,1
W5,4542,unseen,0
W5,4543,unseen,0
W5,4544,unseen,0
W5,4545,unseen,0
W5,4546,unseen,0
W5,4547,unseen,0
W5,4548,unseen,0
W5,4549,unseen,0
W5,4550,unseen,0
W5,4551,unseen,0
W5,4552,unseen,0
W5,4553,unseen,0
W5,4554,unseen,0
W5,4555,unseen,0
W5,4556,unseen,0
W5,4557,unseen,0
W5,4558,unseen,0
W5,4559,unseen,0
W5,4560,unseen,0
W5,4561,very_rare,1
W5,4562,unseen,0
W5,4563,unseen,0
W5,4564,unseen,0
W5,4565,unseen,0
W5,4566,unseen,0
W5,4567,unseen,0
W5,4568,unseen,0
W5,4569,unseen,0
W5,4570,very_rare,1
W5,4571,very_rare,1
W5,4572,unseen,0
W5,4573,unseen,0
W5,4574,very_rare,1
W5,4575,unseen,0
W5,4576,unseen,0
W5,4577,unseen,0
W5,4578,unseen,0
W5,4579,unseen,0
W5,4580,very_rare,1
W5,4581,unseen,0
W5,4582,unseen,0
W5,4583,unseen,0
W5,4584,unseen,0
W5,4585,unseen,0
W5,4586,unseen,0
W5,4587,unseen,0
W5,4588,unseen,0
W5,4589,unseen,0
W5,4590,unseen,0
W5,4591,unseen,0
W5,4592,unseen,0
W5,4593,unseen,0
W5,4594,unseen,0
W5,4595,unseen,0
W5,4596,unseen,0
W5,4597,unseen,0
W5,4598,unseen,0
W5,4599,unseen,0
W5,4600,unseen,0
W5,4601,unseen,0
W5,4602,unseen,0
W5,4603,unseen,0
W5,4604,unseen,0
W5,4605,unseen,0
W5,4606,unseen,0
W5,4607,unseen,0
W5,4608,unseen,0
W5,4609,unseen,0
W5,4610,unseen,0
W5,4611,unseen,0
W5,4612,unseen,0
W5,4613,unseen,0
W5,4614,unseen,0
W5,4615,unseen,0
W5,4616,unseen,0
W5,4617,very_rare,2
W5,4618,unseen,0
W5,4619,unseen,0
W5,4620,unseen,0
W5,4621,unseen,0
W5,4622,unseen,0
W5,4623,unseen,0
W5,4624,unseen,0
W5,4625,unseen,0
W5,4626,unseen,0
W5,4627,very_rare,1
W5,4628,unseen,0
W5,4629,unseen,0
W5,4630,very_rare,1
W5,4631,unseen,0
W5,4632,unseen,0
W5,4633,unseen,0
W5,4634,unseen,0
W5,4635,unseen,0
W5,4636,unseen,0
W5,4637,unseen,0
W5,4638,unseen,0
W5,4639,unseen,0
W5,4640,unseen,0
W5,4641,unseen,0
W5,4642,unseen,0
W5,4643,unseen,0
W5,4644,unseen,0
W5,4645,unseen,0
W5,4646,unseen,0
W5,4647,unseen,0
W5,4648,unseen,0
W5,4649,unseen,0
W5,4650,unseen,0
W5,4651,unseen,0
W5,4652,unseen,0
W5,4653,unseen,0
W5,4654,unseen,0
W5,4655,unseen,0
W5,4656,very_rare,1
W5,4657,unseen,0
W5,4658,unseen,0
W5,4659,very_rare,1
W5,4660,unseen,0
W5,4661,unseen,0
W5,4662,unseen,0
W5,4663,unseen,0
W5,4664,unseen,0
W5,4665,unseen,0
W5,4666,unseen,0
W5,4667,unseen,0
W5,4668,unseen,0
W5,4669,unseen,0
W5,4670,unseen,0
W5,4671,very_rare,1
W5,4672,unseen,0
W5,4673,unseen,0
W5,4674,unseen,0
W5,4675,normal,62
W5,4676,unseen,0
W5,4677,normal,55
W5,4678,normal,61
W5,4679,unseen,0
W5,4680,unseen,0
W5,4681,unseen,0
W5,4682,unseen,0
W5,4683,unseen,0
W5,4684,unseen,0
W5,4685,unseen,0
W5,4686,unseen,0
W5,4687,unseen,0
W5,4688,unseen,0
W5,4689,unseen,0
W5,4690,unseen,0
W5,4691,unseen,0
W5,4692,unseen,0
W5,4693,unseen,0
W5,4694,unseen,0
W5,4695,unseen,0
W5,4696,unseen,0
W5,4697,unseen,0
W5,4698,very_rare,3
W5,4699,unseen,0
W5,4700,unseen,0
W5,4701,unseen,0
W5,4702,unseen,0
W5,4703,unseen,0
W5,4704,unseen,0
W5,4705,unseen,0
W5,4706,unseen,0
W5,4707,unseen,0
W5,4708,unseen,0
W5,4709,very_rare,1
W5,4710,unseen,0
W5,4711,very_rare,1
W5,4712,unseen,0
W5,4713,unseen,0
W5,4714,unseen,0
W5,4715,unseen,0
W5,4716,unseen,0
W5,4717,unseen,0
W5,4718,unseen,0
W5,4719,unseen,0
W5,4720,unseen,0
W5,4721,unseen,0
W5,4722,unseen,0
W5,4723,unseen,0
W5,4724,unseen,0
W5,4725,unseen,0
W5,4726,unseen,0
W5,4727,unseen,0
W5,4728,unseen,0
W5,4729,unseen,0
W5,4730,unseen,0
W5,4731,unseen,0
W5,4732,unseen,0
W5,4733,unseen,0
W5,4734,unseen,0
W5,4735,unseen,0
W5,4736,unseen,0
W5,4737,unseen,0
W5,4738,unseen,0
W5,4739,unseen,0
W5,4740,unseen,0
W5,4741,unseen,0
W5,4742,unseen,0
W5,4743,unseen,0
W5,4744,unseen,0
W5,4745,unseen,0
W5,4746,unseen,0
W5,4747,unseen,0
W5,4748,unseen,0
W5,4749,unseen,0
W5,4750,unseen,0
W5,4751,unseen,0
W5,4752,unseen,0
W5,4753,unseen,0
W5,4754,unseen,0
W5,4755,very_rare,1
W5,4756,very_rare,1
W5,4757,unseen,0
W5,4758,unseen,0
W5,4759,very_rare,1
W5,4760,unseen,0
W5,4761,unseen,0
W5,4762,unseen,0
W5,4763,unseen,0
W5,4764,unseen,0
W5,4765,unseen,0
W5,4766,unseen,0
W5,4767,unseen,0
W5,4768,unseen,0
W5,4769,unseen,0
W5,4770,unseen,0
W5,4771,unseen,0
W5,4772,unseen,0
W5,4773,unseen,0
W5,4774,unseen,0
W5,4775,unseen,0
W5,4776,unseen,0
W5,4777,unseen,0
W5,4778,unseen,0
W5,4779,unseen,0
W5,4780,very_rare,1
W5,4781,unseen,0
W5,4782,unseen,0
W5,4783,unseen,0
W5,4784,unseen,0
W5,4785,unseen,0
W5,4786,unseen,0
W5,4787,unseen,0
W5,4788,unseen,0
W5,4789,unseen,0
W5,4790,unseen,0
W5,4791,unseen,0
W5,4792,unseen,0
W5,4793,unseen,0
W5,4794,unseen,0
W5,4795,unseen,0
W5,4796,unseen,0
W5,4797,unseen,0
W5,4798,unseen,0
W5,4799,unseen,0
W5,4800,very_rare,1
W5,4801,unseen,0
W5,4802,unseen,0
W5,4803,very_rare,1
W5,4804,unseen,0
W5,4805,very_rare,1
W5,4806,unseen,0
W5,4807,unseen,0
W5,4808,unseen,0
W5,4809,very_rare,2
W5,4810,very_rare,2
W5,4811,unseen,0
W5,4812,unseen,0
W5,4813,unseen,0
W5,4814,unseen,0
W5,4815,unseen,0
W5,4816,unseen,0
W5,4817,unseen,0
W5,4818,unseen,0
W5,4819,unseen,0
W5,4820,unseen,0
W5,4821,unseen,0
W5,4822,very_rare,1
W5,4823,unseen,0
W5,4824,unseen,0
W5,4825,unseen,0
W5,4826,unseen,0
W5,4827,unseen,0
W5,4828,unseen,0
W5,4829,unseen,0
W5,4830,unseen,0
W5,4831,unseen,0
W5,4832,unseen,0
W5,4833,unseen,0
W5,4834,unseen,0
W5,4835,unseen,0
W5,4836,unseen,0
W5,4837,unseen,0
W5,4838,unseen,0
W5,4839,unseen,0
W5,4840,very_rare,1
W5,4841,unseen,0
W5,4842,unseen,0
W5,4843,unseen,0
W5,4844,unseen,0
W5,4845,unseen,0
W5,4846,unseen,0
W5,4847,unseen,0
W5,4848,unseen,0
W5,4849,unseen,0
W5,4850,very_rare,3
W5,4851,unseen,0
W5,4852,very_rare,1
W5,4853,unseen,0
W5,4854,unseen,0
W5,4855,unseen,0
W5,4856,unseen,0
W5,4857,very_rare,2
W5,4858,unseen,0
W5,4859,unseen,0
W5,4860,unseen,0
W5,4861,unseen,0
W5,4862,rare,4
W5,4863,unseen,0
W5,4864,unseen,0
W5,4865,unseen,0
W5,4866,unseen,0
W5,4867,unseen,0
W5,4868,very_rare,3
W5,4869,unseen,0
W5,4870,very_rare,1
W5,4871,very_rare,1
W5,4872,unseen,0
W5,4873,very_rare,3
W5,4874,unseen,0
W5,4875,unseen,0
W5,4876,very_rare,1
W5,4877,unseen,0
W5,4878,unseen,0
W5,4879,unseen,0
W5,4880,unseen,0
W5,4881,unseen,0
W5,4882,unseen,0
W5,4883,unseen,0
W5,4884,very_rare,1
W5,4885,unseen,0
W5,4886,unseen,0
W5,4887,unseen,0
W5,4888,unseen,0
W5,4889,unseen,0
W5,4890,unseen,0
W5,4891,unseen,0
W5,4892,unseen,0
W5,4893,unseen,0
W5,4894,unseen,0
W5,4895,unseen,0
W5,4896,unseen,0
W5,4897,unseen,0
W5,4898,unseen,0
W5,4899,unseen,0
W5,4900,unseen,0
W5,4901,unseen,0
W5,4902,unseen,0
W5,4903,unseen,0
W5,4904,unseen,0
W5,4905,unseen,0
W5,4906,unseen,0
W5,4907,unseen,0
W5,4908,unseen,0
W5,4909,unseen,0
W5,4910,unseen,0
W5,4911,unseen,0
W5,4912,unseen,0
W5,4913,unseen,0
W5,4914,unseen,0
W5,4915,unseen,0
W5,4916,unseen,0
W5,4917,unseen,0
W5,4918,unseen,0
W5,4919,unseen,0
W5,4920,unseen,0
W5,4921,unseen,0
W5,4922,unseen,0
W5,4923,unseen,0
W5,4924,unseen,0
W5,4925,unseen,0
W5,4926,unseen,0
W5,4927,unseen,0
W5,4928,unseen,0
W5,4929,unseen,0
W5,4930,unseen,0
W5,4931,very_rare,1
W5,4932,unseen,0
W5,4933,very_rare,2
W5,4934,very_rare,1
W5,4935,unseen,0
W5,4936,unseen,0
W5,4937,unseen,0
W5,4938,unseen,0
W5,4939,unseen,0
W5,4940,very_rare,2
W5,4941,unseen,0
W5,4942,unseen,0
W5,4943,unseen,0
W5,4944,unseen,0
W5,4945,unseen,0
W5,4946,very_rare,3
W5,4947,unseen,0
W5,4948,unseen,0
W5,4949,very_rare,1
W5,4950,unseen,0
W5,4951,unseen,0
W5,4952,unseen,0
W5,4953,unseen,0
W5,4954,unseen,0
W5,4955,unseen,0
W5,4956,unseen,0
W5,4957,unseen,0
W5,4958,unseen,0
W5,4959,unseen,0
W5,4960,unseen,0
W5,4961,unseen,0
W5,4962,unseen,0
W5,4963,unseen,0
W5,4964,unseen,0
W5,4965,unseen,0
W5,4966,unseen,0
W5,4967,unseen,0
W5,4968,unseen,0
W5,4969,very_rare,1
W5,4970,unseen,0
W5,4971,unseen,0
W5,4972,unseen,0
W5,4973,unseen,0
W5,4974,unseen,0
W5,4975,unseen,0
W5,4976,unseen,0
W5,4977,unseen,0
W5,4978,unseen,0
W5,4979,unseen,0
W5,4980,unseen,0
W5,4981,unseen,0
W5,4982,unseen,0
W5,4983,unseen,0
W5,4984,unseen,0
W5,4985,unseen,0
W5,4986,unseen,0
W5,4987,unseen,0
W5,4988,unseen,0
W5,4989,unseen,0
W5,4990,unseen,0
W5,4991,unseen,0
W5,4992,unseen,0
W5,4993,unseen,0
W5,4994,unseen,0
W5,4995,unseen,0
W5,4996,unseen,0
W5,4997,unseen,0
W5,4998,unseen,0
W5,4999,unseen,0
W5,5000,unseen,0
W5,5001,unseen,0
W5,5002,unseen,0
W5,5003,unseen,0
W5,5004,unseen,0
W5,5005,unseen,0
W5,5006,unseen,0
W5,5007,unseen,0
W5,5008,unseen,0
W5,5009,very_rare,1
W5,5010,unseen,0
W5,5011,unseen,0
W5,5012,very_rare,1
W5,5013,unseen,0
W5,5014,unseen,0
W5,5015,unseen,0
W5,5016,unseen,0
W5,5017,unseen,0
W5,5018,unseen,0
W5,5019,unseen,0
W5,5020,unseen,0
W5,5021,unseen,0
W5,5022,unseen,0
W5,5023,unseen,0
W5,5024,unseen,0
W5,5025,unseen,0
W5,5026,unseen,0
W5,5027,unseen,0
W5,5028,unseen,0
W5,5029,unseen,0
W5,5030,unseen,0
W5,5031,unseen,0
W5,5032,unseen,0
W5,5033,unseen,0
W5,5034,unseen,0
W5,5035,unseen,0
W5,5036,unseen,0
W5,5037,unseen,0
W5,5038,very_rare,1
W5,5039,unseen,0
W5,5040,unseen,0
W5,5041,unseen,0
W5,5042,unseen,0
W5,5043,unseen,0
W5,5044,very_rare,1
W5,5045,unseen,0
W5,5046,unseen,0
W5,5047,unseen,0
W5,5048,unseen,0
W5,5049,unseen,0
W5,5050,unseen,0
W5,5051,unseen,0
W5,5052,unseen,0
W5,5053,unseen,0
W5,5054,unseen,0
W5,5055,unseen,0
W5,5056,unseen,0
W5,5057,unseen,0
W5,5058,unseen,0
W5,5059,unseen,0
W5,5060,unseen,0
W5,5061,unseen,0
W5,5062,unseen,0
W5,5063,unseen,0
W5,5064,unseen,0
W5,5065,unseen,0
W5,5066,unseen,0
W5,5067,unseen,0
W5,5068,unseen,0
W5,5069,unseen,0
W5,5070,unseen,0
W5,5071,unseen,0
W5,5072,unseen,0
W5,5073,unseen,0
W5,5074,unseen,0
W5,5075,unseen,0
W5,5076,unseen,0
W5,5077,unseen,0
W5,5078,unseen,0
W5,5079,unseen,0
W5,5080,unseen,0
W5,5081,unseen,0
W5,5082,unseen,0
W5,5083,very_rare,2
W5,5084,unseen,0
W5,5085,unseen,0
W5,5086,unseen,0
W5,5087,unseen,0
W5,5088,unseen,0
W5,5089,unseen,0
W5,5090,unseen,0
W5,5091,unseen,0
W5,5092,unseen,0
W5,5093,unseen,0
W5,5094,unseen,0
W5,5095,unseen,0
W5,5096,unseen,0
W5,5097,unseen,0
W5,5098,unseen,0
W5,5099,unseen,0
W5,5100,unseen,0
W5,5101,unseen,0
W5,5102,very_rare,2
W5,5103,unseen,0
W5,5104,very_rare,1
W5,5105,unseen,0
W5,5106,very_rare,1
W5,5107,unseen,0
W5,5108,unseen,0
W5,5109,unseen,0
W5,5110,unseen,0
W5,5111,unseen,0
W5,5112,unseen,0
W5,5113,unseen,0
W5,5114,very_rare,2
W5,5115,unseen,0
W5,5116,unseen,0
W5,5117,unseen,0
W5,5118,very_rare,3
W5,5119,unseen,0
W5,5120,unseen,0
W5,5121,unseen,0
W5,5122,unseen,0
W5,5123,unseen,0
W5,5124,unseen,0
W5,5125,unseen,0
W5,5126,unseen,0
W5,5127,unseen,0
W5,5128,unseen,0
W5,5129,unseen,0
W5,5130,unseen,0
W5,5131,unseen,0
W5,5132,unseen,0
W5,5133,unseen,0
W5,5134,unseen,0
W5,5135,unseen,0
W5,5136,unseen,0
W5,5137,unseen,0
W5,5138,unseen,0
W5,5139,unseen,0
W5,5140,unseen,0
W5,5141,unseen,0
W5,5142,unseen,0
W5,5143,unseen,0
W5,5144,unseen,0
W5,5145,unseen,0
W5,5146,unseen,0
W5,5147,unseen,0
W5,5148,unseen,0
W5,5149,unseen,0
W5,5150,unseen,0
W5,5151,unseen,0
W5,5152,unseen,0
W5,5153,unseen,0
W5,5154,unseen,0
W5,5155,unseen,0
W5,5156,unseen,0
W5,5157,unseen,0
W5,5158,unseen,0
W5,5159,unseen,0
W5,5160,unseen,0
W5,5161,unseen,0
W5,5162,unseen,0
W5,5163,unseen,0
W5,5164,unseen,0
W5,5165,unseen,0
W5,5166,unseen,0
W5,5167,unseen,0
W5,5168,unseen,0
W5,5169,unseen,0
W5,5170,unseen,0
W5,5171,unseen,0
W5,5172,unseen,0
W5,5173,unseen,0
W5,5174,unseen,0
W5,5175,unseen,0
W5,5176,unseen,0
W5,5177,unseen,0
W5,5178,unseen,0
W5,5179,unseen,0
W5,5180,unseen,0
W5,5181,unseen,0
W5,5182,unseen,0
W5,5183,unseen,0
W5,5184,unseen,0
W5,5185,unseen,0
W5,5186,unseen,0
W5,5187,unseen,0
W5,5188,unseen,0
W5,5189,unseen,0
W5,5190,unseen,0
W5,5191,unseen,0
W5,5192,unseen,0
W5,5193,unseen,0
W5,5194,unseen,0
W5,5195,unseen,0
W5,5196,unseen,0
W5,5197,unseen,0
W5,5198,unseen,0
W5,5199,unseen,0
W5,5200,unseen,0
W5,5201,unseen,0
W5,5202,unseen,0
W5,5203,unseen,0
W5,5204,unseen,0
W5,5205,unseen,0
W5,5206,unseen,0
W5,5207,unseen,0
W5,5208,unseen,0
W5,5209,unseen,0
W5,5210,unseen,0
W5,5211,unseen,0
W5,5212,unseen,0
W5,5213,unseen,0
W5,5214,unseen,0
W5,5215,unseen,0
W5,5216,unseen,0
W5,5217,unseen,0
W5,5218,unseen,0
W5,5219,unseen,0
W5,5220,unseen,0
W5,5221,unseen,0
W5,5222,unseen,0
W5,5223,unseen,0
W5,5224,very_rare,1
W5,5225,unseen,0
W5,5226,unseen,0
W5,5227,unseen,0
W5,5228,unseen,0
W5,5229,unseen,0
W5,5230,unseen,0
W5,5231,unseen,0
W5,5232,unseen,0
W5,5233,unseen,0
W5,5234,unseen,0
W5,5235,unseen,0
W5,5236,unseen,0
W5,5237,unseen,0
W5,5238,unseen,0
W5,5239,unseen,0
W5,5240,unseen,0
W5,5241,unseen,0
W5,5242,unseen,0
W5,5243,unseen,0
W5,5244,unseen,0
W5,5245,unseen,0
W5,5246,unseen,0
W5,5247,unseen,0
W5,5248,unseen,0
W5,5249,unseen,0
W5,5250,unseen,0
W5,5251,unseen,0
W5,5252,unseen,0
W5,5253,unseen,0
W5,5254,unseen,0
W5,5255,unseen,0
W5,5256,unseen,0
W5,5257,unseen,0
W5,5258,unseen,0
W5,5259,unseen,0
W5,5260,unseen,0
W5,5261,unseen,0
W5,5262,unseen,0
W5,5263,unseen,0
W5,5264,unseen,0
W5,5265,unseen,0
W5,5266,unseen,0
W5,5267,unseen,0
W5,5268,unseen,0
W5,5269,unseen,0
W5,5270,unseen,0
W5,5271,unseen,0
W5,5272,unseen,0
W5,5273,unseen,0
W5,5274,unseen,0
W5,5275,unseen,0
W5,5276,unseen,0
W5,5277,unseen,0
W5,5278,unseen,0
W5,5279,unseen,0
W5,5280,unseen,0
W5,5281,unseen,0
W5,5282,unseen,0
W5,5283,unseen,0
W5,5284,unseen,0
W5,5285,unseen,0
W5,5286,unseen,0
W5,5287,unseen,0
W5,5288,unseen,0
W5,5289,unseen,0
W5,5290,very_rare,2
W5,5291,unseen,0
W5,5292,unseen,0
W5,5293,unseen,0
W5,5294,unseen,0
W5,5295,unseen,0
W5,5296,unseen,0
W5,5297,unseen,0
W5,5298,unseen,0
W5,5299,unseen,0
W5,5300,unseen,0
W5,5301,unseen,0
W5,5302,unseen,0
W5,5303,unseen,0
W5,5304,unseen,0
W5,5305,unseen,0
W5,5306,unseen,0
W5,5307,unseen,0
W5,5308,unseen,0
W5,5309,unseen,0
W5,5310,unseen,0
W5,5311,unseen,0
W5,5312,unseen,0
W5,5313,very_rare,1
W5,5314,unseen,0
W5,5315,unseen,0
W5,5316,unseen,0
W5,5317,unseen,0
W5,5318,unseen,0
W5,5319,unseen,0
W5,5320,unseen,0
W5,5321,unseen,0
W5,5322,very_rare,1
W5,5323,unseen,0
W5,5324,unseen,0
W5,5325,unseen,0
W5,5326,unseen,0
W5,5327,unseen,0
W5,5328,unseen,0
W5,5329,unseen,0
W5,5330,unseen,0
W5,5331,unseen,0
W5,5332,unseen,0
W5,5333,unseen,0
W5,5334,unseen,0
W5,5335,unseen,0
W5,5336,unseen,0
W5,5337,unseen,0
W5,5338,unseen,0
W5,5339,unseen,0
W5,5340,unseen,0
W5,5341,unseen,0
W5,5342,unseen,0
W5,5343,unseen,0
W5,5344,unseen,0
W5,5345,unseen,0
W5,5346,unseen,0
W5,5347,unseen,0
W5,5348,unseen,0
W5,5349,unseen,0
W5,5350,unseen,0
W5,5351,unseen,0
W5,5352,unseen,0
W5,5353,unseen,0
W5,5354,unseen,0
W5,5355,unseen,0
W5,5356,unseen,0
W5,5357,unseen,0
W5,5358,unseen,0
W5,5359,unseen,0
W5,5360,unseen,0
W5,5361,unseen,0
W5,5362,unseen,0
W5,5363,unseen,0
W5,5364,unseen,0
W5,5365,unseen,0
W5,5366,unseen,0
W5,5367,unseen,0
W5,5368,unseen,0
W5,5369,unseen,0
W5,5370,unseen,0
W5,5371,unseen,0
W5,5372,unseen,0
W5,5373,unseen,0
W5,5374,unseen,0
W5,5375,unseen,0
W5,5376,unseen,0
W5,5377,unseen,0
W5,5378,unseen,0
W5,5379,unseen,0
W5,5380,unseen,0
W5,5381,unseen,0
W5,5382,unseen,0
W5,5383,unseen,0
W5,5384,very_rare,1
W5,5385,unseen,0
W5,5386,unseen,0
W5,5387,unseen,0
W5,5388,unseen,0
W5,5389,very_rare,2
W5,5390,unseen,0
W5,5391,very_rare,2
W5,5392,unseen,0
W5,5393,very_rare,1
W5,5394,unseen,0
W5,5395,unseen,0
W5,5396,unseen,0
W5,5397,unseen,0
W5,5398,unseen,0
W5,5399,unseen,0
W5,5400,unseen,0
W5,5401,unseen,0
W5,5402,unseen,0
W5,5403,unseen,0
W5,5404,unseen,0
W5,5405,unseen,0
W5,5406,unseen,0
W5,5407,unseen,0
W5,5408,unseen,0
W5,5409,unseen,0
W5,5410,very_rare,1
W5,5411,unseen,0
W5,5412,unseen,0
W5,5413,unseen,0
W5,5414,unseen,0
W5,5415,very_rare,1
W5,5416,unseen,0
W5,5417,unseen,0
W5,5418,unseen,0
W5,5419,unseen,0
W5,5420,unseen,0
W5,5421,unseen,0
W5,5422,unseen,0
W5,5423,unseen,0
W5,5424,unseen,0
W5,5425,unseen,0
W5,5426,unseen,0
W5,5427,unseen,0
W5,5428,unseen,0
W5,5429,unseen,0
W5,5430,unseen,0
W5,5431,unseen,0
W5,5432,unseen,0
W5,5433,unseen,0
W5,5434,unseen,0
W5,5435,unseen,0
W5,5436,unseen,0
W5,5437,unseen,0
W5,5438,unseen,0
W5,5439,unseen,0
W5,5440,unseen,0
W5,5441,unseen,0
W5,5442,unseen,0
W5,5443,unseen,0
W5,5444,unseen,0
W5,5445,unseen,0
W5,5446,unseen,0
W5,5447,unseen,0
W5,5448,unseen,0
W5,5449,unseen,0
W5,5450,unseen,0
W5,5451,unseen,0
W5,5452,unseen,0
W5,5453,unseen,0
W5,5454,unseen,0
W5,5455,unseen,0
W5,5456,unseen,0
W5,5457,unseen,0
W5,5458,unseen,0
W5,5459,unseen,0
W5,5460,unseen,0
W5,5461,unseen,0
W5,5462,unseen,0
W5,5463,unseen,0
W5,5464,unseen,0
W5,5465,unseen,0
W5,5466,unseen,0
W5,5467,unseen,0
W5,5468,unseen,0
W5,5469,unseen,0
W5,5470,unseen,0
W5,5471,unseen,0
W5,5472,unseen,0
W5,5473,unseen,0
W5,5474,unseen,0
W5,5475,unseen,0
W5,5476,unseen,0
W5,5477,unseen,0
W5,5478,unseen,0
W5,5479,unseen,0
W5,5480,unseen,0
W5,5481,unseen,0
W5,5482,unseen,0
W5,5483,unseen,0
W5,5484,unseen,0
W5,5485,unseen,0
W5,5486,unseen,0
W5,5487,unseen,0
W5,5488,unseen,0
W5,5489,unseen,0
W5,5490,unseen,0
W5,5491,unseen,0
W5,5492,unseen,0
W5,5493,unseen,0
W5,5494,unseen,0
W5,5495,unseen,0
W5,5496,unseen,0
W5,5497,unseen,0
W5,5498,unseen,0
W5,5499,unseen,0
W5,5500,unseen,0
W5,5501,unseen,0
W5,5502,unseen,0
W5,5503,unseen,0
W5,5504,unseen,0
W5,5505,unseen,0
W5,5506,very_rare,1
W5,5507,unseen,0
W5,5508,very_rare,1
W5,5509,unseen,0
W5,5510,unseen,0
W5,5511,unseen,0
W5,5512,unseen,0
W5,5513,unseen,0
W5,5514,unseen,0
W5,5515,unseen,0
W5,5516,unseen,0
W5,5517,unseen,0
W5,5518,unseen,0
W5,5519,unseen,0
W5,5520,unseen,0
W5,5521,unseen,0
W5,5522,unseen,0
W5,5523,unseen,0
W5,5524,unseen,0
W5,5525,unseen,0
W5,5526,unseen,0
W5,5527,unseen,0
W5,5528,unseen,0
W5,5529,unseen,0
W5,5530,unseen,0
W5,5531,unseen,0
W5,5532,unseen,0
W5,5533,unseen,0
W5,5534,unseen,0
W5,5535,unseen,0
W5,5536,unseen,0
W5,5537,unseen,0
W5,5538,unseen,0
W5,5539,unseen,0
W5,5540,unseen,0
W5,5541,very_rare,1
W5,5542,unseen,0
W5,5543,unseen,0
W5,5544,unseen,0
W5,5545,unseen,0
W5,5546,unseen,0
W5,5547,unseen,0
W5,5548,unseen,0
W5,5549,unseen,0
W5,5550,unseen,0
W5,5551,unseen,0
W5,5552,unseen,0
W5,5553,unseen,0
W5,5554,unseen,0
W5,5555,unseen,0
W5,5556,unseen,0
W5,5557,unseen,0
W5,5558,unseen,0
W5,5559,unseen,0
W5,5560,unseen,0
W5,5561,unseen,0
W5,5562,unseen,0
W5,5563,unseen,0
W5,5564,unseen,0
W5,5565,unseen,0
W5,5566,unseen,0
W5,5567,unseen,0
W5,5568,unseen,0
W5,5569,unseen,0
W5,5570,unseen,0
W5,5571,unseen,0
W5,5572,unseen,0
W5,5573,unseen,0
W5,5574,unseen,0
W5,5575,unseen,0
W5,5576,unseen,0
W5,5577,unseen,0
W5,5578,unseen,0
W5,5579,unseen,0
W5,5580,unseen,0
W5,5581,unseen,0
W5,5582,unseen,0
W5,5583,unseen,0
W5,5584,unseen,0
W5,5585,unseen,0
W5,5586,very_rare,2
W5,5587,unseen,0
W5,5588,unseen,0
W5,5589,unseen,0
W5,5590,unseen,0
W5,5591,unseen,0
W5,5592,unseen,0
W5,5593,unseen,0
W5,5594,unseen,0
W5,5595,unseen,0
W5,5596,unseen,0
W5,5597,unseen,0
W5,5598,unseen,0
W5,5599,unseen,0
W5,5600,unseen,0
W5,5601,unseen,0
W5,5602,unseen,0
W5,5603,unseen,0
W5,5604,unseen,0
W5,5605,unseen,0
W5,5606,unseen,0
W5,5607,unseen,0
W5,5608,unseen,0
W5,5609,unseen,0
W5,5610,unseen,0
W5,5611,unseen,0
W5,5612,unseen,0
W5,5613,unseen,0
W5,5614,unseen,0
W5,5615,unseen,0
W5,5616,very_rare,2
W5,5617,unseen,0
W5,5618,unseen,0
W5,5619,very_rare,1
W5,5620,unseen,0
W5,5621,unseen,0
W5,5622,unseen,0
W5,5623,unseen,0
W5,5624,unseen,0
W5,5625,unseen,0
W5,5626,unseen,0
W5,5627,unseen,0
W5,5628,unseen,0
W5,5629,unseen,0
W5,5630,very_rare,1
W5,5631,unseen,0
W5,5632,very_rare,2
W5,5633,very_rare,2
W5,5634,very_rare,2
W5,5635,unseen,0
W5,5636,very_rare,3
W5,5637,very_rare,1
W5,5638,unseen,0
W5,5639,unseen,0
W5,5640,unseen,0
W5,5641,unseen,0
W5,5642,unseen,0
W5,5643,unseen,0
W5,5644,unseen,0
W5,5645,very_rare,2
W5,5646,unseen,0
W5,5647,unseen,0
W5,5648,unseen,0
W5,5649,unseen,0
W5,5650,unseen,0
W5,5651,unseen,0
W5,5652,unseen,0
W5,5653,unseen,0
W5,5654,unseen,0
W5,5655,unseen,0
W5,5656,unseen,0
W5,5657,unseen,0
W5,5658,unseen,0
W5,5659,unseen,0
W5,5660,unseen,0
W5,5661,unseen,0
W5,5662,unseen,0
W5,5663,unseen,0
W5,5664,unseen,0
W5,5665,unseen,0
W5,5666,unseen,0
W5,5667,unseen,0
W5,5668,unseen,0
W5,5669,unseen,0
W5,5670,unseen,0
W5,5671,unseen,0
W5,5672,unseen,0
W5,5673,unseen,0
W5,5674,unseen,0
W5,5675,unseen,0
W5,5676,unseen,0
W5,5677,unseen,0
W5,5678,unseen,0
W5,5679,unseen,0
W5,5680,unseen,0
W5,5681,unseen,0
W5,5682,unseen,0
W5,5683,unseen,0
W5,5684,unseen,0
W5,5685,unseen,0
W5,5686,unseen,0
W5,5687,unseen,0
W5,5688,unseen,0
W5,5689,unseen,0
W5,5690,unseen,0
W5,5691,unseen,0
W5,5692,unseen,0
W5,5693,unseen,0
W5,5694,unseen,0
W5,5695,unseen,0
W5,5696,unseen,0
W5,5697,very_rare,2
W5,5698,unseen,0
W5,5699,unseen,0
W5,5700,unseen,0
W5,5701,unseen,0
W5,5702,unseen,0
W5,5703,unseen,0
W5,5704,unseen,0
W5,5705,unseen,0
W5,5706,unseen,0
W5,5707,unseen,0
W5,5708,unseen,0
W5,5709,unseen,0
W5,5710,unseen,0
W5,5711,unseen,0
W5,5712,unseen,0
W5,5713,unseen,0
W5,5714,unseen,0
W5,5715,unseen,0
W5,5716,unseen,0
W5,5717,unseen,0
W5,5718,very_rare,1
W5,5719,unseen,0
W5,5720,unseen,0
W5,5721,unseen,0
W5,5722,unseen,0
W5,5723,unseen,0
W5,5724,unseen,0
W5,5725,unseen,0
W5,5726,unseen,0
W5,5727,unseen,0
W5,5728,unseen,0
W5,5729,unseen,0
W5,5730,unseen,0
W5,5731,unseen,0
W5,5732,unseen,0
W5,5733,unseen,0
W5,5734,unseen,0
W5,5735,unseen,0
W5,5736,unseen,0
W5,5737,unseen,0
W5,5738,unseen,0
W5,5739,unseen,0
W5,5740,unseen,0
W5,5741,unseen,0
W5,5742,unseen,0
W5,5743,unseen,0
W5,5744,unseen,0
W5,5745,unseen,0
W5,5746,unseen,0
W5,5747,unseen,0
W5,5748,unseen,0
W5,5749,unseen,0
W5,5750,unseen,0
W5,5751,unseen,0
W5,5752,unseen,0
W5,5753,unseen,0
W5,5754,unseen,0
W5,5755,unseen,0
W5,5756,unseen,0
W5,5757,unseen,0
W5,5758,unseen,0
W5,5759,unseen,0
W5,5760,unseen,0
W5,5761,unseen,0
W5,5762,unseen,0
W5,5763,unseen,0
W5,5764,unseen,0
W5,5765,unseen,0
W5,5766,unseen,0
W5,5767,unseen,0
W5,5768,unseen,0
W5,5769,unseen,0
W5,5770,unseen,0
W5,5771,unseen,0
W5,5772,unseen,0
W5,5773,unseen,0
W5,5774,unseen,0
W5,5775,unseen,0
W5,5776,unseen,0
W5,5777,unseen,0
W5,5778,unseen,0
W5,5779,unseen,0
W5,5780,unseen,0
W5,5781,unseen,0
W5,5782,unseen,0
W5,5783,unseen,0
W5,5784,unseen,0
W5,5785,unseen,0
W5,5786,unseen,0
W5,5787,unseen,0
W5,5788,unseen,0
W5,5789,unseen,0
W5,5790,unseen,0
W5,5791,unseen,0
W5,5792,unseen,0
W5,5793,unseen,0
W5,5794,unseen,0
W5,5795,unseen,0
W5,5796,unseen,0
W5,5797,unseen,0
W5,5798,unseen,0
W5,5799,unseen,0
W5,5800,unseen,0
W5,5801,unseen,0
W5,5802,unseen,0
W5,5803,unseen,0
W5,5804,unseen,0
W5,5805,unseen,0
W5,5806,unseen,0
W5,5807,unseen,0
W5,5808,unseen,0
W5,5809,unseen,0
W5,5810,unseen,0
W5,5811,unseen,0
W5,5812,unseen,0
W5,5813,unseen,0
W5,5814,unseen,0
W5,5815,unseen,0
W5,5816,unseen,0
W5,5817,unseen,0
W5,5818,unseen,0
W5,5819,unseen,0
W5,5820,unseen,0
W5,5821,unseen,0
W5,5822,unseen,0
W5,5823,unseen,0
W5,5824,unseen,0
W5,5825,unseen,0
W5,5826,unseen,0
W5,5827,very_rare,1
W5,5828,unseen,0
W5,5829,unseen,0
W5,5830,unseen,0
W5,5831,unseen,0
W5,5832,unseen,0
W5,5833,unseen,0
W5,5834,unseen,0
W5,5835,unseen,0
W5,5836,unseen,0
W5,5837,unseen,0
W5,5838,unseen,0
W5,5839,unseen,0
W5,5840,unseen,0
W5,5841,unseen,0
W5,5842,unseen,0
W5,5843,unseen,0
W5,5844,unseen,0
W5,5845,unseen,0
W5,5846,unseen,0
W5,5847,unseen,0
W5,5848,unseen,0
W5,5849,unseen,0
W5,5850,unseen,0
W5,5851,unseen,0
W5,5852,unseen,0
W5,5853,unseen,0
W5,5854,unseen,0
W5,5855,unseen,0
W5,5856,unseen,0
W5,5857,unseen,0
W5,5858,unseen,0
W5,5859,unseen,0
W5,5860,unseen,0
W5,5861,unseen,0
W5,5862,unseen,0
W5,5863,unseen,0
W5,5864,unseen,0
W5,5865,unseen,0
W5,5866,unseen,0
W5,5867,unseen,0
W5,5868,unseen,0
W5,5869,unseen,0
W5,5870,unseen,0
W5,5871,unseen,0
W5,5872,unseen,0
W5,5873,unseen,0
W5,5874,unseen,0
W5,5875,unseen,0
W5,5876,unseen,0
W5,5877,unseen,0
W5,5878,unseen,0
W5,5879,unseen,0
W5,5880,unseen,0
W5,5881,unseen,0
W5,5882,unseen,0
W5,5883,unseen,0
W5,5884,unseen,0
W5,5885,unseen,0
W5,5886,unseen,0
W5,5887,unseen,0
W5,5888,unseen,0
W5,5889,unseen,0
W5,5890,unseen,0
W5,5891,unseen,0
W5,5892,unseen,0
W5,5893,unseen,0
W5,5894,unseen,0
W5,5895,unseen,0
W5,5896,unseen,0
W5,5897,unseen,0
W5,5898,unseen,0
W5,5899,unseen,0
W5,5900,unseen,0
W5,5901,unseen,0
W5,5902,unseen,0
W5,5903,unseen,0
W5,5904,unseen,0
W5,5905,unseen,0
W5,5906,unseen,0
W5,5907,unseen,0
W5,5908,unseen,0
W5,5909,unseen,0
W5,5910,unseen,0
W5,5911,unseen,0
W5,5912,unseen,0
W5,5913,unseen,0
W5,5914,unseen,0
W5,5915,unseen,0
W5,5916,unseen,0
W5,5917,unseen,0
W5,5918,unseen,0
W5,5919,unseen,0
W5,5920,unseen,0
W5,5921,unseen,0
W5,5922,unseen,0
W5,5923,unseen,0
W5,5924,unseen,0
W5,5925,unseen,0
W5,5926,unseen,0
W5,5927,unseen,0
W5,5928,unseen,0
W5,5929,unseen,0
W5,5930,unseen,0
W5,5931,unseen,0
W5,5932,unseen,0
W5,5933,unseen,0
W5,5934,unseen,0
W5,5935,unseen,0
W5,5936,unseen,0
W5,5937,unseen,0
W5,5938,unseen,0
W5,5939,unseen,0
W5,5940,unseen,0
W5,5941,unseen,0
W5,5942,unseen,0
W5,5943,unseen,0
W5,5944,unseen,0
W5,5945,unseen,0
W5,5946,unseen,0
W5,5947,unseen,0
W5,5948,unseen,0
W5,5949,unseen,0
W5,5950,unseen,0
W5,5951,unseen,0
W5,5952,unseen,0
W5,5953,unseen,0
W5,5954,unseen,0
W5,5955,unseen,0
W5,5956,unseen,0
W5,5957,unseen,0
W5,5958,unseen,0
W5,5959,unseen,0
W5,5960,unseen,0
W5,5961,unseen,0
W5,5962,unseen,0
W5,5963,unseen,0
W5,5964,unseen,0
W5,5965,unseen,0
W5,5966,unseen,0
W5,5967,unseen,0
W5,5968,unseen,0
W5,5969,unseen,0
W5,5970,unseen,0
W5,5971,unseen,0
W5,5972,unseen,0
W5,5973,unseen,0
W5,5974,unseen,0
W5,5975,unseen,0
W5,5976,unseen,0
W5,5977,unseen,0
W5,5978,unseen,0
W5,5979,unseen,0
W5,5980,unseen,0
W5,5981,unseen,0
W5,5982,unseen,0
W5,5983,unseen,0
W5,5984,unseen,0
W5,5985,unseen,0
W5,5986,unseen,0
W5,5987,unseen,0
W5,5988,unseen,0
W5,5989,unseen,0
W5,5990,unseen,0
W5,5991,unseen,0
W5,5992,unseen,0
W5,5993,unseen,0
W5,5994,unseen,0
W5,5995,unseen,0
W5,5996,unseen,0
W5,5997,unseen,0
W5,5998,unseen,0
W5,5999,unseen,0
W5,6000,unseen,0
W5,6001,unseen,0
W5,6002,unseen,0
W5,6003,unseen,0
W5,6004,unseen,0
W5,6005,unseen,0
W5,6006,unseen,0
W5,6007,unseen,0
W5,6008,unseen,0
W5,6009,unseen,0
W5,6010,unseen,0
W5,6011,unseen,0
W5,6012,unseen,0
W5,6013,unseen,0
W5,6014,unseen,0
W5,6015,unseen,0
W5,6016,unseen,0
W5,6017,unseen,0
W5,6018,unseen,0
W5,6019,unseen,0
W5,6020,unseen,0
W5,6021,unseen,0
W5,6022,unseen,0
W5,6023,unseen,0
W5,6024,unseen,0
W5,6025,unseen,0
W5,6026,unseen,0
W5,6027,unseen,0
W5,6028,unseen,0
W5,6029,unseen,0
W5,6030,unseen,0
W5,6031,unseen,0
W5,6032,unseen,0
W5,6033,unseen,0
W5,6034,unseen,0
W5,6035,unseen,0
W5,6036,unseen,0
W5,6037,unseen,0
W5,6038,unseen,0
W5,6039,unseen,0
W5,6040,unseen,0
W5,6041,unseen,0
W5,6042,unseen,0
W5,6043,unseen,0
W5,6044,unseen,0
W5,6045,unseen,0
W5,6046,unseen,0
W5,6047,unseen,0
W5,6048,unseen,0
W5,6049,unseen,0
W5,6050,unseen,0
W5,6051,unseen,0
W5,6052,unseen,0
W5,6053,unseen,0
W5,6054,unseen,0
W5,6055,unseen,0
W5,6056,unseen,0
W5,6057,unseen,0
W5,6058,unseen,0
W5,6059,unseen,0
W5,6060,unseen,0
W5,6061,unseen,0
W5,6062,unseen,0
W5,6063,unseen,0
W5,6064,unseen,0
W5,6065,unseen,0
W5,6066,unseen,0
W5,6067,unseen,0
W5,6068,unseen,0
W5,6069,unseen,0
W5,6070,unseen,0
W5,6071,unseen,0
W5,6072,unseen,0
W5,6073,unseen,0
W5,6074,unseen,0
W5,6075,unseen,0
W5,6076,unseen,0
W5,6077,unseen,0
W5,6078,unseen,0
W5,6079,unseen,0
W5,6080,unseen,0
W5,6081,unseen,0
W5,6082,unseen,0
W5,6083,unseen,0
W5,6084,unseen,0
W5,6085,unseen,0
W5,6086,unseen,0
W5,6087,unseen,0
W5,6088,unseen,0
W5,6089,unseen,0
W5,6090,unseen,0
W5,6091,unseen,0
W5,6092,unseen,0
W5,6093,unseen,0
W5,6094,unseen,0
W5,6095,unseen,0
W5,6096,unseen,0
W5,6097,unseen,0
W5,6098,unseen,0
W5,6099,unseen,0
W5,6100,unseen,0
W5,6101,unseen,0
W5,6102,unseen,0
W5,6103,unseen,0
W5,6104,unseen,0
W5,6105,unseen,0
W5,6106,unseen,0
W5,6107,unseen,0
W5,6108,unseen,0
W5,6109,unseen,0
W5,6110,unseen,0
W5,6111,unseen,0
W5,6112,unseen,0
W5,6113,unseen,0
W5,6114,unseen,0
W5,6115,unseen,0
W5,6116,unseen,0
W5,6117,unseen,0
W5,6118,unseen,0
W5,6119,unseen,0
W5,6120,unseen,0
W5,6121,unseen,0
W5,6122,unseen,0
W5,6123,unseen,0
W5,6124,unseen,0
W5,6125,unseen,0
W5,6126,unseen,0
W5,6127,unseen,0
W5,6128,unseen,0
W5,6129,unseen,0
W5,6130,unseen,0
W5,6131,unseen,0
W5,6132,unseen,0
W5,6133,unseen,0
W5,6134,unseen,0
W5,6135,unseen,0
W5,6136,unseen,0
W5,6137,unseen,0
W5,6138,unseen,0
W5,6139,unseen,0
W5,6140,unseen,0
W5,6141,unseen,0
W5,6142,unseen,0
W5,6143,unseen,0
W5,6144,unseen,0
W5,6145,unseen,0
W5,6146,unseen,0
W5,6147,unseen,0
W5,6148,unseen,0
W5,6149,unseen,0
W5,6150,unseen,0
W5,6151,unseen,0
W5,6152,unseen,0
W5,6153,unseen,0
W5,6154,unseen,0
W5,6155,unseen,0
W5,6156,unseen,0
W5,6157,unseen,0
W5,6158,unseen,0
W5,6159,unseen,0
W5,6160,unseen,0
W5,6161,unseen,0
W5,6162,unseen,0
W5,6163,unseen,0
W5,6164,unseen,0
W5,6165,unseen,0
W5,6166,unseen,0
W5,6167,unseen,0
W5,6168,unseen,0
W5,6169,unseen,0
W5,6170,unseen,0
W5,6171,unseen,0
W5,6172,unseen,0
W5,6173,unseen,0
W5,6174,unseen,0
W5,6175,unseen,0
W5,6176,unseen,0
W5,6177,unseen,0
W5,6178,unseen,0
W5,6179,unseen,0
W5,6180,unseen,0
W5,6181,unseen,0
W5,6182,unseen,0
W5,6183,unseen,0
W5,6184,unseen,0
W5,6185,unseen,0
W5,6186,unseen,0
W5,6187,unseen,0
W5,6188,unseen,0
W5,6189,unseen,0
W5,6190,unseen,0
W5,6191,unseen,0
W5,6192,unseen,0
W5,6193,unseen,0
W5,6194,unseen,0
W5,6195,unseen,0
W5,6196,unseen,0
W5,6197,unseen,0
W5,6198,unseen,0
W5,6199,unseen,0
W5,6200,unseen,0
W5,6201,unseen,0
W5,6202,unseen,0
W5,6203,unseen,0
W5,6204,unseen,0
W5,6205,unseen,0
W5,6206,unseen,0
W5,6207,unseen,0
W5,6208,unseen,0
W5,6209,unseen,0
W5,6210,unseen,0
W5,6211,unseen,0
W5,6212,unseen,0
W5,6213,unseen,0
W5,6214,unseen,0
W5,6215,unseen,0
W5,6216,unseen,0
W5,6217,unseen,0
W5,6218,unseen,0
W5,6219,unseen,0
W5,6220,unseen,0
W5,6221,unseen,0
W5,6222,unseen,0
W5,6223,unseen,0
W5,6224,unseen,0
W5,6225,unseen,0
W5,6226,unseen,0
W5,6227,unseen,0
W5,6228,unseen,0
W5,6229,unseen,0
W5,6230,unseen,0
W5,6231,unseen,0
W5,6232,unseen,0
W5,6233,unseen,0
W5,6234,unseen,0
W5,6235,unseen,0
W5,6236,unseen,0
W5,6237,unseen,0
W5,6238,unseen,0
W5,6239,unseen,0
W5,6240,unseen,0
W5,6241,unseen,0
W5,6242,unseen,0
W5,6243,unseen,0
W5,6244,unseen,0
W5,6245,unseen,0
W5,6246,unseen,0
W5,6247,unseen,0
W5,6248,unseen,0
W5,6249,unseen,0
W5,6250,unseen,0
W5,6251,unseen,0
W5,6252,unseen,0
W5,6253,unseen,0
W5,6254,unseen,0
W5,6255,unseen,0
W5,6256,unseen,0
W5,6257,unseen,0
W5,6258,unseen,0
W5,6259,unseen,0
W5,6260,unseen,0
W5,6261,unseen,0
W5,6262,unseen,0
W5,6263,unseen,0
W5,6264,unseen,0
W5,6265,unseen,0
W5,6266,unseen,0
W5,6267,unseen,0
W5,6268,unseen,0
W5,6269,unseen,0
W5,6270,unseen,0
W5,6271,unseen,0
W5,6272,unseen,0
W5,6273,unseen,0
W5,6274,unseen,0
W5,6275,unseen,0
W5,6276,unseen,0
W5,6277,unseen,0
W5,6278,unseen,0
W5,6279,unseen,0
W5,6280,unseen,0
W5,6281,unseen,0
W5,6282,unseen,0
W5,6283,unseen,0
W5,6284,unseen,0
W5,6285,unseen,0
W5,6286,unseen,0
W5,6287,unseen,0
W5,6288,unseen,0
W5,6289,unseen,0
W5,6290,unseen,0
W5,6291,unseen,0
W5,6292,unseen,0
W5,6293,unseen,0
W5,6294,unseen,0
W5,6295,unseen,0
W5,6296,unseen,0
W5,6297,unseen,0
W5,6298,unseen,0
W5,6299,unseen,0
W5,6300,unseen,0
W5,6301,unseen,0
W5,6302,unseen,0
W5,6303,unseen,0
W5,6304,unseen,0
W5,6305,unseen,0
W5,6306,unseen,0
W5,6307,unseen,0
W5,6308,unseen,0
W5,6309,unseen,0
W5,6310,unseen,0
W5,6311,unseen,0
W5,6312,unseen,0
W5,6313,unseen,0
W5,6314,unseen,0
W5,6315,unseen,0
W5,6316,unseen,0
W5,6317,unseen,0
W5,6318,unseen,0
W5,6319,unseen,0
W5,6320,unseen,0
W5,6321,unseen,0
W5,6322,unseen,0
W5,6323,unseen,0
W5,6324,unseen,0
W5,6325,unseen,0
W5,6326,unseen,0
W5,6327,unseen,0
W5,6328,unseen,0
W5,6329,unseen,0
W5,6330,unseen,0
W5,6331,unseen,0
W5,6332,unseen,0
W5,6333,unseen,0
W5,6334,unseen,0
W5,6335,unseen,0
W5,6336,unseen,0
W5,6337,unseen,0
W5,6338,unseen,0
W5,6339,unseen,0
W5,6340,unseen,0
W5,6341,unseen,0
W5,6342,unseen,0
W5,6343,unseen,0
W5,6344,unseen,0
W5,6345,unseen,0
W5,6346,unseen,0
W5,6347,unseen,0
W5,6348,unseen,0
W5,6349,unseen,0
W5,6350,unseen,0
W5,6351,unseen,0
W5,6352,unseen,0
W5,6353,unseen,0
W5,6354,unseen,0
W5,6355,unseen,0
W5,6356,unseen,0
W5,6357,unseen,0
W5,6358,unseen,0
W5,6359,unseen,0
W5,6360,unseen,0
W5,6361,unseen,0
W5,6362,unseen,0
W5,6363,unseen,0
W5,6364,unseen,0
W5,6365,unseen,0
W5,6366,unseen,0
W5,6367,unseen,0
W5,6368,unseen,0
W5,6369,unseen,0
W5,6370,unseen,0
W5,6371,unseen,0
W5,6372,unseen,0
W5,6373,unseen,0
W5,6374,unseen,0
W5,6375,unseen,0
W5,6376,unseen,0
W5,6377,unseen,0
W5,6378,unseen,0
W5,6379,unseen,0
W5,6380,unseen,0
W5,6381,unseen,0
W5,6382,unseen,0
W5,6383,unseen,0
W5,6384,unseen,0
W5,6385,unseen,0
W5,6386,unseen,0
W5,6387,unseen,0
W5,6388,unseen,0
W5,6389,unseen,0
W5,6390,unseen,0
W5,6391,unseen,0
W5,6392,unseen,0
W5,6393,unseen,0
W5,6394,unseen,0
W5,6395,unseen,0
W5,6396,unseen,0
W5,6397,unseen,0
W5,6398,unseen,0
W5,6399,unseen,0
W5,6400,unseen,0
W5,6401,unseen,0
W5,6402,unseen,0
W5,6403,unseen,0
W5,6404,unseen,0
W5,6405,unseen,0
W5,6406,unseen,0
W5,6407,unseen,0
W5,6408,unseen,0
W5,6409,unseen,0
W5,6410,unseen,0
W5,6411,unseen,0
W5,6412,unseen,0
W5,6413,unseen,0
W5,6414,unseen,0
W5,6415,unseen,0
W5,6416,unseen,0
W5,6417,unseen,0
W5,6418,unseen,0
W5,6419,unseen,0
W5,6420,unseen,0
W5,6421,unseen,0
W5,6422,very_rare,1
W5,6423,unseen,0
W5,6424,unseen,0
W5,6425,unseen,0
W5,6426,unseen,0
W5,6427,unseen,0
W5,6428,unseen,0
W5,6429,unseen,0
W5,6430,unseen,0
W5,6431,unseen,0
W5,6432,unseen,0
W5,6433,unseen,0
W5,6434,unseen,0
W5,6435,unseen,0
W5,6436,unseen,0
W5,6437,unseen,0
W5,6438,unseen,0
W5,6439,unseen,0
W5,6440,unseen,0
W5,6441,unseen,0
W5,6442,unseen,0
W5,6443,unseen,0
W5,6444,unseen,0
W5,6445,unseen,0
W5,6446,unseen,0
W5,6447,unseen,0
W5,6448,unseen,0
W5,6449,unseen,0
W5,6450,unseen,0
W5,6451,unseen,0
W5,6452,unseen,0
W5,6453,unseen,0
W5,6454,unseen,0
W5,6455,unseen,0
W5,6456,unseen,0
W5,6457,unseen,0
W5,6458,unseen,0
W5,6459,unseen,0
W5,6460,unseen,0
W5,6461,unseen,0
W5,6462,unseen,0
W5,6463,unseen,0
W5,6464,unseen,0
W5,6465,unseen,0
W5,6466,unseen,0
W5,6467,unseen,0
W5,6468,unseen,0
W5,6469,unseen,0
W5,6470,unseen,0
W5,6471,unseen,0
W5,6472,unseen,0
W5,6473,unseen,0
W5,6474,unseen,0
W5,6475,unseen,0
W5,6476,unseen,0
W5,6477,unseen,0
W5,6478,unseen,0
W5,6479,unseen,0
W5,6480,unseen,0
W5,6481,unseen,0
W5,6482,unseen,0
W5,6483,unseen,0
W5,6484,unseen,0
W5,6485,unseen,0
W5,6486,unseen,0
W5,6487,unseen,0
W5,6488,unseen,0
W5,6489,unseen,0
W5,6490,unseen,0
W5,6491,unseen,0
W5,6492,unseen,0
W5,6493,unseen,0
W5,6494,unseen,0
W5,6495,unseen,0
W5,6496,unseen,0
W5,6497,unseen,0
W5,6498,unseen,0
W5,6499,unseen,0
W5,6500,unseen,0
W5,6501,unseen,0
W5,6502,unseen,0
W5,6503,unseen,0
W5,6504,unseen,0
W5,6505,unseen,0
W5,6506,unseen,0
W5,6507,unseen,0
W5,6508,unseen,0
W5,6509,unseen,0
W5,6510,unseen,0
W5,6511,unseen,0
W5,6512,unseen,0
W5,6513,unseen,0
W5,6514,unseen,0
W5,6515,unseen,0
W5,6516,unseen,0
W5,6517,unseen,0
W5,6518,unseen,0
W5,6519,unseen,0
W5,6520,unseen,0
W5,6521,unseen,0
W5,6522,unseen,0
W5,6523,unseen,0
W5,6524,unseen,0
W5,6525,unseen,0
W5,6526,unseen,0
W5,6527,unseen,0
W5,6528,unseen,0
W5,6529,unseen,0
W5,6530,unseen,0
W5,6531,unseen,0
W5,6532,unseen,0
W5,6533,unseen,0
W5,6534,unseen,0
W5,6535,unseen,0
W5,6536,unseen,0
W5,6537,unseen,0
W5,6538,unseen,0
W5,6539,unseen,0
W5,6540,unseen,0
W5,6541,unseen,0
W5,6542,unseen,0
W5,6543,unseen,0
W5,6544,unseen,0
W5,6545,unseen,0
W5,6546,unseen,0
W5,6547,unseen,0
W5,6548,unseen,0
W5,6549,unseen,0
W5,6550,unseen,0
W5,6551,unseen,0
W5,6552,unseen,0
W5,6553,unseen,0
W5,6554,unseen,0
W5,6555,unseen,0
W5,6556,unseen,0
W5,6557,unseen,0
W5,6558,unseen,0
W5,6559,unseen,0
W5,6560,unseen,0
W5,6561,unseen,0
W5,6562,unseen,0
W5,6563,unseen,0
W5,6564,unseen,0
W5,6565,unseen,0
W5,6566,unseen,0
W5,6567,unseen,0
W5,6568,unseen,0
W5,6569,unseen,0
W5,6570,unseen,0
W5,6571,unseen,0
W5,6572,unseen,0
W5,6573,unseen,0
W5,6574,unseen,0
W5,6575,unseen,0
W5,6576,unseen,0
W5,6577,unseen,0
W5,6578,unseen,0
W5,6579,unseen,0
W5,6580,unseen,0
W5,6581,unseen,0
W5,6582,unseen,0
W5,6583,unseen,0
W5,6584,unseen,0
W5,6585,unseen,0
W5,6586,unseen,0
W5,6587,unseen,0
W5,6588,unseen,0
W5,6589,unseen,0
W5,6590,unseen,0
W5,6591,unseen,0
W5,6592,unseen,0
W5,6593,unseen,0
W5,6594,unseen,0
W5,6595,unseen,0
W5,6596,unseen,0
W5,6597,unseen,0
W5,6598,unseen,0
W5,6599,unseen,0
W5,6600,unseen,0
W5,6601,unseen,0
W5,6602,unseen,0
W5,6603,unseen,0
W5,6604,unseen,0
W5,6605,unseen,0
W5,6606,unseen,0
W5,6607,unseen,0
W5,6608,unseen,0
W5,6609,unseen,0
W5,6610,unseen,0
W5,6611,unseen,0
W5,6612,unseen,0
W5,6613,unseen,0
W5,6614,unseen,0
W5,6615,unseen,0
W5,6616,unseen,0
W5,6617,unseen,0
W5,6618,unseen,0
W5,6619,unseen,0
W5,6620,unseen,0
W5,6621,unseen,0
W5,6622,unseen,0
W5,6623,unseen,0
W5,6624,unseen,0
W5,6625,unseen,0
W5,6626,unseen,0
W5,6627,unseen,0
W5,6628,unseen,0
W5,6629,unseen,0
W5,6630,unseen,0
W5,6631,unseen,0
W5,6632,unseen,0
W5,6633,unseen,0
W5,6634,unseen,0
W5,6635,unseen,0
W5,6636,unseen,0
W5,6637,unseen,0
W5,6638,unseen,0
W5,6639,unseen,0
W5,6640,unseen,0
W5,6641,unseen,0
W5,6642,unseen,0
W5,6643,unseen,0
W5,6644,unseen,0
W5,6645,unseen,0
W5,6646,unseen,0
W5,6647,unseen,0
W5,6648,unseen,0
W5,6649,unseen,0
W5,6650,unseen,0
W5,6651,unseen,0
W5,6652,unseen,0
W5,6653,unseen,0
W5,6654,unseen,0
W5,6655,unseen,0
W5,6656,unseen,0
W5,6657,unseen,0
W5,6658,unseen,0
W5,6659,unseen,0
W5,6660,unseen,0
W5,6661,unseen,0
W5,6662,unseen,0
W5,6663,unseen,0
W5,6664,unseen,0
W5,6665,unseen,0
W5,6666,unseen,0
W5,6667,unseen,0
W5,6668,unseen,0
W5,6669,unseen,0
W5,6670,unseen,0
W5,6671,unseen,0
W5,6672,unseen,0
W5,6673,unseen,0
W5,6674,unseen,0
W5,6675,unseen,0
W5,6676,unseen,0
W5,6677,unseen,0
W5,6678,unseen,0
W5,6679,unseen,0
W5,6680,unseen,0
W5,6681,unseen,0
W5,6682,unseen,0
W5,6683,unseen,0
W5,6684,unseen,0
W5,6685,unseen,0
W5,6686,unseen,0
W5,6687,unseen,0
W5,6688,unseen,0
W5,6689,unseen,0
W5,6690,very_rare,1
W5,6691,unseen,0
W5,6692,unseen,0
W5,6693,unseen,0
W5,6694,unseen,0
W5,6695,unseen,0
W5,6696,unseen,0
W5,6697,unseen,0
W5,6698,unseen,0
W5,6699,unseen,0
W5,6700,unseen,0
W5,6701,unseen,0
W5,6702,unseen,0
W5,6703,unseen,0
W5,6704,unseen,0
W5,6705,unseen,0
W5,6706,unseen,0
W5,6707,unseen,0
W5,6708,unseen,0
W5,6709,unseen,0
W5,6710,unseen,0
W5,6711,unseen,0
W5,6712,unseen,0
W5,6713,unseen,0
W5,6714,unseen,0
W5,6715,unseen,0
W5,6716,unseen,0
W5,6717,unseen,0
W5,6718,unseen,0
W5,6719,unseen,0
W5,6720,unseen,0
W5,6721,unseen,0
W5,6722,unseen,0
W5,6723,unseen,0
W5,6724,unseen,0
W5,6725,unseen,0
W5,6726,unseen,0
W5,6727,unseen,0
W5,6728,unseen,0
W5,6729,unseen,0
W5,6730,unseen,0
W5,6731,unseen,0
W5,6732,unseen,0
W5,6733,unseen,0
W5,6734,unseen,0
W5,6735,unseen,0
W5,6736,unseen,0
W5,6737,unseen,0
W5,6738,unseen,0
W5,6739,unseen,0
W5,6740,unseen,0
W5,6741,unseen,0
W5,6742,unseen,0
W5,6743,unseen,0
W5,6744,unseen,0
W5,6745,unseen,0
W5,6746,unseen,0
W5,6747,unseen,0
W5,6748,unseen,0
W5,6749,unseen,0
W5,6750,unseen,0
W5,6751,unseen,0
W5,6752,unseen,0
W5,6753,unseen,0
W5,6754,unseen,0
W5,6755,unseen,0
W5,6756,unseen,0
W5,6757,unseen,0
W5,6758,unseen,0
W5,6759,unseen,0
W5,6760,unseen,0
W5,6761,unseen,0
W5,6762,unseen,0
W5,6763,unseen,0
W5,6764,unseen,0
W5,6765,unseen,0
W5,6766,unseen,0
W5,6767,unseen,0
W5,6768,unseen,0
W5,6769,unseen,0
W5,6770,unseen,0
W5,6771,unseen,0
W5,6772,unseen,0
W5,6773,unseen,0
W5,6774,unseen,0
W5,6775,unseen,0
W5,6776,unseen,0
W5,6777,unseen,0
W5,6778,unseen,0
W5,6779,unseen,0
W5,6780,unseen,0
W5,6781,unseen,0
W5,6782,unseen,0
W5,6783,unseen,0
W5,6784,unseen,0
W5,6785,unseen,0
W5,6786,unseen,0
W5,6787,unseen,0
W5,6788,unseen,0
W5,6789,unseen,0
W5,6790,unseen,0
W5,6791,very_rare,1
W5,6792,unseen,0
W5,6793,unseen,0
W5,6794,unseen,0
W5,6795,unseen,0
W5,6796,unseen,0
W5,6797,unseen,0
W5,6798,unseen,0
W5,6799,unseen,0
W5,6800,unseen,0
W5,6801,unseen,0
W5,6802,unseen,0
W5,6803,unseen,0
W5,6804,unseen,0
W5,6805,unseen,0
W5,6806,unseen,0
W5,6807,unseen,0
W5,6808,unseen,0
W5,6809,unseen,0
W5,6810,unseen,0
W5,6811,unseen,0
W5,6812,unseen,0
W5,6813,unseen,0
W5,6814,unseen,0
W5,6815,unseen,0
W5,6816,unseen,0
W5,6817,unseen,0
W5,6818,unseen,0
W5,6819,unseen,0
W5,6820,unseen,0
W5,6821,unseen,0
W5,6822,very_rare,2
W5,6823,unseen,0
W5,6824,unseen,0
W5,6825,very_rare,1
W5,6826,very_rare,2
W5,6827,unseen,0
W5,6828,unseen,0
W5,6829,unseen,0
W5,6830,unseen,0
W5,6831,unseen,0
W5,6832,unseen,0
W5,6833,unseen,0
W5,6834,unseen,0
W5,6835,unseen,0
W5,6836,unseen,0
W5,6837,unseen,0
W5,6838,unseen,0
W5,6839,unseen,0
W5,6840,unseen,0
W5,6841,unseen,0
W5,6842,unseen,0
W5,6843,unseen,0
W5,6844,unseen,0
W5,6845,unseen,0
W5,6846,unseen,0
W5,6847,unseen,0
W5,6848,unseen,0
W5,6849,unseen,0
W5,6850,unseen,0
W5,6851,unseen,0
W5,6852,unseen,0
W5,6853,unseen,0
W5,6854,unseen,0
W5,6855,unseen,0
W5,6856,unseen,0
W5,6857,unseen,0
W5,6858,unseen,0
W5,6859,unseen,0
W5,6860,unseen,0
W5,6861,unseen,0
W5,6862,unseen,0
W5,6863,unseen,0
W5,6864,unseen,0
W5,6865,very_rare,3
W5,6866,unseen,0
W5,6867,unseen,0
W5,6868,unseen,0
W5,6869,unseen,0
W5,6870,unseen,0
W5,6871,unseen,0
W5,6872,unseen,0
W5,6873,unseen,0
W5,6874,unseen,0
W5,6875,unseen,0
W5,6876,unseen,0
W5,6877,unseen,0
W5,6878,unseen,0
W5,6879,unseen,0
W5,6880,unseen,0
W5,6881,unseen,0
W5,6882,unseen,0
W5,6883,unseen,0
W5,6884,unseen,0
W5,6885,unseen,0
W5,6886,unseen,0
W5,6887,very_rare,1
W5,6888,unseen,0
W5,6889,unseen,0
W5,6890,unseen,0
W5,6891,unseen,0
W5,6892,unseen,0
W5,6893,unseen,0
W5,6894,unseen,0
W5,6895,unseen,0
W5,6896,unseen,0
W5,6897,unseen,0
W5,6898,unseen,0
W5,6899,unseen,0
W5,6900,unseen,0
W5,6901,unseen,0
W5,6902,unseen,0
W5,6903,unseen,0
W5,6904,unseen,0
W5,6905,normal,11
W5,6906,unseen,0
W5,6907,unseen,0
W5,6908,unseen,0
W5,6909,unseen,0
W5,6910,unseen,0
W5,6911,unseen,0
W5,6912,unseen,0
W5,6913,unseen,0
W5,6914,unseen,0
W5,6915,unseen,0
W5,6916,unseen,0
W5,6917,unseen,0
W5,6918,unseen,0
W5,6919,unseen,0
W5,6920,unseen,0
W5,6921,unseen,0
W5,6922,unseen,0
W5,6923,unseen,0
W5,6924,unseen,0
W5,6925,unseen,0
W5,6926,unseen,0
W5,6927,unseen,0
W5,6928,unseen,0
W5,6929,unseen,0
W5,6930,unseen,0
W5,6931,unseen,0
W5,6932,unseen,0
W5,6933,unseen,0
W5,6934,unseen,0
W5,6935,unseen,0
W5,6936,unseen,0
W5,6937,unseen,0
W5,6938,unseen,0
W5,6939,unseen,0
W5,6940,unseen,0
W5,6941,unseen,0
W5,6942,unseen,0
W5,6943,unseen,0
W5,6944,unseen,0
W5,6945,unseen,0
W5,6946,unseen,0
W5,6947,unseen,0
W5,6948,unseen,0
W5,6949,unseen,0
W5,6950,unseen,0
W5,6951,unseen,0
W5,6952,unseen,0
W5,6953,unseen,0
W5,6954,unseen,0
W5,6955,unseen,0
W5,6956,unseen,0
W5,6957,unseen,0
W5,6958,unseen,0
W5,6959,unseen,0
W5,6960,unseen,0
W5,6961,unseen,0
W5,6962,unseen,0
W5,6963,unseen,0
W5,6964,unseen,0
W5,6965,unseen,0
W5,6966,unseen,0
W5,6967,unseen,0
W5,6968,unseen,0
W5,6969,unseen,0
W5,6970,unseen,0
W5,6971,unseen,0
W5,6972,unseen,0
W5,6973,unseen,0
W5,6974,unseen,0
W5,6975,unseen,0
W5,6976,unseen,0
W5,6977,unseen,0
W5,6978,unseen,0
W5,6979,unseen,0
W5,6980,unseen,0
W5,6981,unseen,0
W5,6982,unseen,0
W5,6983,unseen,0
W5,6984,unseen,0
W5,6985,unseen,0
W5,6986,unseen,0
W5,6987,unseen,0
W5,6988,unseen,0
W5,6989,unseen,0
W5,6990,unseen,0
W5,6991,unseen,0
W5,6992,unseen,0
W5,6993,unseen,0
W5,6994,unseen,0
W5,6995,unseen,0
W5,6996,unseen,0
W5,6997,unseen,0
W5,6998,unseen,0
W5,6999,unseen,0
W5,7000,unseen,0
W5,7001,unseen,0
W5,7002,unseen,0
W5,7003,unseen,0
W5,7004,unseen,0
W5,7005,unseen,0
W5,7006,unseen,0
W5,7007,unseen,0
W5,7008,unseen,0
W5,7009,very_rare,1
W5,7010,unseen,0
W5,7011,unseen,0
W5,7012,unseen,0
W5,7013,unseen,0
W5,7014,unseen,0
W5,7015,unseen,0
W5,7016,unseen,0
W5,7017,unseen,0
W5,7018,unseen,0
W5,7019,unseen,0
W5,7020,unseen,0
W5,7021,unseen,0
W5,7022,unseen,0
W5,7023,unseen,0
W5,7024,unseen,0
W5,7025,unseen,0
W5,7026,unseen,0
W5,7027,unseen,0
W5,7028,unseen,0
W5,7029,unseen,0
W5,7030,unseen,0
W5,7031,unseen,0
W5,7032,very_rare,1
W5,7033,unseen,0
W5,7034,unseen,0
W5,7035,unseen,0
W5,7036,unseen,0
W5,7037,unseen,0
W5,7038,unseen,0
W5,7039,unseen,0
W5,7040,unseen,0
W5,7041,unseen,0
W5,7042,unseen,0
W5,7043,unseen,0
W5,7044,unseen,0
W5,7045,unseen,0
W5,7046,unseen,0
W5,7047,unseen,0
W5,7048,unseen,0
W5,7049,unseen,0
W5,7050,unseen,0
W5,7051,unseen,0
W5,7052,unseen,0
W5,7053,unseen,0
W5,7054,unseen,0
W5,7055,unseen,0
W5,7056,unseen,0
W5,7057,unseen,0
W5,7058,unseen,0
W5,7059,unseen,0
W5,7060,unseen,0
W5,7061,unseen,0
W5,7062,unseen,0
W5,7063,unseen,0
W5,7064,unseen,0
W5,7065,unseen,0
W5,7066,unseen,0
W5,7067,unseen,0
W5,7068,unseen,0
W5,7069,unseen,0
W5,7070,unseen,0
W5,7071,unseen,0
W5,7072,unseen,0
W5,7073,unseen,0
W5,7074,unseen,0
W5,7075,unseen,0
W5,7076,unseen,0
W5,7077,unseen,0
W5,7078,unseen,0
W5,7079,unseen,0
W5,7080,unseen,0
W5,7081,unseen,0
W5,7082,unseen,0
W5,7083,unseen,0
W5,7084,unseen,0
W5,7085,unseen,0
W5,7086,unseen,0
W5,7087,unseen,0
W5,7088,unseen,0
W5,7089,unseen,0
W5,7090,unseen,0
W5,7091,unseen,0
W5,7092,unseen,0
W5,7093,unseen,0
W5,7094,unseen,0
W5,7095,unseen,0
W5,7096,unseen,0
W5,7097,unseen,0
W5,7098,unseen,0
W5,7099,unseen,0
W5,7100,unseen,0
W5,7101,unseen,0
W5,7102,unseen,0
W5,7103,unseen,0
W5,7104,unseen,0
W5,7105,unseen,0
W5,7106,unseen,0
W5,7107,unseen,0
W5,7108,unseen,0
W5,7109,unseen,0
W5,7110,unseen,0
W5,7111,unseen,0
W5,7112,unseen,0
W5,7113,unseen,0
W5,7114,unseen,0
W5,7115,unseen,0
W5,7116,unseen,0
W5,7117,unseen,0
W5,7118,unseen,0
W5,7119,unseen,0
W5,7120,unseen,0
W5,7121,unseen,0
W5,7122,unseen,0
W5,7123,unseen,0
W5,7124,unseen,0
W5,7125,unseen,0
W5,7126,unseen,0
W5,7127,unseen,0
W5,7128,unseen,0
W5,7129,unseen,0
W5,7130,unseen,0
W5,7131,unseen,0
W5,7132,unseen,0
W5,7133,unseen,0
W5,7134,unseen,0
W5,7135,unseen,0
W5,7136,unseen,0
W5,7137,unseen,0
W5,7138,unseen,0
W5,7139,unseen,0
W5,7140,unseen,0
W5,7141,unseen,0
W5,7142,unseen,0
W5,7143,unseen,0
W5,7144,unseen,0
W5,7145,unseen,0
W5,7146,unseen,0
W5,7147,unseen,0
W5,7148,unseen,0
W5,7149,unseen,0
W5,7150,unseen,0
W5,7151,unseen,0
W5,7152,unseen,0
W5,7153,unseen,0
W5,7154,unseen,0
W5,7155,unseen,0
W5,7156,unseen,0
W5,7157,unseen,0
W5,7158,unseen,0
W5,7159,unseen,0
W5,7160,unseen,0
W5,7161,unseen,0
W5,7162,unseen,0
W5,7163,unseen,0
W5,7164,unseen,0
W5,7165,unseen,0
W5,7166,unseen,0
W5,7167,unseen,0
W5,7168,unseen,0
W5,7169,unseen,0
W5,7170,unseen,0
W5,7171,unseen,0
W5,7172,unseen,0
W5,7173,unseen,0
W5,7174,unseen,0
W5,7175,unseen,0
W5,7176,unseen,0
W5,7177,unseen,0
W5,7178,unseen,0
W5,7179,unseen,0
W5,7180,unseen,0
W5,7181,unseen,0
W5,7182,unseen,0
W5,7183,unseen,0
W5,7184,unseen,0
W5,7185,unseen,0
W5,7186,unseen,0
W5,7187,unseen,0
W5,7188,unseen,0
W5,7189,unseen,0
W5,7190,unseen,0
W5,7191,unseen,0
W5,7192,unseen,0
W5,7193,unseen,0
W5,7194,unseen,0
W5,7195,unseen,0
W5,7196,unseen,0
W5,7197,unseen,0
W5,7198,unseen,0
W5,7199,unseen,0
W5,7200,unseen,0
W5,7201,unseen,0
W5,7202,unseen,0
W5,7203,unseen,0
W5,7204,unseen,0
W5,7205,unseen,0
W5,7206,unseen,0
W5,7207,unseen,0
W5,7208,unseen,0
W5,7209,unseen,0
W5,7210,unseen,0
W5,7211,unseen,0
W5,7212,unseen,0
W5,7213,unseen,0
W5,7214,unseen,0
W5,7215,unseen,0
W5,7216,unseen,0
W5,7217,unseen,0
W5,7218,unseen,0
W5,7219,unseen,0
W5,7220,unseen,0
W5,7221,unseen,0
W5,7222,unseen,0
W5,7223,unseen,0
W5,7224,unseen,0
W5,7225,unseen,0
W5,7226,unseen,0
W5,7227,unseen,0
W5,7228,unseen,0
W5,7229,unseen,0
W5,7230,unseen,0
W5,7231,unseen,0
W5,7232,unseen,0
W5,7233,unseen,0
W5,7234,unseen,0
W5,7235,unseen,0
W5,7236,unseen,0
W5,7237,unseen,0
W5,7238,unseen,0
W5,7239,unseen,0
W5,7240,unseen,0
W5,7241,unseen,0
W5,7242,unseen,0
W5,7243,unseen,0
W5,7244,unseen,0
W5,7245,unseen,0
W5,7246,unseen,0
W5,7247,unseen,0
W5,7248,unseen,0
W5,7249,unseen,0
W5,7250,unseen,0
W5,7251,unseen,0
W5,7252,unseen,0
W5,7253,unseen,0
W5,7254,unseen,0
W5,7255,unseen,0
W5,7256,unseen,0
W5,7257,unseen,0
W5,7258,unseen,0
W5,7259,unseen,0
W5,7260,unseen,0
W5,7261,unseen,0
W5,7262,unseen,0
W5,7263,unseen,0
W5,7264,unseen,0
W5,7265,unseen,0
W5,7266,unseen,0
W5,7267,unseen,0
W5,7268,unseen,0
W5,7269,unseen,0
W5,7270,unseen,0
W5,7271,unseen,0
W5,7272,unseen,0
W5,7273,unseen,0
W5,7274,unseen,0
W5,7275,unseen,0
W5,7276,unseen,0
W5,7277,unseen,0
W5,7278,unseen,0
W5,7279,unseen,0
W5,7280,unseen,0
W5,7281,unseen,0
W5,7282,unseen,0
W5,7283,unseen,0
W5,7284,unseen,0
W5,7285,unseen,0
W5,7286,unseen,0
W5,7287,unseen,0
W5,7288,unseen,0
W5,7289,unseen,0
W5,7290,unseen,0
W5,7291,unseen,0
W5,7292,unseen,0
W5,7293,unseen,0
W5,7294,unseen,0
W5,7295,unseen,0
W5,7296,unseen,0
W5,7297,unseen,0
W5,7298,unseen,0
W5,7299,unseen,0
W5,7300,unseen,0
W5,7301,unseen,0
W5,7302,unseen,0
W5,7303,unseen,0
W5,7304,unseen,0
W5,7305,unseen,0
W5,7306,unseen,0
W5,7307,unseen,0
W5,7308,unseen,0
W5,7309,unseen,0
W5,7310,unseen,0
W5,7311,unseen,0
W5,7312,unseen,0
W5,7313,unseen,0
W5,7314,unseen,0
W5,7315,unseen,0
W5,7316,unseen,0
W5,7317,unseen,0
W5,7318,unseen,0
W5,7319,unseen,0
W5,7320,unseen,0
W5,7321,unseen,0
W5,7322,unseen,0
W5,7323,unseen,0
W5,7324,unseen,0
W5,7325,unseen,0
W5,7326,unseen,0
W5,7327,unseen,0
W5,7328,unseen,0
W5,7329,unseen,0
W5,7330,unseen,0
W5,7331,unseen,0
W5,7332,unseen,0
W5,7333,unseen,0
W5,7334,unseen,0
W5,7335,unseen,0
W5,7336,unseen,0
W5,7337,unseen,0
W5,7338,unseen,0
W5,7339,unseen,0
W5,7340,unseen,0
W5,7341,unseen,0
W5,7342,unseen,0
W5,7343,unseen,0
W5,7344,unseen,0
W5,7345,unseen,0
W5,7346,unseen,0
W5,7347,unseen,0
W5,7348,unseen,0
W5,7349,unseen,0
W5,7350,unseen,0
W5,7351,unseen,0
W5,7352,unseen,0
W5,7353,unseen,0
W5,7354,unseen,0
W5,7355,unseen,0
W5,7356,unseen,0
W5,7357,unseen,0
W5,7358,unseen,0
W5,7359,unseen,0
W5,7360,unseen,0
W5,7361,unseen,0
W5,7362,unseen,0
W5,7363,unseen,0
W5,7364,unseen,0
W5,7365,unseen,0
W5,7366,unseen,0
W5,7367,unseen,0
W5,7368,unseen,0
W5,7369,unseen,0
W5,7370,unseen,0
W5,7371,unseen,0
W5,7372,unseen,0
W5,7373,unseen,0
W5,7374,unseen,0
W5,7375,unseen,0
W5,7376,unseen,0
W5,7377,unseen,0
W5,7378,unseen,0
W5,7379,unseen,0
W5,7380,unseen,0
W5,7381,unseen,0
W5,7382,unseen,0
W5,7383,unseen,0
W5,7384,unseen,0
W5,7385,unseen,0
W5,7386,unseen,0
W5,7387,unseen,0
W5,7388,unseen,0
W5,7389,unseen,0
W5,7390,unseen,0
W5,7391,unseen,0
W5,7392,unseen,0
W5,7393,unseen,0
W5,7394,unseen,0
W5,7395,unseen,0
W5,7396,unseen,0
W5,7397,unseen,0
W5,7398,unseen,0
W5,7399,unseen,0
W5,7400,unseen,0
W5,7401,unseen,0
W5,7402,unseen,0
W5,7403,unseen,0
W5,7404,unseen,0
W5,7405,unseen,0
W5,7406,unseen,0
W5,7407,unseen,0
W5,7408,unseen,0
W5,7409,unseen,0
W5,7410,unseen,0
W5,7411,unseen,0
W5,7412,unseen,0
W5,7413,unseen,0
W5,7414,unseen,0
W5,7415,unseen,0
W5,7416,unseen,0
W5,7417,unseen,0
W5,7418,unseen,0
W5,7419,unseen,0
W5,7420,unseen,0
W5,7421,unseen,0
W5,7422,unseen,0
W5,7423,unseen,0
W5,7424,unseen,0
W5,7425,unseen,0
W5,7426,unseen,0
W5,7427,unseen,0
W5,7428,unseen,0
W5,7429,unseen,0
W5,7430,unseen,0
W5,7431,unseen,0
W5,7432,very_rare,1
W5,7433,unseen,0
W5,7434,unseen,0
W5,7435,unseen,0
W5,7436,unseen,0
W5,7437,unseen,0
W5,7438,unseen,0
W5,7439,unseen,0
W5,7440,unseen,0
W5,7441,unseen,0
W5,7442,unseen,0
W5,7443,very_rare,1
W5,7444,unseen,0
W5,7445,unseen,0
W5,7446,unseen,0
W5,7447,unseen,0
W5,7448,unseen,0
W5,7449,unseen,0
W5,7450,unseen,0
W5,7451,unseen,0
W5,7452,unseen,0
W5,7453,unseen,0
W5,7454,unseen,0
W5,7455,unseen,0
W5,7456,unseen,0
W5,7457,unseen,0
W5,7458,unseen,0
W5,7459,unseen,0
W5,7460,unseen,0
W5,7461,unseen,0
W5,7462,unseen,0
W5,7463,unseen,0
W5,7464,unseen,0
W5,7465,unseen,0
W5,7466,unseen,0
W5,7467,unseen,0
W5,7468,unseen,0
W5,7469,unseen,0
W5,7470,unseen,0
W5,7471,unseen,0
W5,7472,unseen,0
W5,7473,unseen,0
W5,7474,unseen,0
W5,7475,unseen,0
W5,7476,unseen,0
W5,7477,unseen,0
W5,7478,unseen,0
W5,7479,unseen,0
W5,7480,unseen,0
W5,7481,unseen,0
W5,7482,unseen,0
W5,7483,unseen,0
W5,7484,unseen,0
W5,7485,unseen,0
W5,7486,unseen,0
W5,7487,unseen,0
W5,7488,unseen,0
W5,7489,unseen,0
W5,7490,unseen,0
W5,7491,unseen,0
W5,7492,unseen,0
W5,7493,unseen,0
W5,7494,unseen,0
W5,7495,unseen,0
W5,7496,unseen,0
W5,7497,unseen,0
W5,7498,unseen,0
W5,7499,unseen,0
W5,7500,unseen,0
W5,7501,unseen,0
W5,7502,unseen,0
W5,7503,unseen,0
W5,7504,unseen,0
W5,7505,unseen,0
W5,7506,unseen,0
W5,7507,unseen,0
W5,7508,unseen,0
W5,7509,unseen,0
W5,7510,unseen,0
W5,7511,unseen,0
W5,7512,unseen,0
W5,7513,unseen,0
W5,7514,unseen,0
W5,7515,unseen,0
W5,7516,unseen,0
W5,7517,unseen,0
W5,7518,unseen,0
W5,7519,unseen,0
W5,7520,unseen,0
W5,7521,unseen,0
W5,7522,unseen,0
W5,7523,unseen,0
W5,7524,unseen,0
W5,7525,unseen,0
W5,7526,unseen,0
W5,7527,unseen,0
W5,7528,unseen,0
W5,7529,unseen,0
W5,7530,unseen,0
W5,7531,unseen,0
W5,7532,unseen,0
W5,7533,unseen,0
W5,7534,unseen,0
W5,7535,unseen,0
W5,7536,unseen,0
W5,7537,unseen,0
W5,7538,unseen,0
W5,7539,unseen,0
W5,7540,unseen,0
W5,7541,unseen,0
W5,7542,unseen,0
W5,7543,unseen,0
W5,7544,unseen,0
W5,7545,unseen,0
W5,7546,unseen,0
W5,7547,unseen,0
W5,7548,unseen,0
W5,7549,unseen,0
W5,7550,unseen,0
W5,7551,unseen,0
W5,7552,unseen,0
W5,7553,unseen,0
W5,7554,unseen,0
W5,7555,unseen,0
W5,7556,unseen,0
W5,7557,unseen,0
W5,7558,unseen,0
W5,7559,unseen,0
W5,7560,unseen,0
W5,7561,unseen,0
W5,7562,unseen,0
W5,7563,unseen,0
W5,7564,unseen,0
W5,7565,unseen,0
W5,7566,unseen,0
W5,7567,unseen,0
W5,7568,unseen,0
W5,7569,unseen,0
W5,7570,unseen,0
W5,7571,unseen,0
W5,7572,unseen,0
W5,7573,unseen,0
W5,7574,unseen,0
W5,7575,unseen,0
W5,7576,very_rare,2
W5,7577,unseen,0
W5,7578,unseen,0
W5,7579,unseen,0
W5,7580,unseen,0
W5,7581,unseen,0
W5,7582,unseen,0
W5,7583,unseen,0
W5,7584,unseen,0
W5,7585,unseen,0
W5,7586,unseen,0
W5,7587,unseen,0
W5,7588,unseen,0
W5,7589,unseen,0
W5,7590,unseen,0
W5,7591,unseen,0
W5,7592,unseen,0
W5,7593,unseen,0
W5,7594,unseen,0
W5,7595,unseen,0
W5,7596,unseen,0
W5,7597,unseen,0
W5,7598,unseen,0
W5,7599,unseen,0
W5,7600,unseen,0
W5,7601,unseen,0
W5,7602,unseen,0
W5,7603,unseen,0
W5,7604,unseen,0
W5,7605,unseen,0
W5,7606,unseen,0
W5,7607,unseen,0
W5,7608,unseen,0
W5,7609,unseen,0
W5,7610,unseen,0
W5,7611,unseen,0
W5,7612,unseen,0
W5,7613,unseen,0
W5,7614,unseen,0
W5,7615,unseen,0
W5,7616,unseen,0
W5,7617,unseen,0
W5,7618,unseen,0
W5,7619,unseen,0
W5,7620,unseen,0
W5,7621,unseen,0
W5,7622,unseen,0
W5,7623,unseen,0
W5,7624,unseen,0
W5,7625,unseen,0
W5,7626,unseen,0
W5,7627,unseen,0
W5,7628,unseen,0
W5,7629,unseen,0
W5,7630,unseen,0
W5,7631,unseen,0
W5,7632,unseen,0
W5,7633,unseen,0
W5,7634,unseen,0
W5,7635,unseen,0
W5,7636,unseen,0
W5,7637,unseen,0
W5,7638,unseen,0
W5,7639,unseen,0
W5,7640,unseen,0
W5,7641,unseen,0
W5,7642,unseen,0
W5,7643,unseen,0
W5,7644,unseen,0
W5,7645,unseen,0
W5,7646,unseen,0
W5,7647,unseen,0
W5,7648,unseen,0
W5,7649,unseen,0
W5,7650,unseen,0
W5,7651,unseen,0
W5,7652,unseen,0
W5,7653,unseen,0
W5,7654,unseen,0
W5,7655,unseen,0
W5,7656,unseen,0
W5,7657,unseen,0
W5,7658,unseen,0
W5,7659,unseen,0
W5,7660,unseen,0
W5,7661,unseen,0
W5,7662,unseen,0
W5,7663,unseen,0
W5,7664,unseen,0
W5,7665,unseen,0
W5,7666,unseen,0
W5,7667,unseen,0
W5,7668,unseen,0
W5,7669,unseen,0
W5,7670,unseen,0
W5,7671,unseen,0
W5,7672,unseen,0
W5,7673,unseen,0
W5,7674,unseen,0
W5,7675,unseen,0
W5,7676,unseen,0
W5,7677,unseen,0
W5,7678,unseen,0
W5,7679,unseen,0
W5,7680,unseen,0
W5,7681,unseen,0
W5,7682,unseen,0
W5,7683,unseen,0
W5,7684,unseen,0
W5,7685,unseen,0
W5,7686,unseen,0
W5,7687,unseen,0
W5,7688,unseen,0
W5,7689,unseen,0
W5,7690,unseen,0
W5,7691,unseen,0
W5,7692,unseen,0
W5,7693,unseen,0
W5,7694,unseen,0
W5,7695,unseen,0
W5,7696,unseen,0
W5,7697,unseen,0
W5,7698,very_rare,1
W5,7699,unseen,0
W5,7700,unseen,0
W5,7701,unseen,0
W5,7702,unseen,0
W5,7703,unseen,0
W5,7704,unseen,0
W5,7705,unseen,0
W5,7706,unseen,0
W5,7707,unseen,0
W5,7708,unseen,0
W5,7709,unseen,0
W5,7710,unseen,0
W5,7711,unseen,0
W5,7712,unseen,0
W5,7713,unseen,0
W5,7714,unseen,0
W5,7715,unseen,0
W5,7716,unseen,0
W5,7717,unseen,0
W5,7718,unseen,0
W5,7719,unseen,0
W5,7720,unseen,0
W5,7721,unseen,0
W5,7722,unseen,0
W5,7723,unseen,0
W5,7724,unseen,0
W5,7725,unseen,0
W5,7726,unseen,0
W5,7727,unseen,0
W5,7728,unseen,0
W5,7729,unseen,0
W5,7730,unseen,0
W5,7731,unseen,0
W5,7732,unseen,0
W5,7733,unseen,0
W5,7734,unseen,0
W5,7735,unseen,0
W5,7736,unseen,0
W5,7737,unseen,0
W5,7738,unseen,0
W5,7739,unseen,0
W5,7740,unseen,0
W5,7741,unseen,0
W5,7742,unseen,0
W5,7743,unseen,0
W5,7744,unseen,0
W5,7745,unseen,0
W5,7746,unseen,0
W5,7747,unseen,0
W5,7748,unseen,0
W5,7749,unseen,0
W5,7750,unseen,0
W5,7751,unseen,0
W5,7752,unseen,0
W5,7753,unseen,0
W5,7754,unseen,0
W5,7755,unseen,0
W5,7756,unseen,0
W5,7757,unseen,0
W5,7758,unseen,0
W5,7759,unseen,0
W5,7760,unseen,0
W5,7761,unseen,0
W5,7762,unseen,0
W5,7763,unseen,0
W5,7764,unseen,0
W5,7765,unseen,0
W5,7766,unseen,0
W5,7767,unseen,0
W5,7768,unseen,0
W5,7769,unseen,0
W5,7770,unseen,0
W5,7771,unseen,0
W5,7772,unseen,0
W5,7773,unseen,0
W5,7774,unseen,0
W5,7775,unseen,0
W5,7776,unseen,0
W5,7777,unseen,0
W5,7778,unseen,0
W5,7779,unseen,0
W5,7780,unseen,0
W5,7781,unseen,0
W5,7782,unseen,0
W5,7783,unseen,0
W5,7784,unseen,0
W5,7785,unseen,0
W5,7786,unseen,0
W5,7787,unseen,0
W5,7788,unseen,0
W5,7789,unseen,0
W5,7790,unseen,0
W5,7791,unseen,0
W5,7792,unseen,0
W5,7793,unseen,0
W5,7794,unseen,0
W5,7795,unseen,0
W5,7796,unseen,0
W5,7797,unseen,0
W5,7798,unseen,0
W5,7799,unseen,0
W5,7800,unseen,0
W5,7801,unseen,0
W5,7802,unseen,0
W5,7803,unseen,0
W5,7804,unseen,0
W5,7805,unseen,0
W5,7806,unseen,0
W5,7807,unseen,0
W5,7808,unseen,0
W5,7809,unseen,0
W5,7810,unseen,0
W5,7811,unseen,0
W5,7812,unseen,0
W5,7813,unseen,0
W5,7814,unseen,0
W5,7815,unseen,0
W5,7816,unseen,0
W5,7817,unseen,0
W5,7818,unseen,0
W5,7819,unseen,0
W5,7820,unseen,0
W5,7821,unseen,0
W5,7822,unseen,0
W5,7823,unseen,0
W5,7824,unseen,0
W5,7825,unseen,0
W5,7826,unseen,0
W5,7827,unseen,0
W5,7828,unseen,0
W5,7829,unseen,0
W5,7830,unseen,0
W5,7831,unseen,0
W5,7832,unseen,0
W5,7833,unseen,0
W5,7834,unseen,0
W5,7835,unseen,0
W5,7836,unseen,0
W5,7837,unseen,0
W5,7838,unseen,0
W5,7839,unseen,0
W5,7840,unseen,0
W5,7841,unseen,0
W5,7842,unseen,0
W5,7843,unseen,0
W5,7844,unseen,0
W5,7845,unseen,0
W5,7846,unseen,0
W5,7847,unseen,0
W5,7848,unseen,0
W5,7849,unseen,0
W5,7850,unseen,0
W5,7851,unseen,0
W5,7852,unseen,0
W5,7853,unseen,0
W5,7854,unseen,0
W5,7855,unseen,0
W5,7856,unseen,0
W5,7857,unseen,0
W5,7858,unseen,0
W5,7859,unseen,0
W5,7860,unseen,0
W5,7861,unseen,0
W5,7862,unseen,0
W5,7863,unseen,0
W5,7864,unseen,0
W5,7865,unseen,0
W5,7866,unseen,0
W5,7867,unseen,0
W5,7868,unseen,0
W5,7869,unseen,0
W5,7870,unseen,0
W5,7871,unseen,0
W5,7872,unseen,0
W5,7873,unseen,0
W5,7874,unseen,0
W5,7875,unseen,0
W5,7876,unseen,0
W5,7877,unseen,0
W5,7878,unseen,0
W5,7879,unseen,0
W5,7880,unseen,0
W5,7881,unseen,0
W5,7882,unseen,0
W5,7883,unseen,0
W5,7884,unseen,0
W5,7885,unseen,0
W5,7886,unseen,0
W5,7887,unseen,0
W5,7888,unseen,0
W5,7889,unseen,0
W5,7890,unseen,0
W5,7891,unseen,0
W5,7892,unseen,0
W5,7893,unseen,0
W5,7894,unseen,0
W5,7895,unseen,0
W5,7896,unseen,0
W5,7897,unseen,0
W5,7898,unseen,0
W5,7899,unseen,0
W5,7900,unseen,0
W5,7901,unseen,0
W5,7902,unseen,0
W5,7903,unseen,0
W5,7904,unseen,0
W5,7905,unseen,0
W5,7906,unseen,0
W5,7907,unseen,0
W5,7908,unseen,0
W5,7909,unseen,0
W5,7910,unseen,0
W5,7911,unseen,0
W5,7912,unseen,0
W5,7913,unseen,0
W5,7914,unseen,0
W5,7915,unseen,0
W5,7916,unseen,0
W5,7917,unseen,0
W5,7918,very_rare,1
W5,7919,unseen,0
W5,7920,unseen,0
W5,7921,unseen,0
W5,7922,unseen,0
W5,7923,unseen,0
W5,7924,unseen,0
W5,7925,unseen,0
W5,7926,unseen,0
W5,7927,unseen,0
W5,7928,unseen,0
W5,7929,unseen,0
W5,7930,unseen,0
W5,7931,unseen,0
W5,7932,unseen,0
W5,7933,unseen,0
W5,7934,unseen,0
W5,7935,unseen,0
W5,7936,unseen,0
W5,7937,unseen,0
W5,7938,unseen,0
W5,7939,unseen,0
W5,7940,unseen,0
W5,7941,unseen,0
W5,7942,unseen,0
W5,7943,unseen,0
W5,7944,unseen,0
W5,7945,unseen,0
W5,7946,unseen,0
W5,7947,unseen,0
W5,7948,unseen,0
W5,7949,unseen,0
W5,7950,unseen,0
W5,7951,unseen,0
W5,7952,unseen,0
W5,7953,unseen,0
W5,7954,unseen,0
W5,7955,unseen,0
W5,7956,unseen,0
W5,7957,unseen,0
W5,7958,unseen,0
W5,7959,unseen,0
W5,7960,unseen,0
W5,7961,unseen,0
W5,7962,unseen,0
W5,7963,unseen,0
W5,7964,unseen,0
W5,7965,unseen,0
W5,7966,unseen,0
W5,7967,unseen,0
W5,7968,unseen,0
W5,7969,unseen,0
W5,7970,unseen,0
W5,7971,unseen,0
W5,7972,unseen,0
W5,7973,unseen,0
W5,7974,unseen,0
W5,7975,unseen,0
W5,7976,unseen,0
W5,7977,unseen,0
W5,7978,unseen,0
W5,7979,unseen,0
W5,7980,unseen,0
W5,7981,very_rare,3
W5,7982,unseen,0
W5,7983,unseen,0
W5,7984,unseen,0
W5,7985,unseen,0
W5,7986,unseen,0
W5,7987,unseen,0
W5,7988,unseen,0
W5,7989,unseen,0
W5,7990,unseen,0
W5,7991,unseen,0
W5,7992,unseen,0
W5,7993,unseen,0
W5,7994,unseen,0
W5,7995,unseen,0
W5,7996,unseen,0
W5,7997,unseen,0
W5,7998,unseen,0
W5,7999,unseen,0
W5,8000,unseen,0
W5,8001,unseen,0
W5,8002,unseen,0
W5,8003,unseen,0
W5,8004,unseen,0
W5,8005,unseen,0
W5,8006,unseen,0
W5,8007,unseen,0
W5,8008,unseen,0
W5,8009,unseen,0
W5,8010,unseen,0
W5,8011,unseen,0
W5,8012,unseen,0
W5,8013,unseen,0
W5,8014,unseen,0
W5,8015,unseen,0
W5,8016,unseen,0
W5,8017,unseen,0
W5,8018,unseen,0
W5,8019,unseen,0
W5,8020,unseen,0
W5,8021,unseen,0
W5,8022,unseen,0
W5,8023,unseen,0
W5,8024,unseen,0
W5,8025,unseen,0
W5,8026,unseen,0
W5,8027,unseen,0
W5,8028,unseen,0
W5,8029,unseen,0
W5,8030,unseen,0
W5,8031,unseen,0
W5,8032,unseen,0
W5,8033,unseen,0
W5,8034,unseen,0
W5,8035,unseen,0
W5,8036,unseen,0
W5,8037,unseen,0
W5,8038,unseen,0
W5,8039,unseen,0
W5,8040,unseen,0
W5,8041,unseen,0
W5,8042,unseen,0
W5,8043,unseen,0
W5,8044,unseen,0
W5,8045,unseen,0
W5,8046,unseen,0
W5,8047,unseen,0
W5,8048,unseen,0
W5,8049,unseen,0
W5,8050,unseen,0
W5,8051,unseen,0
W5,8052,unseen,0
W5,8053,unseen,0
W5,8054,unseen,0
W5,8055,unseen,0
W5,8056,unseen,0
W5,8057,unseen,0
W5,8058,unseen,0
W5,8059,unseen,0
W5,8060,unseen,0
W5,8061,unseen,0
W5,8062,unseen,0
W5,8063,unseen,0
W5,8064,unseen,0
W5,8065,unseen,0
W5,8066,unseen,0
W5,8067,unseen,0
W5,8068,unseen,0
W5,8069,unseen,0
W5,8070,unseen,0
W5,8071,unseen,0
W5,8072,unseen,0
W5,8073,unseen,0
W5,8074,unseen,0
W5,8075,unseen,0
W5,8076,unseen,0
W5,8077,unseen,0
W5,8078,unseen,0
W5,8079,unseen,0
W5,8080,unseen,0
W5,8081,unseen,0
W5,8082,unseen,0
W5,8083,unseen,0
W5,8084,unseen,0
W5,8085,unseen,0
W5,8086,unseen,0
W5,8087,unseen,0
W5,8088,unseen,0
W5,8089,unseen,0
W5,8090,unseen,0
W5,8091,unseen,0
W5,8092,unseen,0
W5,8093,unseen,0
W5,8094,unseen,0
W5,8095,unseen,0
W5,8096,unseen,0
W5,8097,unseen,0
W5,8098,unseen,0
W5,8099,unseen,0
W5,8100,very_rare,1
W5,8101,unseen,0
W5,8102,unseen,0
W5,8103,unseen,0
W5,8104,unseen,0
W5,8105,unseen,0
W5,8106,unseen,0
W5,8107,unseen,0
W5,8108,unseen,0
W5,8109,unseen,0
W5,8110,unseen,0
W5,8111,unseen,0
W5,8112,unseen,0
W5,8113,unseen,0
W5,8114,unseen,0
W5,8115,unseen,0
W5,8116,unseen,0
W5,8117,unseen,0
W5,8118,unseen,0
W5,8119,unseen,0
W5,8120,unseen,0
W5,8121,unseen,0
W5,8122,unseen,0
W5,8123,unseen,0
W5,8124,unseen,0
W5,8125,unseen,0
W5,8126,unseen,0
W5,8127,unseen,0
W5,8128,unseen,0
W5,8129,unseen,0
W5,8130,unseen,0
W5,8131,unseen,0
W5,8132,unseen,0
W5,8133,unseen,0
W5,8134,unseen,0
W5,8135,unseen,0
W5,8136,unseen,0
W5,8137,unseen,0
W5,8138,unseen,0
W5,8139,unseen,0
W5,8140,unseen,0
W5,8141,unseen,0
W5,8142,unseen,0
W5,8143,unseen,0
W5,8144,unseen,0
W5,8145,unseen,0
W5,8146,unseen,0
W5,8147,unseen,0
W5,8148,unseen,0
W5,8149,unseen,0
W5,8150,unseen,0
W5,8151,unseen,0
W5,8152,unseen,0
W5,8153,unseen,0
W5,8154,unseen,0
W5,8155,unseen,0
W5,8156,unseen,0
W5,8157,unseen,0
W5,8158,unseen,0
W5,8159,unseen,0
W5,8160,unseen,0
W5,8161,unseen,0
W5,8162,unseen,0
W5,8163,unseen,0
W5,8164,unseen,0
W5,8165,unseen,0
W5,8166,unseen,0
W5,8167,unseen,0
W5,8168,unseen,0
W5,8169,unseen,0
W5,8170,unseen,0
W5,8171,unseen,0
W5,8172,unseen,0
W5,8173,unseen,0
W5,8174,unseen,0
W5,8175,unseen,0
W5,8176,unseen,0
W5,8177,unseen,0
W5,8178,unseen,0
W5,8179,unseen,0
W5,8180,unseen,0
W5,8181,unseen,0
W5,8182,unseen,0
W5,8183,unseen,0
W5,8184,unseen,0
W5,8185,unseen,0
W5,8186,unseen,0
W5,8187,unseen,0
W5,8188,unseen,0
W5,8189,unseen,0
W5,8190,unseen,0
W5,8191,unseen,0
W5,8192,unseen,0
W5,8193,unseen,0
W5,8194,unseen,0
W5,8195,unseen,0
W5,8196,unseen,0
W5,8197,unseen,0
W5,8198,unseen,0
W5,8199,unseen,0
W5,8200,unseen,0
W5,8201,unseen,0
W5,8202,unseen,0
W5,8203,unseen,0
W5,8204,unseen,0
W5,8205,unseen,0
W5,8206,unseen,0
W5,8207,unseen,0
W5,8208,unseen,0
W5,8209,unseen,0
W5,8210,unseen,0
W5,8211,unseen,0
W5,8212,unseen,0
W5,8213,unseen,0
W5,8214,unseen,0
W5,8215,unseen,0
W5,8216,unseen,0
W5,8217,unseen,0
W5,8218,unseen,0
W5,8219,unseen,0
W5,8220,unseen,0
W5,8221,unseen,0
W5,8222,unseen,0
W5,8223,unseen,0
W5,8224,unseen,0
W5,8225,unseen,0
W5,8226,unseen,0
W5,8227,unseen,0
W5,8228,unseen,0
W5,8229,unseen,0
W5,8230,unseen,0
W5,8231,unseen,0
W5,8232,unseen,0
W5,8233,unseen,0
W5,8234,unseen,0
W5,8235,unseen,0
W5,8236,unseen,0
W5,8237,unseen,0
W5,8238,unseen,0
W5,8239,unseen,0
W5,8240,unseen,0
W5,8241,unseen,0
W5,8242,unseen,0
W5,8243,unseen,0
W5,8244,unseen,0
W5,8245,unseen,0
W5,8246,unseen,0
W5,8247,unseen,0
W5,8248,unseen,0
W5,8249,unseen,0
W5,8250,unseen,0
W5,8251,unseen,0
W5,8252,unseen,0
W5,8253,unseen,0
W5,8254,unseen,0
W5,8255,unseen,0
W5,8256,unseen,0
W5,8257,unseen,0
W5,8258,unseen,0
W5,8259,unseen,0
W5,8260,unseen,0
W5,8261,unseen,0
W5,8262,unseen,0
W5,8263,unseen,0
W5,8264,unseen,0
W5,8265,unseen,0
W5,8266,unseen,0
W5,8267,unseen,0
W5,8268,very_rare,1
W5,8269,unseen,0
W5,8270,unseen,0
W5,8271,unseen,0
W5,8272,unseen,0
W5,8273,unseen,0
W5,8274,unseen,0
W5,8275,unseen,0
W5,8276,unseen,0
W5,8277,unseen,0
W5,8278,unseen,0
W5,8279,unseen,0
W5,8280,unseen,0
W5,8281,unseen,0
W5,8282,unseen,0
W5,8283,unseen,0
W5,8284,unseen,0
W5,8285,unseen,0
W5,8286,unseen,0
W5,8287,unseen,0
W5,8288,unseen,0
W5,8289,unseen,0
W5,8290,unseen,0
W5,8291,unseen,0
W5,8292,unseen,0
W5,8293,unseen,0
W5,8294,unseen,0
W5,8295,unseen,0
W5,8296,unseen,0
W5,8297,unseen,0
W5,8298,unseen,0
W5,8299,unseen,0
W5,8300,unseen,0
W5,8301,unseen,0
W5,8302,unseen,0
W5,8303,unseen,0
W5,8304,unseen,0
W5,8305,unseen,0
W5,8306,unseen,0
W5,8307,unseen,0
W5,8308,unseen,0
W5,8309,unseen,0
W5,8310,unseen,0
W5,8311,unseen,0
W5,8312,unseen,0
W5,8313,unseen,0
W5,8314,unseen,0
W5,8315,unseen,0
W5,8316,unseen,0
W5,8317,unseen,0
W5,8318,unseen,0
W5,8319,unseen,0
W5,8320,unseen,0
W5,8321,unseen,0
W5,8322,unseen,0
W5,8323,unseen,0
W5,8324,unseen,0
W5,8325,unseen,0
W5,8326,unseen,0
W5,8327,unseen,0
W5,8328,unseen,0
W5,8329,unseen,0
W5,8330,unseen,0
W5,8331,unseen,0
W5,8332,unseen,0
W5,8333,unseen,0
W5,8334,unseen,0
W5,8335,unseen,0
W5,8336,unseen,0
W5,8337,unseen,0
W5,8338,unseen,0
W5,8339,unseen,0
W5,8340,unseen,0
W5,8341,unseen,0
W5,8342,unseen,0
W5,8343,unseen,0
W5,8344,unseen,0
W5,8345,unseen,0
W5,8346,unseen,0
W5,8347,unseen,0
W5,8348,unseen,0
W5,8349,unseen,0
W5,8350,unseen,0
W5,8351,unseen,0
W5,8352,unseen,0
W5,8353,unseen,0
W5,8354,unseen,0
W5,8355,unseen,0
W5,8356,unseen,0
W5,8357,unseen,0
W5,8358,unseen,0
W5,8359,unseen,0
W5,8360,unseen,0
W5,8361,unseen,0
W5,8362,unseen,0
W5,8363,unseen,0
W5,8364,unseen,0
W5,8365,unseen,0
W5,8366,unseen,0
W5,8367,unseen,0
W5,8368,unseen,0
W5,8369,unseen,0
W5,8370,unseen,0
W5,8371,unseen,0
W5,8372,unseen,0
W5,8373,unseen,0
W5,8374,unseen,0
W5,8375,unseen,0
W5,8376,unseen,0
W5,8377,unseen,0
W5,8378,unseen,0
W5,8379,unseen,0
W5,8380,unseen,0
W5,8381,unseen,0
W5,8382,unseen,0
W5,8383,unseen,0
W5,8384,unseen,0
W5,8385,unseen,0
W5,8386,unseen,0
W5,8387,unseen,0
W5,8388,unseen,0
W5,8389,unseen,0
W5,8390,unseen,0
W5,8391,unseen,0
W5,8392,unseen,0
W5,8393,unseen,0
W5,8394,unseen,0
W5,8395,unseen,0
W5,8396,unseen,0
W5,8397,unseen,0
W5,8398,unseen,0
W5,8399,unseen,0
W5,8400,unseen,0
W5,8401,unseen,0
W5,8402,unseen,0
W5,8403,unseen,0
W5,8404,unseen,0
W5,8405,unseen,0
W5,8406,unseen,0
W5,8407,unseen,0
W5,8408,unseen,0
W5,8409,unseen,0
W5,8410,unseen,0
W5,8411,unseen,0
W5,8412,unseen,0
W5,8413,unseen,0
W5,8414,unseen,0
W5,8415,unseen,0
W5,8416,unseen,0
W5,8417,unseen,0
W5,8418,unseen,0
W5,8419,unseen,0
W5,8420,unseen,0
W5,8421,unseen,0
W5,8422,unseen,0
W5,8423,unseen,0
W5,8424,unseen,0
W5,8425,unseen,0
W5,8426,unseen,0
W5,8427,unseen,0
W5,8428,unseen,0
W5,8429,unseen,0
W5,8430,unseen,0
W5,8431,unseen,0
W5,8432,unseen,0
W5,8433,unseen,0
W5,8434,unseen,0
W5,8435,unseen,0
W5,8436,unseen,0
W5,8437,unseen,0
W5,8438,unseen,0
W5,8439,unseen,0
W5,8440,unseen,0
W5,8441,unseen,0
W5,8442,unseen,0
W5,8443,unseen,0
W5,8444,unseen,0
W5,8445,unseen,0
W5,8446,unseen,0
W5,8447,unseen,0
W5,8448,unseen,0
W5,8449,unseen,0
W5,8450,unseen,0
W5,8451,unseen,0
W5,8452,unseen,0
W5,8453,unseen,0
W5,8454,unseen,0
W5,8455,unseen,0
W5,8456,unseen,0
W5,8457,unseen,0
W5,8458,unseen,0
W5,8459,unseen,0
W5,8460,unseen,0
W5,8461,unseen,0
W5,8462,unseen,0
W5,8463,unseen,0
W5,8464,unseen,0
W5,8465,unseen,0
W5,8466,unseen,0
W5,8467,unseen,0
W5,8468,unseen,0
W5,8469,unseen,0
W5,8470,unseen,0
W5,8471,unseen,0
W5,8472,unseen,0
W5,8473,unseen,0
W5,8474,unseen,0
W5,8475,unseen,0
W5,8476,unseen,0
W5,8477,unseen,0
W5,8478,unseen,0
W5,8479,unseen,0
W5,8480,unseen,0
W5,8481,unseen,0
W5,8482,unseen,0
W5,8483,unseen,0
W5,8484,unseen,0
W5,8485,unseen,0
W5,8486,unseen,0
W5,8487,unseen,0
W5,8488,unseen,0
W5,8489,unseen,0
W5,8490,unseen,0
W5,8491,unseen,0
W5,8492,unseen,0
W5,8493,unseen,0
W5,8494,unseen,0
W5,8495,unseen,0
W5,8496,unseen,0
W5,8497,unseen,0
W5,8498,unseen,0
W5,8499,unseen,0
W5,8500,unseen,0
W5,8501,unseen,0
W5,8502,unseen,0
W5,8503,unseen,0
W5,8504,unseen,0
W5,8505,unseen,0
W5,8506,unseen,0
W5,8507,unseen,0
W5,8508,unseen,0
W5,8509,unseen,0
W5,8510,unseen,0
W5,8511,unseen,0
W5,8512,unseen,0
W5,8513,unseen,0
W5,8514,unseen,0
W5,8515,unseen,0
W5,8516,unseen,0
W5,8517,unseen,0
W5,8518,unseen,0
W5,8519,unseen,0
W5,8520,unseen,0
W5,8521,unseen,0
W5,8522,unseen,0
W5,8523,unseen,0
W5,8524,unseen,0
W5,8525,unseen,0
W5,8526,unseen,0
W5,8527,unseen,0
W5,8528,unseen,0
W5,8529,unseen,0
W5,8530,unseen,0
W5,8531,unseen,0
W5,8532,unseen,0
W5,8533,unseen,0
W5,8534,unseen,0
W5,8535,unseen,0
W5,8536,unseen,0
W5,8537,unseen,0
W5,8538,unseen,0
W5,8539,unseen,0
W5,8540,unseen,0
W5,8541,unseen,0
W5,8542,unseen,0
W5,8543,unseen,0
W5,8544,unseen,0
W5,8545,unseen,0
W5,8546,unseen,0
W5,8547,unseen,0
W5,8548,unseen,0
W5,8549,unseen,0
W5,8550,unseen,0
W5,8551,unseen,0
W5,8552,unseen,0
W5,8553,unseen,0
W5,8554,unseen,0
W5,8555,unseen,0
W5,8556,unseen,0
W5,8557,unseen,0
W5,8558,unseen,0
W5,8559,unseen,0
W5,8560,unseen,0
W5,8561,unseen,0
W5,8562,unseen,0
W5,8563,unseen,0
W5,8564,unseen,0
W5,8565,unseen,0
W5,8566,unseen,0
W5,8567,unseen,0
W5,8568,unseen,0
W5,8569,unseen,0
W5,8570,unseen,0
W5,8571,unseen,0
W5,8572,unseen,0
W5,8573,unseen,0
W5,8574,unseen,0
W5,8575,unseen,0
W5,8576,unseen,0
W5,8577,unseen,0
W5,8578,unseen,0
W5,8579,unseen,0
W5,8580,unseen,0
W5,8581,unseen,0
W5,8582,unseen,0
W5,8583,unseen,0
W5,8584,unseen,0
W5,8585,unseen,0
W5,8586,unseen,0
W5,8587,unseen,0
W5,8588,unseen,0
W5,8589,unseen,0
W5,8590,unseen,0
W5,8591,unseen,0
W5,8592,unseen,0
W5,8593,unseen,0
W5,8594,unseen,0
W5,8595,unseen,0
W5,8596,unseen,0
W5,8597,unseen,0
W5,8598,unseen,0
W5,8599,unseen,0
W5,8600,unseen,0
W5,8601,unseen,0
W5,8602,unseen,0
W5,8603,unseen,0
W5,8604,unseen,0
W5,8605,unseen,0
W5,8606,unseen,0
W5,8607,unseen,0
W5,8608,unseen,0
W5,8609,unseen,0
W5,8610,unseen,0
W5,8611,unseen,0
W5,8612,unseen,0
W5,8613,unseen,0
W5,8614,unseen,0
W5,8615,unseen,0
W5,8616,unseen,0
W5,8617,unseen,0
W5,8618,unseen,0
W5,8619,unseen,0
W5,8620,unseen,0
W5,8621,unseen,0
W5,8622,unseen,0
W5,8623,unseen,0
W5,8624,unseen,0
W5,8625,unseen,0
W5,8626,unseen,0
W5,8627,unseen,0
W5,8628,unseen,0
W5,8629,unseen,0
W5,8630,unseen,0
W5,8631,unseen,0
W5,8632,unseen,0
W5,8633,unseen,0
W5,8634,unseen,0
W5,8635,unseen,0
W5,8636,unseen,0
W5,8637,unseen,0
W5,8638,unseen,0
W5,8639,unseen,0
W5,8640,unseen,0
W5,8641,unseen,0
W5,8642,unseen,0
W5,8643,unseen,0
W5,8644,unseen,0
W5,8645,unseen,0
W5,8646,unseen,0
W5,8647,unseen,0
W5,8648,unseen,0
W5,8649,unseen,0
W5,8650,unseen,0
W5,8651,unseen,0
W5,8652,unseen,0
W5,8653,unseen,0
W5,8654,unseen,0
W5,8655,unseen,0
W5,8656,unseen,0
W5,8657,unseen,0
W5,8658,unseen,0
W5,8659,unseen,0
W5,8660,unseen,0
W5,8661,unseen,0
W5,8662,unseen,0
W5,8663,unseen,0
W5,8664,unseen,0
W5,8665,unseen,0
W5,8666,unseen,0
W5,8667,unseen,0
W5,8668,unseen,0
W5,8669,unseen,0
W5,8670,unseen,0
W5,8671,unseen,0
W5,8672,unseen,0
W5,8673,unseen,0
W5,8674,unseen,0
W5,8675,unseen,0
W5,8676,unseen,0
W5,8677,unseen,0
W5,8678,unseen,0
W5,8679,unseen,0
W5,8680,unseen,0
W5,8681,unseen,0
W5,8682,unseen,0
W5,8683,unseen,0
W5,8684,unseen,0
W5,8685,unseen,0
W5,8686,unseen,0
W5,8687,unseen,0
W5,8688,unseen,0
W5,8689,unseen,0
W5,8690,unseen,0
W5,8691,unseen,0
W5,8692,unseen,0
W5,8693,unseen,0
W5,8694,unseen,0
W5,8695,unseen,0
W5,8696,unseen,0
W5,8697,unseen,0
W5,8698,unseen,0
W5,8699,unseen,0
W5,8700,unseen,0
W5,8701,unseen,0
W5,8702,unseen,0
W5,8703,unseen,0
W5,8704,unseen,0
W5,8705,unseen,0
W5,8706,unseen,0
W5,8707,unseen,0
W5,8708,unseen,0
W5,8709,unseen,0
W5,8710,unseen,0
W5,8711,unseen,0
W5,8712,unseen,0
W5,8713,unseen,0
W5,8714,unseen,0
W5,8715,unseen,0
W5,8716,unseen,0
W5,8717,unseen,0
W5,8718,unseen,0
W5,8719,unseen,0
W5,8720,unseen,0
W5,8721,unseen,0
W5,8722,unseen,0
W5,8723,unseen,0
W5,8724,unseen,0
W5,8725,unseen,0
W5,8726,unseen,0
W5,8727,unseen,0
W5,8728,unseen,0
W5,8729,unseen,0
W5,8730,unseen,0
W5,8731,unseen,0
W5,8732,unseen,0
W5,8733,unseen,0
W5,8734,unseen,0
W5,8735,unseen,0
W5,8736,unseen,0
W5,8737,unseen,0
W5,8738,unseen,0
W5,8739,unseen,0
W5,8740,unseen,0
W5,8741,unseen,0
W5,8742,unseen,0
W5,8743,unseen,0
W5,8744,unseen,0
W5,8745,unseen,0
W5,8746,unseen,0
W5,8747,unseen,0
W5,8748,unseen,0
W5,8749,unseen,0
W5,8750,unseen,0
W5,8751,unseen,0
W5,8752,unseen,0
W5,8753,unseen,0
W5,8754,unseen,0
W5,8755,unseen,0
W5,8756,unseen,0
W5,8757,unseen,0
W5,8758,unseen,0
W5,8759,unseen,0
W5,8760,unseen,0
W5,8761,unseen,0
W5,8762,unseen,0
W5,8763,unseen,0
W5,8764,unseen,0
W5,8765,unseen,0
W5,8766,unseen,0
W5,8767,unseen,0
W5,8768,unseen,0
W5,8769,very_rare,1
W5,8770,unseen,0
W5,8771,unseen,0
W5,8772,unseen,0
W5,8773,unseen,0
W5,8774,unseen,0
W5,8775,unseen,0
W5,8776,unseen,0
W5,8777,unseen,0
W5,8778,unseen,0
W5,8779,unseen,0
W5,8780,unseen,0
W5,8781,unseen,0
W5,8782,unseen,0
W5,8783,unseen,0
W5,8784,unseen,0
W5,8785,unseen,0
W5,8786,unseen,0
W5,8787,unseen,0
W5,8788,unseen,0
W5,8789,unseen,0
W5,8790,unseen,0
W5,8791,unseen,0
W5,8792,unseen,0
W5,8793,unseen,0
W5,8794,unseen,0
W5,8795,unseen,0
W5,8796,unseen,0
W5,8797,unseen,0
W5,8798,unseen,0
W5,8799,unseen,0
W5,8800,unseen,0
W5,8801,unseen,0
W5,8802,unseen,0
W5,8803,unseen,0
W5,8804,unseen,0
W5,8805,unseen,0
W5,8806,unseen,0
W5,8807,unseen,0
W5,8808,unseen,0
W5,8809,unseen,0
W5,8810,unseen,0
W5,8811,unseen,0
W5,8812,unseen,0
W5,8813,unseen,0
W5,8814,unseen,0
W5,8815,unseen,0
W5,8816,unseen,0
W5,8817,unseen,0
W5,8818,unseen,0
W5,8819,unseen,0
W5,8820,unseen,0
W5,8821,unseen,0
W5,8822,unseen,0
W5,8823,unseen,0
W5,8824,unseen,0
W5,8825,unseen,0
W5,8826,unseen,0
W5,8827,unseen,0
W5,8828,unseen,0
W5,8829,unseen,0
W5,8830,unseen,0
W5,8831,unseen,0
W5,8832,unseen,0
W5,8833,unseen,0
W5,8834,unseen,0
W5,8835,very_rare,3
W5,8836,unseen,0
W5,8837,unseen,0
W5,8838,unseen,0
W5,8839,unseen,0
W5,8840,unseen,0
W5,8841,unseen,0
W5,8842,unseen,0
W5,8843,unseen,0
W5,8844,unseen,0
W5,8845,unseen,0
W5,8846,unseen,0
W5,8847,unseen,0
W5,8848,unseen,0
W5,8849,unseen,0
W5,8850,unseen,0
W5,8851,unseen,0
W5,8852,unseen,0
W5,8853,unseen,0
W5,8854,unseen,0
W5,8855,unseen,0
W5,8856,unseen,0
W5,8857,unseen,0
W5,8858,unseen,0
W5,8859,unseen,0
W5,8860,unseen,0
W5,8861,unseen,0
W5,8862,unseen,0
W5,8863,unseen,0
W5,8864,unseen,0
W5,8865,unseen,0
W5,8866,unseen,0
W5,8867,unseen,0
W5,8868,unseen,0
W5,8869,unseen,0
W5,8870,unseen,0
W5,8871,unseen,0
W5,8872,very_rare,1
W5,8873,unseen,0
W5,8874,unseen,0
W5,8875,unseen,0
W5,8876,unseen,0
W5,8877,unseen,0
W5,8878,unseen,0
W5,8879,unseen,0
W5,8880,unseen,0
W5,8881,unseen,0
W5,8882,unseen,0
W5,8883,unseen,0
W5,8884,unseen,0
W5,8885,unseen,0
W5,8886,unseen,0
W5,8887,unseen,0
W5,8888,unseen,0
W5,8889,unseen,0
W5,8890,unseen,0
W5,8891,unseen,0
W5,8892,unseen,0
W5,8893,unseen,0
W5,8894,unseen,0
W5,8895,unseen,0
W5,8896,unseen,0
W5,8897,unseen,0
W5,8898,unseen,0
W5,8899,unseen,0
W5,8900,unseen,0
W5,8901,unseen,0
W5,8902,unseen,0
W5,8903,unseen,0
W5,8904,unseen,0
W5,8905,unseen,0
W5,8906,unseen,0
W5,8907,unseen,0
W5,8908,unseen,0
W5,8909,unseen,0
W5,8910,unseen,0
W5,8911,unseen,0
W5,8912,unseen,0
W5,8913,unseen,0
W5,8914,unseen,0
W5,8915,unseen,0
W5,8916,unseen,0
W5,8917,unseen,0
W5,8918,unseen,0
W5,8919,unseen,0
W5,8920,unseen,0
W5,8921,unseen,0
W5,8922,unseen,0
W5,8923,unseen,0
W5,8924,unseen,0
W5,8925,unseen,0
W5,8926,unseen,0
W5,8927,unseen,0
W5,8928,unseen,0
W5,8929,unseen,0
W5,8930,unseen,0
W5,8931,unseen,0
W5,8932,unseen,0
W5,8933,unseen,0
W5,8934,unseen,0
W5,8935,unseen,0
W5,8936,unseen,0
W5,8937,unseen,0
W5,8938,unseen,0
W5,8939,unseen,0
W5,8940,unseen,0
W5,8941,unseen,0
W5,8942,unseen,0
W5,8943,unseen,0
W5,8944,unseen,0
W5,8945,unseen,0
W5,8946,unseen,0
W5,8947,unseen,0
W5,8948,unseen,0
W5,8949,unseen,0
W5,8950,unseen,0
W5,8951,unseen,0
W5,8952,unseen,0
W5,8953,unseen,0
W5,8954,unseen,0
W5,8955,unseen,0
W5,8956,unseen,0
W5,8957,unseen,0
W5,8958,unseen,0
W5,8959,unseen,0
W5,8960,unseen,0
W5,8961,unseen,0
W5,8962,unseen,0
W5,8963,unseen,0
W5,8964,unseen,0
W5,8965,unseen,0
W5,8966,unseen,0
W5,8967,unseen,0
W5,8968,unseen,0
W5,8969,unseen,0
W5,8970,unseen,0
W5,8971,unseen,0
W5,8972,unseen,0
W5,8973,unseen,0
W5,8974,unseen,0
W5,8975,unseen,0
W5,8976,unseen,0
W5,8977,unseen,0
W5,8978,unseen,0
W5,8979,unseen,0
W5,8980,unseen,0
W5,8981,unseen,0
W5,8982,unseen,0
W5,8983,unseen,0
W5,8984,unseen,0
W5,8985,unseen,0
W5,8986,unseen,0
W5,8987,unseen,0
W5,8988,unseen,0
W5,8989,unseen,0
W5,8990,unseen,0
W5,8991,unseen,0
W5,8992,unseen,0
W5,8993,unseen,0
W5,8994,unseen,0
W5,8995,unseen,0
W5,8996,unseen,0
W5,8997,unseen,0
W5,8998,unseen,0
W5,8999,unseen,0
W5,9000,unseen,0
W5,9001,unseen,0
W5,9002,unseen,0
W5,9003,unseen,0
W5,9004,unseen,0
W5,9005,unseen,0
W5,9006,unseen,0
W5,9007,unseen,0
W5,9008,unseen,0
W5,9009,unseen,0
W5,9010,unseen,0
W5,9011,unseen,0
W5,9012,unseen,0
W5,9013,unseen,0
W5,9014,unseen,0
W5,9015,unseen,0
W5,9016,unseen,0
W5,9017,unseen,0
W5,9018,unseen,0
W5,9019,unseen,0
W5,9020,unseen,0
W5,9021,unseen,0
W5,9022,unseen,0
W5,9023,unseen,0
W5,9024,unseen,0
W5,9025,unseen,0
W5,9026,unseen,0
W5,9027,unseen,0
W5,9028,unseen,0
W5,9029,unseen,0
W5,9030,unseen,0
W5,9031,unseen,0
W5,9032,unseen,0
W5,9033,unseen,0
W5,9034,unseen,0
W5,9035,unseen,0
W5,9036,unseen,0
W5,9037,unseen,0
W5,9038,unseen,0
W5,9039,unseen,0
W5,9040,unseen,0
W5,9041,unseen,0
W5,9042,unseen,0
W5,9043,unseen,0
W5,9044,unseen,0
W5,9045,unseen,0
W5,9046,unseen,0
W5,9047,unseen,0
W5,9048,unseen,0
W5,9049,unseen,0
W5,9050,unseen,0
W5,9051,unseen,0
W5,9052,unseen,0
W5,9053,unseen,0
W5,9054,unseen,0
W5,9055,unseen,0
W5,9056,unseen,0
W5,9057,unseen,0
W5,9058,unseen,0
W5,9059,unseen,0
W5,9060,unseen,0
W5,9061,unseen,0
W5,9062,unseen,0
W5,9063,unseen,0
W5,9064,unseen,0
W5,9065,unseen,0
W5,9066,unseen,0
W5,9067,unseen,0
W5,9068,unseen,0
W5,9069,unseen,0
W5,9070,unseen,0
W5,9071,unseen,0
W5,9072,unseen,0
W5,9073,unseen,0
W5,9074,unseen,0
W5,9075,unseen,0
W5,9076,unseen,0
W5,9077,unseen,0
W5,9078,unseen,0
W5,9079,unseen,0
W5,9080,unseen,0
W5,9081,unseen,0
W5,9082,unseen,0
W5,9083,unseen,0
W5,9084,unseen,0
W5,9085,unseen,0
W5,9086,unseen,0
W5,9087,unseen,0
W5,9088,unseen,0
W5,9089,unseen,0
W5,9090,unseen,0
W5,9091,unseen,0
W5,9092,unseen,0
W5,9093,unseen,0
W5,9094,unseen,0
W5,9095,unseen,0
W5,9096,unseen,0
W5,9097,unseen,0
W5,9098,unseen,0
W5,9099,unseen,0
W5,9100,unseen,0
W5,9101,unseen,0
W5,9102,unseen,0
W5,9103,unseen,0
W5,9104,unseen,0
W5,9105,unseen,0
W5,9106,unseen,0
W5,9107,unseen,0
W5,9108,unseen,0
W5,9109,unseen,0
W5,9110,unseen,0
W5,9111,unseen,0
W5,9112,unseen,0
W5,9113,unseen,0
W5,9114,unseen,0
W5,9115,unseen,0
W5,9116,unseen,0
W5,9117,unseen,0
W5,9118,unseen,0
W5,9119,unseen,0
W5,9120,unseen,0
W5,9121,unseen,0
W5,9122,unseen,0
W5,9123,unseen,0
W5,9124,unseen,0
W5,9125,unseen,0
W5,9126,unseen,0
W5,9127,unseen,0
W5,9128,unseen,0
W5,9129,unseen,0
W5,9130,unseen,0
W5,9131,unseen,0
W5,9132,unseen,0
W5,9133,unseen,0
W5,9134,unseen,0
W5,9135,unseen,0
W5,9136,unseen,0
W5,9137,unseen,0
W5,9138,unseen,0
W5,9139,unseen,0
W5,9140,unseen,0
W5,9141,unseen,0
W5,9142,unseen,0
W5,9143,unseen,0
W5,9144,unseen,0
W5,9145,unseen,0
W5,9146,unseen,0
W5,9147,unseen,0
W5,9148,unseen,0
W5,9149,unseen,0
W5,9150,unseen,0
W5,9151,unseen,0
W5,9152,unseen,0
W5,9153,unseen,0
W5,9154,unseen,0
W5,9155,unseen,0
W5,9156,unseen,0
W5,9157,unseen,0
W5,9158,unseen,0
W5,9159,unseen,0
W5,9160,unseen,0
W5,9161,unseen,0
W5,9162,unseen,0
W5,9163,unseen,0
W5,9164,unseen,0
W5,9165,unseen,0
W5,9166,unseen,0
W5,9167,unseen,0
W5,9168,unseen,0
W5,9169,unseen,0
W5,9170,unseen,0
W5,9171,unseen,0
W5,9172,unseen,0
W5,9173,unseen,0
W5,9174,unseen,0
W5,9175,unseen,0
W5,9176,unseen,0
W5,9177,unseen,0
W5,9178,unseen,0
W5,9179,unseen,0
W5,9180,unseen,0
W5,9181,unseen,0
W5,9182,unseen,0
W5,9183,unseen,0
W5,9184,unseen,0
W5,9185,unseen,0
W5,9186,unseen,0
W5,9187,unseen,0
W5,9188,unseen,0
W5,9189,unseen,0
W5,9190,unseen,0
W5,9191,unseen,0
W5,9192,unseen,0
W5,9193,unseen,0
W5,9194,unseen,0
W5,9195,unseen,0
W5,9196,unseen,0
W5,9197,unseen,0
W5,9198,unseen,0
W5,9199,unseen,0
W5,9200,unseen,0
W5,9201,unseen,0
W5,9202,unseen,0
W5,9203,unseen,0
W5,9204,unseen,0
W5,9205,unseen,0
W5,9206,unseen,0
W5,9207,unseen,0
W5,9208,unseen,0
W5,9209,unseen,0
W5,9210,unseen,0
W5,9211,unseen,0
W5,9212,unseen,0
W5,9213,unseen,0
W5,9214,very_rare,1
W5,9215,unseen,0
W5,9216,unseen,0
W5,9217,unseen,0
W5,9218,unseen,0
W5,9219,unseen,0
W5,9220,unseen,0
W5,9221,unseen,0
W5,9222,unseen,0
W5,9223,unseen,0
W5,9224,unseen,0
W5,9225,unseen,0
W5,9226,unseen,0
W5,9227,unseen,0
W5,9228,unseen,0
W5,9229,unseen,0
W5,9230,unseen,0
W5,9231,unseen,0
W5,9232,unseen,0
W5,9233,unseen,0
W5,9234,unseen,0
W5,9235,unseen,0
W5,9236,unseen,0
W5,9237,unseen,0
W5,9238,unseen,0
W5,9239,unseen,0
W5,9240,unseen,0
W5,9241,unseen,0
W5,9242,unseen,0
W5,9243,unseen,0
W5,9244,unseen,0
W5,9245,unseen,0
W5,9246,unseen,0
W5,9247,unseen,0
W5,9248,unseen,0
W5,9249,unseen,0
W5,9250,unseen,0
W5,9251,unseen,0
W5,9252,unseen,0
W5,9253,unseen,0
W5,9254,unseen,0
W5,9255,unseen,0
W5,9256,unseen,0
W5,9257,unseen,0
W5,9258,unseen,0
W5,9259,unseen,0
W5,9260,unseen,0
W5,9261,unseen,0
W5,9262,unseen,0
W5,9263,unseen,0
W5,9264,unseen,0
W5,9265,unseen,0
W5,9266,unseen,0
W5,9267,unseen,0
W5,9268,unseen,0
W5,9269,unseen,0
W5,9270,unseen,0
W5,9271,unseen,0
W5,9272,unseen,0
W5,9273,unseen,0
W5,9274,unseen,0
W5,9275,unseen,0
W5,9276,unseen,0
W5,9277,unseen,0
W5,9278,unseen,0
W5,9279,unseen,0
W5,9280,unseen,0
W5,9281,unseen,0
W5,9282,unseen,0
W5,9283,unseen,0
W5,9284,unseen,0
W5,9285,unseen,0
W5,9286,unseen,0
W5,9287,unseen,0
W5,9288,unseen,0
W5,9289,unseen,0
W5,9290,unseen,0
W5,9291,unseen,0
W5,9292,unseen,0
W5,9293,unseen,0
W5,9294,unseen,0
W5,9295,unseen,0
W5,9296,unseen,0
W5,9297,unseen,0
W5,9298,unseen,0
W5,9299,unseen,0
W5,9300,unseen,0
W5,9301,unseen,0
W5,9302,unseen,0
W5,9303,unseen,0
W5,9304,unseen,0
W5,9305,unseen,0
W5,9306,unseen,0
W5,9307,unseen,0
W5,9308,unseen,0
W5,9309,unseen,0
W5,9310,unseen,0
W5,9311,unseen,0
W5,9312,unseen,0
W5,9313,unseen,0
W5,9314,unseen,0
W5,9315,unseen,0
W5,9316,unseen,0
W5,9317,unseen,0
W5,9318,unseen,0
W5,9319,unseen,0
W5,9320,unseen,0
W5,9321,unseen,0
W5,9322,unseen,0
W5,9323,unseen,0
W5,9324,unseen,0
W5,9325,unseen,0
W5,9326,unseen,0
W5,9327,unseen,0
W5,9328,unseen,0
W5,9329,unseen,0
W5,9330,unseen,0
W5,9331,unseen,0
W5,9332,unseen,0
W5,9333,unseen,0
W5,9334,unseen,0
W5,9335,unseen,0
W5,9336,unseen,0
W5,9337,unseen,0
W5,9338,unseen,0
W5,9339,unseen,0
W5,9340,unseen,0
W5,9341,unseen,0
W5,9342,unseen,0
W5,9343,unseen,0
W5,9344,unseen,0
W5,9345,unseen,0
W5,9346,unseen,0
W5,9347,unseen,0
W5,9348,unseen,0
W5,9349,unseen,0
W5,9350,unseen,0
W5,9351,unseen,0
W5,9352,unseen,0
W5,9353,unseen,0
W5,9354,unseen,0
W5,9355,unseen,0
W5,9356,unseen,0
W5,9357,unseen,0
W5,9358,unseen,0
W5,9359,unseen,0
W5,9360,unseen,0
W5,9361,unseen,0
W5,9362,unseen,0
W5,9363,unseen,0
W5,9364,unseen,0
W5,9365,unseen,0
W5,9366,unseen,0
W5,9367,unseen,0
W5,9368,unseen,0
W5,9369,unseen,0
W5,9370,unseen,0
W5,9371,unseen,0
W5,9372,unseen,0
W5,9373,unseen,0
W5,9374,unseen,0
W5,9375,unseen,0
W5,9376,unseen,0
W5,9377,unseen,0
W5,9378,unseen,0
W5,9379,unseen,0
W5,9380,unseen,0
W5,9381,unseen,0
W5,9382,unseen,0
W5,9383,unseen,0
W5,9384,unseen,0
W5,9385,unseen,0
W5,9386,unseen,0
W5,9387,unseen,0
W5,9388,unseen,0
W5,9389,unseen,0
W5,9390,unseen,0
W5,9391,unseen,0
W5,9392,unseen,0
W5,9393,unseen,0
W5,9394,unseen,0
W5,9395,unseen,0
W5,9396,unseen,0
W5,9397,unseen,0
W5,9398,unseen,0
W5,9399,unseen,0
W5,9400,unseen,0
W5,9401,unseen,0
W5,9402,unseen,0
W5,9403,unseen,0
W5,9404,unseen,0
W5,9405,unseen,0
W5,9406,unseen,0
W5,9407,unseen,0
W5,9408,unseen,0
W5,9409,unseen,0
W5,9410,unseen,0
W5,9411,unseen,0
W5,9412,unseen,0
W5,9413,unseen,0
W5,9414,unseen,0
W5,9415,unseen,0
W5,9416,unseen,0
W5,9417,unseen,0
W5,9418,unseen,0
W5,9419,unseen,0
W5,9420,unseen,0
W5,9421,unseen,0
W5,9422,unseen,0
W5,9423,unseen,0
W5,9424,unseen,0
W5,9425,unseen,0
W5,9426,unseen,0
W5,9427,unseen,0
W5,9428,unseen,0
W5,9429,unseen,0
W5,9430,unseen,0
W5,9431,unseen,0
W5,9432,unseen,0
W5,9433,unseen,0
W5,9434,unseen,0
W5,9435,unseen,0
W5,9436,unseen,0
W5,9437,unseen,0
W5,9438,unseen,0
W5,9439,unseen,0
W5,9440,unseen,0
W5,9441,unseen,0
W5,9442,unseen,0
W5,9443,unseen,0
W5,9444,unseen,0
W5,9445,unseen,0
W5,9446,unseen,0
W5,9447,unseen,0
W5,9448,unseen,0
W5,9449,unseen,0
W5,9450,unseen,0
W5,9451,unseen,0
W5,9452,unseen,0
W5,9453,unseen,0
W5,9454,unseen,0
W5,9455,unseen,0
W5,9456,unseen,0
W5,9457,unseen,0
W5,9458,unseen,0
W5,9459,unseen,0
W5,9460,unseen,0
W5,9461,unseen,0
W5,9462,unseen,0
W5,9463,unseen,0
W5,9464,unseen,0
W5,9465,unseen,0
W5,9466,unseen,0
W5,9467,unseen,0
W5,9468,unseen,0
W5,9469,unseen,0
W5,9470,unseen,0
W5,9471,unseen,0
W5,9472,unseen,0
W5,9473,unseen,0
W5,9474,unseen,0
W5,9475,unseen,0
W5,9476,unseen,0
W5,9477,unseen,0
W5,9478,unseen,0
W5,9479,unseen,0
W5,9480,unseen,0
W5,9481,unseen,0
W5,9482,unseen,0
W5,9483,unseen,0
W5,9484,unseen,0
W5,9485,unseen,0
W5,9486,unseen,0
W5,9487,unseen,0
W5,9488,unseen,0
W5,9489,unseen,0
W5,9490,unseen,0
W5,9491,unseen,0
W5,9492,unseen,0
W5,9493,unseen,0
W5,9494,unseen,0
W5,9495,unseen,0
W5,9496,unseen,0
W5,9497,unseen,0
W5,9498,unseen,0
W5,9499,unseen,0
W5,9500,unseen,0
W5,9501,unseen,0
W5,9502,unseen,0
W5,9503,unseen,0
W5,9504,unseen,0
W5,9505,unseen,0
W5,9506,unseen,0
W5,9507,unseen,0
W5,9508,unseen,0
W5,9509,unseen,0
W5,9510,unseen,0
W5,9511,unseen,0
W5,9512,unseen,0
W5,9513,unseen,0
W5,9514,unseen,0
W5,9515,unseen,0
W5,9516,unseen,0
W5,9517,unseen,0
W5,9518,unseen,0
W5,9519,unseen,0
W5,9520,unseen,0
W5,9521,unseen,0
W5,9522,unseen,0
W5,9523,unseen,0
W5,9524,unseen,0
W5,9525,unseen,0
W5,9526,unseen,0
W5,9527,unseen,0
W5,9528,unseen,0
W5,9529,unseen,0
W5,9530,unseen,0
W5,9531,unseen,0
W5,9532,unseen,0
W5,9533,unseen,0
W5,9534,unseen,0
W5,9535,unseen,0
W5,9536,unseen,0
W5,9537,unseen,0
W5,9538,unseen,0
W5,9539,unseen,0
W5,9540,unseen,0
W5,9541,unseen,0
W5,9542,unseen,0
W5,9543,unseen,0
W5,9544,unseen,0
W5,9545,unseen,0
W5,9546,unseen,0
W5,9547,unseen,0
W5,9548,unseen,0
W5,9549,unseen,0
W5,9550,unseen,0
W5,9551,unseen,0
W5,9552,unseen,0
W5,9553,unseen,0
W5,9554,unseen,0
W5,9555,unseen,0
W5,9556,unseen,0
W5,9557,unseen,0
W5,9558,unseen,0
W5,9559,unseen,0
W5,9560,unseen,0
W5,9561,unseen,0
W5,9562,unseen,0
W5,9563,unseen,0
W5,9564,unseen,0
W5,9565,unseen,0
W5,9566,unseen,0
W5,9567,unseen,0
W5,9568,unseen,0
W5,9569,unseen,0
W5,9570,unseen,0
W5,9571,unseen,0
W5,9572,unseen,0
W5,9573,unseen,0
W5,9574,unseen,0
W5,9575,unseen,0
W5,9576,unseen,0
W5,9577,unseen,0
W5,9578,unseen,0
W5,9579,unseen,0
W5,9580,unseen,0
W5,9581,unseen,0
W5,9582,unseen,0
W5,9583,unseen,0
W5,9584,unseen,0
W5,9585,unseen,0
W5,9586,unseen,0
W5,9587,unseen,0
W5,9588,unseen,0
W5,9589,unseen,0
W5,9590,unseen,0
W5,9591,unseen,0
W5,9592,unseen,0
W5,9593,unseen,0
W5,9594,unseen,0
W5,9595,unseen,0
W5,9596,unseen,0
W5,9597,unseen,0
W5,9598,unseen,0
W5,9599,unseen,0
W5,9600,unseen,0
W5,9601,unseen,0
W5,9602,unseen,0
W5,9603,unseen,0
W5,9604,unseen,0
W5,9605,unseen,0
W5,9606,unseen,0
W5,9607,unseen,0
W5,9608,unseen,0
W5,9609,unseen,0
W5,9610,unseen,0
W5,9611,unseen,0
W5,9612,unseen,0
W5,9613,unseen,0
W5,9614,unseen,0
W5,9615,unseen,0
W5,9616,unseen,0
W5,9617,unseen,0
W5,9618,unseen,0
W5,9619,unseen,0
W5,9620,unseen,0
W5,9621,unseen,0
W5,9622,unseen,0
W5,9623,unseen,0
W5,9624,unseen,0
W5,9625,unseen,0
W5,9626,unseen,0
W5,9627,unseen,0
W5,9628,unseen,0
W5,9629,unseen,0
W5,9630,unseen,0
W5,9631,unseen,0
W5,9632,unseen,0
W5,9633,unseen,0
W5,9634,unseen,0
W5,9635,unseen,0
W5,9636,unseen,0
W5,9637,unseen,0
W5,9638,unseen,0
W5,9639,unseen,0
W5,9640,unseen,0
W5,9641,unseen,0
W5,9642,unseen,0
W5,9643,unseen,0
W5,9644,unseen,0
W5,9645,unseen,0
W5,9646,unseen,0
W5,9647,unseen,0
W5,9648,unseen,0
W5,9649,unseen,0
W5,9650,unseen,0
W5,9651,unseen,0
W5,9652,unseen,0
W5,9653,unseen,0
W5,9654,unseen,0
W5,9655,unseen,0
W5,9656,unseen,0
W5,9657,unseen,0
W5,9658,unseen,0
W5,9659,unseen,0
W5,9660,unseen,0
W5,9661,very_rare,2
W5,9662,unseen,0
W5,9663,unseen,0
W5,9664,unseen,0
W5,9665,unseen,0
W5,9666,unseen,0
W5,9667,unseen,0
W5,9668,unseen,0
W5,9669,unseen,0
W5,9670,unseen,0
W5,9671,unseen,0
W5,9672,unseen,0
W5,9673,unseen,0
W5,9674,unseen,0
W5,9675,unseen,0
W5,9676,unseen,0
W5,9677,unseen,0
W5,9678,unseen,0
W5,9679,unseen,0
W5,9680,unseen,0
W5,9681,unseen,0
W5,9682,unseen,0
W5,9683,unseen,0
W5,9684,unseen,0
W5,9685,unseen,0
W5,9686,unseen,0
W5,9687,unseen,0
W5,9688,unseen,0
W5,9689,unseen,0
W5,9690,unseen,0
W5,9691,unseen,0
W5,9692,unseen,0
W5,9693,unseen,0
W5,9694,unseen,0
W5,9695,unseen,0
W5,9696,unseen,0
W5,9697,unseen,0
W5,9698,unseen,0
W5,9699,unseen,0
W5,9700,unseen,0
W5,9701,unseen,0
W5,9702,unseen,0
W5,9703,unseen,0
W5,9704,unseen,0
W5,9705,unseen,0
W5,9706,unseen,0
W5,9707,unseen,0
W5,9708,unseen,0
W5,9709,unseen,0
W5,9710,unseen,0
W5,9711,unseen,0
W5,9712,unseen,0
W5,9713,unseen,0
W5,9714,unseen,0
W5,9715,unseen,0
W5,9716,unseen,0
W5,9717,unseen,0
W5,9718,unseen,0
W5,9719,unseen,0
W5,9720,unseen,0
W5,9721,unseen,0
W5,9722,unseen,0
W5,9723,unseen,0
W5,9724,unseen,0
W5,9725,unseen,0
W5,9726,unseen,0
W5,9727,unseen,0
W5,9728,unseen,0
W5,9729,unseen,0
W5,9730,unseen,0
W5,9731,unseen,0
W5,9732,unseen,0
W5,9733,unseen,0
W5,9734,unseen,0
W5,9735,unseen,0
W5,9736,unseen,0
W5,9737,unseen,0
W5,9738,unseen,0
W5,9739,unseen,0
W5,9740,unseen,0
W5,9741,unseen,0
W5,9742,unseen,0
W5,9743,unseen,0
W5,9744,unseen,0
W5,9745,unseen,0
W5,9746,unseen,0
W5,9747,unseen,0
W5,9748,unseen,0
W5,9749,unseen,0
W5,9750,unseen,0
W5,9751,unseen,0
W5,9752,unseen,0
W5,9753,unseen,0
W5,9754,unseen,0
W5,9755,unseen,0
W5,9756,unseen,0
W5,9757,unseen,0
W5,9758,unseen,0
W5,9759,unseen,0
W5,9760,unseen,0
W5,9761,unseen,0
W5,9762,unseen,0
W5,9763,unseen,0
W5,9764,unseen,0
W5,9765,unseen,0
W5,9766,unseen,0
W5,9767,unseen,0
W5,9768,unseen,0
W5,9769,unseen,0
W5,9770,unseen,0
W5,9771,unseen,0
W5,9772,unseen,0
W5,9773,unseen,0
W5,9774,unseen,0
W5,9775,unseen,0
W5,9776,unseen,0
W5,9777,unseen,0
W5,9778,unseen,0
W5,9779,unseen,0
W5,9780,unseen,0
W5,9781,unseen,0
W5,9782,unseen,0
W5,9783,unseen,0
W5,9784,unseen,0
W5,9785,unseen,0
W5,9786,unseen,0
W5,9787,unseen,0
W5,9788,unseen,0
W5,9789,unseen,0
W5,9790,unseen,0
W5,9791,unseen,0
W5,9792,unseen,0
W5,9793,unseen,0
W5,9794,unseen,0
W5,9795,unseen,0
W5,9796,unseen,0
W5,9797,unseen,0
W5,9798,unseen,0
W5,9799,unseen,0
W5,9800,unseen,0
W5,9801,unseen,0
W5,9802,unseen,0
W5,9803,unseen,0
W5,9804,unseen,0
W5,9805,unseen,0
W5,9806,unseen,0
W5,9807,unseen,0
W5,9808,unseen,0
W5,9809,unseen,0
W5,9810,unseen,0
W5,9811,unseen,0
W5,9812,unseen,0
W5,9813,unseen,0
W5,9814,unseen,0
W5,9815,unseen,0
W5,9816,unseen,0
W5,9817,unseen,0
W5,9818,unseen,0
W5,9819,unseen,0
W5,9820,unseen,0
W5,9821,unseen,0
W5,9822,unseen,0
W5,9823,unseen,0
W5,9824,unseen,0
W5,9825,unseen,0
W5,9826,unseen,0
W5,9827,unseen,0
W5,9828,unseen,0
W5,9829,unseen,0
W5,9830,unseen,0
W5,9831,unseen,0
W5,9832,unseen,0
W5,9833,unseen,0
W5,9834,unseen,0
W5,9835,unseen,0
W5,9836,unseen,0
W5,9837,unseen,0
W5,9838,unseen,0
W5,9839,unseen,0
W5,9840,unseen,0
W5,9841,unseen,0
W5,9842,unseen,0
W5,9843,unseen,0
W5,9844,unseen,0
W5,9845,unseen,0
W5,9846,unseen,0
W5,9847,unseen,0
W5,9848,unseen,0
W5,9849,unseen,0
W5,9850,unseen,0
W5,9851,unseen,0
W5,9852,unseen,0
W5,9853,unseen,0
W5,9854,unseen,0
W5,9855,unseen,0
W5,9856,unseen,0
W5,9857,unseen,0
W5,9858,unseen,0
W5,9859,unseen,0
W5,9860,unseen,0
W5,9861,unseen,0
W5,9862,unseen,0
W5,9863,unseen,0
W5,9864,unseen,0
W5,9865,unseen,0
W5,9866,unseen,0
W5,9867,unseen,0
W5,9868,unseen,0
W5,9869,unseen,0
W5,9870,unseen,0
W5,9871,unseen,0
W5,9872,unseen,0
W5,9873,unseen,0
W5,9874,unseen,0
W5,9875,unseen,0
W5,9876,unseen,0
W5,9877,unseen,0
W5,9878,unseen,0
W5,9879,unseen,0
W5,9880,unseen,0
W5,9881,unseen,0
W5,9882,unseen,0
W5,9883,unseen,0
W5,9884,unseen,0
W5,9885,unseen,0
W5,9886,unseen,0
W5,9887,unseen,0
W5,9888,unseen,0
W5,9889,unseen,0
W5,9890,unseen,0
W5,9891,unseen,0
W5,9892,unseen,0
W5,9893,unseen,0
W5,9894,unseen,0
W5,9895,unseen,0
W5,9896,unseen,0
W5,9897,unseen,0
W5,9898,unseen,0
W5,9899,unseen,0
W5,9900,unseen,0
W5,9901,unseen,0
W5,9902,unseen,0
W5,9903,unseen,0
W5,9904,unseen,0
W5,9905,unseen,0
W5,9906,unseen,0
W5,9907,unseen,0
W5,9908,unseen,0
W5,9909,unseen,0
W5,9910,unseen,0
W5,9911,unseen,0
W5,9912,unseen,0
W5,9913,unseen,0
W5,9914,unseen,0
W5,9915,unseen,0
W5,9916,unseen,0
W5,9917,unseen,0
W5,9918,unseen,0
W5,9919,unseen,0
W5,9920,unseen,0
W5,9921,unseen,0
W5,9922,unseen,0
W5,9923,unseen,0
W5,9924,unseen,0
W5,9925,unseen,0
W5,9926,unseen,0
W5,9927,unseen,0
W5,9928,unseen,0
W5,9929,unseen,0
W5,9930,unseen,0
W5,9931,unseen,0
W5,9932,unseen,0
W5,9933,unseen,0
W5,9934,unseen,0
W5,9935,unseen,0
W5,9936,unseen,0
W5,9937,unseen,0
W5,9938,unseen,0
W5,9939,unseen,0
W5,9940,unseen,0
W5,9941,unseen,0
W5,9942,unseen,0
W5,9943,unseen,0
W5,9944,unseen,0
W5,9945,unseen,0
W5,9946,unseen,0
W5,9947,unseen,0
W5,9948,unseen,0
W5,9949,unseen,0
W5,9950,unseen,0
W5,9951,unseen,0
W5,9952,unseen,0
W5,9953,unseen,0
W5,9954,unseen,0
W5,9955,unseen,0
W5,9956,unseen,0
W5,9957,unseen,0
W5,9958,unseen,0
W5,9959,unseen,0
W5,9960,unseen,0
W5,9961,unseen,0
W5,9962,unseen,0
W5,9963,unseen,0
W5,9964,unseen,0
W5,9965,unseen,0
W5,9966,unseen,0
W5,9967,unseen,0
W5,9968,unseen,0
W5,9969,unseen,0
W5,9970,unseen,0
W5,9971,unseen,0
W5,9972,unseen,0
W5,9973,unseen,0
W5,9974,unseen,0
W5,9975,unseen,0
W5,9976,unseen,0
W5,9977,unseen,0
W5,9978,unseen,0
W5,9979,unseen,0
W5,9980,unseen,0
W5,9981,unseen,0
W5,9982,unseen,0
W5,9983,unseen,0
W5,9984,unseen,0
W5,9985,unseen,0
W5,9986,unseen,0
W5,9987,unseen,0
W5,9988,unseen,0
W5,9989,unseen,0
W5,9990,unseen,0
W5,9991,unseen,0
W5,9992,unseen,0
W5,9993,unseen,0
W5,9994,unseen,0
W5,9995,unseen,0
W5,9996,unseen,0
W5,9997,unseen,0
W5,9998,unseen,0
W5,9999,unseen,0
W5,10000,unseen,0
W5,10001,unseen,0
W5,10002,unseen,0
W5,10003,unseen,0
W5,10004,unseen,0
W5,10005,unseen,0
W5,10006,unseen,0
W5,10007,unseen,0
W5,10008,unseen,0
W5,10009,unseen,0
W5,10010,unseen,0
W5,10011,unseen,0
W5,10012,unseen,0
W5,10013,unseen,0
W5,10014,unseen,0
W5,10015,unseen,0
W5,10016,unseen,0
W5,10017,unseen,0
W5,10018,unseen,0
W5,10019,unseen,0
W5,10020,unseen,0
W5,10021,unseen,0
W5,10022,unseen,0
W5,10023,unseen,0
W5,10024,unseen,0
W5,10025,unseen,0
W5,10026,unseen,0
W5,10027,unseen,0
W5,10028,unseen,0
W5,10029,unseen,0
W5,10030,unseen,0
W5,10031,unseen,0
W5,10032,unseen,0
W5,10033,unseen,0
W5,10034,unseen,0
W5,10035,unseen,0
W5,10036,unseen,0
W5,10037,unseen,0
W5,10038,unseen,0
W5,10039,unseen,0
W5,10040,unseen,0
W5,10041,unseen,0
W5,10042,unseen,0
W5,10043,unseen,0
W5,10044,unseen,0
W5,10045,unseen,0
W5,10046,unseen,0
W5,10047,unseen,0
W5,10048,unseen,0
W5,10049,unseen,0
W5,10050,unseen,0
W5,10051,unseen,0
W5,10052,unseen,0
W5,10053,unseen,0
W5,10054,unseen,0
W5,10055,unseen,0
W5,10056,unseen,0
W5,10057,unseen,0
W5,10058,unseen,0
W5,10059,unseen,0
W5,10060,unseen,0
W5,10061,unseen,0
W5,10062,unseen,0
W5,10063,unseen,0
W5,10064,unseen,0
W5,10065,unseen,0
W5,10066,unseen,0
W5,10067,unseen,0
W5,10068,unseen,0
W5,10069,unseen,0
W5,10070,unseen,0
W5,10071,unseen,0
W5,10072,unseen,0
W5,10073,unseen,0
W5,10074,unseen,0
W5,10075,unseen,0
W5,10076,unseen,0
W5,10077,unseen,0
W5,10078,unseen,0
W5,10079,unseen,0
W5,10080,unseen,0
W5,10081,unseen,0
W5,10082,unseen,0
W5,10083,unseen,0
W5,10084,unseen,0
W5,10085,unseen,0
W5,10086,unseen,0
W5,10087,unseen,0
W5,10088,unseen,0
W5,10089,unseen,0
W5,10090,unseen,0
W5,10091,unseen,0
W5,10092,unseen,0
W5,10093,unseen,0
W5,10094,unseen,0
W5,10095,unseen,0
W5,10096,unseen,0
W5,10097,unseen,0
W5,10098,unseen,0
W5,10099,unseen,0
W5,10100,unseen,0
W5,10101,unseen,0
W5,10102,unseen,0
W5,10103,unseen,0
W5,10104,unseen,0
W5,10105,unseen,0
W5,10106,unseen,0
W5,10107,unseen,0
W5,10108,unseen,0
W5,10109,unseen,0
W5,10110,unseen,0
W5,10111,unseen,0
W5,10112,unseen,0
W5,10113,unseen,0
W5,10114,unseen,0
W5,10115,unseen,0
W5,10116,unseen,0
W5,10117,unseen,0
W5,10118,unseen,0
W5,10119,unseen,0
W5,10120,unseen,0
W5,10121,unseen,0
W5,10122,unseen,0
W5,10123,unseen,0
W5,10124,unseen,0
W5,10125,unseen,0
W5,10126,unseen,0
W5,10127,unseen,0
W5,10128,unseen,0
W5,10129,unseen,0
W5,10130,unseen,0
W5,10131,unseen,0
W5,10132,unseen,0
W5,10133,unseen,0
W5,10134,unseen,0
W5,10135,unseen,0
W5,10136,unseen,0
W5,10137,unseen,0
W5,10138,unseen,0
W5,10139,unseen,0
W5,10140,unseen,0
W5,10141,unseen,0
W5,10142,unseen,0
W5,10143,unseen,0
W5,10144,unseen,0
W5,10145,unseen,0
W5,10146,unseen,0
W5,10147,unseen,0
W5,10148,unseen,0
W5,10149,unseen,0
W5,10150,unseen,0
W5,10151,unseen,0
W5,10152,unseen,0
W5,10153,unseen,0
W5,10154,unseen,0
W5,10155,unseen,0
W5,10156,unseen,0
W5,10157,unseen,0
W5,10158,unseen,0
W5,10159,unseen,0
W5,10160,unseen,0
W5,10161,unseen,0
W5,10162,unseen,0
W5,10163,unseen,0
W5,10164,unseen,0
W5,10165,unseen,0
W5,10166,unseen,0
W5,10167,unseen,0
W5,10168,unseen,0
W5,10169,unseen,0
W5,10170,unseen,0
W5,10171,unseen,0
W5,10172,unseen,0
W5,10173,unseen,0
W5,10174,unseen,0
W5,10175,unseen,0
W5,10176,unseen,0
W5,10177,unseen,0
W5,10178,unseen,0
W5,10179,unseen,0
W5,10180,unseen,0
W5,10181,unseen,0
W5,10182,unseen,0
W5,10183,unseen,0
W5,10184,unseen,0
W5,10185,unseen,0
W5,10186,unseen,0
W5,10187,unseen,0
W5,10188,unseen,0
W5,10189,unseen,0
W5,10190,unseen,0
W5,10191,unseen,0
W5,10192,unseen,0
W5,10193,unseen,0
W5,10194,unseen,0
W5,10195,unseen,0
W5,10196,unseen,0
W5,10197,unseen,0
W5,10198,unseen,0
W5,10199,unseen,0
W5,10200,unseen,0
W5,10201,unseen,0
W5,10202,very_rare,1
W5,10203,unseen,0
W5,10204,unseen,0
W5,10205,unseen,0
W5,10206,unseen,0
W5,10207,unseen,0
W5,10208,unseen,0
W5,10209,unseen,0
W5,10210,unseen,0
W5,10211,unseen,0
W5,10212,unseen,0
W5,10213,unseen,0
W5,10214,unseen,0
W5,10215,unseen,0
W5,10216,unseen,0
W5,10217,unseen,0
W5,10218,unseen,0
W5,10219,unseen,0
W5,10220,unseen,0
W5,10221,unseen,0
W5,10222,unseen,0
W5,10223,unseen,0
W5,10224,unseen,0
W5,10225,unseen,0
W5,10226,unseen,0
W5,10227,unseen,0
W5,10228,unseen,0
W5,10229,unseen,0
W5,10230,unseen,0
W5,10231,unseen,0
W5,10232,unseen,0
W5,10233,unseen,0
W5,10234,unseen,0
W5,10235,unseen,0
W5,10236,unseen,0
W5,10237,unseen,0
W5,10238,unseen,0
W5,10239,unseen,0
W5,10240,unseen,0
W5,10241,unseen,0
W5,10242,unseen,0
W5,10243,unseen,0
W5,10244,unseen,0
W5,10245,unseen,0
W5,10246,unseen,0
W5,10247,unseen,0
W5,10248,unseen,0
W5,10249,unseen,0
W5,10250,unseen,0
W5,10251,unseen,0
W5,10252,unseen,0
W5,10253,unseen,0
W5,10254,unseen,0
W5,10255,unseen,0
W5,10256,unseen,0
W5,10257,unseen,0
W5,10258,unseen,0
W5,10259,unseen,0
W5,10260,unseen,0
W5,10261,unseen,0
W5,10262,unseen,0
W5,10263,unseen,0
W5,10264,unseen,0
W5,10265,unseen,0
W5,10266,unseen,0
W5,10267,unseen,0
W5,10268,unseen,0
W5,10269,unseen,0
W5,10270,unseen,0
W5,10271,unseen,0
W5,10272,unseen,0
W5,10273,unseen,0
W5,10274,unseen,0
W5,10275,unseen,0
W5,10276,unseen,0
W5,10277,unseen,0
W5,10278,unseen,0
W5,10279,unseen,0
W5,10280,unseen,0
W5,10281,unseen,0
W5,10282,unseen,0
W5,10283,unseen,0
W5,10284,unseen,0
W5,10285,unseen,0
W5,10286,unseen,0
W5,10287,unseen,0
W5,10288,unseen,0
W5,10289,unseen,0
W5,10290,unseen,0
W5,10291,unseen,0
W5,10292,unseen,0
W5,10293,unseen,0
W5,10294,unseen,0
W5,10295,unseen,0
W5,10296,unseen,0
W5,10297,unseen,0
W5,10298,unseen,0
W5,10299,unseen,0
W5,10300,unseen,0
W5,10301,unseen,0
W5,10302,unseen,0
W5,10303,unseen,0
W5,10304,unseen,0
W5,10305,unseen,0
W5,10306,unseen,0
W5,10307,unseen,0
W5,10308,unseen,0
W5,10309,unseen,0
W5,10310,unseen,0
W5,10311,unseen,0
W5,10312,unseen,0
W5,10313,unseen,0
W5,10314,unseen,0
W5,10315,unseen,0
W5,10316,unseen,0
W5,10317,unseen,0
W5,10318,unseen,0
W5,10319,unseen,0
W5,10320,unseen,0
W5,10321,unseen,0
W5,10322,unseen,0
W5,10323,unseen,0
W5,10324,unseen,0
W5,10325,unseen,0
W5,10326,unseen,0
W5,10327,unseen,0
W5,10328,unseen,0
W5,10329,unseen,0
W5,10330,unseen,0
W5,10331,unseen,0
W5,10332,unseen,0
W5,10333,unseen,0
W5,10334,unseen,0
W5,10335,unseen,0
W5,10336,unseen,0
W5,10337,unseen,0
W5,10338,unseen,0
W5,10339,unseen,0
W5,10340,unseen,0
W5,10341,unseen,0
W5,10342,unseen,0
W5,10343,unseen,0
W5,10344,unseen,0
W5,10345,unseen,0
W5,10346,unseen,0
W5,10347,unseen,0
W5,10348,unseen,0
W5,10349,unseen,0
W5,10350,unseen,0
W5,10351,unseen,0
W5,10352,unseen,0
W5,10353,unseen,0
W5,10354,unseen,0
W5,10355,unseen,0
W5,10356,unseen,0
W5,10357,unseen,0
W5,10358,unseen,0
W5,10359,unseen,0
W5,10360,unseen,0
W5,10361,unseen,0
W5,10362,unseen,0
W5,10363,unseen,0
W5,10364,unseen,0
W5,10365,unseen,0
W5,10366,unseen,0
W5,10367,unseen,0
W5,10368,unseen,0
W5,10369,unseen,0
W5,10370,unseen,0
W5,10371,unseen,0
W5,10372,unseen,0
W5,10373,unseen,0
W5,10374,unseen,0
W5,10375,unseen,0
W5,10376,unseen,0
W5,10377,unseen,0
W5,10378,unseen,0
W5,10379,unseen,0
W5,10380,unseen,0
W5,10381,unseen,0
W5,10382,unseen,0
W5,10383,unseen,0
W5,10384,unseen,0
W5,10385,unseen,0
W5,10386,unseen,0
W5,10387,unseen,0
W5,10388,unseen,0
W5,10389,unseen,0
W5,10390,unseen,0
W5,10391,unseen,0
W5,10392,unseen,0
W5,10393,unseen,0
W5,10394,unseen,0
W5,10395,unseen,0
W5,10396,unseen,0
W5,10397,unseen,0
W5,10398,unseen,0
W5,10399,unseen,0
W5,10400,unseen,0
W5,10401,unseen,0
W5,10402,unseen,0
W5,10403,unseen,0
W5,10404,unseen,0
W5,10405,unseen,0
W5,10406,unseen,0
W5,10407,unseen,0
W5,10408,unseen,0
W5,10409,unseen,0
W5,10410,unseen,0
W5,10411,unseen,0
W5,10412,unseen,0
W5,10413,unseen,0
W5,10414,unseen,0
W5,10415,unseen,0
W5,10416,unseen,0
W5,10417,unseen,0
W5,10418,unseen,0
W5,10419,unseen,0
W5,10420,unseen,0
W5,10421,unseen,0
W5,10422,unseen,0
W5,10423,unseen,0
W5,10424,unseen,0
W5,10425,unseen,0
W5,10426,unseen,0
W5,10427,unseen,0
W5,10428,unseen,0
W5,10429,unseen,0
W5,10430,unseen,0
W5,10431,unseen,0
W5,10432,unseen,0
W5,10433,unseen,0
W5,10434,unseen,0
W5,10435,unseen,0
W5,10436,unseen,0
W5,10437,unseen,0
W5,10438,unseen,0
W5,10439,unseen,0
W5,10440,unseen,0
W5,10441,unseen,0
W5,10442,unseen,0
W5,10443,unseen,0
W5,10444,unseen,0
W5,10445,unseen,0
W5,10446,unseen,0
W5,10447,unseen,0
W5,10448,unseen,0
W5,10449,unseen,0
W5,10450,unseen,0
W5,10451,unseen,0
W5,10452,unseen,0
W5,10453,unseen,0
W5,10454,unseen,0
W5,10455,unseen,0
W5,10456,unseen,0
W5,10457,unseen,0
W5,10458,unseen,0
W5,10459,unseen,0
W5,10460,unseen,0
W5,10461,unseen,0
W5,10462,unseen,0
W5,10463,unseen,0
W5,10464,unseen,0
W5,10465,unseen,0
W5,10466,unseen,0
W5,10467,unseen,0
W5,10468,unseen,0
W5,10469,unseen,0
W5,10470,unseen,0
W5,10471,unseen,0
W5,10472,unseen,0
W5,10473,unseen,0
W5,10474,unseen,0
W5,10475,unseen,0
W5,10476,unseen,0
W5,10477,unseen,0
W5,10478,unseen,0
W5,10479,unseen,0
W5,10480,unseen,0
W5,10481,unseen,0
W5,10482,unseen,0
W5,10483,unseen,0
W5,10484,unseen,0
W5,10485,unseen,0
W5,10486,unseen,0
W5,10487,unseen,0
W5,10488,unseen,0
W5,10489,unseen,0
W5,10490,unseen,0
W5,10491,unseen,0
W5,10492,unseen,0
W5,10493,unseen,0
W5,10494,unseen,0
W5,10495,unseen,0
W5,10496,unseen,0
W5,10497,unseen,0
W5,10498,unseen,0
W5,10499,unseen,0
W5,10500,unseen,0
W5,10501,unseen,0
W5,10502,unseen,0
W5,10503,unseen,0
W5,10504,unseen,0
W5,10505,unseen,0
W5,10506,unseen,0
W5,10507,unseen,0
W5,10508,unseen,0
W5,10509,unseen,0
W5,10510,unseen,0
W5,10511,unseen,0
W5,10512,unseen,0
W5,10513,unseen,0
W5,10514,unseen,0
W5,10515,unseen,0
W5,10516,unseen,0
W5,10517,unseen,0
W5,10518,unseen,0
W5,10519,unseen,0
W5,10520,unseen,0
W5,10521,unseen,0
W5,10522,unseen,0
W5,10523,unseen,0
W5,10524,unseen,0
W5,10525,unseen,0
W5,10526,unseen,0
W5,10527,unseen,0
W5,10528,unseen,0
W5,10529,unseen,0
W5,10530,unseen,0
W5,10531,unseen,0
W5,10532,unseen,0
W5,10533,unseen,0
W5,10534,unseen,0
W5,10535,unseen,0
W5,10536,unseen,0
W5,10537,unseen,0
W5,10538,unseen,0
W5,10539,unseen,0
W5,10540,unseen,0
W5,10541,unseen,0
W5,10542,unseen,0
W5,10543,unseen,0
W5,10544,unseen,0
W5,10545,unseen,0
W5,10546,unseen,0
W5,10547,unseen,0
W5,10548,unseen,0
W5,10549,unseen,0
W5,10550,unseen,0
W5,10551,unseen,0
W5,10552,unseen,0
W5,10553,unseen,0
W5,10554,unseen,0
W5,10555,unseen,0
W5,10556,unseen,0
W5,10557,unseen,0
W5,10558,unseen,0
W5,10559,unseen,0
W5,10560,unseen,0
W5,10561,unseen,0
W5,10562,unseen,0
W5,10563,unseen,0
W5,10564,unseen,0
W5,10565,unseen,0
W5,10566,unseen,0
W5,10567,unseen,0
W5,10568,unseen,0
W5,10569,unseen,0
W5,10570,unseen,0
W5,10571,unseen,0
W5,10572,unseen,0
W5,10573,unseen,0
W5,10574,unseen,0
W5,10575,unseen,0
W5,10576,unseen,0
W5,10577,unseen,0
W5,10578,unseen,0
W5,10579,unseen,0
W5,10580,unseen,0
W5,10581,unseen,0
W5,10582,unseen,0
W5,10583,unseen,0
W5,10584,unseen,0
W5,10585,unseen,0
W5,10586,unseen,0
W5,10587,unseen,0
W5,10588,unseen,0
W5,10589,unseen,0
W5,10590,unseen,0
W5,10591,unseen,0
W5,10592,unseen,0
W5,10593,unseen,0
W5,10594,unseen,0
W5,10595,unseen,0
W5,10596,unseen,0
W5,10597,unseen,0
W5,10598,unseen,0
W5,10599,unseen,0
W5,10600,unseen,0
W5,10601,unseen,0
W5,10602,unseen,0
W5,10603,unseen,0
W5,10604,unseen,0
W5,10605,unseen,0
W5,10606,unseen,0
W5,10607,unseen,0
W5,10608,unseen,0
W5,10609,unseen,0
W5,10610,unseen,0
W5,10611,unseen,0
W5,10612,unseen,0
W5,10613,unseen,0
W5,10614,unseen,0
W5,10615,unseen,0
W5,10616,unseen,0
W5,10617,unseen,0
W5,10618,unseen,0
W5,10619,unseen,0
W5,10620,unseen,0
W5,10621,unseen,0
W5,10622,unseen,0
W5,10623,unseen,0
W5,10624,unseen,0
W5,10625,unseen,0
W5,10626,unseen,0
W5,10627,unseen,0
W5,10628,unseen,0
W5,10629,unseen,0
W5,10630,unseen,0
W5,10631,unseen,0
W5,10632,unseen,0
W5,10633,unseen,0
W5,10634,unseen,0
W5,10635,unseen,0
W5,10636,unseen,0
W5,10637,unseen,0
W5,10638,unseen,0
W5,10639,unseen,0
W5,10640,unseen,0
W5,10641,unseen,0
W5,10642,unseen,0
W5,10643,unseen,0
W5,10644,unseen,0
W5,10645,unseen,0
W5,10646,unseen,0
W5,10647,unseen,0
W5,10648,unseen,0
W5,10649,unseen,0
W5,10650,unseen,0
W5,10651,unseen,0
W5,10652,unseen,0
W5,10653,unseen,0
W5,10654,unseen,0
W5,10655,unseen,0
W5,10656,unseen,0
W5,10657,unseen,0
W5,10658,unseen,0
W5,10659,unseen,0
W5,10660,unseen,0
W5,10661,unseen,0
W5,10662,unseen,0
W5,10663,unseen,0
W5,10664,unseen,0
W5,10665,unseen,0
W5,10666,unseen,0
W5,10667,unseen,0
W5,10668,unseen,0
W5,10669,unseen,0
W5,10670,unseen,0
W5,10671,unseen,0
W5,10672,unseen,0
W5,10673,unseen,0
W5,10674,unseen,0
W5,10675,unseen,0
W5,10676,unseen,0
W5,10677,unseen,0
W5,10678,unseen,0
W5,10679,unseen,0
W5,10680,unseen,0
W5,10681,unseen,0
W5,10682,unseen,0
W5,10683,unseen,0
W5,10684,unseen,0
W5,10685,unseen,0
W5,10686,unseen,0
W5,10687,unseen,0
W5,10688,unseen,0
W5,10689,unseen,0
W5,10690,unseen,0
W5,10691,unseen,0
W5,10692,unseen,0
W5,10693,unseen,0
W5,10694,unseen,0
W5,10695,unseen,0
W5,10696,unseen,0
W5,10697,unseen,0
W5,10698,unseen,0
W5,10699,unseen,0
W5,10700,unseen,0
W5,10701,unseen,0
W5,10702,unseen,0
W5,10703,unseen,0
W5,10704,unseen,0
W5,10705,unseen,0
W5,10706,unseen,0
W5,10707,unseen,0
W5,10708,unseen,0
W5,10709,unseen,0
W5,10710,unseen,0
W5,10711,unseen,0
W5,10712,unseen,0
W5,10713,unseen,0
W5,10714,unseen,0
W5,10715,unseen,0
W5,10716,unseen,0
W5,10717,unseen,0
W5,10718,unseen,0
W5,10719,unseen,0
W5,10720,unseen,0
W5,10721,unseen,0
W5,10722,unseen,0
W5,10723,unseen,0
W5,10724,unseen,0
W5,10725,unseen,0
W5,10726,unseen,0
W5,10727,unseen,0
W5,10728,unseen,0
W5,10729,unseen,0
W5,10730,unseen,0
W5,10731,unseen,0
W5,10732,unseen,0
W5,10733,unseen,0
W5,10734,unseen,0
W5,10735,unseen,0
W5,10736,unseen,0
W5,10737,unseen,0
W5,10738,unseen,0
W5,10739,unseen,0
W5,10740,unseen,0
W5,10741,unseen,0
W5,10742,unseen,0
W5,10743,unseen,0
W5,10744,unseen,0
W5,10745,unseen,0
W5,10746,unseen,0
W5,10747,unseen,0
W5,10748,unseen,0
W5,10749,unseen,0
W5,10750,unseen,0
W5,10751,unseen,0
W5,10752,unseen,0
W5,10753,unseen,0
W5,10754,unseen,0
W5,10755,unseen,0
W5,10756,unseen,0
W5,10757,unseen,0
W5,10758,unseen,0
W5,10759,unseen,0
W5,10760,unseen,0
W5,10761,unseen,0
W5,10762,unseen,0
W5,10763,unseen,0
W5,10764,unseen,0
W5,10765,unseen,0
W5,10766,unseen,0
W5,10767,unseen,0
W5,10768,unseen,0
W5,10769,unseen,0
W5,10770,unseen,0
W5,10771,unseen,0
W5,10772,unseen,0
W5,10773,unseen,0
W5,10774,unseen,0
W5,10775,unseen,0
W5,10776,unseen,0
W5,10777,unseen,0
W5,10778,unseen,0
W5,10779,unseen,0
W5,10780,unseen,0
W5,10781,unseen,0
W5,10782,unseen,0
W5,10783,unseen,0
W5,10784,unseen,0
W5,10785,unseen,0
W5,10786,unseen,0
W5,10787,unseen,0
W5,10788,unseen,0
W5,10789,unseen,0
W5,10790,unseen,0
W5,10791,unseen,0
W5,10792,unseen,0
W5,10793,unseen,0
W5,10794,unseen,0
W5,10795,unseen,0
W5,10796,unseen,0
W5,10797,unseen,0
W5,10798,unseen,0
W5,10799,unseen,0
W5,10800,unseen,0
W5,10801,unseen,0
W5,10802,unseen,0
W5,10803,unseen,0
W5,10804,unseen,0
W5,10805,unseen,0
W5,10806,unseen,0
W5,10807,unseen,0
W5,10808,unseen,0
W5,10809,unseen,0
W5,10810,unseen,0
W5,10811,unseen,0
W5,10812,unseen,0
W5,10813,unseen,0
W5,10814,unseen,0
W5,10815,unseen,0
W5,10816,unseen,0
W5,10817,unseen,0
W5,10818,unseen,0
W5,10819,unseen,0
W5,10820,unseen,0
W5,10821,unseen,0
W5,10822,unseen,0
W5,10823,unseen,0
W5,10824,unseen,0
W5,10825,unseen,0
W5,10826,unseen,0
W5,10827,unseen,0
W5,10828,unseen,0
W5,10829,unseen,0
W5,10830,unseen,0
W5,10831,unseen,0
W5,10832,unseen,0
W5,10833,unseen,0
W5,10834,unseen,0
W5,10835,unseen,0
W5,10836,unseen,0
W5,10837,unseen,0
W5,10838,unseen,0
W5,10839,unseen,0
W5,10840,unseen,0
W5,10841,unseen,0
W5,10842,unseen,0
W5,10843,unseen,0
W5,10844,unseen,0
W5,10845,unseen,0
W5,10846,unseen,0
W5,10847,unseen,0
W5,10848,unseen,0
W5,10849,unseen,0
W5,10850,unseen,0
W5,10851,unseen,0
W5,10852,unseen,0
W5,10853,unseen,0
W5,10854,unseen,0
W5,10855,unseen,0
W5,10856,unseen,0
W5,10857,unseen,0
W5,10858,unseen,0
W5,10859,unseen,0
W5,10860,unseen,0
W5,10861,unseen,0
W5,10862,unseen,0
W5,10863,unseen,0
W5,10864,unseen,0
W5,10865,unseen,0
W5,10866,unseen,0
W5,10867,unseen,0
W5,10868,unseen,0
W5,10869,unseen,0
W5,10870,unseen,0
W5,10871,unseen,0
W5,10872,unseen,0
W5,10873,unseen,0
W5,10874,unseen,0
W5,10875,unseen,0
W5,10876,unseen,0
W5,10877,unseen,0
W5,10878,unseen,0
W5,10879,unseen,0
W5,10880,unseen,0
W5,10881,unseen,0
W5,10882,unseen,0
W5,10883,unseen,0
W5,10884,unseen,0
W5,10885,unseen,0
W5,10886,unseen,0
W5,10887,unseen,0
W5,10888,unseen,0
W5,10889,unseen,0
W5,10890,unseen,0
W5,10891,unseen,0
W5,10892,unseen,0
W5,10893,unseen,0
W5,10894,unseen,0
W5,10895,unseen,0
W5,10896,unseen,0
W5,10897,unseen,0
W5,10898,unseen,0
W5,10899,unseen,0
W5,10900,unseen,0
W5,10901,unseen,0
W5,10902,unseen,0
W5,10903,unseen,0
W5,10904,unseen,0
W5,10905,unseen,0
W5,10906,unseen,0
W5,10907,unseen,0
W5,10908,unseen,0
W5,10909,unseen,0
W5,10910,unseen,0
W5,10911,unseen,0
W5,10912,unseen,0
W5,10913,unseen,0
W5,10914,unseen,0
W5,10915,unseen,0
W5,10916,unseen,0
W5,10917,unseen,0
W5,10918,unseen,0
W5,10919,unseen,0
W5,10920,unseen,0
W5,10921,unseen,0
W5,10922,unseen,0
W5,10923,unseen,0
W5,10924,unseen,0
W5,10925,unseen,0
W5,10926,unseen,0
W5,10927,unseen,0
W5,10928,unseen,0
W5,10929,unseen,0
W5,10930,unseen,0
W5,10931,unseen,0
W5,10932,unseen,0
W5,10933,unseen,0
W5,10934,unseen,0
W5,10935,unseen,0
W5,10936,unseen,0
W5,10937,unseen,0
W5,10938,unseen,0
W5,10939,unseen,0
W5,10940,unseen,0
W5,10941,unseen,0
W5,10942,unseen,0
W5,10943,unseen,0
W5,10944,unseen,0
W5,10945,unseen,0
W5,10946,unseen,0
W5,10947,unseen,0
W5,10948,unseen,0
W5,10949,unseen,0
W5,10950,unseen,0
W5,10951,unseen,0
W5,10952,unseen,0
W5,10953,unseen,0
W5,10954,unseen,0
W5,10955,unseen,0
W5,10956,unseen,0
W5,10957,unseen,0
W5,10958,unseen,0
W5,10959,unseen,0
W5,10960,unseen,0
W5,10961,unseen,0
W5,10962,unseen,0
W5,10963,unseen,0
W5,10964,unseen,0
W5,10965,unseen,0
W5,10966,unseen,0
W5,10967,unseen,0
W5,10968,unseen,0
W5,10969,unseen,0
W5,10970,unseen,0
W5,10971,unseen,0
W5,10972,unseen,0
W5,10973,unseen,0
W5,10974,unseen,0
W5,10975,unseen,0
W5,10976,unseen,0
W5,10977,unseen,0
W5,10978,unseen,0
W5,10979,unseen,0
W5,10980,unseen,0
W5,10981,unseen,0
W5,10982,unseen,0
W5,10983,unseen,0
W5,10984,unseen,0
W5,10985,unseen,0
W5,10986,unseen,0
W5,10987,unseen,0
W5,10988,unseen,0
W5,10989,unseen,0
W5,10990,unseen,0
W5,10991,unseen,0
W5,10992,very_rare,1
W5,10993,unseen,0
W5,10994,unseen,0
W5,10995,unseen,0
W5,10996,unseen,0
W5,10997,unseen,0
W5,10998,unseen,0
W5,10999,unseen,0
W5,11000,unseen,0
W5,11001,unseen,0
W5,11002,unseen,0
W5,11003,unseen,0
W5,11004,unseen,0
W5,11005,unseen,0
W5,11006,unseen,0
W5,11007,unseen,0
W5,11008,unseen,0
W5,11009,unseen,0
W5,11010,unseen,0
W5,11011,unseen,0
W5,11012,unseen,0
W5,11013,unseen,0
W5,11014,unseen,0
W5,11015,unseen,0
W5,11016,unseen,0
W5,11017,unseen,0
W5,11018,unseen,0
W5,11019,unseen,0
W5,11020,unseen,0
W5,11021,unseen,0
W5,11022,unseen,0
W5,11023,unseen,0
W5,11024,unseen,0
W5,11025,unseen,0
W5,11026,unseen,0
W5,11027,unseen,0
W5,11028,unseen,0
W5,11029,unseen,0
W5,11030,unseen,0
W5,11031,unseen,0
W5,11032,unseen,0
W5,11033,unseen,0
W5,11034,unseen,0
W5,11035,unseen,0
W5,11036,unseen,0
W5,11037,unseen,0
W5,11038,unseen,0
W5,11039,unseen,0
W5,11040,unseen,0
W5,11041,unseen,0
W5,11042,unseen,0
W5,11043,unseen,0
W5,11044,unseen,0
W5,11045,unseen,0
W5,11046,unseen,0
W5,11047,unseen,0
W5,11048,unseen,0
W5,11049,unseen,0
W5,11050,unseen,0
W5,11051,unseen,0
W5,11052,unseen,0
W5,11053,unseen,0
W5,11054,unseen,0
W5,11055,unseen,0
W5,11056,unseen,0
W5,11057,unseen,0
W5,11058,unseen,0
W5,11059,unseen,0
W5,11060,unseen,0
W5,11061,unseen,0
W5,11062,unseen,0
W5,11063,unseen,0
W5,11064,unseen,0
W5,11065,unseen,0
W5,11066,unseen,0
W5,11067,unseen,0
W5,11068,unseen,0
W5,11069,unseen,0
W5,11070,unseen,0
W5,11071,unseen,0
W5,11072,unseen,0
W5,11073,unseen,0
W5,11074,unseen,0
W5,11075,unseen,0
W5,11076,unseen,0
W5,11077,unseen,0
W5,11078,unseen,0
W5,11079,unseen,0
W5,11080,unseen,0
W5,11081,unseen,0
W5,11082,unseen,0
W5,11083,unseen,0
W5,11084,unseen,0
W5,11085,unseen,0
W5,11086,unseen,0
W5,11087,unseen,0
W5,11088,unseen,0
W5,11089,unseen,0
W5,11090,unseen,0
W5,11091,unseen,0
W5,11092,unseen,0
W5,11093,unseen,0
W5,11094,unseen,0
W5,11095,unseen,0
W5,11096,unseen,0
W5,11097,unseen,0
W5,11098,unseen,0
W5,11099,unseen,0
W5,11100,unseen,0
W5,11101,unseen,0
W5,11102,unseen,0
W5,11103,unseen,0
W5,11104,unseen,0
W5,11105,unseen,0
W5,11106,unseen,0
W5,11107,unseen,0
W5,11108,unseen,0
W5,11109,unseen,0
W5,11110,unseen,0
W5,11111,unseen,0
W5,11112,unseen,0
W5,11113,unseen,0
W5,11114,unseen,0
W5,11115,unseen,0
W5,11116,unseen,0
W5,11117,unseen,0
W5,11118,unseen,0
W5,11119,unseen,0
W5,11120,unseen,0
W5,11121,unseen,0
W5,11122,unseen,0
W5,11123,unseen,0
W5,11124,unseen,0
W5,11125,unseen,0
W5,11126,unseen,0
W5,11127,unseen,0
W5,11128,unseen,0
W5,11129,unseen,0
W5,11130,unseen,0
W5,11131,unseen,0
W5,11132,unseen,0
W5,11133,unseen,0
W5,11134,unseen,0
W5,11135,unseen,0
W5,11136,unseen,0
W5,11137,unseen,0
W5,11138,unseen,0
W5,11139,unseen,0
W5,11140,unseen,0
W5,11141,unseen,0
W5,11142,unseen,0
W5,11143,unseen,0
W5,11144,unseen,0
W5,11145,unseen,0
W5,11146,unseen,0
W5,11147,unseen,0
W5,11148,unseen,0
W5,11149,unseen,0
W5,11150,unseen,0
W5,11151,unseen,0
W5,11152,unseen,0
W5,11153,unseen,0
W5,11154,unseen,0
W5,11155,unseen,0
W5,11156,unseen,0
W5,11157,unseen,0
W5,11158,unseen,0
W5,11159,unseen,0
W5,11160,unseen,0
W5,11161,unseen,0
W5,11162,unseen,0
W5,11163,unseen,0
W5,11164,unseen,0
W5,11165,unseen,0
W5,11166,unseen,0
W5,11167,unseen,0
W5,11168,unseen,0
W5,11169,unseen,0
W5,11170,unseen,0
W5,11171,unseen,0
W5,11172,unseen,0
W5,11173,unseen,0
W5,11174,unseen,0
W5,11175,unseen,0
W5,11176,unseen,0
W5,11177,unseen,0
W5,11178,unseen,0
W5,11179,unseen,0
W5,11180,unseen,0
W5,11181,unseen,0
W5,11182,unseen,0
W5,11183,unseen,0
W5,11184,unseen,0
W5,11185,unseen,0
W5,11186,unseen,0
W5,11187,unseen,0
W5,11188,unseen,0
W5,11189,unseen,0
W5,11190,unseen,0
W5,11191,unseen,0
W5,11192,unseen,0
W5,11193,unseen,0
W5,11194,unseen,0
W5,11195,unseen,0
W5,11196,unseen,0
W5,11197,unseen,0
W5,11198,unseen,0
W5,11199,unseen,0
W5,11200,unseen,0
W5,11201,unseen,0
W5,11202,unseen,0
W5,11203,unseen,0
W5,11204,unseen,0
W5,11205,unseen,0
W5,11206,unseen,0
W5,11207,unseen,0
W5,11208,unseen,0
W5,11209,unseen,0
W5,11210,unseen,0
W5,11211,unseen,0
W5,11212,unseen,0
W5,11213,unseen,0
W5,11214,unseen,0
W5,11215,unseen,0
W5,11216,unseen,0
W5,11217,unseen,0
W5,11218,unseen,0
W5,11219,unseen,0
W5,11220,unseen,0
W5,11221,unseen,0
W5,11222,unseen,0
W5,11223,unseen,0
W5,11224,unseen,0
W5,11225,unseen,0
W5,11226,unseen,0
W5,11227,unseen,0
W5,11228,unseen,0
W5,11229,unseen,0
W5,11230,unseen,0
W5,11231,unseen,0
W5,11232,unseen,0
W5,11233,unseen,0
W5,11234,unseen,0
W5,11235,unseen,0
W5,11236,unseen,0
W5,11237,unseen,0
W5,11238,unseen,0
W5,11239,unseen,0
W5,11240,unseen,0
W5,11241,unseen,0
W5,11242,unseen,0
W5,11243,unseen,0
W5,11244,unseen,0
W5,11245,unseen,0
W5,11246,unseen,0
W5,11247,unseen,0
W5,11248,unseen,0
W5,11249,unseen,0
W5,11250,unseen,0
W5,11251,unseen,0
W5,11252,unseen,0
W5,11253,unseen,0
W5,11254,unseen,0
W5,11255,unseen,0
W5,11256,unseen,0
W5,11257,unseen,0
W5,11258,unseen,0
W5,11259,unseen,0
W5,11260,unseen,0
W5,11261,unseen,0
W5,11262,unseen,0
W5,11263,unseen,0
W5,11264,unseen,0
W5,11265,unseen,0
W5,11266,unseen,0
W5,11267,unseen,0
W5,11268,unseen,0
W5,11269,unseen,0
W5,11270,unseen,0
W5,11271,unseen,0
W5,11272,unseen,0
W5,11273,unseen,0
W5,11274,unseen,0
W5,11275,unseen,0
W5,11276,unseen,0
W5,11277,unseen,0
W5,11278,unseen,0
W5,11279,unseen,0
W5,11280,unseen,0
W5,11281,unseen,0
W5,11282,unseen,0
W5,11283,unseen,0
W5,11284,unseen,0
W5,11285,unseen,0
W5,11286,unseen,0
W5,11287,unseen,0
W5,11288,unseen,0
W5,11289,unseen,0
W5,11290,unseen,0
W5,11291,unseen,0
W5,11292,unseen,0
W5,11293,unseen,0
W5,11294,unseen,0
W5,11295,unseen,0
W5,11296,unseen,0
W5,11297,unseen,0
W5,11298,unseen,0
W5,11299,unseen,0
W5,11300,unseen,0
W5,11301,unseen,0
W5,11302,unseen,0
W5,11303,unseen,0
W5,11304,unseen,0
W5,11305,unseen,0
W5,11306,unseen,0
W5,11307,unseen,0
W5,11308,unseen,0
W5,11309,unseen,0
W5,11310,unseen,0
W5,11311,unseen,0
W5,11312,unseen,0
W5,11313,unseen,0
W5,11314,unseen,0
W5,11315,unseen,0
W5,11316,unseen,0
W5,11317,unseen,0
W5,11318,unseen,0
W5,11319,unseen,0
W5,11320,unseen,0
W5,11321,unseen,0
W5,11322,unseen,0
W5,11323,unseen,0
W5,11324,unseen,0
W5,11325,unseen,0
W5,11326,unseen,0
W5,11327,unseen,0
W5,11328,unseen,0
W5,11329,unseen,0
W5,11330,unseen,0
W5,11331,unseen,0
W5,11332,unseen,0
W5,11333,unseen,0
W5,11334,unseen,0
W5,11335,unseen,0
W5,11336,unseen,0
W5,11337,unseen,0
W5,11338,unseen,0
W5,11339,unseen,0
W5,11340,unseen,0
W5,11341,unseen,0
W5,11342,unseen,0
W5,11343,unseen,0
W5,11344,unseen,0
W5,11345,unseen,0
W5,11346,unseen,0
W5,11347,unseen,0
W5,11348,unseen,0
W5,11349,unseen,0
W5,11350,unseen,0
W5,11351,unseen,0
W5,11352,unseen,0
W5,11353,unseen,0
W5,11354,unseen,0
W5,11355,unseen,0
W5,11356,unseen,0
W5,11357,unseen,0
W5,11358,unseen,0
W5,11359,unseen,0
W5,11360,unseen,0
W5,11361,unseen,0
W5,11362,unseen,0
W5,11363,unseen,0
W5,11364,unseen,0
W5,11365,unseen,0
W5,11366,unseen,0
W5,11367,unseen,0
W5,11368,unseen,0
W5,11369,unseen,0
W5,11370,unseen,0
W5,11371,unseen,0
W5,11372,unseen,0
W5,11373,unseen,0
W5,11374,unseen,0
W5,11375,unseen,0
W5,11376,unseen,0
W5,11377,unseen,0
W5,11378,unseen,0
W5,11379,unseen,0
W5,11380,unseen,0
W5,11381,unseen,0
W5,11382,unseen,0
W5,11383,unseen,0
W5,11384,unseen,0
W5,11385,unseen,0
W5,11386,unseen,0
W5,11387,unseen,0
W5,11388,unseen,0
W5,11389,unseen,0
W5,11390,unseen,0
W5,11391,unseen,0
W5,11392,unseen,0
W5,11393,unseen,0
W5,11394,unseen,0
W5,11395,unseen,0
W5,11396,unseen,0
W5,11397,unseen,0
W5,11398,unseen,0
W5,11399,unseen,0
W5,11400,unseen,0
W5,11401,unseen,0
W5,11402,unseen,0
W5,11403,unseen,0
W5,11404,unseen,0
W5,11405,unseen,0
W5,11406,unseen,0
W5,11407,unseen,0
W5,11408,unseen,0
W5,11409,unseen,0
W5,11410,unseen,0
W5,11411,unseen,0
W5,11412,unseen,0
W5,11413,unseen,0
W5,11414,unseen,0
W5,11415,unseen,0
W5,11416,unseen,0
W5,11417,unseen,0
W5,11418,unseen,0
W5,11419,unseen,0
W5,11420,unseen,0
W5,11421,unseen,0
W5,11422,unseen,0
W5,11423,unseen,0
W5,11424,unseen,0
W5,11425,unseen,0
W5,11426,unseen,0
W5,11427,unseen,0
W5,11428,unseen,0
W5,11429,unseen,0
W5,11430,unseen,0
W5,11431,unseen,0
W5,11432,unseen,0
W5,11433,unseen,0
W5,11434,unseen,0
W5,11435,unseen,0
W5,11436,unseen,0
W5,11437,unseen,0
W5,11438,unseen,0
W5,11439,unseen,0
W5,11440,unseen,0
W5,11441,unseen,0
W5,11442,unseen,0
W5,11443,unseen,0
W5,11444,unseen,0
W5,11445,unseen,0
W5,11446,unseen,0
W5,11447,unseen,0
W5,11448,unseen,0
W5,11449,unseen,0
W5,11450,unseen,0
W5,11451,unseen,0
W5,11452,unseen,0
W5,11453,unseen,0
W5,11454,unseen,0
W5,11455,unseen,0
W5,11456,unseen,0
W5,11457,unseen,0
W5,11458,unseen,0
W5,11459,unseen,0
W5,11460,unseen,0
W5,11461,unseen,0
W5,11462,unseen,0
W5,11463,unseen,0
W5,11464,unseen,0
W5,11465,unseen,0
W5,11466,unseen,0
W5,11467,unseen,0
W5,11468,unseen,0
W5,11469,unseen,0
W5,11470,unseen,0
W5,11471,unseen,0
W5,11472,unseen,0
W5,11473,unseen,0
W5,11474,unseen,0
W5,11475,unseen,0
W5,11476,unseen,0
W5,11477,unseen,0
W5,11478,unseen,0
W5,11479,unseen,0
W5,11480,unseen,0
W5,11481,unseen,0
W5,11482,unseen,0
W5,11483,unseen,0
W5,11484,unseen,0
W5,11485,unseen,0
W5,11486,unseen,0
W5,11487,unseen,0
W5,11488,unseen,0
W5,11489,unseen,0
W5,11490,unseen,0
W5,11491,unseen,0
W5,11492,unseen,0
W5,11493,unseen,0
W5,11494,unseen,0
W5,11495,unseen,0
W5,11496,unseen,0
W5,11497,unseen,0
W5,11498,unseen,0
W5,11499,unseen,0
W5,11500,unseen,0
W5,11501,unseen,0
W5,11502,unseen,0
W5,11503,unseen,0
W5,11504,unseen,0
W5,11505,unseen,0
W5,11506,unseen,0
W5,11507,unseen,0
W5,11508,unseen,0
W5,11509,unseen,0
W5,11510,unseen,0
W5,11511,unseen,0
W5,11512,unseen,0
W5,11513,unseen,0
W5,11514,unseen,0
W5,11515,unseen,0
W5,11516,unseen,0
W5,11517,unseen,0
W5,11518,unseen,0
W5,11519,unseen,0
W5,11520,unseen,0
W5,11521,unseen,0
W5,11522,unseen,0
W5,11523,unseen,0
W5,11524,unseen,0
W5,11525,unseen,0
W5,11526,unseen,0
W5,11527,unseen,0
W5,11528,unseen,0
W5,11529,unseen,0
W5,11530,unseen,0
W5,11531,unseen,0
W5,11532,unseen,0
W5,11533,unseen,0
W5,11534,unseen,0
W5,11535,unseen,0
W5,11536,unseen,0
W5,11537,unseen,0
W5,11538,unseen,0
W5,11539,unseen,0
W5,11540,unseen,0
W5,11541,unseen,0
W5,11542,unseen,0
W5,11543,unseen,0
W5,11544,unseen,0
W5,11545,unseen,0
W5,11546,unseen,0
W5,11547,unseen,0
W5,11548,unseen,0
W5,11549,unseen,0
W5,11550,unseen,0
W5,11551,unseen,0
W5,11552,unseen,0
W5,11553,unseen,0
W5,11554,unseen,0
W5,11555,unseen,0
W5,11556,unseen,0
W5,11557,unseen,0
W5,11558,unseen,0
W5,11559,unseen,0
W5,11560,unseen,0
W5,11561,unseen,0
W5,11562,unseen,0
W5,11563,unseen,0
W5,11564,unseen,0
W5,11565,unseen,0
W5,11566,unseen,0
W5,11567,unseen,0
W5,11568,unseen,0
W5,11569,unseen,0
W5,11570,unseen,0
W5,11571,unseen,0
W5,11572,unseen,0
W5,11573,unseen,0
W5,11574,unseen,0
W5,11575,unseen,0
W5,11576,unseen,0
W5,11577,unseen,0
W5,11578,unseen,0
W5,11579,unseen,0
W5,11580,unseen,0
W5,11581,unseen,0
W5,11582,unseen,0
W5,11583,unseen,0
W5,11584,unseen,0
W5,11585,unseen,0
W5,11586,unseen,0
W5,11587,unseen,0
W5,11588,unseen,0
W5,11589,unseen,0
W5,11590,unseen,0
W5,11591,unseen,0
W5,11592,unseen,0
W5,11593,unseen,0
W5,11594,unseen,0
W5,11595,unseen,0
W5,11596,unseen,0
W5,11597,unseen,0
W5,11598,unseen,0
W5,11599,unseen,0
W5,11600,unseen,0
W5,11601,unseen,0
W5,11602,unseen,0
W5,11603,unseen,0
W5,11604,unseen,0
W5,11605,unseen,0
W5,11606,unseen,0
W5,11607,unseen,0
W5,11608,unseen,0
W5,11609,unseen,0
W5,11610,unseen,0
W5,11611,unseen,0
W5,11612,unseen,0
W5,11613,unseen,0
W5,11614,unseen,0
W5,11615,unseen,0
W5,11616,unseen,0
W5,11617,unseen,0
W5,11618,unseen,0
W5,11619,unseen,0
W5,11620,unseen,0
W5,11621,unseen,0
W5,11622,unseen,0
W5,11623,unseen,0
W5,11624,unseen,0
W5,11625,unseen,0
W5,11626,unseen,0
W5,11627,unseen,0
W5,11628,unseen,0
W5,11629,unseen,0
W5,11630,unseen,0
W5,11631,unseen,0
W5,11632,unseen,0
W5,11633,unseen,0
W5,11634,unseen,0
W5,11635,unseen,0
W5,11636,unseen,0
W5,11637,unseen,0
W5,11638,unseen,0
W5,11639,unseen,0
W5,11640,unseen,0
W5,11641,unseen,0
W5,11642,unseen,0
W5,11643,unseen,0
W5,11644,unseen,0
W5,11645,unseen,0
W5,11646,unseen,0
W5,11647,unseen,0
W5,11648,unseen,0
W5,11649,unseen,0
W5,11650,unseen,0
W5,11651,unseen,0
W5,11652,unseen,0
W5,11653,unseen,0
W5,11654,unseen,0
W5,11655,unseen,0
W5,11656,unseen,0
W5,11657,unseen,0
W5,11658,unseen,0
W5,11659,unseen,0
W5,11660,unseen,0
W5,11661,unseen,0
W5,11662,unseen,0
W5,11663,unseen,0
W5,11664,unseen,0
W5,11665,unseen,0
W5,11666,unseen,0
W5,11667,unseen,0
W5,11668,unseen,0
W5,11669,unseen,0
W5,11670,unseen,0
W5,11671,unseen,0
W5,11672,unseen,0
W5,11673,unseen,0
W5,11674,unseen,0
W5,11675,unseen,0
W5,11676,unseen,0
W5,11677,unseen,0
W5,11678,unseen,0
W5,11679,unseen,0
W5,11680,unseen,0
W5,11681,unseen,0
W5,11682,unseen,0
W5,11683,unseen,0
W5,11684,unseen,0
W5,11685,unseen,0
W5,11686,unseen,0
W5,11687,unseen,0
W5,11688,unseen,0
W5,11689,unseen,0
W5,11690,unseen,0
W5,11691,unseen,0
W5,11692,unseen,0
W5,11693,unseen,0
W5,11694,unseen,0
W5,11695,unseen,0
W5,11696,unseen,0
W5,11697,unseen,0
W5,11698,unseen,0
W5,11699,unseen,0
W5,11700,unseen,0
W5,11701,unseen,0
W5,11702,unseen,0
W5,11703,unseen,0
W5,11704,unseen,0
W5,11705,unseen,0
W5,11706,unseen,0
W5,11707,unseen,0
W5,11708,unseen,0
W5,11709,unseen,0
W5,11710,unseen,0
W5,11711,unseen,0
W5,11712,unseen,0
W5,11713,unseen,0
W5,11714,unseen,0
W5,11715,unseen,0
W5,11716,unseen,0
W5,11717,unseen,0
W5,11718,unseen,0
W5,11719,unseen,0
W5,11720,unseen,0
W5,11721,unseen,0
W5,11722,unseen,0
W5,11723,unseen,0
W5,11724,unseen,0
W5,11725,unseen,0
W5,11726,unseen,0
W5,11727,unseen,0
W5,11728,unseen,0
W5,11729,unseen,0
W5,11730,unseen,0
W5,11731,unseen,0
W5,11732,unseen,0
W5,11733,unseen,0
W5,11734,unseen,0
W5,11735,unseen,0
W5,11736,unseen,0
W5,11737,unseen,0
W5,11738,unseen,0
W5,11739,unseen,0
W5,11740,unseen,0
W5,11741,unseen,0
W5,11742,unseen,0
W5,11743,unseen,0
W5,11744,unseen,0
W5,11745,unseen,0
W5,11746,unseen,0
W5,11747,unseen,0
W5,11748,unseen,0
W5,11749,unseen,0
W5,11750,unseen,0
W5,11751,unseen,0
W5,11752,unseen,0
W5,11753,unseen,0
W5,11754,unseen,0
W5,11755,unseen,0
W5,11756,unseen,0
W5,11757,unseen,0
W5,11758,unseen,0
W5,11759,unseen,0
W5,11760,unseen,0
W5,11761,unseen,0
W5,11762,unseen,0
W5,11763,unseen,0
W5,11764,unseen,0
W5,11765,unseen,0
W5,11766,unseen,0
W5,11767,unseen,0
W5,11768,unseen,0
W5,11769,unseen,0
W5,11770,unseen,0
W5,11771,unseen,0
W5,11772,unseen,0
W5,11773,unseen,0
W5,11774,unseen,0
W5,11775,unseen,0
W5,11776,unseen,0
W5,11777,unseen,0
W5,11778,unseen,0
W5,11779,unseen,0
W5,11780,unseen,0
W5,11781,unseen,0
W5,11782,unseen,0
W5,11783,unseen,0
W5,11784,unseen,0
W5,11785,unseen,0
W5,11786,unseen,0
W5,11787,unseen,0
W5,11788,unseen,0
W5,11789,unseen,0
W5,11790,unseen,0
W5,11791,unseen,0
W5,11792,unseen,0
W5,11793,unseen,0
W5,11794,unseen,0
W5,11795,unseen,0
W5,11796,unseen,0
W5,11797,unseen,0
W5,11798,unseen,0
W5,11799,unseen,0
W5,11800,unseen,0
W5,11801,unseen,0
W5,11802,unseen,0
W5,11803,unseen,0
W5,11804,unseen,0
W5,11805,unseen,0
W5,11806,unseen,0
W5,11807,unseen,0
W5,11808,unseen,0
W5,11809,unseen,0
W5,11810,unseen,0
W5,11811,unseen,0
W5,11812,unseen,0
W5,11813,unseen,0
W5,11814,unseen,0
W5,11815,unseen,0
W5,11816,unseen,0
W5,11817,unseen,0
W5,11818,unseen,0
W5,11819,unseen,0
W5,11820,unseen,0
W5,11821,unseen,0
W5,11822,unseen,0
W5,11823,unseen,0
W5,11824,unseen,0
W5,11825,unseen,0
W5,11826,unseen,0
W5,11827,unseen,0
W5,11828,unseen,0
W5,11829,unseen,0
W5,11830,unseen,0
W5,11831,unseen,0
W5,11832,unseen,0
W5,11833,unseen,0
W5,11834,unseen,0
W5,11835,unseen,0
W5,11836,unseen,0
W5,11837,unseen,0
W5,11838,unseen,0
W5,11839,unseen,0
W5,11840,unseen,0
W5,11841,unseen,0
W5,11842,unseen,0
W5,11843,unseen,0
W5,11844,unseen,0
W5,11845,unseen,0
W5,11846,unseen,0
W5,11847,unseen,0
W5,11848,unseen,0
W5,11849,unseen,0
W5,11850,unseen,0
W5,11851,unseen,0
W5,11852,unseen,0
W5,11853,unseen,0
W5,11854,unseen,0
W5,11855,unseen,0
W5,11856,unseen,0
W5,11857,unseen,0
W5,11858,unseen,0
W5,11859,unseen,0
W5,11860,unseen,0
W5,11861,unseen,0
W5,11862,unseen,0
W5,11863,unseen,0
W5,11864,unseen,0
W5,11865,unseen,0
W5,11866,unseen,0
W5,11867,unseen,0
W5,11868,unseen,0
W5,11869,unseen,0
W5,11870,unseen,0
W5,11871,unseen,0
W5,11872,unseen,0
W5,11873,unseen,0
W5,11874,unseen,0
W5,11875,unseen,0
W5,11876,unseen,0
W5,11877,unseen,0
W5,11878,unseen,0
W5,11879,unseen,0
W5,11880,unseen,0
W5,11881,unseen,0
W5,11882,unseen,0
W5,11883,unseen,0
W5,11884,unseen,0
W5,11885,unseen,0
W5,11886,unseen,0
W5,11887,unseen,0
W5,11888,unseen,0
W5,11889,unseen,0
W5,11890,unseen,0
W5,11891,unseen,0
W5,11892,unseen,0
W5,11893,unseen,0
W5,11894,unseen,0
W5,11895,unseen,0
W5,11896,unseen,0
W5,11897,unseen,0
W5,11898,unseen,0
W5,11899,unseen,0
W5,11900,unseen,0
W5,11901,unseen,0
W5,11902,unseen,0
W5,11903,unseen,0
W5,11904,unseen,0
W5,11905,unseen,0
W5,11906,unseen,0
W5,11907,unseen,0
W5,11908,unseen,0
W5,11909,unseen,0
W5,11910,unseen,0
W5,11911,unseen,0
W5,11912,unseen,0
W5,11913,unseen,0
W5,11914,unseen,0
W5,11915,unseen,0
W5,11916,unseen,0
W5,11917,unseen,0
W5,11918,unseen,0
W5,11919,unseen,0
W5,11920,unseen,0
W5,11921,unseen,0
W5,11922,unseen,0
W5,11923,unseen,0
W5,11924,unseen,0
W5,11925,unseen,0
W5,11926,unseen,0
W5,11927,unseen,0
W5,11928,unseen,0
W5,11929,unseen,0
W5,11930,unseen,0
W5,11931,unseen,0
W5,11932,unseen,0
W5,11933,unseen,0
W5,11934,unseen,0
W5,11935,unseen,0
W5,11936,unseen,0
W5,11937,unseen,0
W5,11938,unseen,0
W5,11939,unseen,0
W5,11940,unseen,0
W5,11941,unseen,0
W5,11942,unseen,0
W5,11943,unseen,0
W5,11944,unseen,0
W5,11945,unseen,0
W5,11946,unseen,0
W5,11947,unseen,0
W5,11948,unseen,0
W5,11949,unseen,0
W5,11950,unseen,0
W5,11951,unseen,0
W5,11952,unseen,0
W5,11953,unseen,0
W5,11954,unseen,0
W5,11955,unseen,0
W5,11956,unseen,0
W5,11957,unseen,0
W5,11958,unseen,0
W5,11959,unseen,0
W5,11960,unseen,0
W5,11961,unseen,0
W5,11962,unseen,0
W5,11963,unseen,0
W5,11964,unseen,0
W5,11965,unseen,0
W5,11966,unseen,0
W5,11967,unseen,0
W5,11968,unseen,0
W5,11969,unseen,0
W5,11970,unseen,0
W5,11971,unseen,0
W5,11972,unseen,0
W5,11973,unseen,0
W5,11974,unseen,0
W5,11975,unseen,0
W5,11976,unseen,0
W5,11977,unseen,0
W5,11978,unseen,0
W5,11979,unseen,0
W5,11980,unseen,0
W5,11981,unseen,0
W5,11982,unseen,0
W5,11983,unseen,0
W5,11984,unseen,0
W5,11985,unseen,0
W5,11986,unseen,0
W5,11987,unseen,0
W5,11988,unseen,0
W5,11989,unseen,0
W5,11990,unseen,0
W5,11991,unseen,0
W5,11992,unseen,0
W5,11993,unseen,0
W5,11994,unseen,0
W5,11995,unseen,0
W5,11996,unseen,0
W5,11997,unseen,0
W5,11998,unseen,0
W5,11999,unseen,0
W5,12000,unseen,0
W5,12001,unseen,0
W5,12002,unseen,0
W5,12003,unseen,0
W5,12004,unseen,0
W5,12005,unseen,0
W5,12006,unseen,0
W5,12007,unseen,0
W5,12008,unseen,0
W5,12009,unseen,0
W5,12010,unseen,0
W5,12011,unseen,0
W5,12012,unseen,0
W5,12013,unseen,0
W5,12014,unseen,0
W5,12015,unseen,0
W5,12016,unseen,0
W5,12017,unseen,0
W5,12018,unseen,0
W5,12019,unseen,0
W5,12020,unseen,0
W5,12021,unseen,0
W5,12022,unseen,0
W5,12023,unseen,0
W5,12024,unseen,0
W5,12025,unseen,0
W5,12026,unseen,0
W5,12027,unseen,0
W5,12028,unseen,0
W5,12029,unseen,0
W5,12030,unseen,0
W5,12031,unseen,0
W5,12032,unseen,0
W5,12033,unseen,0
W5,12034,unseen,0
W5,12035,unseen,0
W5,12036,unseen,0
W5,12037,unseen,0
W5,12038,unseen,0
W5,12039,unseen,0
W5,12040,unseen,0
W5,12041,unseen,0
W5,12042,unseen,0
W5,12043,unseen,0
W5,12044,unseen,0
W5,12045,unseen,0
W5,12046,unseen,0
W5,12047,unseen,0
W5,12048,unseen,0
W5,12049,unseen,0
W5,12050,unseen,0
W5,12051,unseen,0
W5,12052,unseen,0
W5,12053,unseen,0
W5,12054,unseen,0
W5,12055,unseen,0
W5,12056,unseen,0
W5,12057,unseen,0
W5,12058,unseen,0
W5,12059,unseen,0
W5,12060,unseen,0
W5,12061,unseen,0
W5,12062,unseen,0
W5,12063,unseen,0
W5,12064,unseen,0
W5,12065,unseen,0
W5,12066,unseen,0
W5,12067,unseen,0
W5,12068,unseen,0
W5,12069,unseen,0
W5,12070,unseen,0
W5,12071,unseen,0
W5,12072,unseen,0
W5,12073,unseen,0
W5,12074,unseen,0
W5,12075,unseen,0
W5,12076,unseen,0
W5,12077,unseen,0
W5,12078,unseen,0
W5,12079,unseen,0
W5,12080,unseen,0
W5,12081,unseen,0
W5,12082,unseen,0
W5,12083,unseen,0
W5,12084,unseen,0
W5,12085,unseen,0
W5,12086,unseen,0
W5,12087,unseen,0
W5,12088,unseen,0
W5,12089,unseen,0
W5,12090,unseen,0
W5,12091,unseen,0
W5,12092,unseen,0
W5,12093,unseen,0
W5,12094,unseen,0
W5,12095,unseen,0
W5,12096,unseen,0
W5,12097,unseen,0
W5,12098,unseen,0
W5,12099,unseen,0
W5,12100,unseen,0
