window,user_raw_id,user_id,position,item_id
W3,A2B7BUH8834Y6M,7721,0,19
W3,A2B7BUH8834Y6M,7721,1,69
W3,A2B7BUH8834Y6M,7721,2,16
W3,A2B7BUH8834Y6M,7721,3,428
W3,A281NPSIMI1C2R,7187,0,103
W3,A281NPSIMI1C2R,7187,1,100
W3,A281NPSIMI1C2R,7187,2,101
W3,A281NPSIMI1C2R,7187,3,22
W3,A281NPSIMI1C2R,7187,4,115
W3,A281NPSIMI1C2R,7187,5,316
W3,A281NPSIMI1C2R,7187,6,326
W3,A281NPSIMI1C2R,7187,7,157
W3,A281NPSIMI1C2R,7187,8,255
W3,A281NPSIMI1C2R,7187,9,739
W3,A281NPSIMI1C2R,7187,10,128
W3,A281NPSIMI1C2R,7187,11,493
W3,A281NPSIMI1C2R,7187,12,261
W3,A281NPSIMI1C2R,7187,13,492
W3,A281NPSIMI1C2R,7187,14,98
W3,AK7CAW3N1XZV6,19848,0,29
W3,AK7CAW3N1XZV6,19848,1,2541
W3,AK7CAW3N1XZV6,19848,2,161
W3,A1SBVY5DX5ZKUX,4565,0,35
W3,A1SBVY5DX5ZKUX,4565,1,51
W3,A1K5DUV1L52MUD,3244,0,559
W3,A1K5DUV1L52MUD,3244,1,841
W3,A1K5DUV1L52MUD,3244,2,46
W3,A1K5DUV1L52MUD,3244,3,58
W3,A2D914K7LL3TM0,8085,0,46
W3,AXJTNYD3UK1BP,21977,0,58
W3,AXJTNYD3UK1BP,21977,1,75
W3,A3M174IC0VXOS2,15464,0,4940
W3,A3M174IC0VXOS2,15464,1,1025
W3,A3M174IC0VXOS2,15464,2,61
W3,A3M174IC0VXOS2,15464,3,4850
W3,A3M174IC0VXOS2,15464,4,172
W3,A3M174IC0VXOS2,15464,5,3393
W3,A3M174IC0VXOS2,15464,6,988
W3,A3M174IC0VXOS2,15464,7,98
W3,A3M174IC0VXOS2,15464,8,289
W3,A3M174IC0VXOS2,15464,9,2130
W3,A3M174IC0VXOS2,15464,10,391
W3,A3M174IC0VXOS2,15464,11,1072
W3,A3M174IC0VXOS2,15464,12,1579
W3,A3M174IC0VXOS2,15464,13,5009
W3,A3M174IC0VXOS2,15464,14,419
W3,A1Z54EM24Y40LL,5703,0,666
W3,A1Z54EM24Y40LL,5703,1,69
W3,A1AMVA4R3G58TV,1725,0,81
W3,A1AMVA4R3G58TV,1725,1,184
W3,A1AMVA4R3G58TV,1725,2,188
W3,A3N6JG64P2G9EV,15643,0,118
W3,A2IQ2DVZK4YZCW,8960,0,147
W3,A3RGN75LHYAG8U,16382,0,150
W3,AWIF8AR75LL9L,21814,0,151
W3,A1IU7S4HCK1XK0,3038,0,174
W3,A1IU7S4HCK1XK0,3038,1,203
W3,A1IU7S4HCK1XK0,3038,2,849
W3,AN81JUYW2SL24,20353,0,175
W3,AQNDWV4YMTBZF,20868,0,3403
W3,AQNDWV4YMTBZF,20868,1,240
W3,A1UGYU7MRZXXMJ,4897,0,335
W3,A1GTSEGAXWRSO8,2696,0,372
W3,A1ACM1CBGORBN1,1669,0,437
W3,A31E0MN0BPGLIE,12075,0,493
W3,A31E0MN0BPGLIE,12075,1,950
W3,A31E0MN0BPGLIE,12075,2,960
W3,A31E0MN0BPGLIE,12075,3,1282
W3,A31E0MN0BPGLIE,12075,4,2603
W3,A31E0MN0BPGLIE,12075,5,2637
W3,A31E0MN0BPGLIE,12075,6,2746
W3,A27493GW3TEX65,7028,0,570
W3,A1FRBG71Y7L7PB,2529,0,746
W3,A1BHCE2409B5QF,1862,0,1065
W3,AX7QMRXX81L9K,21919,0,3403
W4,A2B7BUH8834Y6M,7721,0,19
W4,A2B7BUH8834Y6M,7721,1,69
W4,A2B7BUH8834Y6M,7721,2,16
W4,A2B7BUH8834Y6M,7721,3,428
W4,A281NPSIMI1C2R,7187,0,114
W4,A281NPSIMI1C2R,7187,1,201
W4,A281NPSIMI1C2R,7187,2,980
W4,A281NPSIMI1C2R,7187,3,159
W4,A281NPSIMI1C2R,7187,4,207
W4,A281NPSIMI1C2R,7187,5,2096
W4,A281NPSIMI1C2R,7187,6,3644
W4,A281NPSIMI1C2R,7187,7,894
W4,A281NPSIMI1C2R,7187,8,4862
W4,A281NPSIMI1C2R,7187,9,407
W4,A281NPSIMI1C2R,7187,10,406
W4,A281NPSIMI1C2R,7187,11,3802
W4,A281NPSIMI1C2R,7187,12,1128
W4,A281NPSIMI1C2R,7187,13,425
W4,A281NPSIMI1C2R,7187,14,733
W4,A281NPSIMI1C2R,7187,15,1957
W4,A281NPSIMI1C2R,7187,16,979
W4,A281NPSIMI1C2R,7187,17,1610
W4,A281NPSIMI1C2R,7187,18,143
W4,A281NPSIMI1C2R,7187,19,1309
W4,AK7CAW3N1XZV6,19848,0,29
W4,AK7CAW3N1XZV6,19848,1,2541
W4,AK7CAW3N1XZV6,19848,2,161
W4,AK7CAW3N1XZV6,19848,3,111
W4,AK7CAW3N1XZV6,19848,4,365
W4,AK7CAW3N1XZV6,19848,5,800
W4,AK7CAW3N1XZV6,19848,6,862
W4,AK7CAW3N1XZV6,19848,7,2411
W4,AK7CAW3N1XZV6,19848,8,781
W4,AK7CAW3N1XZV6,19848,9,841
W4,AK7CAW3N1XZV6,19848,10,776
W4,A1SBVY5DX5ZKUX,4565,0,35
W4,A1SBVY5DX5ZKUX,4565,1,51
W4,A1K5DUV1L52MUD,3244,0,559
W4,A1K5DUV1L52MUD,3244,1,841
W4,A1K5DUV1L52MUD,3244,2,46
W4,A1K5DUV1L52MUD,3244,3,58
W4,A2D914K7LL3TM0,8085,0,46
W4,AXJTNYD3UK1BP,21977,0,58
W4,AXJTNYD3UK1BP,21977,1,75
W4,A3M174IC0VXOS2,15464,0,1438
W4,A3M174IC0VXOS2,15464,1,5506
W4,A3M174IC0VXOS2,15464,2,1054
W4,A3M174IC0VXOS2,15464,3,1958
W4,A3M174IC0VXOS2,15464,4,865
W4,A3M174IC0VXOS2,15464,5,1241
W4,A3M174IC0VXOS2,15464,6,1131
W4,A3M174IC0VXOS2,15464,7,560
W4,A3M174IC0VXOS2,15464,8,1118
W4,A3M174IC0VXOS2,15464,9,571
W4,A3M174IC0VXOS2,15464,10,42
W4,A3M174IC0VXOS2,15464,11,783
W4,A3M174IC0VXOS2,15464,12,2735
W4,A3M174IC0VXOS2,15464,13,4304
W4,A3M174IC0VXOS2,15464,14,2225
W4,A3M174IC0VXOS2,15464,15,1198
W4,A3M174IC0VXOS2,15464,16,1077
W4,A3M174IC0VXOS2,15464,17,383
W4,A3M174IC0VXOS2,15464,18,1093
W4,A3M174IC0VXOS2,15464,19,1681
W4,A1Z54EM24Y40LL,5703,0,666
W4,A1Z54EM24Y40LL,5703,1,69
W4,A1Z54EM24Y40LL,5703,2,648
W4,A1Z54EM24Y40LL,5703,3,76
W4,A1AMVA4R3G58TV,1725,0,81
W4,A1AMVA4R3G58TV,1725,1,184
W4,A1AMVA4R3G58TV,1725,2,188
W4,A3N6JG64P2G9EV,15643,0,118
W4,A2IQ2DVZK4YZCW,8960,0,147
W4,A3RGN75LHYAG8U,16382,0,150
W4,AWIF8AR75LL9L,21814,0,151
W4,A1IU7S4HCK1XK0,3038,0,174
W4,A1IU7S4HCK1XK0,3038,1,203
W4,A1IU7S4HCK1XK0,3038,2,849
W4,A1IU7S4HCK1XK0,3038,3,64
W4,A1IU7S4HCK1XK0,3038,4,255
W4,A1IU7S4HCK1XK0,3038,5,261
W4,A1IU7S4HCK1XK0,3038,6,415
W4,A1IU7S4HCK1XK0,3038,7,957
W4,AN81JUYW2SL24,20353,0,175
W4,AQNDWV4YMTBZF,20868,0,3403
W4,AQNDWV4YMTBZF,20868,1,240
W4,A1UGYU7MRZXXMJ,4897,0,335
W4,A1GTSEGAXWRSO8,2696,0,372
W4,A1ACM1CBGORBN1,1669,0,437
W4,A31E0MN0BPGLIE,12075,0,493
W4,A31E0MN0BPGLIE,12075,1,950
W4,A31E0MN0BPGLIE,12075,2,960
W4,A31E0MN0BPGLIE,12075,3,1282
W4,A31E0MN0BPGLIE,12075,4,2603
W4,A31E0MN0BPGLIE,12075,5,2637
W4,A31E0MN0BPGLIE,12075,6,2746
W4,A27493GW3TEX65,7028,0,570
W4,A27493GW3TEX65,7028,1,1092
W4,A27493GW3TEX65,7028,2,572
W4,A27493GW3TEX65,7028,3,571
W4,A27493GW3TEX65,7028,4,573
W4,A27493GW3TEX65,7028,5,559
W4,A1FRBG71Y7L7PB,2529,0,746
W4,A1BHCE2409B5QF,1862,0,1065
W4,A1BHCE2409B5QF,1862,1,563
W4,A1BHCE2409B5QF,1862,2,1092
W4,A1BHCE2409B5QF,1862,3,44
W4,A1BHCE2409B5QF,1862,4,366
W4,AX7QMRXX81L9K,21919,0,3403
W4,AN5T6MAD6FC5I,20337,0,6
W4,A3UC3YT2E65LZO,16887,0,33
W4,A3UC3YT2E65LZO,16887,1,28
W4,A13IRKEEPFTWFM,568,0,29
W4,A13IRKEEPFTWFM,568,1,51
W4,A13IRKEEPFTWFM,568,2,52
W4,A13IRKEEPFTWFM,568,3,95
W4,A13IRKEEPFTWFM,568,4,97
W4,ACXCS6NRA4EVU,18644,0,30
W4,ACXCS6NRA4EVU,18644,1,955
W4,ACXCS6NRA4EVU,18644,2,912
W4,ACXCS6NRA4EVU,18644,3,728
W4,ACXCS6NRA4EVU,18644,4,954
W4,AVYEYDC974DMD,21723,0,39
W4,AQ1F3NP2G15S5,20776,0,563
W4,AQ1F3NP2G15S5,20776,1,42
W4,AQ1F3NP2G15S5,20776,2,3767
W4,ACNON4BZACUUL,18597,0,44
W4,A2W10YRC8CWAD7,11222,0,45
W4,A2W10YRC8CWAD7,11222,1,73
W4,A2W10YRC8CWAD7,11222,2,82
W4,A2W10YRC8CWAD7,11222,3,46
W4,A2W10YRC8CWAD7,11222,4,1273
W4,A3AGU9IY4LDG03,13561,0,54
W4,A3AGU9IY4LDG03,13561,1,1311
W4,A13STKDYQO5DQ8,608,0,744
W4,A13STKDYQO5DQ8,608,1,1023
W4,A13STKDYQO5DQ8,608,2,56
W4,A13STKDYQO5DQ8,608,3,696
W4,A13STKDYQO5DQ8,608,4,705
W4,A13STKDYQO5DQ8,608,5,3667
W4,A340T3DDR0ZTZ6,12520,0,497
W4,A340T3DDR0ZTZ6,12520,1,59
W4,ABWQP3ABN4EK6,18479,0,61
W4,ABWQP3ABN4EK6,18479,1,1455
W4,ABWQP3ABN4EK6,18479,2,1456
W4,A2ZI4RMRSA072T,11782,0,63
W4,A2ZI4RMRSA072T,11782,1,87
W4,A2ZI4RMRSA072T,11782,2,149
W4,A2ZI4RMRSA072T,11782,3,384
W4,A2ZI4RMRSA072T,11782,4,1195
W4,A2ZI4RMRSA072T,11782,5,559
W4,A2ZI4RMRSA072T,11782,6,570
W4,A2ZI4RMRSA072T,11782,7,573
W4,A2ZI4RMRSA072T,11782,8,2582
W4,A27UE9HJRZ22YI,7156,0,838
W4,A27UE9HJRZ22YI,7156,1,904
W4,A27UE9HJRZ22YI,7156,2,3669
W4,A27UE9HJRZ22YI,7156,3,3692
W4,A27UE9HJRZ22YI,7156,4,4709
W4,A27UE9HJRZ22YI,7156,5,1826
W4,A27UE9HJRZ22YI,7156,6,3755
W4,A27UE9HJRZ22YI,7156,7,97
W4,A27UE9HJRZ22YI,7156,8,1160
W4,AKMEY1BSHSDG7,19921,0,1120
W4,AKMEY1BSHSDG7,19921,1,511
W4,AKMEY1BSHSDG7,19921,2,843
W4,AKMEY1BSHSDG7,19921,3,109
W4,AKMEY1BSHSDG7,19921,4,180
W4,A3FY3H6F4249E0,14456,0,687
W4,A3FY3H6F4249E0,14456,1,112
W4,A28TWWUAWFVCTR,7328,0,121
W4,A3OZGW7KKKHYA4,15953,0,123
W4,AH1LFGRAN3GPC,19324,0,125
W4,A1E7AIEUMWTQNQ,2274,0,2998
W4,A1E7AIEUMWTQNQ,2274,1,1457
W4,A1E7AIEUMWTQNQ,2274,2,134
W4,A2X3OBHN1ICMZJ,11385,0,671
W4,A2X3OBHN1ICMZJ,11385,1,573
W4,A2X3OBHN1ICMZJ,11385,2,149
W4,A2X3OBHN1ICMZJ,11385,3,560
W4,A2X3OBHN1ICMZJ,11385,4,570
W4,A2X3OBHN1ICMZJ,11385,5,571
W4,A1MH8AMADOLQN8,3609,0,1250
W4,A1MH8AMADOLQN8,3609,1,151
W4,A39VNRG8P49QED,13470,0,151
W4,A1HFT68GJ42LTM,2808,0,157
W4,A3P8CU9874SRK5,15983,0,159
W4,A3P8CU9874SRK5,15983,1,457
W4,A3P8CU9874SRK5,15983,2,1189
W4,A141W8WHW9AC3H,645,0,172
W4,A3H7NPNDMGLOU4,14693,0,174
W4,A1SYLII0808HD6,4659,0,1278
W4,A1SYLII0808HD6,4659,1,258
W4,A1SYLII0808HD6,4659,2,519
W4,A1SYLII0808HD6,4659,3,174
W4,A1SYLII0808HD6,4659,4,1273
W4,A1SYLII0808HD6,4659,5,1165
W4,A1SYLII0808HD6,4659,6,330
W4,A1TKX01K86Y3G9,4750,0,184
W4,A1TKX01K86Y3G9,4750,1,2025
W4,A1TKX01K86Y3G9,4750,2,714
W4,A1TKX01K86Y3G9,4750,3,1582
W4,A1TKX01K86Y3G9,4750,4,2021
W4,A1TKX01K86Y3G9,4750,5,955
W4,ALIBRPT7KIE1J,20043,0,860
W4,ALIBRPT7KIE1J,20043,1,904
W4,ALIBRPT7KIE1J,20043,2,187
W4,A3PV7BY8K747QE,16099,0,189
W4,A3PV7BY8K747QE,16099,1,208
W4,A3PV7BY8K747QE,16099,2,687
W4,A24XUWT3SCRAPT,6669,0,191
W4,A24XUWT3SCRAPT,6669,1,208
W4,A24XUWT3SCRAPT,6669,2,687
W4,A24XUWT3SCRAPT,6669,3,1244
W4,A2SH7OWE8QJYNC,10611,0,191
W4,A1BN12O9JLKHXU,1887,0,1244
W4,A1BN12O9JLKHXU,1887,1,191
W4,A1BN12O9JLKHXU,1887,2,1161
W4,A1BN12O9JLKHXU,1887,3,1243
W4,A3R11XXC7MVNYW,16291,0,191
W4,A3R11XXC7MVNYW,16291,1,680
W4,A3R11XXC7MVNYW,16291,2,1465
W4,A1FHWJ7EFO3E3U,2479,0,195
W4,A3RKKP0PT14CNM,16398,0,1402
W4,A3RKKP0PT14CNM,16398,1,3749
W4,A3RKKP0PT14CNM,16398,2,3750
W4,A3RKKP0PT14CNM,16398,3,1220
W4,A3RKKP0PT14CNM,16398,4,3752
W4,A3RKKP0PT14CNM,16398,5,207
W4,A5N1HB1T4EKCM,17439,0,4850
W4,A5N1HB1T4EKCM,17439,1,208
W4,A1X2LENOF84LCQ,5331,0,208
W4,A2OW1FKQFPIA5D,10035,0,209
W4,A10G136JEISLVR,112,0,219
W4,A3AOKQCH0YBZDS,13597,0,3472
W4,A3AOKQCH0YBZDS,13597,1,221
W4,A1P4F6HIXU6WYE,4046,0,4510
W4,A1P4F6HIXU6WYE,4046,1,1225
W4,A1P4F6HIXU6WYE,4046,2,225
W4,A1P4F6HIXU6WYE,4046,3,902
W4,A1WSQ0QRWQC7VI,5285,0,708
W4,A1WSQ0QRWQC7VI,5285,1,234
W4,A12IRGQLFE4EBA,420,0,240
W4,A12IRGQLFE4EBA,420,1,407
W4,AIIR8E34EDKCQ,19564,0,1594
W4,AIIR8E34EDKCQ,19564,1,417
W4,AIIR8E34EDKCQ,19564,2,418
W4,AIIR8E34EDKCQ,19564,3,2719
W4,AIIR8E34EDKCQ,19564,4,240
W4,AIIR8E34EDKCQ,19564,5,416
W4,AIIR8E34EDKCQ,19564,6,256
W4,AIIR8E34EDKCQ,19564,7,261
W4,AIIR8E34EDKCQ,19564,8,1014
W4,AIIR8E34EDKCQ,19564,9,1595
W4,AIIR8E34EDKCQ,19564,10,3644
W4,AIIR8E34EDKCQ,19564,11,4862
W4,AIIR8E34EDKCQ,19564,12,419
W4,APG4YVSUN3T6S,20697,0,247
W4,A2JCNIN1RNRCQI,9054,0,1135
W4,A2JCNIN1RNRCQI,9054,1,365
W4,A2JCNIN1RNRCQI,9054,2,255
W4,ASGIVOW34XNQS,21167,0,1634
W4,ASGIVOW34XNQS,21167,1,256
W4,ASGIVOW34XNQS,21167,2,4850
W4,A182CP8NRL79TT,1290,0,258
W4,A182CP8NRL79TT,1290,1,839
W4,A1YUL9PCJR3JTY,5652,0,2121
W4,A1YUL9PCJR3JTY,5652,1,261
W4,A7MJTKHGS43RY,17749,0,275
W4,A1X93ES4DITTWK,5368,0,277
W4,A1X93ES4DITTWK,5368,1,1424
W4,A1X93ES4DITTWK,5368,2,552
W4,A1X93ES4DITTWK,5368,3,1273
W4,AEUY5C51JAWWH,18968,0,289
W4,AEUY5C51JAWWH,18968,1,290
W4,AEUY5C51JAWWH,18968,2,365
W4,A3NPJBLPHVWEF6,15738,0,304
W4,A2ZV4X5FFYBOIZ,11836,0,311
W4,AXO4PQU0XG3TG,22002,0,359
W4,A3LMILRM9OC3SA,15399,0,372
W4,A24ZFFRQ4MG3XL,6681,0,2986
W4,A24ZFFRQ4MG3XL,6681,1,932
W4,A24ZFFRQ4MG3XL,6681,2,386
W4,A24ZFFRQ4MG3XL,6681,3,783
W4,A24ZFFRQ4MG3XL,6681,4,3767
W4,A24ZFFRQ4MG3XL,6681,5,948
W4,A24ZFFRQ4MG3XL,6681,6,1970
W4,A24ZFFRQ4MG3XL,6681,7,1595
W4,ATNQNZEHWMR9U,21358,0,390
W4,A15WQOFOLORISW,943,0,391
W4,A1RHVEZJA30HGW,4427,0,1040
W4,A1RHVEZJA30HGW,4427,1,890
W4,A1RHVEZJA30HGW,4427,2,563
W4,A1RHVEZJA30HGW,4427,3,1085
W4,A1RHVEZJA30HGW,4427,4,1014
W4,A1RHVEZJA30HGW,4427,5,1092
W4,A1RHVEZJA30HGW,4427,6,1022
W4,A1RHVEZJA30HGW,4427,7,393
W4,A1RHVEZJA30HGW,4427,8,618
W4,A1RHVEZJA30HGW,4427,9,429
W4,A1RHVEZJA30HGW,4427,10,790
W4,A1RHVEZJA30HGW,4427,11,1077
W4,A3Q68B3TNPD3W7,16156,0,407
W4,A26EQ8U96JA92T,6919,0,407
W4,A3Q30ZLF1UDGQU,16139,0,407
W4,AN96RZ92SLGJV,20355,0,407
W4,A1KXONFPU2XQ5K,3360,0,407
W4,A28WXDXJA1P0MC,7345,0,1860
W4,A28WXDXJA1P0MC,7345,1,1338
W4,A28WXDXJA1P0MC,7345,2,407
W4,AWBGHDHH7E51F,21780,0,3129
W4,AWBGHDHH7E51F,21780,1,407
W4,A1ZHQ6X4P0AVMU,5762,0,408
W4,A1HEC6K4A223XB,2800,0,417
W4,A1HEC6K4A223XB,2800,1,418
W4,A1HEC6K4A223XB,2800,2,416
W4,A1HEC6K4A223XB,2800,3,3099
W4,ABFOAYZA2UHD3,18380,0,416
W4,ABFOAYZA2UHD3,18380,1,841
W4,ABFOAYZA2UHD3,18380,2,1025
W4,ABFOAYZA2UHD3,18380,3,2840
W4,A2IKX7H2PLHULP,8933,0,3099
W4,A2IKX7H2PLHULP,8933,1,416
W4,A2IKX7H2PLHULP,8933,2,419
W4,A34T6SD5HUGLCJ,12651,0,418
W4,A34T6SD5HUGLCJ,12651,1,417
W4,A10Z8FC0SMU5VQ,195,0,417
W4,A10Z8FC0SMU5VQ,195,1,418
W4,A2FFGM7Z66SV15,8405,0,417
W4,A1RECBDKHVOJMW,4406,0,419
W4,A1RECBDKHVOJMW,4406,1,809
W4,A1RECBDKHVOJMW,4406,2,417
W4,A1RECBDKHVOJMW,4406,3,988
W4,ATXXFUSOPCB7Q,21404,0,417
W4,A2MBLVMVDLHK1L,9592,0,418
W4,AMUBKA81U7DKM,20264,0,421
W4,AMUBKA81U7DKM,20264,1,1546
W4,A2W4UPPE8RUT6Z,11243,0,429
W4,A2W4UPPE8RUT6Z,11243,1,776
W4,A2W4UPPE8RUT6Z,11243,2,890
W4,A2W4UPPE8RUT6Z,11243,3,1077
W4,A2W4UPPE8RUT6Z,11243,4,1426
W4,A2KP45DO3RY4RG,9273,0,449
W4,A1A2F1ZOWOPNJB,1610,0,457
W4,A1A2F1ZOWOPNJB,1610,1,3777
W4,A1A2F1ZOWOPNJB,1610,2,3781
W4,A1DD5LYFQ3ZAOK,2145,0,1135
W4,A1DD5LYFQ3ZAOK,2145,1,457
W4,A82G34PJ0HIXL,17833,0,476
W4,A1BJOHHLG0D965,1874,0,488
W4,A3UZKHULL9LP9A,16978,0,497
W4,A3COFBBV4KOJO7,13922,0,497
W4,A2YWRWSLEJRM92,11687,0,505
W4,A26R0WOGRMZB22,6974,0,513
W4,A1WKUY7T0EM0GM,5242,0,519
W4,A15A4RX02DDFER,835,0,520
W4,ANF5BP1SD3Z3O,20379,0,529
W4,A2AZFELROH9QVO,7686,0,529
W4,A376OJHLE6SU9Q,13021,0,533
W4,A376OJHLE6SU9Q,13021,1,912
W4,A1NFCHJ8ZR4362,3769,0,556
W4,A1OK6GRKNHISTG,3970,0,560
W4,A1OK6GRKNHISTG,3970,1,571
W4,A1OK6GRKNHISTG,3970,2,559
W4,A1OK6GRKNHISTG,3970,3,561
W4,A1OK6GRKNHISTG,3970,4,573
W4,A8FS66UNMRG5P,17895,0,572
W4,A8FS66UNMRG5P,17895,1,559
W4,A8FS66UNMRG5P,17895,2,561
W4,A1FMWLZ9YY91XI,2503,0,572
W4,A1OS8ICUFW5F9H,4001,0,574
W4,A1SG6N8E213NNN,4580,0,574
W4,A1IU2NHZ0ANUSJ,3035,0,578
W4,A2MNUZHMGVN5G2,9653,0,591
W4,A2MNUZHMGVN5G2,9653,1,594
W4,A2MNUZHMGVN5G2,9653,2,3404
W4,A2MNUZHMGVN5G2,9653,3,3408
W4,A2MNUZHMGVN5G2,9653,4,595
W4,A3RDUMDB4WXFMR,16362,0,596
W4,A3KBL59PYXZQPZ,15201,0,627
W4,A3KBL59PYXZQPZ,15201,1,714
W4,A3KBL59PYXZQPZ,15201,2,1826
W4,AXJVVX4A2P7B9,21978,0,640
W4,A1FK14ZCV3B1RA,2488,0,663
W4,A1FK14ZCV3B1RA,2488,1,843
W4,A1FK14ZCV3B1RA,2488,2,996
W4,A1FK14ZCV3B1RA,2488,3,1272
W4,A1FK14ZCV3B1RA,2488,4,2583
W4,A1I4NHYX40MFD,2907,0,680
W4,AYNTULRNAIPNY,22154,0,680
W4,A20J4FB33G3X4X,5930,0,680
W4,A2T9DMWH2ZQGPI,10748,0,680
W4,A8WAYVOKYBLO6,17975,0,681
W4,A21F0YVYM7PI72,6078,0,702
W4,A21F0YVYM7PI72,6078,1,1312
W4,A21F0YVYM7PI72,6078,2,684
W4,A1F9Z42CFF9IAY,2437,0,3510
W4,A1F9Z42CFF9IAY,2437,1,705
W4,A1F9Z42CFF9IAY,2437,2,1244
W4,A3LDQM3GCURG92,15362,0,706
W4,A3941GMVET8ZRW,13334,0,711
W4,A58N07M0ZCYMB,17391,0,721
W4,A1JSLN697CKTUV,3194,0,744
W4,A1JSLN697CKTUV,3194,1,1010
W4,A1JSLN697CKTUV,3194,2,3111
W4,A1MFDFUGEVNIFK,3598,0,1022
W4,A1MFDFUGEVNIFK,3598,1,1039
W4,A1MFDFUGEVNIFK,3598,2,1040
W4,A1MFDFUGEVNIFK,3598,3,1424
W4,A1MFDFUGEVNIFK,3598,4,1093
W4,A1MFDFUGEVNIFK,3598,5,776
W4,A1MFDFUGEVNIFK,3598,6,1052
W4,A25WJCAP606YMP,6835,0,778
W4,A1GWUSPAM0RJVB,2713,0,783
W4,A1VCPMT1RRS7K0,5032,0,783
W4,A2V0I904FH7ABY,11032,0,786
W4,A1ZC3FAD1EFZJ7,5734,0,1729
W4,A1ZC3FAD1EFZJ7,5734,1,790
W4,A1ZC3FAD1EFZJ7,5734,2,1075
W4,A1ZC3FAD1EFZJ7,5734,3,1077
W4,A1P27BGF8NAI29,4038,0,806
W4,A2KXC94HOL85OF,9318,0,814
W4,AF1H4YRBRMBB9,18995,0,843
W4,A30XA7RLCNNHXA,11995,0,843
W4,A29L9B4D8OVD9L,7443,0,843
W4,AD064CIXDTLPC,18655,0,843
W4,A1A3M4L3UD8V8B,1615,0,844
W4,A1GUX6R8DV3ZLY,2702,0,844
W4,A2JXCOUGYS5Y4J,9146,0,860
W4,A1HVQFWB7GG15G,2867,0,875
W4,A1HVQFWB7GG15G,2867,1,878
W4,A3UTOIAXYX8DOP,16955,0,890
W4,ADYZOSTF9LZLD,18805,0,891
W4,AYOMAHLWRQHUG,22159,0,904
W4,A1VQBEW0G4IH1J,5092,0,904
W4,A4HI1DDZN54S1,17258,0,904
W4,A4HI1DDZN54S1,17258,1,1192
W4,AZIFU5UI0G71E,22289,0,904
W4,A2N9Z1V4GTHHX6,9753,0,904
W4,A1AKIHYFDW0QL7,1709,0,905
W4,A2WY3VRUDV40LT,11358,0,949
W4,A2WY3VRUDV40LT,11358,1,958
W4,A2WY3VRUDV40LT,11358,2,959
W4,A2MTP3RPAZL5T1,9678,0,986
W4,A1PVGOY677Z8PQ,4181,0,986
W4,AH3ZQ8AVKKYI5,19336,0,986
W4,AVZF4LV5V673T,21725,0,1043
W4,A6VPK7X53QNAQ,17635,0,1050
W4,A19ZE9E4C1L3IY,1593,0,1260
W4,A19ZE9E4C1L3IY,1593,1,1052
W4,A19ZE9E4C1L3IY,1593,2,1595
W4,A3SP22BU1008GV,16595,0,1118
W4,A2ONUWLMER7TPJ,9990,0,1119
W4,A231FGX8G2Q5EW,6363,0,1125
W4,A3PEOF0GX4EN38,16013,0,1125
W4,AFDPEDMUL0J54,19043,0,1125
W4,A2D11ZNRSDE5FZ,8044,0,1135
W4,A23AKC8AXDOFCX,6412,0,1135
W4,A1DAFWS98LQD2R,2136,0,1161
W4,A146H6A41B26QT,667,0,3670
W4,A146H6A41B26QT,667,1,1181
W4,A2II54B3VA45LN,8924,0,1188
W4,ATOY9UMWJ7L1D,21361,0,1206
W4,ATOY9UMWJ7L1D,21361,1,1306
W4,A2UWIWD56X2Z5O,11011,0,1219
W4,AYPIF2S8P3RZT,22160,0,1254
W4,A3KDTUGUJQCSJT,15216,0,1268
W4,A3KDTUGUJQCSJT,15216,1,1934
W4,A3KDTUGUJQCSJT,15216,2,2008
W4,A3KDTUGUJQCSJT,15216,3,3128
W4,AJF2GV5Z9B5II,19731,0,1272
W4,A1WSRI3OTHEUCW,5286,0,1272
W4,A3QE6W49BZY8YJ,16194,0,1272
W4,A3OXM4NUGQKIQ0,15944,0,1272
W4,A23F8D2ZOCQM6V,6426,0,1272
W4,AAU0G40ZN5RIL,18289,0,1272
W4,A1O17QZWB2YZ5L,3876,0,1272
W4,A2A2SUY3IOQKY1,7525,0,1272
W4,A3E0QQ0SCNVGR9,14129,0,1945
W4,A3E0QQ0SCNVGR9,14129,1,1273
W4,AIPSUF99BQ17T,19599,0,1285
W4,A2MOD50IHEDH3G,9657,0,1306
W4,A2OR94VN7XQCUO,10008,0,1335
W4,A1CZZ410BJ9QC9,2101,0,1350
W4,A87JI1JMRS0PG,17855,0,1403
W4,A28JE1K2R6STBT,7269,0,1403
W4,A356TJCTCLDN89,12715,0,1438
W4,A45NWC2Y0BTTY,17207,0,1449
W4,A2LB86SVX3NDV1,9392,0,1449
W4,A11PI8JNC3932W,299,0,1455
W4,A18O0L6RA62FT7,1400,0,1457
W4,A1IN9LVY9QL620,2998,0,1497
W4,A341ET90CBX4QE,12523,0,1525
W4,A341ET90CBX4QE,12523,1,2023
W4,A341ET90CBX4QE,12523,2,2789
W4,AD1ZOPB0BBEHB,18666,0,1546
W4,AJYCQWIPOM53D,19808,0,1546
W4,A1B89OBB1ORQOK,1814,0,1576
W4,A2582KMXLK2P06,6726,0,1594
W4,ATJZ2IBUD9NML,21340,0,1595
W4,AEOSWWUZ6DO1G,18951,0,1603
W4,A1DRM3JV6T5O6P,2208,0,1610
W4,A1SCANWWQTEG9I,4567,0,1702
W4,A3094EPI56GKZ6,11896,0,1729
W4,ASY4TVBQLUU4V,21244,0,1754
W4,A1OVQ2WZJ4H7ZX,4014,0,1959
W4,A3PUOOMF1GB3KR,16096,0,2008
W4,A3JPFWKS83R49V,15108,0,2051
W4,A281XZHQ2MDWO7,7189,0,2334
W4,A3OJX18B60PJR9,15880,0,2498
W4,A17IS2KTMUBJ52,1202,0,2612
W4,A1EQIG3D3VBU5G,2360,0,2638
W4,A1IIECPU2GF17U,2977,0,2647
W4,A2LINNB0T986FU,9424,0,2769
W4,A11C2ZX984GQW6,248,0,2844
W4,A22AD8M2SSOFHJ,6221,0,2945
W4,A3FHDBBXZFNQUK,14383,0,2994
W4,A36Y1IEN4SR0OQ,12995,0,3214
W4,A2MW6MN2UDTHOO,9695,0,3377
W4,A2KLRV9M5I1AHA,9255,0,3403
W4,A3UPYGJKZ0XTU4,16934,0,3421
W4,A291HTT117RVS9,7365,0,3653
W4,A5P60H1YBPXBE,17449,0,3692
W4,A5XG0KDFX4WMI,17486,0,3726
W4,AAYJA4GME03V6,18303,0,3748
W4,AAYJA4GME03V6,18303,1,6825
W4,A3KT85K6QPMGSV,15275,0,3767
W4,A2PNOU7NXB1JE4,10167,0,3770
W4,A571T4LGCDJJZ,17385,0,3775
W4,A3GX6U4H2CRY71,14642,0,3854
W4,A3UBDVOL5UDIIB,16884,0,3933
W4,A32GK89C999834,12254,0,4541
W4,A2DCS7ORDHO1RQ,8099,0,5118
W5,A2B7BUH8834Y6M,7721,0,19
W5,A2B7BUH8834Y6M,7721,1,69
W5,A2B7BUH8834Y6M,7721,2,16
W5,A2B7BUH8834Y6M,7721,3,428
W5,A2B7BUH8834Y6M,7721,4,2299
W5,A281NPSIMI1C2R,7187,0,1957
W5,A281NPSIMI1C2R,7187,1,979
W5,A281NPSIMI1C2R,7187,2,1610
W5,A281NPSIMI1C2R,7187,3,143
W5,A281NPSIMI1C2R,7187,4,1309
W5,A281NPSIMI1C2R,7187,5,1077
W5,A281NPSIMI1C2R,7187,6,1220
W5,A281NPSIMI1C2R,7187,7,1400
W5,A281NPSIMI1C2R,7187,8,418
W5,A281NPSIMI1C2R,7187,9,417
W5,A281NPSIMI1C2R,7187,10,415
W5,A281NPSIMI1C2R,7187,11,2626
W5,A281NPSIMI1C2R,7187,12,2598
W5,A281NPSIMI1C2R,7187,13,732
W5,A281NPSIMI1C2R,7187,14,3938
W5,A281NPSIMI1C2R,7187,15,364
W5,A281NPSIMI1C2R,7187,16,3101
W5,A281NPSIMI1C2R,7187,17,2603
W5,A281NPSIMI1C2R,7187,18,3240
W5,A281NPSIMI1C2R,7187,19,3847
W5,AK7CAW3N1XZV6,19848,0,29
W5,AK7CAW3N1XZV6,19848,1,2541
W5,AK7CAW3N1XZV6,19848,2,161
W5,AK7CAW3N1XZV6,19848,3,111
W5,AK7CAW3N1XZV6,19848,4,365
W5,AK7CAW3N1XZV6,19848,5,800
W5,AK7CAW3N1XZV6,19848,6,862
W5,AK7CAW3N1XZV6,19848,7,2411
W5,AK7CAW3N1XZV6,19848,8,781
W5,AK7CAW3N1XZV6,19848,9,841
W5,AK7CAW3N1XZV6,19848,10,776
W5,AK7CAW3N1XZV6,19848,11,1268
W5,AK7CAW3N1XZV6,19848,12,2842
W5,AK7CAW3N1XZV6,19848,13,187
W5,AK7CAW3N1XZV6,19848,14,2476
W5,AK7CAW3N1XZV6,19848,15,3466
W5,A1SBVY5DX5ZKUX,4565,0,35
W5,A1SBVY5DX5ZKUX,4565,1,51
W5,A1SBVY5DX5ZKUX,4565,2,2299
W5,A1SBVY5DX5ZKUX,4565,3,2341
W5,A1SBVY5DX5ZKUX,4565,4,3181
W5,A1K5DUV1L52MUD,3244,0,559
W5,A1K5DUV1L52MUD,3244,1,841
W5,A1K5DUV1L52MUD,3244,2,46
W5,A1K5DUV1L52MUD,3244,3,58
W5,A1K5DUV1L52MUD,3244,4,2299
W5,A2D914K7LL3TM0,8085,0,46
W5,AXJTNYD3UK1BP,21977,0,58
W5,AXJTNYD3UK1BP,21977,1,75
W5,AXJTNYD3UK1BP,21977,2,2299
W5,AXJTNYD3UK1BP,21977,3,2419
W5,AXJTNYD3UK1BP,21977,4,3335
W5,A3M174IC0VXOS2,15464,0,1093
W5,A3M174IC0VXOS2,15464,1,1681
W5,A3M174IC0VXOS2,15464,2,2050
W5,A3M174IC0VXOS2,15464,3,1706
W5,A3M174IC0VXOS2,15464,4,228
W5,A3M174IC0VXOS2,15464,5,4537
W5,A3M174IC0VXOS2,15464,6,1230
W5,A3M174IC0VXOS2,15464,7,1182
W5,A3M174IC0VXOS2,15464,8,2336
W5,A3M174IC0VXOS2,15464,9,2341
W5,A3M174IC0VXOS2,15464,10,2113
W5,A3M174IC0VXOS2,15464,11,3559
W5,A3M174IC0VXOS2,15464,12,4024
W5,A3M174IC0VXOS2,15464,13,4049
W5,A3M174IC0VXOS2,15464,14,4270
W5,A3M174IC0VXOS2,15464,15,2294
W5,A3M174IC0VXOS2,15464,16,4151
W5,A3M174IC0VXOS2,15464,17,4677
W5,A3M174IC0VXOS2,15464,18,904
W5,A3M174IC0VXOS2,15464,19,2632
W5,A1Z54EM24Y40LL,5703,0,666
W5,A1Z54EM24Y40LL,5703,1,69
W5,A1Z54EM24Y40LL,5703,2,648
W5,A1Z54EM24Y40LL,5703,3,76
W5,A1Z54EM24Y40LL,5703,4,3837
W5,A1Z54EM24Y40LL,5703,5,3690
W5,A1Z54EM24Y40LL,5703,6,1376
W5,A1Z54EM24Y40LL,5703,7,3845
W5,A1Z54EM24Y40LL,5703,8,6791
W5,A1Z54EM24Y40LL,5703,9,3299
W5,A1Z54EM24Y40LL,5703,10,3919
W5,A1AMVA4R3G58TV,1725,0,81
W5,A1AMVA4R3G58TV,1725,1,184
W5,A1AMVA4R3G58TV,1725,2,188
W5,A3N6JG64P2G9EV,15643,0,118
W5,A2IQ2DVZK4YZCW,8960,0,147
W5,A3RGN75LHYAG8U,16382,0,150
W5,AWIF8AR75LL9L,21814,0,151
W5,AWIF8AR75LL9L,21814,1,2299
W5,AWIF8AR75LL9L,21814,2,2309
W5,AWIF8AR75LL9L,21814,3,3801
W5,AWIF8AR75LL9L,21814,4,70
W5,AWIF8AR75LL9L,21814,5,2663
W5,AWIF8AR75LL9L,21814,6,2419
W5,AWIF8AR75LL9L,21814,7,4024
W5,AWIF8AR75LL9L,21814,8,4039
W5,A1IU7S4HCK1XK0,3038,0,174
W5,A1IU7S4HCK1XK0,3038,1,203
W5,A1IU7S4HCK1XK0,3038,2,849
W5,A1IU7S4HCK1XK0,3038,3,64
W5,A1IU7S4HCK1XK0,3038,4,255
W5,A1IU7S4HCK1XK0,3038,5,261
W5,A1IU7S4HCK1XK0,3038,6,415
W5,A1IU7S4HCK1XK0,3038,7,957
W5,A1IU7S4HCK1XK0,3038,8,2299
W5,AN81JUYW2SL24,20353,0,175
W5,AN81JUYW2SL24,20353,1,3181
W5,AN81JUYW2SL24,20353,2,2777
W5,AN81JUYW2SL24,20353,3,3347
W5,AN81JUYW2SL24,20353,4,1261
W5,AN81JUYW2SL24,20353,5,4270
W5,AQNDWV4YMTBZF,20868,0,3403
W5,AQNDWV4YMTBZF,20868,1,240
W5,A1UGYU7MRZXXMJ,4897,0,335
W5,A1GTSEGAXWRSO8,2696,0,372
W5,A1ACM1CBGORBN1,1669,0,437
W5,A1ACM1CBGORBN1,1669,1,3347
W5,A1ACM1CBGORBN1,1669,2,4051
W5,A31E0MN0BPGLIE,12075,0,493
W5,A31E0MN0BPGLIE,12075,1,950
W5,A31E0MN0BPGLIE,12075,2,960
W5,A31E0MN0BPGLIE,12075,3,1282
W5,A31E0MN0BPGLIE,12075,4,2603
W5,A31E0MN0BPGLIE,12075,5,2637
W5,A31E0MN0BPGLIE,12075,6,2746
W5,A27493GW3TEX65,7028,0,570
W5,A27493GW3TEX65,7028,1,1092
W5,A27493GW3TEX65,7028,2,572
W5,A27493GW3TEX65,7028,3,571
W5,A27493GW3TEX65,7028,4,573
W5,A27493GW3TEX65,7028,5,559
W5,A27493GW3TEX65,7028,6,2113
W5,A27493GW3TEX65,7028,7,4152
W5,A1FRBG71Y7L7PB,2529,0,746
W5,A1BHCE2409B5QF,1862,0,1065
W5,A1BHCE2409B5QF,1862,1,563
W5,A1BHCE2409B5QF,1862,2,1092
W5,A1BHCE2409B5QF,1862,3,44
W5,A1BHCE2409B5QF,1862,4,366
W5,A1BHCE2409B5QF,1862,5,1077
W5,AX7QMRXX81L9K,21919,0,3403
W5,AX7QMRXX81L9K,21919,1,2309
W5,AX7QMRXX81L9K,21919,2,3181
W5,AX7QMRXX81L9K,21919,3,3817
W5,AX7QMRXX81L9K,21919,4,4040
W5,AN5T6MAD6FC5I,20337,0,6
W5,A3UC3YT2E65LZO,16887,0,33
W5,A3UC3YT2E65LZO,16887,1,28
W5,A3UC3YT2E65LZO,16887,2,450
W5,A13IRKEEPFTWFM,568,0,29
W5,A13IRKEEPFTWFM,568,1,51
W5,A13IRKEEPFTWFM,568,2,52
W5,A13IRKEEPFTWFM,568,3,95
W5,A13IRKEEPFTWFM,568,4,97
W5,ACXCS6NRA4EVU,18644,0,30
W5,ACXCS6NRA4EVU,18644,1,955
W5,ACXCS6NRA4EVU,18644,2,912
W5,ACXCS6NRA4EVU,18644,3,728
W5,ACXCS6NRA4EVU,18644,4,954
W5,AVYEYDC974DMD,21723,0,39
W5,AVYEYDC974DMD,21723,1,3653
W5,AVYEYDC974DMD,21723,2,2212
W5,AVYEYDC974DMD,21723,3,1613
W5,AQ1F3NP2G15S5,20776,0,563
W5,AQ1F3NP2G15S5,20776,1,42
W5,AQ1F3NP2G15S5,20776,2,3767
W5,ACNON4BZACUUL,18597,0,44
W5,ACNON4BZACUUL,18597,1,183
W5,A2W10YRC8CWAD7,11222,0,45
W5,A2W10YRC8CWAD7,11222,1,73
W5,A2W10YRC8CWAD7,11222,2,82
W5,A2W10YRC8CWAD7,11222,3,46
W5,A2W10YRC8CWAD7,11222,4,1273
W5,A3AGU9IY4LDG03,13561,0,54
W5,A3AGU9IY4LDG03,13561,1,1311
W5,A13STKDYQO5DQ8,608,0,744
W5,A13STKDYQO5DQ8,608,1,1023
W5,A13STKDYQO5DQ8,608,2,56
W5,A13STKDYQO5DQ8,608,3,696
W5,A13STKDYQO5DQ8,608,4,705
W5,A13STKDYQO5DQ8,608,5,3667
W5,A340T3DDR0ZTZ6,12520,0,497
W5,A340T3DDR0ZTZ6,12520,1,59
W5,A340T3DDR0ZTZ6,12520,2,6905
W5,ABWQP3ABN4EK6,18479,0,61
W5,ABWQP3ABN4EK6,18479,1,1455
W5,ABWQP3ABN4EK6,18479,2,1456
W5,ABWQP3ABN4EK6,18479,3,407
W5,A2ZI4RMRSA072T,11782,0,63
W5,A2ZI4RMRSA072T,11782,1,87
W5,A2ZI4RMRSA072T,11782,2,149
W5,A2ZI4RMRSA072T,11782,3,384
W5,A2ZI4RMRSA072T,11782,4,1195
W5,A2ZI4RMRSA072T,11782,5,559
W5,A2ZI4RMRSA072T,11782,6,570
W5,A2ZI4RMRSA072T,11782,7,573
W5,A2ZI4RMRSA072T,11782,8,2582
W5,A2ZI4RMRSA072T,11782,9,3101
W5,A2ZI4RMRSA072T,11782,10,4277
W5,A27UE9HJRZ22YI,7156,0,838
W5,A27UE9HJRZ22YI,7156,1,904
W5,A27UE9HJRZ22YI,7156,2,3669
W5,A27UE9HJRZ22YI,7156,3,3692
W5,A27UE9HJRZ22YI,7156,4,4709
W5,A27UE9HJRZ22YI,7156,5,1826
W5,A27UE9HJRZ22YI,7156,6,3755
W5,A27UE9HJRZ22YI,7156,7,97
W5,A27UE9HJRZ22YI,7156,8,1160
W5,A27UE9HJRZ22YI,7156,9,443
W5,A27UE9HJRZ22YI,7156,10,3938
W5,A27UE9HJRZ22YI,7156,11,916
W5,A27UE9HJRZ22YI,7156,12,1761
W5,A27UE9HJRZ22YI,7156,13,2060
W5,A27UE9HJRZ22YI,7156,14,2604
W5,A27UE9HJRZ22YI,7156,15,2045
W5,AKMEY1BSHSDG7,19921,0,2299
W5,AKMEY1BSHSDG7,19921,1,1944
W5,AKMEY1BSHSDG7,19921,2,3801
W5,AKMEY1BSHSDG7,19921,3,2663
W5,AKMEY1BSHSDG7,19921,4,3472
W5,AKMEY1BSHSDG7,19921,5,2419
W5,AKMEY1BSHSDG7,19921,6,255
W5,AKMEY1BSHSDG7,19921,7,981
W5,AKMEY1BSHSDG7,19921,8,3347
W5,AKMEY1BSHSDG7,19921,9,3767
W5,AKMEY1BSHSDG7,19921,10,640
W5,AKMEY1BSHSDG7,19921,11,775
W5,AKMEY1BSHSDG7,19921,12,2131
W5,AKMEY1BSHSDG7,19921,13,369
W5,AKMEY1BSHSDG7,19921,14,194
W5,AKMEY1BSHSDG7,19921,15,4051
W5,AKMEY1BSHSDG7,19921,16,4040
W5,AKMEY1BSHSDG7,19921,17,4148
W5,AKMEY1BSHSDG7,19921,18,881
W5,AKMEY1BSHSDG7,19921,19,4630
W5,A3FY3H6F4249E0,14456,0,687
W5,A3FY3H6F4249E0,14456,1,112
W5,A3FY3H6F4249E0,14456,2,763
W5,A3FY3H6F4249E0,14456,3,3181
W5,A3FY3H6F4249E0,14456,4,4270
W5,A28TWWUAWFVCTR,7328,0,121
W5,A3OZGW7KKKHYA4,15953,0,123
W5,AH1LFGRAN3GPC,19324,0,125
W5,A1E7AIEUMWTQNQ,2274,0,2998
W5,A1E7AIEUMWTQNQ,2274,1,1457
W5,A1E7AIEUMWTQNQ,2274,2,134
W5,A1E7AIEUMWTQNQ,2274,3,3834
W5,A1E7AIEUMWTQNQ,2274,4,1881
W5,A2X3OBHN1ICMZJ,11385,0,671
W5,A2X3OBHN1ICMZJ,11385,1,573
W5,A2X3OBHN1ICMZJ,11385,2,149
W5,A2X3OBHN1ICMZJ,11385,3,560
W5,A2X3OBHN1ICMZJ,11385,4,570
W5,A2X3OBHN1ICMZJ,11385,5,571
W5,A1MH8AMADOLQN8,3609,0,1250
W5,A1MH8AMADOLQN8,3609,1,151
W5,A1MH8AMADOLQN8,3609,2,843
W5,A1MH8AMADOLQN8,3609,3,1879
W5,A1MH8AMADOLQN8,3609,4,1603
W5,A39VNRG8P49QED,13470,0,151
W5,A39VNRG8P49QED,13470,1,1749
W5,A39VNRG8P49QED,13470,2,209
W5,A1HFT68GJ42LTM,2808,0,157
W5,A3P8CU9874SRK5,15983,0,159
W5,A3P8CU9874SRK5,15983,1,457
W5,A3P8CU9874SRK5,15983,2,1189
W5,A3P8CU9874SRK5,15983,3,1178
W5,A141W8WHW9AC3H,645,0,172
W5,A3H7NPNDMGLOU4,14693,0,174
W5,A1SYLII0808HD6,4659,0,1278
W5,A1SYLII0808HD6,4659,1,258
W5,A1SYLII0808HD6,4659,2,519
W5,A1SYLII0808HD6,4659,3,174
W5,A1SYLII0808HD6,4659,4,1273
W5,A1SYLII0808HD6,4659,5,1165
W5,A1SYLII0808HD6,4659,6,330
W5,A1TKX01K86Y3G9,4750,0,184
W5,A1TKX01K86Y3G9,4750,1,2025
W5,A1TKX01K86Y3G9,4750,2,714
W5,A1TKX01K86Y3G9,4750,3,1582
W5,A1TKX01K86Y3G9,4750,4,2021
W5,A1TKX01K86Y3G9,4750,5,955
W5,ALIBRPT7KIE1J,20043,0,860
W5,ALIBRPT7KIE1J,20043,1,904
W5,ALIBRPT7KIE1J,20043,2,187
W5,ALIBRPT7KIE1J,20043,3,3706
W5,A3PV7BY8K747QE,16099,0,189
W5,A3PV7BY8K747QE,16099,1,208
W5,A3PV7BY8K747QE,16099,2,687
W5,A3PV7BY8K747QE,16099,3,288
W5,A24XUWT3SCRAPT,6669,0,191
W5,A24XUWT3SCRAPT,6669,1,208
W5,A24XUWT3SCRAPT,6669,2,687
W5,A24XUWT3SCRAPT,6669,3,1244
W5,A24XUWT3SCRAPT,6669,4,3718
W5,A24XUWT3SCRAPT,6669,5,3665
W5,A24XUWT3SCRAPT,6669,6,1401
W5,A2SH7OWE8QJYNC,10611,0,191
W5,A2SH7OWE8QJYNC,10611,1,1538
W5,A2SH7OWE8QJYNC,10611,2,366
W5,A2SH7OWE8QJYNC,10611,3,1782
W5,A2SH7OWE8QJYNC,10611,4,6865
W5,A2SH7OWE8QJYNC,10611,5,2801
W5,A2SH7OWE8QJYNC,10611,6,3027
W5,A2SH7OWE8QJYNC,10611,7,3636
W5,A2SH7OWE8QJYNC,10611,8,3637
W5,A2SH7OWE8QJYNC,10611,9,2646
W5,A2SH7OWE8QJYNC,10611,10,3951
W5,A2SH7OWE8QJYNC,10611,11,4051
W5,A2SH7OWE8QJYNC,10611,12,4039
W5,A2SH7OWE8QJYNC,10611,13,4677
W5,A1BN12O9JLKHXU,1887,0,1244
W5,A1BN12O9JLKHXU,1887,1,191
W5,A1BN12O9JLKHXU,1887,2,1161
W5,A1BN12O9JLKHXU,1887,3,1243
W5,A1BN12O9JLKHXU,1887,4,1128
W5,A1BN12O9JLKHXU,1887,5,1457
W5,A1BN12O9JLKHXU,1887,6,1238
W5,A3R11XXC7MVNYW,16291,0,191
W5,A3R11XXC7MVNYW,16291,1,680
W5,A3R11XXC7MVNYW,16291,2,1465
W5,A3R11XXC7MVNYW,16291,3,1455
W5,A3R11XXC7MVNYW,16291,4,3669
W5,A1FHWJ7EFO3E3U,2479,0,195
W5,A1FHWJ7EFO3E3U,2479,1,4049
W5,A3RKKP0PT14CNM,16398,0,1402
W5,A3RKKP0PT14CNM,16398,1,3749
W5,A3RKKP0PT14CNM,16398,2,3750
W5,A3RKKP0PT14CNM,16398,3,1220
W5,A3RKKP0PT14CNM,16398,4,3752
W5,A3RKKP0PT14CNM,16398,5,207
W5,A5N1HB1T4EKCM,17439,0,4850
W5,A5N1HB1T4EKCM,17439,1,208
W5,A5N1HB1T4EKCM,17439,2,53
W5,A1X2LENOF84LCQ,5331,0,208
W5,A1X2LENOF84LCQ,5331,1,2299
W5,A1X2LENOF84LCQ,5331,2,2336
W5,A1X2LENOF84LCQ,5331,3,2341
W5,A1X2LENOF84LCQ,5331,4,2309
W5,A1X2LENOF84LCQ,5331,5,2663
W5,A1X2LENOF84LCQ,5331,6,2419
W5,A1X2LENOF84LCQ,5331,7,3636
W5,A1X2LENOF84LCQ,5331,8,3248
W5,A1X2LENOF84LCQ,5331,9,4040
W5,A1X2LENOF84LCQ,5331,10,4675
W5,A2OW1FKQFPIA5D,10035,0,209
W5,A10G136JEISLVR,112,0,219
W5,A3AOKQCH0YBZDS,13597,0,3472
W5,A3AOKQCH0YBZDS,13597,1,221
W5,A3AOKQCH0YBZDS,13597,2,3285
W5,A3AOKQCH0YBZDS,13597,3,215
W5,A1P4F6HIXU6WYE,4046,0,4510
W5,A1P4F6HIXU6WYE,4046,1,1225
W5,A1P4F6HIXU6WYE,4046,2,225
W5,A1P4F6HIXU6WYE,4046,3,902
W5,A1WSQ0QRWQC7VI,5285,0,708
W5,A1WSQ0QRWQC7VI,5285,1,234
W5,A1WSQ0QRWQC7VI,5285,2,2341
W5,A1WSQ0QRWQC7VI,5285,3,3555
W5,A1WSQ0QRWQC7VI,5285,4,3637
W5,A1WSQ0QRWQC7VI,5285,5,3248
W5,A1WSQ0QRWQC7VI,5285,6,3878
W5,A1WSQ0QRWQC7VI,5285,7,3898
W5,A12IRGQLFE4EBA,420,0,240
W5,A12IRGQLFE4EBA,420,1,407
W5,AIIR8E34EDKCQ,19564,0,3801
W5,AIIR8E34EDKCQ,19564,1,1662
W5,AIIR8E34EDKCQ,19564,2,563
W5,AIIR8E34EDKCQ,19564,3,3015
W5,AIIR8E34EDKCQ,19564,4,1663
W5,AIIR8E34EDKCQ,19564,5,131
W5,AIIR8E34EDKCQ,19564,6,3555
W5,AIIR8E34EDKCQ,19564,7,3347
W5,AIIR8E34EDKCQ,19564,8,4059
W5,AIIR8E34EDKCQ,19564,9,3637
W5,AIIR8E34EDKCQ,19564,10,4049
W5,AIIR8E34EDKCQ,19564,11,4152
W5,AIIR8E34EDKCQ,19564,12,1157
W5,AIIR8E34EDKCQ,19564,13,4051
W5,AIIR8E34EDKCQ,19564,14,413
W5,AIIR8E34EDKCQ,19564,15,3389
W5,AIIR8E34EDKCQ,19564,16,4040
W5,AIIR8E34EDKCQ,19564,17,4148
W5,AIIR8E34EDKCQ,19564,18,1010
W5,AIIR8E34EDKCQ,19564,19,4677
W5,APG4YVSUN3T6S,20697,0,247
W5,APG4YVSUN3T6S,20697,1,1370
W5,APG4YVSUN3T6S,20697,2,1518
W5,APG4YVSUN3T6S,20697,3,3389
W5,APG4YVSUN3T6S,20697,4,3848
W5,A2JCNIN1RNRCQI,9054,0,1135
W5,A2JCNIN1RNRCQI,9054,1,365
W5,A2JCNIN1RNRCQI,9054,2,255
W5,A2JCNIN1RNRCQI,9054,3,1151
W5,A2JCNIN1RNRCQI,9054,4,1152
W5,A2JCNIN1RNRCQI,9054,5,2113
W5,A2JCNIN1RNRCQI,9054,6,3637
W5,A2JCNIN1RNRCQI,9054,7,3636
W5,A2JCNIN1RNRCQI,9054,8,2067
W5,ASGIVOW34XNQS,21167,0,1634
W5,ASGIVOW34XNQS,21167,1,256
W5,ASGIVOW34XNQS,21167,2,4850
W5,ASGIVOW34XNQS,21167,3,985
W5,A182CP8NRL79TT,1290,0,258
W5,A182CP8NRL79TT,1290,1,839
W5,A182CP8NRL79TT,1290,2,5391
W5,A182CP8NRL79TT,1290,3,261
W5,A182CP8NRL79TT,1290,4,4862
W5,A1YUL9PCJR3JTY,5652,0,2121
W5,A1YUL9PCJR3JTY,5652,1,261
W5,A1YUL9PCJR3JTY,5652,2,732
W5,A1YUL9PCJR3JTY,5652,3,386
W5,A1YUL9PCJR3JTY,5652,4,389
W5,A1YUL9PCJR3JTY,5652,5,1139
W5,A1YUL9PCJR3JTY,5652,6,3027
W5,A7MJTKHGS43RY,17749,0,275
W5,A7MJTKHGS43RY,17749,1,799
W5,A7MJTKHGS43RY,17749,2,1962
W5,A7MJTKHGS43RY,17749,3,1071
W5,A7MJTKHGS43RY,17749,4,2837
W5,A7MJTKHGS43RY,17749,5,4580
W5,A1X93ES4DITTWK,5368,0,277
W5,A1X93ES4DITTWK,5368,1,1424
W5,A1X93ES4DITTWK,5368,2,552
W5,A1X93ES4DITTWK,5368,3,1273
W5,AEUY5C51JAWWH,18968,0,289
W5,AEUY5C51JAWWH,18968,1,290
W5,AEUY5C51JAWWH,18968,2,365
W5,AEUY5C51JAWWH,18968,3,3270
W5,AEUY5C51JAWWH,18968,4,2549
W5,A3NPJBLPHVWEF6,15738,0,304
W5,A2ZV4X5FFYBOIZ,11836,0,311
W5,A2ZV4X5FFYBOIZ,11836,1,2801
W5,AXO4PQU0XG3TG,22002,0,359
W5,A3LMILRM9OC3SA,15399,0,372
W5,A24ZFFRQ4MG3XL,6681,0,2986
W5,A24ZFFRQ4MG3XL,6681,1,932
W5,A24ZFFRQ4MG3XL,6681,2,386
W5,A24ZFFRQ4MG3XL,6681,3,783
W5,A24ZFFRQ4MG3XL,6681,4,3767
W5,A24ZFFRQ4MG3XL,6681,5,948
W5,A24ZFFRQ4MG3XL,6681,6,1970
W5,A24ZFFRQ4MG3XL,6681,7,1595
W5,A24ZFFRQ4MG3XL,6681,8,393
W5,A24ZFFRQ4MG3XL,6681,9,799
W5,A24ZFFRQ4MG3XL,6681,10,407
W5,A24ZFFRQ4MG3XL,6681,11,68
W5,A24ZFFRQ4MG3XL,6681,12,1876
W5,A24ZFFRQ4MG3XL,6681,13,2629
W5,A24ZFFRQ4MG3XL,6681,14,1362
W5,A24ZFFRQ4MG3XL,6681,15,3786
W5,A24ZFFRQ4MG3XL,6681,16,3148
W5,A24ZFFRQ4MG3XL,6681,17,434
W5,A24ZFFRQ4MG3XL,6681,18,222
W5,ATNQNZEHWMR9U,21358,0,390
W5,A15WQOFOLORISW,943,0,391
W5,A1RHVEZJA30HGW,4427,0,1040
W5,A1RHVEZJA30HGW,4427,1,890
W5,A1RHVEZJA30HGW,4427,2,563
W5,A1RHVEZJA30HGW,4427,3,1085
W5,A1RHVEZJA30HGW,4427,4,1014
W5,A1RHVEZJA30HGW,4427,5,1092
W5,A1RHVEZJA30HGW,4427,6,1022
W5,A1RHVEZJA30HGW,4427,7,393
W5,A1RHVEZJA30HGW,4427,8,618
W5,A1RHVEZJA30HGW,4427,9,429
W5,A1RHVEZJA30HGW,4427,10,790
W5,A1RHVEZJA30HGW,4427,11,1077
W5,A3Q68B3TNPD3W7,16156,0,407
W5,A26EQ8U96JA92T,6919,0,407
W5,A26EQ8U96JA92T,6919,1,3335
W5,A26EQ8U96JA92T,6919,2,2113
W5,A26EQ8U96JA92T,6919,3,3559
W5,A26EQ8U96JA92T,6919,4,1261
W5,A26EQ8U96JA92T,6919,5,3878
W5,A26EQ8U96JA92T,6919,6,4152
W5,A26EQ8U96JA92T,6919,7,4675
W5,A3Q30ZLF1UDGQU,16139,0,407
W5,AN96RZ92SLGJV,20355,0,407
W5,AN96RZ92SLGJV,20355,1,801
W5,AN96RZ92SLGJV,20355,2,806
W5,A1KXONFPU2XQ5K,3360,0,407
W5,A28WXDXJA1P0MC,7345,0,1860
W5,A28WXDXJA1P0MC,7345,1,1338
W5,A28WXDXJA1P0MC,7345,2,407
W5,A28WXDXJA1P0MC,7345,3,2518
W5,A28WXDXJA1P0MC,7345,4,2559
W5,A28WXDXJA1P0MC,7345,5,2565
W5,A28WXDXJA1P0MC,7345,6,3335
W5,A28WXDXJA1P0MC,7345,7,3248
W5,A28WXDXJA1P0MC,7345,8,3487
W5,A28WXDXJA1P0MC,7345,9,1261
W5,A28WXDXJA1P0MC,7345,10,4051
W5,AWBGHDHH7E51F,21780,0,3129
W5,AWBGHDHH7E51F,21780,1,407
W5,AWBGHDHH7E51F,21780,2,5827
W5,A1ZHQ6X4P0AVMU,5762,0,408
W5,A1HEC6K4A223XB,2800,0,417
W5,A1HEC6K4A223XB,2800,1,418
W5,A1HEC6K4A223XB,2800,2,416
W5,A1HEC6K4A223XB,2800,3,3099
W5,A1HEC6K4A223XB,2800,4,415
W5,ABFOAYZA2UHD3,18380,0,416
W5,ABFOAYZA2UHD3,18380,1,841
W5,ABFOAYZA2UHD3,18380,2,1025
W5,ABFOAYZA2UHD3,18380,3,2840
W5,ABFOAYZA2UHD3,18380,4,1595
W5,A2IKX7H2PLHULP,8933,0,3099
W5,A2IKX7H2PLHULP,8933,1,416
W5,A2IKX7H2PLHULP,8933,2,419
W5,A34T6SD5HUGLCJ,12651,0,418
W5,A34T6SD5HUGLCJ,12651,1,417
W5,A34T6SD5HUGLCJ,12651,2,3248
W5,A34T6SD5HUGLCJ,12651,3,3878
W5,A34T6SD5HUGLCJ,12651,4,4151
W5,A10Z8FC0SMU5VQ,195,0,417
W5,A10Z8FC0SMU5VQ,195,1,418
W5,A2FFGM7Z66SV15,8405,0,417
W5,A2FFGM7Z66SV15,8405,1,577
W5,A2FFGM7Z66SV15,8405,2,407
W5,A2FFGM7Z66SV15,8405,3,1558
W5,A2FFGM7Z66SV15,8405,4,3218
W5,A1RECBDKHVOJMW,4406,0,419
W5,A1RECBDKHVOJMW,4406,1,809
W5,A1RECBDKHVOJMW,4406,2,417
W5,A1RECBDKHVOJMW,4406,3,988
W5,ATXXFUSOPCB7Q,21404,0,417
W5,ATXXFUSOPCB7Q,21404,1,3696
W5,A2MBLVMVDLHK1L,9592,0,418
W5,AMUBKA81U7DKM,20264,0,421
W5,AMUBKA81U7DKM,20264,1,1546
W5,AMUBKA81U7DKM,20264,2,272
W5,AMUBKA81U7DKM,20264,3,831
W5,A2W4UPPE8RUT6Z,11243,0,429
W5,A2W4UPPE8RUT6Z,11243,1,776
W5,A2W4UPPE8RUT6Z,11243,2,890
W5,A2W4UPPE8RUT6Z,11243,3,1077
W5,A2W4UPPE8RUT6Z,11243,4,1426
W5,A2KP45DO3RY4RG,9273,0,449
W5,A2KP45DO3RY4RG,9273,1,2943
W5,A1A2F1ZOWOPNJB,1610,0,457
W5,A1A2F1ZOWOPNJB,1610,1,3777
W5,A1A2F1ZOWOPNJB,1610,2,3781
W5,A1A2F1ZOWOPNJB,1610,3,1402
W5,A1A2F1ZOWOPNJB,1610,4,3347
W5,A1DD5LYFQ3ZAOK,2145,0,1135
W5,A1DD5LYFQ3ZAOK,2145,1,457
W5,A1DD5LYFQ3ZAOK,2145,2,321
W5,A1DD5LYFQ3ZAOK,2145,3,2329
W5,A1DD5LYFQ3ZAOK,2145,4,4197
W5,A82G34PJ0HIXL,17833,0,476
W5,A82G34PJ0HIXL,17833,1,776
W5,A82G34PJ0HIXL,17833,2,3079
W5,A82G34PJ0HIXL,17833,3,714
W5,A82G34PJ0HIXL,17833,4,3703
W5,A82G34PJ0HIXL,17833,5,3446
W5,A1BJOHHLG0D965,1874,0,488
W5,A3UZKHULL9LP9A,16978,0,497
W5,A3COFBBV4KOJO7,13922,0,497
W5,A2YWRWSLEJRM92,11687,0,505
W5,A2YWRWSLEJRM92,11687,1,1128
W5,A2YWRWSLEJRM92,11687,2,728
W5,A2YWRWSLEJRM92,11687,3,603
W5,A26R0WOGRMZB22,6974,0,513
W5,A1WKUY7T0EM0GM,5242,0,519
W5,A1WKUY7T0EM0GM,5242,1,4152
W5,A1WKUY7T0EM0GM,5242,2,4148
W5,A15A4RX02DDFER,835,0,520
W5,ANF5BP1SD3Z3O,20379,0,529
W5,ANF5BP1SD3Z3O,20379,1,8268
W5,A2AZFELROH9QVO,7686,0,529
W5,A376OJHLE6SU9Q,13021,0,533
W5,A376OJHLE6SU9Q,13021,1,912
W5,A376OJHLE6SU9Q,13021,2,2299
W5,A376OJHLE6SU9Q,13021,3,2419
W5,A376OJHLE6SU9Q,13021,4,1449
W5,A376OJHLE6SU9Q,13021,5,3636
W5,A376OJHLE6SU9Q,13021,6,497
W5,A376OJHLE6SU9Q,13021,7,3898
W5,A376OJHLE6SU9Q,13021,8,4152
W5,A1NFCHJ8ZR4362,3769,0,556
W5,A1NFCHJ8ZR4362,3769,1,3181
W5,A1OK6GRKNHISTG,3970,0,560
W5,A1OK6GRKNHISTG,3970,1,571
W5,A1OK6GRKNHISTG,3970,2,559
W5,A1OK6GRKNHISTG,3970,3,561
W5,A1OK6GRKNHISTG,3970,4,573
W5,A1OK6GRKNHISTG,3970,5,39
W5,A1OK6GRKNHISTG,3970,6,1595
W5,A1OK6GRKNHISTG,3970,7,383
W5,A1OK6GRKNHISTG,3970,8,267
W5,A1OK6GRKNHISTG,3970,9,890
W5,A1OK6GRKNHISTG,3970,10,2604
W5,A1OK6GRKNHISTG,3970,11,1747
W5,A1OK6GRKNHISTG,3970,12,2245
W5,A1OK6GRKNHISTG,3970,13,3214
W5,A8FS66UNMRG5P,17895,0,572
W5,A8FS66UNMRG5P,17895,1,559
W5,A8FS66UNMRG5P,17895,2,561
W5,A1FMWLZ9YY91XI,2503,0,572
W5,A1OS8ICUFW5F9H,4001,0,574
W5,A1SG6N8E213NNN,4580,0,574
W5,A1IU2NHZ0ANUSJ,3035,0,578
W5,A1IU2NHZ0ANUSJ,3035,1,3483
W5,A1IU2NHZ0ANUSJ,3035,2,4007
W5,A2MNUZHMGVN5G2,9653,0,591
W5,A2MNUZHMGVN5G2,9653,1,594
W5,A2MNUZHMGVN5G2,9653,2,3404
W5,A2MNUZHMGVN5G2,9653,3,3408
W5,A2MNUZHMGVN5G2,9653,4,595
W5,A3RDUMDB4WXFMR,16362,0,596
W5,A3KBL59PYXZQPZ,15201,0,627
W5,A3KBL59PYXZQPZ,15201,1,714
W5,A3KBL59PYXZQPZ,15201,2,1826
W5,A3KBL59PYXZQPZ,15201,3,1929
W5,A3KBL59PYXZQPZ,15201,4,5616
W5,A3KBL59PYXZQPZ,15201,5,296
W5,A3KBL59PYXZQPZ,15201,6,4533
W5,A3KBL59PYXZQPZ,15201,7,1582
W5,A3KBL59PYXZQPZ,15201,8,2495
W5,AXJVVX4A2P7B9,21978,0,640
W5,A1FK14ZCV3B1RA,2488,0,663
W5,A1FK14ZCV3B1RA,2488,1,843
W5,A1FK14ZCV3B1RA,2488,2,996
W5,A1FK14ZCV3B1RA,2488,3,1272
W5,A1FK14ZCV3B1RA,2488,4,2583
W5,A1FK14ZCV3B1RA,2488,5,2787
W5,A1FK14ZCV3B1RA,2488,6,4150
W5,A1FK14ZCV3B1RA,2488,7,2164
W5,A1I4NHYX40MFD,2907,0,680
W5,AYNTULRNAIPNY,22154,0,680
W5,AYNTULRNAIPNY,22154,1,408
W5,A20J4FB33G3X4X,5930,0,680
W5,A20J4FB33G3X4X,5930,1,3248
W5,A20J4FB33G3X4X,5930,2,1261
W5,A20J4FB33G3X4X,5930,3,4058
W5,A2T9DMWH2ZQGPI,10748,0,680
W5,A2T9DMWH2ZQGPI,10748,1,3347
W5,A2T9DMWH2ZQGPI,10748,2,3817
W5,A8WAYVOKYBLO6,17975,0,681
W5,A8WAYVOKYBLO6,17975,1,3555
W5,A8WAYVOKYBLO6,17975,2,3637
W5,A8WAYVOKYBLO6,17975,3,1261
W5,A8WAYVOKYBLO6,17975,4,4152
W5,A8WAYVOKYBLO6,17975,5,4270
W5,A8WAYVOKYBLO6,17975,6,4148
W5,A8WAYVOKYBLO6,17975,7,4677
W5,A8WAYVOKYBLO6,17975,8,2067
W5,A8WAYVOKYBLO6,17975,9,4678
W5,A21F0YVYM7PI72,6078,0,702
W5,A21F0YVYM7PI72,6078,1,1312
W5,A21F0YVYM7PI72,6078,2,684
W5,A1F9Z42CFF9IAY,2437,0,3510
W5,A1F9Z42CFF9IAY,2437,1,705
W5,A1F9Z42CFF9IAY,2437,2,1244
W5,A3LDQM3GCURG92,15362,0,706
W5,A3941GMVET8ZRW,13334,0,711
W5,A58N07M0ZCYMB,17391,0,721
W5,A58N07M0ZCYMB,17391,1,3860
W5,A1JSLN697CKTUV,3194,0,744
W5,A1JSLN697CKTUV,3194,1,1010
W5,A1JSLN697CKTUV,3194,2,3111
W5,A1JSLN697CKTUV,3194,3,4940
W5,A1MFDFUGEVNIFK,3598,0,1022
W5,A1MFDFUGEVNIFK,3598,1,1039
W5,A1MFDFUGEVNIFK,3598,2,1040
W5,A1MFDFUGEVNIFK,3598,3,1424
W5,A1MFDFUGEVNIFK,3598,4,1093
W5,A1MFDFUGEVNIFK,3598,5,776
W5,A1MFDFUGEVNIFK,3598,6,1052
W5,A1MFDFUGEVNIFK,3598,7,1426
W5,A1MFDFUGEVNIFK,3598,8,3536
W5,A1MFDFUGEVNIFK,3598,9,3227
W5,A1MFDFUGEVNIFK,3598,10,1699
W5,A1MFDFUGEVNIFK,3598,11,1967
W5,A1MFDFUGEVNIFK,3598,12,2505
W5,A1MFDFUGEVNIFK,3598,13,4352
W5,A25WJCAP606YMP,6835,0,778
W5,A1GWUSPAM0RJVB,2713,0,783
W5,A1VCPMT1RRS7K0,5032,0,783
W5,A1VCPMT1RRS7K0,5032,1,2299
W5,A2V0I904FH7ABY,11032,0,786
W5,A2V0I904FH7ABY,11032,1,2341
W5,A2V0I904FH7ABY,11032,2,3801
W5,A2V0I904FH7ABY,11032,3,3181
W5,A2V0I904FH7ABY,11032,4,3248
W5,A2V0I904FH7ABY,11032,5,4270
W5,A2V0I904FH7ABY,11032,6,4150
W5,A1ZC3FAD1EFZJ7,5734,0,1729
W5,A1ZC3FAD1EFZJ7,5734,1,790
W5,A1ZC3FAD1EFZJ7,5734,2,1075
W5,A1ZC3FAD1EFZJ7,5734,3,1077
W5,A1P27BGF8NAI29,4038,0,806
W5,A1P27BGF8NAI29,4038,1,1282
W5,A1P27BGF8NAI29,4038,2,3322
W5,A2KXC94HOL85OF,9318,0,814
W5,AF1H4YRBRMBB9,18995,0,843
W5,AF1H4YRBRMBB9,18995,1,1598
W5,AF1H4YRBRMBB9,18995,2,1306
W5,AF1H4YRBRMBB9,18995,3,2504
W5,A30XA7RLCNNHXA,11995,0,843
W5,A30XA7RLCNNHXA,11995,1,341
W5,A30XA7RLCNNHXA,11995,2,6905
W5,A30XA7RLCNNHXA,11995,3,1749
W5,A30XA7RLCNNHXA,11995,4,3389
W5,A29L9B4D8OVD9L,7443,0,843
W5,AD064CIXDTLPC,18655,0,843
W5,A1A3M4L3UD8V8B,1615,0,844
W5,A1A3M4L3UD8V8B,1615,1,3372
W5,A1A3M4L3UD8V8B,1615,2,828
W5,A1A3M4L3UD8V8B,1615,3,6690
W5,A1A3M4L3UD8V8B,1615,4,3545
W5,A1A3M4L3UD8V8B,1615,5,519
W5,A1A3M4L3UD8V8B,1615,6,2790
W5,A1GUX6R8DV3ZLY,2702,0,844
W5,A1GUX6R8DV3ZLY,2702,1,4678
W5,A2JXCOUGYS5Y4J,9146,0,860
W5,A2JXCOUGYS5Y4J,9146,1,99
W5,A1HVQFWB7GG15G,2867,0,875
W5,A1HVQFWB7GG15G,2867,1,878
W5,A1HVQFWB7GG15G,2867,2,4711
W5,A3UTOIAXYX8DOP,16955,0,890
W5,A3UTOIAXYX8DOP,16955,1,932
W5,A3UTOIAXYX8DOP,16955,2,113
W5,A3UTOIAXYX8DOP,16955,3,1245
W5,ADYZOSTF9LZLD,18805,0,891
W5,ADYZOSTF9LZLD,18805,1,2067
W5,AYOMAHLWRQHUG,22159,0,904
W5,AYOMAHLWRQHUG,22159,1,3181
W5,AYOMAHLWRQHUG,22159,2,1195
W5,AYOMAHLWRQHUG,22159,3,4049
W5,AYOMAHLWRQHUG,22159,4,3951
W5,AYOMAHLWRQHUG,22159,5,4677
W5,AYOMAHLWRQHUG,22159,6,4678
W5,AYOMAHLWRQHUG,22159,7,2113
W5,A1VQBEW0G4IH1J,5092,0,904
W5,A4HI1DDZN54S1,17258,0,904
W5,A4HI1DDZN54S1,17258,1,1192
W5,AZIFU5UI0G71E,22289,0,904
W5,A2N9Z1V4GTHHX6,9753,0,904
W5,A2N9Z1V4GTHHX6,9753,1,839
W5,A1AKIHYFDW0QL7,1709,0,905
W5,A2WY3VRUDV40LT,11358,0,949
W5,A2WY3VRUDV40LT,11358,1,958
W5,A2WY3VRUDV40LT,11358,2,959
W5,A2MTP3RPAZL5T1,9678,0,986
W5,A1PVGOY677Z8PQ,4181,0,986
W5,A1PVGOY677Z8PQ,4181,1,1119
W5,AH3ZQ8AVKKYI5,19336,0,986
W5,AVZF4LV5V673T,21725,0,1043
W5,AVZF4LV5V673T,21725,1,1004
W5,AVZF4LV5V673T,21725,2,1971
W5,A6VPK7X53QNAQ,17635,0,1050
W5,A6VPK7X53QNAQ,17635,1,790
W5,A6VPK7X53QNAQ,17635,2,2336
W5,A6VPK7X53QNAQ,17635,3,2341
W5,A6VPK7X53QNAQ,17635,4,2965
W5,A6VPK7X53QNAQ,17635,5,783
W5,A6VPK7X53QNAQ,17635,6,4049
W5,A6VPK7X53QNAQ,17635,7,4051
W5,A6VPK7X53QNAQ,17635,8,208
W5,A19ZE9E4C1L3IY,1593,0,1260
W5,A19ZE9E4C1L3IY,1593,1,1052
W5,A19ZE9E4C1L3IY,1593,2,1595
W5,A19ZE9E4C1L3IY,1593,3,3636
W5,A19ZE9E4C1L3IY,1593,4,962
W5,A19ZE9E4C1L3IY,1593,5,3559
W5,A3SP22BU1008GV,16595,0,1118
W5,A2ONUWLMER7TPJ,9990,0,1119
W5,A231FGX8G2Q5EW,6363,0,1125
W5,A3PEOF0GX4EN38,16013,0,1125
W5,AFDPEDMUL0J54,19043,0,1125
W5,A2D11ZNRSDE5FZ,8044,0,1135
W5,A23AKC8AXDOFCX,6412,0,1135
W5,A1DAFWS98LQD2R,2136,0,1161
W5,A146H6A41B26QT,667,0,3670
W5,A146H6A41B26QT,667,1,1181
W5,A146H6A41B26QT,667,2,129
W5,A146H6A41B26QT,667,3,183
W5,A146H6A41B26QT,667,4,2309
W5,A146H6A41B26QT,667,5,1449
W5,A146H6A41B26QT,667,6,43
W5,A146H6A41B26QT,667,7,3766
W5,A146H6A41B26QT,667,8,3767
W5,A146H6A41B26QT,667,9,191
W5,A146H6A41B26QT,667,10,687
W5,A146H6A41B26QT,667,11,2067
W5,A146H6A41B26QT,667,12,4675
W5,A146H6A41B26QT,667,13,4678
W5,A2II54B3VA45LN,8924,0,1188
W5,A2II54B3VA45LN,8924,1,4
W5,A2II54B3VA45LN,8924,2,3372
W5,A2II54B3VA45LN,8924,3,1754
W5,A2II54B3VA45LN,8924,4,2314
W5,A2II54B3VA45LN,8924,5,2790
W5,ATOY9UMWJ7L1D,21361,0,1206
W5,ATOY9UMWJ7L1D,21361,1,1306
W5,A2UWIWD56X2Z5O,11011,0,1219
W5,AYPIF2S8P3RZT,22160,0,1254
W5,AYPIF2S8P3RZT,22160,1,3657
W5,AYPIF2S8P3RZT,22160,2,1261
W5,A3KDTUGUJQCSJT,15216,0,1268
W5,A3KDTUGUJQCSJT,15216,1,1934
W5,A3KDTUGUJQCSJT,15216,2,2008
W5,A3KDTUGUJQCSJT,15216,3,3128
W5,A3KDTUGUJQCSJT,15216,4,3335
W5,AJF2GV5Z9B5II,19731,0,1272
W5,A1WSRI3OTHEUCW,5286,0,1272
W5,A3QE6W49BZY8YJ,16194,0,1272
W5,A3OXM4NUGQKIQ0,15944,0,1272
W5,A3OXM4NUGQKIQ0,15944,1,3335
W5,A3OXM4NUGQKIQ0,15944,2,3555
W5,A3OXM4NUGQKIQ0,15944,3,3637
W5,A3OXM4NUGQKIQ0,15944,4,3636
W5,A3OXM4NUGQKIQ0,15944,5,3559
W5,A3OXM4NUGQKIQ0,15944,6,4152
W5,A3OXM4NUGQKIQ0,15944,7,4150
W5,A23F8D2ZOCQM6V,6426,0,1272
W5,A23F8D2ZOCQM6V,6426,1,1712
W5,A23F8D2ZOCQM6V,6426,2,4678
W5,AAU0G40ZN5RIL,18289,0,1272
W5,AAU0G40ZN5RIL,18289,1,3248
W5,AAU0G40ZN5RIL,18289,2,4148
W5,A1O17QZWB2YZ5L,3876,0,1272
W5,A2A2SUY3IOQKY1,7525,0,1272
W5,A3E0QQ0SCNVGR9,14129,0,1945
W5,A3E0QQ0SCNVGR9,14129,1,1273
W5,A3E0QQ0SCNVGR9,14129,2,3890
W5,AIPSUF99BQ17T,19599,0,1285
W5,AIPSUF99BQ17T,19599,1,1188
W5,AIPSUF99BQ17T,19599,2,1896
W5,AIPSUF99BQ17T,19599,3,1729
W5,A2MOD50IHEDH3G,9657,0,1306
W5,A2MOD50IHEDH3G,9657,1,1449
W5,A2MOD50IHEDH3G,9657,2,2777
W5,A2MOD50IHEDH3G,9657,3,4152
W5,A2MOD50IHEDH3G,9657,4,4151
W5,A2OR94VN7XQCUO,10008,0,1335
W5,A1CZZ410BJ9QC9,2101,0,1350
W5,A1CZZ410BJ9QC9,2101,1,3025
W5,A87JI1JMRS0PG,17855,0,1403
W5,A28JE1K2R6STBT,7269,0,1403
W5,A28JE1K2R6STBT,7269,1,1050
W5,A28JE1K2R6STBT,7269,2,1954
W5,A356TJCTCLDN89,12715,0,1438
W5,A356TJCTCLDN89,12715,1,3692
W5,A356TJCTCLDN89,12715,2,2200
W5,A356TJCTCLDN89,12715,3,2836
W5,A45NWC2Y0BTTY,17207,0,1449
W5,A2LB86SVX3NDV1,9392,0,1449
W5,A2LB86SVX3NDV1,9392,1,147
W5,A2LB86SVX3NDV1,9392,2,2029
W5,A11PI8JNC3932W,299,0,1455
W5,A18O0L6RA62FT7,1400,0,1457
W5,A18O0L6RA62FT7,1400,1,189
W5,A18O0L6RA62FT7,1400,2,1783
W5,A1IN9LVY9QL620,2998,0,1497
W5,A341ET90CBX4QE,12523,0,1525
W5,A341ET90CBX4QE,12523,1,2023
W5,A341ET90CBX4QE,12523,2,2789
W5,AD1ZOPB0BBEHB,18666,0,1546
W5,AD1ZOPB0BBEHB,18666,1,3637
W5,AJYCQWIPOM53D,19808,0,1546
W5,AJYCQWIPOM53D,19808,1,4395
W5,AJYCQWIPOM53D,19808,2,2009
W5,A1B89OBB1ORQOK,1814,0,1576
W5,A1B89OBB1ORQOK,1814,1,4810
W5,A2582KMXLK2P06,6726,0,1594
W5,ATJZ2IBUD9NML,21340,0,1595
W5,ATJZ2IBUD9NML,21340,1,3754
W5,ATJZ2IBUD9NML,21340,2,3667
W5,ATJZ2IBUD9NML,21340,3,2451
W5,ATJZ2IBUD9NML,21340,4,733
W5,ATJZ2IBUD9NML,21340,5,411
W5,ATJZ2IBUD9NML,21340,6,2235
W5,ATJZ2IBUD9NML,21340,7,670
W5,ATJZ2IBUD9NML,21340,8,763
W5,ATJZ2IBUD9NML,21340,9,4371
W5,ATJZ2IBUD9NML,21340,10,744
W5,AEOSWWUZ6DO1G,18951,0,1603
W5,A1DRM3JV6T5O6P,2208,0,1610
W5,A1DRM3JV6T5O6P,2208,1,2663
W5,A1SCANWWQTEG9I,4567,0,1702
W5,A3094EPI56GKZ6,11896,0,1729
W5,A3094EPI56GKZ6,11896,1,3665
W5,A3094EPI56GKZ6,11896,2,1727
W5,A3094EPI56GKZ6,11896,3,5697
W5,A3094EPI56GKZ6,11896,4,4049
W5,ASY4TVBQLUU4V,21244,0,1754
W5,ASY4TVBQLUU4V,21244,1,1525
W5,ASY4TVBQLUU4V,21244,2,2600
W5,A1OVQ2WZJ4H7ZX,4014,0,1959
W5,A3PUOOMF1GB3KR,16096,0,2008
W5,A3JPFWKS83R49V,15108,0,2051
W5,A3JPFWKS83R49V,15108,1,2329
W5,A281XZHQ2MDWO7,7189,0,2334
W5,A3OJX18B60PJR9,15880,0,2498
W5,A3OJX18B60PJR9,15880,1,3603
W5,A17IS2KTMUBJ52,1202,0,2612
W5,A1EQIG3D3VBU5G,2360,0,2638
W5,A1EQIG3D3VBU5G,2360,1,3733
W5,A1IIECPU2GF17U,2977,0,2647
W5,A1IIECPU2GF17U,2977,1,2359
W5,A2LINNB0T986FU,9424,0,2769
W5,A2LINNB0T986FU,9424,1,2040
W5,A2LINNB0T986FU,9424,2,1999
W5,A11C2ZX984GQW6,248,0,2844
W5,A22AD8M2SSOFHJ,6221,0,2945
W5,A22AD8M2SSOFHJ,6221,1,2397
W5,A22AD8M2SSOFHJ,6221,2,1066
W5,A22AD8M2SSOFHJ,6221,3,1610
W5,A22AD8M2SSOFHJ,6221,4,2395
W5,A3FHDBBXZFNQUK,14383,0,2994
W5,A36Y1IEN4SR0OQ,12995,0,3214
W5,A36Y1IEN4SR0OQ,12995,1,1783
W5,A2MW6MN2UDTHOO,9695,0,3377
W5,A2KLRV9M5I1AHA,9255,0,3403
W5,A2KLRV9M5I1AHA,9255,1,1010
W5,A3UPYGJKZ0XTU4,16934,0,3421
W5,A3UPYGJKZ0XTU4,16934,1,2663
W5,A3UPYGJKZ0XTU4,16934,2,3335
W5,A291HTT117RVS9,7365,0,3653
W5,A5P60H1YBPXBE,17449,0,3692
W5,A5P60H1YBPXBE,17449,1,1165
W5,A5XG0KDFX4WMI,17486,0,3726
W5,AAYJA4GME03V6,18303,0,3748
W5,AAYJA4GME03V6,18303,1,6825
W5,AAYJA4GME03V6,18303,2,3162
W5,AAYJA4GME03V6,18303,3,3837
W5,AAYJA4GME03V6,18303,4,142
W5,AAYJA4GME03V6,18303,5,2476
W5,AAYJA4GME03V6,18303,6,92
W5,AAYJA4GME03V6,18303,7,1988
W5,A3KT85K6QPMGSV,15275,0,3767
W5,A3KT85K6QPMGSV,15275,1,3347
W5,A3KT85K6QPMGSV,15275,2,4039
W5,A3KT85K6QPMGSV,15275,3,4040
W5,A3KT85K6QPMGSV,15275,4,4677
W5,A2PNOU7NXB1JE4,10167,0,3770
W5,A2PNOU7NXB1JE4,10167,1,2336
W5,A2PNOU7NXB1JE4,10167,2,2309
W5,A2PNOU7NXB1JE4,10167,3,1826
W5,A2PNOU7NXB1JE4,10167,4,3555
W5,A2PNOU7NXB1JE4,10167,5,3248
W5,A2PNOU7NXB1JE4,10167,6,3657
W5,A2PNOU7NXB1JE4,10167,7,4147
W5,A2PNOU7NXB1JE4,10167,8,214
W5,A2PNOU7NXB1JE4,10167,9,4675
W5,A2PNOU7NXB1JE4,10167,10,4150
W5,A2PNOU7NXB1JE4,10167,11,3936
W5,A571T4LGCDJJZ,17385,0,3775
W5,A3GX6U4H2CRY71,14642,0,3854
W5,A3GX6U4H2CRY71,14642,1,2140
W5,A3UBDVOL5UDIIB,16884,0,3933
W5,A3UBDVOL5UDIIB,16884,1,3878
W5,A32GK89C999834,12254,0,4541
W5,A32GK89C999834,12254,1,2341
W5,A32GK89C999834,12254,2,3801
W5,A2DCS7ORDHO1RQ,8099,0,5118
W5,A2W0O92FZFHJOJ,11220,0,4
W5,A2W0O92FZFHJOJ,11220,1,1065
W5,A2W0O92FZFHJOJ,11220,2,1085
W5,A2W0O92FZFHJOJ,11220,3,790
W5,A2W0O92FZFHJOJ,11220,4,2412
W5,A2W0O92FZFHJOJ,11220,5,2451
W5,A2W0O92FZFHJOJ,11220,6,800
W5,A2W0O92FZFHJOJ,11220,7,1973
W5,A2W0O92FZFHJOJ,11220,8,1432
W5,A2W0O92FZFHJOJ,11220,9,1362
W5,A2W0O92FZFHJOJ,11220,10,2170
W5,A2W0O92FZFHJOJ,11220,11,54
W5,A2W0O92FZFHJOJ,11220,12,1354
W5,A3B7900K4X1AY5,13688,0,930
W5,A3B7900K4X1AY5,13688,1,2334
W5,A3B7900K4X1AY5,13688,2,6
W5,A3S3R88HA0HZG3,16489,0,3560
W5,A3S3R88HA0HZG3,16489,1,1092
W5,A3S3R88HA0HZG3,16489,2,8
W5,A3S3R88HA0HZG3,16489,3,214
W5,A3S3R88HA0HZG3,16489,4,215
W5,A3S3R88HA0HZG3,16489,5,72
W5,A3S3R88HA0HZG3,16489,6,73
W5,A3S3R88HA0HZG3,16489,7,76
W5,A3S3R88HA0HZG3,16489,8,3692
W5,A3VBF1J95ROAYF,17025,0,15
W5,A1D7BE64YN2U66,2124,0,18
W5,A1D7BE64YN2U66,2124,1,21
W5,ABC68JUCPTVOE,18365,0,24
W5,A3UKWQS8SRW6IO,16918,0,27
W5,A3UKWQS8SRW6IO,16918,1,3555
W5,A3UKWQS8SRW6IO,16918,2,3560
W5,A3UKWQS8SRW6IO,16918,3,4270
W5,A3UKWQS8SRW6IO,16918,4,4151
W5,A2FEC016SACDJ9,8401,0,28
W5,A2FEC016SACDJ9,8401,1,1281
W5,A2FEC016SACDJ9,8401,2,4300
W5,A3E1KL2N4ZOQ8W,14135,0,647
W5,A3E1KL2N4ZOQ8W,14135,1,29
W5,A3E1KL2N4ZOQ8W,14135,2,1273
W5,A3E1KL2N4ZOQ8W,14135,3,730
W5,A3E1KL2N4ZOQ8W,14135,4,102
W5,A3E1KL2N4ZOQ8W,14135,5,3130
W5,A1HMP49REABOZI,2832,0,441
W5,A1HMP49REABOZI,2832,1,1835
W5,A1HMP49REABOZI,2832,2,3692
W5,A1HMP49REABOZI,2832,3,3767
W5,A1HMP49REABOZI,2832,4,29
W5,A2OWR5G2OAQF7C,10040,0,3248
W5,A2OWR5G2OAQF7C,10040,1,1151
W5,A2OWR5G2OAQF7C,10040,2,4148
W5,A2OWR5G2OAQF7C,10040,3,4039
W5,A2OWR5G2OAQF7C,10040,4,4147
W5,A2OWR5G2OAQF7C,10040,5,31
W5,A287DGXK7D6NX7,7210,0,33
W5,A287DGXK7D6NX7,7210,1,407
W5,A287DGXK7D6NX7,7210,2,347
W5,A287DGXK7D6NX7,7210,3,2419
W5,A287DGXK7D6NX7,7210,4,4933
W5,A3JMSGSQJTRG9Y,15089,0,252
W5,A3JMSGSQJTRG9Y,15089,1,3021
W5,A3JMSGSQJTRG9Y,15089,2,37
W5,A3JMSGSQJTRG9Y,15089,3,39
W5,A3A582ZMCKUYBI,13498,0,1338
W5,A3A582ZMCKUYBI,13498,1,39
W5,A1HFBMPKP8MYPM,2806,0,49
W5,A1HFBMPKP8MYPM,2806,1,41
W5,A1K6X4W9MRDI3L,3250,0,42
W5,A1K6X4W9MRDI3L,3250,1,1419
W5,AQFDZKSUPFHAE,20836,0,43
W5,AQFDZKSUPFHAE,20836,1,2636
W5,A20KJABXJLXG9G,5935,0,3465
W5,A20KJABXJLXG9G,5935,1,4400
W5,A20KJABXJLXG9G,5935,2,44
W5,A1MJZ3UD1Q4L83,3622,0,666
W5,A1MJZ3UD1Q4L83,3622,1,46
W5,A1MJZ3UD1Q4L83,3622,2,3597
W5,A1MJZ3UD1Q4L83,3622,3,2565
W5,A1MJZ3UD1Q4L83,3622,4,1234
W5,ASGJQAKO5NRRJ,21168,0,50
W5,A1ODOGXEYECQQ8,3937,0,2113
W5,A1ODOGXEYECQQ8,3937,1,3786
W5,A1ODOGXEYECQQ8,3937,2,51
W5,A1ODOGXEYECQQ8,3937,3,3636
W5,A1ODOGXEYECQQ8,3937,4,3637
W5,A1ODOGXEYECQQ8,3937,5,3767
W5,A1ODOGXEYECQQ8,3937,6,3762
W5,A1ODOGXEYECQQ8,3937,7,3677
W5,A1ODOGXEYECQQ8,3937,8,149
W5,A1ODOGXEYECQQ8,3937,9,3878
W5,A1ODOGXEYECQQ8,3937,10,1135
W5,A1ODOGXEYECQQ8,3937,11,4152
W5,A1ODOGXEYECQQ8,3937,12,2329
W5,A1ODOGXEYECQQ8,3937,13,3951
W5,A1ODOGXEYECQQ8,3937,14,4150
W5,A2GHU8I0P3HFRW,8594,0,4049
W5,A2GHU8I0P3HFRW,8594,1,51
W5,A2GHU8I0P3HFRW,8594,2,1625
W5,A1V01M06HMMIFE,4983,0,54
W5,AWPN47SSWK1JV,21835,0,2583
W5,AWPN47SSWK1JV,21835,1,3347
W5,AWPN47SSWK1JV,21835,2,4024
W5,AWPN47SSWK1JV,21835,3,4051
W5,AWPN47SSWK1JV,21835,4,54
W5,AWPN47SSWK1JV,21835,5,4675
W5,A31RULW0KNYJ5H,12136,0,54
W5,ANS906E4EOXB3,20441,0,54
W5,ANS906E4EOXB3,20441,1,890
W5,ANS906E4EOXB3,20441,2,3318
W5,ANS906E4EOXB3,20441,3,3916
W5,ARSQ2F9U315WG,21055,0,57
W5,AHI62FCXVMG22,19398,0,507
W5,AHI62FCXVMG22,19398,1,1749
W5,AHI62FCXVMG22,19398,2,2761
W5,AHI62FCXVMG22,19398,3,2318
W5,AHI62FCXVMG22,19398,4,59
W5,AHI62FCXVMG22,19398,5,3597
W5,AHI62FCXVMG22,19398,6,3599
W5,AHI62FCXVMG22,19398,7,3600
W5,A29313797NGT9L,7374,0,1228
W5,A29313797NGT9L,7374,1,3665
W5,A29313797NGT9L,7374,2,64
W5,A29313797NGT9L,7374,3,3677
W5,A29313797NGT9L,7374,4,4204
W5,A29313797NGT9L,7374,5,3701
W5,A2J19UTYODZC9Y,9006,0,65
W5,A38KK1OA86QJ2X,13251,0,68
W5,A38KK1OA86QJ2X,13251,1,774
W5,A38KK1OA86QJ2X,13251,2,1189
W5,A38KK1OA86QJ2X,13251,3,1253
W5,A108XP24UESKSV,84,0,1353
W5,A108XP24UESKSV,84,1,2810
W5,A108XP24UESKSV,84,2,70
W5,A108XP24UESKSV,84,3,1261
W5,A108XP24UESKSV,84,4,2557
W5,A3PKTO0UJJJ8BS,16044,0,70
W5,A3V6Z4RCDGRC44,17010,0,208
W5,A3V6Z4RCDGRC44,17010,1,252
W5,A3V6Z4RCDGRC44,17010,2,1161
W5,A3V6Z4RCDGRC44,17010,3,1367
W5,A3V6Z4RCDGRC44,17010,4,2341
W5,A3V6Z4RCDGRC44,17010,5,3555
W5,A3V6Z4RCDGRC44,17010,6,72
W5,A22CW0ZHY3NJH8,6233,0,3347
W5,A22CW0ZHY3NJH8,6233,1,1585
W5,A22CW0ZHY3NJH8,6233,2,3842
W5,A22CW0ZHY3NJH8,6233,3,4270
W5,A22CW0ZHY3NJH8,6233,4,2362
W5,A22CW0ZHY3NJH8,6233,5,3951
W5,A22CW0ZHY3NJH8,6233,6,534
W5,A22CW0ZHY3NJH8,6233,7,3063
W5,A22CW0ZHY3NJH8,6233,8,487
W5,A22CW0ZHY3NJH8,6233,9,4163
W5,A22CW0ZHY3NJH8,6233,10,142
W5,A22CW0ZHY3NJH8,6233,11,75
W5,A22CW0ZHY3NJH8,6233,12,2998
W5,AQ6AGWKWMTY8H,20790,0,75
W5,A1XYGS9BACL5XM,5481,0,189
W5,A1XYGS9BACL5XM,5481,1,77
W5,A1XYGS9BACL5XM,5481,2,2796
W5,A1XYGS9BACL5XM,5481,3,2133
W5,A1XYGS9BACL5XM,5481,4,930
W5,A2YLULZ4BTA4MA,11642,0,2509
W5,A2YLULZ4BTA4MA,11642,1,2511
W5,A2YLULZ4BTA4MA,11642,2,1702
W5,A2YLULZ4BTA4MA,11642,3,2450
W5,A2YLULZ4BTA4MA,11642,4,77
W5,A2YLULZ4BTA4MA,11642,5,4464
W5,A2YLULZ4BTA4MA,11642,6,2904
W5,A2YLULZ4BTA4MA,11642,7,3140
W5,A2YLULZ4BTA4MA,11642,8,4340
W5,A4Y4O849TASEB,17346,0,81
W5,A28MFLSWATYZ74,7280,0,88
W5,A28MFLSWATYZ74,7280,1,1284
W5,A28MFLSWATYZ74,7280,2,368
W5,A28MFLSWATYZ74,7280,3,3127
W5,A152I1BISLYNP9,812,0,88
W5,A152I1BISLYNP9,812,1,174
W5,A3S96B2GBP04N2,16522,0,92
W5,A3S96B2GBP04N2,16522,1,2450
W5,A3S96B2GBP04N2,16522,2,3389
W5,AXMJ7BYYBVCEG,21997,0,586
W5,AXMJ7BYYBVCEG,21997,1,93
W5,AXMJ7BYYBVCEG,21997,2,3774
W5,A2QXZOXHI71VGX,10374,0,97
W5,A2QXZOXHI71VGX,10374,1,2776
W5,A2QXZOXHI71VGX,10374,2,96
W5,A34JHV8H3NA8T1,12607,0,99
W5,A34JHV8H3NA8T1,12607,1,3292
W5,A34JHV8H3NA8T1,12607,2,3799
W5,AZW9UD7Z7J0WL,22339,0,316
W5,AZW9UD7Z7J0WL,22339,1,2140
W5,AZW9UD7Z7J0WL,22339,2,1287
W5,AZW9UD7Z7J0WL,22339,3,3645
W5,AZW9UD7Z7J0WL,22339,4,4873
W5,AZW9UD7Z7J0WL,22339,5,99
W5,AZW9UD7Z7J0WL,22339,6,102
W5,AZW9UD7Z7J0WL,22339,7,4852
W5,A2JED4KXRSWSA,9060,0,524
W5,A2JED4KXRSWSA,9060,1,99
W5,A105TOJ6LTVMBG,65,0,1926
W5,A105TOJ6LTVMBG,65,1,102
W5,A32DYU82G6X3AO,12244,0,1449
W5,A32DYU82G6X3AO,12244,1,3692
W5,A32DYU82G6X3AO,12244,2,109
W5,A3SXKZ1Y3SGW3Q,16634,0,112
W5,A3SXKZ1Y3SGW3Q,16634,1,208
W5,A3SXKZ1Y3SGW3Q,16634,2,1309
W5,A3SXKZ1Y3SGW3Q,16634,3,166
W5,A3SXKZ1Y3SGW3Q,16634,4,1456
W5,A3SXKZ1Y3SGW3Q,16634,5,1256
W5,A2J8289OOT5DE4,9036,0,113
W5,A2J8289OOT5DE4,9036,1,4678
W5,A2NNVSQC49IDHO,9826,0,113
W5,A3JCWGHCVC2ZNF,15044,0,2341
W5,A3JCWGHCVC2ZNF,15044,1,4270
W5,A3JCWGHCVC2ZNF,15044,2,113
W5,A375NF45A1MDWI,13017,0,2419
W5,A375NF45A1MDWI,13017,1,121
W5,A375NF45A1MDWI,13017,2,4150
W5,A3KILLZE5EUFH0,15231,0,122
W5,A2RM9L2MM9EQVE,10458,0,123
W5,A2RM9L2MM9EQVE,10458,1,2316
W5,A2NIK7KXCZQIB,9800,0,1558
W5,A2NIK7KXCZQIB,9800,1,1138
W5,A2NIK7KXCZQIB,9800,2,2647
W5,A2NIK7KXCZQIB,9800,3,3650
W5,A2NIK7KXCZQIB,9800,4,123
W5,A2NIK7KXCZQIB,9800,5,425
W5,A2NIK7KXCZQIB,9800,6,3724
W5,A1HOLE9R6WPT85,2836,0,2299
W5,A1HOLE9R6WPT85,2836,1,1449
W5,A1HOLE9R6WPT85,2836,2,123
W5,A2VE6SK7QL5YF1,11107,0,1200
W5,A2VE6SK7QL5YF1,11107,1,2027
W5,A2VE6SK7QL5YF1,11107,2,3343
W5,A2VE6SK7QL5YF1,11107,3,123
W5,A2VE6SK7QL5YF1,11107,4,529
W5,A27TQA0XCZUXZY,7154,0,125
W5,A27TQA0XCZUXZY,7154,1,129
W5,AE1NZKPRD1GCV,18819,0,126
W5,AQJ6FUQ7BLW3A,20852,0,1182
W5,AQJ6FUQ7BLW3A,20852,1,3854
W5,AQJ6FUQ7BLW3A,20852,2,1883
W5,AQJ6FUQ7BLW3A,20852,3,3176
W5,AQJ6FUQ7BLW3A,20852,4,1884
W5,AQJ6FUQ7BLW3A,20852,5,127
W5,AQJ6FUQ7BLW3A,20852,6,7432
W5,AQJ6FUQ7BLW3A,20852,7,1729
W5,AVP1NL6GYMVR,21682,0,127
W5,APRP13R64IG34,20738,0,128
W5,A3U140NC6B83V7,16827,0,129
W5,A3MFU0GVZUVH3K,15535,0,1773
W5,A3MFU0GVZUVH3K,15535,1,131
W5,A35BGD8XP0NT0J,12738,0,134
W5,A3SJ9XS2JP8X0L,16577,0,134
W5,A11B8JNLONAAPU,245,0,138
W5,A1R1BFJCMWX0Y3,4353,0,3653
W5,A1R1BFJCMWX0Y3,4353,1,2027
W5,A1R1BFJCMWX0Y3,4353,2,2086
W5,A1R1BFJCMWX0Y3,4353,3,2941
W5,A1R1BFJCMWX0Y3,4353,4,138
W5,A1R1BFJCMWX0Y3,4353,5,3347
W5,A1R1BFJCMWX0Y3,4353,6,1261
W5,A1R1BFJCMWX0Y3,4353,7,4675
W5,A3CAWVLH3HEADC,13871,0,141
W5,A1SB9BNNGKNX2Z,4563,0,141
W5,A65UWTN0W4Z1E,17527,0,147
W5,A65UWTN0W4Z1E,17527,1,1281
W5,A65UWTN0W4Z1E,17527,2,2332
W5,ABL3PCYAQ1Y4C,18412,0,407
W5,ABL3PCYAQ1Y4C,18412,1,574
W5,ABL3PCYAQ1Y4C,18412,2,795
W5,ABL3PCYAQ1Y4C,18412,3,1073
W5,ABL3PCYAQ1Y4C,18412,4,147
W5,A5CDMTW6JKV5G,17406,0,1449
W5,A5CDMTW6JKV5G,17406,1,147
W5,A5CDMTW6JKV5G,17406,2,932
W5,ADEZOPMPKK146,18707,0,3878
W5,ADEZOPMPKK146,18707,1,3933
W5,ADEZOPMPKK146,18707,2,4678
W5,ADEZOPMPKK146,18707,3,147
W5,A3M3W5GV0HIQK4,15481,0,2054
W5,A3M3W5GV0HIQK4,15481,1,147
W5,A2CHH5U12THP2D,7942,0,2851
W5,A2CHH5U12THP2D,7942,1,147
W5,A2CHH5U12THP2D,7942,2,1449
W5,A39EZGVE8HIESM,13398,0,209
W5,A39EZGVE8HIESM,13398,1,151
W5,A39EZGVE8HIESM,13398,2,1250
W5,A39EZGVE8HIESM,13398,3,1447
W5,A39EZGVE8HIESM,13398,4,2334
W5,A39EZGVE8HIESM,13398,5,2068
W5,A39EZGVE8HIESM,13398,6,2058
W5,A39EZGVE8HIESM,13398,7,2993
W5,A39EZGVE8HIESM,13398,8,5044
W5,ACR4HKUT808U1,18611,0,1261
W5,ACR4HKUT808U1,18611,1,151
W5,ACR4HKUT808U1,18611,2,4148
W5,A2KXQGP0XVKAA9,9320,0,156
W5,AWPODHOB4GFWL,21836,0,157
W5,AWPODHOB4GFWL,21836,1,2144
W5,AWPODHOB4GFWL,21836,2,2419
W5,AWPODHOB4GFWL,21836,3,3181
W5,AWPODHOB4GFWL,21836,4,3555
W5,AWPODHOB4GFWL,21836,5,3636
W5,AWPODHOB4GFWL,21836,6,2876
W5,AWPODHOB4GFWL,21836,7,4675
W5,AWPODHOB4GFWL,21836,8,2562
W5,A1POFVVXUZR3IQ,4147,0,158
W5,A1POFVVXUZR3IQ,4147,1,1901
W5,A1POFVVXUZR3IQ,4147,2,3670
W5,A107VKWCI8SN8G,76,0,162
W5,A107VKWCI8SN8G,76,1,247
W5,A3VFYZCF4J7QUL,17051,0,164
W5,AYDEEM2BX0467,22115,0,166
W5,AYDEEM2BX0467,22115,1,1161
W5,AYDEEM2BX0467,22115,2,2731
W5,AYDEEM2BX0467,22115,3,5718
W5,AYDEEM2BX0467,22115,4,2340
W5,AYDEEM2BX0467,22115,5,2983
W5,AYDEEM2BX0467,22115,6,3913
W5,AYDEEM2BX0467,22115,7,2434
W5,AYDEEM2BX0467,22115,8,1412
W5,A3072VKAJZ18X0,11885,0,168
W5,A1WKQ94M45D8MG,5241,0,1449
W5,A1WKQ94M45D8MG,5241,1,172
W5,A1WKQ94M45D8MG,5241,2,860
W5,A1WKQ94M45D8MG,5241,3,3560
W5,A1WKQ94M45D8MG,5241,4,4049
W5,A1P2XYD265YE21,4040,0,173
W5,A1P2XYD265YE21,4040,1,257
W5,A1P2XYD265YE21,4040,2,1814
W5,ANFJYYQ0P35CW,20382,0,175
W5,ANFJYYQ0P35CW,20382,1,3817
W5,ANFJYYQ0P35CW,20382,2,4270
W5,ANFJYYQ0P35CW,20382,3,4675
W5,A3963R7EPE3A7E,13344,0,175
W5,A3963R7EPE3A7E,13344,1,4152
W5,A2FLS4R98UTQ4F,8431,0,175
W5,A2Y4S4CNGKF21S,11557,0,816
W5,A2Y4S4CNGKF21S,11557,1,5697
W5,A2Y4S4CNGKF21S,11557,2,2736
W5,A2Y4S4CNGKF21S,11557,3,4017
W5,A2Y4S4CNGKF21S,11557,4,176
W5,A2Y4S4CNGKF21S,11557,5,3817
W5,A2Y4S4CNGKF21S,11557,6,1943
W5,A2Y4S4CNGKF21S,11557,7,1412
W5,A2Y4S4CNGKF21S,11557,8,2270
W5,A2Y4S4CNGKF21S,11557,9,2846
W5,A2Y4S4CNGKF21S,11557,10,3466
W5,A2Y4S4CNGKF21S,11557,11,865
W5,A2Y4S4CNGKF21S,11557,12,5389
W5,A2Y4S4CNGKF21S,11557,13,7698
W5,A2Y4S4CNGKF21S,11557,14,3910
W5,A2Y4S4CNGKF21S,11557,15,2896
W5,A2Y4S4CNGKF21S,11557,16,5102
W5,A2Y4S4CNGKF21S,11557,17,4302
W5,A28NETRZZGNQNN,7287,0,176
W5,A28NETRZZGNQNN,7287,1,177
W5,A28NETRZZGNQNN,7287,2,745
W5,A28NETRZZGNQNN,7287,3,3948
W5,A28NETRZZGNQNN,7287,4,4868
W5,AP4VG9W2PZRCB,20646,0,1403
W5,AP4VG9W2PZRCB,20646,1,3660
W5,AP4VG9W2PZRCB,20646,2,176
W5,AP4VG9W2PZRCB,20646,3,446
W5,AP4VG9W2PZRCB,20646,4,3365
W5,AP4VG9W2PZRCB,20646,5,3603
W5,AP4VG9W2PZRCB,20646,6,3962
W5,A1J2UNYVO9G9JV,3078,0,3935
W5,A1J2UNYVO9G9JV,3078,1,1619
W5,A1J2UNYVO9G9JV,3078,2,2314
W5,A1J2UNYVO9G9JV,3078,3,178
W5,A1J2UNYVO9G9JV,3078,4,3718
W5,A1J2UNYVO9G9JV,3078,5,2139
W5,A1YPM4GCO8I1W1,5623,0,179
W5,A1YPM4GCO8I1W1,5623,1,2066
W5,A34930YXVQ8SUT,12550,0,180
W5,A34930YXVQ8SUT,12550,1,3767
W5,A34930YXVQ8SUT,12550,2,1165
W5,A34930YXVQ8SUT,12550,3,1164
W5,A17W4YG9W016T1,1257,0,180
W5,A17W4YG9W016T1,1257,1,2144
W5,A17W4YG9W016T1,1257,2,3682
W5,A17W4YG9W016T1,1257,3,740
W5,A17W4YG9W016T1,1257,4,3858
W5,AW3VZ5O895LRK,21748,0,290
W5,AW3VZ5O895LRK,21748,1,181
W5,A2AWPV7WOEAI7J,7671,0,181
W5,A2AWPV7WOEAI7J,7671,1,193
W5,A2TIDIWHQSFELX,10789,0,3602
W5,A2TIDIWHQSFELX,10789,1,183
W5,A2TIDIWHQSFELX,10789,2,1707
W5,A2TIDIWHQSFELX,10789,3,1943
W5,A2TIDIWHQSFELX,10789,4,3288
W5,A2TIDIWHQSFELX,10789,5,3948
W5,A3NLJZI5NEOT0K,15718,0,184
W5,A15DMAQKO3I0PX,853,0,189
W5,A15DMAQKO3I0PX,853,1,191
W5,A15DMAQKO3I0PX,853,2,208
W5,A15DMAQKO3I0PX,853,3,1161
W5,A2T8M8ITZ3CDAV,10744,0,208
W5,A2T8M8ITZ3CDAV,10744,1,189
W5,A2T8M8ITZ3CDAV,10744,2,687
W5,A3C2MBQAEBG41T,13835,0,190
W5,A3TI72JU2R64GY,16734,0,1161
W5,A3TI72JU2R64GY,16734,1,191
W5,A3TI72JU2R64GY,16734,2,687
W5,A3TI72JU2R64GY,16734,3,4331
W5,A3TI72JU2R64GY,16734,4,208
W5,A3TI72JU2R64GY,16734,5,4046
W5,A3TI72JU2R64GY,16734,6,1306
W5,A3TI72JU2R64GY,16734,7,559
W5,A3TI72JU2R64GY,16734,8,2806
W5,A3HOPGYV7BPODS,14773,0,191
W5,A3HOPGYV7BPODS,14773,1,619
W5,A3HOPGYV7BPODS,14773,2,1932
W5,A3HOPGYV7BPODS,14773,3,2534
W5,A3HOPGYV7BPODS,14773,4,407
W5,A3HOPGYV7BPODS,14773,5,2029
W5,A3HOPGYV7BPODS,14773,6,2810
W5,A383XURHVF8ON6,13163,0,191
W5,A383XURHVF8ON6,13163,1,3767
W5,A383XURHVF8ON6,13163,2,1441
W5,A383XURHVF8ON6,13163,3,1200
W5,A383XURHVF8ON6,13163,4,892
W5,A383XURHVF8ON6,13163,5,3762
W5,A1HZU8N6KBOAQJ,2885,0,191
W5,A2VHF835RYMGYF,11124,0,1583
W5,A2VHF835RYMGYF,11124,1,194
W5,AMZCZBK1EF1PV,20300,0,195
W5,A2N1CJX2EFPNPC,9712,0,195
W5,A1VMDTL4BUAYX3,5074,0,199
W5,A2UK12WUCO2BCP,10954,0,206
W5,A2UK12WUCO2BCP,10954,1,4181
W5,A2UK12WUCO2BCP,10954,2,1446
W5,A1AZMG0QGCB23K,1781,0,2853
W5,A1AZMG0QGCB23K,1781,1,206
W5,A1BXO6O4TLXBI9,1932,0,208
W5,A1BXO6O4TLXBI9,1932,1,687
W5,A1BXO6O4TLXBI9,1932,2,1773
W5,A1BXO6O4TLXBI9,1932,3,3845
W5,A1BXO6O4TLXBI9,1932,4,2829
W5,A3IOCPLIMYDBCD,14916,0,1058
W5,A3IOCPLIMYDBCD,14916,1,1261
W5,A3IOCPLIMYDBCD,14916,2,920
W5,A3IOCPLIMYDBCD,14916,3,4152
W5,A3IOCPLIMYDBCD,14916,4,4051
W5,A3IOCPLIMYDBCD,14916,5,3951
W5,A3IOCPLIMYDBCD,14916,6,4084
W5,A3IOCPLIMYDBCD,14916,7,208
W5,A3IOCPLIMYDBCD,14916,8,4675
W5,ADV6I4D49FRUX,18791,0,2345
W5,ADV6I4D49FRUX,18791,1,2480
W5,ADV6I4D49FRUX,18791,2,208
W5,ADV6I4D49FRUX,18791,3,1976
W5,ADV6I4D49FRUX,18791,4,2596
W5,ADV6I4D49FRUX,18791,5,2659
W5,ADV6I4D49FRUX,18791,6,3240
W5,ADV6I4D49FRUX,18791,7,222
W5,ADV6I4D49FRUX,18791,8,1835
W5,ADV6I4D49FRUX,18791,9,2419
W5,ADV6I4D49FRUX,18791,10,3319
W5,A2T1F5LAWYYP63,10712,0,208
W5,A34X925PZPC3U7,12671,0,208
W5,A34X925PZPC3U7,12671,1,3390
W5,A34X925PZPC3U7,12671,2,3733
W5,A34X925PZPC3U7,12671,3,2647
W5,A2NXBJUC1F4X9C,9876,0,208
W5,A2NXBJUC1F4X9C,9876,1,1704
W5,A2NXBJUC1F4X9C,9876,2,1664
W5,AKJHHD5VEH7VG,19905,0,3181
W5,AKJHHD5VEH7VG,19905,1,3335
W5,AKJHHD5VEH7VG,19905,2,3465
W5,AKJHHD5VEH7VG,19905,3,3466
W5,AKJHHD5VEH7VG,19905,4,3555
W5,AKJHHD5VEH7VG,19905,5,3637
W5,AKJHHD5VEH7VG,19905,6,3559
W5,AKJHHD5VEH7VG,19905,7,3560
W5,AKJHHD5VEH7VG,19905,8,214
W5,AKJHHD5VEH7VG,19905,9,4152
W5,AKJHHD5VEH7VG,19905,10,4270
W5,AKJHHD5VEH7VG,19905,11,4051
W5,AKJHHD5VEH7VG,19905,12,4147
W5,A3EKC0CWQQRXPJ,14228,0,214
W5,A3EKC0CWQQRXPJ,14228,1,2067
W5,A3EKC0CWQQRXPJ,14228,2,4148
W5,A3EPHBMU07LZ50,14256,0,3555
W5,A3EPHBMU07LZ50,14256,1,214
W5,A3EPHBMU07LZ50,14256,2,4270
W5,A3EPHBMU07LZ50,14256,3,4007
W5,A3EPHBMU07LZ50,14256,4,4223
W5,A65JUQGWK4WPP,17525,0,3676
W5,A65JUQGWK4WPP,17525,1,216
W5,A65JUQGWK4WPP,17525,2,1157
W5,A31Z79VICOFHJD,12171,0,476
W5,A31Z79VICOFHJD,12171,1,1796
W5,A31Z79VICOFHJD,12171,2,216
W5,A31Z79VICOFHJD,12171,3,979
W5,A31Z79VICOFHJD,12171,4,985
W5,A31Z79VICOFHJD,12171,5,1223
W5,A31Z79VICOFHJD,12171,6,2214
W5,A31Z79VICOFHJD,12171,7,1126
W5,A31Z79VICOFHJD,12171,8,3435
W5,A31Z79VICOFHJD,12171,9,2019
W5,A31Z79VICOFHJD,12171,10,2024
W5,A31Z79VICOFHJD,12171,11,1911
W5,A34BZM6S9L7QI4,12571,0,218
W5,A3IL4YCLWGPRWJ,14904,0,218
W5,A3OA0HGD9OTX4,15839,0,219
W5,A3OA0HGD9OTX4,15839,1,2082
W5,A3OA0HGD9OTX4,15839,2,2084
W5,A2QH6LESI5RTO5,10292,0,224
W5,A36B7TZNERS5IW,12891,0,228
W5,A36B7TZNERS5IW,12891,1,939
W5,A36B7TZNERS5IW,12891,2,4017
W5,ATT0WWCICZUWD,21379,0,228
W5,AY3XPKRAMKKY7,22072,0,229
W5,AY3XPKRAMKKY7,22072,1,4876
W5,A23HHNN2TTB161,6434,0,3533
W5,A23HHNN2TTB161,6434,1,229
W5,A23HHNN2TTB161,6434,2,678
W5,A3SXVPZEPNBNKB,16639,0,231
W5,AJRAAKOGNETOF,19780,0,233
W5,A1X8BQQGCEHQ1V,5365,0,1261
W5,A1X8BQQGCEHQ1V,5365,1,234
W5,A2LEKGDMA22WV3,9408,0,234
W5,A2FI48NT11SEHF,8417,0,234
W5,A1R6DKN9YQ2YU1,4375,0,2113
W5,A1R6DKN9YQ2YU1,4375,1,234
W5,AHORQHU4L250J,19425,0,234
W5,A1PH2LT1Y9AREZ,4107,0,234
W5,A1CRT2UI0YIOQN,2067,0,237
W5,ABV1JC6265KCL,18465,0,1412
W5,ABV1JC6265KCL,18465,1,240
W5,ABV1JC6265KCL,18465,2,1850
W5,ABV1JC6265KCL,18465,3,790
W5,ABV1JC6265KCL,18465,4,4755
W5,ABV1JC6265KCL,18465,5,1574
W5,A27E9PE8E99MC0,7086,0,240
W5,A27E9PE8E99MC0,7086,1,241
W5,A3K1GN4LT8KU7S,15153,0,240
W5,A2Q8QBZN6IQ3GM,10260,0,240
W5,A2I85TDI7XF3C3,8875,0,247
W5,A2I85TDI7XF3C3,8875,1,3849
W5,A2CHTRYAGL7P04,7948,0,251
W5,A91BK8S5QH98K,18000,0,255
W5,A91BK8S5QH98K,18000,1,463
W5,AHQRU3MRORIWQ,19435,0,3657
W5,AHQRU3MRORIWQ,19435,1,255
W5,AHQRU3MRORIWQ,19435,2,261
W5,AHQRU3MRORIWQ,19435,3,4024
W5,A1Q5MOM83O5GXW,4216,0,255
W5,AYY4J0ELNWQPT,22198,0,256
W5,A22B13EJTZKCTM,6224,0,257
W5,A22B13EJTZKCTM,6224,1,295
W5,A22B13EJTZKCTM,6224,2,3817
W5,A22B13EJTZKCTM,6224,3,4024
W5,A22B13EJTZKCTM,6224,4,4321
W5,AGGAQLXPVGM5D,19240,0,259
W5,AGGAQLXPVGM5D,19240,1,1089
W5,A2OIX4KBD3FVC5,9967,0,1729
W5,A2OIX4KBD3FVC5,9967,1,261
W5,A2OIX4KBD3FVC5,9967,2,1535
W5,A2OIX4KBD3FVC5,9967,3,2719
W5,AZJFLPEG7D09G,22294,0,261
W5,A18NS2LFYCLOTH,1396,0,1261
W5,A18NS2LFYCLOTH,1396,1,4152
W5,A18NS2LFYCLOTH,1396,2,261
W5,A18NS2LFYCLOTH,1396,3,4148
W5,A18NS2LFYCLOTH,1396,4,4040
W5,A18NS2LFYCLOTH,1396,5,4372
W5,A18NS2LFYCLOTH,1396,6,1204
W5,A1JXY9I578VQ3O,3215,0,263
W5,A3D67RW8GXT8ZS,13994,0,1276
W5,A3D67RW8GXT8ZS,13994,1,1277
W5,A3D67RW8GXT8ZS,13994,2,264
W5,A14HFIYSNZ4VZC,714,0,265
W5,A14HFIYSNZ4VZC,714,1,1448
W5,A3UR5X5T3YA1D5,16941,0,799
W5,A3UR5X5T3YA1D5,16941,1,1899
W5,A3UR5X5T3YA1D5,16941,2,1903
W5,A3UR5X5T3YA1D5,16941,3,714
W5,A3UR5X5T3YA1D5,16941,4,267
W5,A34NYF27GCB1AL,12629,0,1677
W5,A34NYF27GCB1AL,12629,1,267
W5,A2UBTMZRMMIVKB,10912,0,267
W5,A2UBTMZRMMIVKB,10912,1,3130
W5,A2UBTMZRMMIVKB,10912,2,2060
W5,A1WX42M589VAMQ,5303,0,2193
W5,A1WX42M589VAMQ,5303,1,1164
W5,A1WX42M589VAMQ,5303,2,3419
W5,A1WX42M589VAMQ,5303,3,3862
W5,A1WX42M589VAMQ,5303,4,267
W5,A1WX42M589VAMQ,5303,5,2901
W5,A1WX42M589VAMQ,5303,6,403
W5,A1WX42M589VAMQ,5303,7,4805
W5,A1WX42M589VAMQ,5303,8,3338
W5,A1WX42M589VAMQ,5303,9,5106
W5,A1WX42M589VAMQ,5303,10,5104
W5,A1WX42M589VAMQ,5303,11,4810
W5,A6T1RHMQ9NSE4,17626,0,651
W5,A6T1RHMQ9NSE4,17626,1,3248
W5,A6T1RHMQ9NSE4,17626,2,2329
W5,A6T1RHMQ9NSE4,17626,3,2067
W5,A6T1RHMQ9NSE4,17626,4,4675
W5,A6T1RHMQ9NSE4,17626,5,267
W5,A2KQ9FU7M6IX2X,9279,0,2610
W5,A2KQ9FU7M6IX2X,9279,1,658
W5,A2KQ9FU7M6IX2X,9279,2,1194
W5,A2KQ9FU7M6IX2X,9279,3,3383
W5,A2KQ9FU7M6IX2X,9279,4,267
W5,A2KQ9FU7M6IX2X,9279,5,2011
W5,AEO0814DBMGN4,18949,0,275
W5,AEO0814DBMGN4,18949,1,1793
W5,A28GX1L3BBZHY3,7257,0,1457
W5,A28GX1L3BBZHY3,7257,1,285
W5,A28GX1L3BBZHY3,7257,2,4153
W5,A28GX1L3BBZHY3,7257,3,4012
W5,A28GX1L3BBZHY3,7257,4,3683
W5,A6PEVIADZSFGE,17614,0,288
W5,A1MO7ERE6X74JE,3644,0,290
W5,A1MO7ERE6X74JE,3644,1,2148
W5,A131T9NLMRGSYT,501,0,290
W5,AOEUN9718KVRD,20540,0,2152
W5,AOEUN9718KVRD,20540,1,1561
W5,AOEUN9718KVRD,20540,2,293
W5,AOEUN9718KVRD,20540,3,299
W5,AOEUN9718KVRD,20540,4,1538
W5,AOEUN9718KVRD,20540,5,4026
W5,AOEUN9718KVRD,20540,6,3938
W5,AOEUN9718KVRD,20540,7,467
W5,A12DQZKRKTNF5E,393,0,3555
W5,A12DQZKRKTNF5E,393,1,3637
W5,A12DQZKRKTNF5E,393,2,294
W5,A12DQZKRKTNF5E,393,3,5389
W5,A12DQZKRKTNF5E,393,4,1648
W5,A12DQZKRKTNF5E,393,5,1727
W5,A12DQZKRKTNF5E,393,6,4270
W5,A3AUIEYL3Z9QNK,13624,0,311
W5,A3AUIEYL3Z9QNK,13624,1,507
W5,A3AUIEYL3Z9QNK,13624,2,1348
W5,A3AUIEYL3Z9QNK,13624,3,1356
W5,AJ5247U67E5HB,19681,0,3807
W5,AJ5247U67E5HB,19681,1,311
W5,AJ5247U67E5HB,19681,2,1852
W5,A26D03RF4FZIOJ,6914,0,311
W5,A2I3ZPGFLQ1AP6,8855,0,311
W5,A28HBJOYP6BL62,7259,0,1519
W5,A28HBJOYP6BL62,7259,1,325
W5,A2PU80LCKRMC9X,10196,0,3667
W5,A2PU80LCKRMC9X,10196,1,328
W5,A2PU80LCKRMC9X,10196,2,4168
W5,A1DC1O4VX6AHPP,2140,0,2810
W5,A1DC1O4VX6AHPP,2140,1,328
W5,A1DC1O4VX6AHPP,2140,2,4051
W5,A1DC1O4VX6AHPP,2140,3,3951
W5,A131LAUB7RPS11,499,0,330
W5,A31P9QGDFKDJKM,12125,0,332
W5,A329LIA43YSDP1,12222,0,335
W5,A3JOBJLIXNXKZV,15102,0,335
W5,A27SN7E55WMSQA,7151,0,342
W5,A27SN7E55WMSQA,7151,1,3278
W5,A27SN7E55WMSQA,7151,2,3510
W5,A27SN7E55WMSQA,7151,3,1127
W5,A35V32HZEGZH04,12817,0,345
W5,A2701UXI8QGRHE,7011,0,1056
W5,A2701UXI8QGRHE,7011,1,2813
W5,A2701UXI8QGRHE,7011,2,2125
W5,A2701UXI8QGRHE,7011,3,2722
W5,A2701UXI8QGRHE,7011,4,5508
W5,A2701UXI8QGRHE,7011,5,347
W5,A2A9JZVY6M383F,7557,0,1942
W5,A2A9JZVY6M383F,7557,1,1943
W5,A2A9JZVY6M383F,7557,2,354
W5,A2A9JZVY6M383F,7557,3,2476
W5,A2A9JZVY6M383F,7557,4,4873
W5,A2A9JZVY6M383F,7557,5,1128
W5,A2A9JZVY6M383F,7557,6,3141
W5,A2A9JZVY6M383F,7557,7,407
W5,A3B1ELLXA5D2JP,13664,0,1975
W5,A3B1ELLXA5D2JP,13664,1,2479
W5,A3B1ELLXA5D2JP,13664,2,1882
W5,A3B1ELLXA5D2JP,13664,3,358
W5,A3B1ELLXA5D2JP,13664,4,3603
W5,A1OJ8QBNSBR28I,3962,0,362
W5,A1OJ8QBNSBR28I,3962,1,1126
W5,AHRNDSKWH1YBT,19441,0,365
W5,AHRNDSKWH1YBT,19441,1,956
W5,AHRNDSKWH1YBT,19441,2,4039
W5,AHRNDSKWH1YBT,19441,3,4678
W5,A20ZDOWS0B6N93,6001,0,366
W5,A20ZDOWS0B6N93,6001,1,2434
W5,A20ZDOWS0B6N93,6001,2,2452
W5,A20ZDOWS0B6N93,6001,3,5290
W5,AWIU9KQ2NOWV8,21815,0,366
W5,A1JMR1N9NBYJ1X,3171,0,366
W5,A1JMR1N9NBYJ1X,3171,1,3182
W5,A1PITQIJO2I9BZ,4117,0,368
W5,A3FBMSWBJ202SF,14353,0,368
W5,A3FBMSWBJ202SF,14353,1,2336
W5,A3FBMSWBJ202SF,14353,2,4049
W5,A3FBMSWBJ202SF,14353,3,4147
W5,A3FBMSWBJ202SF,14353,4,4675
W5,A37Z843SR49K8P,13149,0,368
W5,A37Z843SR49K8P,13149,1,529
W5,A2JKR2KYQ9QC8X,9093,0,3338
W5,A2JKR2KYQ9QC8X,9093,1,3913
W5,A2JKR2KYQ9QC8X,9093,2,1543
W5,A2JKR2KYQ9QC8X,9093,3,368
W5,A2JKR2KYQ9QC8X,9093,4,2027
W5,A2JKR2KYQ9QC8X,9093,5,2028
W5,A2JKR2KYQ9QC8X,9093,6,831
W5,A2JKR2KYQ9QC8X,9093,7,2430
W5,A2JKR2KYQ9QC8X,9093,8,3407
W5,A2JKR2KYQ9QC8X,9093,9,745
W5,A18LBGL7L9FEZV,1386,0,368
W5,A3FKPBNI7UWQFW,14396,0,368
W5,A3FKPBNI7UWQFW,14396,1,2029
W5,A3FKPBNI7UWQFW,14396,2,811
W5,A3FKPBNI7UWQFW,14396,3,2377
W5,A1WT3WVA0IJ5OO,5290,0,369
W5,A333UXNQ3YMWLP,12347,0,370
W5,AM1MOTGCVKHWP,20127,0,1272
W5,AM1MOTGCVKHWP,20127,1,371
W5,AM1MOTGCVKHWP,20127,2,1350
W5,A357DQ9I5ODEM6,12721,0,744
W5,A357DQ9I5ODEM6,12721,1,371
W5,A357DQ9I5ODEM6,12721,2,6905
W5,A357DQ9I5ODEM6,12721,3,3591
W5,AHK6FJP078EXJ,19407,0,378
W5,A1ZZR25X0CNOJX,5840,0,382
W5,A1ZZR25X0CNOJX,5840,1,3877
W5,A1ZZR25X0CNOJX,5840,2,1071
W5,A1ZZR25X0CNOJX,5840,3,4051
W5,A1ZZR25X0CNOJX,5840,4,3663
W5,A1ZZR25X0CNOJX,5840,5,4040
W5,A1ZZR25X0CNOJX,5840,6,2247
W5,A26MCZ257RX1RZ,6958,0,383
W5,A1645OHG1L9K34,973,0,383
W5,A1645OHG1L9K34,973,1,2451
W5,A1645OHG1L9K34,973,2,429
W5,A1645OHG1L9K34,973,3,909
W5,A1645OHG1L9K34,973,4,1925
W5,A1645OHG1L9K34,973,5,1177
W5,A1645OHG1L9K34,973,6,3282
W5,A1645OHG1L9K34,973,7,3283
W5,A1645OHG1L9K34,973,8,1270
W5,A1645OHG1L9K34,973,9,559
W5,A3091RP0SPZLMN,11895,0,2321
W5,A3091RP0SPZLMN,11895,1,4147
W5,A3091RP0SPZLMN,11895,2,4809
W5,A3091RP0SPZLMN,11895,3,4243
W5,A3091RP0SPZLMN,11895,4,4840
W5,A3091RP0SPZLMN,11895,5,2530
W5,A3091RP0SPZLMN,11895,6,384
W5,A3091RP0SPZLMN,11895,7,5083
W5,AE4PE48Q2794I,18839,0,1729
W5,AE4PE48Q2794I,18839,1,1609
W5,AE4PE48Q2794I,18839,2,559
W5,AE4PE48Q2794I,18839,3,3839
W5,AE4PE48Q2794I,18839,4,3101
W5,AE4PE48Q2794I,18839,5,386
W5,AE4PE48Q2794I,18839,6,720
W5,AEL6CQNQXONBX,18934,0,387
W5,AEL6CQNQXONBX,18934,1,684
W5,AEL6CQNQXONBX,18934,2,725
W5,A165SAZZONY1P4,984,0,388
W5,A165SAZZONY1P4,984,1,4949
W5,A3GCCN24X9V0WY,14530,0,388
W5,AXA18NMFFLCDW,21937,0,389
W5,AXA18NMFFLCDW,21937,1,6905
W5,A4B3AF0RAC2N4,17228,0,1699
W5,A4B3AF0RAC2N4,17228,1,1598
W5,A4B3AF0RAC2N4,17228,2,389
W5,A4B3AF0RAC2N4,17228,3,1661
W5,A3EYDVFQ36WMK,14292,0,389
W5,A3EYDVFQ36WMK,14292,1,2741
W5,A3EYDVFQ36WMK,14292,2,3313
W5,A3EYDVFQ36WMK,14292,3,390
W5,A3EYDVFQ36WMK,14292,4,3377
W5,A2X3ZCTZ6PUHMC,11386,0,389
W5,A2X3ZCTZ6PUHMC,11386,1,3559
W5,A2X3ZCTZ6PUHMC,11386,2,4024
W5,A2PN65B6BSTIYZ,10162,0,390
W5,A2PN65B6BSTIYZ,10162,1,843
W5,A2PN65B6BSTIYZ,10162,2,406
W5,A2PN65B6BSTIYZ,10162,3,3560
W5,A26CZB9RL9K68Y,6913,0,3484
W5,A26CZB9RL9K68Y,6913,1,390
W5,A26CZB9RL9K68Y,6913,2,424
W5,A26CZB9RL9K68Y,6913,3,1195
W5,A26CZB9RL9K68Y,6913,4,2122
W5,A26CZB9RL9K68Y,6913,5,3855
W5,A2OUCP7JHXG9P9,10024,0,390
W5,A2OUCP7JHXG9P9,10024,1,1284
W5,A2OUCP7JHXG9P9,10024,2,1417
W5,A1EGBDWPO63RJN,2309,0,1595
W5,A1EGBDWPO63RJN,2309,1,393
W5,A1EGBDWPO63RJN,2309,2,1075
W5,A1QZLAWRSQSVJ2,4348,0,3206
W5,A1QZLAWRSQSVJ2,4348,1,1081
W5,A1QZLAWRSQSVJ2,4348,2,403
W5,A1QZLAWRSQSVJ2,4348,3,407
W5,A1QZLAWRSQSVJ2,4348,4,394
W5,A1QZLAWRSQSVJ2,4348,5,3487
W5,A1QZLAWRSQSVJ2,4348,6,4215
W5,A1QZLAWRSQSVJ2,4348,7,2612
W5,A1QZLAWRSQSVJ2,4348,8,2345
W5,A2P41N931ZRY13,10072,0,397
W5,A2P41N931ZRY13,10072,1,398
W5,A2P41N931ZRY13,10072,2,784
W5,A2P41N931ZRY13,10072,3,1023
W5,A2P41N931ZRY13,10072,4,1150
W5,A2P41N931ZRY13,10072,5,1423
W5,A2P41N931ZRY13,10072,6,1950
W5,A2P41N931ZRY13,10072,7,2401
W5,A1Z77BZWQTRIBM,5716,0,403
W5,A1Z77BZWQTRIBM,5716,1,2263
W5,A29VLCEX4H88L6,7496,0,403
W5,A29VLCEX4H88L6,7496,1,1955
W5,A29VLCEX4H88L6,7496,2,799
W5,A29VLCEX4H88L6,7496,3,1144
W5,AEY9R59KIYLA3,18980,0,404
W5,AEY9R59KIYLA3,18980,1,3182
W5,A1OXTTV2RHYF3X,4021,0,407
W5,A1OXTTV2RHYF3X,4021,1,4142
W5,A1NZM2O1PVXB1V,3866,0,9661
W5,A1NZM2O1PVXB1V,3866,1,407
W5,A1NZM2O1PVXB1V,3866,2,3751
W5,A2VV4JWNKCQHF0,11188,0,1518
W5,A2VV4JWNKCQHF0,11188,1,407
W5,A2VV4JWNKCQHF0,11188,2,1374
W5,A2VV4JWNKCQHF0,11188,3,4196
W5,A2VV4JWNKCQHF0,11188,4,3666
W5,A2VV4JWNKCQHF0,11188,5,4271
W5,A2VV4JWNKCQHF0,11188,6,4081
W5,A2VV4JWNKCQHF0,11188,7,751
W5,AFTMZS0VB5R2I,19127,0,3466
W5,AFTMZS0VB5R2I,19127,1,1204
W5,AFTMZS0VB5R2I,19127,2,2341
W5,AFTMZS0VB5R2I,19127,3,407
W5,AFTMZS0VB5R2I,19127,4,2359
W5,AFTMZS0VB5R2I,19127,5,6905
W5,ADKDP8JNXLIU3,18734,0,407
W5,A3CK3PHE66FYIQ,13903,0,407
W5,ANQT62LQHB4SH,20434,0,407
W5,ADLKEYA320P5G,18743,0,407
W5,ADLKEYA320P5G,18743,1,559
W5,A33GQ2H0PPNUN8,12424,0,2110
W5,A33GQ2H0PPNUN8,12424,1,2144
W5,A33GQ2H0PPNUN8,12424,2,2171
W5,A33GQ2H0PPNUN8,12424,3,3666
W5,A33GQ2H0PPNUN8,12424,4,407
W5,A33GQ2H0PPNUN8,12424,5,3389
W5,A33GQ2H0PPNUN8,12424,6,7443
W5,A3H08VUFKT5DIK,14653,0,407
W5,A1C21QBAZ1W4Z2,1958,0,407
W5,A1C21QBAZ1W4Z2,1958,1,1261
W5,AIC1TSN5I738W,19532,0,407
W5,AIC1TSN5I738W,19532,1,1975
W5,A2L0PWQYCJU4HZ,9333,0,407
W5,A2L0PWQYCJU4HZ,9333,1,1653
W5,A2L0PWQYCJU4HZ,9333,2,571
W5,A2L0PWQYCJU4HZ,9333,3,3529
W5,A3ABLNIX9XZOOZ,13532,0,407
W5,A3ABLNIX9XZOOZ,13532,1,2238
W5,A3ABLNIX9XZOOZ,13532,2,1942
W5,A3ABLNIX9XZOOZ,13532,3,1705
W5,A23Z9V2S6O1YUE,6512,0,407
W5,A23Z9V2S6O1YUE,6512,1,1284
W5,A3R9H6OKZHHRJD,16346,0,418
W5,A3R9H6OKZHHRJD,16346,1,1544
W5,A3R9H6OKZHHRJD,16346,2,2451
W5,A3R9H6OKZHHRJD,16346,3,2505
W5,A3R9H6OKZHHRJD,16346,4,1432
W5,A3R9H6OKZHHRJD,16346,5,3097
W5,A3R9H6OKZHHRJD,16346,6,1422
W5,A3R9H6OKZHHRJD,16346,7,2313
W5,A3R9H6OKZHHRJD,16346,8,1052
W5,A3R9H6OKZHHRJD,16346,9,408
W5,A3R9H6OKZHHRJD,16346,10,3835
W5,A3R9H6OKZHHRJD,16346,11,3100
W5,A3R9H6OKZHHRJD,16346,12,3099
W5,A3R9H6OKZHHRJD,16346,13,1757
W5,A207275AVUSNE3,5882,0,2308
W5,A207275AVUSNE3,5882,1,1540
W5,A207275AVUSNE3,5882,2,3099
W5,A207275AVUSNE3,5882,3,415
W5,A207275AVUSNE3,5882,4,2032
W5,A3G60WH3G0RC04,14491,0,5118
W5,A3G60WH3G0RC04,14491,1,415
W5,A3G60WH3G0RC04,14491,2,417
W5,A3G60WH3G0RC04,14491,3,1751
W5,A93I0K0DZ9CU4,18008,0,417
W5,A93I0K0DZ9CU4,18008,1,2035
W5,A3JYAPO496COOF,15141,0,418
W5,A3JYAPO496COOF,15141,1,3101
W5,A3JYAPO496COOF,15141,2,3181
W5,AS44QEHT3KSPK,21102,0,421
W5,AS44QEHT3KSPK,21102,1,1165
W5,AS44QEHT3KSPK,21102,2,2113
W5,AS44QEHT3KSPK,21102,3,3248
W5,AS44QEHT3KSPK,21102,4,3559
W5,AS44QEHT3KSPK,21102,5,3817
W5,AS44QEHT3KSPK,21102,6,1261
W5,AS44QEHT3KSPK,21102,7,4024
W5,AS44QEHT3KSPK,21102,8,4152
W5,AS44QEHT3KSPK,21102,9,3951
W5,AS44QEHT3KSPK,21102,10,4151
W5,AS44QEHT3KSPK,21102,11,4675
W5,A1194J1H29WSV,239,0,423
W5,A1194J1H29WSV,239,1,3376
W5,A1194J1H29WSV,239,2,1907
W5,A1194J1H29WSV,239,3,4570
W5,A1QBOC76MIOJYP,4240,0,1773
W5,A1QBOC76MIOJYP,4240,1,3794
W5,A1QBOC76MIOJYP,4240,2,3737
W5,A1QBOC76MIOJYP,4240,3,1283
W5,A1QBOC76MIOJYP,4240,4,1595
W5,A1QBOC76MIOJYP,4240,5,4150
W5,A1QBOC76MIOJYP,4240,6,4677
W5,A1QBOC76MIOJYP,4240,7,3795
W5,A1QBOC76MIOJYP,4240,8,424
W5,A1QBOC76MIOJYP,4240,9,4678
W5,AFNE6AFYU3ZVD,19098,0,425
W5,A2DTZUZK9YRJVK,8167,0,425
W5,A84O215CIZY6W,17843,0,428
W5,A3M8R4JD1SIS76,15505,0,429
W5,A7Q3B3F0LOCU0,17768,0,430
W5,A7Q3B3F0LOCU0,17768,1,845
W5,A7Q3B3F0LOCU0,17768,2,2185
W5,A3L2KYOYDWSRPL,15313,0,431
W5,A3L2KYOYDWSRPL,15313,1,2113
W5,A3L2KYOYDWSRPL,15313,2,3559
W5,A3L2KYOYDWSRPL,15313,3,1261
W5,A3L2KYOYDWSRPL,15313,4,3114
W5,A3L2KYOYDWSRPL,15313,5,3878
W5,A3L2KYOYDWSRPL,15313,6,3898
W5,A3L2KYOYDWSRPL,15313,7,4148
W5,A3L2KYOYDWSRPL,15313,8,4677
W5,A3L2KYOYDWSRPL,15313,9,4150
W5,A3L2KYOYDWSRPL,15313,10,4270
W5,A3L2KYOYDWSRPL,15313,11,4152
W5,A1Q7A78VSQ5GQ4,4225,0,4049
W5,A1Q7A78VSQ5GQ4,4225,1,435
W5,A1Q7A78VSQ5GQ4,4225,2,3951
W5,A1Q7A78VSQ5GQ4,4225,3,4040
W5,A1Q7A78VSQ5GQ4,4225,4,687
W5,A1Q7A78VSQ5GQ4,4225,5,4675
W5,A1Q7A78VSQ5GQ4,4225,6,4678
W5,A1KT19TDP9VE63,3348,0,437
W5,A1ENSI55QM8A8N,2345,0,437
W5,AH1WO4RD371X,19327,0,437
W5,AW98FN4AAA4TA,21769,0,444
W5,AW98FN4AAA4TA,21769,1,4675
W5,A3HNADBFO4LTG,14765,0,2401
W5,A3HNADBFO4LTG,14765,1,444
W5,A3VEIONA2J9KND,17040,0,449
W5,A1V2KJE03N4AE1,4998,0,450
W5,A1V2KJE03N4AE1,4998,1,455
W5,A23KA66VAK9PUA,6444,0,452
W5,A23KA66VAK9PUA,6444,1,3405
W5,AEP0XAC6F8N2Y,18952,0,454
W5,AEP0XAC6F8N2Y,18952,1,3172
W5,A20J7OGEZ8UXUJ,5931,0,3781
W5,A20J7OGEZ8UXUJ,5931,1,3782
W5,A20J7OGEZ8UXUJ,5931,2,457
W5,A20J7OGEZ8UXUJ,5931,3,4868
W5,A2UJT1C0E0DWVQ,10953,0,2374
W5,A2UJT1C0E0DWVQ,10953,1,736
W5,A2UJT1C0E0DWVQ,10953,2,1752
W5,A2UJT1C0E0DWVQ,10953,3,2500
W5,A2UJT1C0E0DWVQ,10953,4,1487
W5,A2UJT1C0E0DWVQ,10953,5,463
W5,A2UJT1C0E0DWVQ,10953,6,1448
W5,A2UJT1C0E0DWVQ,10953,7,4617
W5,A2UJT1C0E0DWVQ,10953,8,2977
W5,ALWG3SEU5H8HV,20104,0,484
W5,A2R6RA8FRBS608,10404,0,485
W5,A2R6RA8FRBS608,10404,1,2299
W5,A2R6RA8FRBS608,10404,2,2362
W5,A2R6RA8FRBS608,10404,3,648
W5,A2R6RA8FRBS608,10404,4,3806
W5,A2R6RA8FRBS608,10404,5,4416
W5,A3P8WZ8E14G8SZ,15985,0,2538
W5,A3P8WZ8E14G8SZ,15985,1,489
W5,AJ8SVXL3SJN7T,19700,0,489
W5,AQF3D0KX5SFCM,20833,0,867
W5,AQF3D0KX5SFCM,20833,1,2140
W5,AQF3D0KX5SFCM,20833,2,2419
W5,AQF3D0KX5SFCM,20833,3,494
W5,ARJPOGZNRUIO,21024,0,497
W5,AD1115QTX1PHL,18662,0,497
W5,AYW1TGDCP2OK6,22188,0,497
W5,AYW1TGDCP2OK6,22188,1,4675
W5,A2A7KXM9B4XW90,7549,0,497
W5,A2O6NV2Y7DCMPG,9915,0,497
W5,A2O6NV2Y7DCMPG,9915,1,556
W5,A2O6NV2Y7DCMPG,9915,2,674
W5,A17O6HJ97XZTDV,1224,0,498
W5,A3GJRZ7FN51LMK,14572,0,501
W5,A5BJMAHZWGJ7N,17404,0,1677
W5,A5BJMAHZWGJ7N,17404,1,1877
W5,A5BJMAHZWGJ7N,17404,2,3817
W5,A5BJMAHZWGJ7N,17404,3,4024
W5,A5BJMAHZWGJ7N,17404,4,4574
W5,A5BJMAHZWGJ7N,17404,5,3011
W5,A5BJMAHZWGJ7N,17404,6,3282
W5,A5BJMAHZWGJ7N,17404,7,3283
W5,A5BJMAHZWGJ7N,17404,8,3070
W5,A5BJMAHZWGJ7N,17404,9,501
W5,A5BJMAHZWGJ7N,17404,10,1323
W5,A5BJMAHZWGJ7N,17404,11,4969
W5,A1R4XP76SOQGSD,4371,0,1327
W5,A1R4XP76SOQGSD,4371,1,986
W5,A1R4XP76SOQGSD,4371,2,2193
W5,A1R4XP76SOQGSD,4371,3,506
W5,A1R4XP76SOQGSD,4371,4,3389
W5,A1R4XP76SOQGSD,4371,5,4809
W5,A1R4XP76SOQGSD,4371,6,1666
W5,A6B9IVGREKNLZ,17550,0,507
W5,A1CGUP9ACXI6GB,2023,0,1677
W5,A1CGUP9ACXI6GB,2023,1,1233
W5,A1CGUP9ACXI6GB,2023,2,508
W5,A2OBDNQ5ZYU1L8,9933,0,514
W5,A1OVXBDHQGECYE,4015,0,515
W5,A1I74S70K74IJX,2919,0,518
W5,A1I74S70K74IJX,2919,1,640
W5,A1780V0MBZXNRR,1149,0,519
W5,A2RMXKAQCCHIEP,10464,0,522
W5,A2OL431SSAWXYG,9978,0,2590
W5,A2OL431SSAWXYG,9978,1,2755
W5,A2OL431SSAWXYG,9978,2,2950
W5,A2OL431SSAWXYG,9978,3,523
W5,A2OL431SSAWXYG,9978,4,1302
W5,APDBN7B8V7KPX,20683,0,529
W5,APDBN7B8V7KPX,20683,1,5393
W5,A3AYSYSLHU26U9,13654,0,1285
W5,A3AYSYSLHU26U9,13654,1,3555
W5,A3AYSYSLHU26U9,13654,2,3637
W5,A3AYSYSLHU26U9,13654,3,3636
W5,A3AYSYSLHU26U9,13654,4,4152
W5,A3AYSYSLHU26U9,13654,5,2067
W5,A3AYSYSLHU26U9,13654,6,4151
W5,A3AYSYSLHU26U9,13654,7,529
W5,A2ISD6V2APML9P,8970,0,529
W5,A3BG39N4UJDBQI,13725,0,529
W5,ADYR709YFUVPF,18803,0,529
W5,A2SXY96YC2J6VP,10686,0,531
W5,A2SXY96YC2J6VP,10686,1,8769
W5,A22VNXHU6IZ5MT,6328,0,531
W5,A22VNXHU6IZ5MT,6328,1,4039
W5,AJQDIT55SZ3ZX,19778,0,531
W5,AJQDIT55SZ3ZX,19778,1,1151
W5,AJQDIT55SZ3ZX,19778,2,1242
W5,AJQDIT55SZ3ZX,19778,3,2113
W5,AJQDIT55SZ3ZX,19778,4,3637
W5,AJQDIT55SZ3ZX,19778,5,4152
W5,AJQDIT55SZ3ZX,19778,6,4677
W5,AJQDIT55SZ3ZX,19778,7,4150
W5,AJQDIT55SZ3ZX,19778,8,4678
W5,A3ESYIFM0AO6BU,14269,0,843
W5,A3ESYIFM0AO6BU,14269,1,533
W5,A3ESYIFM0AO6BU,14269,2,1204
W5,A2JCJJNY43QQIV,9053,0,2299
W5,A2JCJJNY43QQIV,9053,1,2663
W5,A2JCJJNY43QQIV,9053,2,2419
W5,A2JCJJNY43QQIV,9053,3,3555
W5,A2JCJJNY43QQIV,9053,4,3248
W5,A2JCJJNY43QQIV,9053,5,3637
W5,A2JCJJNY43QQIV,9053,6,4152
W5,A2JCJJNY43QQIV,9053,7,4270
W5,A2JCJJNY43QQIV,9053,8,4051
W5,A2JCJJNY43QQIV,9053,9,4151
W5,A2JCJJNY43QQIV,9053,10,533
W5,A3J28NVWFNL8CH,14998,0,544
W5,A3J28NVWFNL8CH,14998,1,814
W5,A3J28NVWFNL8CH,14998,2,2774
W5,A3J28NVWFNL8CH,14998,3,3900
W5,AGD39AT9Y3GM9,19222,0,549
W5,A15T9G38F589KM,920,0,552
W5,A15T9G38F589KM,920,1,4270
W5,A15T9G38F589KM,920,2,4040
W5,A15T9G38F589KM,920,3,4678
W5,AG71XMQGQ2UTJ,19192,0,1136
W5,AG71XMQGQ2UTJ,19192,1,556
W5,AG71XMQGQ2UTJ,19192,2,759
W5,AG71XMQGQ2UTJ,19192,3,760
W5,AG71XMQGQ2UTJ,19192,4,649
W5,AG71XMQGQ2UTJ,19192,5,4675
W5,A3JTB6OTVQV83N,15124,0,561
W5,A1EGZRC5SDN3IV,2315,0,561
W5,A1EGZRC5SDN3IV,2315,1,2854
W5,AZR4DVSW2NOOA,22321,0,563
W5,AZR4DVSW2NOOA,22321,1,1595
W5,AZR4DVSW2NOOA,22321,2,790
W5,AZR4DVSW2NOOA,22321,3,1976
W5,AZR4DVSW2NOOA,22321,4,776
W5,AZR4DVSW2NOOA,22321,5,1077
W5,A55LS2HWPQB0Q,17375,0,2998
W5,A55LS2HWPQB0Q,17375,1,563
W5,A55LS2HWPQB0Q,17375,2,1766
W5,A2RZIU1L5LIYYZ,10532,0,563
W5,A2RZIU1L5LIYYZ,10532,1,2505
W5,A39HM28X7A9I81,13405,0,564
W5,A29M09QBG9TZLP,7447,0,1426
W5,A29M09QBG9TZLP,7447,1,1598
W5,A29M09QBG9TZLP,7447,2,747
W5,A29M09QBG9TZLP,7447,3,1976
W5,A29M09QBG9TZLP,7447,4,564
W5,A29M09QBG9TZLP,7447,5,1035
W5,A29M09QBG9TZLP,7447,6,1897
W5,A29M09QBG9TZLP,7447,7,2505
W5,A29M09QBG9TZLP,7447,8,4803
W5,A29M09QBG9TZLP,7447,9,2411
W5,A3GU3CXHONZJQ6,14631,0,776
W5,A3GU3CXHONZJQ6,14631,1,1067
W5,A3GU3CXHONZJQ6,14631,2,1069
W5,A3GU3CXHONZJQ6,14631,3,564
W5,A3GU3CXHONZJQ6,14631,4,779
W5,A3GU3CXHONZJQ6,14631,5,1056
W5,A3GU3CXHONZJQ6,14631,6,1062
W5,A3GU3CXHONZJQ6,14631,7,1012
W5,A3GU3CXHONZJQ6,14631,8,1028
W5,A3GU3CXHONZJQ6,14631,9,807
W5,A3GU3CXHONZJQ6,14631,10,1060
W5,A3GU3CXHONZJQ6,14631,11,806
W5,A3GU3CXHONZJQ6,14631,12,1422
W5,A3GU3CXHONZJQ6,14631,13,1598
W5,A3GU3CXHONZJQ6,14631,14,1104
W5,A3GU3CXHONZJQ6,14631,15,1265
W5,A3GU3CXHONZJQ6,14631,16,2411
W5,A3GU3CXHONZJQ6,14631,17,988
W5,A3GU3CXHONZJQ6,14631,18,3146
W5,A3GU3CXHONZJQ6,14631,19,1116
W5,A19E7ZX9RYUI3F,1515,0,574
W5,A3LH77PBDFEO3F,15377,0,1103
W5,A3LH77PBDFEO3F,15377,1,574
W5,A3MBDM1YTB0VDI,15516,0,574
W5,A138HHUXTHXIVY,525,0,574
W5,A138HHUXTHXIVY,525,1,2341
W5,AZIS8K2M1HYPJ,22291,0,574
W5,A3K4SK9HWHLJL,15171,0,574
W5,A1XTE3IHX65GTZ,5459,0,574
W5,A2SEMQS6880ATU,10601,0,577
W5,A2SEMQS6880ATU,10601,1,1832
W5,A2SEMQS6880ATU,10601,2,1921
W5,A20GDQHUTTJ99A,5911,0,581
W5,A1GZCNM4XCZPWB,2726,0,586
W5,A2QQVIV0XO465S,10343,0,3649
W5,A2QQVIV0XO465S,10343,1,591
W5,A2BWY2EWWXSG1W,7846,0,2272
W5,A2BWY2EWWXSG1W,7846,1,592
W5,A17IFQ8S9LFYNJ,1198,0,944
W5,A17IFQ8S9LFYNJ,1198,1,594
W5,A17IFQ8S9LFYNJ,1198,2,593
W5,A17TA9QPWFYEJZ,1244,0,2823
W5,A17TA9QPWFYEJZ,1244,1,2826
W5,A17TA9QPWFYEJZ,1244,2,593
W5,AR97QFRQXLV2,20970,0,594
W5,AR97QFRQXLV2,20970,1,2774
W5,AR97QFRQXLV2,20970,2,2780
W5,AR97QFRQXLV2,20970,3,2919
W5,AR97QFRQXLV2,20970,4,3058
W5,A1281IAW2BGSY,377,0,594
W5,A1281IAW2BGSY,377,1,8835
W5,A1281IAW2BGSY,377,2,670
W5,A1281IAW2BGSY,377,3,814
W5,A1281IAW2BGSY,377,4,2591
W5,A11GTC07Y5AMQL,264,0,594
W5,A11GTC07Y5AMQL,264,1,2894
W5,A11GTC07Y5AMQL,264,2,2980
W5,A11GTC07Y5AMQL,264,3,3035
W5,A11GTC07Y5AMQL,264,4,5012
W5,A2ILEFMS2AIITR,8937,0,601
W5,A3R3C28NJOLQL,16309,0,601
W5,A3DKN32LVQ1A78,14063,0,603
W5,A914TQVHI872U,17999,0,612
W5,A914TQVHI872U,17999,1,1008
W5,A914TQVHI872U,17999,2,2945
W5,A914TQVHI872U,17999,3,4147
W5,A914TQVHI872U,17999,4,4678
W5,A2DYW9Y2D8E43L,8190,0,3181
W5,A2DYW9Y2D8E43L,8190,1,615
W5,A2NPQ6F5YDI9Y5,9837,0,619
W5,A2NPQ6F5YDI9Y5,9837,1,1931
W5,A2NPQ6F5YDI9Y5,9837,2,1932
W5,A12BLMTBEODZS5,384,0,638
W5,A1D7P3HP7TYCJQ,2127,0,638
W5,A1XC0CJB0UJYW7,5382,0,638
W5,A36RO7NCM6IUGB,12979,0,640
W5,AW7OLWQCVD87M,21762,0,640
W5,A3PK4A23OCOHOS,16039,0,640
W5,A2423OLO86ED3C,6524,0,669
W5,A2423OLO86ED3C,6524,1,640
W5,A2UQYZCO6C3IU2,10992,0,640
W5,AVJJ2D4G5I0Z4,21663,0,641
W5,AVJJ2D4G5I0Z4,21663,1,3657
W5,AVJJ2D4G5I0Z4,21663,2,1261
W5,AVJJ2D4G5I0Z4,21663,3,2329
W5,AVJJ2D4G5I0Z4,21663,4,3191
W5,AVJJ2D4G5I0Z4,21663,5,4150
W5,AS7W26NNLSU8K,21128,0,957
W5,AS7W26NNLSU8K,21128,1,2964
W5,AS7W26NNLSU8K,21128,2,3042
W5,AS7W26NNLSU8K,21128,3,644
W5,AS7W26NNLSU8K,21128,4,1567
W5,AS7W26NNLSU8K,21128,5,5118
W5,A1UVKA2ZQD2C8Z,4968,0,1929
W5,A1UVKA2ZQD2C8Z,4968,1,647
W5,A1S48ANGFTOCM9,4531,0,649
W5,A1S48ANGFTOCM9,4531,1,759
W5,A1S48ANGFTOCM9,4531,2,1158
W5,A3H7ADUP07D93H,14689,0,2336
W5,A3H7ADUP07D93H,14689,1,2340
W5,A3H7ADUP07D93H,14689,2,2114
W5,A3H7ADUP07D93H,14689,3,2379
W5,A3H7ADUP07D93H,14689,4,2309
W5,A3H7ADUP07D93H,14689,5,1449
W5,A3H7ADUP07D93H,14689,6,3636
W5,A3H7ADUP07D93H,14689,7,3637
W5,A3H7ADUP07D93H,14689,8,650
W5,A3H7ADUP07D93H,14689,9,4152
W5,A3H7ADUP07D93H,14689,10,3951
W5,A3NDPX33N04JW5,15678,0,650
W5,ACKGYW7TBFQS8,18584,0,651
W5,A1QT3N5FUQ4I47,4314,0,1152
W5,A1QT3N5FUQ4I47,4314,1,651
W5,A7BDEAIF1RR7G,17707,0,651
W5,A7BDEAIF1RR7G,17707,1,1426
W5,A7BDEAIF1RR7G,17707,2,1972
W5,A2C91UMVZU08G,7904,0,657
W5,ALKNDO4EA323F,20052,0,843
W5,ALKNDO4EA323F,20052,1,658
W5,ARD00SMWI4DTW,20991,0,2193
W5,ARD00SMWI4DTW,20991,1,934
W5,ARD00SMWI4DTW,20991,2,663
W5,ARD00SMWI4DTW,20991,3,2430
W5,A3513M2YMKD399,12689,0,663
W5,A1ZRD3WNHP8O3T,5808,0,663
W5,A1ZRD3WNHP8O3T,5808,1,2986
W5,A1ZRD3WNHP8O3T,5808,2,1272
W5,A1Y6F4OEZ99UVQ,5522,0,663
W5,AL8IDHJPCE00K,20002,0,663
W5,AL8IDHJPCE00K,20002,1,1326
W5,AL8IDHJPCE00K,20002,2,1601
W5,AL8IDHJPCE00K,20002,3,2818
W5,AL8IDHJPCE00K,20002,4,746
W5,AL8IDHJPCE00K,20002,5,747
W5,A11NX3HE31BYJC,295,0,663
W5,A3U1S5KR287T3I,16836,0,665
W5,A3U1S5KR287T3I,16836,1,666
W5,AHKPZ11JT110F,19410,0,3877
W5,AHKPZ11JT110F,19410,1,1261
W5,AHKPZ11JT110F,19410,2,666
W5,A2PLGB52VCSYHG,10151,0,667
W5,A2PLGB52VCSYHG,10151,1,2125
W5,A2PLGB52VCSYHG,10151,2,4024
W5,A2PLGB52VCSYHG,10151,3,4306
W5,A2PLGB52VCSYHG,10151,4,4675
W5,AKF4NSDZ13YOW,19885,0,670
W5,A226VGZWOEBPGL,6208,0,674
W5,A226VGZWOEBPGL,6208,1,3767
W5,A226VGZWOEBPGL,6208,2,1261
W5,A226VGZWOEBPGL,6208,3,3878
W5,A226VGZWOEBPGL,6208,4,2329
W5,A226VGZWOEBPGL,6208,5,4040
W5,A36MS27KAA5S26,12958,0,675
W5,A3S459EHZONQUI,16494,0,676
W5,A3S459EHZONQUI,16494,1,2872
W5,A2OPDHP0EN5CJT,10002,0,1350
W5,A2OPDHP0EN5CJT,10002,1,3715
W5,A2OPDHP0EN5CJT,10002,2,1675
W5,A2OPDHP0EN5CJT,10002,3,678
W5,A195ZIKKG6051W,1474,0,680
W5,A2LASORRVJQI66,9388,0,680
W5,AMS2CPERWN7JV,20247,0,694
W5,AMS2CPERWN7JV,20247,1,680
W5,AMS2CPERWN7JV,20247,2,3560
W5,AMS2CPERWN7JV,20247,3,3951
W5,AMS2CPERWN7JV,20247,4,2067
W5,A1RLP0R1N8H8C4,4443,0,1248
W5,A1RLP0R1N8H8C4,4443,1,1261
W5,A1RLP0R1N8H8C4,4443,2,3638
W5,A1RLP0R1N8H8C4,4443,3,4024
W5,A1RLP0R1N8H8C4,4443,4,680
W5,A1RLP0R1N8H8C4,4443,5,4675
W5,A3NE1PLGI1P0ZT,15681,0,680
W5,A5Q1FK0FWU7DH,17456,0,681
W5,A11XAIFA10G7TS,327,0,3817
W5,A11XAIFA10G7TS,327,1,3560
W5,A11XAIFA10G7TS,327,2,683
W5,A90JGGI493HNG,17996,0,687
W5,A90JGGI493HNG,17996,1,1456
W5,A90JGGI493HNG,17996,2,2802
W5,A90JGGI493HNG,17996,3,3397
W5,A90JGGI493HNG,17996,4,3738
W5,A90JGGI493HNG,17996,5,4048
W5,ALEU5TQ00U1BM,20032,0,2399
W5,ALEU5TQ00U1BM,20032,1,687
W5,ALEU5TQ00U1BM,20032,2,1783
W5,ALEU5TQ00U1BM,20032,3,2806
W5,ALEU5TQ00U1BM,20032,4,4045
W5,ALEU5TQ00U1BM,20032,5,4347
W5,A1SCHZLC8MIHB,4568,0,702
W5,AOV9AIX4UE5BB,20601,0,702
W5,AOV9AIX4UE5BB,20601,1,1077
W5,AFE5RW8UOOA65,19049,0,702
W5,AFE5RW8UOOA65,19049,1,1783
W5,AFE5RW8UOOA65,19049,2,2802
W5,A2A52EATFDQJ1P,7534,0,704
W5,A2A52EATFDQJ1P,7534,1,2373
W5,A186VKHJSWWUFB,1314,0,706
W5,A186VKHJSWWUFB,1314,1,838
W5,AR74YY08IP2WE,20959,0,706
W5,A6R4K4C7PJ5O7,17616,0,3692
W5,A6R4K4C7PJ5O7,17616,1,706
W5,ASGOUJPQ8ZMHE,21169,0,708
W5,AO1HIVTUCQZQ2,20479,0,708
W5,AO1HIVTUCQZQ2,20479,1,904
W5,A3PYMW0LCZUJR6,16113,0,708
W5,A1EE6LQS3OPY6R,2301,0,1065
W5,A1EE6LQS3OPY6R,2301,1,3536
W5,A1EE6LQS3OPY6R,2301,2,709
W5,A1EE6LQS3OPY6R,2301,3,3636
W5,A1EE6LQS3OPY6R,2301,4,3637
W5,A1EE6LQS3OPY6R,2301,5,2067
W5,A1EE6LQS3OPY6R,2301,6,4675
W5,A1EE6LQS3OPY6R,2301,7,4678
W5,A3JZ81N3CB5PIP,15143,0,711
W5,A3PGDXNMUMI8UF,16018,0,714
W5,A3VH9WGKFM1498,17058,0,716
W5,A3E228LX9A46H4,14138,0,750
W5,A3E228LX9A46H4,14138,1,2733
W5,A3E228LX9A46H4,14138,2,1804
W5,A3E228LX9A46H4,14138,3,721
W5,A1PL7QILVQV3IF,4128,0,1052
W5,A1PL7QILVQV3IF,4128,1,1338
W5,A1PL7QILVQV3IF,4128,2,1754
W5,A1PL7QILVQV3IF,4128,3,2882
W5,A1PL7QILVQV3IF,4128,4,1051
W5,A1PL7QILVQV3IF,4128,5,721
W5,A1PL7QILVQV3IF,4128,6,3877
W5,A1PL7QILVQV3IF,4128,7,770
W5,A1PL7QILVQV3IF,4128,8,924
W5,A1RDK3EXVGZ49,4404,0,722
W5,A1W7R5ZAGVOSVQ,5185,0,722
W5,A1W7R5ZAGVOSVQ,5185,1,1785
W5,A1W7R5ZAGVOSVQ,5185,2,1206
W5,A30WY1WXTZ8TJJ,11991,0,722
W5,A3AXBHVQMODL2C,13641,0,725
W5,A3AXBHVQMODL2C,13641,1,1338
W5,A1ZH9LWMX5UCFJ,5759,0,725
W5,A1ZH9LWMX5UCFJ,5759,1,726
W5,A12TCY12RMA0YE,457,0,726
W5,A1J3T2AHYBSRBI,3080,0,728
W5,A1OD5F83ZA8O95,3932,0,1963
W5,A1OD5F83ZA8O95,3932,1,728
W5,A1OD5F83ZA8O95,3932,2,3559
W5,A1OD5F83ZA8O95,3932,3,4152
W5,AZJVIC5P13X3H,22296,0,733
W5,A1JRIIJV6B9QT7,3191,0,733
W5,A1APJ9BVO8KFTU,1737,0,733
W5,A1APJ9BVO8KFTU,1737,1,2377
W5,A3EO50KXO6TA72,14247,0,736
W5,A3EO50KXO6TA72,14247,1,5224
W5,A1PEITQQFYXYLM,4095,0,741
W5,A3VY4ZUG02YK5I,17137,0,4561
W5,A3VY4ZUG02YK5I,17137,1,741
W5,A2XNJJ9TF70P4J,11473,0,3672
W5,A2XNJJ9TF70P4J,11473,1,3837
W5,A2XNJJ9TF70P4J,11473,2,745
W5,A1KCJBWJS1VWBW,3280,0,2414
W5,A1KCJBWJS1VWBW,3280,1,745
W5,A1KCJBWJS1VWBW,3280,2,1255
W5,A1KCJBWJS1VWBW,3280,3,1809
W5,A1533UHM87FNCQ,813,0,749
W5,A1L9E4OA926W9B,3406,0,756
W5,A1L9E4OA926W9B,3406,1,1188
W5,A1UP82HIKY9994,4942,0,758
W5,A1AHHYZZVWML3Z,1696,0,760
W5,A1AHHYZZVWML3Z,1696,1,762
W5,A1AHHYZZVWML3Z,1696,2,3657
W5,A1AHHYZZVWML3Z,1696,3,3559
W5,A1AHHYZZVWML3Z,1696,4,3560
W5,ADLVFFE4VBT8,18744,0,763
W5,ADLVFFE4VBT8,18744,1,4147
W5,ADLVFFE4VBT8,18744,2,4176
W5,ADLVFFE4VBT8,18744,3,4677
W5,ADLVFFE4VBT8,18744,4,2914
W5,ADLVFFE4VBT8,18744,5,3692
W5,ADLVFFE4VBT8,18744,6,1210
W5,ADLVFFE4VBT8,18744,7,1858
W5,AMV9Y9L96SKNW,20275,0,6905
W5,AMV9Y9L96SKNW,20275,1,767
W5,AMV9Y9L96SKNW,20275,2,1530
W5,A3A2PT2GF5L0CE,13493,0,767
W5,A3A2PT2GF5L0CE,13493,1,772
W5,A18VE598ALLYOO,1437,0,767
W5,A3ET198ETSLPG3,14270,0,767
W5,A3ET198ETSLPG3,14270,1,2214
W5,A14N9YGGSY9MWQ,747,0,767
W5,A14N9YGGSY9MWQ,747,1,4164
W5,A26ANT7EUKSJR1,6899,0,767
W5,A3TMQG9KSBA0DC,16757,0,767
W5,A24J2U46E90H5R,6595,0,773
W5,A1VQIKR5NZYLJW,5094,0,775
W5,A1VQIKR5NZYLJW,5094,1,3207
W5,A28ETU4J2PG09N,7238,0,778
W5,A2VH0UT5EQFB6P,11120,0,1114
W5,A2VH0UT5EQFB6P,11120,1,778
W5,A1H1BPKUMGVIA8,2737,0,778
W5,A2FRS81L3GGBDX,8467,0,946
W5,A2FRS81L3GGBDX,8467,1,778
W5,A1EPAEMY4QG0ZB,2350,0,2543
W5,A1EPAEMY4QG0ZB,2350,1,779
W5,A1EPAEMY4QG0ZB,2350,2,1017
W5,A1X9Q4I1NUPRHN,5370,0,779
W5,A1X9Q4I1NUPRHN,5370,1,10992
W5,A3FON4I2FXE0NQ,14419,0,783
W5,A3FON4I2FXE0NQ,14419,1,1433
W5,A10ZBR6O8S8OCY,196,0,3636
W5,A10ZBR6O8S8OCY,196,1,3637
W5,A10ZBR6O8S8OCY,196,2,787
W5,A10ZBR6O8S8OCY,196,3,4049
W5,A10ZBR6O8S8OCY,196,4,4678
W5,A1LJR5IS0B6ADX,3463,0,788
W5,A1LJR5IS0B6ADX,3463,1,3445
W5,ACYR6O588USK,18648,0,791
W5,ACYR6O588USK,18648,1,3801
W5,ACYR6O588USK,18648,2,2663
W5,ACYR6O588USK,18648,3,3657
W5,ACYR6O588USK,18648,4,4270
W5,ACYR6O588USK,18648,5,4040
W5,ACYR6O588USK,18648,6,4364
W5,ACYR6O588USK,18648,7,4475
W5,A1T61QP7QHYBRQ,4685,0,1077
W5,A1T61QP7QHYBRQ,4685,1,909
W5,A1T61QP7QHYBRQ,4685,2,794
W5,A1T61QP7QHYBRQ,4685,3,2113
W5,A1T61QP7QHYBRQ,4685,4,3555
W5,A1T61QP7QHYBRQ,4685,5,3347
W5,A1T61QP7QHYBRQ,4685,6,3637
W5,A1T61QP7QHYBRQ,4685,7,3817
W5,A1T61QP7QHYBRQ,4685,8,3560
W5,A1T61QP7QHYBRQ,4685,9,4152
W5,A1T61QP7QHYBRQ,4685,10,4270
W5,A1T61QP7QHYBRQ,4685,11,3951
W5,A1T61QP7QHYBRQ,4685,12,2067
W5,A1T61QP7QHYBRQ,4685,13,4151
W5,A1T61QP7QHYBRQ,4685,14,4150
W5,A3QNQQKJTL76H0,16230,0,798
W5,AYUUO2GCLMY29,22184,0,799
W5,A3IUW081KXD3PE,14960,0,801
W5,A3IUW081KXD3PE,14960,1,817
W5,A29CFYFOGQIYBD,7410,0,803
W5,A29CFYFOGQIYBD,7410,1,2727
W5,A1ZSF5CJ0A4CIO,5813,0,806
W5,A1ZSF5CJ0A4CIO,5813,1,3692
W5,A1ZSF5CJ0A4CIO,5813,2,2648
W5,A3KEZLJ59C1JVH,15221,0,808
W5,A3KEZLJ59C1JVH,15221,1,1973
W5,A3KEZLJ59C1JVH,15221,2,2882
W5,A3AFD81MPQLOIM,13557,0,809
W5,A3AFD81MPQLOIM,13557,1,917
W5,A8RJROLZ7FNGC,17951,0,3783
W5,A8RJROLZ7FNGC,17951,1,1004
W5,A8RJROLZ7FNGC,17951,2,1954
W5,A8RJROLZ7FNGC,17951,3,812
W5,A2KZ88FJPSBU8E,9327,0,815
W5,A37IHRVO8JWYF2,13069,0,818
W5,A37IHRVO8JWYF2,13069,1,1629
W5,A1UMSB7LAW0RIR,4928,0,1426
W5,A1UMSB7LAW0RIR,4928,1,825
W5,AF19DB3JIPX9O,18993,0,831
W5,A2ZFMAYD8NK0TO,11768,0,837
W5,A2ZFMAYD8NK0TO,11768,1,9661
W5,A3TZV0P1W24XI9,16822,0,839
W5,A3TZV0P1W24XI9,16822,1,2114
W5,A3TZV0P1W24XI9,16822,2,3251
W5,A1C760KGFSRI6F,1982,0,2299
W5,A1C760KGFSRI6F,1982,1,2336
W5,A1C760KGFSRI6F,1982,2,2419
W5,A1C760KGFSRI6F,1982,3,1449
W5,A1C760KGFSRI6F,1982,4,3555
W5,A1C760KGFSRI6F,1982,5,3229
W5,A1C760KGFSRI6F,1982,6,4024
W5,A1C760KGFSRI6F,1982,7,843
W5,A1C760KGFSRI6F,1982,8,4270
W5,A1C760KGFSRI6F,1982,9,2067
W5,A105R38CAPDBGU,62,0,843
W5,A1Y34W3HQJQ2RH,5510,0,843
W5,A1Y34W3HQJQ2RH,5510,1,1657
W5,A1Y34W3HQJQ2RH,5510,2,2918
W5,A1Y34W3HQJQ2RH,5510,3,3723
W5,A3F8M5PBYKDH49,14333,0,2408
W5,A3F8M5PBYKDH49,14333,1,1699
W5,A3F8M5PBYKDH49,14333,2,1747
W5,A3F8M5PBYKDH49,14333,3,843
W5,AC0QWDMHYE5PS,18493,0,843
W5,AY1NUCXXJ5WD5,22057,0,843
W5,AY1NUCXXJ5WD5,22057,1,997
W5,A3KCZKQBD389M8,15211,0,843
W5,A3KCZKQBD389M8,15211,1,1567
W5,A3NDUBKYPI47N2,15680,0,843
W5,A3NDUBKYPI47N2,15680,1,1261
W5,A3NDUBKYPI47N2,15680,2,3560
W5,A3A7PRJF89XJGH,13511,0,843
W5,A1ZVMTIRYZQDL4,5826,0,843
W5,A1ZVMTIRYZQDL4,5826,1,3560
W5,A1ZVMTIRYZQDL4,5826,2,4152
W5,A1ZVMTIRYZQDL4,5826,3,3951
W5,A1ZVMTIRYZQDL4,5826,4,4148
W5,A1ZVMTIRYZQDL4,5826,5,4151
W5,A1ZVMTIRYZQDL4,5826,6,4150
W5,AS1RPAY2NAPAQ,21091,0,843
W5,A3H4L7TJKQHW4Q,14677,0,1251
W5,A3H4L7TJKQHW4Q,14677,1,3526
W5,A3H4L7TJKQHW4Q,14677,2,2970
W5,A3H4L7TJKQHW4Q,14677,3,843
W5,A36NF8UYCRIOQN,12959,0,843
W5,A36NF8UYCRIOQN,12959,1,1559
W5,A1RJUXDK64O91A,4435,0,843
W5,A1RJUXDK64O91A,4435,1,2432
W5,ANEDXRFDZDL18,20377,0,843
W5,ANEDXRFDZDL18,20377,1,3555
W5,ANEDXRFDZDL18,20377,2,4024
W5,A24H1WF3ADHRIG,6588,0,843
W5,A3OLAZKM77XR6P,15888,0,843
W5,A1CR1DS15Z7XO1,2061,0,843
W5,ALMRIE2FSRO6W,20060,0,843
W5,A3HZYG38DYV8IF,14816,0,844
W5,A32S3CLDUUZV3U,12300,0,844
W5,A23OJHY6K5APO4,6461,0,845
W5,A23XNISRAMAEDE,6505,0,845
W5,A3QUY5QP5L283S,16262,0,845
W5,A1X50U7A8AI9S2,5346,0,847
W5,A1X50U7A8AI9S2,5346,1,930
W5,A34EQAIKKUWYYW,12588,0,849
W5,A11W2ZN3VGJOAR,323,0,851
W5,A2WN1QF8GSVHYV,11313,0,860
W5,A2WN1QF8GSVHYV,11313,1,4152
W5,A2WN1QF8GSVHYV,11313,2,4148
W5,A1SY93NBOISQZC,4656,0,860
W5,A2TFXUDMXZGA4I,10777,0,860
W5,A2Y4OUWQXDQHOM,11556,0,865
W5,A2Y4OUWQXDQHOM,11556,1,2334
W5,A9JKVZD9O3B5W,18076,0,867
W5,A2C0FJVUA7CAET,7860,0,889
W5,A9MNSV3NKN2C,18087,0,890
W5,A9MNSV3NKN2C,18087,1,3848
W5,A3LBRAC0G4278N,15353,0,890
W5,A3LBRAC0G4278N,15353,1,1065
W5,A3LBRAC0G4278N,15353,2,2411
W5,A3LBRAC0G4278N,15353,3,1591
W5,A3LBRAC0G4278N,15353,4,954
W5,A3LBRAC0G4278N,15353,5,3394
W5,A1L283Y8MJJ1BJ,3380,0,896
W5,A1L283Y8MJJ1BJ,3380,1,1750
W5,A1L283Y8MJJ1BJ,3380,2,4048
W5,AF3EWORDT15AU,19006,0,1142
W5,AF3EWORDT15AU,19006,1,897
W5,AF3EWORDT15AU,19006,2,2777
W5,AF3EWORDT15AU,19006,3,3657
W5,AF3EWORDT15AU,19006,4,3559
W5,AF3EWORDT15AU,19006,5,4040
W5,AUKWRALDLPDVC,21514,0,904
W5,AFE0AGQT50MBJ,19046,0,906
W5,A3JZO10B53VUS5,15147,0,1595
W5,A3JZO10B53VUS5,15147,1,1486
W5,A3JZO10B53VUS5,15147,2,3922
W5,A3JZO10B53VUS5,15147,3,909
W5,A3JZO10B53VUS5,15147,4,1582
W5,A2NUBL2UYWPBWR,9862,0,4270
W5,A2NUBL2UYWPBWR,9862,1,911
W5,A2NUBL2UYWPBWR,9862,2,913
W5,A2NUBL2UYWPBWR,9862,3,4151
W5,A2V5R832QCSOMX,11063,0,3817
W5,A2V5R832QCSOMX,11063,1,4051
W5,A2V5R832QCSOMX,11063,2,2210
W5,A2V5R832QCSOMX,11063,3,4148
W5,A2V5R832QCSOMX,11063,4,911
W5,ASTCD6ATHMD5T,21227,0,911
W5,A1R1C99AVLAWES,4354,0,913
W5,A1R1C99AVLAWES,4354,1,2373
W5,A1R1C99AVLAWES,4354,2,2882
W5,A353U0L2HAMSHV,12702,0,1293
W5,A353U0L2HAMSHV,12702,1,2265
W5,A353U0L2HAMSHV,12702,2,3637
W5,A353U0L2HAMSHV,12702,3,3878
W5,A353U0L2HAMSHV,12702,4,4152
W5,A353U0L2HAMSHV,12702,5,4270
W5,A353U0L2HAMSHV,12702,6,4148
W5,A353U0L2HAMSHV,12702,7,913
W5,A353U0L2HAMSHV,12702,8,4150
W5,A2B7JMKJJ93VQX,7723,0,1447
W5,A2B7JMKJJ93VQX,7723,1,1194
W5,A2B7JMKJJ93VQX,7723,2,913
W5,A2Z5BZIY3NAQ5T,11725,0,2039
W5,A2Z5BZIY3NAQ5T,11725,1,1092
W5,A2Z5BZIY3NAQ5T,11725,2,917
W5,A2Z5BZIY3NAQ5T,11725,3,1296
W5,AFHYEO3Y1IIDD,19067,0,1812
W5,AFHYEO3Y1IIDD,19067,1,917
W5,A3DOXWRHZ2Y78W,14080,0,920
W5,A3DOXWRHZ2Y78W,14080,1,1439
W5,A36SUBYQ9H7B9F,12980,0,2760
W5,A36SUBYQ9H7B9F,12980,1,920
W5,A36SUBYQ9H7B9F,12980,2,2763
W5,A2GHXZGYR9MMUC,8595,0,934
W5,A2GHXZGYR9MMUC,8595,1,1875
W5,A2E3WMF9RWW2X2,8211,0,3770
W5,A2E3WMF9RWW2X2,8211,1,941
W5,A2E3WMF9RWW2X2,8211,2,1707
W5,A2E3WMF9RWW2X2,8211,3,1708
W5,A2E3WMF9RWW2X2,8211,4,1709
W5,A13EW5BAP1LSFQ,546,0,948
W5,A2YB2VB8AKOF83,11580,0,2028
W5,A2YB2VB8AKOF83,11580,1,948
W5,A2YB2VB8AKOF83,11580,2,3016
W5,ACQ411VUO1BCI,18605,0,956
W5,ACQ411VUO1BCI,18605,1,960
W5,ACQ411VUO1BCI,18605,2,958
W5,ACQ411VUO1BCI,18605,3,961
W5,ACQ411VUO1BCI,18605,4,949
W5,ACQ411VUO1BCI,18605,5,964
W5,A3GGI9X4AZ5KPP,14555,0,950
W5,A3GGI9X4AZ5KPP,14555,1,2289
W5,A14Q5D3QYA8FPV,760,0,950
W5,A14Q5D3QYA8FPV,760,1,2991
W5,A14Q5D3QYA8FPV,760,2,1161
W5,A14Q5D3QYA8FPV,760,3,2801
W5,A14Q5D3QYA8FPV,760,4,4012
W5,A14Q5D3QYA8FPV,760,5,3391
W5,A14Q5D3QYA8FPV,760,6,3856
W5,A17BUXSHOUOP4M,1173,0,3054
W5,A17BUXSHOUOP4M,1173,1,2069
W5,A17BUXSHOUOP4M,1173,2,951
W5,A17BUXSHOUOP4M,1173,3,3245
W5,A279FUL12R7MBD,7063,0,951
W5,A279FUL12R7MBD,7063,1,2329
W5,A1CXTGEI7QTRJG,2094,0,960
W5,A1CXTGEI7QTRJG,2094,1,953
W5,A1CXTGEI7QTRJG,2094,2,951
W5,A1CXTGEI7QTRJG,2094,3,956
W5,A1CXTGEI7QTRJG,2094,4,958
W5,A1CXTGEI7QTRJG,2094,5,959
W5,A1CXTGEI7QTRJG,2094,6,3396
W5,ALCHVSBWBFFJZ,20018,0,2025
W5,ALCHVSBWBFFJZ,20018,1,951
W5,A1R8TTMXVXEI6H,4384,0,951
W5,A1R8TTMXVXEI6H,4384,1,2329
W5,A18UVHCREY2RE2,1434,0,953
W5,A1JB07R59K3ARB,3113,0,1486
W5,A1JB07R59K3ARB,3113,1,2024
W5,A1JB07R59K3ARB,3113,2,3508
W5,A1JB07R59K3ARB,3113,3,956
W5,A1WOIZH1YV4Z5O,5263,0,960
W5,A1VJ16TJBHRRW,5058,0,4047
W5,A1VJ16TJBHRRW,5058,1,963
W5,A2PWQHMGFA9DOY,10205,0,1285
W5,A2PWQHMGFA9DOY,10205,1,3378
W5,A2PWQHMGFA9DOY,10205,2,963
W5,A2PWQHMGFA9DOY,10205,3,3390
W5,A2PWQHMGFA9DOY,10205,4,4151
W5,A2K3J2X8KDY47N,9180,0,965
W5,A2K3J2X8KDY47N,9180,1,3636
W5,A2K3J2X8KDY47N,9180,2,3559
W5,A2K3J2X8KDY47N,9180,3,4039
W5,A3KAQW2K4OXPCX,15196,0,965
W5,A1GHZY5ZMRVN8Q,2645,0,967
W5,ADS5APY1NKTL4,18773,0,3834
W5,ADS5APY1NKTL4,18773,1,985
W5,ADS5APY1NKTL4,18773,2,979
W5,ADS5APY1NKTL4,18773,3,3347
W5,AZUEKJ6P9TFSJ,22332,0,979
W5,AZUEKJ6P9TFSJ,22332,1,4489
W5,AZUEKJ6P9TFSJ,22332,2,1740
W5,A35Z7AJ6UUHMLB,12840,0,979
W5,A35Z7AJ6UUHMLB,12840,1,985
W5,A35Z7AJ6UUHMLB,12840,2,4046
W5,A35Z7AJ6UUHMLB,12840,3,4043
W5,A35Z7AJ6UUHMLB,12840,4,2327
W5,A35Z7AJ6UUHMLB,12840,5,4345
W5,A3BOW0D6NFO6S3,13768,0,986
W5,A22RIIYSPA3EDH,6307,0,990
W5,A22RIIYSPA3EDH,6307,1,1305
W5,A3DHHQ2NGXOUAH,14046,0,1035
W5,A3DHHQ2NGXOUAH,14046,1,1934
W5,A3DHHQ2NGXOUAH,14046,2,4868
W5,A3DHHQ2NGXOUAH,14046,3,991
W5,A38BLF1LARYG9K,13193,0,991
W5,A36FCC82G272Y6,12920,0,2430
W5,A36FCC82G272Y6,12920,1,996
W5,A36FCC82G272Y6,12920,2,1193
W5,AEC0I4XOMJJ72,18881,0,998
W5,AEC0I4XOMJJ72,18881,1,1583
W5,A8K8ZL4HXGDCG,17913,0,1003
W5,A2T135XHAH82S4,10710,0,1015
W5,A2T135XHAH82S4,10710,1,2571
W5,A3VZH0PWLQ9BB1,17146,0,1016
W5,A3VZH0PWLQ9BB1,17146,1,1151
W5,A3VZH0PWLQ9BB1,17146,2,2663
W5,A3VZH0PWLQ9BB1,17146,3,1497
W5,A3VZH0PWLQ9BB1,17146,4,2777
W5,A3VZH0PWLQ9BB1,17146,5,3878
W5,A3VZH0PWLQ9BB1,17146,6,4270
W5,A3VZH0PWLQ9BB1,17146,7,4678
W5,A319Y83RT0MRVR,12053,0,1024
W5,AHWSP0752YT6T,19465,0,1084
W5,AHWSP0752YT6T,19465,1,1027
W5,AAE3M0GXNH13C,18217,0,1029
W5,AAE3M0GXNH13C,18217,1,1092
W5,AAE3M0GXNH13C,18217,2,1942
W5,A1C9FRE9C9B0EX,1993,0,1029
W5,A1DO9LRCO23EOM,2196,0,3877
W5,A1DO9LRCO23EOM,2196,1,1030
W5,A3LF914GG87TWP,15367,0,1432
W5,A3LF914GG87TWP,15367,1,1033
W5,A1RRMZKOMZ2M7J,4472,0,1050
W5,A1RRMZKOMZ2M7J,4472,1,3657
W5,A1RRMZKOMZ2M7J,4472,2,1261
W5,A1RRMZKOMZ2M7J,4472,3,4677
W5,A1RRMZKOMZ2M7J,4472,4,1954
W5,A1RRMZKOMZ2M7J,4472,5,1135
W5,A1WYOH5XFEWQIH,5314,0,2012
W5,A1WYOH5XFEWQIH,5314,1,1052
W5,A1WYOH5XFEWQIH,5314,2,2838
W5,A3MR8LV3BK9L68,15575,0,1054
W5,A1AA053C2Q2FJE,1650,0,1067
W5,A1AA053C2Q2FJE,1650,1,2052
W5,A1AA053C2Q2FJE,1650,2,2117
W5,A1AA053C2Q2FJE,1650,3,2340
W5,AVYV7GG3JUKT3,21724,0,1070
W5,A38VQ2TIPPBKNN,13299,0,1071
W5,A38VQ2TIPPBKNN,13299,1,2299
W5,AO16D5VV91API,20478,0,1075
W5,AP8D74QD9LUUL,20665,0,1075
W5,AP8D74QD9LUUL,20665,1,7981
W5,AP8D74QD9LUUL,20665,2,3012
W5,AP8D74QD9LUUL,20665,3,4048
W5,ANHL7BB84WJMF,20387,0,1085
W5,A3IE1LEHKSMROF,14879,0,1086
W5,A21ON9X9CATY9T,6111,0,1087
W5,A31Y28UEDXQ0HB,12164,0,1091
W5,A31Y28UEDXQ0HB,12164,1,1272
W5,A31Y28UEDXQ0HB,12164,2,2131
W5,A2Y8IDC1FKGNJC,11566,0,1092
W5,A2Y8IDC1FKGNJC,11566,1,2067
W5,A1V4VVBQBFXRHC,5007,0,1097
W5,A1V4VVBQBFXRHC,5007,1,1595
W5,A2SJKEFB4NLK8D,10624,0,1099
W5,A3KDO3XV0MK1GX,15214,0,1115
W5,A3KDO3XV0MK1GX,15214,1,1953
W5,A3KDO3XV0MK1GX,15214,2,2415
W5,A3RPH26JTPO3JO,16419,0,1119
W5,A209XHC20QAYM,5888,0,1120
W5,A6RFD508AZCEP,17619,0,1121
W5,A2SGJYNBVIJ1EA,10607,0,1125
W5,A3PJZ8TU8FDQ1K,16038,0,1126
W5,A3PJZ8TU8FDQ1K,16038,1,1132
W5,A3PJZ8TU8FDQ1K,16038,2,4040
W5,A2YB7DLC3FOR7W,11582,0,1128
W5,A2YB7DLC3FOR7W,11582,1,3555
W5,A2YB7DLC3FOR7W,11582,2,3637
W5,A2YB7DLC3FOR7W,11582,3,3636
W5,A2YB7DLC3FOR7W,11582,4,3559
W5,A2YB7DLC3FOR7W,11582,5,3817
W5,A2YB7DLC3FOR7W,11582,6,4152
W5,A2YB7DLC3FOR7W,11582,7,4051
W5,A2YB7DLC3FOR7W,11582,8,3951
W5,A2YB7DLC3FOR7W,11582,9,2067
W5,A2YB7DLC3FOR7W,11582,10,4148
W5,A2YB7DLC3FOR7W,11582,11,4150
W5,A2YB7DLC3FOR7W,11582,12,2069
W5,A2YB7DLC3FOR7W,11582,13,2950
W5,A2RKI7RPP5CJMG,10454,0,1132
W5,A2RKI7RPP5CJMG,10454,1,3181
W5,A2RKI7RPP5CJMG,10454,2,1261
W5,A2O421DTA8J0RW,9903,0,1133
W5,A2O421DTA8J0RW,9903,1,3804
W5,A2O421DTA8J0RW,9903,2,3701
W5,A2O421DTA8J0RW,9903,3,3715
W5,A3AJPG967QETOU,13582,0,1591
W5,A3AJPG967QETOU,13582,1,3058
W5,A3AJPG967QETOU,13582,2,3541
W5,A3AJPG967QETOU,13582,3,1635
W5,A3AJPG967QETOU,13582,4,1133
W5,A3AJPG967QETOU,13582,5,1531
W5,A4PI4DZJSVF6Q,17297,0,1135
W5,A2V1J3JT5OOZFO,11037,0,1136
W5,A2K1BVRREVIX0T,9171,0,1136
W5,A3D9NUCR4RXDPY,14007,0,1136
W5,A3D9NUCR4RXDPY,14007,1,4270
W5,A1IZSKX83B9B44,3062,0,1139
W5,A2HOLM5I1ARX9J,8775,0,1139
W5,A2HOLM5I1ARX9J,8775,1,2263
W5,A2PL0US7RN67G,10149,0,1771
W5,A2PL0US7RN67G,10149,1,1261
W5,A2PL0US7RN67G,10149,2,2308
W5,A2PL0US7RN67G,10149,3,3951
W5,A2PL0US7RN67G,10149,4,4675
W5,A2PL0US7RN67G,10149,5,1139
W5,A2Q5DZRXBR6KAT,10246,0,1140
W5,A1HET00OWMC5W,2801,0,1595
W5,A1HET00OWMC5W,2801,1,1144
W5,AFW2ZL3QMYHZY,19135,0,1147
W5,A89ZZKNDFQH23,17868,0,3898
W5,A89ZZKNDFQH23,17868,1,4270
W5,A89ZZKNDFQH23,17868,2,3951
W5,A89ZZKNDFQH23,17868,3,1148
W5,A1MHIMGIVYJ3SE,3611,0,1149
W5,A3F2TL0UCFT0MK,14312,0,1151
W5,A27HJBFDSTFVFG,7105,0,1151
W5,A27HJBFDSTFVFG,7105,1,3637
W5,A2I2ZAJLC8JQD,8848,0,1151
W5,A1XYZSOYCTW4CG,5486,0,1151
W5,A1NM92E835VU5,3801,0,1151
W5,A1ZM846Y7AUYD,5782,0,1242
W5,A1ZM846Y7AUYD,5782,1,1152
W5,A1ZM846Y7AUYD,5782,2,1712
W5,A1ZM846Y7AUYD,5782,3,1228
W5,A1ZM846Y7AUYD,5782,4,3555
W5,A1ZM846Y7AUYD,5782,5,3637
W5,A1ZM846Y7AUYD,5782,6,3559
W5,A18DRCI6HX5I3E,1341,0,1153
W5,A1AARJLQOTQ0GV,1654,0,1158
W5,A1AARJLQOTQ0GV,1654,1,1542
W5,A1PAHNIKLRVGP1,4078,0,3755
W5,A1PAHNIKLRVGP1,4078,1,4097
W5,A1PAHNIKLRVGP1,4078,2,1159
W5,A2HQ1YC01KZE3X,8782,0,1159
W5,A2HQ1YC01KZE3X,8782,1,2209
W5,A2HQ1YC01KZE3X,8782,2,3685
W5,A2JIQZHLOIL5YQ,9083,0,2806
W5,A2JIQZHLOIL5YQ,9083,1,1161
W5,A2JIQZHLOIL5YQ,9083,2,1244
W5,A2JIQZHLOIL5YQ,9083,3,3733
W5,A2JIQZHLOIL5YQ,9083,4,1785
W5,A2BG4K6KD4B3EQ,7766,0,1161
W5,APP35M28G2U51,20729,0,1164
W5,APP35M28G2U51,20729,1,4678
W5,A3861IBNFDR8RU,13174,0,2299
W5,A3861IBNFDR8RU,13174,1,2341
W5,A3861IBNFDR8RU,13174,2,2663
W5,A3861IBNFDR8RU,13174,3,2419
W5,A3861IBNFDR8RU,13174,4,1164
W5,A3861IBNFDR8RU,13174,5,3878
W5,A3861IBNFDR8RU,13174,6,4024
W5,A2OQYSTYR8SSVQ,10007,0,1164
W5,A2OQYSTYR8SSVQ,10007,1,3555
W5,A2OQYSTYR8SSVQ,10007,2,3637
W5,A2OQYSTYR8SSVQ,10007,3,4152
W5,A2OQYSTYR8SSVQ,10007,4,4151
W5,AFME05NB5VTDB,19091,0,1165
W5,A11SWG9T60IQH8,311,0,1510
W5,A11SWG9T60IQH8,311,1,1168
W5,A3ANWM07HGXT1S,13596,0,1171
W5,A3ANWM07HGXT1S,13596,1,3545
W5,A3HNQLK4NUFL4V,14768,0,1177
W5,A13NM1PES9OXVN,592,0,1188
W5,A2ZXBFBA7EKYNR,11841,0,1192
W5,A2ZXBFBA7EKYNR,11841,1,1190
W5,A30H2335OM7RD6,11923,0,1192
W5,A3E8BX7QKQSIM0,14164,0,3677
W5,A3E8BX7QKQSIM0,14164,1,1192
W5,A3E8BX7QKQSIM0,14164,2,3929
W5,A3V4827LOG1F0X,16995,0,1197
W5,A2Q6VINLE39XNW,10252,0,1199
W5,A30R8VFR16RE32,11972,0,1200
W5,A30R8VFR16RE32,11972,1,4152
W5,A30R8VFR16RE32,11972,2,4148
W5,A30R8VFR16RE32,11972,3,4151
W5,A30R8VFR16RE32,11972,4,4678
W5,A2FLJCJ3SW0TUY,8430,0,1356
W5,A2FLJCJ3SW0TUY,8430,1,1204
W5,AKHDE8HFVP5G3,19891,0,2806
W5,AKHDE8HFVP5G3,19891,1,1206
W5,AXR3CV6A4FMBG,22014,0,1206
W5,AXR3CV6A4FMBG,22014,1,3555
W5,AXR3CV6A4FMBG,22014,2,3637
W5,AXR3CV6A4FMBG,22014,3,2067
W5,AXR3CV6A4FMBG,22014,4,4677
W5,AXR3CV6A4FMBG,22014,5,4678
W5,AZP87257LO2A7,22313,0,1206
W5,A1CP75N61T0ZYY,2054,0,1211
W5,A17V9XL4CWTQ6G,1254,0,1212
W5,A1IW1ANBV0DPVI,3043,0,1218
W5,A1IW1ANBV0DPVI,3043,1,3453
W5,A1IW1ANBV0DPVI,3043,2,1386
W5,A3QNMJQ55QI429,16229,0,1225
W5,A3QNMJQ55QI429,16229,1,5114
W5,A3CJ7MHAS9IMAM,13896,0,1227
W5,A1AL946PZ24084,1716,0,1233
W5,A3K5NP63E32ZBG,15175,0,1261
W5,A3K5NP63E32ZBG,15175,1,1233
W5,A3K5NP63E32ZBG,15175,2,3898
W5,A3K5NP63E32ZBG,15175,3,2309
W5,A3K5NP63E32ZBG,15175,4,4152
W5,A3617VA1S2M2JC,12847,0,1828
W5,A3617VA1S2M2JC,12847,1,1234
W5,A2HILISRE5NRPA,8753,0,1235
W5,A2HILISRE5NRPA,8753,1,1675
W5,A2HILISRE5NRPA,8753,2,2611
W5,A37TMB6SG77GTK,13120,0,1237
W5,ATDJ3H36PBC6,21313,0,1241
W5,A93HEE352LA4X,18007,0,1242
W5,APKNBK1Q27R91,20708,0,1242
W5,A224KM22RQ5CD4,6192,0,1243
W5,A224KM22RQ5CD4,6192,1,4051
W5,A224KM22RQ5CD4,6192,2,3951
W5,A224KM22RQ5CD4,6192,3,4678
W5,A26FDPOR9R1CGV,6921,0,2807
W5,A26FDPOR9R1CGV,6921,1,1244
W5,A2V4P6IRCK1P70,11054,0,1244
W5,A2V4P6IRCK1P70,11054,1,3801
W5,A2V4P6IRCK1P70,11054,2,1261
W5,A16AXQ11SZA8SQ,1011,0,1254
W5,A16AXQ11SZA8SQ,1011,1,1261
W5,A34AHOC0OXMR2K,12558,0,1583
W5,A34AHOC0OXMR2K,12558,1,1259
W5,A32GCOTGFJ9XC3,12253,0,3555
W5,A32GCOTGFJ9XC3,12253,1,3637
W5,A32GCOTGFJ9XC3,12253,2,1261
W5,A32GCOTGFJ9XC3,12253,3,4051
W5,A32GCOTGFJ9XC3,12253,4,3951
W5,A32GCOTGFJ9XC3,12253,5,3878
W5,A3J6V6FWETLBDU,15021,0,2336
W5,A3J6V6FWETLBDU,15021,1,2341
W5,A3J6V6FWETLBDU,15021,2,2663
W5,A3J6V6FWETLBDU,15021,3,1261
W5,A3J6V6FWETLBDU,15021,4,4049
W5,AL3MFYSK9HKCL,19984,0,1261
W5,A1D6DFC3AGV3JZ,2121,0,1261
W5,A32T2H8150OJLU,12307,0,3347
W5,A32T2H8150OJLU,12307,1,1261
W5,A1INE33UQ1B4Q3,3000,0,1261
W5,A1INE33UQ1B4Q3,3000,1,3878
W5,A1INE33UQ1B4Q3,3000,2,4678
W5,A2CZPM110DW516,8032,0,2341
W5,A2CZPM110DW516,8032,1,2663
W5,A2CZPM110DW516,8032,2,2419
W5,A2CZPM110DW516,8032,3,3181
W5,A2CZPM110DW516,8032,4,3248
W5,A2CZPM110DW516,8032,5,1261
W5,A2CZPM110DW516,8032,6,3878
W5,A2AOW20EGSCAY2,7630,0,3248
W5,A2AOW20EGSCAY2,7630,1,1261
W5,A2AOW20EGSCAY2,7630,2,3878
W5,A1S7YQQGJPPFLG,4548,0,3148
W5,A1S7YQQGJPPFLG,4548,1,1261
W5,A1S7YQQGJPPFLG,4548,2,4051
W5,A1S7YQQGJPPFLG,4548,3,3951
W5,A1S7YQQGJPPFLG,4548,4,4678
W5,A18FUHNBP90IB4,1351,0,2341
W5,A18FUHNBP90IB4,1351,1,1261
W5,A18FUHNBP90IB4,1351,2,4024
W5,A18FUHNBP90IB4,1351,3,4040
W5,A18FUHNBP90IB4,1351,4,4677
W5,AYGEP8I4BQ3CK,22126,0,2777
W5,AYGEP8I4BQ3CK,22126,1,1261
W5,AYGEP8I4BQ3CK,22126,2,3878
W5,A3DOPYDOS49I3T,14079,0,1261
W5,AHFGCH8LANEZK,19391,0,3335
W5,AHFGCH8LANEZK,19391,1,3248
W5,AHFGCH8LANEZK,19391,2,1261
W5,AHFGCH8LANEZK,19391,3,4677
W5,A3U5CZ3PV82JXD,16851,0,3248
W5,A3U5CZ3PV82JXD,16851,1,1261
W5,A1TR1R2QKWRSRA,4782,0,1261
W5,A1TR1R2QKWRSRA,4782,1,3877
W5,A1I477ADGMLVJM,2906,0,1261
W5,AY3D7DG5L5WCK,22068,0,1261
W5,AY3D7DG5L5WCK,22068,1,4039
W5,A2YEZ8Z3BW2SKG,11605,0,1261
W5,A2YEZ8Z3BW2SKG,11605,1,3877
W5,A2YEZ8Z3BW2SKG,11605,2,4151
W5,A2YEZ8Z3BW2SKG,11605,3,4148
W5,A3VBXQKRM7A4JR,17029,0,1261
W5,A87EKDKFDHH6L,17854,0,1261
W5,A87EKDKFDHH6L,17854,1,4152
W5,A87EKDKFDHH6L,17854,2,4148
W5,AVU1ILDDYW301,21703,0,3657
W5,AVU1ILDDYW301,21703,1,4024
W5,AVU1ILDDYW301,21703,2,1261
W5,AVU1ILDDYW301,21703,3,4270
W5,AVU1ILDDYW301,21703,4,4147
W5,AVU1ILDDYW301,21703,5,4675
W5,AKA48TRLD0REK,19862,0,3248
W5,AKA48TRLD0REK,19862,1,1261
W5,AAG0O8X2PYE6G,18228,0,2341
W5,AAG0O8X2PYE6G,18228,1,2663
W5,AAG0O8X2PYE6G,18228,2,1261
W5,A3OOQH73VQ97VN,15906,0,1449
W5,A3OOQH73VQ97VN,15906,1,1261
W5,A3OOQH73VQ97VN,15906,2,4058
W5,A14DNCG5WHM86Z,691,0,4024
W5,A14DNCG5WHM86Z,691,1,1261
W5,A14DNCG5WHM86Z,691,2,1306
W5,APKVG66TWSGP9,20710,0,3335
W5,APKVG66TWSGP9,20710,1,3248
W5,APKVG66TWSGP9,20710,2,1261
W5,A3C6CZC2JP67VK,13852,0,2299
W5,A3C6CZC2JP67VK,13852,1,2663
W5,A3C6CZC2JP67VK,13852,2,3801
W5,A3C6CZC2JP67VK,13852,3,2419
W5,A3C6CZC2JP67VK,13852,4,1449
W5,A3C6CZC2JP67VK,13852,5,3181
W5,A3C6CZC2JP67VK,13852,6,1261
W5,A3C6CZC2JP67VK,13852,7,4039
W5,A3C6CZC2JP67VK,13852,8,4040
W5,A3C6CZC2JP67VK,13852,9,4150
W5,A1WKEAS58297E5,5240,0,1261
W5,A1IZ7OZOBWC1YW,3059,0,3335
W5,A1IZ7OZOBWC1YW,3059,1,3248
W5,A1IZ7OZOBWC1YW,3059,2,1261
W5,A2WB7LZ595CR50,11265,0,1261
W5,ADSFKIX44X8JV,18777,0,1261
W5,A37PZJH2F13IOR,13102,0,2419
W5,A37PZJH2F13IOR,13102,1,3181
W5,A37PZJH2F13IOR,13102,2,2777
W5,A37PZJH2F13IOR,13102,3,1261
W5,A37PZJH2F13IOR,13102,4,4040
W5,AU1SKSAF00JJH,21428,0,1449
W5,AU1SKSAF00JJH,21428,1,1261
W5,AU1SKSAF00JJH,21428,2,3817
W5,AU1SKSAF00JJH,21428,3,4024
W5,AU1SKSAF00JJH,21428,4,4270
W5,AU1SKSAF00JJH,21428,5,4039
W5,A1AKQ1YUS4BT82,1712,0,2299
W5,A1AKQ1YUS4BT82,1712,1,2309
W5,A1AKQ1YUS4BT82,1712,2,2341
W5,A1AKQ1YUS4BT82,1712,3,2663
W5,A1AKQ1YUS4BT82,1712,4,3801
W5,A1AKQ1YUS4BT82,1712,5,2419
W5,A1AKQ1YUS4BT82,1712,6,3248
W5,A1AKQ1YUS4BT82,1712,7,1261
W5,A2DB720I9XRX7K,8092,0,1261
W5,A2CUWCJHUPGL9W,8013,0,1261
W5,A2W0XCWOK3MW6F,11221,0,2341
W5,A2W0XCWOK3MW6F,11221,1,2663
W5,A2W0XCWOK3MW6F,11221,2,3248
W5,A2W0XCWOK3MW6F,11221,3,1261
W5,A2W0XCWOK3MW6F,11221,4,4678
W5,A2LXC5ZHHP0WXP,9504,0,1261
W5,A2RHV42BTJSVON,10438,0,2341
W5,A2RHV42BTJSVON,10438,1,3248
W5,A2RHV42BTJSVON,10438,2,3817
W5,A2RHV42BTJSVON,10438,3,1261
W5,A3OIQ3T0OIKY66,15873,0,3347
W5,A3OIQ3T0OIKY66,15873,1,2375
W5,A3OIQ3T0OIKY66,15873,2,2377
W5,A3OIQ3T0OIKY66,15873,3,3248
W5,A3OIQ3T0OIKY66,15873,4,3559
W5,A3OIQ3T0OIKY66,15873,5,3560
W5,A3OIQ3T0OIKY66,15873,6,1261
W5,A3OIQ3T0OIKY66,15873,7,4270
W5,A3OIQ3T0OIKY66,15873,8,4051
W5,A3OIQ3T0OIKY66,15873,9,4043
W5,A3OIQ3T0OIKY66,15873,10,4044
W5,A3OIQ3T0OIKY66,15873,11,4047
W5,A3OIQ3T0OIKY66,15873,12,4677
W5,A3OIQ3T0OIKY66,15873,13,3408
W5,A3OIQ3T0OIKY66,15873,14,1386
W5,A3OIQ3T0OIKY66,15873,15,4333
W5,A1RZ0J2CZZJOTX,4508,0,3636
W5,A1RZ0J2CZZJOTX,4508,1,3637
W5,A1RZ0J2CZZJOTX,4508,2,1261
W5,A1RZ0J2CZZJOTX,4508,3,4152
W5,A1RZ0J2CZZJOTX,4508,4,2329
W5,A1RZ0J2CZZJOTX,4508,5,4148
W5,A1LA4K5JF78BER,3414,0,1261
W5,A1LA4K5JF78BER,3414,1,2329
W5,A1M92239OM8KPO,3574,0,3636
W5,A1M92239OM8KPO,3574,1,1261
W5,A1M92239OM8KPO,3574,2,3877
W5,A3K98GERRFRE07,15188,0,1449
W5,A3K98GERRFRE07,15188,1,3181
W5,A3K98GERRFRE07,15188,2,3560
W5,A3K98GERRFRE07,15188,3,1261
W5,A3K98GERRFRE07,15188,4,4039
W5,A3K98GERRFRE07,15188,5,4148
W5,A2QDOJFFLFGF18,10278,0,3347
W5,A2QDOJFFLFGF18,10278,1,1261
W5,A2QDOJFFLFGF18,10278,2,3817
W5,A3EJ8XHVDC0CWH,14221,0,3248
W5,A3EJ8XHVDC0CWH,14221,1,1261
W5,A1Z7Y2GMAP9SRY,5721,0,3347
W5,A1Z7Y2GMAP9SRY,5721,1,1261
W5,A1PW5SQLR0Z6IH,4183,0,1261
W5,A1PW5SQLR0Z6IH,4183,1,3817
W5,A1PW5SQLR0Z6IH,4183,2,3877
W5,AGVWTYW0ULXHT,19301,0,2336
W5,AGVWTYW0ULXHT,19301,1,2419
W5,AGVWTYW0ULXHT,19301,2,1449
W5,AGVWTYW0ULXHT,19301,3,2777
W5,AGVWTYW0ULXHT,19301,4,1261
W5,AGVWTYW0ULXHT,19301,5,3951
W5,AGVWTYW0ULXHT,19301,6,4147
W5,AB0Y33G717HOU,18316,0,1261
W5,A2AC6GQ24S45GA,7569,0,3555
W5,A2AC6GQ24S45GA,7569,1,3636
W5,A2AC6GQ24S45GA,7569,2,1261
W5,A1E371HE68KMWB,2252,0,1261
W5,A1E371HE68KMWB,2252,1,4039
W5,A1E371HE68KMWB,2252,2,4040
W5,A11EIDY6DD40CS,254,0,3678
W5,A11EIDY6DD40CS,254,1,1261
W5,A1JOANG98KBFKU,3180,0,2299
W5,A1JOANG98KBFKU,3180,1,2341
W5,A1JOANG98KBFKU,3180,2,2663
W5,A1JOANG98KBFKU,3180,3,2419
W5,A1JOANG98KBFKU,3180,4,1449
W5,A1JOANG98KBFKU,3180,5,3335
W5,A1JOANG98KBFKU,3180,6,3248
W5,A1JOANG98KBFKU,3180,7,1261
W5,A1JOANG98KBFKU,3180,8,3817
W5,A1JOANG98KBFKU,3180,9,4270
W5,A1JOANG98KBFKU,3180,10,4039
W5,A1JOANG98KBFKU,3180,11,4040
W5,A2BVOBG7YDSVOZ,7842,0,3817
W5,A2BVOBG7YDSVOZ,7842,1,1261
W5,A2BVOBG7YDSVOZ,7842,2,4677
W5,A37S3ACL57LN62,13115,0,1261
W5,A2MG95DI29NJTJ,9611,0,1261
W5,A2MG95DI29NJTJ,9611,1,3878
W5,AU4H7OG5UFDWO,21436,0,2309
W5,AU4H7OG5UFDWO,21436,1,1261
W5,A2MO8QZTNYYB98,9655,0,2336
W5,A2MO8QZTNYYB98,9655,1,2309
W5,A2MO8QZTNYYB98,9655,2,1261
W5,A2MO8QZTNYYB98,9655,3,4049
W5,A3M6TSEV71537G,15494,0,2336
W5,A3M6TSEV71537G,15494,1,2341
W5,A3M6TSEV71537G,15494,2,3335
W5,A3M6TSEV71537G,15494,3,3248
W5,A3M6TSEV71537G,15494,4,1261
W5,A3M6TSEV71537G,15494,5,4051
W5,A3M6TSEV71537G,15494,6,4270
W5,A3M6TSEV71537G,15494,7,3951
W5,A3M6TSEV71537G,15494,8,4675
W5,A1GNYV0RA0EQSS,2668,0,2309
W5,A1GNYV0RA0EQSS,2668,1,1449
W5,A1GNYV0RA0EQSS,2668,2,3335
W5,A1GNYV0RA0EQSS,2668,3,1261
W5,A1GNYV0RA0EQSS,2668,4,3692
W5,A30QAOLNZ4415R,11965,0,2299
W5,A30QAOLNZ4415R,11965,1,2336
W5,A30QAOLNZ4415R,11965,2,2663
W5,A30QAOLNZ4415R,11965,3,2419
W5,A30QAOLNZ4415R,11965,4,1261
W5,A30QAOLNZ4415R,11965,5,4148
W5,A3EX36SNRYD5VL,14282,0,1261
W5,AXVKMYWNIHK7W,22031,0,3817
W5,AXVKMYWNIHK7W,22031,1,1261
W5,AXVKMYWNIHK7W,22031,2,4024
W5,ADJBUPS8SJHTC,18725,0,1261
W5,ADJBUPS8SJHTC,18725,1,4040
W5,A1S3IN6CSTBPY6,4528,0,1261
W5,A15JB2HEZ6RKGW,882,0,3559
W5,A15JB2HEZ6RKGW,882,1,1261
W5,A1MD9AEU9C4WJN,3586,0,1261
W5,A3U52V5ZAHZZKU,16849,0,3347
W5,A3U52V5ZAHZZKU,16849,1,1261
W5,A3SBZ2Q5J0NN3D,16537,0,1266
W5,ATTHDXTWBC3ZT,21385,0,1267
W5,A37QUQPYFMR9Y9,13106,0,1267
W5,A2XNOB1T796Y6B,11477,0,1268
W5,A2XNOB1T796Y6B,11477,1,2283
W5,A2XNOB1T796Y6B,11477,2,3366
W5,A2SWQ0G4HSG0KL,10678,0,1268
W5,A2SWQ0G4HSG0KL,10678,1,2543
W5,A3RH0W0UZSWF3C,16385,0,1272
W5,A2SYWCA4OJ4BFD,10691,0,1272
W5,A1R377IPZOKLMM,4359,0,1272
W5,AUFFMGRQN4RHV,21491,0,1272
W5,A10CIHFHGR4IPJ,98,0,1273
W5,A1S5251XGPBIVN,4534,0,1274
W5,A1OVD6VCG9NN35,4013,0,1276
W5,A8QYRG7TW491B,17948,0,2583
W5,A8QYRG7TW491B,17948,1,1277
W5,A8QYRG7TW491B,17948,2,3814
W5,A8QYRG7TW491B,17948,3,3716
W5,A2V09TLBGBRKXM,11030,0,3718
W5,A2V09TLBGBRKXM,11030,1,1279
W5,A396JOR095Y7DB,13349,0,1283
W5,A1INBQLNQNSHTK,2999,0,1284
W5,A1INBQLNQNSHTK,2999,1,1325
W5,A1INBQLNQNSHTK,2999,2,3649
W5,A1X3ESYZ79H59E,5338,0,1605
W5,A1X3ESYZ79H59E,5338,1,1285
W5,A3OJO9T1RLIG36,15878,0,1287
W5,A1PPCFT6QVPPTC,4152,0,1293
W5,A1PPCFT6QVPPTC,4152,1,1754
W5,A25CGBLRJB6X0S,6746,0,1296
W5,AZXH0JC9KOLU8,22345,0,1296
W5,A3EPJSPH03AS29,14257,0,1306
W5,A3EPJSPH03AS29,14257,1,4147
W5,A3EPJSPH03AS29,14257,2,4148
W5,A222W9OFZ65R5U,6183,0,1625
W5,A222W9OFZ65R5U,6183,1,1312
W5,A222W9OFZ65R5U,6183,2,3206
W5,A4X6HDJEYN3Q9,17342,0,1314
W5,A1U45DP49J6AB0,4848,0,1325
W5,AFSKH7FHC2CBK,19124,0,1327
W5,AFSKH7FHC2CBK,19124,1,3041
W5,A1M3J7OJLMLFNX,3545,0,1327
W5,A1M3J7OJLMLFNX,3545,1,4288
W5,A1M3J7OJLMLFNX,3545,2,4249
W5,A1M3J7OJLMLFNX,3545,3,4884
W5,A3T1LD0C65QCWK,16657,0,3759
W5,A3T1LD0C65QCWK,16657,1,1335
W5,A1YP5WLIHGG136,5620,0,1335
W5,A14ENWEKTHCBXR,699,0,1337
W5,A29NV2YITU0EJK,7456,0,1340
W5,A2VVPAQ4E09AOG,11190,0,1360
W5,A3P8ZDHC7XSKSE,15986,0,1363
W5,A344JWPJ7HIG2K,12535,0,1370
W5,A32MUSM2FYMHSG,12271,0,3229
W5,A32MUSM2FYMHSG,12271,1,1376
W5,A32MUSM2FYMHSG,12271,2,1986
W5,A25Y22XPPLGPF8,6841,0,4862
W5,A25Y22XPPLGPF8,6841,1,1386
W5,A2D625P0TKHVSF,8067,0,1389
W5,A2D625P0TKHVSF,8067,1,3338
W5,A2D625P0TKHVSF,8067,2,3059
W5,A2AUTH9FO2MVW,7659,0,1398
W5,A1JELQ2BC10FID,3136,0,1402
W5,A13C02EJ1EC07T,536,0,3069
W5,A13C02EJ1EC07T,536,1,1648
W5,A13C02EJ1EC07T,536,2,1405
W5,ACJSJAAY4H037,18578,0,1427
W5,A1AZ8YJTM7JRHL,1778,0,1433
W5,A3H6QJ1ONB6271,14687,0,1446
W5,AW8UBYMNJ894V,21765,0,1447
W5,AW8UBYMNJ894V,21765,1,2298
W5,A2P6QCZWW3H1X6,10086,0,1447
W5,AZ26CDSJ363AH,22220,0,1447
W5,A37D5847LN3WQ,13049,0,1447
W5,A37D5847LN3WQ,13049,1,3335
W5,A37D5847LN3WQ,13049,2,4152
W5,A37D5847LN3WQ,13049,3,2067
W5,ADIIUV2UR1FB1,18721,0,1448
W5,ADIIUV2UR1FB1,18721,1,1934
W5,A2KQT4D0OZR569,9283,0,1448
W5,A3EE0H0NWQ9QVL,14198,0,1449
W5,A2JAEZ0FMAMJVW,9044,0,1449
W5,A3TNM3C9ENUCFW,16764,0,2663
W5,A3TNM3C9ENUCFW,16764,1,3801
W5,A3TNM3C9ENUCFW,16764,2,1449
W5,A3TNM3C9ENUCFW,16764,3,3347
W5,A3TNM3C9ENUCFW,16764,4,4051
W5,A3TNM3C9ENUCFW,16764,5,4150
W5,A3ELOCDHFEPEKJ,14235,0,1449
W5,A3ELOCDHFEPEKJ,14235,1,3636
W5,A3ELOCDHFEPEKJ,14235,2,4152
W5,A1CNLU84K5ZIOZ,2049,0,2299
W5,A1CNLU84K5ZIOZ,2049,1,2341
W5,A1CNLU84K5ZIOZ,2049,2,1449
W5,A1CNLU84K5ZIOZ,2049,3,3248
W5,A1CNLU84K5ZIOZ,2049,4,3817
W5,ADY836HK6QSYR,18800,0,2299
W5,ADY836HK6QSYR,18800,1,2341
W5,ADY836HK6QSYR,18800,2,2419
W5,ADY836HK6QSYR,18800,3,1449
W5,ADY836HK6QSYR,18800,4,4675
W5,A18QNMVRG08DU5,1412,0,1449
W5,A18QNMVRG08DU5,1412,1,2329
W5,A3GKMK6KQH3Y1H,14580,0,2299
W5,A3GKMK6KQH3Y1H,14580,1,1449
W5,AGXV8E7XK9J6H,19308,0,2336
W5,AGXV8E7XK9J6H,19308,1,3801
W5,AGXV8E7XK9J6H,19308,2,1449
W5,AGXV8E7XK9J6H,19308,3,4049
W5,AGXV8E7XK9J6H,19308,4,4040
W5,A11SPSEM08VIXX,310,0,1449
W5,A11SPSEM08VIXX,310,1,3335
W5,A1I7QGUDP043DG,2920,0,3801
W5,A1I7QGUDP043DG,2920,1,1449
W5,A18YMFFJW974QS,1446,0,2663
W5,A18YMFFJW974QS,1446,1,2419
W5,A18YMFFJW974QS,1446,2,1449
W5,A18YMFFJW974QS,1446,3,3555
W5,A18YMFFJW974QS,1446,4,3637
W5,A2RQOO8VYAEZZG,10481,0,1449
W5,A2RQOO8VYAEZZG,10481,1,4270
W5,A2RQOO8VYAEZZG,10481,2,4058
W5,A2RQOO8VYAEZZG,10481,3,4039
W5,A2RQOO8VYAEZZG,10481,4,4040
W5,A2RQOO8VYAEZZG,10481,5,4675
W5,ALNFHVS3SC4FV,20064,0,3181
W5,ALNFHVS3SC4FV,20064,1,1449
W5,ALNFHVS3SC4FV,20064,2,3248
W5,ALNFHVS3SC4FV,20064,3,3559
W5,ALNFHVS3SC4FV,20064,4,3560
W5,ALNFHVS3SC4FV,20064,5,4152
W5,ALNFHVS3SC4FV,20064,6,3716
W5,ALNFHVS3SC4FV,20064,7,4051
W5,ALNFHVS3SC4FV,20064,8,4270
W5,ALNFHVS3SC4FV,20064,9,4039
W5,ALNFHVS3SC4FV,20064,10,3830
W5,ALNFHVS3SC4FV,20064,11,4148
W5,ALNFHVS3SC4FV,20064,12,4150
W5,ALNFHVS3SC4FV,20064,13,4677
W5,ALNFHVS3SC4FV,20064,14,4678
W5,A87RT63V7SMD3,17857,0,2309
W5,A87RT63V7SMD3,17857,1,1449
W5,A3QDBUDXLHUJX2,16189,0,1449
W5,A3QDBUDXLHUJX2,16189,1,2113
W5,A3QDBUDXLHUJX2,16189,2,3559
W5,A3QDBUDXLHUJX2,16189,3,4152
W5,A3QDBUDXLHUJX2,16189,4,4051
W5,A1QO88MU0PYJON,4289,0,2419
W5,A1QO88MU0PYJON,4289,1,1449
W5,A1QO88MU0PYJON,4289,2,3181
W5,A1QO88MU0PYJON,4289,3,3636
W5,A1QO88MU0PYJON,4289,4,3657
W5,A1QO88MU0PYJON,4289,5,3559
W5,A1QO88MU0PYJON,4289,6,3560
W5,A1QO88MU0PYJON,4289,7,3878
W5,A1QO88MU0PYJON,4289,8,3898
W5,A1QO88MU0PYJON,4289,9,4152
W5,A1QO88MU0PYJON,4289,10,4150
W5,A3V1AHX8P4R839,16982,0,2663
W5,A3V1AHX8P4R839,16982,1,1449
W5,A3V1AHX8P4R839,16982,2,3559
W5,A3V1AHX8P4R839,16982,3,3560
W5,A3V1AHX8P4R839,16982,4,4150
W5,AQLL2R1PPR46X,20860,0,1449
W5,AQLL2R1PPR46X,20860,1,3347
W5,AQLL2R1PPR46X,20860,2,4051
W5,AQLL2R1PPR46X,20860,3,2067
W5,A3MWP39R0W9TQX,15598,0,1449
W5,A3KOAAHCI18FKI,15259,0,2341
W5,A3KOAAHCI18FKI,15259,1,1449
W5,A3KOAAHCI18FKI,15259,2,3248
W5,AKCZIJ6ZHE41D,19875,0,1449
W5,A30IP3E4MDQ36,11933,0,1449
W5,A30IP3E4MDQ36,11933,1,4024
W5,A30IP3E4MDQ36,11933,2,4678
W5,A1TP2RW7KDI5AZ,4774,0,1449
W5,A1TP2RW7KDI5AZ,4774,1,3181
W5,A7ED6BJO320TG,17715,0,1449
W5,A7ED6BJO320TG,17715,1,3248
W5,A7ED6BJO320TG,17715,2,4039
W5,A381MT950I6KRL,13155,0,1449
W5,A381MT950I6KRL,13155,1,2171
W5,A381MT950I6KRL,13155,2,3555
W5,A381MT950I6KRL,13155,3,3347
W5,A381MT950I6KRL,13155,4,3898
W5,A2N9Y04UFXIN8B,9752,0,1449
W5,A2KUUIJ52MWDAS,9298,0,2604
W5,A2KUUIJ52MWDAS,9298,1,1449
W5,A2KUUIJ52MWDAS,9298,2,3817
W5,A1UVWTNPX8TR0G,4970,0,1449
W5,AORGKBNQZ83O8,20590,0,1449
W5,AORGKBNQZ83O8,20590,1,3560
W5,AORGKBNQZ83O8,20590,2,4024
W5,A1IBKANWDYYFMV,2939,0,1449
W5,A2JHHYYOOO4DS6,9078,0,1449
W5,A2JHHYYOOO4DS6,9078,1,3248
W5,A2JHHYYOOO4DS6,9078,2,3817
W5,A3FC9JXTCITVFC,14359,0,1449
W5,A2HQ8RTAJYEUJO,8785,0,1449
W5,AJD41FBJD9010,19721,0,1449
W5,AKCCXEWXJ0VIW,19872,0,2299
W5,AKCCXEWXJ0VIW,19872,1,2341
W5,AKCCXEWXJ0VIW,19872,2,2419
W5,AKCCXEWXJ0VIW,19872,3,1449
W5,AKCCXEWXJ0VIW,19872,4,4270
W5,A2MSQNPTNAAGL1,9673,0,1449
W5,A2MSQNPTNAAGL1,9673,1,4151
W5,A2MSQNPTNAAGL1,9673,2,4675
W5,A3C1QYGEET3BVY,13828,0,1449
W5,A16IM9MYTHCKYQ,1044,0,2336
W5,A16IM9MYTHCKYQ,1044,1,2341
W5,A16IM9MYTHCKYQ,1044,2,1449
W5,A16IM9MYTHCKYQ,1044,3,3657
W5,AX54G5AL870Q8,21909,0,1449
W5,A3HJHV83O2U8BL,14750,0,3916
W5,A3HJHV83O2U8BL,14750,1,1449
W5,A3N9TOPHBENB9I,15660,0,1449
W5,A3K91X9X2ARDOK,15187,0,1449
W5,A2L4XGVPR42KHL,9358,0,3181
W5,A2L4XGVPR42KHL,9358,1,1449
W5,A2L4XGVPR42KHL,9358,2,3559
W5,ANOBZWKE25SBY,20418,0,2309
W5,ANOBZWKE25SBY,20418,1,2341
W5,ANOBZWKE25SBY,20418,2,1449
W5,ANOBZWKE25SBY,20418,3,3248
W5,ANOBZWKE25SBY,20418,4,3817
W5,ADZIJQN6MNRAB,18809,0,2299
W5,ADZIJQN6MNRAB,18809,1,2341
W5,ADZIJQN6MNRAB,18809,2,1449
W5,ADZIJQN6MNRAB,18809,3,2777
W5,ADZIJQN6MNRAB,18809,4,4051
W5,ADZIJQN6MNRAB,18809,5,4040
W5,A3S4IWXSZCN9N7,16495,0,1455
W5,A3S4IWXSZCN9N7,16495,1,2359
W5,AV6823XS14U41,21602,0,1455
W5,A2HT4BG5PR16TG,8798,0,1456
W5,APTLCDGEZUXEF,20747,0,1456
W5,A23O8T3LNL9YY8,6459,0,2299
W5,A23O8T3LNL9YY8,6459,1,3801
W5,A23O8T3LNL9YY8,6459,2,1826
W5,A23O8T3LNL9YY8,6459,3,1456
W5,A23O8T3LNL9YY8,6459,4,4675
W5,A3ECXUZJXIX4H1,14189,0,1464
W5,A2GA64WZK8PKBC,8553,0,1484
W5,AO96PLO6E3MJC,20517,0,1484
W5,AO96PLO6E3MJC,20517,1,4675
W5,A328JY1YOE84NV,12213,0,1493
W5,A3CG6YLYZJXQG4,13888,0,2299
W5,A3CG6YLYZJXQG4,13888,1,3878
W5,A3CG6YLYZJXQG4,13888,2,1497
W5,A3CG6YLYZJXQG4,13888,3,4147
W5,A3V55DVYU80LDS,17000,0,1497
W5,A8JPM14R8T4AT,17909,0,1864
W5,A8JPM14R8T4AT,17909,1,1499
W5,A8JPM14R8T4AT,17909,2,3370
W5,A2D2M8D7Y3WXSS,8050,0,1500
W5,AJ9AE2BVND0GS,19702,0,1500
W5,A3VQTONR685S54,17106,0,1891
W5,A3VQTONR685S54,17106,1,1518
W5,A2YHEND6PBZGZP,11613,0,1520
W5,ADS6Y2663M0W0,18774,0,1520
W5,ADS6Y2663M0W0,18774,1,3466
W5,A10R9LB4QJNG5X,159,0,1520
W5,A3Q61HHSFP80LA,16155,0,1520
W5,A301WMU4JUT9N,11861,0,1532
W5,A1MMA2K80OM7T3,3636,0,1543
W5,A4EMX1VK60PM0,17243,0,1543
W5,A2H76V7TTCZ4KV,8705,0,1546
W5,A2H76V7TTCZ4KV,8705,1,1757
W5,A2H76V7TTCZ4KV,8705,2,3665
W5,A2H76V7TTCZ4KV,8705,3,2170
W5,A2H76V7TTCZ4KV,8705,4,2240
W5,A12GK5JUYAV0HM,409,0,3361
W5,A12GK5JUYAV0HM,409,1,1558
W5,A12GK5JUYAV0HM,409,2,2576
W5,A2KTFTRTY0ONWF,9292,0,1562
W5,A23SCRP3SZ6EVW,6478,0,1562
W5,A23SCRP3SZ6EVW,6478,1,3522
W5,A23SCRP3SZ6EVW,6478,2,3115
W5,A2QR2D1EI6R0UY,10345,0,1577
W5,A2TOPNOYV52Q8K,10817,0,1582
W5,AFC0T8TFDAYD9,19037,0,1582
W5,AMIRNL8LAVRG4,20210,0,1583
W5,A2IEA81JFUH2V7,8903,0,1583
W5,AG6TX1ZJHLMO7,19188,0,1583
W5,ASNGEUJ0LCACM,21201,0,1584
W5,ASNGEUJ0LCACM,21201,1,4349
W5,A2IPMOG7RZOIMH,8959,0,1584
W5,A1TRAEV7QWA5DX,4784,0,1595
W5,A1TRAEV7QWA5DX,4784,1,3878
W5,A1TRAEV7QWA5DX,4784,2,4152
W5,A1TRAEV7QWA5DX,4784,3,2067
W5,A37Y8S37OFM1OY,13143,0,1595
W5,A1M1Y5UGONAW06,3539,0,6826
W5,A1M1Y5UGONAW06,3539,1,1595
W5,AQIADPO5YCGPO,20848,0,1595
W5,AUH9JXX2DHW1P,21498,0,1600
W5,A3VP27UUQ34OXK,17100,0,1600
W5,A259HHYBP6ZNJ3,6732,0,1602
W5,A259HHYBP6ZNJ3,6732,1,4152
W5,A259HHYBP6ZNJ3,6732,2,4148
W5,A259HHYBP6ZNJ3,6732,3,4151
W5,A259HHYBP6ZNJ3,6732,4,4150
W5,A2V9DTXTQ5YIMK,11083,0,1603
W5,A2V9DTXTQ5YIMK,11083,1,1702
W5,A2V9DTXTQ5YIMK,11083,2,4677
W5,A2V9DTXTQ5YIMK,11083,3,4678
W5,A1TFMR7RE985MF,4732,0,1603
W5,A1TFMR7RE985MF,4732,1,3665
W5,A11RD2MRP3VE5K,307,0,1603
W5,A3KZLIEGCSSM5L,15303,0,1604
W5,A1Z4NF2GJSGIJM,5699,0,1604
W5,A35Y8UKSALBIB2,12834,0,1612
W5,A35Y8UKSALBIB2,12834,1,6905
W5,A35Y8UKSALBIB2,12834,2,2359
W5,A35Y8UKSALBIB2,12834,3,3389
W5,A1X8AQGQC5TTJN,5364,0,1612
W5,A1X8AQGQC5TTJN,5364,1,2229
W5,A1X8AQGQC5TTJN,5364,2,2267
W5,A1X8AQGQC5TTJN,5364,3,3389
W5,ALTXPRX8OSOJ7,20094,0,1828
W5,ALTXPRX8OSOJ7,20094,1,1613
W5,A1U5G4TIZ1A7OJ,4853,0,1613
W5,A19FSNL8B5GJ02,1518,0,1613
W5,A19FSNL8B5GJ02,1518,1,7032
W5,A1BBW2AZ49E4AR,1833,0,1613
W5,A1BBW2AZ49E4AR,1833,1,2500
W5,A1BBW2AZ49E4AR,1833,2,4257
W5,A1LMNBHUZRYBZ7,3474,0,1616
W5,A1LMNBHUZRYBZ7,3474,1,1934
W5,A1LMNBHUZRYBZ7,3474,2,2040
W5,A1LMNBHUZRYBZ7,3474,3,2377
W5,A1LMNBHUZRYBZ7,3474,4,3595
W5,A1LMNBHUZRYBZ7,3474,5,4934
W5,A2OIMJEGOCTQ87,9965,0,1625
W5,A3O8Z6IZ0VU3BB,15834,0,2336
W5,A3O8Z6IZ0VU3BB,15834,1,2340
W5,A3O8Z6IZ0VU3BB,15834,2,1635
W5,A3O8Z6IZ0VU3BB,15834,3,3753
W5,A3O8Z6IZ0VU3BB,15834,4,3560
W5,A3O8Z6IZ0VU3BB,15834,5,4049
W5,A3O8Z6IZ0VU3BB,15834,6,4051
W5,A3O8Z6IZ0VU3BB,15834,7,2117
W5,A3O8Z6IZ0VU3BB,15834,8,4677
W5,A3O8Z6IZ0VU3BB,15834,9,4675
W5,A240FRPD4MEXND,6517,0,2336
W5,A240FRPD4MEXND,6517,1,2663
W5,A240FRPD4MEXND,6517,2,1635
W5,A240FRPD4MEXND,6517,3,2309
W5,A240FRPD4MEXND,6517,4,4049
W5,A240FRPD4MEXND,6517,5,4058
W5,A240FRPD4MEXND,6517,6,3951
W5,A240FRPD4MEXND,6517,7,4678
W5,AZ5RD4IBQ9TMI,22236,0,1643
W5,AZ5RD4IBQ9TMI,22236,1,3803
W5,AZ5RD4IBQ9TMI,22236,2,5586
W5,A2ZJPDH0YP90SD,11789,0,1658
W5,A1Y8950MYIDY2M,5534,0,1883
W5,A1Y8950MYIDY2M,5534,1,1663
W5,ATJ22NADXNLD9,21337,0,1665
W5,ATJ22NADXNLD9,21337,1,8100
W5,A1SSIDDDCCK1E,4634,0,1668
W5,A1SSIDDDCCK1E,4634,1,7981
W5,A3OD3HNHVSYJCR,15848,0,1669
W5,A1G6HZ3CGYEYNN,2593,0,1669
W5,A2VIP825RRH87T,11132,0,1669
W5,A3LDKPBIJTKCVD,15361,0,1671
W5,A1U3UICGCDNJYY,4847,0,1671
W5,A3ULEVTGO01H5W,16922,0,1675
W5,A3ULEVTGO01H5W,16922,1,3389
W5,A34BWLZ9HERHGM,12568,0,1675
W5,AN2CU1YP12J4U,20320,0,2299
W5,AN2CU1YP12J4U,20320,1,1681
W5,AN2CU1YP12J4U,20320,2,1749
W5,AN2CU1YP12J4U,20320,3,2341
W5,AN2CU1YP12J4U,20320,4,2419
W5,AN2CU1YP12J4U,20320,5,3347
W5,AN2CU1YP12J4U,20320,6,3657
W5,AN2CU1YP12J4U,20320,7,3877
W5,AN2CU1YP12J4U,20320,8,4270
W5,A27ZGQRG5W3D2H,7178,0,1683
W5,A2J76QE7Q2SBB5,9030,0,1692
W5,A16PUD6V3KAZ0Q,1068,0,1701
W5,A16PUD6V3KAZ0Q,1068,1,2329
W5,ANR3DZKCYLTPC,20438,0,1701
W5,ANR3DZKCYLTPC,20438,1,1704
W5,ANR3DZKCYLTPC,20438,2,1709
W5,A39NPF3MMGYQJN,13436,0,1705
W5,A39NPF3MMGYQJN,13436,1,3699
W5,A2V4DB9LP6AUHR,11051,0,1708
W5,A304XOTK53N44H,11874,0,1711
W5,A1LHXIWIST0LGU,3455,0,1712
W5,A1LHXIWIST0LGU,3455,1,2373
W5,A1APT9S64ARZYX,1741,0,2139
W5,A1APT9S64ARZYX,1741,1,1712
W5,A34RN6XV67W7CN,12645,0,1712
W5,A8000GGUGQI1T,17819,0,1717
W5,A8000GGUGQI1T,17819,1,3753
W5,A19MMYMZO363KM,1543,0,1726
W5,AJBF0L0KVJG8J,19713,0,1726
W5,AJBF0L0KVJG8J,19713,1,4051
W5,AJBF0L0KVJG8J,19713,2,4148
W5,AT96TYI24GKXH,21289,0,3028
W5,AT96TYI24GKXH,21289,1,1727
W5,AT96TYI24GKXH,21289,2,4152
W5,A2R1HUYHXV7H18,10385,0,1727
W5,A2R1HUYHXV7H18,10385,1,3333
W5,AEWYUPCNDV7HY,18975,0,3803
W5,AEWYUPCNDV7HY,18975,1,1727
W5,AEWYUPCNDV7HY,18975,2,3555
W5,AEWYUPCNDV7HY,18975,3,3637
W5,AEWYUPCNDV7HY,18975,4,3753
W5,AEWYUPCNDV7HY,18975,5,3559
W5,AEWYUPCNDV7HY,18975,6,3560
W5,AEWYUPCNDV7HY,18975,7,4152
W5,AEWYUPCNDV7HY,18975,8,2067
W5,AEWYUPCNDV7HY,18975,9,4150
W5,AEWYUPCNDV7HY,18975,10,4675
W5,AHN86VFJIJ2JP,19417,0,3669
W5,AHN86VFJIJ2JP,19417,1,4009
W5,AHN86VFJIJ2JP,19417,2,1729
W5,AHN86VFJIJ2JP,19417,3,4270
W5,AHN86VFJIJ2JP,19417,4,4675
W5,AHN86VFJIJ2JP,19417,5,4678
W5,A3OI2DW7TAE923,15870,0,3379
W5,A3OI2DW7TAE923,15870,1,1739
W5,A16V6Y0BWZAGNI,1090,0,1742
W5,A1OW6KDQCDLUO5,4016,0,1745
W5,A1OW6KDQCDLUO5,4016,1,2737
W5,A1DH3QDZX8Z7GO,2164,0,1749
W5,A3FA78E0G3G4GQ,14345,0,1749
W5,A2TLX2LJFMICK0,10805,0,1754
W5,A3CCY15WKC3VDH,13878,0,1757
W5,A1U02OWGLZ17KM,4829,0,1760
W5,AI0NMYA3LKXW1,19486,0,1763
W5,AI0NMYA3LKXW1,19486,1,3448
W5,A1G7JK59HJK9O0,2596,0,1767
W5,A2OF2NV5IFXXU0,9947,0,1773
W5,A3UUTDX2WNVUS3,16959,0,1773
W5,A1XTVN0TGNHW92,5462,0,1783
W5,AH7FWHWAXMBPG,19356,0,1786
W5,AH7FWHWAXMBPG,19356,1,1785
W5,A12S38AVBTZ8HI,454,0,1785
W5,A26LD9FQHTM8ZH,6952,0,1786
W5,A26LD9FQHTM8ZH,6952,1,3590
W5,A26LD9FQHTM8ZH,6952,2,4051
W5,A26LD9FQHTM8ZH,6952,3,4675
W5,AB4BA4ZV46R0U,18334,0,1804
W5,A1DQHS7MOVYYYA,2203,0,4270
W5,A1DQHS7MOVYYYA,2203,1,3685
W5,A1DQHS7MOVYYYA,2203,2,1807
W5,A1DQHS7MOVYYYA,2203,3,4300
W5,A1DQHS7MOVYYYA,2203,4,3338
W5,A1DQHS7MOVYYYA,2203,5,1942
W5,A1DQHS7MOVYYYA,2203,6,2029
W5,A1DQHS7MOVYYYA,2203,7,2626
W5,A1DQHS7MOVYYYA,2203,8,4675
W5,A1DQHS7MOVYYYA,2203,9,4321
W5,A1DQHS7MOVYYYA,2203,10,3637
W5,A1DQHS7MOVYYYA,2203,11,4659
W5,A3H83NUY2ACWMU,14695,0,1813
W5,A1ZAYB88YRR93L,5730,0,1815
W5,A1HSY7M1GCHWO8,2855,0,1815
W5,A284FAGKX0W4U4,7197,0,1820
W5,A284FAGKX0W4U4,7197,1,2090
W5,A284FAGKX0W4U4,7197,2,2120
W5,A3RQMPIT3WLZ2N,16427,0,3206
W5,A3RQMPIT3WLZ2N,16427,1,1826
W5,A3RQMPIT3WLZ2N,16427,2,3047
W5,A3RQMPIT3WLZ2N,16427,3,4464
W5,A3RQMPIT3WLZ2N,16427,4,3669
W5,A3UJRH5KS6B2X4,16915,0,1830
W5,A30638B9S2GOM8,11880,0,1837
W5,A24LDFUAY9N058,6605,0,1852
W5,A4N2MORJWLSCP,17281,0,1867
W5,A234G6UKEMMDCY,6376,0,1876
W5,AUAUFXZ4V52DX,21459,0,1879
W5,A1GADE7VXFIIME,2608,0,1883
W5,AS5Y8GODK9IDQ,21114,0,1883
W5,AS5Y8GODK9IDQ,21114,1,2384
W5,A3E5KPDJ9OMGL3,14152,0,1883
W5,AK8R17VG1OSVF,19856,0,2154
W5,AK8R17VG1OSVF,19856,1,3559
W5,AK8R17VG1OSVF,19856,2,3560
W5,AK8R17VG1OSVF,19856,3,4152
W5,AK8R17VG1OSVF,19856,4,4051
W5,AK8R17VG1OSVF,19856,5,1887
W5,AK8R17VG1OSVF,19856,6,3690
W5,AK8R17VG1OSVF,19856,7,2243
W5,A35XCDCJI7WT4L,12829,0,1892
W5,A35XCDCJI7WT4L,12829,1,3100
W5,A35JW0Z4PQ72TG,12773,0,1892
W5,A3FB4775FLIKS5,14347,0,1897
W5,A2NSDP0SJZNTUJ,9856,0,1902
W5,A2NSDP0SJZNTUJ,9856,1,10202
W5,AG4AEU0L4W2ZC,19177,0,3638
W5,AG4AEU0L4W2ZC,19177,1,3769
W5,AG4AEU0L4W2ZC,19177,2,3643
W5,AG4AEU0L4W2ZC,19177,3,3854
W5,AG4AEU0L4W2ZC,19177,4,1903
W5,AJ62Y7TMV60MO,19684,0,1904
W5,AJ62Y7TMV60MO,19684,1,2114
W5,A2SSV6KM3W1VFD,10660,0,4152
W5,A2SSV6KM3W1VFD,10660,1,1907
W5,A2SSV6KM3W1VFD,10660,2,4270
W5,A2SSV6KM3W1VFD,10660,3,2067
W5,A2SSV6KM3W1VFD,10660,4,4151
W5,A2SSV6KM3W1VFD,10660,5,4150
W5,A2K3BEKTAE9ICC,9177,0,1924
W5,A2K3BEKTAE9ICC,9177,1,5616
W5,A2K3BEKTAE9ICC,9177,2,2012
W5,A1972S1RPX618R,1481,0,1927
W5,A3R8WVB5HU3872,16340,0,1928
W5,A3K5NN47EZZC3N,15174,0,1929
W5,AF8SREA2XE7BJ,19021,0,1934
W5,A35O3IFYBBM4Q1,12794,0,1935
W5,A2H5R2NN27SIGY,8696,0,1942
W5,A33J2VWP9HXDU9,12440,0,1943
W5,A33J2VWP9HXDU9,12440,1,2883
W5,A33J2VWP9HXDU9,12440,2,2901
W5,A26DA070XLT8FP,6915,0,1943
W5,A26DA070XLT8FP,6915,1,2901
W5,A26DA070XLT8FP,6915,2,4150
W5,A33UF1NJEKY3H1,12483,0,1945
W5,A33UF1NJEKY3H1,12483,1,3487
W5,A2KJN6XUEP2NFW,9242,0,1945
W5,A1ZU55TM45Y2R8,5816,0,1953
W5,A2RW587355CMVA,10507,0,2663
W5,A2RW587355CMVA,10507,1,1956
W5,A2RW587355CMVA,10507,2,4677
W5,A2RW587355CMVA,10507,3,4678
W5,AZAZXX99CJJ5A,22260,0,1975
W5,AZAZXX99CJJ5A,22260,1,3602
W5,A1EKWVH8OCK83Q,2330,0,1975
W5,A3R01WHD75L6FG,16287,0,1975
W5,A1509YCCYCYQQ3,808,0,1982
W5,A35X2JJI49OBZP,12826,0,1987
W5,A35X2JJI49OBZP,12826,1,3684
W5,A1F2EYORWOZ3G1,2404,0,1989
W5,A3VFRKLYD51HBX,17047,0,1990
W5,A3VFRKLYD51HBX,17047,1,6887
W5,A3LC93HEBZ3CAL,15357,0,2007
W5,A3LC93HEBZ3CAL,15357,1,4371
W5,A3LC93HEBZ3CAL,15357,2,4043
W5,A3LC93HEBZ3CAL,15357,3,4048
W5,A1SIKUTTRGS85F,4594,0,2015
W5,AMYU3ZVCKFV0F,20297,0,2015
W5,A3USU6KRI8P1QA,16948,0,2024
W5,A2U8LHU93KFCFU,10897,0,2027
W5,A15T487HNTIOF7,919,0,2027
W5,ADTPR7EYWH3LQ,18786,0,2028
W5,A399GX63YK0CTS,13364,0,2028
W5,A2OTSPWEFJURH8,10020,0,2028
W5,A2OTSPWEFJURH8,10020,1,3058
W5,A2OTSPWEFJURH8,10020,2,3059
W5,A2OTSPWEFJURH8,10020,3,3522
W5,A161UJ11HHYTKS,962,0,2035
W5,A161UJ11HHYTKS,962,1,4425
W5,A1STXUS7VN9MVC,4640,0,2040
W5,A1STXUS7VN9MVC,4640,1,2377
W5,A21OQC78QA2X4Q,6112,0,2046
W5,A1LNIJXGIHWQCN,3478,0,2052
W5,A3KE6TMMH3BG00,15219,0,3225
W5,A3KE6TMMH3BG00,15219,1,2055
W5,AKOONLXNHCAYL,19931,0,2057
W5,A376FQCF5B8WBL,13019,0,2057
W5,A2S0S3Z9JHPPFK,10538,0,2060
W5,A1U6N9OFNXQ5QS,4859,0,2061
W5,A2MHCTX43MIMDZ,9617,0,2062
W5,ATN4J5VS8Q0YM,21354,0,3347
W5,ATN4J5VS8Q0YM,21354,1,3248
W5,ATN4J5VS8Q0YM,21354,2,3877
W5,ATN4J5VS8Q0YM,21354,3,2067
W5,A3T4OHEAHOJ700,16665,0,3555
W5,A3T4OHEAHOJ700,16665,1,3636
W5,A3T4OHEAHOJ700,16665,2,3637
W5,A3T4OHEAHOJ700,16665,3,4152
W5,A3T4OHEAHOJ700,16665,4,2329
W5,A3T4OHEAHOJ700,16665,5,4151
W5,A3T4OHEAHOJ700,16665,6,2067
W5,AYB8XLKTYMTTX,22106,0,3181
W5,AYB8XLKTYMTTX,22106,1,4024
W5,AYB8XLKTYMTTX,22106,2,2067
W5,AYB8XLKTYMTTX,22106,3,4677
W5,AYB8XLKTYMTTX,22106,4,4675
W5,A1IHK8GL1ESOND,2970,0,3877
W5,A1IHK8GL1ESOND,2970,1,4024
W5,A1IHK8GL1ESOND,2970,2,2067
W5,A1IHK8GL1ESOND,2970,3,4148
W5,A2K89R0B20LYHB,9207,0,2113
W5,A2K89R0B20LYHB,9207,1,3637
W5,A2K89R0B20LYHB,9207,2,3636
W5,A2K89R0B20LYHB,9207,3,4152
W5,A2K89R0B20LYHB,9207,4,4270
W5,A2K89R0B20LYHB,9207,5,2067
W5,A2K89R0B20LYHB,9207,6,4148
W5,A2K89R0B20LYHB,9207,7,2329
W5,A2K89R0B20LYHB,9207,8,4675
W5,AVXGN90BU95P8,21718,0,2067
W5,A36MP37DITBU6F,12957,0,3347
W5,A36MP37DITBU6F,12957,1,3560
W5,A36MP37DITBU6F,12957,2,4058
W5,A36MP37DITBU6F,12957,3,2067
W5,A23ZNGL704AW7O,6513,0,2336
W5,A23ZNGL704AW7O,6513,1,2341
W5,A23ZNGL704AW7O,6513,2,3801
W5,A23ZNGL704AW7O,6513,3,3560
W5,A23ZNGL704AW7O,6513,4,4039
W5,A23ZNGL704AW7O,6513,5,4150
W5,A23ZNGL704AW7O,6513,6,2067
W5,A1ZPY91VE3IDN1,5801,0,4051
W5,A1ZPY91VE3IDN1,5801,1,3767
W5,A1ZPY91VE3IDN1,5801,2,2067
W5,A24RT6AVJXJZHF,6632,0,2663
W5,A24RT6AVJXJZHF,6632,1,3347
W5,A24RT6AVJXJZHF,6632,2,2067
W5,A24RT6AVJXJZHF,6632,3,4151
W5,A1IGO319TZ0AUF,2963,0,3335
W5,A1IGO319TZ0AUF,2963,1,4024
W5,A1IGO319TZ0AUF,2963,2,4152
W5,A1IGO319TZ0AUF,2963,3,2067
W5,A33UZDO4KB4S0H,12488,0,2067
W5,A33UZDO4KB4S0H,12488,1,3817
W5,A23TGI02RB7JC,6484,0,3878
W5,A23TGI02RB7JC,6484,1,4152
W5,A23TGI02RB7JC,6484,2,2067
W5,A23TGI02RB7JC,6484,3,4040
W5,A1OA2ZW406NQXM,3918,0,3555
W5,A1OA2ZW406NQXM,3918,1,3636
W5,A1OA2ZW406NQXM,3918,2,3637
W5,A1OA2ZW406NQXM,3918,3,3898
W5,A1OA2ZW406NQXM,3918,4,2144
W5,A1OA2ZW406NQXM,3918,5,4051
W5,A1OA2ZW406NQXM,3918,6,4152
W5,A1OA2ZW406NQXM,3918,7,2336
W5,A1OA2ZW406NQXM,3918,8,2067
W5,AEC8HGE6EXU5H,18883,0,2067
W5,A2I5QH4F5FDKK5,8868,0,2113
W5,A2I5QH4F5FDKK5,8868,1,3951
W5,A2I5QH4F5FDKK5,8868,2,4270
W5,A2I5QH4F5FDKK5,8868,3,2067
W5,A2X3L31KCXBHCL,11384,0,2299
W5,A2X3L31KCXBHCL,11384,1,2419
W5,A2X3L31KCXBHCL,11384,2,4270
W5,A2X3L31KCXBHCL,11384,3,2067
W5,A2X3L31KCXBHCL,11384,4,4678
W5,A29VG90T649CSU,7494,0,4270
W5,A29VG90T649CSU,7494,1,2067
W5,A2YKWYC3WQJX5J,11633,0,2067
W5,A2YKWYC3WQJX5J,11633,1,4349
W5,A23E9ZPS2RQZS0,6423,0,2067
W5,A23E9ZPS2RQZS0,6423,1,4678
W5,A2QR043WBXXX6L,10344,0,2067
W5,A2QR043WBXXX6L,10344,1,4040
W5,A2QR043WBXXX6L,10344,2,4675
W5,A2QR043WBXXX6L,10344,3,4678
W5,A16YU3GRGCD95S,1109,0,3877
W5,A16YU3GRGCD95S,1109,1,2067
W5,A3SYMLOGJ05LLN,16641,0,2089
W5,AMDX75NURBOKH,20188,0,2094
W5,A2SNSC2U05O4TQ,10640,0,2113
W5,A2SNSC2U05O4TQ,10640,1,3657
W5,A2SNSC2U05O4TQ,10640,2,3559
W5,A2SNSC2U05O4TQ,10640,3,4152
W5,AZAKCIFE27RAA,22255,0,2901
W5,AZAKCIFE27RAA,22255,1,2113
W5,AZAKCIFE27RAA,22255,2,3559
W5,A2SH6A32BE6NEV,10610,0,3335
W5,A2SH6A32BE6NEV,10610,1,2113
W5,A2SH6A32BE6NEV,10610,2,3248
W5,A2SH6A32BE6NEV,10610,3,4058
W5,A2SH6A32BE6NEV,10610,4,4152
W5,A2SH6A32BE6NEV,10610,5,4151
W5,A2SH6A32BE6NEV,10610,6,4148
W5,A2SH6A32BE6NEV,10610,7,4150
W5,A2ZJMLZ1IA2YA9,11787,0,3758
W5,A2ZJMLZ1IA2YA9,11787,1,2113
W5,A2ZJMLZ1IA2YA9,11787,2,3347
W5,A2ZJMLZ1IA2YA9,11787,3,4270
W5,A2ZJMLZ1IA2YA9,11787,4,4677
W5,A2PSC7LUNIDEAH,10184,0,3335
W5,A2PSC7LUNIDEAH,10184,1,2113
W5,A2PSC7LUNIDEAH,10184,2,3878
W5,A2LW5AL0KQ9P1M,9499,0,3555
W5,A2LW5AL0KQ9P1M,9499,1,3335
W5,A2LW5AL0KQ9P1M,9499,2,3636
W5,A2LW5AL0KQ9P1M,9499,3,3637
W5,A2LW5AL0KQ9P1M,9499,4,3560
W5,A2LW5AL0KQ9P1M,9499,5,4049
W5,A2LW5AL0KQ9P1M,9499,6,4152
W5,A2LW5AL0KQ9P1M,9499,7,4270
W5,A2LW5AL0KQ9P1M,9499,8,4051
W5,A2LW5AL0KQ9P1M,9499,9,3951
W5,A2LW5AL0KQ9P1M,9499,10,4148
W5,A2LW5AL0KQ9P1M,9499,11,4151
W5,A2LW5AL0KQ9P1M,9499,12,4150
W5,A2LW5AL0KQ9P1M,9499,13,4677
W5,A2LW5AL0KQ9P1M,9499,14,4678
W5,A2LW5AL0KQ9P1M,9499,15,2113
W5,A9GPCR9WJQCCJ,18063,0,3181
W5,A9GPCR9WJQCCJ,18063,1,2113
W5,A9GPCR9WJQCCJ,18063,2,3636
W5,A9GPCR9WJQCCJ,18063,3,3560
W5,A8WXLST0944GZ,17980,0,3181
W5,A8WXLST0944GZ,17980,1,3335
W5,A8WXLST0944GZ,17980,2,2113
W5,AQIJ3ZEEVCIKU,20850,0,2113
W5,AQIJ3ZEEVCIKU,20850,1,3636
W5,A7Y9MP7H8LYUE,17806,0,2113
W5,A7Y9MP7H8LYUE,17806,1,4675
W5,A1LFXR2GB56XWA,3441,0,2113
W5,A1LFXR2GB56XWA,3441,1,3637
W5,A1LFXR2GB56XWA,3441,2,3559
W5,A1LFXR2GB56XWA,3441,3,3636
W5,A1LFXR2GB56XWA,3441,4,4049
W5,A1LFXR2GB56XWA,3441,5,4152
W5,A1LFXR2GB56XWA,3441,6,4148
W5,A1LFXR2GB56XWA,3441,7,4151
W5,A1LFXR2GB56XWA,3441,8,4677
W5,A13700AF4X40YG,519,0,2341
W5,A13700AF4X40YG,519,1,3801
W5,A13700AF4X40YG,519,2,2113
W5,A13700AF4X40YG,519,3,4039
W5,A122SFGLAHQLSJ,348,0,3657
W5,A122SFGLAHQLSJ,348,1,2113
W5,A122SFGLAHQLSJ,348,2,3347
W5,A122SFGLAHQLSJ,348,3,3878
W5,A122SFGLAHQLSJ,348,4,3770
W5,A122SFGLAHQLSJ,348,5,4152
W5,A122SFGLAHQLSJ,348,6,4151
W5,A122SFGLAHQLSJ,348,7,4039
W5,A3DF2RIXV8DRJN,14032,0,2113
W5,A3FBM0RMCMAABV,14352,0,2113
W5,A3FBM0RMCMAABV,14352,1,3637
W5,A3FBM0RMCMAABV,14352,2,3248
W5,A3FBM0RMCMAABV,14352,3,3560
W5,A3FBM0RMCMAABV,14352,4,3878
W5,A3FBM0RMCMAABV,14352,5,3898
W5,A3FBM0RMCMAABV,14352,6,4152
W5,A3FBM0RMCMAABV,14352,7,4270
W5,A3FBM0RMCMAABV,14352,8,4040
W5,A3FBM0RMCMAABV,14352,9,4151
W5,A3FBM0RMCMAABV,14352,10,4677
W5,A28RSMADFCBJDT,7311,0,2113
W5,A28RSMADFCBJDT,7311,1,3559
W5,A3NKSVKXMM5I4T,15714,0,2113
W5,A3NKSVKXMM5I4T,15714,1,2310
W5,AFDJGY68CQL2X,19041,0,2113
W5,AFDJGY68CQL2X,19041,1,3636
W5,AFDJGY68CQL2X,19041,2,3637
W5,AFDJGY68CQL2X,19041,3,3559
W5,AFDJGY68CQL2X,19041,4,2329
W5,AFDJGY68CQL2X,19041,5,4152
W5,AFDJGY68CQL2X,19041,6,4148
W5,AFDJGY68CQL2X,19041,7,4151
W5,A2F1QPIJTDWK55,8352,0,2336
W5,A2F1QPIJTDWK55,8352,1,3801
W5,A2F1QPIJTDWK55,8352,2,2777
W5,A2F1QPIJTDWK55,8352,3,3555
W5,A2F1QPIJTDWK55,8352,4,2113
W5,A2F1QPIJTDWK55,8352,5,4049
W5,A2F1QPIJTDWK55,8352,6,4152
W5,A2F1QPIJTDWK55,8352,7,3951
W5,A21BVL7PKG9BX8,6063,0,2113
W5,A2JLYOGJHC5X3T,9101,0,2116
W5,AK9244492KFG0,19857,0,2116
W5,A133W8PZ48AXW0,507,0,2116
W5,AIP0VIGQWIW90,19595,0,2118
W5,AIP0VIGQWIW90,19595,1,4152
W5,A3CX8VEJANI6R6,13961,0,2122
W5,A20L63B48RPSOH,5938,0,2131
W5,A32Y64Q05ESWE,12324,0,2143
W5,A1O229NVVDJUX2,3880,0,3335
W5,A1O229NVVDJUX2,3880,1,3248
W5,A1O229NVVDJUX2,3880,2,4270
W5,A1O229NVVDJUX2,3880,3,2144
W5,A3EUSH8DPW75LR,14275,0,2144
W5,A3EUSH8DPW75LR,14275,1,3669
W5,A3EUSH8DPW75LR,14275,2,3671
W5,A30YBYLNRPOEG2,12000,0,2145
W5,A1UCPXUBSESD65,4882,0,2158
W5,A1XG5WYLFMRRX1,5405,0,2170
W5,A37RBO0G1LYZ5S,13109,0,2171
W5,A25T93TEE4QZ90,6819,0,2171
W5,A25T93TEE4QZ90,6819,1,2645
W5,A36HEY6E2XQT75,12933,0,2171
W5,A36HEY6E2XQT75,12933,1,3555
W5,A36HEY6E2XQT75,12933,2,3636
W5,A36HEY6E2XQT75,12933,3,3248
W5,A36HEY6E2XQT75,12933,4,4152
W5,A36HEY6E2XQT75,12933,5,3951
W5,A36HEY6E2XQT75,12933,6,4675
W5,A27DHFFWMH042Y,7080,0,2172
W5,A2U7I54G4UXKGQ,10889,0,2184
W5,A2U7I54G4UXKGQ,10889,1,2388
W5,A7JQV0Y0F8FF1,17733,0,2211
W5,A7JQV0Y0F8FF1,17733,1,2271
W5,A7JQV0Y0F8FF1,17733,2,2272
W5,AV3XTMK5I2AWI,21593,0,2214
W5,A1JUF8HCOHA6UU,3203,0,2231
W5,A1JUF8HCOHA6UU,3203,1,3680
W5,A1JUF8HCOHA6UU,3203,2,2216
W5,A30G633CLCZSBY,11920,0,2229
W5,A30G633CLCZSBY,11920,1,3070
W5,A1O4U9AOOKERGU,3893,0,2583
W5,A1O4U9AOOKERGU,3893,1,5083
W5,A1O4U9AOOKERGU,3893,2,2234
W5,A1O4U9AOOKERGU,3893,3,2268
W5,AOPZR9IDU2JV8,20583,0,2243
W5,ACRIUHXH5F6V8,18616,0,2243
W5,ACRIUHXH5F6V8,18616,1,2645
W5,A2GPJR489OIH42,8626,0,3636
W5,A2GPJR489OIH42,8626,1,3559
W5,A2GPJR489OIH42,8626,2,2261
W5,A2GPJR489OIH42,8626,3,3206
W5,A2GPJR489OIH42,8626,4,4151
W5,A2GPJR489OIH42,8626,5,3215
W5,A28XHD6IZKPTSS,7347,0,2261
W5,AEOIBKWIMG8SF,18950,0,2265
W5,ARFDJ4L3QDLLT,21002,0,2277
W5,A22J92A80WI059,6260,0,2284
W5,A2L1TZ3D5N96MT,9340,0,2868
W5,A2L1TZ3D5N96MT,9340,1,3719
W5,A2L1TZ3D5N96MT,9340,2,2286
W5,A2L1TZ3D5N96MT,9340,3,4029
W5,A2U8GMCTKTORZP,10895,0,3499
W5,A2U8GMCTKTORZP,10895,1,3501
W5,A2U8GMCTKTORZP,10895,2,3504
W5,A2U8GMCTKTORZP,10895,3,3508
W5,A2U8GMCTKTORZP,10895,4,2290
W5,A2U8GMCTKTORZP,10895,5,4800
W5,ANBJXONZERFE,20367,0,2598
W5,ANBJXONZERFE,20367,1,2293
W5,ANBJXONZERFE,20367,2,3833
W5,A2E1EFNIZL2FVA,8201,0,2299
W5,A2E1EFNIZL2FVA,8201,1,2309
W5,A2E1EFNIZL2FVA,8201,2,2341
W5,A2E1EFNIZL2FVA,8201,3,3801
W5,A2E1EFNIZL2FVA,8201,4,2419
W5,A2E1EFNIZL2FVA,8201,5,3657
W5,A2E1EFNIZL2FVA,8201,6,3560
W5,A2E1EFNIZL2FVA,8201,7,4024
W5,AQ8DU6XVA3USJ,20799,0,2299
W5,AQ8DU6XVA3USJ,20799,1,2663
W5,AQ8DU6XVA3USJ,20799,2,3801
W5,AQ8DU6XVA3USJ,20799,3,2419
W5,AQ8DU6XVA3USJ,20799,4,3347
W5,AQ8DU6XVA3USJ,20799,5,4024
W5,AQ8DU6XVA3USJ,20799,6,4270
W5,AQ8DU6XVA3USJ,20799,7,4040
W5,A14R9XMZVJ6INB,770,0,2299
W5,A14R9XMZVJ6INB,770,1,2309
W5,A14R9XMZVJ6INB,770,2,2663
W5,A14R9XMZVJ6INB,770,3,2419
W5,A14R9XMZVJ6INB,770,4,3817
W5,A39YHD54RIZJTS,13479,0,2299
W5,A39YHD54RIZJTS,13479,1,2419
W5,A2OW356OMJNAVH,10036,0,2299
W5,A2OW356OMJNAVH,10036,1,2341
W5,A2OW356OMJNAVH,10036,2,2663
W5,A2OW356OMJNAVH,10036,3,2777
W5,A2OW356OMJNAVH,10036,4,3248
W5,A2OW356OMJNAVH,10036,5,4270
W5,A2OW356OMJNAVH,10036,6,4040
W5,A2UYWE97KME0M,11027,0,2299
W5,A2UYWE97KME0M,11027,1,2341
W5,A2UYWE97KME0M,11027,2,2419
W5,A2UYWE97KME0M,11027,3,3817
W5,A37E6RW5BUX4U0,13055,0,2299
W5,A37E6RW5BUX4U0,13055,1,2336
W5,A37E6RW5BUX4U0,13055,2,2341
W5,A2JNW9NNS7KKVS,9108,0,2299
W5,A2JNW9NNS7KKVS,9108,1,2336
W5,A2JNW9NNS7KKVS,9108,2,3801
W5,A2JNW9NNS7KKVS,9108,3,2341
W5,A2JNW9NNS7KKVS,9108,4,4675
W5,A2JNW9NNS7KKVS,9108,5,4677
W5,A2BZCHIDR5FTYA,7857,0,2299
W5,AQ9JTZBF30IW0,20803,0,2299
W5,AQ9JTZBF30IW0,20803,1,2341
W5,A32R2HB7JUKA80,12295,0,2299
W5,A32R2HB7JUKA80,12295,1,4051
W5,A3BTL4FV6ODKAT,13791,0,2299
W5,A3BTL4FV6ODKAT,13791,1,2341
W5,A3BTL4FV6ODKAT,13791,2,3181
W5,A3OO4WIO4SKD55,15902,0,2299
W5,A3OO4WIO4SKD55,15902,1,2663
W5,A3OO4WIO4SKD55,15902,2,3181
W5,A3OO4WIO4SKD55,15902,3,2777
W5,A3OO4WIO4SKD55,15902,4,4058
W5,A3OO4WIO4SKD55,15902,5,3878
W5,A3OO4WIO4SKD55,15902,6,4040
W5,AL2VDE4LO4ESR,19981,0,2299
W5,A1XFNGJ2BMGKAZ,5403,0,2299
W5,A1XFNGJ2BMGKAZ,5403,1,2663
W5,A1XFNGJ2BMGKAZ,5403,2,4039
W5,ACEA95FQS1AVP,18560,0,2299
W5,ACEA95FQS1AVP,18560,1,2341
W5,ACEA95FQS1AVP,18560,2,2309
W5,ACEA95FQS1AVP,18560,3,3801
W5,ACEA95FQS1AVP,18560,4,4677
W5,A2065HBMYDXJ1S,5877,0,2299
W5,A2065HBMYDXJ1S,5877,1,2341
W5,A2065HBMYDXJ1S,5877,2,2663
W5,A2065HBMYDXJ1S,5877,3,2419
W5,A2065HBMYDXJ1S,5877,4,4678
W5,A1JAPP1CXRG57A,3111,0,2299
W5,A1JAPP1CXRG57A,3111,1,2336
W5,A1JAPP1CXRG57A,3111,2,2309
W5,A1JAPP1CXRG57A,3111,3,3801
W5,A1JAPP1CXRG57A,3111,4,4049
W5,A1JAPP1CXRG57A,3111,5,4270
W5,A1JAPP1CXRG57A,3111,6,4051
W5,A1JAPP1CXRG57A,3111,7,4039
W5,A1JAPP1CXRG57A,3111,8,4040
W5,A1JAPP1CXRG57A,3111,9,4677
W5,A1JAPP1CXRG57A,3111,10,4150
W5,A1JAPP1CXRG57A,3111,11,4678
W5,A3E3GD3TABXKU1,14145,0,2299
W5,A3E3GD3TABXKU1,14145,1,3181
W5,A3E3GD3TABXKU1,14145,2,2777
W5,A3E3GD3TABXKU1,14145,3,3817
W5,A3E3GD3TABXKU1,14145,4,4024
W5,A3E3GD3TABXKU1,14145,5,4040
W5,A3QBCX2QMKJ7AH,16175,0,2299
W5,A3QBCX2QMKJ7AH,16175,1,2419
W5,A3QBCX2QMKJ7AH,16175,2,4039
W5,A3QBCX2QMKJ7AH,16175,3,4270
W5,A3L1MEXXDI4Q77,15309,0,2299
W5,A3L1MEXXDI4Q77,15309,1,2341
W5,A3L1MEXXDI4Q77,15309,2,3335
W5,A3L1MEXXDI4Q77,15309,3,3657
W5,A3L1MEXXDI4Q77,15309,4,4051
W5,A3L1MEXXDI4Q77,15309,5,4040
W5,A2SRVDDDOQ8QJL,10654,0,2299
W5,A2SRVDDDOQ8QJL,10654,1,2663
W5,A1QVFHPY8418HC,4330,0,2299
W5,A1QVFHPY8418HC,4330,1,2419
W5,A2MO9URO4526Q2,9656,0,2299
W5,A2MO9URO4526Q2,9656,1,3801
W5,A2MO9URO4526Q2,9656,2,4039
W5,A3Q4TYJVAM4IRM,16148,0,2299
W5,A3Q4TYJVAM4IRM,16148,1,2341
W5,A3Q4TYJVAM4IRM,16148,2,2663
W5,A3Q4TYJVAM4IRM,16148,3,2945
W5,A3Q4TYJVAM4IRM,16148,4,3657
W5,A3Q4TYJVAM4IRM,16148,5,3817
W5,AIWDGRTLV7IQF,19635,0,2299
W5,AIWDGRTLV7IQF,19635,1,2336
W5,AIWDGRTLV7IQF,19635,2,4675
W5,A1FRADBDXQPJJC,2528,0,2299
W5,A1FRADBDXQPJJC,2528,1,2341
W5,A1FRADBDXQPJJC,2528,2,2419
W5,A1FRADBDXQPJJC,2528,3,3248
W5,A1FRADBDXQPJJC,2528,4,3878
W5,A1FRADBDXQPJJC,2528,5,4152
W5,A1FRADBDXQPJJC,2528,6,4270
W5,A1FRADBDXQPJJC,2528,7,4148
W5,A3QFGLTU232O72,16200,0,2299
W5,A3QFGLTU232O72,16200,1,2419
W5,A3QFGLTU232O72,16200,2,3181
W5,A1LHAXBM5GBJS2,3449,0,2299
W5,A1LHAXBM5GBJS2,3449,1,2336
W5,A1LHAXBM5GBJS2,3449,2,3181
W5,A1LHAXBM5GBJS2,3449,3,3248
W5,A25B8W9VSY0C5Y,6740,0,2299
W5,A25B8W9VSY0C5Y,6740,1,3817
W5,A3DD96LN8U1NM,14020,0,2304
W5,AKDXXW89ZLCJS,19880,0,2309
W5,AKDXXW89ZLCJS,19880,1,4051
W5,A3FXT4UPI30K7S,14455,0,2309
W5,A3GTJ37QK2SPSB,14629,0,2309
W5,A3GTJ37QK2SPSB,14629,1,2341
W5,A3GTJ37QK2SPSB,14629,2,2663
W5,A3GTJ37QK2SPSB,14629,3,3817
W5,A3GTJ37QK2SPSB,14629,4,3878
W5,A3GTJ37QK2SPSB,14629,5,4152
W5,A3GTJ37QK2SPSB,14629,6,4270
W5,A2W4014S06NAIT,11239,0,2309
W5,A2W4014S06NAIT,11239,1,3801
W5,A2W4014S06NAIT,11239,2,3817
W5,A2W4014S06NAIT,11239,3,3877
W5,A2W4014S06NAIT,11239,4,4024
W5,A2K4HN6EECBNR3,9183,0,3801
W5,A2K4HN6EECBNR3,9183,1,2309
W5,A2K4HN6EECBNR3,9183,2,3347
W5,A2K4HN6EECBNR3,9183,3,4024
W5,A2K4HN6EECBNR3,9183,4,4040
W5,A21S26XYPGXJZX,6128,0,2341
W5,A21S26XYPGXJZX,6128,1,2309
W5,A21S26XYPGXJZX,6128,2,4270
W5,A34W7QA4J5UTOR,12664,0,2309
W5,A34W7QA4J5UTOR,12664,1,3817
W5,A34W7QA4J5UTOR,12664,2,4024
W5,A34W7QA4J5UTOR,12664,3,4040
W5,A22TZUXUKA11SQ,6317,0,2309
W5,A22TZUXUKA11SQ,6317,1,2336
W5,A22TZUXUKA11SQ,6317,2,2341
W5,A22TZUXUKA11SQ,6317,3,2419
W5,A22TZUXUKA11SQ,6317,4,3559
W5,A22TZUXUKA11SQ,6317,5,4270
W5,A22TZUXUKA11SQ,6317,6,4049
W5,A2W9I628I6SE1U,11255,0,2336
W5,A2W9I628I6SE1U,11255,1,2309
W5,A2W9I628I6SE1U,11255,2,4270
W5,A2W9I628I6SE1U,11255,3,4678
W5,A17NX7T7DW6KL2,1222,0,2309
W5,A17NX7T7DW6KL2,1222,1,2663
W5,A2NBCCFDISGUQT,9759,0,2309
W5,A2NBCCFDISGUQT,9759,1,2341
W5,AQY5XBYSENNZQ,20917,0,2309
W5,A14638TGYH7GD9,661,0,2309
W5,A14638TGYH7GD9,661,1,2419
W5,A3EFSLEMHNPP6A,14208,0,2341
W5,A3EFSLEMHNPP6A,14208,1,2309
W5,A3EFSLEMHNPP6A,14208,2,3801
W5,A3EFSLEMHNPP6A,14208,3,2419
W5,A3EFSLEMHNPP6A,14208,4,3181
W5,A3EFSLEMHNPP6A,14208,5,3248
W5,A3EFSLEMHNPP6A,14208,6,3347
W5,A3EFSLEMHNPP6A,14208,7,3560
W5,A3EFSLEMHNPP6A,14208,8,3878
W5,A3EFSLEMHNPP6A,14208,9,4152
W5,A3EFSLEMHNPP6A,14208,10,4270
W5,A3EFSLEMHNPP6A,14208,11,4151
W5,A1QK0XCAPHIW1L,4268,0,2309
W5,A1QK0XCAPHIW1L,4268,1,3181
W5,A1QK0XCAPHIW1L,4268,2,4024
W5,A1QK0XCAPHIW1L,4268,3,4039
W5,A1QK0XCAPHIW1L,4268,4,4040
W5,A1QK0XCAPHIW1L,4268,5,4677
W5,A1QK0XCAPHIW1L,4268,6,4678
W5,A1HBI9BBQIG1NH,2781,0,2309
W5,A1B3XQWH8QF51F,1798,0,2327
W5,A3HZHTHOSEHHXT,14815,0,2329
W5,A3HUC8541SJ6UT,14795,0,2329
W5,A2TVH2OBNXYXHV,10839,0,2329
W5,A1S52XH2CS4Y26,4535,0,3877
W5,A1S52XH2CS4Y26,4535,1,2329
W5,A3GMRYV7VAYK5Q,14589,0,3657
W5,A3GMRYV7VAYK5Q,14589,1,2329
W5,A3GMRYV7VAYK5Q,14589,2,3333
W5,A22S7D0LP8GRDH,6308,0,3181
W5,A22S7D0LP8GRDH,6308,1,2329
W5,A1P0JSFW184ZXJ,4032,0,3248
W5,A1P0JSFW184ZXJ,4032,1,2329
W5,A1P0JSFW184ZXJ,4032,2,4677
W5,A1P0JSFW184ZXJ,4032,3,4147
W5,A1P0JSFW184ZXJ,4032,4,4675
W5,A1P0JSFW184ZXJ,4032,5,3637
W5,A1VXIY1511XQK2,5127,0,3347
W5,A1VXIY1511XQK2,5127,1,2329
W5,A3BKNXX8QFIXIV,13746,0,3559
W5,A3BKNXX8QFIXIV,13746,1,3799
W5,A3BKNXX8QFIXIV,13746,2,2329
W5,AJ3K3HKR9UFVN,19674,0,3295
W5,AJ3K3HKR9UFVN,19674,1,2329
W5,A2T7GZ74MZI0MN,10737,0,2329
W5,A3KCKECEO3E2AN,15206,0,2329
W5,A36EW68H08UOCS,12916,0,2329
W5,A2VHCA21QKNEKE,11122,0,2329
W5,A1ER6IYOMM8VCT,2364,0,3877
W5,A1ER6IYOMM8VCT,2364,1,2329
W5,A1ER6IYOMM8VCT,2364,2,4051
W5,A1ER6IYOMM8VCT,2364,3,3951
W5,A3U5JCXIXTGSLN,16853,0,2329
W5,ALGI34BYWIXZG,20040,0,2329
W5,ALGI34BYWIXZG,20040,1,4049
W5,ALGI34BYWIXZG,20040,2,4040
W5,ALGI34BYWIXZG,20040,3,4677
W5,A1BT6TL7UCIC5Y,1910,0,3560
W5,A1BT6TL7UCIC5Y,1910,1,2329
W5,A3NWN21HH5CEWZ,15771,0,3248
W5,A3NWN21HH5CEWZ,15771,1,2329
W5,A3NWN21HH5CEWZ,15771,2,4039
W5,A3NWN21HH5CEWZ,15771,3,4040
W5,A3NWN21HH5CEWZ,15771,4,4677
W5,A1IA0O3OYQO9LV,2933,0,2329
W5,A1IA0O3OYQO9LV,2933,1,4270
W5,A9Q28YTLYREO7,18109,0,2333
W5,A2RJQK0WT4FZ8L,10448,0,2334
W5,A39650P2CZUUC9,13346,0,2334
W5,A2QVJFVM7SJ2I7,10362,0,2334
W5,A30IF7UO7VL847,11930,0,2334
W5,A30IF7UO7VL847,11930,1,3215
W5,A2G8HWW72XKY4X,8542,0,2334
W5,A36JO8IHKYBMMJ,12944,0,2336
W5,A36JO8IHKYBMMJ,12944,1,4677
W5,A3FHSLWEMH7JD8,14387,0,2336
W5,A3FHSLWEMH7JD8,14387,1,3801
W5,A3FHSLWEMH7JD8,14387,2,2341
W5,A3FHSLWEMH7JD8,14387,3,2419
W5,A3FHSLWEMH7JD8,14387,4,3248
W5,A3FHSLWEMH7JD8,14387,5,3817
W5,A3FHSLWEMH7JD8,14387,6,4049
W5,A3FHSLWEMH7JD8,14387,7,4270
W5,A3FHSLWEMH7JD8,14387,8,4051
W5,A3FHSLWEMH7JD8,14387,9,4039
W5,A3FHSLWEMH7JD8,14387,10,4678
W5,AM004PHO6F3FZ,20122,0,2336
W5,AM004PHO6F3FZ,20122,1,4024
W5,A10G4BPT5MGBHY,114,0,2336
W5,A10G4BPT5MGBHY,114,1,3801
W5,A10G4BPT5MGBHY,114,2,4049
W5,A10G4BPT5MGBHY,114,3,4051
W5,A18S2VGUH9SCV5,1422,0,2336
W5,A18S2VGUH9SCV5,1422,1,4677
W5,A18S2VGUH9SCV5,1422,2,4150
W5,A3VWGPUMJMVD1I,17132,0,2336
W5,A3VWGPUMJMVD1I,17132,1,3555
W5,A3VWGPUMJMVD1I,17132,2,4270
W5,A3VWGPUMJMVD1I,17132,3,4675
W5,A3VWGPUMJMVD1I,17132,4,4677
W5,A9P07NJ7UV0M,18102,0,2336
W5,A9P07NJ7UV0M,18102,1,4677
W5,A9P07NJ7UV0M,18102,2,4678
W5,A1X2B7H1P11DXH,5329,0,2336
W5,A1X2B7H1P11DXH,5329,1,2341
W5,A1X2B7H1P11DXH,5329,2,4039
W5,A1X2B7H1P11DXH,5329,3,4678
W5,ASJZT7DM51QEM,21188,0,2336
W5,ASJZT7DM51QEM,21188,1,4049
W5,ASJZT7DM51QEM,21188,2,3951
W5,ASJZT7DM51QEM,21188,3,4675
W5,ASJZT7DM51QEM,21188,4,4678
W5,A28N2AWOVO2PB,7285,0,2336
W5,A28N2AWOVO2PB,7285,1,4049
W5,A28N2AWOVO2PB,7285,2,3951
W5,A28N2AWOVO2PB,7285,3,4675
W5,A28N2AWOVO2PB,7285,4,4678
W5,A19DW3VKM5KKYB,1513,0,2336
W5,A3H7AOFQDPU0JV,14690,0,2336
W5,A3H7AOFQDPU0JV,14690,1,4049
W5,A3Q1B5FXRQ3DEC,16128,0,2340
W5,A3Q1B5FXRQ3DEC,16128,1,2566
W5,A3HCZTTUH3CW9Z,14716,0,2341
W5,A17GTGSS2E5QN0,1189,0,2341
W5,AVKUS8A25FPPW,21666,0,2341
W5,AVKUS8A25FPPW,21666,1,2419
W5,AVKUS8A25FPPW,21666,2,4051
W5,AVKUS8A25FPPW,21666,3,4270
W5,AVKUS8A25FPPW,21666,4,4677
W5,AVKUS8A25FPPW,21666,5,4678
W5,AW2BZYHG2MGSN,21742,0,2341
W5,AW2BZYHG2MGSN,21742,1,2419
W5,AW2BZYHG2MGSN,21742,2,3248
W5,ATJE929ETFFNH,21338,0,2341
W5,ATJE929ETFFNH,21338,1,2663
W5,ATJE929ETFFNH,21338,2,4049
W5,A2RME4353Y911C,10459,0,2341
W5,A2RME4353Y911C,10459,1,3248
W5,A2RME4353Y911C,10459,2,3817
W5,A2RME4353Y911C,10459,3,4024
W5,A2RME4353Y911C,10459,4,4040
W5,A1VUN4JU731CBH,5118,0,2341
W5,A1VUN4JU731CBH,5118,1,3801
W5,A1VUN4JU731CBH,5118,2,4678
W5,A17CP110C6E9KF,1176,0,2341
W5,A17CP110C6E9KF,1176,1,2663
W5,A17CP110C6E9KF,1176,2,3335
W5,A17CP110C6E9KF,1176,3,3248
W5,A17CP110C6E9KF,1176,4,4049
W5,A17CP110C6E9KF,1176,5,4058
W5,A17CP110C6E9KF,1176,6,4678
W5,AB0F3WF0GCCC0,18311,0,2663
W5,AB0F3WF0GCCC0,18311,1,2341
W5,AB0F3WF0GCCC0,18311,2,3181
W5,A29CK3R8EIDEJG,7412,0,2341
W5,A29CK3R8EIDEJG,7412,1,3801
W5,A1FWFCJU2G7TRA,2549,0,2341
W5,A1FWFCJU2G7TRA,2549,1,2419
W5,A1FWFCJU2G7TRA,2549,2,4083
W5,A1FWFCJU2G7TRA,2549,3,3347
W5,A1FWFCJU2G7TRA,2549,4,4270
W5,A1FWFCJU2G7TRA,2549,5,4677
W5,A1FWFCJU2G7TRA,2549,6,4678
W5,A1FWFCJU2G7TRA,2549,7,4675
W5,A27P0MW8TE1JQP,7138,0,2341
W5,A27P0MW8TE1JQP,7138,1,3181
W5,A27P0MW8TE1JQP,7138,2,3248
W5,A3Q1J68QY1MZQ9,16131,0,2341
W5,A3Q1J68QY1MZQ9,16131,1,2663
W5,A3Q1J68QY1MZQ9,16131,2,3248
W5,A1IEJ0IA7N7ME0,2954,0,2341
W5,A5S99I7R7ZAC3,17468,0,2341
W5,A1V4QK4OE1A0QS,5006,0,2341
W5,A1V4QK4OE1A0QS,5006,1,4675
W5,AH32BK6OVLY93,19330,0,2341
W5,AH32BK6OVLY93,19330,1,2663
W5,AH32BK6OVLY93,19330,2,3248
W5,A125DHLL6C0V1I,362,0,2341
W5,A125DHLL6C0V1I,362,1,4627
W5,ARPB88E6F2MFR,21042,0,2366
W5,ARPB88E6F2MFR,21042,1,4270
W5,A3TOFRVX4N9UT5,16768,0,2373
W5,ARRSXZ6G1745Y,21051,0,2373
W5,AC4XLUZBAH94U,18522,0,2373
W5,AC4XLUZBAH94U,18522,1,3772
W5,A1M04H40ZVGWVG,3528,0,2386
W5,A2E1NX5E24YWPV,8204,0,2388
W5,A2JY0MTZBFR660,9149,0,2397
W5,A3SQQYS79AV13M,16601,0,2399
W5,AY6A8KPYCE6B0,22084,0,2404
W5,AY6A8KPYCE6B0,22084,1,2407
W5,AY6A8KPYCE6B0,22084,2,3705
W5,A2PTX32OTTTEF,10193,0,2408
W5,A2KJ6RTHZYFW7Q,9239,0,2411
W5,A1QRRMR2MQCN5,4306,0,2415
W5,A14CDEVBVTOB0B,686,0,2419
W5,A1KEK09ZA6J9P8,3290,0,2419
W5,A1KEK09ZA6J9P8,3290,1,4270
W5,A1KEK09ZA6J9P8,3290,2,3951
W5,A1KEK09ZA6J9P8,3290,3,4675
W5,A2TI8XP8GY1RO1,10788,0,2419
W5,A8MZA6YR9UAN9,17926,0,2419
W5,A8MZA6YR9UAN9,17926,1,4024
W5,A19XE6G6NDZFPS,1587,0,2419
W5,A8NMJIAMCVMP5,17930,0,2419
W5,AC5UOO7YRH4IK,18527,0,2419
W5,AC5UOO7YRH4IK,18527,1,3601
W5,AC5UOO7YRH4IK,18527,2,3181
W5,AC5UOO7YRH4IK,18527,3,3335
W5,AC5UOO7YRH4IK,18527,4,2838
W5,AC5UOO7YRH4IK,18527,5,3889
W5,A1H7Y5XKPGT0OS,2767,0,2419
W5,A1H7Y5XKPGT0OS,2767,1,3877
W5,A1H7Y5XKPGT0OS,2767,2,4039
W5,A3NM1MT3Q2FHXV,15723,0,2419
W5,A2ZHH7AK83JB5G,11776,0,2419
W5,AHWHAUJILZCG7,19464,0,2419
W5,AHWHAUJILZCG7,19464,1,2420
W5,AHWHAUJILZCG7,19464,2,3116
W5,A37NIUOMN9L2HG,13093,0,2432
W5,A37NIUOMN9L2HG,13093,1,5541
W5,A2QP136UNGUCA6,10333,0,3954
W5,A2QP136UNGUCA6,10333,1,2449
W5,A461VTLW9G9YB,17210,0,2451
W5,A2VZDSB85BEUQ1,11213,0,2461
W5,ABY77ZEHN9WLU,18484,0,2476
W5,ABY77ZEHN9WLU,18484,1,3560
W5,ABY77ZEHN9WLU,18484,2,3878
W5,ABY77ZEHN9WLU,18484,3,2574
W5,ABY77ZEHN9WLU,18484,4,4152
W5,ABY77ZEHN9WLU,18484,5,4270
W5,ABY77ZEHN9WLU,18484,6,4051
W5,A3BN3TMY1S9F7C,13755,0,2494
W5,A3BN3TMY1S9F7C,13755,1,2495
W5,A3BN3TMY1S9F7C,13755,2,3817
W5,A3BN3TMY1S9F7C,13755,3,4024
W5,A3BN3TMY1S9F7C,13755,4,4051
W5,A787B6VWK1PIH,17699,0,2495
W5,AEFIOZT3MZUSZ,18907,0,2500
W5,AEFIOZT3MZUSZ,18907,1,4946
W5,A2MK8NMY0RI6DX,9631,0,2500
W5,A3UT3RFYT6YJRE,16953,0,2503
W5,AN4NDOQ269KV,20330,0,2503
W5,A3VU72O2BZSPXW,17124,0,2505
W5,AKR4DH6WLF6GG,19936,0,2513
W5,A3EAPZ8HVA6IGS,14177,0,2540
W5,A3EAPZ8HVA6IGS,14177,1,2843
W5,A3IFT8N1349D6J,14884,0,2542
W5,A3KSXW1MF1GRHQ,15272,0,2543
W5,A1XW5MPEN3P6EG,5467,0,2553
W5,A3BHZ8P7G3NCW9,13735,0,2560
W5,A3P6PVUIQ6RDYN,15976,0,2565
W5,AEMSGB00FL3YO,18943,0,4048
W5,AEMSGB00FL3YO,18943,1,4150
W5,AEMSGB00FL3YO,18943,2,2567
W5,A1H2S5OUI5IOK4,2742,0,2571
W5,A1FMS5Z62TG910,2500,0,2577
W5,A1TUM1Q5Z1CY2U,4796,0,2612
W5,A22C7AF2VXN311,6228,0,2620
W5,A21Q5GTV9HVBSW,6120,0,2621
W5,AK0CENM3LUM28,19816,0,2646
W5,AK0CENM3LUM28,19816,1,2648
W5,AIO4HX0KOLM73,19590,0,2647
W5,A2KWD1V1105XR7,9307,0,2650
W5,A3JH18T58CY65P,15061,0,2663
W5,A36AIK1DQPSRNT,12888,0,2663
W5,AE12AEJFCOGGY,18817,0,2663
W5,A3F3B6HY9RJI04,14317,0,2663
W5,A3F3B6HY9RJI04,14317,1,3181
W5,A3F3B6HY9RJI04,14317,2,3347
W5,AATKF0HDBQL86,18286,0,2663
W5,AY12DBB0U420B,22051,0,3783
W5,AY12DBB0U420B,22051,1,2709
W5,A382BCK6WQTVR4,13156,0,2716
W5,A382BCK6WQTVR4,13156,1,2717
W5,A2GFXRRTMS3DT6,8584,0,2718
W5,A3NVUUYGCD4UXA,15766,0,2720
W5,A3B2F2086QK67Q,13669,0,2725
W5,A82F6BLMZYE3P,17832,0,2736
W5,AGJLD33CGEXXL,19255,0,2742
W5,AGJLD33CGEXXL,19255,1,3684
W5,A2CH3AVJI0UR3P,7940,0,2743
W5,A2OZ6PW2W5FQTP,10051,0,2759
W5,AFE2VJKGRJZ48,19047,0,2760
W5,A3T6HX48F66512,16677,0,2764
W5,A3T6HX48F66512,16677,1,3820
W5,A2U6GHU2EMC5M5,10881,0,2764
W5,A21U4DR8M6I9QN,6142,0,2769
W5,A3GFAQK4UVSL05,14546,0,8835
W5,A3GFAQK4UVSL05,14546,1,2774
W5,A3GFAQK4UVSL05,14546,2,2780
W5,A231M5GVQYB9BC,6366,0,2774
W5,A231M5GVQYB9BC,6366,1,2919
W5,AH0NF9YS81E1U,19321,0,2774
W5,A2GRJ11FTCB6SC,8638,0,2774
W5,A1DTCJV6KOMJOA,2217,0,2777
W5,A1DTCJV6KOMJOA,2217,1,3636
W5,A1DTCJV6KOMJOA,2217,2,4148
W5,A1DTCJV6KOMJOA,2217,3,4678
W5,A1S8FJT0AQSF60,4551,0,3181
W5,A1S8FJT0AQSF60,4551,1,2777
W5,A1S8FJT0AQSF60,4551,2,3335
W5,A1S8FJT0AQSF60,4551,3,4270
W5,A3D9BTRM4JOU41,14003,0,2777
W5,A3BAE79NXFDXGV,13701,0,3181
W5,A3BAE79NXFDXGV,13701,1,2777
W5,A2V3HRP2I9QK0F,11048,0,2777
W5,ABOTQXNUBA1MM,18435,0,2777
W5,ABOTQXNUBA1MM,18435,1,4678
W5,AOP41SVJTXNBN,20576,0,2777
W5,AOP41SVJTXNBN,20576,1,4024
W5,AOP41SVJTXNBN,20576,2,4040
W5,A2J9TNG9EPPBWV,9040,0,2785
W5,AE58ABCNU4DIW,18843,0,2786
W5,A19DRU3RZOSCVG,1512,0,2787
W5,A1JE9PZMC3D3SS,3131,0,2790
W5,A34ZRIKL1H09Q9,12682,0,2799
W5,A27UCU6Y2I6527,7155,0,2801
W5,A3LFVO1JTAIMDT,15369,0,2829
W5,A27X7XXOKMK879,7166,0,2829
W5,A2WW7EIN5MFNWB,11354,0,2846
W5,A2WW7EIN5MFNWB,11354,1,2829
W5,A3UQXHI88S7XAX,16938,0,2836
W5,AE0755DF5QY9M,18813,0,2851
W5,A2K5E9YNWOP5JQ,9189,0,2858
W5,A3TBP8F6CGTQ2O,16702,0,2858
W5,A52KI87KEWX39,17361,0,2859
W5,A2RPPG5T4Z1GOA,10473,0,2859
W5,A2PIRJZKXT3CCZ,10142,0,2860
W5,A46KQGP4ITB1R,17211,0,4302
W5,A46KQGP4ITB1R,17211,1,5102
W5,A46KQGP4ITB1R,17211,2,2912
W5,A3HUGTW279WPC6,14797,0,2916
W5,A2FQ4934D6S0MA,8453,0,2943
W5,A1XRBL7XI90FX,5451,0,2948
W5,A24UNT2MKDBLI2,6651,0,2948
W5,AFDNACPVKXXPZ,19042,0,2948
W5,AHNQ1JNX52P01,19420,0,2955
W5,A2QGNZ4SB2QG6R,10288,0,2955
W5,A1IDC728Y0UM6W,2949,0,3468
W5,A1IDC728Y0UM6W,2949,1,2984
W5,A3RLNYIEW60LR8,16402,0,2991
W5,A3PVXFFYHK97TL,16103,0,2995
W5,A1T8KV4XK2LJ,4699,0,2998
W5,A9B9FHNDCSBYW,18043,0,3010
W5,A39PE92UTLIR9X,13442,0,3027
W5,A8O12DCHIADYU,17933,0,3033
W5,A3AAM5VPWXFARB,13529,0,3975
W5,A3AAM5VPWXFARB,13529,1,3050
W5,AKIZXTCBK5B7S,19902,0,3951
W5,AKIZXTCBK5B7S,19902,1,3064
W5,A85TXBV925FBM,17847,0,3074
W5,A2P1J0130WGQH0,10057,0,3107
W5,ALQ4USPEQ9L5N,20075,0,3120
W5,A2HTZ0LM1AEKU,8803,0,3129
W5,A2032LF6FWWK8E,5855,0,3347
W5,A2032LF6FWWK8E,5855,1,4147
W5,A2032LF6FWWK8E,5855,2,3150
W5,A2032LF6FWWK8E,5855,3,4151
W5,A1GQ5ORAW7MYCU,2676,0,3152
W5,A35U4HGXY7OOCX,12816,0,3165
W5,AYQCYPHTN3SVL,22165,0,3168
W5,A1KXJCXS6HFRQZ,3359,0,3181
W5,A1KXJCXS6HFRQZ,3359,1,3335
W5,A1KXJCXS6HFRQZ,3359,2,3347
W5,A1KXJCXS6HFRQZ,3359,3,3248
W5,A1KXJCXS6HFRQZ,3359,4,3878
W5,A1KXJCXS6HFRQZ,3359,5,4152
W5,A1KXJCXS6HFRQZ,3359,6,4151
W5,A28CCN6VYHRUKS,7227,0,3181
W5,A28CCN6VYHRUKS,7227,1,3248
W5,A2VAD79S4A06DD,11093,0,3181
W5,A2VAD79S4A06DD,11093,1,3878
W5,A2VAD79S4A06DD,11093,2,4270
W5,AGV0RUQJHFW3S,19296,0,3181
W5,A31YSTICHFYN7O,12166,0,3181
W5,A3EXWV8FNSSFL6,14289,0,3181
W5,A3EXWV8FNSSFL6,14289,1,3248
W5,A2ALX5U55NTGTL,7608,0,3181
W5,A3L1DTUER1OUR8,15308,0,3181
W5,A3L1DTUER1OUR8,15308,1,4051
W5,A3R7RE5O61M112,16338,0,3181
W5,A3R7RE5O61M112,16338,1,4270
W5,A3R7RE5O61M112,16338,2,3951
W5,A3R7RE5O61M112,16338,3,4147
W5,A3R7RE5O61M112,16338,4,4677
W5,A3R7RE5O61M112,16338,5,4678
W5,AR5SY32T76DBM,20954,0,3181
W5,AR5SY32T76DBM,20954,1,3335
W5,AR5SY32T76DBM,20954,2,3248
W5,AR5SY32T76DBM,20954,3,3657
W5,A1T8J9GGK7WCFT,4698,0,3181
W5,A10IKHRUSMKP46,126,0,3181
W5,A10IKHRUSMKP46,126,1,3913
W5,A1ZCSSCAGBCD49,5735,0,3181
W5,A1ZCSSCAGBCD49,5735,1,3657
W5,A1ZCSSCAGBCD49,5735,2,3248
W5,AGZEK96T7WK6,19314,0,3181
W5,AGZEK96T7WK6,19314,1,3637
W5,AGZEK96T7WK6,19314,2,4675
W5,A1J6B00Z1D6PS4,3090,0,3181
W5,A2F6NONFUDB6UK,8374,0,3801
W5,A2F6NONFUDB6UK,8374,1,3181
W5,A2F6NONFUDB6UK,8374,2,3951
W5,A147FUNITGB21I,669,0,3181
W5,A199FRO0YFMGED,1491,0,3181
W5,A199FRO0YFMGED,1491,1,4051
W5,A199FRO0YFMGED,1491,2,3951
W5,A105S56ODHGJEK,63,0,3181
W5,A105S56ODHGJEK,63,1,3347
W5,A1MQQEM7W77L62,3660,0,3181
W5,A2X61KKXXR6WNP,11392,0,3181
W5,A2X61KKXXR6WNP,11392,1,3248
W5,A2X61KKXXR6WNP,11392,2,3877
W5,A2X61KKXXR6WNP,11392,3,3951
W5,A2X61KKXXR6WNP,11392,4,4675
W5,A30Z0GG96D11EO,12005,0,3181
W5,A30Z0GG96D11EO,12005,1,4051
W5,A30Z0GG96D11EO,12005,2,4039
W5,ANRXH0BVEAR6B,20440,0,3181
W5,ANRXH0BVEAR6B,20440,1,3878
W5,A27X750TSCLBD,7165,0,3182
W5,A10CF04CJZC05F,97,0,6905
W5,A10CF04CJZC05F,97,1,3194
W5,AXCNGPU7W5OGF,21954,0,3206
W5,A10TXIPVNH5HPE,169,0,3207
W5,A10TXIPVNH5HPE,169,1,3424
W5,A95CDIPSZMBM5,18021,0,3207
W5,A2DWCU3P8AEKZP,8179,0,3389
W5,A2DWCU3P8AEKZP,8179,1,3214
W5,A2DWCU3P8AEKZP,8179,2,4780
W5,A35S7V58AI97Q2,12805,0,3216
W5,AUJP7UJNNEDT3,21507,0,3221
W5,A392XPUTJDHSDJ,13332,0,3225
W5,A2VIX3WXF4HG9T,11134,0,3335
W5,A2VIX3WXF4HG9T,11134,1,3248
W5,A2K75QOCP9ZHSL,9200,0,3950
W5,A2K75QOCP9ZHSL,9200,1,3248
W5,A2K75QOCP9ZHSL,9200,2,3636
W5,A2K75QOCP9ZHSL,9200,3,3898
W5,A2K75QOCP9ZHSL,9200,4,4152
W5,A2K75QOCP9ZHSL,9200,5,4148
W5,A2A8IY4GTR7GWQ,7553,0,3248
W5,A2A8IY4GTR7GWQ,7553,1,3877
W5,A2A8IY4GTR7GWQ,7553,2,3878
W5,A25C2M3QF9G7OQ,6743,0,3335
W5,A25C2M3QF9G7OQ,6743,1,3248
W5,A264UDLWWRJ7X4,6864,0,3248
W5,A264UDLWWRJ7X4,6864,1,4058
W5,A1S27P7KJO9I96,4520,0,3555
W5,A1S27P7KJO9I96,4520,1,3248
W5,A1S27P7KJO9I96,4520,2,3898
W5,A1S27P7KJO9I96,4520,3,4152
W5,A35IX2GE0VC0JP,12766,0,3347
W5,A35IX2GE0VC0JP,12766,1,3248
W5,A35IX2GE0VC0JP,12766,2,4677
W5,A1RFZGWX46N8H7,4419,0,3248
W5,A1RFZGWX46N8H7,4419,1,4024
W5,A1RFZGWX46N8H7,4419,2,4270
W5,A1RFZGWX46N8H7,4419,3,4040
W5,A1RFZGWX46N8H7,4419,4,4150
W5,A1RFZGWX46N8H7,4419,5,4677
W5,A1IH42TUIZ2XJL,2966,0,3248
W5,A1IH42TUIZ2XJL,2966,1,4677
W5,A2LF16F0KX9L7P,9410,0,3248
W5,A2LF16F0KX9L7P,9410,1,4678
W5,A2KOV8XWZOZ0FQ,9271,0,3248
W5,A2KOV8XWZOZ0FQ,9271,1,3347
W5,A2KOV8XWZOZ0FQ,9271,2,3560
W5,A2KOV8XWZOZ0FQ,9271,3,3878
W5,A190EAFTGCQNED,1456,0,3248
W5,A190EAFTGCQNED,1456,1,4270
W5,AAZ5OJ2OOJ2DK,18307,0,3248
W5,ATYUQROTHLNYV,21410,0,3248
W5,ATYUQROTHLNYV,21410,1,4049
W5,ATYUQROTHLNYV,21410,2,3951
W5,ATYUQROTHLNYV,21410,3,4051
W5,ATYUQROTHLNYV,21410,4,4675
W5,AJKN1OQ368JGH,19759,0,3248
W5,A11LNY2OLQSUSV,291,0,3248
W5,A11LNY2OLQSUSV,291,1,3657
W5,A11LNY2OLQSUSV,291,2,4049
W5,A11LNY2OLQSUSV,291,3,4058
W5,A11LNY2OLQSUSV,291,4,4040
W5,A31VDZOEJACIHH,12150,0,3248
W5,A31VDZOEJACIHH,12150,1,3347
W5,AFFVUZEGP1FDQ,19057,0,3248
W5,AFFVUZEGP1FDQ,19057,1,4147
W5,A3A90CELVLOUP6,13518,0,3248
W5,A3A90CELVLOUP6,13518,1,3560
W5,A3A90CELVLOUP6,13518,2,3951
W5,A3A90CELVLOUP6,13518,3,4677
W5,A84FLVDK2R5JF,17842,0,3248
W5,A84FLVDK2R5JF,17842,1,3878
W5,A84FLVDK2R5JF,17842,2,4151
W5,A84FLVDK2R5JF,17842,3,4150
W5,A3HRDRQ5VAFPQS,14784,0,3248
W5,A3HRDRQ5VAFPQS,14784,1,3657
W5,A3HRDRQ5VAFPQS,14784,2,4677
W5,A3HRDRQ5VAFPQS,14784,3,3688
W5,A30X750M8V1XXW,11992,0,3555
W5,A30X750M8V1XXW,11992,1,3248
W5,A30X750M8V1XXW,11992,2,3431
W5,A30X750M8V1XXW,11992,3,3878
W5,A30X750M8V1XXW,11992,4,4152
W5,A12E0Y0J6584RT,394,0,3248
W5,A12E0Y0J6584RT,394,1,4675
W5,A3J356L2ADK05Z,15002,0,3335
W5,A3J356L2ADK05Z,15002,1,3248
W5,A1SYELGDTDJPBZ,4657,0,3269
W5,AMHACW1XP4ODQ,20206,0,3270
W5,A3K3OWF7TEM685,15164,0,3282
W5,A3K3OWF7TEM685,15164,1,3283
W5,A1XMLDELA2WROU,5433,0,3295
W5,ADFDG8SSPA0X2,18708,0,3295
W5,A2OG83SEU9HL6D,9951,0,3295
W5,A58F10T4OE58C,17389,0,4024
W5,A58F10T4OE58C,17389,1,4049
W5,A58F10T4OE58C,17389,2,3295
W5,A58F10T4OE58C,17389,3,3951
W5,A7UPJYPAH73NC,17794,0,3335
W5,A3DKP8M0GSP8UK,14064,0,3335
W5,A39ISGPKMF9X0R,13410,0,3335
W5,A2386P602G9547,6399,0,3335
W5,A3F9CMU8KNAY1M,14338,0,3335
W5,A3F9CMU8KNAY1M,14338,1,3636
W5,A3F9CMU8KNAY1M,14338,2,4152
W5,A3F9CMU8KNAY1M,14338,3,4677
W5,A96JD9312DHWC,18031,0,3335
W5,A22I55P15NSAOX,6253,0,3335
W5,A22I55P15NSAOX,6253,1,4049
W5,A22I55P15NSAOX,6253,2,3951
W5,A1A0PPF8HE508X,1600,0,3338
W5,A312IM96H56R1P,12022,0,3346
W5,A1HRYC60VTMYC0,2847,0,3347
W5,A1HRYC60VTMYC0,2847,1,3657
W5,A1HRYC60VTMYC0,2847,2,4270
W5,A1HRYC60VTMYC0,2847,3,4675
W5,A2TXMYYGSZCSZ1,10849,0,3347
W5,A2TXMYYGSZCSZ1,10849,1,3560
W5,A2TXMYYGSZCSZ1,10849,2,4364
W5,A2TXMYYGSZCSZ1,10849,3,3701
W5,A3AHDR4F2J7YXX,13569,0,3347
W5,AZFHSPEZUPGD2,22280,0,3347
W5,AZFHSPEZUPGD2,22280,1,4270
W5,A2FEM4XI55SY0W,8404,0,3347
W5,A3OXHLG6DIBRW8,15942,0,3347
W5,AZD8SMNGQI98O,22274,0,3347
W5,A2NX6MFZP8TM6S,9875,0,3347
W5,A2NX6MFZP8TM6S,9875,1,3657
W5,A2NX6MFZP8TM6S,9875,2,4024
W5,A2G7B7FKP2O2PU,8537,0,3347
W5,A2G7B7FKP2O2PU,8537,1,3560
W5,A2G7B7FKP2O2PU,8537,2,4152
W5,A2G7B7FKP2O2PU,8537,3,4147
W5,A3J3ZHGDUDPCFL,15006,0,3347
W5,AWAB7PKBO3BBT,21774,0,3347
W5,AWAB7PKBO3BBT,21774,1,3951
W5,AWAB7PKBO3BBT,21774,2,4677
W5,A1BKJNAWJT2TG2,1878,0,3347
W5,A21W7ZA2FZKOGP,6149,0,3347
W5,A21W7ZA2FZKOGP,6149,1,3657
W5,A21W7ZA2FZKOGP,6149,2,4024
W5,AL5CUWBFBMWYQ,19990,0,3347
W5,AL5CUWBFBMWYQ,19990,1,4049
W5,AL5CUWBFBMWYQ,19990,2,4677
W5,AAPPWNP9FWVWS,18268,0,3347
W5,A1ZGHA3IJV01BK,5751,0,3347
W5,A3U41ZL33SS92P,16845,0,3347
W5,A356RFKNIG043B,12714,0,3347
W5,A3TWBW1B17R151,16803,0,3347
W5,A3TWBW1B17R151,16803,1,3560
W5,A3TWBW1B17R151,16803,2,4677
W5,A3TWBW1B17R151,16803,3,4675
W5,A1AK356546890Q,1706,0,3347
W5,A2LXX47A0KMJVX,9507,0,3347
W5,A1W4F91DH3XPB2,5167,0,3347
W5,A1W4F91DH3XPB2,5167,1,4049
W5,A1W4F91DH3XPB2,5167,2,4039
W5,A1W4F91DH3XPB2,5167,3,4678
W5,AT9U5ZE5OO84C,21294,0,3347
W5,A2WC9NFLG57W4H,11271,0,3347
W5,A2WC9NFLG57W4H,11271,1,4270
W5,A2TO2BN3P4C00L,10814,0,3347
W5,A2JKM8KF3296CW,9092,0,3347
W5,A21VQDGHP3T7Y,6147,0,3347
W5,A2SY92ZXU2FOEU,10688,0,3347
W5,A24O15MYDNLZBE,6615,0,3347
W5,A1MRRMHGV3PN5W,3668,0,3347
W5,A26BU3ZU0R5IPF,6905,0,3347
W5,A26BU3ZU0R5IPF,6905,1,4024
W5,A3D6KZT0QG6UKB,13997,0,3347
W5,A2N5U83E4EDGIZ,9735,0,3365
W5,A2LOP5Z8HOS25L,9460,0,3377
W5,ALIVARX8L2PFQ,20046,0,3387
W5,AF1264K6VFE3I,18992,0,3389
W5,A1DP4SJR4Q4Y0U,2200,0,3389
W5,A2PWFZLOL21IKA,10204,0,3389
W5,A19SDJ2TSSL8HI,1562,0,3389
W5,A19SDJ2TSSL8HI,1562,1,4197
W5,A2UIC9F6B6JWS3,10949,0,3389
W5,A626OBLNV9QRF,17512,0,3389
W5,A1WINBPELZ0YAZ,5233,0,3389
W5,A15UX89H2A2VZZ,930,0,3389
W5,A2HLPCO3ZEINMC,8762,0,3393
W5,A36737X1HKU0FQ,12868,0,3396
W5,A36737X1HKU0FQ,12868,1,3466
W5,A23598RZR42B7Z,6381,0,3396
W5,AIDA598PBMNXF,19543,0,3450
W5,A2J1MM9A9F9LX9,9007,0,8872
W5,A2J1MM9A9F9LX9,9007,1,3450
W5,A2VX9MWJ8LEIN1,11199,0,3454
W5,AJRFZ0VZ0LD26,19782,0,3877
W5,AJRFZ0VZ0LD26,19782,1,3463
W5,AD73BLANR4045,18686,0,3466
W5,AYF242R6GQMUP,22120,0,3484
W5,AYF242R6GQMUP,22120,1,4306
W5,A23355NW4K0V8M,6371,0,3487
W5,A23355NW4K0V8M,6371,1,3488
W5,A23355NW4K0V8M,6371,2,5632
W5,A23355NW4K0V8M,6371,3,5634
W5,A23355NW4K0V8M,6371,4,4036
W5,A23355NW4K0V8M,6371,5,5645
W5,A23355NW4K0V8M,6371,6,4698
W5,A23355NW4K0V8M,6371,7,5630
W5,A23355NW4K0V8M,6371,8,5637
W5,A23355NW4K0V8M,6371,9,7576
W5,A23355NW4K0V8M,6371,10,4857
W5,A1413Q1II248AR,641,0,3487
W5,A1413Q1II248AR,641,1,5633
W5,A1413Q1II248AR,641,2,5636
W5,A1413Q1II248AR,641,3,4036
W5,A1413Q1II248AR,641,4,4698
W5,A1413Q1II248AR,641,5,4857
W5,A1413Q1II248AR,641,6,5645
W5,AWW06T371ZNZL,21862,0,5632
W5,AWW06T371ZNZL,21862,1,5633
W5,AWW06T371ZNZL,21862,2,5634
W5,AWW06T371ZNZL,21862,3,5636
W5,AWW06T371ZNZL,21862,4,3487
W5,AWW06T371ZNZL,21862,5,4036
W5,AWW06T371ZNZL,21862,6,4698
W5,AWW06T371ZNZL,21862,7,7576
W5,A2KCP5DOV44KLH,9217,0,3508
W5,A3R9954MI3F0MX,16344,0,3510
W5,AMMKZRND0CFFC,20227,0,3749
W5,AMMKZRND0CFFC,20227,1,3527
W5,A2BUEJNKAWXC4X,7835,0,3529
W5,A2V10LPZP0SF6U,11033,0,3532
W5,A2WV6JY830FOMU,11346,0,3532
W5,A178DX34IA85M1,1152,0,3540
W5,AFM8HGCK7GHGB,19089,0,3555
W5,AFM8HGCK7GHGB,19089,1,4147
W5,A16I6WJUEBJ1C3,1042,0,3555
W5,A16I6WJUEBJ1C3,1042,1,4152
W5,A1DGRO0NEY1UJA,2162,0,3555
W5,A1DGRO0NEY1UJA,2162,1,4152
W5,A3AGWRMHKLFLWR,13563,0,3555
W5,A3AGWRMHKLFLWR,13563,1,3898
W5,A3QZU3A1L17O3M,16285,0,3555
W5,A3QZU3A1L17O3M,16285,1,3657
W5,A3QZU3A1L17O3M,16285,2,3877
W5,A3QZU3A1L17O3M,16285,3,4270
W5,A2068BC3ZXAVJQ,5878,0,3555
W5,A2068BC3ZXAVJQ,5878,1,3636
W5,A2KBFB6A2D7PNO,9214,0,3555
W5,A318IDAWJ9ZYAY,12047,0,3637
W5,A318IDAWJ9ZYAY,12047,1,3636
W5,A318IDAWJ9ZYAY,12047,2,3559
W5,A318IDAWJ9ZYAY,12047,3,4152
W5,A318IDAWJ9ZYAY,12047,4,4148
W5,A3LWC833HQIG7J,15442,0,3559
W5,A3LWC833HQIG7J,15442,1,4270
W5,A3LWC833HQIG7J,15442,2,4051
W5,AW5JSQCHC2ZJO,21751,0,3636
W5,AW5JSQCHC2ZJO,21751,1,3637
W5,AW5JSQCHC2ZJO,21751,2,3559
W5,AW5JSQCHC2ZJO,21751,3,4152
W5,AW5JSQCHC2ZJO,21751,4,3951
W5,AW5JSQCHC2ZJO,21751,5,4148
W5,AW5JSQCHC2ZJO,21751,6,4150
W5,A1DW1FK1H3F2TM,2226,0,3636
W5,A1DW1FK1H3F2TM,2226,1,3559
W5,A1DW1FK1H3F2TM,2226,2,4152
W5,A1DW1FK1H3F2TM,2226,3,4147
W5,A3M6KV5PDU46YI,15492,0,3559
W5,A3M6KV5PDU46YI,15492,1,3898
W5,A3M6KV5PDU46YI,15492,2,4151
W5,A13M9XSQ4O6NLY,587,0,3636
W5,A13M9XSQ4O6NLY,587,1,3559
W5,A13M9XSQ4O6NLY,587,2,4150
W5,A22CT4ZGGD2FJF,6232,0,3637
W5,A22CT4ZGGD2FJF,6232,1,3559
W5,A22CT4ZGGD2FJF,6232,2,4151
W5,A22CT4ZGGD2FJF,6232,3,4152
W5,A2IACU8LJ1FCKE,8888,0,3559
W5,A19XMHRB3G4DIR,1590,0,3560
W5,A1VF5HRCDF99CF,5045,0,3560
W5,A1VF5HRCDF99CF,5045,1,4152
W5,A1VF5HRCDF99CF,5045,2,4148
W5,A1VF5HRCDF99CF,5045,3,4151
W5,A1VF5HRCDF99CF,5045,4,4677
W5,A3G007LQX6KGOD,14465,0,3560
W5,A3G007LQX6KGOD,14465,1,3878
W5,A3G007LQX6KGOD,14465,2,4152
W5,A3G007LQX6KGOD,14465,3,4270
W5,A3G007LQX6KGOD,14465,4,4151
W5,A1NN8Q1DLAYPGH,3807,0,3560
W5,A2UKE7GIVC7XFW,10957,0,3560
W5,A3JLOIXFM75QNV,15085,0,3817
W5,A3JLOIXFM75QNV,15085,1,3560
W5,A33GNK2H4F1EC0,12423,0,4051
W5,A33GNK2H4F1EC0,12423,1,3951
W5,A33GNK2H4F1EC0,12423,2,3636
W5,A2TTHN1UMO82VY,10838,0,3636
W5,A2TTHN1UMO82VY,10838,1,3637
W5,A2TTHN1UMO82VY,10838,2,3898
W5,A2TTHN1UMO82VY,10838,3,4675
W5,AMRMK86X3PKXD,20245,0,3636
W5,A3A15L96IYUO6V,13486,0,3636
W5,AMEZJVXMSEPY0,20194,0,3636
W5,AMEZJVXMSEPY0,20194,1,4152
W5,AMEZJVXMSEPY0,20194,2,3898
W5,AFZJNYR931ZCN,19151,0,3636
W5,A3RGHO0Q938FRS,16380,0,3637
W5,A3RGHO0Q938FRS,16380,1,4039
W5,A2SZLNSI5KOQJT,10698,0,3637
W5,A3G7BEJJCPD6DS,14503,0,3637
W5,A3G7BEJJCPD6DS,14503,1,4147
W5,AZ31S5ACWRY15,22225,0,3638
W5,A8WEXFRWX1ZHH,17976,0,3643
W5,A3UDPNRN50Q56Z,16890,0,3646
W5,A39BCFAZ05RYPY,13374,0,3651
W5,A106Q1A6LGU4DP,71,0,3653
W5,ASGFXFZGJ2OIH,21165,0,3653
W5,A1J5HIF41ENSMZ,3087,0,3657
W5,ABTJL6RM42YEI,18456,0,3657
W5,A35JP8KSV9281K,12770,0,3657
W5,A13MKSASQ6YWL7,588,0,3657
W5,A13MKSASQ6YWL7,588,1,3878
W5,A13MKSASQ6YWL7,588,2,4152
W5,A13MKSASQ6YWL7,588,3,4051
W5,A37USOKUTI724H,13128,0,3657
W5,A3IR834T7AROBT,14937,0,3657
W5,A3IR834T7AROBT,14937,1,4040
W5,A3IR834T7AROBT,14937,2,4675
W5,AG8E2F0G98ZTB,19202,0,3657
W5,AG8E2F0G98ZTB,19202,1,4051
W5,A1B6O7SAIYG2N0,1807,0,3657
W5,A244CRJ2QSVLZ4,6531,0,3657
W5,A244CRJ2QSVLZ4,6531,1,3817
W5,A2GY5WCU9PKTMI,8663,0,3657
W5,A14X244VGHWPSX,792,0,3657
W5,A14X244VGHWPSX,792,1,3877
W5,A18GJ9MYYO6GCQ,1357,0,3657
W5,A27KNXAROMSJ7A,7118,0,3657
W5,A22NGHNA6HBA4D,6281,0,3657
W5,A1ZKGSDVP057L9,5777,0,3657
W5,AYO1146CBIV5C,22155,0,3657
W5,AH9MUK2Z52V6N,19370,0,3657
W5,AH9MUK2Z52V6N,19370,1,3877
W5,AH9MUK2Z52V6N,19370,2,4040
W5,A2POEZE9CZ7J7C,10170,0,3657
W5,A2POEZE9CZ7J7C,10170,1,4152
W5,A2POEZE9CZ7J7C,10170,2,4151
W5,A2POEZE9CZ7J7C,10170,3,4678
W5,A2BCDZO1XQLDH,7749,0,3657
W5,AGFW667QNHDOY,19238,0,3657
W5,AGFW667QNHDOY,19238,1,4150
W5,APXQHFTTYERDE,20759,0,3657
W5,A1JUBRIZMO0RJV,3202,0,3657
W5,AW7BIYHXUIZ62,21759,0,3657
W5,AW7BIYHXUIZ62,21759,1,3878
W5,A2J8DE8R94ZB02,9037,0,3657
W5,A3QD59N3M7O7KB,16185,0,3657
W5,A2B8GXSCB1R05T,7726,0,3657
W5,A2B8GXSCB1R05T,7726,1,4058
W5,AR8VTE2GJIPAC,20968,0,3665
W5,AMZRY5WD5EAUW,20302,0,3667
W5,AMZRY5WD5EAUW,20302,1,3803
W5,A20ORTSQTEQX0Y,5959,0,3689
W5,A2F8RSIZB1PBEV,8379,0,3690
W5,A17FRWQEYG9X0A,1186,0,3691
W5,A313H6238N589,12027,0,3692
W5,AHII73EOD5MXV,19399,0,3692
W5,A312UBIOP091MH,12025,0,3692
W5,A3AN36I0LMK0GK,13591,0,3704
W5,A3VNHNC4GQ7KTO,17092,0,3706
W5,A1YEPFLLH42OU1,5562,0,3799
W5,A1YEPFLLH42OU1,5562,1,3707
W5,AO43A03C1LA0K,20491,0,3714
W5,A1PO24RPVBV09N,4145,0,3723
W5,A132ETQPMHQ585,503,0,3724
W5,A2TMKPXHV18FDG,10808,0,3737
W5,AF62W6NCDXM6E,19014,0,3750
W5,A2ZBBCZCDRVMOI,11751,0,3754
W5,A2MG8A1WJRADG6,9610,0,3755
W5,ABUE0ALHKWKHC,18459,0,3761
W5,A250AXLRBVYKB4,6688,0,3761
W5,A25L8MH54LFFZE,6785,0,5391
W5,A25L8MH54LFFZE,6785,1,3770
W5,A3ENN12GLNTUAF,14244,0,3772
W5,A8NUOJQ9GQ2VJ,17931,0,3773
W5,A8NUOJQ9GQ2VJ,17931,1,3775
W5,A8NUOJQ9GQ2VJ,17931,2,3776
W5,A8NUOJQ9GQ2VJ,17931,3,3778
W5,A8NUOJQ9GQ2VJ,17931,4,3779
W5,A2VY6PIZHB12QK,11203,0,3776
W5,A1VTBADV3JS1EC,5109,0,3796
W5,A2D66KSHQQHOSD,8068,0,3801
W5,A1WXJ1I42UOQ2V,5307,0,3808
W5,A18S2A07LBNVNF,1421,0,3817
W5,A18S2A07LBNVNF,1421,1,4024
W5,A1H0CWFQY2HFGG,2731,0,3817
W5,A1H0CWFQY2HFGG,2731,1,4024
W5,A1EVDRGLVCYYVP,2379,0,3817
W5,A1JFXOFDRZ9CFQ,3145,0,3817
W5,A1JFXOFDRZ9CFQ,3145,1,4024
W5,A3NMEF3MJ0A3PL,15724,0,3817
W5,ADDDFVHP3CSVA,18701,0,3817
W5,ACAXV4V8PBCE3,18544,0,3817
W5,A20F84KUBWM88B,5905,0,3820
W5,A688RIZ2POWSQ,17536,0,3834
W5,A26JSBOPVLOMUG,6945,0,3842
W5,A3QYDL5CDNYN66,16277,0,3842
W5,A3JHC8O59WDHFZ,15062,0,3854
W5,A31YYUJLB1GRW8,12169,0,3863
W5,AID0H3RXJMPJG,19540,0,3863
W5,A3DI391K4GAI7Q,14048,0,3877
W5,A20H1M28WLI9J2,5919,0,3877
W5,A12PN254PTSGU5,445,0,3877
W5,A2TVJ0YDW3QO63,10840,0,3877
W5,A2TVJ0YDW3QO63,10840,1,4039
W5,A2TVJ0YDW3QO63,10840,2,4040
W5,A19XBW5WUDH1Z,1585,0,3877
W5,AR33KU52LIBF1,20944,0,3877
W5,A100WO06OQR8BQ,35,0,3877
W5,AL1XV4L25FZ2S,19978,0,3877
W5,A2WB4OWBUH2VQX,11263,0,3877
W5,A1KOYOE8O2F1J4,3331,0,3877
W5,A1KOYOE8O2F1J4,3331,1,4147
W5,A3MZNRSDQ32UUH,15611,0,3877
W5,A3MZNRSDQ32UUH,15611,1,4040
W5,ATLO3YXU2BC16,21348,0,3877
W5,A1Y5ERIKQBEMSP,5517,0,3877
W5,A2VJJ2POCLMED7,11135,0,3877
W5,A3QVAKVRAH657N,16266,0,3877
W5,AQRN2I355LZ3F,20892,0,3877
W5,AQRN2I355LZ3F,20892,1,4151
W5,A350HRB16YUX9P,12686,0,3877
W5,APDPA11IZPYLN,20686,0,3877
W5,APDPA11IZPYLN,20686,1,4024
W5,APDPA11IZPYLN,20686,2,4051
W5,A3HLTHHLPKLRQA,14758,0,3877
W5,A2GOHBNQ58WOKC,8621,0,3877
W5,A1YCQHS3N8E8UE,5550,0,3878
W5,A38QHZEEYZKT27,13271,0,3878
W5,A2K3DB7X56UXLZ,9179,0,3878
W5,A2K3DB7X56UXLZ,9179,1,3898
W5,A2K3DB7X56UXLZ,9179,2,4039
W5,A250GXRD2BGQV2,6690,0,3878
W5,A1D1IDI5S9TN9D,2104,0,3878
W5,A1D1IDI5S9TN9D,2104,1,4039
W5,A14NA0W8ESGDSI,748,0,3878
W5,A3M7R4PD0FEPUB,15500,0,3878
W5,A3APVUGVRJ7UOT,13605,0,3880
W5,A3APVUGVRJ7UOT,13605,1,4044
W5,A1KLHVINIIOMTW,3316,0,3910
W5,A3K3SE4RK846WO,15165,0,3914
W5,A3K3SE4RK846WO,15165,1,4675
W5,A11SXJ2H7IC8J7,312,0,3948
W5,AQCJWSMSURQI2,20814,0,4270
W5,AQCJWSMSURQI2,20814,1,3951
W5,A3S5WYWYKSAI9C,16502,0,4049
W5,A3S5WYWYKSAI9C,16502,1,3951
W5,A1ONZ8JRPLBNUI,3982,0,4024
W5,A1ONZ8JRPLBNUI,3982,1,3951
W5,A1ONZ8JRPLBNUI,3982,2,4040
W5,A2XRZV63X79YSJ,11490,0,3951
W5,A3FS3FJPD3RJTD,14435,0,4049
W5,A3FS3FJPD3RJTD,14435,1,4051
W5,A3FS3FJPD3RJTD,14435,2,3951
W5,A3EOVXI1VZIHUQ,14251,0,4024
W5,A3EOVXI1VZIHUQ,14251,1,3951
W5,AYB4ELCS5AM8P,22105,0,3952
W5,A3KMILYR935CHF,15251,0,4012
W5,A1ZGXZW37JEZWH,5754,0,4024
W5,A1MQT9DYCXXXK2,3661,0,4024
W5,A1MQT9DYCXXXK2,3661,1,4270
W5,A1MQT9DYCXXXK2,3661,2,4040
W5,A1MQT9DYCXXXK2,3661,3,4147
W5,A3N4VTNFPMTHEF,15635,0,4024
W5,A32B6XWNR55SRL,12229,0,4024
W5,A3OC42X7H74D1Y,15845,0,4024
W5,A2FVD05Z2FYW1P,8482,0,4024
W5,A1NEIH01B5X6QL,3764,0,4024
W5,A3NCIN6TNL0MGA,15670,0,4024
W5,AK1WNXTHNCG5V,19823,0,4024
W5,A335GUD1YBS31U,12355,0,4024
W5,AE88D7OM7YU99,18860,0,4024
W5,A3M9P59EWW3GSD,15510,0,4026
W5,A146H4KN4LFR60,666,0,4039
W5,AM2IR1V5EU55U,20132,0,4039
W5,A23GFTVIETX7DS,6430,0,4039
W5,A2OJCTT5WLB2HR,9970,0,4039
W5,A2OJCTT5WLB2HR,9970,1,4040
W5,A2VZP50FSYD6CO,11217,0,4039
W5,A2VZP50FSYD6CO,11217,1,4040
W5,A2PATWWZAXHQYA,10107,0,4039
W5,A2PATWWZAXHQYA,10107,1,4150
W5,ALSAOZ1V546VT,20088,0,4039
W5,A32M15RZXWZ5GS,12269,0,4039
W5,A28OB1QLXN5BM6,7294,0,4039
W5,AONUCJBC85BL,20570,0,4039
W5,AMYTL79JMGQ6D,20296,0,4039
W5,A20I9N5D71O8UT,5926,0,4039
W5,AGEKVD8JPZQMT,19230,0,4039
W5,AGEKVD8JPZQMT,19230,1,4040
W5,ASCVKP9B6MI9D,21153,0,4039
W5,ABKNRVFFLEA3M,18408,0,4040
W5,A12XDEMP7PQPDT,485,0,4151
W5,A12XDEMP7PQPDT,485,1,4040
W5,A293HA28PN3VO4,7377,0,4040
W5,AL4SB31UAZLXL,19989,0,4040
W5,A39E7IWNHY62JT,13393,0,4040
W5,AR3EVUQF0AC7R,20945,0,4270
W5,AR3EVUQF0AC7R,20945,1,4040
W5,AVHO4BTNLJNL9,21657,0,4045
W5,AVHO4BTNLJNL9,21657,1,4047
W5,AVHO4BTNLJNL9,21657,2,4048
W5,A375Y4NW1OSXLB,13018,0,4048
W5,A3SSVI14J5S3UJ,16610,0,4049
W5,A1P440A4H9585R,4044,0,4049
W5,A24KY9WFCLKZDZ,6602,0,4049
W5,A3VBZDYGHF4NK8,17030,0,4049
W5,A3VBZDYGHF4NK8,17030,1,4150
W5,A3VBZDYGHF4NK8,17030,2,4677
W5,A3VBZDYGHF4NK8,17030,3,4678
W5,A3TMBYDFP1B9DM,16751,0,4049
W5,A27O5ZUFAEWT9L,7134,0,4049
W5,A2RX62V4E2BF5Z,10517,0,4051
W5,A3I5YPJZMTG1QO,14839,0,4051
W5,A2BFIYZYNK54QX,7764,0,4051
W5,A2BFIYZYNK54QX,7764,1,4147
W5,A2L6QS8SVHT9RG,9369,0,4051
W5,A2X6J6AFLLYVXH,11394,0,4058
W5,A3APOK2WK9N789,13604,0,4084
W5,A21VGNU5959O85,6146,0,4127
W5,A3U0S17XYK8XMJ,16825,0,4147
W5,A2IT5J4H9MHB2Z,8974,0,4147
W5,A3U029B8Z5WGI2,16823,0,4147
W5,A26SO3TOT2TLJE,6980,0,4147
W5,A26SO3TOT2TLJE,6980,1,4150
W5,A2UQIIJ2CD8REE,10989,0,4147
W5,A3MCBV388X4A1Z,15521,0,4147
W5,AAA0TUKS5VBSA,18202,0,4147
W5,AAA0TUKS5VBSA,18202,1,4677
W5,A2KUU2QE4Z6BUU,9297,0,4152
W5,A2KUU2QE4Z6BUU,9297,1,4147
W5,A2KUU2QE4Z6BUU,9297,2,4148
W5,AENK4X1X4C5CM,18948,0,4147
W5,A1EK2DK7O4LMIB,2325,0,4147
W5,A3HPCRD9RX351S,14775,0,4147
W5,A11LNPG39A2ZV4,290,0,4152
W5,A11LNPG39A2ZV4,290,1,4148
W5,A3NO9NOCWLFAAJ,15732,0,4152
W5,A3NO9NOCWLFAAJ,15732,1,4148
W5,A3NO9NOCWLFAAJ,15732,2,4151
W5,A26R7LLAFTPC3U,6975,0,4148
W5,A26R7LLAFTPC3U,6975,1,4150
W5,A19FRW264WZTGP,1517,0,4150
W5,A2KFWHHUFVKFXZ,9225,0,4150
W5,AQZ4PHIEEV5N5,20925,0,4150
W5,A2JE8OS1NN9YDB,9059,0,4150
W5,A1ITRGMT80D5TK,3033,0,4150
W5,A2MMDKNIM4ONRT,9645,0,4152
W5,A39E4C7YVVQ02F,13391,0,4152
W5,A3Y0IB3VYLD6A,17173,0,4152
W5,A38O7JHPCE5EOF,13264,0,4163
W5,A3J1SO3J6UZTVQ,14996,0,4171
W5,A2OCDK0BOW6UCY,9938,0,4180
W5,A3BFDEBT5IV4UN,13723,0,4196
W5,AC0J2JF16VLCC,18490,0,4252
W5,A8ET1YYYD7QUM,17890,0,4257
W5,A2MRD9OMI3U2BP,9667,0,4258
W5,A24HWYHR28JJ7A,6592,0,4270
W5,A24HWYHR28JJ7A,6592,1,4678
W5,A2CV33795L4KHH,8015,0,4270
W5,A17OSOO1PIUG7U,1227,0,4270
W5,A1BEKAQQGP8CMF,1847,0,4270
W5,A2PBXA17MGI716,10111,0,4270
W5,A2PBXA17MGI716,10111,1,4931
W5,A2UOHALGF2X77Q,10978,0,4270
W5,A3HQAPXAJV7PRX,14779,0,4270
W5,A3HQAPXAJV7PRX,14779,1,4677
W5,A3HQAPXAJV7PRX,14779,2,4678
W5,AQH1SWR5HA413,20841,0,4270
W5,AF3BYMPWKWO8F,19004,0,4270
W5,A1BK60GZ4QME6I,1877,0,4270
W5,A2JMJVNTBL7K7E,9103,0,4270
W5,A24YR81LFW8XSJ,6677,0,4270
W5,A10C5CJK1YKGV0,96,0,4270
W5,AJAW9I1VK8AJH,19710,0,4571
W5,AJAW9I1VK8AJH,19710,1,4302
W5,A1G8E313MN3660,2602,0,4321
W5,A36VNUMXIHBOL2,12987,0,4349
W5,AKHMJGDHSBA83,19893,0,4371
W5,A2FD0N9BA4RQLK,8398,0,4384
W5,A2FD0N9BA4RQLK,8398,1,4671
W5,A2MGFQP3MEU5IS,9612,0,4385
W5,A2M3NO2091KCTV,9547,0,4500
W5,A2W1RZAZNPZOB7,11226,0,4617
W5,A1OU18KTR97PAC,4009,0,4656
W5,A3VGAP2KLCBNBB,17053,0,4675
W5,A2AYJJAFNSGSU1,7681,0,4675
W5,A26MBVPPXZN1YM,6957,0,4675
W5,A23WE733QT4WGJ,6500,0,4675
W5,A3QEIVO8AB3YMU,16196,0,4675
W5,A25C5MVVCIYT5D,6745,0,4675
W5,AY1EF0GOH80EK,22054,0,4675
W5,A3O60C5513YYD6,15820,0,4677
W5,A3O60C5513YYD6,15820,1,4678
W5,A3QL857ALV5RCJ,16218,0,4677
W5,A1Q1T811N4IY3Z,4204,0,4677
W5,A3G5MOHY1U635N,14488,0,4678
W5,A3CHMHGSJSQ02J,13892,0,4678
W5,A2FWZ58M6IQMD7,8491,0,4678
W5,A1LKOIZXPQ9VG0,3466,0,4678
W5,A2X9QMIEOEY0XO,11409,0,4678
W5,ARBDSUQARO3F4,20982,0,4756
W5,A38EUPG1N2D0LZ,13212,0,4759
W5,A3ITB98X1U0GGC,14953,0,4822
W5,A123KV8N20EQUR,354,0,4870
W5,A2O70L76OLPK1Y,9919,0,4871
W5,AJ27FPFTE22QR,19663,0,4873
W5,AQLC8NJUZCB5N,20859,0,4933
W5,AO25Q1RSYFT5J,20482,0,4946
W5,A28BSV6KDF862D,7224,0,4946
W5,AH0G85MXZULCP,19319,0,5038
W5,A10FW892S59ABJ,110,0,5114
W5,A31A4VYY4IVAJ7,12054,0,5290
W5,A2EY0T9FG0GU47,8334,0,5313
W5,A1JAABEX83DQPE,3108,0,5322
W5,A2U15OLUUOBDOI,10862,0,5384
W5,AEB3Z1AXTF8QI,18877,0,5410
W5,A2Z9JWEHNNI6PO,11741,0,5415
W5,A17HQRYCJH9PRY,1192,0,5586
W5,A39MXA4F9XBI9Y,13434,0,5619
W5,A2BBZGVLEGIAVN,7747,0,5636
W5,A3J2TTY8BUKVU5,15000,0,6422
W5,A1W31DCPASN65V,5157,0,6822
W5,A3UVGHUDOY77YR,16961,0,6822
W5,A1TAZZ2355GO4B,4710,0,6826
W5,A2PBM2EYVKW1B4,10110,0,6865
W5,A3TQ0T57HPJHBL,16773,0,6865
W5,A2420LPFE8TDX9,6523,0,6905
W5,A26T1GJ42MUR14,6982,0,6905
W5,A3BTN14HIZET6Z,13792,0,6905
W5,A2DU8TQWBL4A24,8168,0,7009
W5,A2EU95NHTJSDWR,8318,0,7918
W5,A2E7CEPDGY42VQ,8226,0,7981
W5,A3O9UBPWZAEYKA,15838,0,8835
W5,AZZZLM1E5JJ8C,22362,0,9214
