item_id,asin,l2_norm,mean,std,min,max,text_length
0,7806397051,1.376986,0.000208,0.030434,-0.298174,0.282967,1037
1,9759091062,1.30089,-2.7e-05,0.028753,-0.246655,0.187238,264
2,9788072216,1.279164,0.000721,0.028264,-0.287223,0.268913,787
3,9790790961,1.293261,0.001325,0.028554,-0.251661,0.226673,610
4,9790794231,1.49344,0.001459,0.032976,-0.26437,0.181755,116
5,B00004TMFE,1.467961,0.001198,0.032423,-0.344182,0.376892,914
6,B00004TUBL,1.176162,0.000442,0.025992,-0.249704,0.263887,762
7,B00004TUBV,1.22072,0.000294,0.026979,-0.300818,0.283058,1236
8,B00004U9UY,1.198916,0.000365,0.026497,-0.248576,0.27522,943
9,B00004U9V2,1.288851,0.000538,0.028482,-0.271083,0.221121,366
10,B000050B6U,1.17923,1.3e-05,0.026064,-0.281038,0.296097,1150
11,B000052WY7,1.275361,0.000917,0.028174,-0.211828,0.157264,199
12,B000052WYD,1.421437,0.001023,0.031401,-0.328337,0.246028,467
13,B000052WYL,1.459611,0.000538,0.032257,-0.275776,0.190246,226
14,B000052WYN,1.337765,0.000786,0.029557,-0.260028,0.202608,244
15,B000052X9G,1.200056,-0.000236,0.026523,-0.283787,0.205053,599
16,B000052XIA,1.266045,0.000381,0.02798,-0.281088,0.239199,1136
17,B000052XW5,1.218549,-0.000101,0.026933,-0.235114,0.248588,469
18,B000052XYQ,1.39227,0.000501,0.030769,-0.303931,0.237529,484
19,B000052XZP,1.41673,0.000273,0.031312,-0.27585,0.172897,95
20,B000052XZX,1.309417,0.000527,0.028937,-0.285719,0.223501,877
21,B000052Y25,1.263105,-0.000187,0.027917,-0.265504,0.181709,365
22,B000052Y33,1.284192,-0.000305,0.028382,-0.263589,0.239125,658
23,B000052Y5F,1.415106,9.2e-05,0.031277,-0.305004,0.205099,248
24,B000052Y6Z,1.551255,0.000121,0.034286,-0.297194,0.24416,145
25,B000052YJC,1.242668,0.000138,0.027466,-0.276914,0.265975,1071
26,B000052YJD,1.368614,-2.2e-05,0.03025,-0.320192,0.244945,854
27,B000052YJH,1.459883,0.000281,0.032266,-0.355945,0.279956,445
28,B000052YJM,1.431944,0.000563,0.031644,-0.259634,0.208635,282
29,B000052YJX,1.214214,0.00035,0.026835,-0.227171,0.25075,730
30,B000052YKI,1.229598,0.000408,0.027174,-0.235539,0.257329,692
31,B000052YKM,1.288587,0.000165,0.028481,-0.290211,0.212868,372
32,B000052YKS,1.617514,0.000723,0.035744,-0.405624,0.292508,514
33,B000052YKY,1.265816,0.000553,0.027972,-0.261113,0.233085,495
34,B000052YL1,1.296321,0.000396,0.028649,-0.276595,0.252418,725
35,B000052YLX,1.360851,0.000547,0.030073,-0.302914,0.255595,525
36,B000052YM0,1.511363,0.00076,0.033396,-0.345215,0.23184,421
37,B000052YM3,1.315798,0.000163,0.029082,-0.300527,0.200957,534
38,B000052YM4,1.25189,0.00068,0.027662,-0.282587,0.270888,1127
39,B000052YM7,1.237903,9.2e-05,0.027361,-0.252632,0.200165,1279
40,B000052YM8,1.094417,0.000318,0.024187,-0.224041,0.186467,1110
41,B000052YMG,1.266977,0.00032,0.028002,-0.30045,0.233343,432
42,B000052YMQ,1.228347,0.000319,0.027148,-0.260555,0.22745,1118
43,B000052YMR,1.306894,0.000687,0.028877,-0.269473,0.235437,540
44,B000052YMS,1.228354,0.000157,0.027149,-0.264299,0.207887,547
45,B000052YMT,1.26784,0.000531,0.028017,-0.286101,0.22645,525
46,B000052YMV,1.273149,0.000445,0.028136,-0.287381,0.223131,509
47,B000052YMX,1.231894,0.000323,0.027226,-0.256449,0.197938,602
48,B000052YN5,1.378939,0.001012,0.030461,-0.340016,0.239136,450
49,B000052YN7,1.429956,0.00026,0.031605,-0.2942,0.232391,329
50,B000052YOL,1.509808,0.0006,0.033365,-0.266508,0.191657,116
51,B000052YOR,1.430411,0.00029,0.031614,-0.32124,0.244139,338
52,B000052YOX,1.607726,0.000746,0.035527,-0.275259,0.205389,133
53,B000052YP4,1.55909,0.000875,0.034449,-0.276028,0.18685,108
54,B000052YP6,1.500217,0.000676,0.033152,-0.315843,0.286379,334
55,B000052YQ0,1.252274,0.000779,0.027667,-0.235452,0.250072,1132
56,B000052YQ2,1.350977,0.000777,0.02985,-0.280793,0.297972,1260
57,B000052YQN,1.457977,-9e-05,0.032225,-0.253474,0.189998,86
58,B000052YQU,1.52465,0.000562,0.033694,-0.25755,0.22953,152
59,B000052Z5B,1.366854,0.001035,0.030193,-0.28001,0.210076,241
60,B000052Z8D,1.383706,0.000832,0.030572,-0.271303,0.247165,436
61,B000052ZB1,1.343615,0.000404,0.029694,-0.30033,0.248331,517
62,B000052ZB2,1.360737,1.8e-05,0.030076,-0.277341,0.275698,467
63,B000052ZB4,1.315641,0.000131,0.029079,-0.288397,0.262831,605
64,B000052ZBD,1.405272,4.1e-05,0.03106,-0.309909,0.284682,461
65,B000052ZBH,1.350096,0.000367,0.029838,-0.264124,0.235852,634
66,B000052ZBP,1.447515,0.000156,0.031993,-0.337418,0.21088,334
67,B000052ZTY,1.209108,0.000262,0.026723,-0.30098,0.258328,658
68,B00005302B,1.364791,0.000299,0.030164,-0.27283,0.302387,649
69,B00005304H,1.454627,-0.000119,0.032151,-0.405758,0.22245,1118
70,B0000530ED,1.30532,0.000327,0.028849,-0.289674,0.208174,2912
71,B0000530EZ,1.484659,-0.000141,0.032814,-0.231433,0.158116,99
72,B0000530G6,1.484327,0.000162,0.032807,-0.244764,0.166383,91
73,B0000530LO,1.487652,0.000212,0.03288,-0.258356,0.182278,82
74,B0000530LP,1.490866,0.000286,0.032951,-0.247942,0.169186,71
75,B0000530LV,1.327095,0.000582,0.029326,-0.282256,0.306342,673
76,B0000530M0,1.353267,0.000175,0.02991,-0.233934,0.170529,103
77,B0000530NA,1.477312,0.000257,0.032651,-0.34987,0.228923,429
78,B0000530O9,1.381672,0.000455,0.030535,-0.311407,0.198289,367
79,B0000531GD,1.283755,0.000796,0.028363,-0.252501,0.192473,298
80,B0000531GV,1.417582,0.000776,0.031322,-0.290253,0.195126,288
81,B0000531II,1.39212,0.000545,0.030764,-0.276952,0.213638,240
82,B0000531NU,1.173688,0.000427,0.025938,-0.207282,0.19305,455
83,B0000531SW,1.519382,0.000204,0.033581,-0.345901,0.197048,163
84,B0000531WZ,1.486462,0.000577,0.032849,-0.289991,0.210373,114
85,B00005321Z,1.305851,0.000629,0.028856,-0.322736,0.258635,495
86,B0000532AN,1.281032,0.000278,0.028313,-0.286997,0.240092,1681
87,B0000532VT,1.48507,-0.000317,0.032822,-0.351209,0.180761,794
88,B0000532YN,1.365965,-6.9e-05,0.030191,-0.299551,0.237429,503
89,B00005333G,1.425491,0.000412,0.031504,-0.294396,0.259844,397
90,B00005333I,1.382904,0.00095,0.030551,-0.323606,0.216412,522
91,B0000533CC,1.239773,0.000159,0.027402,-0.275995,0.229266,2849
92,B0000534VO,1.278773,0.000224,0.028263,-0.263436,0.233203,388
93,B0000535CH,1.230631,0.000554,0.027194,-0.285653,0.159674,2719
94,B0000535OF,1.284288,-0.000119,0.028386,-0.269983,0.176799,593
95,B0000535RA,1.41694,0.000121,0.031318,-0.333683,0.256202,464
96,B0000535RC,1.311221,0.0005,0.028977,-0.299061,0.256784,616
97,B0000535RD,1.295487,0.000531,0.028629,-0.278155,0.224271,602
98,B0000535U2,1.194675,0.000884,0.02639,-0.339494,0.269972,1043
99,B0000535UA,1.185133,0.00059,0.026188,-0.32758,0.272495,994
100,B0000535UM,1.163141,0.00068,0.025699,-0.321898,0.266766,1008
101,B0000535UN,1.397572,3.2e-05,0.03089,-0.335698,0.252132,464
102,B0000535UT,1.239205,0.000202,0.027389,-0.257029,0.228667,749
103,B0000535UX,1.17525,0.000571,0.02597,-0.322542,0.267231,1033
104,B0000535VH,1.214722,-5.1e-05,0.026848,-0.2833,0.192395,1112
105,B000053676,1.398153,0.001015,0.030886,-0.305274,0.273805,412
106,B0000536A3,1.340858,0.000846,0.029624,-0.287365,0.194204,260
107,B0000536EK,1.413574,-0.000531,0.031239,-0.33647,0.214984,541
108,B0000536EW,1.425626,0.000523,0.031506,-0.324064,0.228784,296
109,B0000536F0,1.430878,0.000265,0.031625,-0.326615,0.232438,377
110,B0000536M2,1.296273,0.000429,0.028648,-0.267969,0.189391,358
111,B0000536M3,1.280194,0.000392,0.028293,-0.2405,0.194601,641
112,B0000536P3,1.445239,-9.8e-05,0.031943,-0.28575,0.26316,962
113,B0000536P4,1.400213,0.000333,0.030946,-0.283871,0.247927,1020
114,B00005375C,1.357157,0.000679,0.029989,-0.309051,0.218138,946
115,B0000537NH,1.456846,0.000711,0.032192,-0.334978,0.226541,342
116,B0000537SD,1.242138,7.7e-05,0.027454,-0.237373,0.247603,1028
117,B000053L6W,1.461128,0.000398,0.032292,-0.313796,0.257108,350
118,B000056I89,1.228216,0.000455,0.027143,-0.232194,0.233626,472
119,B000056W5Y,1.289188,0.000251,0.028493,-0.29749,0.156277,276
120,B000056W74,1.307927,7.3e-05,0.028908,-0.256274,0.176171,347
121,B00005A43X,1.197482,0.000414,0.026464,-0.279102,0.256413,794
122,B00005A443,1.181968,0.000612,0.026117,-0.26412,0.224571,833
123,B00005A9WP,1.200436,0.000468,0.026528,-0.27726,0.273577,977
124,B00005AVC7,1.30192,0.000401,0.028773,-0.289682,0.270225,463
125,B00005B9FV,1.269534,0.000159,0.028059,-0.251429,0.254908,727
126,B00005CDSP,1.127491,0.000148,0.02492,-0.282306,0.261129,994
127,B00005IBW0,1.50115,-1e-06,0.033179,-0.273789,0.230994,109
128,B00005LBRT,1.382064,0.001101,0.030527,-0.308779,0.371583,873
129,B00005NAOD,1.30831,0.000207,0.028916,-0.280179,0.280948,688
130,B00005NAOJ,1.300411,0.000516,0.028738,-0.307992,0.231388,472
131,B00005NASR,1.47804,0.000444,0.032665,-0.355337,0.288316,473
132,B00005NFBD,1.206616,0.000231,0.026668,-0.255147,0.251504,790
133,B00005NFBJ,1.336908,0.000164,0.029549,-0.264712,0.260077,399
134,B00005O0MZ,1.106866,0.000644,0.024456,-0.231283,0.237866,1025
135,B00005R1H2,1.195959,-1.4e-05,0.026434,-0.258167,0.210192,985
136,B00005R1H3,1.180416,0.000421,0.026087,-0.256293,0.169321,962
137,B00005REAQ,1.357041,0.000467,0.02999,-0.24279,0.205953,264
138,B00005REAT,1.409182,0.000783,0.031137,-0.278577,0.315129,427
139,B00005S81T,1.168062,0.000447,0.025813,-0.252337,0.175253,927
140,B00005T83D,1.226692,0.000225,0.027112,-0.281081,0.228226,589
141,B00005TZU8,1.239806,0.000371,0.0274,-0.270182,0.254718,761
142,B00005UN90,1.512056,-0.000199,0.03342,-0.293018,0.184239,92
143,B00005UQSP,1.234568,0.000438,0.027283,-0.252281,0.231893,774
144,B00005V5OU,1.387913,0.000569,0.030671,-0.311207,0.215716,564
145,B00005V5OW,1.288082,0.000407,0.028467,-0.257869,0.178688,370
146,B00005V5P6,1.276838,0.000394,0.028219,-0.22939,0.190754,211
147,B0000632EE,1.151896,0.000202,0.025459,-0.255716,0.259705,8152
148,B0000632EN,1.492158,0.000549,0.032976,-0.334488,0.276621,527
149,B00006598X,1.345364,0.000188,0.029735,-0.28008,0.280548,550
150,B000065DJY,1.206436,0.000281,0.026664,-0.275548,0.196178,843
151,B000065DK4,1.128605,0.000201,0.024944,-0.312257,0.254481,771
152,B000066CKS,1.351845,0.000664,0.029872,-0.301001,0.265178,1709
153,B0000682T7,1.2711,0.000194,0.028094,-0.302618,0.227861,742
154,B0000683O5,1.382886,0.000633,0.030559,-0.281073,0.270833,392
155,B000068U49,1.357205,0.000533,0.029993,-0.254061,0.208212,230
156,B00006FDU6,1.21825,0.000512,0.026921,-0.276538,0.242663,844
157,B00006FE30,1.480299,0.000651,0.032712,-0.260026,0.176875,112
158,B00006FRW7,1.351853,0.000377,0.029877,-0.26179,0.271731,1168
159,B00006IGL3,1.27871,-0.000189,0.028262,-0.301908,0.206323,721
160,B00006IGL8,1.381801,-4.2e-05,0.030541,-0.317512,0.249488,466
161,B00006IV22,1.129023,0.000212,0.024953,-0.260779,0.219585,677
162,B00006IV2E,1.259775,0.000697,0.027835,-0.285821,0.208432,547
163,B00006IV2F,1.524118,0.000697,0.03368,-0.373068,0.204103,366
164,B00006IV30,1.387208,0.00017,0.03066,-0.317207,0.232318,523
165,B00006JN4F,1.411059,0.000275,0.031187,-0.342537,0.222173,2694
166,B00006JT6O,1.279006,0.000313,0.028267,-0.260789,0.223414,996
167,B00006K14U,1.538262,0.001078,0.033982,-0.262499,0.214768,107
168,B00006L9KV,1.328898,-0.000354,0.02937,-0.261375,0.27126,759
169,B00006L9KW,1.359494,-0.000509,0.030044,-0.281001,0.189198,807
170,B00007FCQ1,1.339876,0.000797,0.029604,-0.307873,0.235341,540
171,B00007KQF3,1.338835,-1.8e-05,0.029592,-0.314794,0.273153,651
172,B00007M0CP,1.220212,0.000151,0.026969,-0.271281,0.269478,1051
173,B000087L6T,1.401128,-9.1e-05,0.030968,-0.245468,0.177619,146
174,B000089SA4,1.651811,0.000171,0.036509,-0.428737,0.25028,1163
175,B00008BNZ4,1.310482,0.000456,0.028961,-0.347011,0.200534,2925
176,B00008CMOQ,1.274922,-0.000309,0.028177,-0.296414,0.250609,975
177,B00008CMOR,1.255982,-0.000304,0.027759,-0.285326,0.235507,982
178,B00008CMOS,1.238479,-0.000198,0.027373,-0.295427,0.244827,963
179,B00008DPP8,1.374269,-0.000196,0.030374,-0.263325,0.260865,446
180,B00008J2XQ,1.354892,0.000273,0.029945,-0.28864,0.250558,458
181,B00008KA7P,1.40044,-0.0,0.030953,-0.215655,0.185688,96
182,B00008KA8D,1.212982,0.000322,0.026808,-0.243621,0.191211,423
183,B00008MNZH,1.62575,0.001193,0.035913,-0.27785,0.207629,149
184,B00008MOQE,1.251263,0.000622,0.027649,-0.24626,0.19875,362
185,B00008MOQJ,1.292622,0.000678,0.028562,-0.247061,0.214843,353
186,B00008MOQN,1.252553,0.00065,0.027677,-0.247915,0.203078,373
187,B00008O2X5,1.404029,0.000449,0.031029,-0.302321,0.248373,414
188,B00008PC1O,1.145097,0.000361,0.025307,-0.215292,0.27043,498
189,B00008ZPG9,1.658312,0.000737,0.036645,-0.304174,0.217378,124
190,B00008ZPGA,1.634584,0.000665,0.036122,-0.291456,0.204495,101
191,B000092OX4,1.290014,0.000886,0.028499,-0.249818,0.251917,1070
192,B000093A0U,1.150025,0.000351,0.025416,-0.270822,0.244233,702
193,B000093I60,1.304887,-9.3e-05,0.028841,-0.26177,0.251059,919
194,B000094Q6C,1.215994,0.000766,0.026866,-0.332733,0.251313,1693
195,B000094ZDX,1.446946,0.000502,0.031977,-0.344319,0.219303,201
196,B0000950LF,1.251525,0.000265,0.027661,-0.300033,0.228715,2231
197,B000095SDS,1.61922,-0.000218,0.035788,-0.273046,0.168151,112
198,B00009WO0W,1.103522,0.000369,0.024388,-0.225003,0.200943,912
199,B0000AFUTL,1.271498,0.000317,0.028101,-0.326392,0.313862,919
200,B0000AJ3PT,1.352014,0.000273,0.029882,-0.268181,0.270206,884
201,B0000AJ3PU,1.279748,-6e-05,0.028286,-0.257344,0.23007,599
202,B0000AJ3Q3,1.391062,-0.000168,0.030745,-0.27648,0.202886,1627
203,B0000AN9L9,1.264664,0.000653,0.027945,-0.285565,0.198696,661
204,B0000AS54S,1.282499,0.000255,0.028345,-0.279805,0.287064,570
205,B0000BV14G,1.395493,0.000813,0.030833,-0.333278,0.240323,408
206,B0000C0XL8,1.188058,-0.00035,0.026257,-0.24871,0.190124,997
207,B0000C4COV,1.12055,0.000129,0.024767,-0.208416,0.186132,761
208,B0000CC64W,1.529039,0.00101,0.03378,-0.253941,0.206802,152
209,B0000CDVN6,1.655305,6.7e-05,0.036586,-0.44652,0.248446,1452
210,B0000CNR0E,1.27486,0.000569,0.028172,-0.270058,0.24971,553
211,B0000CNR0J,1.210136,0.000367,0.026744,-0.289699,0.245106,821
212,B0000UJJH0,1.439969,-0.000134,0.031827,-0.330065,0.181873,240
213,B0000UTUS8,1.302216,1.5e-05,0.028782,-0.28411,0.263661,549
214,B0000UTUVU,1.475509,0.000117,0.032612,-0.327035,0.307877,409
215,B0000UTUW4,1.41092,0.000236,0.031184,-0.314888,0.252108,346
216,B0000VC1YC,1.494883,0.000153,0.03304,-0.346256,0.29397,382
217,B0000XMQTA,1.479396,0.000167,0.032698,-0.325046,0.242459,285
218,B0000Y3C3I,1.222653,0.000343,0.027021,-0.265446,0.228543,913
219,B0000Y3COC,1.202129,0.000122,0.02657,-0.2568,0.197166,503
220,B0000Y3CRY,1.450334,0.000511,0.032052,-0.297425,0.204699,134
221,B0000Y3CSI,1.319864,0.0003,0.029171,-0.308517,0.271906,665
222,B0000Y3D4G,1.42762,0.000793,0.031544,-0.314495,0.200702,222
223,B0000Y3D4Q,1.380578,0.000392,0.030512,-0.357501,0.224103,805
224,B0000Y3DAK,1.408368,0.000469,0.031125,-0.302718,0.213361,419
225,B0000Y3FQC,1.164783,-0.00046,0.02574,-0.322276,0.191626,1172
226,B0000Y3FRG,1.302418,0.000328,0.028785,-0.309304,0.199943,334
227,B0000Y3GF2,1.247724,0.001002,0.02756,-0.265705,0.186892,391
228,B0000Y3GIE,1.440066,0.000327,0.031827,-0.327741,0.267595,607
229,B0000Y3LAC,1.550462,0.000175,0.034269,-0.309735,0.247184,158
230,B0000Y8H3S,1.236606,0.000442,0.027328,-0.286407,0.24645,2967
231,B0000YUWY0,1.354422,0.000182,0.029936,-0.303964,0.209954,537
232,B0000YUX4O,1.356931,0.000612,0.029985,-0.287619,0.162571,172
233,B0000YUXGW,1.262243,-1.3e-05,0.027899,-0.277196,0.250199,514
234,B0000YUXI0,1.349506,0.000686,0.02982,-0.284251,0.231479,258
235,B0000YV6BI,1.439711,0.000489,0.031817,-0.341964,0.209361,216
236,B0000YV6YK,1.232434,5.7e-05,0.02724,-0.251596,0.156875,325
237,B0000YV83O,1.371297,2.6e-05,0.030309,-0.277908,0.211787,338
238,B0000ZHH5G,1.61707,0.000517,0.035738,-0.402762,0.281324,456
239,B0000ZHOEU,1.336164,0.000403,0.02953,-0.284287,0.174044,301
240,B0000ZLEFU,1.386486,0.000636,0.030638,-0.277492,0.190376,183
241,B0000ZLEX2,1.558461,0.000654,0.03444,-0.2761,0.188285,164
242,B00011JI88,1.376349,0.000445,0.030417,-0.279466,0.257246,563
243,B00011JOQY,1.201514,0.000233,0.026555,-0.262317,0.197306,426
244,B00011JOR8,1.229665,-0.000302,0.027177,-0.2875,0.153317,293
245,B00011JTFA,1.760288,0.000569,0.038903,-0.303795,0.215038,76
246,B00011QTZI,1.396791,0.000348,0.030871,-0.344292,0.239304,558
247,B00011QUDE,1.35945,0.000224,0.030046,-0.273209,0.18412,277
248,B00011QUKW,1.335768,0.000338,0.029522,-0.27681,0.221785,288
249,B00011QVHO,1.494059,0.000573,0.033017,-0.358205,0.22132,200
250,B00011QVIS,1.368804,0.000458,0.030251,-0.32907,0.244872,476
251,B00011QVUG,1.650224,0.001246,0.036453,-0.305914,0.180029,116
252,B000127UUA,1.286733,0.000416,0.028437,-0.301807,0.278758,1379
253,B000127UVY,1.22821,0.000249,0.027145,-0.283152,0.227153,1387
254,B000127VFE,1.269612,4.8e-05,0.028062,-0.3139,0.232949,1249
255,B00012NEYG,1.287335,0.000139,0.028453,-0.284806,0.310754,528
256,B00012NI7E,1.273841,0.000253,0.028154,-0.28969,0.203521,501
257,B00012NJZA,1.30018,0.000438,0.028734,-0.289994,0.229809,679
258,B00012NKGS,1.392952,0.000438,0.030785,-0.275947,0.18888,148
259,B000136P7S,1.329315,-3.7e-05,0.029381,-0.296013,0.23612,1317
260,B00013TQRE,1.277911,0.000736,0.028235,-0.289594,0.276396,3772
261,B00013YYS0,1.376278,0.000173,0.030419,-0.232095,0.207739,187
262,B00013YZ7U,1.567462,0.000892,0.034633,-0.293411,0.200844,109
263,B00013Z15A,1.331149,8.2e-05,0.029422,-0.280192,0.249056,1118
264,B000141O6E,1.437666,-0.000343,0.031774,-0.286341,0.211684,204
265,B000142AZ8,1.306117,0.000373,0.028866,-0.263931,0.224193,474
266,B000142C1A,1.326094,0.000863,0.029297,-0.358683,0.249638,667
267,B000142FVW,1.322361,0.000535,0.029223,-0.271276,0.224326,303
268,B000142JDG,1.30304,0.000734,0.028791,-0.277291,0.209419,326
269,B000142KZ8,1.554698,-0.000273,0.034362,-0.328557,0.240964,168
270,B000142MGA,1.50987,0.000325,0.03337,-0.224903,0.184445,245
271,B000142NDC,1.37669,0.000463,0.030425,-0.331266,0.290658,633
272,B000142OZY,1.295816,0.000166,0.02864,-0.304406,0.235874,556
273,B000142P12,1.419415,0.00017,0.031372,-0.314031,0.223009,297
274,B000142PUS,1.325352,0.000153,0.029293,-0.283096,0.253434,611
275,B000142Q6G,1.292704,0.000232,0.028571,-0.278492,0.184509,240
276,B000142TU4,1.339139,0.00015,0.029598,-0.274233,0.200296,297
277,B000142U9E,1.298847,0.000169,0.028707,-0.26826,0.208996,699
278,B000142ZFS,1.550662,0.000503,0.03427,-0.307515,0.214582,195
279,B0001431AG,1.510123,0.000919,0.033365,-0.301932,0.180043,138
280,B0001432S2,1.441208,6.8e-05,0.031854,-0.293326,0.198913,208
281,B0001433OU,1.361033,0.000961,0.030067,-0.305627,0.187354,313
282,B0001433VI,1.383056,0.000617,0.030563,-0.26045,0.198655,309
283,B000143AY8,1.35629,0.000237,0.029976,-0.302543,0.203048,358
284,B000143CFA,1.501914,0.001052,0.033179,-0.293528,0.22139,283
285,B000143K2A,1.246451,8e-05,0.02755,-0.233404,0.163496,245
286,B000143O7G,1.280415,-0.000136,0.0283,-0.285801,0.273442,633
287,B000146L62,1.177974,0.000516,0.026031,-0.282225,0.218529,1077
288,B000146LKS,1.146916,0.000462,0.025345,-0.268338,0.223189,1074
289,B00014D138,1.162015,0.000641,0.025675,-0.31953,0.252706,1069
290,B00014D1OW,1.397646,0.000518,0.030887,-0.343834,0.264356,1076
291,B00014D322,1.197969,-1.7e-05,0.026478,-0.233932,0.170185,858
292,B00014D5O8,1.24233,0.000503,0.027454,-0.259413,0.28583,581
293,B00014DGCO,1.247148,8.6e-05,0.027565,-0.276104,0.247225,1103
294,B00014DIKE,1.208648,0.000358,0.026712,-0.262015,0.26765,668
295,B00014DKKC,1.321526,0.000437,0.029206,-0.283654,0.225778,352
296,B00014DM5K,1.509772,0.000495,0.033366,-0.382638,0.258049,1121
297,B00014DMQE,1.407523,0.000319,0.031108,-0.242699,0.192696,174
298,B00014DMRI,1.353432,0.00051,0.02991,-0.323475,0.226528,685
299,B00014DMUA,1.34974,0.000372,0.02983,-0.282799,0.212766,480
300,B00014DTY4,1.50748,-8.2e-05,0.033319,-0.311456,0.190617,160
301,B00014DU6G,1.350645,0.000976,0.029837,-0.293643,0.262894,1108
302,B00014DZ2K,1.516634,0.001561,0.033485,-0.228468,0.161395,167
303,B00014EH2C,1.290219,0.000427,0.028514,-0.297845,0.181369,399
304,B00014EKJC,1.301923,0.000479,0.028772,-0.315619,0.223515,959
305,B00014FTTM,1.144664,0.000197,0.025299,-0.214332,0.152295,227
306,B00014GT78,1.365643,0.000769,0.030174,-0.224764,0.166165,108
307,B00014GTWS,1.289566,0.000128,0.028502,-0.313515,0.267328,575
308,B00014HF94,1.275202,0.000188,0.028185,-0.236065,0.195939,502
309,B00014JKG0,1.410786,-0.000109,0.031182,-0.299907,0.194732,235
310,B00014JOHA,1.164038,2.2e-05,0.025728,-0.20051,0.231566,1243
311,B00014WW38,1.358717,0.000804,0.03002,-0.311196,0.235364,2104
312,B00015GWQU,1.471809,0.000415,0.032528,-0.253528,0.208181,279
313,B00015HBD8,1.296914,-3.3e-05,0.028665,-0.285918,0.162685,338
314,B00015HBEC,1.295861,0.00053,0.028637,-0.298391,0.248594,453
315,B00015HBEM,1.365884,0.000813,0.030178,-0.319215,0.220242,380
316,B00015XAQ0,1.341712,0.001077,0.029636,-0.307881,0.359182,929
317,B00016QYOO,1.300595,0.000291,0.028745,-0.269004,0.312992,1059
318,B00016RIIA,1.292534,2.1e-05,0.028568,-0.273748,0.251503,344
319,B00016WSIK,1.273162,0.000246,0.028139,-0.300012,0.270826,1099
320,B00016WUEW,1.303168,9e-05,0.028803,-0.281439,0.264883,696
321,B00016WULK,1.34712,0.001317,0.029746,-0.297001,0.347964,882
322,B00016WV6E,1.347289,0.000641,0.029772,-0.310091,0.244104,631
323,B00016WW8Q,1.236038,-0.00013,0.027319,-0.249534,0.163149,265
324,B00016WXEY,1.356085,0.000121,0.029973,-0.318337,0.23287,254
325,B00016X06O,1.431068,0.000305,0.031629,-0.347523,0.242379,708
326,B00016X3G6,1.588944,0.000805,0.03511,-0.366823,0.256258,370
327,B00016X3L6,1.339996,-0.000101,0.029617,-0.302523,0.255066,684
328,B00016X604,1.407569,-0.000118,0.031111,-0.330609,0.192017,222
329,B00016X68Q,1.229284,0.000524,0.027165,-0.336992,0.2625,607
330,B00016XJ4M,1.447629,0.000754,0.031987,-0.344178,0.286282,2035
331,B00016XJ7O,1.343855,0.000761,0.029693,-0.262205,0.220311,720
332,B00016XJ8S,1.354488,0.000417,0.029935,-0.30483,0.254397,702
333,B000172R76,1.27308,0.000947,0.028122,-0.217786,0.147724,273
334,B000177FXW,1.388475,0.000581,0.030683,-0.310493,0.218926,564
335,B00017XWJ8,1.390446,0.000678,0.030725,-0.337465,0.207322,266
336,B000186X4I,1.580682,0.000274,0.034936,-0.286242,0.200812,204
337,B000195GAY,1.57855,0.000669,0.034883,-0.28847,0.226639,168
338,B000196U04,1.221366,0.000442,0.026992,-0.246536,0.199128,477
339,B0001AGMWE,1.183869,0.001152,0.026141,-0.250414,0.226419,626
340,B0001AQCII,1.420572,0.000722,0.03139,-0.302553,0.221726,345
341,B0001B86HM,1.313575,0.000548,0.029028,-0.27657,0.216352,622
342,B0001EKTZQ,1.337824,0.000107,0.029569,-0.313502,0.211246,340
343,B0001EKWPI,1.339232,0.00044,0.029597,-0.290784,0.205576,735
344,B0001EKYL0,1.328507,6.2e-05,0.029363,-0.32259,0.245138,641
345,B0001EL0CW,1.621504,-0.000607,0.035834,-0.358861,0.181196,131
346,B0001EL5R2,1.403199,0.000756,0.031005,-0.257131,0.168475,128
347,B0001EL658,1.386723,0.000628,0.030644,-0.318284,0.260855,547
348,B0001FF80G,1.438855,0.000864,0.031791,-0.227695,0.187697,135
349,B0001I8ZT4,1.480825,0.00015,0.03273,-0.296086,0.183548,125
350,B0001LH6YG,1.50447,0.001167,0.033232,-0.308873,0.291103,380
351,B0001M3K4U,1.392782,0.000845,0.030772,-0.287593,0.198739,221
352,B0001M7D7A,1.316834,0.000244,0.029104,-0.255096,0.161164,235
353,B0001MC06Y,1.394159,0.000595,0.030809,-0.30774,0.224405,473
354,B0001MROQA,1.3633,0.000433,0.030129,-0.30472,0.236962,842
355,B0001TJX2Q,1.370959,-0.000122,0.030301,-0.303903,0.224406,373
356,B0001TMDF0,1.29034,-0.000146,0.028519,-0.279905,0.189274,276
357,B0001TO3NA,1.385433,0.000383,0.030619,-0.280163,0.223543,311
358,B0001TODNK,1.368354,-0.000141,0.030244,-0.325429,0.253503,569
359,B0001TOH8G,1.443792,0.000244,0.03191,-0.319517,0.243154,341
360,B0001TQ5MW,1.422288,0.000195,0.031435,-0.306758,0.266772,458
361,B0001TQ9WI,1.190347,2.4e-05,0.02631,-0.285207,0.250574,665
362,B0001TSJPI,1.263084,0.000269,0.027916,-0.249859,0.185241,209
363,B0001TSWWS,1.47957,0.000903,0.03269,-0.301491,0.246412,820
364,B0001UWRCI,1.239052,0.000184,0.027386,-0.279067,0.227518,1201
365,B0001VKL7U,1.491484,0.000775,0.032956,-0.317671,0.378293,1079
366,B0001VOJWI,1.471176,0.000745,0.032508,-0.255644,0.18587,183
367,B0001XKA38,1.30182,0.000596,0.028767,-0.269132,0.213901,374
368,B0001XLSQ6,1.748864,0.000127,0.038654,-0.273869,0.177878,41
369,B0001XLSR0,1.381247,0.000364,0.030527,-0.281494,0.230165,301
370,B0001XQNMK,1.350409,0.000428,0.029844,-0.298361,0.24896,359
371,B0001Y74VS,1.395229,0.000354,0.030836,-0.258051,0.23132,197
372,B0001Y74XG,1.326843,-0.000102,0.029326,-0.309391,0.186052,218
373,B0001YOMD6,1.212991,0.000424,0.026807,-0.286635,0.274926,669
374,B0001YXXUY,1.335186,0.000168,0.02951,-0.271578,0.193348,326
375,B0001ZA3Y2,1.154924,-2.3e-05,0.025527,-0.242924,0.303617,940
376,B0001ZA4CS,1.398435,0.00036,0.030907,-0.294346,0.258839,422
377,B0001ZYL3Q,1.190294,0.000469,0.026304,-0.233015,0.170362,534
378,B0001ZYLAO,1.40574,0.000322,0.031069,-0.318217,0.204574,186
379,B0001ZZH0M,1.334392,0.000456,0.02949,-0.293144,0.186736,699
380,B00020DY2O,1.345402,0.00037,0.029734,-0.272962,0.221185,1093
381,B00020E1P8,1.396662,0.000788,0.03086,-0.282618,0.238064,307
382,B00021AK4I,1.374964,0.000877,0.030377,-0.283688,0.223374,254
383,B00021AM9G,1.264535,0.000292,0.027948,-0.322441,0.254953,647
384,B00021AQCY,1.675084,-8.4e-05,0.037023,-0.319511,0.224721,94
385,B00021AYF8,1.3094,0.000562,0.028936,-0.270301,0.241174,415
386,B00021B8L2,1.458428,0.000589,0.03223,-0.303392,0.190769,242
387,B00021B95W,1.377029,2e-05,0.030436,-0.307831,0.216957,301
388,B00021BEXY,1.368897,0.000328,0.030254,-0.304833,0.226926,309
389,B00021C1LI,1.413793,0.000173,0.031248,-0.320606,0.21432,290
390,B00021C49W,1.336028,0.000377,0.029527,-0.273823,0.18639,272
391,B00021C5Y6,1.451587,0.001306,0.032057,-0.311447,0.194806,256
392,B00021C9BA,1.509402,0.000953,0.033348,-0.332622,0.23262,247
393,B00021CNCK,1.398128,0.000649,0.030895,-0.276862,0.204219,250
394,B00021CSBG,1.460498,0.001149,0.03226,-0.292534,0.275332,398
395,B00021CT10,1.390352,0.001036,0.030713,-0.287024,0.234729,313
396,B00021CT56,1.375179,0.000979,0.030379,-0.289004,0.224589,309
397,B00021D5FY,1.315845,0.000612,0.029077,-0.270371,0.232314,328
398,B00021D6JE,1.452041,0.001007,0.032078,-0.231094,0.173611,182
399,B00021DDR4,1.580069,0.000879,0.034912,-0.365422,0.314148,364
400,B00021DDYW,1.438828,0.001437,0.031769,-0.29555,0.284797,204
401,B00021DE14,1.450181,0.001205,0.03203,-0.298848,0.279276,201
402,B00021DG80,1.345679,0.00112,0.029722,-0.277833,0.25485,256
403,B00021DJ32,1.428724,0.0014,0.031547,-0.288665,0.229481,231
404,B00021DPHW,1.389748,0.001377,0.030686,-0.28762,0.253546,272
405,B00021DTEG,1.353537,0.00063,0.02991,-0.287894,0.275423,334
406,B00021DUM2,1.329196,0.000697,0.02937,-0.235079,0.225357,297
407,B00021DVCQ,1.306161,0.000657,0.028862,-0.262607,0.256308,821
408,B00021DZCC,1.327743,0.000852,0.029334,-0.254981,0.166277,236
409,B00021EA9Y,1.323117,0.000411,0.029241,-0.270453,0.216565,358
410,B00021KD2C,1.166297,-7.2e-05,0.025778,-0.255094,0.181965,605
411,B00021PDN6,1.302005,0.001168,0.028754,-0.292364,0.254149,442
412,B00021UR3C,1.494154,0.000661,0.033018,-0.318881,0.281739,295
413,B00021W26M,1.431624,0.000576,0.031637,-0.300388,0.209147,241
414,B00021WZVE,1.413938,-7.7e-05,0.031251,-0.271647,0.226766,342
415,B000225ZL0,1.257478,0.000446,0.02779,-0.299769,0.181913,207
416,B000225ZOC,1.236601,0.000139,0.027332,-0.296977,0.242078,494
417,B0002260DW,1.110157,-5.6e-05,0.024537,-0.250152,0.190424,307
418,B0002260L4,1.217396,-8.9e-05,0.026907,-0.301975,0.218003,316
419,B0002260N2,1.181491,0.000232,0.026113,-0.28439,0.223962,670
420,B00022F1DW,1.253249,0.000368,0.027697,-0.267282,0.187917,821
421,B00022WA9K,1.33227,0.000381,0.029444,-0.310119,0.233179,478
422,B00022WA9U,1.349016,0.000578,0.029811,-0.30843,0.21669,441
423,B00023DIBI,1.336812,0.000131,0.029547,-0.291092,0.24607,524
424,B00023KDAW,1.515978,0.00058,0.033502,-0.276291,0.161722,124
425,B000248HLI,1.112337,5.5e-05,0.024585,-0.227027,0.198098,1463
426,B000260KIO,1.354218,0.00023,0.029931,-0.260062,0.162899,243
427,B0002716FO,1.431528,0.000672,0.031633,-0.307384,0.306074,500
428,B000271KR8,1.386816,0.000456,0.030649,-0.27138,0.14296,144
429,B000273PEO,1.275292,0.000464,0.028183,-0.296738,0.281555,646
430,B000273RI8,1.242879,0.000468,0.027467,-0.252288,0.220075,714
431,B000277N7Y,1.45658,0.000686,0.032187,-0.324846,0.240778,199
432,B00027C9CS,1.366682,0.000425,0.030204,-0.295892,0.222042,356
433,B00027CDY2,1.406818,-3.2e-05,0.031094,-0.292458,0.321518,897
434,B00027CDYM,1.198761,0.000163,0.026495,-0.210017,0.259311,709
435,B00027CGWQ,1.180808,0.0002,0.026098,-0.263818,0.275122,567
436,B00027D0DU,1.333026,0.000686,0.029455,-0.269975,0.224421,480
437,B00027D6SE,1.197262,0.000503,0.026458,-0.240352,0.195223,711
438,B00027D8IC,1.169789,0.000351,0.025853,-0.319632,0.263897,1008
439,B00027D98Q,1.245948,0.000193,0.027538,-0.259731,0.201985,482
440,B00027DDEQ,1.370782,0.000275,0.030296,-0.283457,0.279125,430
441,B00027DDOQ,1.34851,0.000145,0.029805,-0.296586,0.211178,381
442,B00027DHYM,1.144903,0.000503,0.0253,-0.234566,0.232481,720
443,B00027DMI8,1.278943,0.000241,0.028267,-0.280778,0.228612,4601
444,B00027DMJW,1.481717,0.00055,0.032745,-0.317999,0.295466,1314
445,B00027DMLK,1.315616,0.000673,0.029071,-0.260328,0.19534,220
446,B00027DMSI,1.25052,0.00083,0.027627,-0.239361,0.175526,241
447,B00027EG9C,1.203816,0.000583,0.026601,-0.24082,0.2624,646
448,B00027YZKM,1.383576,0.000275,0.030579,-0.258621,0.158594,205
449,B00028F0NM,1.196961,0.000917,0.02644,-0.243061,0.284598,1001
450,B00028LN1K,1.492583,0.000481,0.032986,-0.336007,0.235301,170
451,B00028LURW,1.450768,-2e-06,0.032066,-0.373315,0.25957,1727
452,B00028LV4Y,1.328407,0.000237,0.02936,-0.31226,0.201084,743
453,B00028M3N2,1.313335,-0.000158,0.029028,-0.320373,0.223927,399
454,B00028MLG6,1.237894,0.00012,0.02736,-0.230906,0.23186,1169
455,B00028MLHA,1.166447,-0.00031,0.02578,-0.249371,0.201469,616
456,B00028O7ZO,1.447689,0.000685,0.03199,-0.353002,0.305433,678
457,B00028OC4K,1.188187,0.000153,0.026261,-0.220576,0.215982,1118
458,B00028OPZ6,1.18096,-1.5e-05,0.026102,-0.279579,0.161177,697
459,B00028OQZA,1.322761,0.000382,0.029234,-0.299308,0.273068,1138
460,B00028OSI0,1.332521,0.00028,0.029451,-0.295146,0.218663,1103
461,B00028OTAM,1.16441,-5.9e-05,0.025736,-0.279336,0.170376,2103
462,B00028OTNY,1.430479,-7.2e-05,0.031617,-0.347012,0.284415,700
463,B00028OU5Q,1.300288,0.000147,0.028739,-0.283759,0.226141,1094
464,B00028PDWK,1.309133,0.000425,0.028932,-0.297552,0.231884,415
465,B00028PFF0,1.373837,0.000291,0.030364,-0.322722,0.247389,385
466,B00028PXAC,1.499305,0.000324,0.033137,-0.324364,0.27229,331
467,B0002A65LQ,1.343044,0.000564,0.029679,-0.314053,0.216288,395
468,B0002B0R14,1.292222,-0.000101,0.028561,-0.343651,0.21111,1162
469,B0002BB3YO,1.394517,-0.000107,0.030822,-0.329514,0.217544,388
470,B0002BPIZO,1.35679,0.00011,0.029988,-0.289281,0.189166,241
471,B0002CTSRM,1.253035,-3.6e-05,0.027695,-0.244114,0.162033,264
472,B0002DLEJG,1.400878,-4.3e-05,0.030963,-0.297439,0.253868,547
473,B0002DNZAC,1.421534,0.000929,0.031406,-0.256906,0.172448,256
474,B0002DO1RI,1.357623,0.000262,0.030006,-0.237894,0.156809,249
475,B0002DO1RS,1.360608,0.000631,0.030066,-0.223741,0.15916,233
476,B0002DPG1I,1.431633,0.000294,0.031641,-0.372392,0.242529,373
477,B0002DTV0K,1.496378,0.000534,0.033069,-0.26109,0.213254,148
478,B0002DUSR0,1.304561,0.000477,0.02883,-0.296161,0.252548,482
479,B0002DUSUW,1.317274,0.000527,0.02911,-0.270192,0.244245,299
480,B0002E4WOO,1.317507,0.0003,0.029119,-0.287052,0.221785,1846
481,B0002EBI82,1.260981,-0.000306,0.027869,-0.290473,0.277254,884
482,B0002EZXUG,1.378478,0.000389,0.030465,-0.288417,0.253204,501
483,B0002F1H6E,1.445848,9.3e-05,0.031957,-0.330553,0.263758,309
484,B0002FBOLW,1.211926,-0.000171,0.026786,-0.248832,0.222359,637
485,B0002FCCH2,1.492652,0.000243,0.03299,-0.252833,0.178495,83
486,B0002FCD5I,1.463069,0.000111,0.032337,-0.22252,0.182375,90
487,B0002FCDHQ,1.567318,0.000231,0.034641,-0.294073,0.182582,108
488,B0002G214U,1.743755,0.001123,0.038525,-0.315769,0.178863,102
489,B0002G21GI,1.295217,0.00054,0.028622,-0.32341,0.26743,680
490,B0002JG2NI,1.2019,8e-05,0.026565,-0.249355,0.220116,724
491,B0002JGIZA,1.211332,-5.7e-05,0.026773,-0.218719,0.242222,1042
492,B0002JGU30,1.413937,0.001235,0.031227,-0.334068,0.366582,870
493,B0002JHI1I,1.301313,0.000241,0.028761,-0.284676,0.267287,1104
494,B0002JIHT0,1.485983,0.000394,0.032842,-0.366621,0.333105,403
495,B0002JISX0,1.339912,0.000427,0.029612,-0.281617,0.201181,320
496,B0002JIUDS,1.347572,0.00023,0.029784,-0.28325,0.244611,473
497,B0002JKPA4,1.200388,-9e-05,0.026531,-0.292549,0.251531,1062
498,B0002JKQ8K,1.293392,0.000311,0.028585,-0.278432,0.229982,401
499,B0002JMZ7A,1.260521,0.000216,0.02786,-0.279792,0.259685,446
500,B0002JNRCC,1.411398,2.9e-05,0.031195,-0.255596,0.171718,164
501,B0002KS5VE,1.432974,0.001062,0.031654,-0.308624,0.222998,360
502,B0002L2JLU,1.345523,0.000248,0.029738,-0.322734,0.187131,510
503,B0002M9OYY,1.453758,0.000294,0.03213,-0.230876,0.191276,169
504,B0002NIAC0,1.282303,0.000603,0.028336,-0.276308,0.272702,1144
505,B0002OCNMC,1.329756,0.000129,0.029391,-0.279849,0.212792,273
506,B0002OMOIA,1.13773,-0.000297,0.025145,-0.229715,0.150226,835
507,B0002PCH2M,1.377652,9.1e-05,0.030449,-0.322446,0.239213,607
508,B0002Q8W9I,1.366078,0.00058,0.030188,-0.262493,0.202892,247
509,B0002QB1SC,1.373939,0.000111,0.030367,-0.299132,0.246556,420
510,B0002RI2PG,1.419716,0.000651,0.031373,-0.285791,0.219381,330
511,B0002RPTX4,1.489055,9.3e-05,0.032912,-0.3536,0.18522,264
512,B0002RYHTQ,1.440067,0.000167,0.031829,-0.252851,0.163843,120
513,B0002SA9BU,1.226593,4.4e-05,0.027111,-0.275742,0.183287,1817
514,B0002SGNOM,1.264692,0.000678,0.027945,-0.275359,0.238762,254
515,B0002SGSNI,1.53743,0.000382,0.033979,-0.29093,0.232735,222
516,B0002SI7DW,1.204328,0.000966,0.026601,-0.178432,0.132377,214
517,B0002SISY0,1.172962,0.000463,0.025921,-0.247197,0.165225,286
518,B0002SQ6YO,1.384965,0.000455,0.030608,-0.282473,0.263274,282
519,B0002TSCZY,1.44467,-0.000108,0.031931,-0.345769,0.243813,243
520,B0002TSD08,1.35098,0.000224,0.029859,-0.324504,0.190021,219
521,B0002UEDWE,1.218141,0.000211,0.026923,-0.248247,0.26315,983
522,B0002VHBTU,1.413788,0.000134,0.031248,-0.326901,0.254216,505
523,B0002VJIH8,1.386991,-0.000141,0.030656,-0.309679,0.224276,1924
524,B0002VQ0WO,1.442634,-5.8e-05,0.031886,-0.327488,0.275224,278
525,B0002WUHTU,1.38587,0.000351,0.030629,-0.295411,0.231166,392
526,B0002X4F0Q,1.339773,0.000158,0.029612,-0.303906,0.213815,310
527,B0002X9038,1.345302,0.000652,0.029727,-0.318974,0.204687,265
528,B0002XBTVO,1.326044,0.000385,0.029306,-0.254066,0.156824,151
529,B0002XG9X2,1.289722,-0.00014,0.028506,-0.298737,0.340356,1548
530,B0002XY3QC,1.235296,0.00041,0.0273,-0.262648,0.163137,261
531,B0002YE8F2,1.365534,0.000121,0.030181,-0.301232,0.219794,317
532,B0002YE8IO,1.358568,0.000154,0.030027,-0.32278,0.207395,332
533,B0002YE8V6,1.308446,-4.4e-05,0.02892,-0.274398,0.199408,281
534,B0002YE8WA,1.394203,0.000738,0.030807,-0.317137,0.242252,257
535,B0002YFQ6W,1.326611,4.1e-05,0.029321,-0.286872,0.224795,368
536,B0002YLY9K,1.234872,0.000229,0.027293,-0.216857,0.137915,187
537,B0002Z0R9C,1.163974,0.000291,0.025725,-0.262433,0.200984,341
538,B0002Z0U5I,1.233095,0.001031,0.027235,-0.249274,0.189545,867
539,B0002Z0UA8,1.279744,0.000723,0.028276,-0.270267,0.275231,547
540,B0002Z1JJ4,1.204872,0.000177,0.02663,-0.270955,0.264651,595
541,B0002Z1JK8,1.149494,0.000723,0.025396,-0.253591,0.244054,748
542,B0002Z81O0,1.254035,6e-06,0.027717,-0.284802,0.2082,765
543,B0002Z8GEK,1.47482,0.000295,0.032596,-0.326815,0.298774,313
544,B0002Z8HAI,1.453536,0.001578,0.032088,-0.299144,0.199493,205
545,B0002Z8IV6,1.419069,0.000202,0.031364,-0.315478,0.213539,169
546,B0002Z8LLI,1.436427,2.4e-05,0.031749,-0.352633,0.223505,276
547,B0002Z8MLC,1.334059,0.000673,0.029478,-0.249983,0.205417,272
548,B0002Z8NJS,1.518637,0.001646,0.033525,-0.3147,0.207483,197
549,B0002Z8OUG,1.537178,0.001432,0.033945,-0.207192,0.1746,79
550,B0002Z8P1E,1.379109,0.00023,0.030481,-0.322927,0.267278,320
551,B0002Z8P8M,1.318868,0.000444,0.029147,-0.30148,0.283876,484
552,B0002Z8QG8,1.504108,0.000169,0.033244,-0.332351,0.228771,178
553,B0002Z8QHW,1.327086,5e-05,0.029332,-0.308353,0.231076,483
554,B0002Z8RGC,1.461486,0.000971,0.032288,-0.259577,0.208686,164
555,B0002Z8SE8,1.441632,0.000218,0.031863,-0.299962,0.284513,293
556,B0002Z8SZW,1.305736,0.000195,0.028859,-0.283737,0.185861,359
557,B0002Z90RM,1.303189,0.000219,0.028803,-0.301714,0.197225,309
558,B0003009NK,1.497281,0.000574,0.033089,-0.320154,0.220585,212
559,B000629ZHG,1.311722,0.000662,0.028985,-0.221045,0.192843,252
560,B00062A0JI,1.476908,0.000947,0.03263,-0.317441,0.228415,237
561,B00062ADJA,1.31776,0.000648,0.029119,-0.265821,0.245602,389
562,B0006433MM,1.350503,-8.7e-05,0.029849,-0.276708,0.270206,437
563,B00064A5L4,1.529603,0.001136,0.033789,-0.244486,0.169947,176
564,B00064H44K,1.270128,0.000222,0.028072,-0.312374,0.267008,693
565,B00065AFFE,1.156584,0.000321,0.025561,-0.277844,0.209336,604
566,B00066D2JE,1.25611,-0.00029,0.027762,-0.2822,0.252291,733
567,B00066D4M4,1.188307,3.2e-05,0.026265,-0.245478,0.272094,769
568,B00066LD7C,1.254124,0.000533,0.027714,-0.235558,0.161414,155
569,B00066YC34,1.194354,0.000427,0.026395,-0.292251,0.224655,592
570,B000674XN2,1.259247,0.000308,0.027831,-0.228004,0.165595,272
571,B000674XNM,1.406584,0.00066,0.031082,-0.261571,0.263928,392
572,B000674Z8A,1.318545,0.000789,0.029132,-0.255027,0.234993,325
573,B00067EJ4U,1.211942,0.000286,0.026785,-0.244205,0.202022,213
574,B00067YSLO,1.600864,0.000467,0.03538,-0.326765,0.213139,163
575,B00068A0AQ,1.409715,0.001061,0.03114,-0.246239,0.215893,259
576,B00068AZ88,1.23932,0.000263,0.027391,-0.245698,0.225665,698
577,B00068CG3U,1.251123,6.2e-05,0.027653,-0.290633,0.26147,720
578,B00069FJUG,1.320368,0.000687,0.029175,-0.264343,0.279434,1135
579,B0006B12KK,1.366621,0.000894,0.030192,-0.294035,0.257389,442
580,B0006B66D8,1.190302,0.000419,0.026305,-0.327084,0.209501,600
581,B0006BDMIU,1.323273,-0.000137,0.029247,-0.290488,0.194972,314
582,B0006BDO5G,1.371528,0.000681,0.030307,-0.309962,0.249143,443
583,B0006BDO5Q,1.384814,0.000525,0.030603,-0.308856,0.244802,566
584,B0006BDQDG,1.257874,0.000745,0.027792,-0.2528,0.194874,582
585,B0006D3IAU,1.520141,-0.00046,0.033596,-0.37207,0.246373,286
586,B0006DS3KU,1.19633,-0.000184,0.026441,-0.323233,0.226665,1762
587,B0006FMK98,1.30287,0.000351,0.028795,-0.290542,0.215929,432
588,B0006FMKB6,1.315252,0.000472,0.029067,-0.310315,0.228866,364
589,B0006G2EX4,1.234411,0.000246,0.027282,-0.253275,0.280367,954
590,B0006GBEYE,1.196646,0.000686,0.02644,-0.256701,0.220138,1015
591,B0006GZAKI,1.318694,3.3e-05,0.029146,-0.281669,0.268419,1108
592,B0006GZBMA,1.360225,0.000136,0.030064,-0.298037,0.259098,1117
593,B0006GZC4W,1.224492,-0.0002,0.027064,-0.25639,0.224528,1310
594,B0006GZCVK,1.339598,-7e-06,0.029608,-0.287472,0.191315,166
595,B0006GZDE6,1.25575,-8.9e-05,0.027755,-0.260242,0.225387,1085
596,B0006GZDEQ,1.256148,2.7e-05,0.027764,-0.286628,0.23828,1218
597,B0006GZE0O,1.269205,-0.000118,0.028052,-0.280644,0.228811,1100
598,B0006HCE60,1.49389,-0.000181,0.033018,-0.365991,0.260934,516
599,B0006HRCL2,1.534224,8.2e-05,0.03391,-0.309365,0.196657,154
600,B0006I9YK8,1.553446,0.001267,0.034312,-0.23226,0.195429,135
601,B0006IHDQ0,1.447279,0.001156,0.031968,-0.275986,0.207981,249
602,B0006II74C,1.373422,1.4e-05,0.030356,-0.327142,0.308225,550
603,B0006IJA5C,1.436108,0.000462,0.031738,-0.322983,0.259611,450
604,B0006IXSG4,1.407122,0.000752,0.031092,-0.247112,0.171821,152
605,B0006LNC2G,1.457598,0.000931,0.032203,-0.263231,0.24173,307
606,B0006LNJ56,1.294341,0.000818,0.028596,-0.248934,0.19573,207
607,B0006LNKXW,1.386963,0.000778,0.030645,-0.238272,0.192378,133
608,B0006LNKYG,1.382038,0.000734,0.030538,-0.229346,0.203159,143
609,B0006LNMIU,1.33623,0.000961,0.029518,-0.219721,0.183941,242
610,B0006M5566,1.083213,0.000331,0.023939,-0.236405,0.19909,516
611,B0006M56BK,1.643562,0.000144,0.036327,-0.386799,0.268519,170
612,B0006MSVCG,1.412324,0.000904,0.031203,-0.337569,0.265,373
613,B0006N29AU,1.425202,0.000433,0.031498,-0.343861,0.213441,393
614,B0006NXBJ8,1.400182,0.000372,0.030945,-0.239084,0.160558,129
615,B0006NY35E,1.265995,0.00051,0.027977,-0.270767,0.307169,576
616,B0006NYCT6,1.412235,0.000427,0.031211,-0.234209,0.213312,189
617,B0006NYDOU,1.316793,0.00019,0.029104,-0.280052,0.242533,1113
618,B0006O2IQ4,1.251078,0.000609,0.027645,-0.28776,0.251396,634
619,B0006O4MCM,1.279548,0.00076,0.028271,-0.297275,0.203081,475
620,B0006O9ZAG,1.481749,0.000334,0.032749,-0.371431,0.250836,341
621,B0006OU06E,1.369914,0.000117,0.030278,-0.312834,0.225761,395
622,B0006OU078,1.578448,0.000195,0.034887,-0.338933,0.258147,171
623,B0006PJRP8,1.308242,0.000575,0.02891,-0.262537,0.175494,267
624,B0006PJSES,1.283511,0.000517,0.028364,-0.259352,0.208355,283
625,B0006PJSSO,1.489477,0.001538,0.032885,-0.318012,0.189157,201
626,B0006PJTB0,1.279746,-2e-06,0.028286,-0.265714,0.27088,569
627,B0006PKGJY,1.439694,0.000781,0.031811,-0.255033,0.307589,425
628,B0006PLNSC,1.327317,0.001035,0.029319,-0.331234,0.255356,566
629,B0006PLPE4,1.315921,5.2e-05,0.029085,-0.291004,0.178823,235
630,B0006PS3XU,1.39055,0.000482,0.030731,-0.293284,0.255585,419
631,B0006PS3Y4,1.393802,0.000468,0.030803,-0.291558,0.258393,419
632,B0006PT6TU,1.564285,0.00024,0.034574,-0.294951,0.232289,102
633,B0006Q00IK,1.489227,-0.000967,0.032901,-0.362095,0.266322,278
634,B0006Q00ZI,1.458308,0.000185,0.032232,-0.299368,0.214145,188
635,B0006Q0102,1.517333,0.000515,0.033533,-0.328847,0.305941,331
636,B0006Q01EI,1.376451,0.000548,0.030418,-0.336754,0.237755,291
637,B0006Q01WK,1.300258,-0.000101,0.028739,-0.299485,0.289439,645
638,B0006Q0HEC,1.586048,0.000594,0.035051,-0.324865,0.235709,177
639,B0006Q23H6,1.271484,0.000369,0.028101,-0.268417,0.186396,430
640,B0006Q3NTS,1.603822,0.000895,0.035437,-0.317243,0.207821,166
641,B0006Q3O3S,1.253272,0.000556,0.027695,-0.293186,0.222034,536
642,B0006Q3P50,1.33196,0.000497,0.029435,-0.263876,0.251641,358
643,B0006SFXXK,1.202428,0.000175,0.026576,-0.278328,0.191955,1963
644,B0006SFXYY,1.09437,0.000226,0.024187,-0.202741,0.214288,741
645,B0006U81GY,1.372283,-0.000113,0.030331,-0.295887,0.168581,148
646,B0006V7T9I,1.142098,0.000188,0.025242,-0.240965,0.251555,1060
647,B0006ZEVU4,1.380509,-4.9e-05,0.030513,-0.326263,0.224689,353
648,B0006ZHCK0,1.319352,-0.000445,0.029158,-0.260541,0.1807,187
649,B0006ZHK7A,1.507033,0.000415,0.033307,-0.279184,0.180775,93
650,B00070E8IS,1.475886,0.00028,0.03262,-0.346202,0.214656,201
651,B00070QF20,1.201641,0.000628,0.026552,-0.241377,0.187354,1399
652,B00074XC68,1.377776,0.00058,0.030447,-0.374797,0.200989,579
653,B0007506U2,1.44134,0.000235,0.031856,-0.313407,0.249521,357
654,B00076X0BS,1.289432,0.000814,0.028488,-0.261763,0.320101,1015
655,B0007CIEBI,1.342928,0.000489,0.029678,-0.29167,0.225,371
656,B0007CWVLM,1.548802,4.6e-05,0.034232,-0.290195,0.189198,117
657,B0007CXWQU,1.372207,0.000214,0.030328,-0.322518,0.209339,287
658,B0007CXWRE,1.384256,0.0004,0.030593,-0.244625,0.18111,143
659,B0007CXWTW,1.487926,0.000392,0.032885,-0.246866,0.165343,100
660,B0007CXWUG,1.517888,0.000731,0.033541,-0.272773,0.20047,137
661,B0007CXWWY,1.470334,-3.7e-05,0.032498,-0.255126,0.162907,112
662,B0007CXWXI,1.482153,0.000623,0.032753,-0.243894,0.179708,102
663,B0007CXX82,1.55779,-0.000212,0.03443,-0.332745,0.188455,137
664,B0007CXXDC,1.336492,0.000279,0.029538,-0.27016,0.15758,252
665,B0007CXXDM,1.355412,0.000208,0.029957,-0.28769,0.198737,235
666,B0007CXXE6,1.438081,0.000575,0.03178,-0.249292,0.203405,157
667,B0007CXXGO,1.610806,0.000606,0.035598,-0.311962,0.209638,122
668,B0007CXXIC,1.630199,0.000692,0.036025,-0.306249,0.210001,121
669,B0007CXXJQ,1.553346,-7e-06,0.034333,-0.325516,0.207354,187
670,B0007CXXVE,1.606634,-0.000405,0.035508,-0.292818,0.184626,152
671,B0007CXXYG,1.500708,-0.000123,0.033169,-0.35458,0.197464,156
672,B0007CXY5E,1.568939,0.000829,0.034668,-0.329937,0.16687,159
673,B0007CXY5O,1.524476,8.2e-05,0.033695,-0.331909,0.17317,172
674,B0007CXYAE,1.595802,4.4e-05,0.035271,-0.328252,0.184745,156
675,B0007CXYP4,1.472501,0.000579,0.032541,-0.280518,0.174312,199
676,B0007D2F3K,1.295865,-0.000305,0.02864,-0.321848,0.253657,495
677,B0007DHMBK,1.169249,0.000334,0.025841,-0.290853,0.200967,1114
678,B0007DHMCO,1.212581,0.000382,0.026798,-0.308922,0.213983,1105
679,B0007IFB2W,1.252765,-0.000216,0.027688,-0.281594,0.184882,252
680,B0007IQMVG,1.544398,-0.000205,0.034134,-0.286266,0.272997,126
681,B0007LE3EG,1.267838,2.1e-05,0.028022,-0.267625,0.296312,809
682,B0007NIRUU,1.548192,-0.000393,0.034217,-0.307372,0.175367,107
683,B0007R7ABS,1.465644,0.000134,0.032394,-0.290213,0.189125,229
684,B0007RBYA6,1.392056,-0.000179,0.030767,-0.319043,0.228858,294
685,B0007V6PFQ,1.428266,0.000169,0.031568,-0.339207,0.225353,614
686,B0007V9API,1.267044,0.000273,0.028003,-0.289522,0.237988,538
687,B0007W1R58,1.607197,0.000648,0.035517,-0.277174,0.183013,88
688,B0007WL21M,1.508262,0.00055,0.033332,-0.369862,0.227785,255
689,B0007WZ7YU,1.479698,0.000466,0.032702,-0.347906,0.288931,271
690,B0007X74CW,1.569425,0.000331,0.034687,-0.269013,0.198565,160
691,B0007X74E0,1.229209,0.000366,0.027166,-0.246172,0.203355,929
692,B0007X74IQ,1.270432,-6.3e-05,0.02808,-0.258119,0.27854,1225
693,B0007XFB2W,1.099146,0.000208,0.024293,-0.203321,0.187072,1870
694,B0007YJ5QY,1.516437,4.6e-05,0.033517,-0.336438,0.289625,339
695,B00080DK86,1.453582,0.000268,0.032127,-0.384869,0.235661,455
696,B00081J4P8,1.226842,0.000735,0.027106,-0.302012,0.299781,690
697,B00082379Q,1.577387,0.000869,0.034853,-0.299768,0.213193,96
698,B0008394GA,1.370113,0.000818,0.030272,-0.298672,0.216225,279
699,B000851N9E,1.252688,0.000391,0.027685,-0.252569,0.198449,1790
700,B00085DX0Q,1.344733,0.000482,0.029718,-0.286695,0.21578,260
701,B0008ENT8I,1.166061,0.000518,0.025768,-0.269033,0.235459,1502
702,B0008F6ZDI,1.410637,0.000722,0.03117,-0.320786,0.178238,250
703,B0008FUY0I,1.425686,0.000414,0.031508,-0.263314,0.151699,152
704,B0008GIZKS,1.305266,0.000383,0.028847,-0.308388,0.275623,590
705,B0008IV7BU,1.28695,-0.000159,0.028444,-0.255498,0.19976,300
706,B00092M2VO,1.500474,0.000556,0.03316,-0.282148,0.217644,125
707,B00092M2XC,1.33617,0.000281,0.029531,-0.299543,0.188767,250
708,B00092M2ZU,1.458273,0.000229,0.032231,-0.326893,0.223865,374
709,B00092M36I,1.4197,0.000557,0.031374,-0.328901,0.210154,410
710,B00092M386,1.421202,0.00055,0.031407,-0.308082,0.201182,301
711,B00094O6D4,1.382265,-0.000235,0.030551,-0.328513,0.250351,532
712,B000960QJA,1.35483,0.000305,0.029944,-0.292277,0.235433,483
713,B000977Q8I,1.35114,0.000676,0.029856,-0.287766,0.256741,472
714,B000980PGM,1.491417,3.2e-05,0.032964,-0.380588,0.273071,600
715,B000980PH6,1.34753,0.000273,0.029783,-0.31994,0.212219,387
716,B0009953JA,1.288635,-3e-05,0.028482,-0.380191,0.264115,1670
717,B00099E8ZA,1.53053,-0.00017,0.033828,-0.310292,0.176698,86
718,B00099QZOW,1.250342,0.000111,0.027635,-0.224898,0.171316,170
719,B00099Z2OQ,1.209362,0.000166,0.026729,-0.250374,0.244055,999
720,B0009BVK0E,1.307366,0.000362,0.028894,-0.290153,0.269369,980
721,B0009DT39W,1.362579,0.0008,0.030106,-0.316959,0.208081,445
722,B0009DVDTU,1.322307,0.000229,0.029225,-0.307604,0.22385,467
723,B0009DVMAU,1.413361,0.000577,0.031233,-0.356206,0.250349,384
724,B0009EILHG,1.277285,0.000265,0.02823,-0.225302,0.189378,256
725,B0009EILI0,1.292885,-1e-05,0.028576,-0.269445,0.200337,234
726,B0009EILKS,1.38553,0.000316,0.030622,-0.283031,0.261629,293
727,B0009EILVM,1.330787,-0.000377,0.029411,-0.323108,0.221579,424
728,B0009ET3SC,1.369927,-1.6e-05,0.030279,-0.28977,0.304845,548
729,B0009ET4VI,1.332144,-9e-06,0.029444,-0.312605,0.171659,937
730,B0009ET5H6,1.273727,0.000392,0.02815,-0.286553,0.241501,369
731,B0009ET5JE,1.370665,0.000748,0.030286,-0.262596,0.290749,467
732,B0009ET5O4,1.260125,0.000159,0.027851,-0.299137,0.261458,780
733,B0009ET6BQ,1.209302,0.000363,0.026726,-0.288711,0.155551,548
734,B0009EXM52,1.321345,0.000735,0.029196,-0.380353,0.251805,852
735,B0009EXMB6,1.205318,2.6e-05,0.026641,-0.275109,0.218608,628
736,B0009EXONC,1.41055,0.000429,0.031174,-0.298195,0.188978,188
737,B0009EXOO6,1.412759,0.000324,0.031224,-0.23045,0.161518,114
738,B0009EXOP0,1.270034,0.000359,0.028069,-0.374409,0.218866,961
739,B0009EXOXW,1.301081,0.000252,0.028756,-0.267837,0.180248,404
740,B0009F3M6A,1.263884,0.000374,0.027932,-0.272094,0.220496,1098
741,B0009F3NGE,1.304442,0.000613,0.028825,-0.308836,0.261061,596
742,B0009F3NYQ,1.325864,0.000453,0.029301,-0.268235,0.25229,486
743,B0009F3O18,1.469086,0.000247,0.03247,-0.289301,0.181807,176
744,B0009F3O8Q,1.358452,1.5e-05,0.030025,-0.296429,0.242163,308
745,B0009F3OOA,1.35155,0.00019,0.029872,-0.304812,0.262253,377
746,B0009F3OR2,1.169525,-0.000224,0.025848,-0.21743,0.189932,308
747,B0009F3OS6,1.266462,-0.000229,0.027991,-0.277946,0.201319,324
748,B0009F3OX6,1.454671,0.000582,0.032147,-0.2907,0.24605,276
749,B0009F3R7E,1.378696,2e-05,0.030473,-0.315048,0.256355,433
750,B0009FHJOG,1.192854,0.000561,0.026359,-0.260163,0.224642,638
751,B0009FHJRS,1.641681,0.000242,0.036284,-0.316361,0.205944,139
752,B0009G05W8,1.562983,-6.7e-05,0.034546,-0.435946,0.234446,588
753,B0009GGY96,1.437671,0.000592,0.031771,-0.305285,0.192391,188
754,B0009H04LO,1.216168,0.000668,0.026872,-0.240852,0.259318,678
755,B0009HIFRY,1.318494,0.000294,0.02914,-0.261953,0.200519,335
756,B0009HJBPE,1.130645,8.9e-05,0.02499,-0.220993,0.227126,1043
757,B0009I4J4G,1.432782,0.00018,0.031668,-0.311483,0.219847,373
758,B0009I4M02,1.45021,0.000568,0.032048,-0.241962,0.220361,121
759,B0009I4MCU,1.354243,-9.8e-05,0.029932,-0.296726,0.178957,266
760,B0009I4MFW,1.46934,-0.000133,0.032476,-0.237734,0.183561,153
761,B0009I4MG6,1.481202,-0.000376,0.032736,-0.261467,0.165005,151
762,B0009I4MGQ,1.314857,-0.000162,0.029061,-0.318536,0.223627,435
763,B0009I4MKW,1.57269,-0.000373,0.034758,-0.305873,0.183025,64
764,B0009IMRLS,1.446003,0.000261,0.031959,-0.283278,0.256627,341
765,B0009ION0G,1.265711,0.000302,0.027974,-0.269106,0.198895,325
766,B0009J6ER0,1.272669,2.7e-05,0.028129,-0.27984,0.214725,1692
767,B0009JQFF6,1.311256,-7.8e-05,0.028982,-0.272452,0.242506,739
768,B0009M0C5W,1.176478,0.000406,0.026,-0.21605,0.249655,739
769,B0009MHJE4,1.17007,-0.000226,0.02586,-0.26113,0.192952,654
770,B0009MHJS0,1.312349,7e-06,0.029006,-0.31505,0.263382,1244
771,B0009MJE74,1.406314,-8.8e-05,0.031083,-0.327297,0.235629,1918
772,B0009ML5M6,1.22171,-0.000253,0.027002,-0.247052,0.194758,1975
773,B0009MMK5M,1.244411,-0.000268,0.027503,-0.321856,0.240361,2073
774,B0009MSHR2,1.453892,5.3e-05,0.032135,-0.319816,0.226968,282
775,B0009MYMJY,1.247582,0.000425,0.027571,-0.306892,0.271006,650
776,B0009N35D2,1.224738,0.000278,0.027068,-0.304565,0.252151,702
777,B0009N5EZY,1.595849,0.000787,0.035263,-0.26978,0.191833,185
778,B0009OAFUM,1.173963,0.000453,0.025944,-0.238447,0.166468,634
779,B0009OAGRE,1.244187,0.000363,0.027497,-0.302763,0.268872,730
780,B0009OAGSI,1.566861,0.001186,0.034611,-0.276408,0.215785,198
781,B0009OAGT2,1.291979,0.000144,0.028556,-0.308508,0.257443,704
782,B0009OAGWE,1.280193,0.000306,0.028294,-0.308032,0.294188,644
783,B0009OAGXI,1.274599,0.001012,0.028154,-0.327834,0.275538,704
784,B0009OAGZ6,1.252572,0.000411,0.027682,-0.273454,0.269499,602
785,B0009OAH0A,1.204388,0.000389,0.026617,-0.308158,0.252052,721
786,B0009OAHBE,1.435228,0.000837,0.031711,-0.362559,0.265531,558
787,B0009OAHC8,1.151144,0.000115,0.025443,-0.265808,0.218399,673
788,B0009OAHEQ,1.265276,0.000428,0.027962,-0.324061,0.271802,688
789,B0009OAHIM,1.157838,0.000496,0.025586,-0.271158,0.218574,704
790,B0009OAHIW,1.181573,0.000529,0.02611,-0.275288,0.20736,692
791,B0009OAHNM,1.273896,0.000423,0.028153,-0.295953,0.231257,378
792,B0009OAHOG,1.410307,0.000846,0.03116,-0.278158,0.238866,202
793,B0009OAHQ4,1.440562,0.000899,0.031827,-0.286939,0.230321,200
794,B0009OAHQE,1.235988,0.000423,0.027315,-0.29567,0.250056,685
795,B0009OAHQY,1.501119,0.000628,0.033173,-0.35146,0.280723,292
796,B0009OAHRI,1.567538,0.000585,0.034642,-0.288557,0.169976,120
797,B0009OAHRS,1.316997,0.000727,0.0291,-0.21216,0.185709,186
798,B0009OAHVO,1.182236,0.000329,0.026128,-0.294705,0.237538,697
799,B0009OAHWI,1.155516,0.000261,0.025538,-0.265111,0.243351,700
800,B0009OAI18,1.500512,0.000682,0.033158,-0.312106,0.201083,174
801,B0009OAI1S,1.301378,0.000302,0.028762,-0.315998,0.271839,724
802,B0009OAI2C,1.211835,0.00058,0.026778,-0.283254,0.265355,673
803,B0009OAI3G,1.191536,0.000491,0.026331,-0.278037,0.244172,675
804,B0009OAI40,1.256125,0.000295,0.027762,-0.289575,0.27065,697
805,B0009OAI7C,1.42015,0.000498,0.031385,-0.322608,0.247734,218
806,B0009OAI8G,1.159186,0.000253,0.02562,-0.268993,0.225769,691
807,B0009OAIB8,1.275396,0.000314,0.028188,-0.319675,0.266495,741
808,B0009OAIE0,1.184942,0.000433,0.026187,-0.299636,0.257818,719
809,B0009OAIIG,1.203356,0.000168,0.026597,-0.28808,0.224912,681
810,B0009OAIKY,1.391539,0.000708,0.030748,-0.267117,0.216442,189
811,B0009OAIQI,1.177081,0.000117,0.026016,-0.285412,0.239652,695
812,B0009OAISG,1.432937,0.000424,0.031669,-0.279064,0.202932,180
813,B0009OMNGQ,1.552006,-0.000213,0.034303,-0.306557,0.205548,152
814,B0009OXHC0,1.729625,0.000317,0.038228,-0.418373,0.347617,350
815,B0009P4PZC,1.437106,-0.000252,0.031763,-0.238188,0.165217,170
816,B0009PVV36,1.749379,0.000305,0.038664,-0.347848,0.231719,163
817,B0009PVV40,1.425167,8e-05,0.0315,-0.282532,0.163628,160
818,B0009PVV4A,1.676399,0.000859,0.037043,-0.328642,0.248073,136
819,B0009QJ3TE,1.118886,0.000356,0.024728,-0.240485,0.199273,734
820,B0009QZXP2,1.383682,-0.000301,0.030581,-0.335171,0.227258,550
821,B0009QZXQ6,1.180529,-4.8e-05,0.026093,-0.24511,0.197339,666
822,B0009QZYBU,1.449352,0.000216,0.032034,-0.274616,0.209296,230
823,B0009QZYLU,1.335898,0.000498,0.029522,-0.264613,0.18547,165
824,B0009QZYN8,1.400405,0.000875,0.03094,-0.314605,0.221333,346
825,B0009QZYO2,1.497783,0.000398,0.033102,-0.253029,0.177532,90
826,B0009QZZ4Q,1.267388,5.3e-05,0.028012,-0.264957,0.184493,239
827,B0009R14NG,1.372271,-0.000111,0.03033,-0.276769,0.155503,165
828,B0009R14Q8,1.388842,-3e-06,0.030697,-0.268032,0.159449,160
829,B0009R14XQ,1.400256,9.4e-05,0.030949,-0.314466,0.177165,198
830,B0009R16O8,1.404462,0.000277,0.031041,-0.329991,0.244651,527
831,B0009R33U8,1.102783,-0.000248,0.024373,-0.230777,0.208267,1928
832,B0009R35GA,1.498604,0.00037,0.033121,-0.250575,0.180349,90
833,B0009R5AYA,1.325677,4.8e-05,0.029301,-0.302423,0.181392,321
834,B0009R5B8A,1.576373,0.000168,0.034841,-0.300737,0.198577,101
835,B0009R5CMK,1.333153,0.000336,0.029464,-0.273763,0.229233,606
836,B0009RF9OG,1.322353,0.000704,0.029219,-0.30326,0.294326,3764
837,B0009RFAOK,1.278247,0.000228,0.028252,-0.229465,0.166261,257
838,B0009RFAPY,1.387617,8e-06,0.03067,-0.296826,0.264903,430
839,B0009RFB76,1.317974,0.000232,0.02913,-0.293003,0.237399,3264
840,B0009RMN0E,1.392986,0.00016,0.030788,-0.320531,0.203555,316
841,B0009STDD8,1.169394,0.000674,0.025838,-0.260953,0.19884,966
842,B0009TNBVC,1.441409,0.000337,0.031857,-0.280566,0.242054,341
843,B0009V1YR8,1.444757,0.000656,0.031926,-0.387788,0.276223,530
844,B0009V1YRS,1.523383,0.000338,0.033669,-0.268145,0.220289,176
845,B0009V1YS2,1.188771,-2.7e-05,0.026275,-0.258443,0.231894,868
846,B0009V2S8M,1.516299,0.000468,0.033511,-0.364934,0.193768,350
847,B0009V8N4U,1.121305,0.000441,0.02478,-0.215884,0.253858,606
848,B0009V8N5E,1.22179,0.000596,0.026998,-0.248633,0.268682,620
849,B0009VD8YU,1.231938,0.000123,0.027229,-0.240552,0.228048,804
850,B0009VDBWY,1.555316,0.000981,0.034362,-0.258794,0.20108,119
851,B0009VIJV2,1.296206,0.000148,0.028649,-0.30159,0.206276,366
852,B0009VNI2C,1.456412,9.7e-05,0.03219,-0.331507,0.193684,282
853,B0009VNI40,1.479115,0.000725,0.032684,-0.324789,0.23029,427
854,B0009VQ8X8,1.230337,5.4e-05,0.027193,-0.272627,0.236702,717
855,B0009WB49K,1.328376,0.000152,0.02936,-0.295772,0.223036,398
856,B0009WY4U6,1.222771,0.000233,0.027025,-0.235343,0.211465,608
857,B0009WY4UQ,1.243776,0.000508,0.027486,-0.266885,0.18641,458
858,B0009WY54G,1.592734,-0.00015,0.035203,-0.315696,0.178068,107
859,B0009XH6SC,1.190427,0.000111,0.026311,-0.289363,0.23238,1691
860,B0009XH6TG,1.476911,0.000594,0.032638,-0.310622,0.207782,138
861,B0009XH6UU,1.400284,0.000488,0.030946,-0.295998,0.209906,325
862,B0009XH6V4,1.356963,0.00037,0.02999,-0.294768,0.213552,300
863,B0009Y6RHM,1.137716,0.000439,0.025143,-0.216738,0.245702,784
864,B0009YDO32,1.269862,0.000119,0.028067,-0.26996,0.228609,397
865,B000A0ADT8,1.31824,0.000313,0.029135,-0.304423,0.202358,395
866,B000A0ADUW,1.395594,0.000272,0.030845,-0.275656,0.175017,189
867,B000A35L56,1.278734,0.000361,0.028261,-0.282099,0.201322,418
868,B000A3I2X4,1.441252,0.000657,0.031848,-0.344422,0.241798,469
869,B000A3V1SW,1.240559,-0.000442,0.027416,-0.237533,0.203615,390
870,B000A3V1XC,1.433505,-0.000189,0.031683,-0.349158,0.235568,486
871,B000A3V2PE,1.185884,0.000505,0.026206,-0.278098,0.22275,782
872,B000A3XI4M,1.458952,7.3e-05,0.032246,-0.27819,0.221808,149
873,B000A3ZMLO,1.279733,0.00017,0.028285,-0.25307,0.154432,232
874,B000A3ZN7M,1.410563,0.0004,0.031174,-0.294796,0.200694,194
875,B000A3ZN7W,1.475984,0.000469,0.03262,-0.336746,0.247171,232
876,B000A408VC,1.285549,0.000667,0.028406,-0.238522,0.182113,271
877,B000A4094I,1.402204,0.000496,0.030988,-0.307335,0.23238,265
878,B000A409J8,1.451574,0.000531,0.032079,-0.325929,0.25918,467
879,B000A7VRYG,1.398163,7.1e-05,0.030903,-0.254258,0.208322,135
880,B000AA2XQ4,1.543488,0.00141,0.034086,-0.209114,0.184948,147
881,B000AA5VD6,1.357307,0.000383,0.029997,-0.28432,0.257542,447
882,B000AA5VZ4,1.452392,2.5e-05,0.032101,-0.285575,0.241437,287
883,B000AA5VZY,1.385609,0.000454,0.030622,-0.250414,0.184444,235
884,B000AA9H3Q,1.316998,0.00018,0.029108,-0.214859,0.155076,179
885,B000AA9HQ8,1.348066,0.000616,0.029789,-0.26883,0.295839,415
886,B000AAAVTU,1.354993,0.00015,0.029948,-0.297332,0.329801,601
887,B000AAAW9Y,1.347702,0.000201,0.029787,-0.30626,0.219138,563
888,B000AAAWAI,1.343847,0.000429,0.029699,-0.296856,0.21774,364
889,B000AAAWEO,1.258114,4e-06,0.027807,-0.285479,0.186347,329
890,B000AAC8VO,1.472676,0.001147,0.03253,-0.354792,0.254472,371
891,B000AADENA,1.364319,0.000354,0.030153,-0.289182,0.228395,392
892,B000AADEP8,1.400355,0.000479,0.030948,-0.27658,0.256235,511
893,B000AADF0M,1.30745,0.000836,0.028886,-0.288858,0.249589,779
894,B000AADF20,1.321712,0.000211,0.029212,-0.26215,0.231773,558
895,B000AADG0G,1.437989,-0.000175,0.031783,-0.276853,0.227065,238
896,B000AADG8I,1.63145,0.000523,0.036055,-0.395815,0.247255,246
897,B000ABOLZ4,1.214974,0.000229,0.026853,-0.273336,0.224036,2087
898,B000ACAV8O,1.275917,0.000547,0.028196,-0.301088,0.217594,1742
899,B000ACB09I,1.273812,-0.000111,0.028154,-0.27545,0.222462,1431
900,B000ACB0C0,1.226246,1.7e-05,0.027103,-0.271466,0.222687,1170
901,B000ALBJ40,1.647772,0.000408,0.036418,-0.268687,0.220099,77
902,B000ALBKGW,1.310869,0.000809,0.028962,-0.257684,0.195552,280
903,B000ALBNGE,1.585303,0.001191,0.035019,-0.266014,0.208955,186
904,B000ALCJR6,1.523795,0.001163,0.03366,-0.414185,0.297467,415
905,B000ALDJ7A,1.287284,0.000401,0.028449,-0.273978,0.208975,434
906,B000ALDK1A,1.43473,0.000791,0.031701,-0.314254,0.189135,200
907,B000ALDLJG,1.375981,0.000651,0.030406,-0.275801,0.205737,235
908,B000ALFROS,1.205682,0.000167,0.026648,-0.260784,0.257424,1139
909,B000ALFTUU,1.475819,1.9e-05,0.032619,-0.274828,0.234269,274
910,B000ALFTVO,1.314197,-6e-06,0.029047,-0.267331,0.185163,262
911,B000AM82US,1.327787,0.000245,0.029346,-0.295134,0.212898,320
912,B000AMA43Q,1.325313,0.000225,0.029292,-0.280919,0.281035,546
913,B000AMA4DQ,1.305713,0.000438,0.028856,-0.309104,0.215558,350
914,B000AMBF5W,1.472661,0.000324,0.032548,-0.314657,0.20348,165
915,B000AMHWCW,1.410225,0.000736,0.031161,-0.310565,0.245468,418
916,B000AO2NXS,1.564969,-0.000342,0.034588,-0.312159,0.179404,118
917,B000AQF50Y,1.181237,0.000543,0.026103,-0.275633,0.207473,690
918,B000AQI2EK,1.462905,0.000206,0.032333,-0.368393,0.228173,322
919,B000ARDBH2,1.316309,0.001118,0.029072,-0.286236,0.246465,605
920,B000ASDGK8,1.50196,0.000619,0.033191,-0.336147,0.194426,270
921,B000ASDX3S,1.460496,0.000247,0.03228,-0.36122,0.243908,377
922,B000AU15E0,1.29696,0.000556,0.028661,-0.309951,0.257009,583
923,B000AUTH0E,1.374423,0.00031,0.030377,-0.322052,0.244868,482
924,B000AUTHEA,1.467273,0.000227,0.03243,-0.272953,0.236693,184
925,B000AYKVOG,1.54365,3e-05,0.034118,-0.22415,0.151945,69
926,B000B45BUE,1.402846,0.000955,0.030992,-0.298987,0.188632,290
927,B000B5S2LS,1.345634,0.00027,0.029741,-0.354631,0.202218,492
928,B000B5UPF4,1.108396,0.000414,0.024495,-0.242554,0.189903,784
929,B000B63Y1K,1.261862,0.000177,0.02789,-0.27479,0.196227,320
930,B000B6VIPY,1.35488,-0.000443,0.029943,-0.298151,0.217219,469
931,B000B7VO66,1.309435,0.000505,0.028937,-0.318787,0.181408,341
932,B000B82TD2,1.289816,0.0005,0.028504,-0.288012,0.196065,549
933,B000B8FW0Y,1.284163,0.000525,0.028378,-0.313646,0.249028,678
934,B000B8VBJK,1.29588,-0.000169,0.028642,-0.309858,0.270446,772
935,B000B9J3GM,1.337096,-8.2e-05,0.029553,-0.283895,0.19217,243
936,B000B9N0N4,1.506092,0.000462,0.033285,-0.351976,0.235172,275
937,B000B9W3CI,1.238034,0.000604,0.027357,-0.204873,0.140705,142
938,B000B9W4MC,1.319839,0.000322,0.02917,-0.194882,0.13471,154
939,B000BB9L0S,1.374032,4.7e-05,0.030369,-0.311939,0.231587,356
940,B000BBGP4I,1.34746,0.000298,0.029781,-0.29194,0.18955,242
941,B000BD0SEE,1.399133,0.000407,0.030922,-0.318456,0.206636,353
942,B000BFTAMS,1.426491,-0.00013,0.031529,-0.250006,0.172598,200
943,B000BGIYWY,1.426085,-7.3e-05,0.03152,-0.318072,0.182357,276
944,B000BH92J2,1.493241,-0.000288,0.033003,-0.347111,0.21458,260
945,B000BIPJ20,1.257851,8.3e-05,0.027802,-0.288595,0.219416,695
946,B000BIUGRI,1.41604,0.000481,0.031294,-0.308306,0.220306,284
947,B000BIUGSM,1.374316,0.000926,0.030362,-0.280894,0.200362,246
948,B000BIUGUA,1.410249,0.000292,0.031169,-0.256837,0.190737,131
949,B000BIUGUK,1.357522,0.000252,0.030004,-0.306909,0.180977,253
950,B000BIUGV4,1.483413,0.00046,0.032784,-0.33311,0.246378,275
951,B000BIUGXM,1.279509,0.000544,0.028275,-0.252107,0.179732,343
952,B000BIVXZW,1.490362,0.00043,0.032938,-0.31344,0.222667,196
953,B000BIVY0G,1.367656,0.000304,0.030227,-0.256077,0.181332,171
954,B000BIVY10,1.274112,0.000103,0.028161,-0.267871,0.235979,317
955,B000BIVY1U,1.392466,0.00033,0.030775,-0.34282,0.20855,187
956,B000BIVY24,1.356285,0.00068,0.02997,-0.288265,0.189942,257
957,B000BIXP30,1.310658,5e-06,0.028969,-0.270914,0.21533,310
958,B000BIXP3K,1.401967,5.6e-05,0.030987,-0.296267,0.214534,214
959,B000BIXP3U,1.32343,0.000284,0.02925,-0.290667,0.187689,256
960,B000BIXP4O,1.374954,0.000307,0.030388,-0.285884,0.227147,265
961,B000BIXP5I,1.389609,0.000112,0.030714,-0.289962,0.199365,194
962,B000BIXP5S,1.554922,0.000234,0.034367,-0.346685,0.234577,151
963,B000BIXP62,1.385783,0.000121,0.030629,-0.309098,0.23571,369
964,B000BIZSUS,1.313952,0.000273,0.02904,-0.258739,0.202266,224
965,B000BIZSV2,1.446206,0.000601,0.031959,-0.351964,0.228355,245
966,B000BIZSYO,1.334182,0.000145,0.029488,-0.257354,0.236487,332
967,B000BJ1CGQ,1.396548,0.000683,0.03086,-0.273494,0.191504,142
968,B000BK1P9E,1.293275,6.4e-05,0.028585,-0.247005,0.159463,244
969,B000BKLBES,1.180842,0.000212,0.026099,-0.224558,0.288141,1139
970,B000BKLCDS,1.449186,0.00019,0.03203,-0.290786,0.213055,228
971,B000BKXGXW,1.371741,-0.000424,0.030316,-0.303059,0.226997,521
972,B000BNG4VU,1.384236,0.000812,0.030584,-0.287924,0.225974,192
973,B000BP81IM,1.583216,0.000571,0.034988,-0.372661,0.304148,497
974,B000BPBV2U,1.242195,0.00022,0.027455,-0.299889,0.24058,1131
975,B000BPMB2Y,1.340438,0.000844,0.029615,-0.203992,0.187214,116
976,B000BPQG6Q,1.402018,0.000517,0.030984,-0.30821,0.205512,271
977,B000BPT0TG,1.322048,0.000405,0.029218,-0.277469,0.197572,208
978,B000BR50M0,1.242981,-0.000265,0.027472,-0.301675,0.217692,843
979,B000BR5B2Y,1.499363,-0.000151,0.033139,-0.289228,0.158124,115
980,B000BR766S,1.223578,0.000103,0.027044,-0.301944,0.207428,503
981,B000BRGAOM,1.384794,-5.2e-05,0.030607,-0.320014,0.215628,240
982,B000BRO6O8,1.332851,0.000651,0.029452,-0.283112,0.220265,190
983,B000BRPMJG,1.433431,0.000963,0.031668,-0.328033,0.270759,351
984,B000BRSHXE,1.420125,0.000878,0.031376,-0.331146,0.264476,379
985,B000BRY5UI,1.226641,-3.1e-05,0.027112,-0.281102,0.227005,450
986,B000BRYMKG,1.147055,0.000123,0.025352,-0.245905,0.242393,789
987,B000BTM2K6,1.559262,0.000764,0.034455,-0.36345,0.287467,253
988,B000BTO6CI,1.206329,0.000396,0.02666,-0.307968,0.252908,721
989,B000BTO6EG,1.193212,0.000538,0.026367,-0.279384,0.258292,634
990,B000BTQRFM,1.419095,0.000373,0.031363,-0.323577,0.263984,280
991,B000BU7G1A,1.321718,0.000245,0.029212,-0.290074,0.167937,218
992,B000BU7SMM,1.572456,4.8e-05,0.034755,-0.28696,0.172253,73
993,B000BUFFPO,1.521235,0.000191,0.033623,-0.301366,0.213144,91
994,B000BVCSP8,1.443348,-1.9e-05,0.031902,-0.328597,0.220958,304
995,B000BW4U58,1.403599,-0.000971,0.031008,-0.230321,0.157631,122
996,B000BX1Z00,1.286782,-9.9e-05,0.028441,-0.260507,0.190814,341
997,B000BX5FS8,1.262905,0.00053,0.027908,-0.25266,0.189827,294
998,B000BY2N7S,1.291279,-0.000391,0.028538,-0.262778,0.200012,461
999,B000BYQBT4,1.280137,-0.000257,0.028293,-0.276788,0.230344,903
1000,B000BZ4YB0,1.187383,0.000506,0.026239,-0.275333,0.208407,1540
1001,B000BZB1FC,1.465368,7.8e-05,0.032388,-0.278299,0.295095,442
1002,B000C19AZ8,1.365698,0.00011,0.030185,-0.290417,0.163073,282
1003,B000C1UAY8,1.204842,0.000305,0.026628,-0.3008,0.238861,674
1004,B000C1UBFG,1.220646,0.000165,0.026979,-0.288777,0.252542,540
1005,B000C1UBPG,1.243497,0.000219,0.027483,-0.308139,0.251794,681
1006,B000C1UC8C,1.223293,0.000344,0.027036,-0.293911,0.253664,700
1007,B000C1UCTQ,1.207063,0.000318,0.026677,-0.284856,0.245557,704
1008,B000C1UD4K,1.462728,0.00065,0.032323,-0.319523,0.237979,202
1009,B000C1UDPO,1.247062,0.000792,0.027552,-0.271836,0.197224,331
1010,B000C1UE4E,1.661147,0.00049,0.036712,-0.356685,0.367765,425
1011,B000C1UEAI,1.128088,7.3e-05,0.024933,-0.267241,0.238707,717
1012,B000C1UED0,1.22165,0.000312,0.027,-0.298837,0.250311,700
1013,B000C1UEGC,1.331029,0.001032,0.029401,-0.28112,0.217091,191
1014,B000C1UEOY,1.186765,0.000613,0.026223,-0.274948,0.245857,659
1015,B000C1UEZI,1.296584,0.000505,0.028653,-0.338257,0.266727,697
1016,B000C1UF3Y,1.198481,0.0004,0.026486,-0.292642,0.247618,669
1017,B000C1UFDE,1.206708,0.000222,0.02667,-0.299454,0.239254,750
1018,B000C1UFHU,1.145138,6.3e-05,0.02531,-0.261498,0.232682,680
1019,B000C1UFM0,1.200933,0.000188,0.026543,-0.30239,0.271283,653
1020,B000C1UFP2,1.170059,0.000291,0.02586,-0.276817,0.231061,679
1021,B000C1VSUS,1.154872,0.000352,0.025523,-0.279289,0.244023,651
1022,B000C1VT0W,1.219628,0.000321,0.026955,-0.27726,0.243962,615
1023,B000C1VT3Y,1.259073,0.000201,0.027828,-0.293987,0.266259,692
1024,B000C1VT70,1.261334,0.000342,0.027877,-0.336374,0.268549,662
1025,B000C1VT9S,1.234845,0.000357,0.027291,-0.305427,0.265585,669
1026,B000C1VVF0,1.170094,0.000346,0.02586,-0.262011,0.237463,681
1027,B000C1VWAE,1.169621,0.000217,0.025851,-0.278013,0.228173,668
1028,B000C1VWCM,1.15943,0.000464,0.025622,-0.262614,0.231771,697
1029,B000C1VWIQ,1.257432,0.000436,0.027789,-0.299949,0.272454,697
1030,B000C1VWJU,1.403668,0.000225,0.031024,-0.310802,0.241622,197
1031,B000C1VWTA,1.168543,0.000137,0.025827,-0.279645,0.247002,560
1032,B000C1VX3A,1.205561,0.000399,0.026643,-0.299041,0.256458,714
1033,B000C1VX5S,1.166302,0.000358,0.025776,-0.264727,0.243376,715
1034,B000C1VX6M,1.193746,0.00037,0.026382,-0.282162,0.234691,663
1035,B000C1VY9I,1.296354,0.000376,0.02865,-0.331406,0.281881,721
1036,B000C1VYSE,1.199223,0.00013,0.026505,-0.28853,0.230076,590
1037,B000C1W032,1.219189,2.2e-05,0.026947,-0.301553,0.245715,573
1038,B000C1W1DG,1.220559,0.000407,0.026974,-0.308162,0.266085,699
1039,B000C1W2C6,1.072061,0.000148,0.023695,-0.22948,0.20472,619
1040,B000C1W2DK,1.233898,0.000496,0.027268,-0.277969,0.254612,689
1041,B000C1W38O,1.137519,0.000394,0.025139,-0.248154,0.225238,701
1042,B000C1W39S,1.217295,0.000246,0.026904,-0.29769,0.25806,810
1043,B000C1W3JS,1.197945,0.00016,0.026477,-0.289557,0.261736,564
1044,B000C1W44M,1.474952,0.001066,0.032583,-0.289269,0.226058,179
1045,B000C1W4RE,1.220734,0.000556,0.026976,-0.29855,0.248163,663
1046,B000C1W4T2,1.18552,0.00031,0.026201,-0.283718,0.233593,680
1047,B000C1W5LE,1.163416,2.1e-05,0.025714,-0.27154,0.22123,590
1048,B000C1W6P4,1.248401,0.000369,0.02759,-0.333955,0.266437,695
1049,B000C1W6TK,1.270388,0.000374,0.028076,-0.310555,0.258065,665
1050,B000C1Z19M,1.134775,0.00033,0.025079,-0.26867,0.241652,670
1051,B000C1Z1H4,1.275097,0.000292,0.028181,-0.31155,0.258254,655
1052,B000C1Z1HE,1.176846,0.000249,0.02601,-0.280537,0.260068,554
1053,B000C1Z1UG,1.270225,0.000339,0.028073,-0.294898,0.259626,700
1054,B000C1Z29Q,1.184535,0.000592,0.026174,-0.279993,0.243838,689
1055,B000C1Z2D2,1.181907,0.00018,0.026122,-0.275408,0.237753,694
1056,B000C1Z3LS,1.250476,0.000548,0.027633,-0.271582,0.271605,626
1057,B000C1Z4AI,1.187602,0.000483,0.026244,-0.282821,0.23914,672
1058,B000C1Z4LW,1.249657,0.00026,0.027619,-0.303171,0.256554,718
1059,B000C1Z4V2,1.269998,0.000573,0.028064,-0.305747,0.267284,736
1060,B000C1Z4WG,1.177894,0.000399,0.026031,-0.282763,0.231175,779
1061,B000C1Z4XA,1.179574,5.1e-05,0.026071,-0.278519,0.22903,616
1062,B000C1Z4YY,1.242074,0.000562,0.027447,-0.289757,0.266974,688
1063,B000C1Z6AG,1.126698,0.000407,0.0249,-0.249883,0.223757,693
1064,B000C1Z6DS,1.191984,0.000215,0.026345,-0.291596,0.255328,678
1065,B000C1Z6GU,1.192402,0.00043,0.026352,-0.300192,0.258335,687
1066,B000C1Z6TC,1.159416,0.000334,0.025624,-0.262501,0.234537,691
1067,B000C1Z6VA,1.26037,0.000413,0.027854,-0.300577,0.271334,658
1068,B000C1Z782,1.193034,0.000276,0.026368,-0.280894,0.257149,686
1069,B000C1Z7PA,1.128753,0.000107,0.024948,-0.251441,0.222787,664
1070,B000C1Z7U0,1.211799,0.000712,0.026774,-0.287739,0.262491,641
1071,B000C1Z8MW,1.277246,0.000413,0.028227,-0.318303,0.271739,670
1072,B000C1ZA0C,1.165584,0.000537,0.025757,-0.26806,0.253865,622
1073,B000C1ZB8I,1.329573,0.000447,0.029383,-0.325391,0.273988,642
1074,B000C1ZBYM,1.413998,0.000892,0.03124,-0.324078,0.270555,313
1075,B000C1ZCAK,1.218439,0.000278,0.026929,-0.288944,0.270465,714
1076,B000C1ZCOG,1.202661,0.000336,0.02658,-0.301305,0.241651,709
1077,B000C1ZDTU,1.196552,0.00013,0.026446,-0.290797,0.229616,612
1078,B000C1ZEY4,1.406196,0.000904,0.031067,-0.300568,0.242873,268
1079,B000C1ZFBG,1.134656,0.000432,0.025075,-0.280075,0.224636,741
1080,B000C20ZS8,1.26878,0.000388,0.028041,-0.321556,0.263271,667
1081,B000C20ZSS,1.181495,0.000301,0.026112,-0.29721,0.252005,685
1082,B000C2105U,1.266878,0.000303,0.028,-0.29066,0.258125,687
1083,B000C21096,1.21309,0.000111,0.026812,-0.288432,0.240308,587
1084,B000C210MI,1.232376,0.00025,0.027237,-0.297304,0.256123,698
1085,B000C211H2,1.146308,0.000306,0.025334,-0.259643,0.236868,717
1086,B000C212RG,1.245484,0.000597,0.027522,-0.296594,0.270282,665
1087,B000C2136Q,1.231226,0.000361,0.027211,-0.305116,0.260747,689
1088,B000C219LA,1.41102,0.000839,0.031176,-0.309459,0.233337,255
1089,B000C219QA,1.214698,0.000293,0.026846,-0.293758,0.275572,695
1090,B000C21A82,1.172287,0.0004,0.025907,-0.279616,0.22575,735
1091,B000C21AC8,1.349718,0.001162,0.029809,-0.209486,0.166393,154
1092,B000C21BT0,1.23305,0.000234,0.027252,-0.286801,0.261195,721
1093,B000C230QC,1.213435,2.2e-05,0.02682,-0.290262,0.234138,606
1094,B000C230QM,1.258286,0.000416,0.027808,-0.30327,0.260277,735
1095,B000C231SE,1.16983,0.000255,0.025855,-0.300448,0.236916,719
1096,B000C231WK,1.186956,0.000213,0.026234,-0.288229,0.237501,590
1097,B000C233LO,1.214077,0.000336,0.026832,-0.306767,0.264518,711
1098,B000C234DQ,1.506481,0.000675,0.03329,-0.37044,0.287678,291
1099,B000C234ZY,1.197618,0.000471,0.026466,-0.28676,0.262156,651
1100,B000C2359E,1.199895,0.000249,0.026519,-0.280646,0.265569,678
1101,B000C235A8,1.163662,2.5e-05,0.02572,-0.277785,0.244371,579
1102,B000C235E4,1.250783,0.000347,0.027643,-0.297039,0.251763,703
1103,B000C235LW,1.346964,0.000377,0.029769,-0.292262,0.223005,277
1104,B000C2365C,1.403539,0.000519,0.031017,-0.284253,0.232745,186
1105,B000C237HO,1.240112,0.000302,0.027408,-0.316886,0.258401,661
1106,B000CBXDRE,1.45176,0.000384,0.032085,-0.340221,0.251068,508
1107,B000CC08VC,1.744882,0.00024,0.038565,-0.377606,0.265658,153
1108,B000CECSAO,1.185336,0.000216,0.026198,-0.197144,0.241792,321
1109,B000CED0VK,1.591642,0.000452,0.035176,-0.218008,0.203285,109
1110,B000CEOQUO,1.417948,0.000458,0.031337,-0.290369,0.172343,231
1111,B000CEQZZS,1.377145,0.000166,0.030438,-0.301929,0.233307,306
1112,B000CI9XGM,1.39413,0.000753,0.030805,-0.336082,0.238436,512
1113,B000CIBVP8,1.312376,-0.000158,0.029006,-0.285501,0.184254,196
1114,B000CIU7H6,1.147816,0.000441,0.025366,-0.221912,0.277589,515
1115,B000CNIHEG,1.129606,0.00057,0.024961,-0.260205,0.242486,678
1116,B000CNME1I,1.277365,0.000401,0.02823,-0.317335,0.254093,665
1117,B000CNTT9I,1.368458,0.000843,0.030235,-0.317689,0.225766,351
1118,B000COMJNK,1.31821,0.000648,0.029129,-0.262594,0.194249,241
1119,B000CONLRI,1.214438,4.9e-05,0.026842,-0.272805,0.209523,559
1120,B000CPIMNA,1.426824,0.000327,0.031535,-0.307065,0.213033,239
1121,B000CPJKK4,1.311962,0.000284,0.028996,-0.235853,0.16335,223
1122,B000CPLV24,1.18499,0.000219,0.02619,-0.260013,0.246927,687
1123,B000CPLX5Y,1.488386,1.4e-05,0.032897,-0.306561,0.226185,206
1124,B000CQPRBE,1.425744,0.000146,0.031512,-0.286966,0.160576,116
1125,B000CRGS2A,1.179762,-4e-05,0.026076,-0.270997,0.249464,1279
1126,B000CSDDDG,1.260862,0.000438,0.027865,-0.238346,0.194242,351
1127,B000CSH3YG,1.508172,0.000164,0.033334,-0.271666,0.212239,210
1128,B000CSQV3A,1.416433,-0.000333,0.031305,-0.345638,0.245979,406
1129,B000CST4FC,1.362598,0.00051,0.030112,-0.26831,0.219184,265
1130,B000CSYYZM,1.394817,0.000942,0.030815,-0.348151,0.285177,704
1131,B000DIN3A8,1.350204,0.000336,0.029841,-0.304128,0.211974,367
1132,B000E0G09Q,1.360102,0.000325,0.03006,-0.301381,0.271091,327
1133,B000E0I5IK,1.467912,-0.00038,0.032442,-0.216109,0.142076,97
1134,B000E0K7NQ,1.43975,-0.000391,0.03182,-0.223878,0.137521,102
1135,B000E202KM,1.469281,0.000158,0.032474,-0.336033,0.240776,298
1136,B000E3A6F2,1.220128,0.000184,0.026967,-0.272656,0.289929,1592
1137,B000E3BZUW,1.185388,0.000855,0.026186,-0.230164,0.291211,1032
1138,B000E4AR8C,1.375429,0.000697,0.030392,-0.313192,0.271295,1094
1139,B000E75ES2,1.29816,0.000318,0.028691,-0.278215,0.238066,384
1140,B000E793P2,1.219878,0.000125,0.026962,-0.238003,0.245424,981
1141,B000E7SSI0,1.27459,0.000322,0.02817,-0.306238,0.265436,682
1142,B000E7UDJW,1.240559,0.000322,0.027418,-0.311251,0.266108,650
1143,B000E7UDWO,1.192024,0.000437,0.026343,-0.287021,0.257211,713
1144,B000E7UF8G,1.322261,0.001285,0.029197,-0.29594,0.297242,1038
1145,B000E7WG56,1.270205,0.000155,0.028074,-0.30631,0.257134,697
1146,B000E7WGJ2,1.27118,0.000303,0.028095,-0.328054,0.259471,662
1147,B000E7WI6I,1.152322,0.000223,0.025468,-0.27575,0.245188,697
1148,B000E7YJSI,1.359814,0.001007,0.030038,-0.309149,0.253088,1124
1149,B000E7YL1I,1.242547,0.000319,0.027462,-0.298488,0.251498,714
1150,B000E7YL3G,1.156543,0.0003,0.025561,-0.280939,0.242887,656
1151,B000E8O8UQ,1.490841,0.000581,0.032946,-0.374938,0.235408,364
1152,B000E8PG98,1.452008,0.000314,0.032091,-0.377245,0.225556,640
1153,B000E8VI9U,1.664397,0.00128,0.036765,-0.320079,0.19655,88
1154,B000E99ZCQ,1.436086,0.000281,0.03174,-0.342666,0.236637,321
1155,B000EA0L5K,1.220352,0.000314,0.026971,-0.266038,0.248512,852
1156,B000EA2M3E,1.293943,-0.000196,0.028599,-0.245087,0.199177,784
1157,B000EBAHHG,1.487778,8.6e-05,0.032883,-0.354353,0.313759,525
1158,B000EBIDIQ,1.346049,-4.5e-05,0.029751,-0.307089,0.194463,864
1159,B000EBIDJ0,1.385132,4e-05,0.030615,-0.295576,0.23089,420
1160,B000EBIDJA,1.334551,0.000212,0.029496,-0.274838,0.212994,397
1161,B000EBZ7XK,1.631806,0.000578,0.036062,-0.303118,0.231367,95
1162,B000EE803Q,1.391681,0.000181,0.030759,-0.31702,0.208191,322
1163,B000EEBWJ0,1.408708,0.000104,0.031136,-0.295339,0.213845,327
1164,B000EEX7TI,1.426018,0.000131,0.031518,-0.306858,0.295003,488
1165,B000EEZAXO,1.409643,-0.000262,0.031156,-0.232177,0.149516,99
1166,B000EGIEP8,1.371544,0.000222,0.030314,-0.320337,0.217933,355
1167,B000EGIEYY,1.289037,1e-06,0.028491,-0.279821,0.2492,502
1168,B000EGIEZ8,1.426517,-0.000257,0.031529,-0.353533,0.266428,370
1169,B000EGIF9S,1.195455,-8.8e-05,0.026422,-0.246458,0.190127,1348
1170,B000EGIFB6,1.58745,0.00031,0.035085,-0.297716,0.220329,117
1171,B000EGIFBQ,1.287473,-0.000336,0.028454,-0.28482,0.194914,343
1172,B000EGIQB0,1.395853,0.000346,0.03085,-0.322318,0.234857,424
1173,B000EGK528,1.406515,0.00024,0.031087,-0.324756,0.261499,533
1174,B000EGMBUM,1.47774,9.8e-05,0.032662,-0.250988,0.200049,146
1175,B000EGMBWU,1.294398,-0.000127,0.028609,-0.292808,0.212256,360
1176,B000EGMBXY,1.386239,-0.000409,0.030637,-0.339828,0.199289,328
1177,B000EGMCFG,1.304215,-0.000426,0.028823,-0.246022,0.211109,366
1178,B000EGMHKQ,1.451827,-0.000131,0.032089,-0.298917,0.221515,316
1179,B000EGOG46,1.217232,0.000425,0.0269,-0.277554,0.253905,1101
1180,B000EGOG5A,1.485214,0.000946,0.032813,-0.264968,0.230452,136
1181,B000EGOKV0,1.414247,-0.000215,0.031258,-0.322833,0.224574,466
1182,B000EGSD1S,1.328718,0.000715,0.029359,-0.268104,0.166471,142
1183,B000EGYRGS,1.49035,0.000407,0.032938,-0.313069,0.247439,689
1184,B000EGZ3KM,1.515708,0.000616,0.033495,-0.271433,0.206192,165
1185,B000EH0NE2,1.312603,0.000341,0.02901,-0.284881,0.262371,637
1186,B000EH0NEC,1.327443,-0.000231,0.029339,-0.277168,0.281154,728
1187,B000EHH7LE,1.3749,0.000498,0.030385,-0.307481,0.241101,369
1188,B000EIWKO2,1.35263,-4.3e-05,0.029896,-0.284442,0.216809,239
1189,B000ELP5KA,1.181374,-0.00052,0.026106,-0.229734,0.183759,335
1190,B000EM79K8,1.206585,0.000234,0.026668,-0.274104,0.153693,355
1191,B000EM79QM,1.41801,0.000187,0.031341,-0.293751,0.183531,270
1192,B000EM9D6Q,1.30106,0.000522,0.028752,-0.266574,0.189007,377
1193,B000EMDK2Y,1.399473,-0.000159,0.030931,-0.300097,0.210457,353
1194,B000EMDK4M,1.357394,0.000323,0.03,-0.272972,0.230279,291
1195,B000EMDK6K,1.370843,0.000295,0.030298,-0.297672,0.238299,322
1196,B000EMDKC4,1.2569,0.000294,0.027779,-0.288191,0.164565,365
1197,B000EMDKG0,1.276825,-0.000205,0.02822,-0.280945,0.151259,252
1198,B000EMWHD2,1.491632,0.001011,0.032953,-0.30443,0.214009,264
1199,B000EMWHDM,1.209137,0.000308,0.026723,-0.255051,0.20523,640
1200,B000EN0ORW,1.302983,0.000608,0.028793,-0.261697,0.185355,243
1201,B000EODF9A,1.492235,0.000163,0.032982,-0.289065,0.247562,239
1202,B000EODF9K,1.204011,-5.3e-05,0.026612,-0.260009,0.202488,635
1203,B000EODWZW,1.44295,0.000665,0.031886,-0.269833,0.182553,173
1204,B000EPA4FW,1.533929,0.00082,0.033894,-0.264785,0.164876,91
1205,B000EPA4GQ,1.351339,0.000273,0.029867,-0.294822,0.254549,712
1206,B000EPJNMW,1.471526,-0.000327,0.032523,-0.312392,0.180757,159
1207,B000ETVROA,1.403992,0.0006,0.031026,-0.312688,0.20041,286
1208,B000ETZS6S,1.413051,0.000651,0.031225,-0.204389,0.189877,101
1209,B000EVEKMY,1.213135,-0.000463,0.026809,-0.248162,0.204871,614
1210,B000EVGOQY,1.236204,-6.9e-05,0.027323,-0.264652,0.21039,731
1211,B000EVGOS2,1.353111,0.00023,0.029906,-0.293527,0.184481,270
1212,B000EVGQ0S,1.400258,4.4e-05,0.030949,-0.265739,0.162386,200
1213,B000EVGQ8U,1.2779,0.00019,0.028244,-0.267158,0.17044,201
1214,B000EVIUZC,1.301845,0.000558,0.028769,-0.26558,0.184054,231
1215,B000EVIVR4,1.356806,0.00025,0.029988,-0.311279,0.201047,338
1216,B000EVIWEG,1.335039,-3e-06,0.029508,-0.275027,0.2157,216
1217,B000EVKXKM,1.401227,0.000224,0.03097,-0.278552,0.227071,403
1218,B000EVKYQK,1.483311,0.000319,0.032783,-0.313011,0.227195,366
1219,B000EVQMN4,1.19587,0.000568,0.026426,-0.222877,0.285885,708
1220,B000EX5JO0,1.178628,-1.6e-05,0.026051,-0.264276,0.186844,1511
1221,B000EY4YLS,1.378514,0.000383,0.030466,-0.305677,0.226946,443
1222,B000EZG9Z6,1.405975,-0.000289,0.031074,-0.284588,0.225253,423
1223,B000EZOC1O,1.265304,0.000438,0.027963,-0.239573,0.194519,351
1224,B000EZQGU4,1.268288,0.000495,0.028028,-0.240849,0.198376,357
1225,B000F0GNT2,1.230938,0.000332,0.027205,-0.265645,0.200715,710
1226,B000F0QCWA,1.354804,0.000105,0.029944,-0.303407,0.2401,370
1227,B000F35R00,1.357526,0.000393,0.030002,-0.266794,0.186807,344
1228,B000F37UNM,1.397146,0.000264,0.030879,-0.29596,0.203165,324
1229,B000F3KXV8,1.444823,0.001262,0.031909,-0.2836,0.24083,245
1230,B000F3XXZG,1.263419,1.2e-05,0.027925,-0.291389,0.173999,325
1231,B000F3ZSVI,1.229876,-0.000175,0.027183,-0.29529,0.169856,307
1232,B000F41ZEG,1.40245,0.000489,0.030994,-0.287182,0.192699,205
1233,B000F4D0LW,1.417621,0.00075,0.031324,-0.307099,0.193546,234
1234,B000F4DLBG,1.251288,0.000305,0.027655,-0.257958,0.236482,598
1235,B000F4EMP0,1.202038,0.000297,0.026566,-0.259818,0.215484,551
1236,B000F4GIP2,1.342722,0.00016,0.029677,-0.304134,0.241944,530
1237,B000F4GIPC,1.372442,0.00021,0.030334,-0.322162,0.209378,498
1238,B000F4GIPM,1.290199,-7e-06,0.028517,-0.293265,0.22621,555
1239,B000F4GLQS,1.323783,1.5e-05,0.029259,-0.283875,0.23701,382
1240,B000F4IL70,1.449001,-0.000272,0.032025,-0.329911,0.189941,223
1241,B000F5AFYG,1.304202,0.000712,0.028817,-0.252217,0.219966,361
1242,B000F5AG5E,1.587197,-0.000109,0.035081,-0.314198,0.214742,128
1243,B000F63OG6,1.307192,0.000513,0.028888,-0.278325,0.287445,6269
1244,B000F63TW0,1.255239,0.00031,0.027742,-0.236067,0.26485,1076
1245,B000F65JSC,1.267162,0.000425,0.028004,-0.263836,0.217919,807
1246,B000F6NXJY,1.301799,0.00034,0.028771,-0.278878,0.210457,347
1247,B000F6RFX4,1.191,-0.000438,0.02632,-0.230921,0.229602,682
1248,B000F6UJ32,1.28504,0.000135,0.028402,-0.241546,0.208115,502
1249,B000F6Y55A,1.480594,-9e-06,0.032725,-0.355661,0.237595,253
1250,B000F7GAQQ,1.233099,0.000155,0.027254,-0.308465,0.18985,269
1251,B000F7UUHQ,1.375222,-0.000122,0.030396,-0.32428,0.260395,304
1252,B000F8FZAC,1.434851,0.00047,0.03171,-0.334215,0.24803,1142
1253,B000F8HWXU,1.189293,0.000369,0.026284,-0.272618,0.259819,1088
1254,B000F8JUJY,1.17715,-0.000281,0.026016,-0.239878,0.236982,430
1255,B000F8M9A6,1.346145,-6e-06,0.029753,-0.334866,0.236659,322
1256,B000FADICW,1.255577,-1.1e-05,0.027751,-0.300026,0.216655,875
1257,B000FBF58G,1.50382,0.000636,0.033232,-0.32616,0.277768,398
1258,B000FBF5BI,1.351434,0.000587,0.029864,-0.259541,0.184424,191
1259,B000FBK5HW,1.352504,0.000755,0.029884,-0.302304,0.225828,365
1260,B000FBK5IQ,1.398746,0.000619,0.03091,-0.291264,0.271804,354
1261,B000FBNV1Y,1.310894,7.4e-05,0.028974,-0.277766,0.190531,2086
1262,B000FBNYRU,1.394172,0.000748,0.030806,-0.28478,0.204944,375
1263,B000FBNYSY,1.328312,0.000757,0.029349,-0.261367,0.215373,319
1264,B000FBX8VC,1.349847,-7e-05,0.029835,-0.360378,0.227789,448
1265,B000FCNW26,1.34745,0.001073,0.029763,-0.294555,0.250737,487
1266,B000FCR7MM,1.512709,-0.000407,0.033432,-0.369514,0.259246,284
1267,B000FCRQ6O,1.427073,0.000901,0.031529,-0.311125,0.290027,463
1268,B000FCTITM,1.221554,0.000339,0.026997,-0.293078,0.264941,614
1269,B000FCY95A,1.31824,0.000667,0.029129,-0.268908,0.251688,723
1270,B000FDMREY,1.335341,0.000313,0.029513,-0.290557,0.259681,475
1271,B000FFCXZ0,1.226926,-0.000298,0.027116,-0.251104,0.203915,668
1272,B000FFI228,1.132978,0.000206,0.025041,-0.227152,0.20936,3056
1273,B000FFT8KS,1.25647,0.000619,0.027764,-0.269732,0.266367,692
1274,B000FGAAC2,1.581547,0.001312,0.034931,-0.270066,0.20565,116
1275,B000FGAGDU,1.274318,-1.3e-05,0.028166,-0.307178,0.186128,298
1276,B000FGC99O,1.155682,0.000562,0.025537,-0.316755,0.260815,1023
1277,B000FGC99Y,1.149288,0.000553,0.025396,-0.31487,0.258659,1015
1278,B000FGDIAS,1.160494,0.000618,0.025642,-0.308664,0.271348,1045
1279,B000FGS0RO,1.466831,-0.000207,0.03242,-0.326495,0.213078,241
1280,B000FH4I1U,1.504673,0.00034,0.033255,-0.352545,0.27444,465
1281,B000FH4T3M,1.538911,0.000562,0.034009,-0.338042,0.295408,480
1282,B000FIFJBM,1.326321,0.000496,0.029311,-0.291974,0.17613,256
1283,B000FJU4HK,1.120126,5.5e-05,0.024758,-0.208629,0.224826,622
1284,B000FKGSJC,1.17275,-2e-06,0.025921,-0.325423,0.240388,672
1285,B000FKJYV6,1.526723,0.000763,0.033736,-0.255886,0.190193,157
1286,B000FL223W,1.408455,0.001304,0.031103,-0.247113,0.181201,223
1287,B000FL4410,1.264712,-0.000132,0.027953,-0.260509,0.226227,664
1288,B000FLGU30,1.295723,0.000583,0.028633,-0.276973,0.213135,1043
1289,B000FLIJB6,1.257074,0.000398,0.027782,-0.259512,0.222277,1411
1290,B000FLJQTA,1.445891,0.000537,0.031953,-0.343004,0.220269,387
1291,B000FLLUDU,1.199394,0.00026,0.026508,-0.267588,0.252528,578
1292,B000FLPHL6,1.479708,0.000704,0.032698,-0.289135,0.329641,363
1293,B000FNCS5M,1.469492,0.000243,0.032479,-0.308193,0.219401,151
1294,B000FP7ZLM,1.149353,0.000315,0.025402,-0.258009,0.229008,645
1295,B000FPPW9O,1.132719,0.000502,0.025031,-0.234932,0.20195,633
1296,B000FPVMCU,1.277248,0.000279,0.028229,-0.320253,0.305716,2125
1297,B000FPWUOO,1.488095,-0.000506,0.032887,-0.258111,0.165694,65
1298,B000FQ4ZSM,1.347057,0.00018,0.029773,-0.318025,0.239616,493
1299,B000FQ4ZX2,1.493642,0.000318,0.033012,-0.361437,0.212171,314
1300,B000FQ73O0,1.16826,-7.7e-05,0.025821,-0.238688,0.227736,871
1301,B000FQNOQG,1.298644,8.2e-05,0.028703,-0.263021,0.202413,355
1302,B000FQOQ5Y,1.238857,-3.1e-05,0.027382,-0.255261,0.216246,381
1303,B000FQSANI,1.327912,-2.7e-05,0.02935,-0.294041,0.204514,326
1304,B000FQUGXA,1.393798,0.000455,0.030803,-0.335458,0.266567,987
1305,B000FRWNL2,1.504541,0.000718,0.033246,-0.341427,0.248313,310
1306,B000FS05VG,1.323483,0.000809,0.029241,-0.325881,0.182813,613
1307,B000FSG2Y0,1.322352,9e-05,0.029227,-0.316505,0.253647,478
1308,B000FSH4I8,1.363944,-0.00017,0.030146,-0.249129,0.186781,207
1309,B000FTYOQC,1.293312,0.000236,0.028584,-0.269703,0.238504,634
1310,B000FU0U5U,1.332856,0.000547,0.029454,-0.225821,0.154987,156
1311,B000FUIV5G,1.454467,-0.000294,0.032146,-0.26146,0.212781,270
1312,B000FV69MC,1.376541,0.000495,0.030421,-0.299765,0.202093,263
1313,B000FVCNEK,1.33568,0.000108,0.029522,-0.310387,0.247867,501
1314,B000FVEKUU,1.390699,0.000249,0.030737,-0.304385,0.226813,229
1315,B000FVEL54,1.40465,-0.000142,0.031046,-0.308204,0.197781,222
1316,B000FVHS4U,1.236154,2e-06,0.027322,-0.270878,0.18224,439
1317,B000FW7VNC,1.209153,0.000833,0.026712,-0.33203,0.242714,770
1318,B000FZDPSY,1.455234,0.00111,0.032145,-0.237369,0.192504,157
1319,B000FZDPWK,1.280421,-0.000212,0.0283,-0.275919,0.260783,651
1320,B000FZDPWU,1.293922,1.9e-05,0.028599,-0.252389,0.212788,337
1321,B000FZDPX4,1.268488,0.000366,0.028034,-0.254822,0.230778,300
1322,B000FZVSNI,1.311735,-6.8e-05,0.028993,-0.312308,0.213879,344
1323,B000FZXA5C,1.418081,0.00078,0.031333,-0.334154,0.222444,367
1324,B000FZXGCE,1.3554,0.000398,0.029955,-0.287401,0.19878,241
1325,B000G014Y0,1.314581,-0.000308,0.029054,-0.300354,0.199897,294
1326,B000G014ZO,1.273696,0.000462,0.028148,-0.266921,0.189041,520
1327,B000G1MT2U,1.206377,-7.8e-05,0.026664,-0.256694,0.214815,331
1328,B000G2CFLY,1.204519,-0.000371,0.02662,-0.274074,0.218038,719
1329,B000G2I9YQ,1.187794,0.000425,0.02625,-0.253408,0.179417,622
1330,B000G33KEO,1.288209,-0.000109,0.028472,-0.302409,0.20204,272
1331,B000G3JVSS,1.450712,0.000597,0.032059,-0.286673,0.22253,314
1332,B000G62HYU,1.276637,0.000416,0.028214,-0.241342,0.20255,347
1333,B000G666HE,1.301433,4e-06,0.028765,-0.38021,0.269747,1676
1334,B000G666QK,1.330499,0.000516,0.029403,-0.267577,0.220009,343
1335,B000G686U4,1.404185,0.00055,0.031031,-0.272662,0.223732,365
1336,B000G7AWIM,1.328474,0.000248,0.029362,-0.30105,0.156583,199
1337,B000G7XRCA,1.27771,0.000335,0.028239,-0.278274,0.230772,429
1338,B000G8LWZI,1.320497,0.000532,0.029181,-0.288192,0.2597,568
1339,B000GA7214,1.553592,0.000301,0.034337,-0.297791,0.203615,195
1340,B000GCHKKK,1.251854,0.000123,0.027669,-0.243983,0.230424,599
1341,B000GCIAYK,1.29168,0.000494,0.028545,-0.274342,0.236908,379
1342,B000GCIBY4,1.441678,0.000231,0.031864,-0.322591,0.289584,537
1343,B000GCICTS,1.481554,0.000641,0.03274,-0.286437,0.217936,149
1344,B000GCKCDW,1.493696,0.00038,0.033012,-0.314504,0.266557,345
1345,B000GCLDOO,1.336682,0.000117,0.029544,-0.296246,0.199024,261
1346,B000GCLTVG,1.358353,0.00023,0.030022,-0.300813,0.228363,293
1347,B000GCOLQ6,1.199419,0.000414,0.026507,-0.304753,0.282298,790
1348,B000GCQ04C,1.294155,0.000231,0.028603,-0.272975,0.231137,546
1349,B000GCQV9G,1.334309,0.000153,0.029491,-0.280826,0.265544,888
1350,B000GCQWXG,1.575942,0.000859,0.034822,-0.326524,0.188455,157
1351,B000GCR6S6,1.364576,0.000262,0.030159,-0.302469,0.193701,352
1352,B000GCRABY,1.197021,7.5e-05,0.026457,-0.267143,0.265298,673
1353,B000GCT01W,1.39323,0.000486,0.03079,-0.274913,0.300309,530
1354,B000GCT8ZA,1.483069,0.000165,0.032779,-0.254439,0.16508,159
1355,B000GCTAI0,1.403619,2.3e-05,0.031023,-0.30339,0.214399,227
1356,B000GCTBNY,1.392314,0.000126,0.030773,-0.301785,0.192006,247
1357,B000GCUC96,1.213839,0.000475,0.026825,-0.273083,0.253716,996
1358,B000GCUO1M,1.770511,0.000458,0.03913,-0.380794,0.275375,195
1359,B000GCUO30,1.418599,0.000587,0.031349,-0.291497,0.252982,286
1360,B000GCUOS0,1.388591,-0.000685,0.030684,-0.247986,0.185884,130
1361,B000GCUPMU,1.324415,0.000597,0.029267,-0.253797,0.333582,594
1362,B000GCV588,1.431539,-7.7e-05,0.03164,-0.321835,0.256145,461
1363,B000GCVWL8,1.216442,0.000888,0.026872,-0.243051,0.269956,475
1364,B000GCVZSI,1.369097,0.000675,0.030253,-0.305343,0.263879,361
1365,B000GCW1P4,1.428454,0.000457,0.031569,-0.30415,0.184609,194
1366,B000GCW3XE,1.309672,0.000192,0.028946,-0.218136,0.162294,213
1367,B000GCW5CS,1.50345,-0.000445,0.033227,-0.265488,0.181049,163
1368,B000GCW9F6,1.218719,0.000988,0.026919,-0.25304,0.179085,350
1369,B000GCW9ME,1.489064,0.000101,0.032912,-0.350806,0.270706,398
1370,B000GCWD6G,1.27286,0.000262,0.028132,-0.301111,0.228138,638
1371,B000GCWJV0,1.204582,0.000176,0.026624,-0.265255,0.2013,658
1372,B000GCWP28,1.403411,0.000267,0.031018,-0.309488,0.281903,388
1373,B000GCXSHO,1.312198,-4.4e-05,0.029003,-0.245511,0.149301,157
1374,B000GCXVS0,1.230856,0.000421,0.027202,-0.253544,0.27458,1027
1375,B000GCY2PG,1.283587,9.1e-05,0.02837,-0.22615,0.144927,140
1376,B000GCZZZC,1.419181,0.000357,0.031365,-0.29592,0.218184,329
1377,B000GD037G,1.448214,0.000125,0.032009,-0.334184,0.211451,147
1378,B000GD03TO,1.357184,8.4e-05,0.029997,-0.255306,0.181335,139
1379,B000GD5LY6,1.29947,0.000129,0.028721,-0.283046,0.170684,181
1380,B000GD92PU,1.39171,0.000239,0.030759,-0.291963,0.318218,535
1381,B000GDA04W,1.26686,0.000249,0.028,-0.283403,0.220115,577
1382,B000GDA056,1.303422,0.000297,0.028807,-0.250862,0.211169,527
1383,B000GDA06A,1.34001,0.000171,0.029617,-0.279888,0.243762,710
1384,B000GDA07E,1.242994,3.1e-05,0.027473,-0.260751,0.227888,1330
1385,B000GDC4HI,1.249702,0.000271,0.02762,-0.232608,0.207104,1269
1386,B000GDC4IM,1.354186,0.000391,0.029928,-0.311375,0.252884,1314
1387,B000GDC4J6,1.173789,0.000237,0.025943,-0.219364,0.202737,1387
1388,B000GDC4JQ,1.256232,6e-06,0.027766,-0.251327,0.213156,576
1389,B000GDDKIU,1.339986,0.000414,0.029614,-0.284644,0.236882,793
1390,B000GDDKJ4,1.265779,0.000251,0.027976,-0.294988,0.20383,549
1391,B000GDDKJO,1.257379,0.000245,0.02779,-0.265082,0.230636,1274
1392,B000GDDKJY,1.227554,5.2e-05,0.027132,-0.253604,0.20646,741
1393,B000GDDKKS,1.215538,8.7e-05,0.026866,-0.230735,0.203775,1265
1394,B000GDDKL2,1.24989,0.00019,0.027625,-0.247321,0.22495,1354
1395,B000GDF46Q,1.239784,0.000623,0.027395,-0.252004,0.227167,1398
1396,B000GDF484,1.210866,0.000187,0.026762,-0.251991,0.203595,1381
1397,B000GDF48O,1.238694,-6.2e-05,0.027378,-0.270305,0.258718,1072
1398,B000GDF48Y,1.185552,0.000291,0.026202,-0.246884,0.189049,1376
1399,B000GDF498,1.139312,0.000472,0.025177,-0.22219,0.199429,1400
1400,B000GEY2Q8,1.212213,0.00017,0.026792,-0.258402,0.231839,669
1401,B000GF1E3G,1.330296,0.000464,0.029399,-0.278535,0.193386,442
1402,B000GF1E54,1.426852,0.000218,0.031536,-0.337257,0.206005,356
1403,B000GFCRGO,1.280703,-4.6e-05,0.028307,-0.282823,0.191475,460
1404,B000GFSVOQ,1.16684,-0.00026,0.025789,-0.276336,0.22072,563
1405,B000GFWIOU,1.44325,0.000225,0.031899,-0.262577,0.164987,121
1406,B000GFZWDO,1.525336,-0.000173,0.033713,-0.306994,0.172593,108
1407,B000GFZWE8,1.382214,-0.000297,0.030549,-0.229243,0.164959,105
1408,B000GG13TU,1.315166,0.000304,0.029067,-0.308669,0.189577,284
1409,B000GG13WW,1.43335,0.000234,0.03168,-0.302661,0.182072,278
1410,B000GG190I,1.327861,1.7e-05,0.029349,-0.251282,0.169842,170
1411,B000GG193K,1.319977,-1.6e-05,0.029175,-0.302985,0.247016,1162
1412,B000GG1944,1.523129,-0.000116,0.033665,-0.256191,0.155796,112
1413,B000GG2HOU,1.236446,0.001004,0.02731,-0.263234,0.26903,641
1414,B000GG85DM,1.43701,0.000619,0.031755,-0.297127,0.259987,456
1415,B000GHF3JA,1.461459,0.000327,0.0323,-0.375594,0.216579,387
1416,B000GHGGKK,1.4125,0.000134,0.031219,-0.294511,0.249463,439
1417,B000GHGWKY,1.333005,-1e-05,0.029463,-0.261787,0.243582,1083
1418,B000GHIBQM,1.252217,0.000131,0.027677,-0.259764,0.223821,604
1419,B000GHVCM2,1.422012,0.000273,0.031429,-0.309046,0.266887,421
1420,B000GHVKEW,1.251394,0.000314,0.027657,-0.307044,0.272606,618
1421,B000GHVLUK,1.221215,0.000264,0.026991,-0.30429,0.23504,607
1422,B000GHWSG6,1.217718,0.000269,0.026913,-0.28746,0.244043,613
1423,B000GHWTLK,1.205854,0.000479,0.026648,-0.318223,0.247919,585
1424,B000GHWUQ4,1.208342,0.00012,0.026707,-0.287265,0.235165,627
1425,B000GHYSL4,1.258336,0.00026,0.027811,-0.291476,0.26517,622
1426,B000GHYSVE,1.192352,0.000349,0.026352,-0.282526,0.227504,608
1427,B000GI0VEQ,1.509904,0.000978,0.033358,-0.312811,0.203344,139
1428,B000GI0WAY,1.186191,7.7e-05,0.026218,-0.282992,0.234727,598
1429,B000GI3TXQ,1.25427,0.000274,0.027721,-0.28009,0.162674,264
1430,B000GI3U4Y,1.342559,0.00049,0.02967,-0.321975,0.217817,436
1431,B000GI3U6C,1.396705,-7.9e-05,0.030871,-0.295025,0.228729,376
1432,B000GIH1MG,1.302496,0.000538,0.028783,-0.317446,0.277014,629
1433,B000GIL12C,1.12123,0.000306,0.02478,-0.271337,0.213123,757
1434,B000GIL1UE,1.225949,0.000204,0.027096,-0.29129,0.260507,607
1435,B000GIOBY2,1.199493,0.000305,0.02651,-0.282625,0.231842,602
1436,B000GJL22K,1.233693,0.000215,0.027267,-0.401309,0.272058,774
1437,B000GLGBQ0,1.361767,0.000781,0.030088,-0.285504,0.23927,442
1438,B000GNUUCO,1.244039,0.000375,0.027494,-0.273285,0.247813,633
1439,B000GO41X2,1.566572,0.00031,0.034624,-0.349194,0.333553,507
1440,B000GP78S6,1.398841,0.000263,0.030917,-0.339515,0.218663,384
1441,B000GR7KCS,1.465612,7e-05,0.032394,-0.232516,0.174164,92
1442,B000GR9OIQ,1.518227,-0.000175,0.033556,-0.268229,0.207047,129
1443,B000GRB3SA,1.505536,-8.5e-05,0.033276,-0.258244,0.209973,127
1444,B000GRENPA,1.187357,0.000163,0.026243,-0.246752,0.236307,1156
1445,B000GREPOY,1.256121,3.4e-05,0.027763,-0.265897,0.259779,1179
1446,B000GS8T0Y,1.281,-0.000168,0.028313,-0.345224,0.244093,1478
1447,B000GU2RVE,1.198085,-0.000165,0.02648,-0.23501,0.222065,684
1448,B000GUN98O,1.460746,0.00017,0.032286,-0.319736,0.184942,159
1449,B000GUZ8HY,1.274424,0.000791,0.028157,-0.287252,0.226061,7961
1450,B000GW16E6,1.334935,0.000711,0.029497,-0.285677,0.237477,453
1451,B000GW4B2K,1.303662,0.000228,0.028813,-0.262619,0.200001,276
1452,B000GW55BG,1.360862,0.000561,0.030073,-0.301082,0.229553,430
1453,B000GX4BSS,1.335491,0.000129,0.029517,-0.275048,0.245366,1234
1454,B000GX77NO,1.311269,0.000178,0.028982,-0.324308,0.195764,338
1455,B000GX9HIC,1.268846,0.000104,0.028044,-0.265246,0.242235,812
1456,B000GX9HIW,1.246087,-3.5e-05,0.027542,-0.253364,0.262232,620
1457,B000GXBGIG,1.199723,-0.000112,0.026517,-0.248473,0.264109,7146
1458,B000GXGROY,1.316998,0.000235,0.029108,-0.305716,0.270205,902
1459,B000GZD1JG,1.243976,0.000714,0.027486,-0.280215,0.20298,1207
1460,B000GZES7A,1.80054,-0.001027,0.039783,-0.275351,0.157192,28
1461,B000GZGT3G,1.24717,0.000766,0.027555,-0.235573,0.208957,631
1462,B000GZJJ38,1.07185,0.000454,0.023686,-0.199253,0.227339,1173
1463,B000GZLI7S,1.167608,0.00071,0.025797,-0.212584,0.174787,1156
1464,B000GZNGLE,1.173651,0.000612,0.025933,-0.247261,0.246052,1516
1465,B000H0JYYG,1.581348,0.000223,0.034951,-0.324404,0.190937,94
1466,B000H0XV3G,1.361334,0.000245,0.030088,-0.337155,0.257453,517
1467,B000H3CPE4,1.399883,0.000782,0.030931,-0.308272,0.248699,285
1468,B000H3CPNU,1.365494,0.000542,0.030176,-0.310572,0.298839,531
1469,B000H3CPO4,1.36183,0.000507,0.030096,-0.310247,0.298658,527
1470,B000H3EMMM,1.30806,0.000457,0.028908,-0.269515,0.22076,433
1471,B000H3EMPO,1.329427,0.000275,0.029382,-0.261444,0.23208,462
1472,B000H3ENH6,1.29973,0.000499,0.028723,-0.277679,0.206672,416
1473,B000H3EO34,1.335647,0.000794,0.02951,-0.258908,0.276829,594
1474,B000H3EO9I,1.438254,0.00066,0.031782,-0.29114,0.284058,432
1475,B000H3EOLG,1.623568,0.000429,0.035882,-0.369306,0.258763,279
1476,B000H3GCXY,1.284236,0.000311,0.028383,-0.243057,0.260041,607
1477,B000H3GDZQ,1.559712,0.00047,0.03447,-0.329851,0.217521,116
1478,B000H3I0JS,1.41786,0.000654,0.031331,-0.312107,0.20136,269
1479,B000H3I30O,1.446959,0.000325,0.03198,-0.308699,0.270447,537
1480,B000H3I33G,1.268922,0.000727,0.028037,-0.245842,0.265017,692
1481,B000H3I3Y0,1.420186,0.000399,0.031387,-0.293548,0.215467,249
1482,B000H3NF5W,1.389124,0.000578,0.030698,-0.287864,0.23844,362
1483,B000H3O90C,1.370674,0.000456,0.030292,-0.298989,0.24205,1999
1484,B000H6CACS,1.392068,-0.000707,0.03076,-0.28744,0.188826,158
1485,B000H6P7HS,1.41381,0.000549,0.031244,-0.351041,0.214273,471
1486,B000H74SE0,1.515536,0.00032,0.033496,-0.360577,0.204637,238
1487,B000H88PCU,1.477475,0.000504,0.032652,-0.366676,0.264958,378
1488,B000H88Q9M,1.449493,0.000612,0.032032,-0.328591,0.280965,533
1489,B000H88QOM,1.118878,0.00033,0.024728,-0.208705,0.249611,619
1490,B000H8GPO0,1.349142,0.000206,0.029819,-0.30287,0.211397,282
1491,B000H8UN3Y,1.276096,-8.7e-05,0.028205,-0.303606,0.22039,354
1492,B000H9C1UG,1.218791,0.000331,0.026936,-0.303574,0.199455,584
1493,B000HAZLZ2,1.514264,0.000843,0.033458,-0.336394,0.268762,262
1494,B000HBNAJK,1.45447,0.000104,0.032147,-0.275868,0.164746,101
1495,B000HCZ34Y,1.29539,0.000212,0.028631,-0.279325,0.191762,243
1496,B000HDSVWY,1.323139,0.000691,0.029236,-0.256015,0.212154,362
1497,B000HEECYY,1.53251,0.000498,0.033869,-0.2752,0.216503,113
1498,B000HEIRRM,1.495022,0.001108,0.033025,-0.327949,0.279218,457
1499,B000HGFGKG,1.31659,4.7e-05,0.0291,-0.257369,0.194663,188
1500,B000HGIQRG,1.373995,4.9e-05,0.030369,-0.29834,0.234689,453
1501,B000HGMU0K,1.347528,2.2e-05,0.029784,-0.291624,0.206349,386
1502,B000HGMVH2,1.309957,0.000122,0.028953,-0.272761,0.183565,230
1503,B000HGONKA,1.35017,0.000497,0.029838,-0.297117,0.24414,484
1504,B000HGW7G2,1.366226,-0.000402,0.030194,-0.238353,0.150634,166
1505,B000HHOPDE,1.263596,0.00053,0.027924,-0.279771,0.175138,369
1506,B000HIYE0M,1.387573,-0.000221,0.030668,-0.273798,0.221075,316
1507,B000HJ0ICY,1.425438,6.6e-05,0.031506,-0.299023,0.257002,394
1508,B000HJ4INE,1.21892,0.000182,0.026941,-0.263331,0.266177,1167
1509,B000HJ4IPW,1.540428,0.000391,0.034045,-0.325917,0.186236,129
1510,B000HJT1CW,1.259872,7e-06,0.027846,-0.275131,0.25789,739
1511,B000HJT1FE,1.3761,0.000817,0.030404,-0.327042,0.283794,773
1512,B000HJUWRU,1.437457,-0.000211,0.031771,-0.330522,0.22666,234
1513,B000HK1ON0,1.454466,0.000302,0.032146,-0.392728,0.259944,492
1514,B000HLEXT6,1.544902,0.000359,0.034144,-0.273994,0.172812,131
1515,B000HLH758,1.312419,-4.8e-05,0.029008,-0.314158,0.197288,338
1516,B000HLH79E,1.38331,0.000127,0.030574,-0.344998,0.247517,601
1517,B000HLPKJ8,1.186521,5.4e-05,0.026225,-0.229331,0.214899,1249
1518,B000HLRP7S,1.291465,0.000533,0.02854,-0.295386,0.204793,386
1519,B000HM5LHI,1.254993,0.0005,0.027734,-0.268156,0.242085,449
1520,B000HRVC5I,1.261834,0.000483,0.027885,-0.273539,0.227287,900
1521,B000HRXCRE,1.183012,-0.000108,0.026147,-0.239534,0.280351,894
1522,B000HTNBB4,1.429576,0.000542,0.031593,-0.247592,0.15664,74
1523,B000HVD5ZE,1.294132,0.000266,0.028602,-0.277563,0.288937,519
1524,B000HX2LDE,1.307014,0.00024,0.028887,-0.287093,0.243276,559
1525,B000HX4JWK,1.228701,0.00037,0.027155,-0.252833,0.171114,244
1526,B000HZEKDG,1.366542,0.001057,0.030185,-0.286823,0.255568,610
1527,B000HZW5CY,1.284065,0.000586,0.028375,-0.284372,0.188686,305
1528,B000I0UDSQ,1.398222,2e-05,0.030904,-0.302873,0.260366,236
1529,B000I0ZDRW,1.42072,0.00063,0.031395,-0.261657,0.196259,173
1530,B000I1OYNK,1.363406,0.000418,0.030132,-0.29912,0.278405,545
1531,B000I20Q72,1.388781,-6.9e-05,0.030695,-0.31541,0.258442,469
1532,B000I4AMDS,1.424969,4.7e-05,0.031495,-0.346754,0.209017,284
1533,B000I4POL8,1.315687,0.000335,0.029078,-0.331115,0.230102,497
1534,B000I4YTDW,1.200044,0.000765,0.026513,-0.22871,0.231356,530
1535,B000I5JEAO,1.396413,-0.000221,0.030863,-0.223487,0.159638,220
1536,B000I5KCIW,1.468111,0.000324,0.032447,-0.364977,0.199978,287
1537,B000I5LDYY,1.366633,0.000675,0.030198,-0.323141,0.218502,500
1538,B000I5MJ8S,1.192615,0.000351,0.026357,-0.260631,0.203658,1541
1539,B000I6KRIG,1.267671,-0.00068,0.02801,-0.284718,0.242711,1029
1540,B000I7S8XG,1.409306,0.00048,0.031145,-0.28405,0.206841,268
1541,B000I82POI,1.367172,0.000481,0.030214,-0.323758,0.213263,479
1542,B000ICR9UO,1.153814,0.000162,0.025502,-0.24538,0.208241,909
1543,B000ICRDSW,1.158549,3.7e-05,0.025607,-0.245273,0.233709,853
1544,B000IEL5FC,1.245318,0.000447,0.027521,-0.28792,0.260701,619
1545,B000IEMGGE,1.450026,0.000866,0.032037,-0.323345,0.266777,432
1546,B000IF5C96,1.468576,0.00048,0.032456,-0.349337,0.238311,417
1547,B000IIA5UO,1.310649,0.000305,0.028967,-0.267396,0.183341,418
1548,B000IIHDT0,1.23734,0.000594,0.027342,-0.273111,0.194016,628
1549,B000IJ4CX4,1.595104,0.000361,0.035254,-0.319452,0.197589,209
1550,B000IJLGR4,1.528431,0.000229,0.033781,-0.325392,0.221545,270
1551,B000IJOHX4,1.414815,0.000656,0.031264,-0.264466,0.168587,192
1552,B000ILKUHY,1.286406,0.000686,0.028424,-0.263749,0.314083,1015
1553,B000ILKUT2,1.259784,0.000981,0.027827,-0.263782,0.304713,1015
1554,B000ILKUZ6,1.208218,0.000839,0.026691,-0.245403,0.301085,1022
1555,B000IMJS0S,1.308043,0.000171,0.02891,-0.303141,0.194199,227
1556,B000IMPD3O,1.406234,8.8e-05,0.031081,-0.321606,0.19548,271
1557,B000IO6NFE,1.451427,0.00059,0.032075,-0.310989,0.193458,198
1558,B000IO8JYM,1.379019,0.000395,0.030477,-0.327028,0.230868,476
1559,B000IOBEG2,1.576685,0.000671,0.034842,-0.339766,0.218596,177
1560,B000IOBEQ2,1.477835,0.000562,0.032659,-0.307632,0.239833,249
1561,B000IOFQWK,1.088433,0.000567,0.02405,-0.223779,0.248234,622
1562,B000IOJM16,1.309884,0.00038,0.028949,-0.260404,0.177081,163
1563,B000IQ2ZYK,1.358547,7.4e-05,0.030027,-0.212141,0.183493,118
1564,B000ITQ9WQ,1.349661,-0.000129,0.029831,-0.295428,0.233687,326
1565,B000IVB14A,1.205131,0.000174,0.026636,-0.267758,0.232954,1085
1566,B000IVB1G8,1.206672,0.000294,0.026669,-0.251558,0.18098,621
1567,B000IXPFY0,1.187903,0.000563,0.02625,-0.290516,0.195439,686
1568,B000IXVJU4,1.49634,0.000273,0.033072,-0.29174,0.241263,272
1569,B000IXXBRS,1.226722,-0.000314,0.027112,-0.282644,0.281352,678
1570,B000IZCFGO,1.291421,0.001036,0.028525,-0.284116,0.245536,674
1571,B000J10IJ8,1.301213,-5e-06,0.02876,-0.296825,0.230394,537
1572,B000J1AD52,1.464153,0.000115,0.032361,-0.281064,0.186559,134
1573,B000J2652Q,1.230006,0.000482,0.027182,-0.226299,0.298481,1068
1574,B000J2CTYE,1.079816,0.000363,0.023864,-0.234664,0.210764,602
1575,B000J3ZMQA,1.137985,-0.000703,0.025142,-0.291148,0.226459,1089
1576,B000J41MNG,1.278547,9.5e-05,0.028259,-0.286043,0.259452,1998
1577,B000J41UO2,1.543843,-7.5e-05,0.034123,-0.354379,0.267805,1099
1578,B000J4N78O,1.198278,0.00021,0.026484,-0.243405,0.242848,1443
1579,B000JBWZR6,1.34759,0.001026,0.029767,-0.287357,0.221638,386
1580,B000JF9Q1U,1.362766,-0.000259,0.030119,-0.328663,0.193209,281
1581,B000JFFTDE,1.382335,0.00035,0.030551,-0.32953,0.29681,768
1582,B000JG1QDA,1.483992,0.000194,0.032799,-0.384919,0.237562,347
1583,B000JGERAO,1.167383,0.000481,0.025798,-0.240139,0.258248,3402
1584,B000JGKG2M,1.332808,0.000397,0.029456,-0.297821,0.258151,603
1585,B000JI9JYQ,1.243327,0.000539,0.027475,-0.26049,0.239789,540
1586,B000JIN0OG,1.306764,0.000839,0.028871,-0.273161,0.19536,394
1587,B000JKEB38,1.390804,-0.00011,0.03074,-0.244788,0.196608,163
1588,B000JKIE4A,1.483812,0.000504,0.032792,-0.323303,0.244353,367
1589,B000JKN4X6,1.333842,0.000423,0.029478,-0.294371,0.195838,250
1590,B000JKPDQ2,1.42106,-0.000148,0.031409,-0.193553,0.159868,107
1591,B000JL3U1Q,1.334416,0.000421,0.029491,-0.331949,0.288831,614
1592,B000JL3WNW,1.223015,0.000516,0.027027,-0.295881,0.261413,629
1593,B000JL5V0E,1.261338,0.000281,0.027877,-0.280821,0.252534,621
1594,B000JL69OG,1.240193,0.000533,0.027406,-0.311113,0.256362,812
1595,B000JL7Z5S,1.376697,0.000926,0.030414,-0.302562,0.245981,1077
1596,B000JLAWIA,1.036776,0.000455,0.022911,-0.223432,0.19388,765
1597,B000JLCW56,1.213024,0.000434,0.026807,-0.313504,0.239365,618
1598,B000JLEZN8,1.21354,0.000158,0.026822,-0.29484,0.24301,616
1599,B000JMB3JQ,1.650029,0.000949,0.036457,-0.351464,0.356308,316
1600,B000JNRIM6,1.32026,-0.00037,0.029179,-0.272912,0.199341,313
1601,B000JQLNO2,1.407085,0.000131,0.0311,-0.266104,0.207398,226
1602,B000JQQHSE,1.290766,0.000498,0.028525,-0.314652,0.2027,940
1603,B000JQY2LI,1.142684,0.000475,0.025252,-0.236236,0.244618,3407
1604,B000JR59LY,1.337439,-0.000176,0.02956,-0.295886,0.186418,288
1605,B000JUV816,1.424521,0.00027,0.031484,-0.323921,0.251586,516
1606,B000JVA80C,1.253299,6.4e-05,0.027701,-0.285322,0.22987,792
1607,B000JVCBFC,1.226285,0.000331,0.027102,-0.268145,0.229375,2038
1608,B000JVTYIY,1.404985,-7e-06,0.031054,-0.321143,0.213612,343
1609,B000JVW9CC,1.409248,0.000277,0.031147,-0.33091,0.259061,481
1610,B000JVY52Y,1.349523,7e-05,0.029828,-0.282708,0.226081,303
1611,B000JWK3UG,1.504859,-0.000144,0.033261,-0.292799,0.192155,108
1612,B000JWM7FA,1.298062,-0.000182,0.02869,-0.317849,0.207727,420
1613,B000JWO7JO,1.260023,-0.000397,0.027847,-0.297332,0.191868,574
1614,B000JY5B42,1.322656,0.000312,0.029232,-0.231015,0.208406,183
1615,B000JYB3IK,1.242831,-0.000128,0.027469,-0.251284,0.275951,2037
1616,B000JYF1OW,1.317448,-0.000106,0.029119,-0.304285,0.228364,2124
1617,B000K1MUH0,1.64344,-8.2e-05,0.036324,-0.326118,0.201812,97
1618,B000K24ONW,1.481617,1.9e-05,0.032747,-0.339023,0.233636,198
1619,B000K5E81M,1.403529,0.000249,0.03102,-0.286256,0.232564,190
1620,B000K5E83K,1.386381,3.1e-05,0.030642,-0.347901,0.176211,216
1621,B000K5FMCQ,1.452527,0.000206,0.032104,-0.31318,0.187066,268
1622,B000K7E2G6,1.17924,-7.7e-05,0.026064,-0.277662,0.210597,3528
1623,B000K7J1PI,1.164461,0.00017,0.025737,-0.282659,0.231637,703
1624,B000K7J39M,1.286281,0.000169,0.02843,-0.293595,0.234063,610
1625,B000K7JLGM,1.488172,0.001081,0.032875,-0.413643,0.287318,430
1626,B000K8CQ6I,1.344299,0.000499,0.029708,-0.271735,0.220093,318
1627,B000K9AGEQ,1.267208,-0.000162,0.028008,-0.295241,0.209087,565
1628,B000K9NZJE,1.278784,0.000355,0.028262,-0.333448,0.268716,953
1629,B000KBHG88,1.534314,0.00073,0.033904,-0.32732,0.230161,794
1630,B000KE5OBG,1.345586,0.000493,0.029737,-0.237909,0.191609,255
1631,B000KEOO3U,1.311097,4.6e-05,0.028978,-0.263618,0.184584,342
1632,B000KEOQR4,1.469649,-0.000103,0.032483,-0.322374,0.254984,264
1633,B000KFBAO0,1.217983,0.0007,0.026911,-0.270113,0.179488,330
1634,B000KFVY46,1.228662,-1.2e-05,0.027156,-0.2617,0.230558,891
1635,B000KFX10G,1.203031,-9.1e-05,0.02659,-0.272987,0.213771,554
1636,B000KFX23M,1.351431,0.000354,0.029868,-0.292344,0.276996,521
1637,B000KFXZ20,1.587429,0.00051,0.035082,-0.342275,0.295112,191
1638,B000KHTDM4,1.187884,0.000171,0.026255,-0.255576,0.222949,880
1639,B000KIRSAW,1.415222,0.000555,0.031275,-0.322118,0.297286,479
1640,B000KJRK22,1.432505,-0.00046,0.031659,-0.336859,0.24117,981
1641,B000KJRK2M,1.276141,-0.000118,0.028206,-0.343315,0.208912,622
1642,B000KJXKAS,1.329973,0.000348,0.029394,-0.316354,0.213452,341
1643,B000KK53L6,1.266727,0.000408,0.027995,-0.243297,0.209767,1707
1644,B000KM1PVG,1.55452,-0.000618,0.034353,-0.301981,0.199841,173
1645,B000KM3NDO,1.435982,8.7e-05,0.031739,-0.249086,0.16003,166
1646,B000KNHJ5G,1.433054,-0.000274,0.031673,-0.296736,0.265006,366
1647,B000KOHRX4,1.345687,0.000617,0.029737,-0.291378,0.289769,1023
1648,B000KOHSQA,1.456019,0.000531,0.032177,-0.325549,0.298025,470
1649,B000KOLXKM,1.422572,0.000382,0.03144,-0.295194,0.31241,592
1650,B000KOM08Q,1.25904,0.000393,0.027825,-0.268961,0.273077,1462
1651,B000KONYJK,1.364979,0.000471,0.030166,-0.278199,0.274339,586
1652,B000KONYPY,1.361658,0.000385,0.030094,-0.263042,0.273143,572
1653,B000KOO8AY,1.134382,0.000725,0.025062,-0.232462,0.264461,1069
1654,B000KOOCQO,1.377818,0.000173,0.030453,-0.309445,0.204098,357
1655,B000KPI71O,1.292059,0.000731,0.028548,-0.260349,0.24764,605
1656,B000KPO99I,1.353498,0.000519,0.029911,-0.303154,0.276791,525
1657,B000KPSSJK,1.108459,-3.4e-05,0.0245,-0.232164,0.229007,2106
1658,B000KPZ7SK,1.251747,4e-06,0.027667,-0.304443,0.269175,931
1659,B000KQ1E5Y,1.377242,-0.000225,0.03044,-0.279524,0.165335,216
1660,B000KQ73J0,1.404644,1e-06,0.031046,-0.296529,0.231909,392
1661,B000KQ746W,1.285293,-0.000152,0.028408,-0.270705,0.21498,244
1662,B000KQ7U84,1.411053,0.00059,0.031182,-0.317806,0.240321,273
1663,B000KQ9TME,1.33241,0.000551,0.029444,-0.277495,0.195882,265
1664,B000KQ9TPG,1.365347,0.000605,0.030171,-0.297733,0.216705,299
1665,B000KQB0YE,1.263056,0.000364,0.027914,-0.251692,0.175546,318
1666,B000KQB1SY,1.434121,0.000151,0.031697,-0.335394,0.235154,516
1667,B000KQBQTI,1.331582,0.000201,0.029431,-0.298072,0.231716,385
1668,B000KQD470,1.237016,0.000233,0.02734,-0.267501,0.182622,433
1669,B000KVH1QU,1.276521,-0.000212,0.028213,-0.24452,0.245109,303
1670,B000KWDFHI,1.523212,0.000384,0.033665,-0.274332,0.191329,201
1671,B000KZ2E54,1.214481,0.000772,0.026832,-0.221933,0.185616,333
1672,B000L1AY3G,1.232541,0.000503,0.027238,-0.307922,0.196347,684
1673,B000L3JYMG,1.573685,0.001425,0.034753,-0.249714,0.176283,182
1674,B000L596FE,1.256063,0.000171,0.027762,-0.252641,0.185615,355
1675,B000L8GL8G,1.34284,0.000269,0.029679,-0.309582,0.233823,516
1676,B000L9FBTA,1.626491,0.000898,0.035938,-0.290828,0.191239,112
1677,B000L9YYTS,1.395068,0.00089,0.030822,-0.272513,0.276427,505
1678,B000LEHMUQ,1.209811,-2.3e-05,0.02674,-0.2454,0.207111,1211
1679,B000LGNQPY,1.23962,0.001056,0.027378,-0.23688,0.23576,388
1680,B000LJ39TY,1.581394,0.000604,0.034948,-0.355815,0.262992,319
1681,B000LJBYAU,1.2066,0.000224,0.026668,-0.279639,0.233638,658
1682,B000LJCNAK,1.158396,0.000239,0.025602,-0.223635,0.305275,634
1683,B000LJCND2,1.393706,0.000887,0.030792,-0.281296,0.268649,352
1684,B000LJCNFA,1.052258,0.000392,0.023254,-0.216563,0.247869,998
1685,B000LJCNG4,1.165057,0.000284,0.025749,-0.236912,0.255968,673
1686,B000LJGRG6,1.390137,-7.8e-05,0.030725,-0.266205,0.241541,412
1687,B000LNWUIG,1.366603,0.000296,0.030204,-0.292651,0.22814,482
1688,B000LOGSVU,1.28728,0.000372,0.02845,-0.283563,0.178116,487
1689,B000LPJASC,1.464443,0.000244,0.032367,-0.370189,0.226519,455
1690,B000LQ30AA,1.308021,9e-05,0.02891,-0.268838,0.220472,368
1691,B000LRISO2,1.346598,0.000972,0.029747,-0.298855,0.184819,254
1692,B000LTQA6I,1.29603,0.000323,0.028644,-0.295304,0.221248,1492
1693,B000LUX3VC,1.239006,0.000599,0.027379,-0.285416,0.241305,603
1694,B000LVW25O,1.390047,0.000486,0.03072,-0.213401,0.209268,147
1695,B000LW1I2Q,1.227097,-0.000139,0.027122,-0.2483,0.240617,865
1696,B000LXTNMW,1.263472,6e-06,0.027926,-0.262814,0.246768,556
1697,B000LY3X7W,1.487016,2.8e-05,0.032867,-0.293574,0.151105,111
1698,B000M4AAWW,1.299566,0.000469,0.02872,-0.288232,0.184232,429
1699,B000M8BE3C,1.244095,0.000464,0.027494,-0.300924,0.271941,627
1700,B000MANVP4,1.357481,-7.2e-05,0.030004,-0.326293,0.236743,512
1701,B000MANVQ8,1.310036,0.000228,0.028954,-0.282306,0.222634,417
1702,B000MANVXG,1.215079,-0.000223,0.026855,-0.253402,0.232228,2246
1703,B000MAOWO8,1.240735,-0.000139,0.027423,-0.319316,0.201961,614
1704,B000MAOWOS,1.418232,-5.6e-05,0.031346,-0.33218,0.245684,467
1705,B000MAOWP2,1.333894,0.000279,0.029481,-0.310132,0.188008,351
1706,B000MAQWA0,1.255055,0.000438,0.027736,-0.274795,0.173814,329
1707,B000MASTM4,1.138203,-1.8e-05,0.025157,-0.257455,0.223403,580
1708,B000MASTMO,1.396808,0.000369,0.030871,-0.340647,0.225028,478
1709,B000MASTNI,1.415388,0.000695,0.031276,-0.323746,0.216311,267
1710,B000MC5US8,1.539459,0.000187,0.034025,-0.256885,0.188195,163
1711,B000ME1GUC,1.469645,0.000445,0.03248,-0.370004,0.247705,478
1712,B000ME2YWG,1.347641,0.000456,0.029783,-0.318674,0.23594,797
1713,B000MGOZ30,1.350173,-0.000507,0.029838,-0.307291,0.211511,465
1714,B000MGSJBY,1.509391,-7.3e-05,0.033361,-0.355615,0.195201,227
1715,B000MI85FC,1.349259,0.000738,0.029813,-0.295669,0.194668,303
1716,B000MN6FQ8,1.399007,0.00051,0.030917,-0.32312,0.210383,218
1717,B000MPFKZ8,1.426817,0.000277,0.031535,-0.331139,0.262727,472
1718,B000MQ6X8A,1.330504,0.000363,0.029405,-0.316404,0.21827,1568
1719,B000MQUKPC,1.189782,0.000413,0.026294,-0.25277,0.19882,555
1720,B000MS073K,1.253125,0.000495,0.027693,-0.247499,0.230715,491
1721,B000MS07DA,1.423326,-6.7e-05,0.031459,-0.326924,0.2608,438
1722,B000MS3XW2,1.317116,-7.1e-05,0.029111,-0.284049,0.218836,390
1723,B000MS5M9O,1.31123,0.00024,0.02898,-0.286909,0.202961,302
1724,B000MT1GHA,1.410877,0.000228,0.031183,-0.29678,0.268972,319
1725,B000MU7GFU,1.182842,6.2e-05,0.026144,-0.247091,0.300952,1115
1726,B000MUFK30,1.466148,0.000354,0.032404,-0.333344,0.28331,509
1727,B000MUQFTI,1.519786,0.000114,0.033591,-0.367832,0.266205,490
1728,B000MUV9NU,1.324886,0.000504,0.029279,-0.256804,0.26152,656
1729,B000MUZA1W,1.263128,0.000213,0.027917,-0.25024,0.266351,367
1730,B000MVC1CW,1.543382,0.000398,0.03411,-0.26137,0.17061,108
1731,B000MVVK7E,1.402639,0.000769,0.030992,-0.281121,0.285474,529
1732,B000MVYJ0O,1.302572,8.7e-05,0.02879,-0.305338,0.340253,1766
1733,B000MWHHBG,1.265288,0.00039,0.027963,-0.292695,0.173495,340
1734,B000MXHG66,1.350571,0.000364,0.029849,-0.312166,0.238073,387
1735,B000MXHG7A,1.319624,0.000433,0.029164,-0.263959,0.235506,373
1736,B000MZX6QI,1.289496,0.000324,0.028499,-0.256769,0.203823,362
1737,B000N043DW,1.111789,0.000217,0.024572,-0.242326,0.224846,949
1738,B000N2DBZ6,1.364208,0.000521,0.030148,-0.269658,0.218804,427
1739,B000N2FAD2,1.407648,0.000441,0.031109,-0.31574,0.194414,188
1740,B000N2IGWY,1.320961,-4e-05,0.029196,-0.285274,0.186974,318
1741,B000N2LV3K,1.338506,-0.000287,0.029583,-0.333903,0.191464,316
1742,B000N2N65Q,1.377018,0.000527,0.030431,-0.219199,0.172911,208
1743,B000N2O2PE,1.219918,0.000262,0.026962,-0.268348,0.202065,687
1744,B000N2OC2C,1.501719,-4.2e-05,0.033192,-0.308248,0.177102,119
1745,B000N2ZMP8,1.209684,8.2e-05,0.026737,-0.248177,0.205405,1071
1746,B000N2ZYGU,1.173106,0.000286,0.025927,-0.247247,0.216066,1156
1747,B000N36QHA,1.439989,0.000891,0.031815,-0.296605,0.242365,360
1748,B000N4HZ8I,1.325145,0.000705,0.02928,-0.315469,0.283287,953
1749,B000N5QVOG,1.284884,3e-06,0.028399,-0.259475,0.208412,328
1750,B000N5QWCM,1.521002,0.000429,0.033615,-0.258901,0.185318,103
1751,B000N758A2,1.359228,-0.000242,0.030041,-0.291804,0.218486,192
1752,B000N773K0,1.36094,-4.7e-05,0.03008,-0.29493,0.235257,236
1753,B000N7BARW,1.441187,0.000359,0.031852,-0.327458,0.188617,249
1754,B000N8CN4U,1.144177,0.000404,0.025286,-0.271873,0.237794,714
1755,B000N8DMIQ,1.242074,0.000401,0.02745,-0.294001,0.172136,312
1756,B000N8EWXA,1.533834,0.000431,0.033899,-0.337013,0.236257,183
1757,B000N93AHS,1.42278,0.000955,0.031432,-0.306461,0.217862,340
1758,B000N94XPQ,1.177748,-3.2e-05,0.026031,-0.229932,0.188978,604
1759,B000N9IQLS,1.405355,0.000351,0.03106,-0.33171,0.258312,566
1760,B000NB1OMO,1.489888,-0.000387,0.032928,-0.257295,0.154179,53
1761,B000NB3VMA,1.577638,0.000132,0.034869,-0.27419,0.207187,114
1762,B000NBBN1G,1.059802,0.000231,0.023423,-0.227246,0.18973,641
1763,B000NBIRII,1.348445,7.4e-05,0.029804,-0.272579,0.204177,189
1764,B000NBMEVY,1.363212,0.000536,0.030126,-0.306215,0.194376,291
1765,B000NBNZXK,1.289103,0.000479,0.028488,-0.332221,0.204067,651
1766,B000NC2QN4,1.336854,-0.000356,0.029546,-0.307166,0.226953,316
1767,B000NCTQV4,1.305407,0.000826,0.028841,-0.259027,0.337808,1029
1768,B000NCYZXI,1.214182,9.4e-05,0.026836,-0.233143,0.273428,603
1769,B000NE2WOA,1.327514,0.000168,0.029341,-0.32234,0.226973,335
1770,B000NE6PCA,1.38953,0.00041,0.030709,-0.288811,0.205394,265
1771,B000NE6QP6,1.443616,0.00045,0.031904,-0.245177,0.164554,97
1772,B000NE6YB2,1.315572,0.00053,0.029073,-0.2828,0.205184,329
1773,B000NFB8S0,1.359454,-0.000274,0.030046,-0.311474,0.24475,417
1774,B000NFEX46,1.570229,0.000126,0.034706,-0.374437,0.214505,282
1775,B000NFEX5K,1.281839,0.000203,0.028331,-0.223401,0.16551,146
1776,B000NG6D7K,1.401104,0.000768,0.030958,-0.282571,0.222485,250
1777,B000NG84G8,1.376307,0.000872,0.030407,-0.305653,0.214741,421
1778,B000NGH3X8,1.463959,0.000416,0.032354,-0.283481,0.192144,169
1779,B000NGI4QI,1.372711,0.000805,0.03033,-0.282022,0.212895,302
1780,B000NGJO94,1.397067,0.000495,0.030875,-0.260958,0.176767,170
1781,B000NGJOBC,1.363222,0.000865,0.030118,-0.286003,0.197204,203
1782,B000NGLR8A,1.246088,9e-05,0.027541,-0.27794,0.216342,406
1783,B000NHYFCE,1.196442,-0.000108,0.026444,-0.269969,0.27069,898
1784,B000NHZSKC,1.353273,-0.000105,0.029911,-0.325203,0.213684,419
1785,B000NI0WHK,1.185958,-7.4e-05,0.026213,-0.230921,0.200667,523
1786,B000NIAAMC,1.422455,0.00053,0.031435,-0.32391,0.247236,448
1787,B000NIR610,1.252846,-0.000253,0.02769,-0.283767,0.188381,231
1788,B000NIY7QM,1.393604,0.00075,0.030793,-0.315525,0.198649,215
1789,B000NIY9GK,1.478642,0.001049,0.032665,-0.297962,0.218141,153
1790,B000NIZZYK,1.440022,0.000169,0.031828,-0.334468,0.176396,128
1791,B000NJ0030,1.370307,0.000981,0.030271,-0.302267,0.191682,220
1792,B000NJE0PO,1.225649,0.000403,0.027087,-0.179738,0.135959,135
1793,B000NJE14E,1.499767,0.000393,0.033146,-0.326601,0.235066,277
1794,B000NJE3M4,1.412957,2.4e-05,0.03123,-0.263435,0.209228,245
1795,B000NJE40K,1.71167,0.000567,0.037828,-0.301071,0.196237,94
1796,B000NJG82W,1.473772,-0.000209,0.032573,-0.278384,0.189988,197
1797,B000NJG8B8,1.251377,0.000357,0.027656,-0.185567,0.139883,138
1798,B000NJHNLW,1.410582,-4.8e-05,0.031177,-0.297022,0.185911,170
1799,B000NJHONY,1.623581,0.000684,0.035879,-0.309839,0.185008,159
1800,B000NJJCLQ,1.375027,0.000774,0.030382,-0.219265,0.161915,145
1801,B000NJJFBI,1.618955,9.4e-05,0.035783,-0.390673,0.246995,306
1802,B000NJMRQS,1.470861,0.00069,0.032502,-0.232208,0.164768,113
1803,B000NJMSXU,1.314614,-0.000201,0.029056,-0.253435,0.224657,288
1804,B000NKCUI2,1.187325,0.000222,0.026242,-0.233601,0.279856,987
1805,B000NKHICK,1.412592,0.000874,0.03121,-0.220117,0.177764,109
1806,B000NKHNI4,1.492878,0.000536,0.032992,-0.306959,0.30261,349
1807,B000NKL3D0,1.378314,0.000248,0.030463,-0.295812,0.292156,495
1808,B000NL34JU,1.267058,-0.000145,0.028005,-0.270781,0.164942,228
1809,B000NLHXEC,1.531081,-0.000411,0.033838,-0.367678,0.215429,162
1810,B000NLJFNY,1.37908,-5.4e-05,0.030481,-0.389049,0.214731,497
1811,B000NMHIF0,1.427246,0.000373,0.031543,-0.332039,0.237568,410
1812,B000NN3H86,1.49532,0.00047,0.033047,-0.276325,0.212585,128
1813,B000NN5HFW,1.639483,-0.000375,0.036235,-0.350235,0.181647,141
1814,B000NN5HK2,1.415681,0.00015,0.03129,-0.321086,0.252085,448
1815,B000NN7FSO,1.298934,0.000177,0.028709,-0.277273,0.236947,592
1816,B000NNCA16,1.373764,0.00013,0.030363,-0.30916,0.229593,521
1817,B000NNCJLM,1.243299,-1e-06,0.02748,-0.261906,0.206428,622
1818,B000NNDNYY,1.407366,0.000238,0.031105,-0.348657,0.230672,294
1819,B000NNG8Z0,1.320424,2.3e-05,0.029185,-0.304152,0.203931,351
1820,B000NNKAFE,1.446718,0.001148,0.031955,-0.266771,0.173122,183
1821,B000NNL7FG,1.440226,0.00045,0.031829,-0.3009,0.273715,260
1822,B000NOFZTY,1.499448,0.000192,0.033141,-0.33712,0.281267,331
1823,B000NOLZDY,1.405335,0.000878,0.031049,-0.277426,0.204378,245
1824,B000NOMDTY,1.339426,0.00037,0.029602,-0.30176,0.183985,384
1825,B000NP7K1E,1.404694,0.000495,0.031043,-0.306063,0.229596,489
1826,B000NPAK0W,1.136449,0.000459,0.025114,-0.252099,0.232224,2997
1827,B000NPWQU4,1.254517,0.000308,0.027726,-0.249384,0.280043,638
1828,B000NQ0EHU,1.357242,0.000215,0.029998,-0.301687,0.20374,318
1829,B000NRAUPK,1.378425,-0.000197,0.030466,-0.296508,0.161729,192
1830,B000NRQ89M,1.33444,7.2e-05,0.029494,-0.296488,0.27961,549
1831,B000NRV00Y,1.206992,-0.000133,0.026677,-0.245197,0.210133,605
1832,B000NRVG26,1.184986,-0.000315,0.026189,-0.245723,0.231419,621
1833,B000NSH2L4,1.503372,0.000172,0.033228,-0.28741,0.193345,127
1834,B000NSIG8M,1.36498,0.000128,0.030169,-0.272437,0.194565,188
1835,B000NSIGE6,1.282158,0.000354,0.028337,-0.265177,0.240651,530
1836,B000NSQ63E,1.339153,0.000947,0.029583,-0.358122,0.281797,563
1837,B000NSQI4Q,1.490457,0.000116,0.032943,-0.314324,0.213101,201
1838,B000NSQM6U,1.295153,0.00052,0.028621,-0.25554,0.252944,976
1839,B000NSTX20,1.258466,0.000224,0.027814,-0.256532,0.281208,694
1840,B000NT2EE8,1.354334,0.000694,0.029926,-0.28036,0.196686,237
1841,B000NU2OOM,1.409238,0.000222,0.031147,-0.23449,0.210597,231
1842,B000NUMRXK,1.306572,-0.000135,0.028878,-0.274758,0.210085,379
1843,B000NURPK0,1.374389,0.000278,0.030376,-0.289609,0.193022,232
1844,B000NUTUMQ,1.353776,0.000354,0.02992,-0.272628,0.232643,338
1845,B000NUW8V6,1.380572,0.000434,0.030511,-0.248371,0.192698,214
1846,B000NUW8W0,1.420214,0.00036,0.031388,-0.297353,0.29344,548
1847,B000NVFWB8,1.436627,0.001218,0.03173,-0.275125,0.166949,165
1848,B000NVIFFS,1.486858,0.000257,0.032862,-0.275863,0.209855,100
1849,B000NVMM1G,1.572563,0.000237,0.034757,-0.367517,0.323355,384
1850,B000NW4I7G,1.268027,0.000115,0.028026,-0.258973,0.144923,215
1851,B000NW4LDM,1.352056,0.000829,0.029872,-0.313381,0.264233,457
1852,B000NW4LDW,1.337618,0.000983,0.029548,-0.307565,0.238104,454
1853,B000NWDSAE,1.429719,0.00028,0.031599,-0.34037,0.262765,526
1854,B000NWF1Q8,1.260984,-5e-06,0.027871,-0.289286,0.259903,1149
1855,B000NWGCZ2,1.501486,0.000575,0.033182,-0.365905,0.23361,474
1856,B000NY66DS,1.359093,0.000193,0.030039,-0.247442,0.179413,221
1857,B000NYL3NQ,1.415919,-0.000198,0.031295,-0.347496,0.226662,355
1858,B000NYL3UE,1.240087,-0.000109,0.027409,-0.286281,0.208503,1107
1859,B000NZAIC2,1.373131,6.5e-05,0.03035,-0.371148,0.241846,752
1860,B000NZN2V6,1.291797,0.000333,0.02855,-0.30353,0.191931,501
1861,B000O01CJO,1.447671,5.8e-05,0.031997,-0.317627,0.196794,165
1862,B000O03F4O,1.30137,-0.000152,0.028763,-0.280694,0.184725,356
1863,B000O05AC4,1.26218,0.000197,0.027897,-0.319007,0.304376,555
1864,B000O163JM,1.518735,0.000836,0.033557,-0.272363,0.165638,169
1865,B000O16ATK,1.542109,0.000783,0.034075,-0.23608,0.177553,109
1866,B000O1DHL4,1.200775,0.000742,0.02653,-0.226767,0.236649,530
1867,B000O1NJZ8,1.325661,0.0005,0.029296,-0.233051,0.178992,219
1868,B000O2KACM,1.445221,-0.000132,0.031943,-0.31536,0.212111,222
1869,B000O2O87U,1.390358,0.000209,0.03073,-0.29663,0.232365,406
1870,B000O2OWFS,1.247311,0.000468,0.027565,-0.255111,0.223349,522
1871,B000O2P3RE,1.368344,0.000218,0.030243,-0.276287,0.179287,172
1872,B000O2PDKQ,1.37214,7.7e-05,0.030328,-0.313238,0.198954,269
1873,B000O2PLGC,1.147989,0.000173,0.025373,-0.265942,0.236487,578
1874,B000O2TBEK,1.444928,0.000346,0.031935,-0.30691,0.266914,311
1875,B000O2TBFE,1.424515,0.000357,0.031483,-0.31432,0.222663,295
1876,B000O3BDHW,1.174355,0.000209,0.025955,-0.191447,0.240479,333
1877,B000O3GQ1A,1.647515,0.000958,0.036402,-0.299756,0.204646,120
1878,B000O3MHW2,1.441895,0.000118,0.031869,-0.290908,0.18524,166
1879,B000O3OZD6,1.101228,3.7e-05,0.02434,-0.265953,0.16056,592
1880,B000O3UC0Q,1.298231,0.000253,0.028693,-0.250975,0.277321,859
1881,B000O3UCTC,1.390686,0.000243,0.030737,-0.321107,0.220885,318
1882,B000O540FW,1.447483,0.000592,0.031987,-0.330829,0.234394,365
1883,B000O5MCPW,1.388626,7.2e-05,0.030692,-0.30158,0.284118,1119
1884,B000O5RVJO,1.315073,0.00011,0.029066,-0.31469,0.217742,422
1885,B000O5UWTA,1.362457,6.7e-05,0.030114,-0.291149,0.179686,295
1886,B000O5WGHG,1.375924,-0.000314,0.03041,-0.284441,0.180469,250
1887,B000O6YJV6,1.387669,-4e-05,0.030671,-0.331917,0.244701,521
1888,B000O7AI3I,1.524879,0.000555,0.033699,-0.308395,0.206329,216
1889,B000O7CE1W,1.341204,0.000175,0.029643,-0.287851,0.211762,301
1890,B000O7JK0A,1.339527,0.000169,0.029606,-0.333314,0.245236,594
1891,B000O7JNC0,1.160525,0.00022,0.02565,-0.23268,0.252405,553
1892,B000O8R4CA,1.271951,6.2e-05,0.028113,-0.231936,0.196766,324
1893,B000O902LY,1.420909,0.000513,0.031401,-0.302762,0.23643,292
1894,B000O9FRXW,1.440199,0.000611,0.031826,-0.300256,0.196542,399
1895,B000O9O4YU,1.31861,7.7e-05,0.029144,-0.273633,0.213212,383
1896,B000OBJG6Y,1.415114,-0.000434,0.031275,-0.298425,0.245787,315
1897,B000OC3L4Q,1.400403,0.001024,0.030935,-0.28643,0.17614,159
1898,B000OD31WW,1.432841,0.001138,0.031649,-0.24029,0.217312,210
1899,B000OD5V8E,1.330533,0.000697,0.0294,-0.282719,0.211537,317
1900,B000ODM538,1.370107,-0.000211,0.030282,-0.297128,0.259183,559
1901,B000ODNSR0,1.26639,0.000599,0.027984,-0.247526,0.254608,3414
1902,B000OFAASI,1.39294,0.000416,0.030785,-0.351257,0.268708,465
1903,B000OFB5QO,1.241866,0.000194,0.027448,-0.248488,0.273105,1418
1904,B000OFNDMS,1.409745,8.2e-05,0.031159,-0.301806,0.265807,430
1905,B000OFNDOQ,1.339832,0.000345,0.029612,-0.304592,0.25277,460
1906,B000OIHHYK,1.31167,-0.000274,0.02899,-0.285054,0.189529,342
1907,B000OLAMGC,1.364866,-0.000181,0.030166,-0.285561,0.225657,384
1908,B000OLE7V8,1.535161,0.000272,0.03393,-0.31526,0.201198,127
1909,B000OLFXKW,1.324112,0.00053,0.029261,-0.262361,0.173571,245
1910,B000OO0EKS,1.438672,-0.000171,0.031798,-0.296392,0.246958,291
1911,B000OO7546,1.21188,0.000859,0.026772,-0.248316,0.313824,997
1912,B000OP3DIM,1.383314,0.000499,0.030571,-0.285197,0.239138,424
1913,B000OP7LTY,1.533724,0.000607,0.033894,-0.365256,0.31292,446
1914,B000OQ2DL4,1.707716,-0.000124,0.037745,-0.42329,0.26716,300
1915,B000OQ5424,1.527499,0.001115,0.033743,-0.315655,0.289189,378
1916,B000OQ6YTG,1.370325,0.00026,0.030286,-0.282605,0.316184,487
1917,B000OQ94SY,1.339812,0.000774,0.029603,-0.261261,0.243974,397
1918,B000ORLLJS,1.699749,0.000995,0.037556,-0.308523,0.208856,181
1919,B000ORM4EE,1.509091,0.001068,0.033338,-0.309103,0.243878,327
1920,B000ORORQ2,1.369863,0.000609,0.030271,-0.283705,0.226804,528
1921,B000ORV3NC,1.353565,-0.000124,0.029917,-0.276555,0.241928,378
1922,B000ORV5HQ,1.448004,0.000451,0.032001,-0.320676,0.263118,460
1923,B000ORXJ3E,1.343005,0.00011,0.029684,-0.289374,0.193677,369
1924,B000OUJ04S,1.564908,0.000756,0.03458,-0.327902,0.235714,173
1925,B000OUTTP8,1.477873,0.000712,0.032657,-0.241394,0.195181,215
1926,B000OUY7ZA,1.206461,-5.9e-05,0.026666,-0.334428,0.240272,2051
1927,B000OV3ZDO,1.340766,8.2e-05,0.029634,-0.341828,0.239182,658
1928,B000OV5PEG,1.326082,0.000105,0.02931,-0.293015,0.236643,726
1929,B000OW9QCW,1.283639,0.00018,0.028371,-0.263826,0.215222,275
1930,B000OWHKMU,1.381623,0.000327,0.030536,-0.23978,0.221428,303
1931,B000OY3WNO,1.20392,0.000354,0.026607,-0.257718,0.178287,447
1932,B000OY5W3M,1.387629,0.000215,0.030669,-0.331874,0.21608,396
1933,B000OYHN2K,1.377235,0.000259,0.030439,-0.304095,0.210061,453
1934,B000OYJ9AO,1.255799,-0.000192,0.027756,-0.282265,0.189093,788
1935,B000OYLBJG,1.354488,-4e-05,0.029938,-0.29025,0.219948,932
1936,B000OYNCES,1.316974,-0.000287,0.029107,-0.298952,0.221075,1057
1937,B000OYYY36,1.419745,5.9e-05,0.03138,-0.357109,0.221764,494
1938,B000OZDOCW,1.224415,0.000645,0.027055,-0.28898,0.248108,1452
1939,B000OZF8W6,1.236628,-0.000476,0.027328,-0.247907,0.179527,286
1940,B000OZI8HS,1.279782,-0.000381,0.028284,-0.262946,0.190883,311
1941,B000OZN24M,1.165095,0.000132,0.025751,-0.240246,0.18854,1455
1942,B000P1S0N8,1.249243,0.000439,0.027608,-0.224644,0.258531,742
1943,B000P1S0NI,1.39325,7.7e-05,0.030794,-0.244052,0.179394,143
1944,B000P20JWW,1.468477,0.000833,0.032446,-0.310705,0.225378,264
1945,B000P20QM0,1.216622,0.000179,0.02689,-0.293593,0.246322,608
1946,B000P20R6A,1.194356,0.00022,0.026397,-0.2868,0.230109,613
1947,B000P20RAQ,1.30196,0.001097,0.028756,-0.280085,0.249924,403
1948,B000P20RPQ,1.184172,0.000429,0.02617,-0.309111,0.245316,609
1949,B000P20U6M,1.212199,0.001304,0.026761,-0.277404,0.270801,1036
1950,B000P20VAC,1.195297,0.000209,0.026418,-0.275968,0.223968,599
1951,B000P22TIY,1.240404,0.000664,0.027408,-0.300268,0.257655,600
1952,B000P22TUW,1.274628,0.000627,0.028165,-0.26435,0.204262,296
1953,B000P22TW0,1.354557,0.000856,0.029927,-0.291994,0.245713,310
1954,B000P22UUG,1.145694,0.00072,0.025312,-0.273672,0.220278,776
1955,B000P2301E,1.19081,0.000576,0.026314,-0.266657,0.259534,825
1956,B000P231AO,1.244795,0.000378,0.02751,-0.334179,0.252693,738
1957,B000P24EI2,1.183433,-4.1e-05,0.026157,-0.250363,0.205424,701
1958,B000P250NK,1.072712,0.000449,0.023705,-0.273052,0.20322,742
1959,B000P251I4,1.396598,0.000446,0.030865,-0.300295,0.293871,363
1960,B000P2528I,1.039987,0.000309,0.022984,-0.256679,0.205017,729
1961,B000P257CO,1.110506,0.000445,0.024541,-0.237196,0.208516,860
1962,B000P258QE,1.209429,0.000552,0.026726,-0.306417,0.261075,614
1963,B000P275OM,1.224669,0.000507,0.027063,-0.277782,0.256494,629
1964,B000P275RY,1.084584,0.000409,0.023968,-0.259274,0.20972,751
1965,B000P275TW,1.045044,0.000392,0.023095,-0.228709,0.198232,772
1966,B000P276AK,1.261992,0.000661,0.027885,-0.281993,0.237232,396
1967,B000P276EG,1.175108,0.000306,0.025971,-0.275988,0.229806,618
1968,B000P276WS,1.422827,0.000949,0.031434,-0.285935,0.17367,156
1969,B000P27754,1.090682,0.000991,0.024086,-0.228057,0.194266,904
1970,B000P279E8,1.288557,0.000451,0.028477,-0.316919,0.273307,604
1971,B000P279N4,1.242186,8.6e-05,0.027455,-0.299129,0.262058,621
1972,B000P27AYM,1.185598,0.000226,0.026204,-0.279223,0.224379,627
1973,B000P3X8HY,1.255793,0.000511,0.027751,-0.319133,0.268353,621
1974,B000P41F8W,1.239153,0.000279,0.027387,-0.31818,0.279912,558
1975,B000P4ZOIE,1.402336,0.00065,0.030988,-0.303919,0.251938,492
1976,B000P557R6,1.228212,0.000336,0.027144,-0.277554,0.261448,612
1977,B000P6BRHY,1.402611,0.000815,0.03099,-0.253282,0.195823,205
1978,B000P6I3WG,1.24794,0.000219,0.027582,-0.27481,0.270232,962
1979,B000P6WIHC,1.439913,0.000487,0.031822,-0.325486,0.24544,368
1980,B000P7X1MC,1.276871,-0.000337,0.02822,-0.250971,0.220426,1176
1981,B000P8559S,1.224453,0.000151,0.027063,-0.25237,0.247754,1139
1982,B000P8DLF8,1.267744,0.001139,0.027997,-0.284234,0.278732,955
1983,B000P8FNGS,1.210735,0.000234,0.026759,-0.295318,0.242774,994
1984,B000P9B3NY,1.434835,-0.000135,0.031713,-0.293083,0.276253,493
1985,B000P9B3O8,1.538758,4.8e-05,0.03401,-0.373072,0.255415,306
1986,B000P9B3R0,1.396592,8.9e-05,0.030868,-0.305333,0.265882,493
1987,B000P9BR4Y,1.530653,0.000724,0.033823,-0.285017,0.333828,250
1988,B000P9DS4Q,1.269376,6e-05,0.028056,-0.273546,0.242277,604
1989,B000P9FP10,1.323035,0.000259,0.029241,-0.279515,0.302176,826
1990,B000P9FPAG,1.164982,-1.3e-05,0.025749,-0.195323,0.292985,569
1991,B000P9IF9Y,1.240015,2.2e-05,0.027407,-0.251494,0.226549,503
1992,B000P9RQTO,1.366965,0.000386,0.030211,-0.263292,0.144229,201
1993,B000PAW6ZW,1.335406,-0.000122,0.029516,-0.267021,0.178116,253
1994,B000PAW9ZO,1.347928,9.4e-05,0.029792,-0.215762,0.169484,141
1995,B000PB26Q0,1.391874,0.000294,0.030762,-0.251612,0.196369,256
1996,B000PB271E,1.217266,1.6e-05,0.026905,-0.265115,0.223234,604
1997,B000PBQ7LK,1.399635,-1e-05,0.030935,-0.291622,0.245995,412
1998,B000PHISKW,1.330725,0.000642,0.029405,-0.328109,0.304899,1076
1999,B000PHKE0O,1.223311,0.000467,0.027034,-0.25362,0.238109,723
2000,B000PHP86E,1.328862,0.000358,0.029369,-0.315716,0.211584,572
2001,B000PHP8L4,1.349958,0.000723,0.029829,-0.314798,0.219044,489
2002,B000PHRIQM,1.283497,0.000777,0.028358,-0.258927,0.222973,420
2003,B000PHRIYE,1.423755,0.000855,0.031457,-0.327614,0.244555,492
2004,B000PHUKEE,1.337959,0.000742,0.029563,-0.29757,0.194314,366
2005,B000PHVNE0,1.298428,7.9e-05,0.028698,-0.247563,0.243441,378
2006,B000PHVTVC,1.459549,-0.000176,0.032259,-0.299405,0.161837,180
2007,B000PHVU8O,1.34138,0.000611,0.029642,-0.270347,0.250585,336
2008,B000PHZ26K,1.633222,0.000886,0.036087,-0.354673,0.252412,143
2009,B000PHZE7M,1.241676,-0.000146,0.027444,-0.26485,0.226839,740
2010,B000PI36W6,1.264027,6.2e-05,0.027938,-0.262666,0.262853,339
2011,B000PI3BS0,1.428676,0.000413,0.031575,-0.318368,0.211178,203
2012,B000PI4J3G,1.583283,0.000397,0.034992,-0.351106,0.220188,175
2013,B000PI57HS,1.261497,9.2e-05,0.027882,-0.270448,0.284285,600
2014,B000PI9MO2,1.288928,-0.000104,0.028488,-0.272913,0.264603,1078
2015,B000PILEWA,1.618569,0.000651,0.035768,-0.402095,0.266824,779
2016,B000PIMUR8,1.324905,0.000318,0.029282,-0.25641,0.181547,228
2017,B000PIXLB2,1.462993,0.001147,0.032315,-0.280235,0.197455,252
2018,B000PK4XRQ,1.442102,-6.2e-05,0.031874,-0.318025,0.221342,275
2019,B000PKUYYW,1.287484,0.000478,0.028453,-0.290291,0.22258,918
2020,B000PKUZ5U,1.426279,0.00024,0.031523,-0.330838,0.244602,621
2021,B000PKWAWQ,1.261576,0.000193,0.027883,-0.288204,0.207517,966
2022,B000PKYBXM,1.395925,0.000502,0.030849,-0.343131,0.277888,730
2023,B000PKYCJA,1.277887,6.7e-05,0.028244,-0.290674,0.23432,768
2024,B000PKZFTQ,1.372384,0.000535,0.030328,-0.340918,0.217225,966
2025,B000PKZG22,1.381002,0.000456,0.03052,-0.334333,0.208919,469
2026,B000PLS9YS,1.311162,0.000849,0.028967,-0.285117,0.223888,414
2027,B000PLUZL8,1.202568,-0.000287,0.026578,-0.294584,0.222464,1582
2028,B000PNTQS4,1.219542,-0.000102,0.026955,-0.273289,0.273059,1527
2029,B000PNTQW0,1.204541,-0.000148,0.026623,-0.280777,0.2285,1262
2030,B000PNVSBW,1.211602,-0.000382,0.026777,-0.29544,0.226685,1895
2031,B000PNXBU8,1.148674,-0.000228,0.025388,-0.267613,0.239433,1649
2032,B000POX044,1.204319,-1e-06,0.026618,-0.239521,0.19574,417
2033,B000POYVHY,1.443182,0.000716,0.03189,-0.251877,0.204011,182
2034,B000PP15L8,1.441116,0.000707,0.031844,-0.326115,0.232622,909
2035,B000PP43XU,1.487353,0.000863,0.032863,-0.339276,0.278136,448
2036,B000PQDKU6,1.720348,0.001464,0.037996,-0.260859,0.215339,85
2037,B000PQGYOU,1.338923,0.000354,0.029591,-0.248862,0.24325,332
2038,B000PQGYPY,1.430157,0.000368,0.031608,-0.332209,0.269496,357
2039,B000PR0KI0,1.402007,-8.9e-05,0.030988,-0.306228,0.243594,491
2040,B000PR4F9K,1.339308,3.9e-05,0.029602,-0.358441,0.268736,1786
2041,B000PSPK7U,1.380954,6.8e-05,0.030522,-0.247617,0.231075,365
2042,B000PSTJ4K,1.213192,0.000152,0.026814,-0.280625,0.269967,727
2043,B000PSTSSC,1.256382,0.000606,0.027763,-0.263527,0.275561,875
2044,B000PT951G,1.572684,0.000402,0.034758,-0.287568,0.180038,98
2045,B000PU0ZK0,1.336302,0.000592,0.02953,-0.284114,0.204926,277
2046,B000PU70WG,1.484338,0.001198,0.032786,-0.331348,0.276645,349
2047,B000PUEGWS,1.748222,0.001097,0.038624,-0.299688,0.181706,59
2048,B000PUGDYM,1.241623,0.000259,0.027442,-0.264831,0.225581,1565
2049,B000PW7K38,1.162071,0.000494,0.02568,-0.224565,0.229563,802
2050,B000PWJZEA,1.373628,0.000517,0.030356,-0.287877,0.284671,789
2051,B000PXYC6U,1.45085,0.000552,0.032063,-0.331596,0.230356,506
2052,B000PXYCHE,1.409834,0.000297,0.031159,-0.32002,0.211231,322
2053,B000PY15I2,1.39454,0.000382,0.03082,-0.312153,0.223766,412
2054,B000PY17PI,1.2871,0.000482,0.028444,-0.329264,0.24659,533
2055,B000PY9HG4,1.344031,-0.000152,0.029706,-0.302497,0.223737,254
2056,B000PZ8DK4,1.288649,0.0004,0.02848,-0.229293,0.226922,301
2057,B000PZ8E62,1.477828,0.000836,0.032653,-0.319019,0.267158,409
2058,B000PZDRNM,1.200322,0.000445,0.026526,-0.300259,0.249064,1018
2059,B000Q0VBOS,1.49066,0.001213,0.032925,-0.293873,0.187335,193
2060,B000Q2RP7I,1.341621,0.000183,0.029653,-0.258342,0.268537,1471
2061,B000Q30NDA,1.307636,0.000169,0.028901,-0.294136,0.254285,755
2062,B000Q37M5M,1.419007,0.000145,0.031363,-0.32906,0.275206,772
2063,B000Q44H9U,1.474926,0.000477,0.032596,-0.353371,0.233006,683
2064,B000Q4B108,1.319317,0.000423,0.029157,-0.288,0.237652,1613
2065,B000Q5UOZU,1.265493,0.00024,0.02797,-0.294364,0.249605,644
2066,B000Q6D3MA,1.313951,0.000151,0.029041,-0.276844,0.242159,432
2067,B000Q6V1UG,1.233595,0.000132,0.027265,-0.317069,0.266936,3402
2068,B000Q7CVDQ,1.27591,0.000378,0.028198,-0.265508,0.171046,427
2069,B000Q7UKC0,1.547436,1.9e-05,0.034202,-0.319725,0.25202,423
2070,B000Q7XDR4,1.510429,0.000335,0.033383,-0.319755,0.250411,371
2071,B000Q80ZTC,1.405208,-0.000105,0.031058,-0.303156,0.239185,340
2072,B000Q8LFX2,1.51909,-0.000162,0.033575,-0.306097,0.196255,80
2073,B000Q8PV96,1.390466,3.9e-05,0.030733,-0.335425,0.230623,496
2074,B000Q8R6W6,1.32512,0.000518,0.029284,-0.331618,0.390069,858
2075,B000Q8R7KW,1.311558,0.000242,0.028988,-0.250986,0.24221,363
2076,B000Q97ZS0,1.32679,-0.00023,0.029324,-0.290371,0.229105,1078
2077,B000QA7HNC,1.272631,1.6e-05,0.028128,-0.240286,0.214696,800
2078,B000QAVLT8,1.416682,0.000432,0.031309,-0.307614,0.253501,770
2079,B000QAVNA0,1.190555,0.000555,0.026308,-0.27388,0.195033,1302
2080,B000QB77NQ,1.220992,6.3e-05,0.026987,-0.283026,0.193532,782
2081,B000QC11RI,1.353687,0.000923,0.029906,-0.23714,0.201097,211
2082,B000QE5GU4,1.454788,0.00094,0.032141,-0.289607,0.315819,549
2083,B000QE6U54,1.37993,4.9e-05,0.0305,-0.308049,0.197362,263
2084,B000QE7DV4,1.381226,0.000289,0.030527,-0.263114,0.313691,628
2085,B000QF8O8O,1.619355,0.000492,0.035788,-0.316931,0.18746,125
2086,B000QFCQCO,1.416513,0.001324,0.03128,-0.32057,0.364916,960
2087,B000QGKQXO,1.372714,-0.000234,0.030339,-0.352124,0.351674,1013
2088,B000QI8BXY,1.363813,0.00026,0.030143,-0.261109,0.185603,186
2089,B000QM4PXK,1.324842,0.000237,0.029281,-0.273197,0.215066,305
2090,B000QRJY4A,1.345705,0.001001,0.029727,-0.228611,0.160037,126
2091,B000QSDHPG,1.382512,0.000284,0.030556,-0.29139,0.218879,344
2092,B000QT9OP2,1.235843,-5e-05,0.027315,-0.301653,0.212338,716
2093,B000QTFT2Y,1.430735,0.000223,0.031622,-0.322943,0.218773,279
2094,B000QUGFJO,1.276638,0.000736,0.028207,-0.250493,0.208356,322
2095,B000QUI920,1.43298,0.000656,0.031666,-0.247321,0.19249,118
2096,B000QUJ0IC,1.170031,0.000837,0.025847,-0.315606,0.25869,1049
2097,B000QUK7Q6,1.143526,8.6e-05,0.025275,-0.235273,0.210122,1159
2098,B000QUKAUE,1.272976,0.000379,0.028133,-0.220444,0.184505,207
2099,B000QUM5LG,1.344703,0.000107,0.029721,-0.270123,0.206638,274
2100,B000QUMBP6,1.395542,0.000279,0.030844,-0.243055,0.178829,183
2101,B000QUNEES,1.282532,0.000402,0.028344,-0.244699,0.183623,284
2102,B000QUOD8Y,1.336396,0.001361,0.029506,-0.270186,0.335063,963
2103,B000QURQQU,1.226862,9.6e-05,0.027117,-0.260382,0.249528,868
2104,B000QV2I4E,1.302623,0.000329,0.028789,-0.273628,0.218483,379
2105,B000QWP2KA,1.440922,0.000126,0.031848,-0.345794,0.264709,410
2106,B000QX7YCI,1.611685,0.000449,0.035619,-0.392721,0.322206,364
2107,B000QXGBOU,1.342892,0.000366,0.029679,-0.278106,0.177264,275
2108,B000R1RKVY,1.285016,0.000424,0.028399,-0.256878,0.23452,376
2109,B000R1VH8Q,1.272924,0.000235,0.028134,-0.271398,0.218445,371
2110,B000R3215W,1.40654,0.000199,0.031087,-0.341335,0.225507,467
2111,B000R46I1O,1.608677,-0.000182,0.035555,-0.300399,0.206495,79
2112,B000R4DZRE,1.471168,0.000809,0.032506,-0.249564,0.21041,177
2113,B000R80ZTQ,1.407138,-1.3e-05,0.031101,-0.320904,0.284118,433
2114,B000R810A4,1.440533,3.8e-05,0.031839,-0.359808,0.248707,405
2115,B000R830IE,1.26851,0.000622,0.02803,-0.296653,0.268446,638
2116,B000R858B6,1.36565,0.00039,0.030182,-0.334455,0.260239,497
2117,B000R871A2,1.284838,0.000551,0.028393,-0.286766,0.198702,549
2118,B000R87B1Q,1.635261,0.000993,0.03613,-0.302476,0.167109,117
2119,B000R8I8I6,1.525846,0.00103,0.033709,-0.225753,0.169595,115
2120,B000R8PC9E,1.51345,0.000472,0.033448,-0.244289,0.185052,124
2121,B000R8QV4Y,1.300254,0.000286,0.028737,-0.246863,0.156933,273
2122,B000R8U1XQ,1.400804,0.000463,0.030958,-0.276757,0.215016,365
2123,B000R8UET2,1.427506,1e-06,0.031551,-0.321216,0.232888,357
2124,B000R8WL02,1.1664,0.000252,0.025779,-0.238236,0.182235,379
2125,B000R8WOT0,1.677986,-3.5e-05,0.037088,-0.290359,0.170957,85
2126,B000R8ZAMI,1.316724,0.000535,0.029098,-0.297027,0.258611,565
2127,B000R92WNC,1.424701,-0.000573,0.031484,-0.308713,0.232932,259
2128,B000R92XHM,1.327406,0.000828,0.029327,-0.292418,0.172311,243
2129,B000R92XIG,1.349045,0.000359,0.029815,-0.280666,0.192132,285
2130,B000R94OGK,1.51351,-0.000247,0.033451,-0.315043,0.184908,160
2131,B000R961M0,1.555089,-0.000145,0.034371,-0.246029,0.148143,88
2132,B000R99V5O,1.221704,-0.000258,0.027001,-0.270355,0.168268,339
2133,B000R9A56I,1.274663,0.000596,0.028167,-0.292206,0.183005,919
2134,B000R9C0PW,1.330612,0.000246,0.029409,-0.332302,0.188381,442
2135,B000RB40VC,1.069966,0.000232,0.023648,-0.212729,0.174686,730
2136,B000RBAPN4,1.273089,-0.000178,0.028138,-0.252498,0.167906,250
2137,B000RBMGMW,1.289332,0.000641,0.02849,-0.255887,0.204009,229
2138,B000RBMHWG,1.590457,0.000391,0.035151,-0.352331,0.332342,540
2139,B000RBUMR8,1.571978,-0.000855,0.034734,-0.31322,0.191256,213
2140,B000RC2V4Y,1.279928,0.000208,0.028289,-0.253407,0.224061,1112
2141,B000RDIPKW,1.343639,-9.6e-05,0.029698,-0.283507,0.218217,407
2142,B000REIM1S,1.151779,0.000375,0.025454,-0.245184,0.21691,524
2143,B000REKQDK,1.292331,0.000662,0.028556,-0.25853,0.215214,333
2144,B000REO5JQ,1.335351,0.000682,0.029507,-0.278698,0.217986,574
2145,B000REOEYM,1.420708,-0.000208,0.0314,-0.295124,0.262907,322
2146,B000RG2YFQ,1.432699,0.001212,0.031643,-0.24275,0.189914,240
2147,B000RGBWPO,1.464778,-1.4e-05,0.032375,-0.365815,0.259008,381
2148,B000RGZK02,1.450944,0.000612,0.032064,-0.310479,0.273925,377
2149,B000RHK3IU,1.513486,0.000917,0.033439,-0.319176,0.29334,513
2150,B000RJ19VI,1.27889,9e-05,0.028266,-0.224678,0.175906,212
2151,B000RL0OYE,1.419319,0.001122,0.03135,-0.212265,0.158553,133
2152,B000RLURG4,1.137008,-8.1e-05,0.025131,-0.233194,0.204845,686
2153,B000RLXG6W,1.222914,-0.000208,0.027029,-0.238436,0.244711,789
2154,B000RMNXNC,1.656774,0.000457,0.036616,-0.330141,0.207633,130
2155,B000RMPOYI,1.435362,9.8e-05,0.031725,-0.307331,0.207173,285
2156,B000RN0J9W,1.446459,0.0008,0.03196,-0.301087,0.292433,419
2157,B000RO0I9M,1.501696,0.000582,0.033186,-0.267785,0.192301,122
2158,B000RO3EMA,1.381081,0.000339,0.030523,-0.26908,0.217432,267
2159,B000RO6ZDA,1.460846,0.000552,0.032284,-0.24661,0.180936,126
2160,B000RQ1DAI,1.364482,0.000501,0.030154,-0.277844,0.251611,272
2161,B000RRKCVS,1.254486,0.000474,0.027723,-0.255669,0.190748,311
2162,B000RSJKTM,1.444204,0.000388,0.031918,-0.303669,0.264718,371
2163,B000RTDUOW,1.438201,-0.000149,0.031787,-0.32272,0.184077,141
2164,B000RTPT8M,1.296192,5.9e-05,0.028649,-0.2534,0.219051,544
2165,B000RUCHOA,1.174022,0.000641,0.025941,-0.221006,0.251964,937
2166,B000RUJJAU,1.450305,0.00085,0.032044,-0.245212,0.176044,184
2167,B000RY4DJS,1.351146,0.000442,0.02986,-0.299348,0.238581,589
2168,B000RY5YY6,1.249414,0.000585,0.027609,-0.289928,0.255399,1484
2169,B000RYLN6O,1.522978,0.000684,0.033655,-0.358472,0.214445,337
2170,B000RYSXWG,1.495671,-0.000165,0.033058,-0.325302,0.302001,505
2171,B000RZQGS8,1.218458,0.000579,0.026925,-0.274342,0.256041,1089
2172,B000S01TAC,1.361419,0.00048,0.030087,-0.327338,0.208214,391
2173,B000S01TBG,1.279337,0.000746,0.028267,-0.214931,0.183632,229
2174,B000S0CKRS,1.533127,0.000652,0.03388,-0.314387,0.221987,152
2175,B000S205WS,1.302456,-0.000349,0.028785,-0.245843,0.177468,292
2176,B000S6QGIQ,1.2605,-7e-06,0.02786,-0.260122,0.205078,560
2177,B000S7ZT6U,1.402734,0.000416,0.031001,-0.304227,0.239643,436
2178,B000S7ZTDI,1.32325,0.00065,0.02924,-0.315566,0.243067,448
2179,B000S8HGIS,1.496582,0.000892,0.033066,-0.41952,0.245774,851
2180,B000S8JB68,1.15683,0.000161,0.025568,-0.267307,0.271013,866
2181,B000S97MAY,1.230857,0.000374,0.027202,-0.257727,0.193844,385
2182,B000SA8FRM,1.673639,-0.000224,0.036991,-0.313985,0.231301,206
2183,B000SASZ9K,1.273192,0.000357,0.028138,-0.271672,0.243152,685
2184,B000SBWIU6,1.329263,-0.000253,0.029379,-0.269901,0.16676,188
2185,B000SDI6MI,1.257999,-3e-06,0.027805,-0.260138,0.171394,312
2186,B000SGQWY4,1.371604,0.000686,0.030308,-0.234841,0.192898,240
2187,B000SI2T0S,1.142145,0.000746,0.025233,-0.328691,0.222841,966
2188,B000SIGZB2,1.277382,0.000425,0.02823,-0.269216,0.230504,396
2189,B000SIS5JW,1.496181,0.000539,0.033065,-0.327732,0.272946,308
2190,B000SJ9G0I,1.183464,0.000158,0.026157,-0.199302,0.239412,324
2191,B000SQ5LVY,1.405138,0.000147,0.031057,-0.213834,0.150446,142
2192,B000SQ92RI,1.350284,-0.000236,0.029844,-0.259438,0.202049,433
2193,B000SQRMOS,1.095534,0.000297,0.024212,-0.224962,0.263851,772
2194,B000SRTOC0,1.335904,0.000348,0.029525,-0.289767,0.265965,622
2195,B000SRVQ12,1.306275,0.000488,0.028868,-0.267103,0.314905,633
2196,B000SRVRAM,1.344451,0.000807,0.029705,-0.274514,0.272249,414
2197,B000SSDTOI,1.349014,0.000224,0.029816,-0.281165,0.251769,469
2198,B000SSDTOS,1.330237,0.00044,0.029398,-0.270366,0.239406,412
2199,B000SSG0EE,1.162198,0.000102,0.025687,-0.238696,0.246721,820
2200,B000SSNSAS,1.35076,-1.6e-05,0.029855,-0.277021,0.246744,334
2201,B000SWY02O,1.255184,0.000557,0.027737,-0.264312,0.217449,533
2202,B000SWY05Q,1.482895,0.000352,0.032774,-0.318403,0.238704,304
2203,B000SX3380,1.250269,0.00071,0.027625,-0.240287,0.250571,413
2204,B000SZVQTQ,1.316186,0.000436,0.029088,-0.253496,0.24454,390
2205,B000T217KG,1.389871,0.000595,0.030714,-0.325406,0.252016,541
2206,B000T55RSG,1.355293,0.000314,0.029954,-0.262221,0.253354,444
2207,B000T5CSR4,1.318019,0.000316,0.02913,-0.304135,0.263922,518
2208,B000T5KATM,1.32955,0.000726,0.029377,-0.254465,0.15444,171
2209,B000T7P0KO,1.554639,5e-06,0.034361,-0.378806,0.254347,332
2210,B000T9BMBS,1.324258,-0.000134,0.029269,-0.314348,0.198263,357
2211,B000T9ZCL4,1.289408,0.00043,0.028496,-0.3245,0.215918,1770
2212,B000TAA9Q6,1.438272,-0.0,0.031789,-0.283293,0.190346,277
2213,B000TADQDO,1.311649,-0.000342,0.028989,-0.283742,0.197148,232
2214,B000TAE0RK,1.46334,-0.000505,0.03234,-0.336495,0.21162,130
2215,B000TAV7VM,1.236688,-0.000108,0.027334,-0.283124,0.184946,484
2216,B000TAVKUK,1.244451,-0.000224,0.027505,-0.299962,0.18993,603
2217,B000TBW0NA,1.398215,0.000536,0.030899,-0.28469,0.192496,222
2218,B000TBXWNW,1.300922,0.000475,0.02875,-0.287904,0.216257,401
2219,B000TBZ8YS,1.190377,0.000785,0.026299,-0.321794,0.269692,1039
2220,B000TBZHNK,1.393498,-1e-06,0.0308,-0.269037,0.203711,220
2221,B000TBZJOM,1.337241,0.000485,0.029552,-0.281031,0.152797,166
2222,B000TCIGBO,1.334206,0.000291,0.029488,-0.287855,0.23057,349
2223,B000TD2QXC,1.326591,0.000674,0.029313,-0.321182,0.18388,312
2224,B000TD4QYY,1.260124,-1.6e-05,0.027852,-0.253351,0.217898,1061
2225,B000TD5KR6,1.21989,0.00056,0.026957,-0.291164,0.25287,771
2226,B000TDBJHQ,1.414839,0.000177,0.031271,-0.33685,0.244237,632
2227,B000TDFA3K,1.377049,7.9e-05,0.030436,-0.321843,0.234582,620
2228,B000TDFJZY,1.450316,0.000285,0.032054,-0.367746,0.227217,447
2229,B000TDG2PU,1.3906,0.000187,0.030735,-0.317873,0.23761,628
2230,B000TF70J0,1.202469,-0.000267,0.026576,-0.286097,0.243661,1392
2231,B000TFADXA,1.084222,0.000612,0.023956,-0.271443,0.207352,517
2232,B000TFJHZ0,1.335698,0.00021,0.029522,-0.284563,0.207855,364
2233,B000TFPGP0,1.397024,-3.7e-05,0.030878,-0.291703,0.173545,171
2234,B000TFQH5I,1.217466,-0.000118,0.026909,-0.254248,0.230324,672
2235,B000TG850M,1.322166,0.000339,0.029221,-0.277633,0.198423,239
2236,B000TGCJWC,1.374434,0.000567,0.030373,-0.302944,0.238383,406
2237,B000TGEJT8,1.388599,0.000315,0.03069,-0.297355,0.244543,286
2238,B000THCPDO,1.162916,0.000383,0.0257,-0.217916,0.216765,319
2239,B000THCTOO,1.270212,-2.7e-05,0.028075,-0.285871,0.2537,838
2240,B000TK99NU,1.394134,-0.000256,0.030813,-0.315608,0.216865,331
2241,B000TKB1IQ,1.385025,0.00022,0.030612,-0.303155,0.248795,346
2242,B000TKH6FI,1.300813,0.000366,0.028749,-0.281234,0.214689,387
2243,B000TKH6G2,1.532164,-0.000646,0.033858,-0.356198,0.23131,381
2244,B000TMM2PU,1.278025,0.000308,0.028246,-0.281783,0.188215,501
2245,B000TNOUA4,1.456051,0.000951,0.032168,-0.288133,0.233842,327
2246,B000TNQVJC,1.390518,0.000834,0.030723,-0.286775,0.21919,350
2247,B000TNQVPG,1.377958,0.000927,0.030442,-0.301894,0.239598,380
2248,B000TSZ1KW,1.186732,0.000576,0.026223,-0.24048,0.29067,619
2249,B000TTHUDW,1.601793,0.000195,0.035403,-0.377192,0.312407,454
2250,B000TTPZQ6,1.096636,0.000316,0.024236,-0.23563,0.175242,513
2251,B000TUB4BU,1.197118,0.000485,0.026455,-0.271482,0.262052,1250
2252,B000TUC9AA,1.344889,0.000615,0.029719,-0.218522,0.142898,120
2253,B000TUFLIC,1.345524,0.000466,0.029736,-0.277105,0.16348,165
2254,B000TUQWDA,1.366425,-3.2e-05,0.030201,-0.33128,0.200974,353
2255,B000TUUGAK,1.251028,-0.000135,0.02765,-0.233919,0.226661,340
2256,B000TW2JQC,1.189907,5.4e-05,0.0263,-0.257727,0.227303,1161
2257,B000TXIQJU,1.414281,0.000182,0.031259,-0.315848,0.284023,451
2258,B000TYGI3U,1.19257,0.000131,0.026358,-0.239263,0.231751,586
2259,B000TYTRQK,1.370608,-0.000177,0.030293,-0.25492,0.181259,218
2260,B000TZJVBK,1.274595,0.000285,0.02817,-0.277293,0.240478,1370
2261,B000TZWCG6,1.420735,-3.2e-05,0.031402,-0.315256,0.247339,366
2262,B000TZWZHM,1.326739,0.000177,0.029324,-0.300872,0.208175,382
2263,B000TZZG8C,1.506691,0.000697,0.033294,-0.308818,0.266895,264
2264,B000U01WJ8,1.387459,0.000612,0.03066,-0.30455,0.228605,363
2265,B000U0C65C,1.33485,6.3e-05,0.029503,-0.303984,0.27693,1856
2266,B000U0CA0I,1.394518,5.2e-05,0.030822,-0.333937,0.21334,331
2267,B000U0CAYY,1.372712,-0.000183,0.03034,-0.324326,0.276008,786
2268,B000U0DWIM,1.230659,0.000241,0.0272,-0.276693,0.242981,851
2269,B000U0F9GA,1.278064,0.00058,0.028242,-0.27473,0.205405,473
2270,B000U0XGME,1.282381,0.000906,0.028329,-0.240175,0.262196,780
2271,B000U26ZZM,1.42849,-7.5e-05,0.031573,-0.342349,0.232919,547
2272,B000U2AQNY,1.306153,4.8e-05,0.028869,-0.278047,0.252914,712
2273,B000U2AUDK,1.332251,-0.00017,0.029446,-0.306311,0.227312,511
2274,B000U4WNC4,1.195992,-0.00028,0.026433,-0.268023,0.151069,221
2275,B000U52T9K,1.27937,0.000477,0.028273,-0.266402,0.173998,321
2276,B000U54QIC,1.412165,-7.9e-05,0.031212,-0.300693,0.216291,354
2277,B000U5O650,1.245044,0.000856,0.027505,-0.244952,0.238012,557
2278,B000U6PW7K,1.33527,-8.1e-05,0.029513,-0.276998,0.173082,159
2279,B000UBN5S8,1.210681,0.000345,0.026757,-0.269348,0.211515,652
2280,B000UEAARO,1.240622,2.8e-05,0.027421,-0.27068,0.239695,818
2281,B000UF5TQK,1.368138,-1.7e-05,0.030239,-0.29968,0.236554,394
2282,B000UGUB1W,1.448759,0.000539,0.032017,-0.366892,0.199584,340
2283,B000UGVVHK,1.419489,0.000742,0.031365,-0.322217,0.276618,369
2284,B000UJ246Y,1.446706,0.000117,0.031976,-0.356986,0.26908,748
2285,B000UJTRT6,1.33394,0.00056,0.029478,-0.27555,0.251775,364
2286,B000UJZWL8,1.263852,0.000822,0.027922,-0.247012,0.212481,246
2287,B000ULJN9S,1.270222,-0.000713,0.028066,-0.210872,0.16278,249
2288,B000ULLKMG,1.380514,-4.8e-05,0.030513,-0.307469,0.198783,339
2289,B000ULRBSI,1.196862,0.000433,0.02645,-0.267343,0.233262,741
2290,B000ULRD1S,1.251389,0.000615,0.027652,-0.271934,0.22741,730
2291,B000ULRDJU,1.259364,-7.9e-05,0.027835,-0.292804,0.240735,649
2292,B000UM2KCY,1.803667,0.001347,0.039843,-0.308835,0.188443,77
2293,B000UO3GGQ,1.367343,0.000156,0.030221,-0.264751,0.255957,365
2294,B000UO9POI,1.317832,-1.2e-05,0.029127,-0.308109,0.211421,391
2295,B000UOKXTY,1.224076,0.000527,0.02705,-0.263854,0.255216,615
2296,B000UPEF88,1.634581,-0.000325,0.036127,-0.303253,0.199978,105
2297,B000UPOBRI,1.612526,-0.000493,0.035637,-0.318271,0.170134,145
2298,B000UPRSKA,1.29459,0.000192,0.028613,-0.286545,0.210032,302
2299,B000UPXU2A,1.325362,-0.000382,0.029291,-0.346098,0.189266,2260
2300,B000UQDR5E,1.365112,0.000661,0.030165,-0.185658,0.147061,129
2301,B000UR90OK,1.288816,0.000662,0.028478,-0.255086,0.222635,371
2302,B000URD53C,1.686154,4.4e-05,0.037268,-0.377158,0.229366,262
2303,B000URKWQU,1.326142,0.000145,0.029311,-0.263073,0.272825,618
2304,B000URVDIQ,1.402245,0.000827,0.030982,-0.317371,0.258199,346
2305,B000URVDJU,1.35681,0.000592,0.029983,-0.320481,0.244055,321
2306,B000URVDKY,1.402818,0.001084,0.030987,-0.269089,0.215713,181
2307,B000URVDRW,1.218066,8.9e-05,0.026922,-0.245458,0.241566,821
2308,B000URYTOQ,1.434745,0.001206,0.031688,-0.321719,0.223921,185
2309,B000US0804,1.460184,0.001026,0.032257,-0.329189,0.223225,202
2310,B000US084U,1.224177,0.000416,0.027054,-0.23686,0.28952,1067
2311,B000US2564,1.488584,0.00081,0.032891,-0.342909,0.188388,214
2312,B000UUNY0I,1.305773,2.7e-05,0.028861,-0.304318,0.257998,612
2313,B000UUO5VA,1.454908,0.000163,0.032157,-0.272789,0.201504,181
2314,B000UUX048,1.336841,-0.000378,0.029545,-0.290634,0.18382,182
2315,B000UV3HW2,1.308927,0.000312,0.028929,-0.299024,0.221007,282
2316,B000UVWGGA,1.560682,0.000251,0.034494,-0.304376,0.239018,133
2317,B000UVZLHQ,1.299621,-0.000526,0.02872,-0.26735,0.205557,295
2318,B000UVZU1S,1.534377,6.6e-05,0.033913,-0.301213,0.212974,143
2319,B000UW3XCA,1.28517,0.0009,0.028391,-0.246333,0.248413,353
2320,B000UWDF0A,1.641267,0.000725,0.036269,-0.30477,0.202492,104
2321,B000UWH3SU,1.514078,0.001287,0.03344,-0.269285,0.164614,148
2322,B000UXX2D4,1.325826,0.000602,0.029298,-0.267836,0.215539,223
2323,B000UYIKM6,1.393948,-1.2e-05,0.03081,-0.357467,0.183999,329
2324,B000V04ZLE,1.549568,0.000317,0.034248,-0.301328,0.196813,128
2325,B000V09TVK,1.306276,0.000204,0.028871,-0.270884,0.224121,1262
2326,B000V10N7I,1.303086,-0.000248,0.0288,-0.32969,0.207735,671
2327,B000V193RE,1.3357,0.000183,0.029522,-0.278807,0.181372,186
2328,B000V193RY,1.494654,0.000353,0.033034,-0.344617,0.23015,209
2329,B000V1BDIG,1.078841,-0.000208,0.023844,-0.241639,0.202937,3283
2330,B000V1DJBA,1.154227,0.000171,0.025511,-0.239854,0.230341,655
2331,B000V1EM34,1.448972,0.000168,0.032025,-0.297229,0.238434,182
2332,B000V1QLEM,1.302708,0.000622,0.028786,-0.276365,0.274305,659
2333,B000V1ZGR0,1.310824,0.00084,0.02896,-0.272726,0.274696,485
2334,B000V26BQY,1.268954,-0.000199,0.028046,-0.260476,0.261073,736
2335,B000V2ACHI,1.291248,0.000119,0.02854,-0.32467,0.287213,1572
2336,B000V2DLJO,1.279941,-7.2e-05,0.02829,-0.353032,0.197829,2358
2337,B000V2F6BU,1.337786,0.000646,0.029561,-0.290701,0.194075,307
2338,B000V2F9RQ,1.433964,-0.000172,0.031694,-0.322205,0.259532,502
2339,B000V2FB88,1.529435,-0.00015,0.033804,-0.386822,0.278541,473
2340,B000V2J3ZA,1.483792,0.000224,0.032795,-0.323686,0.235236,339
2341,B000V2J3ZK,1.3426,0.000216,0.029674,-0.341072,0.235141,2531
2342,B000V2OZ6M,1.183456,0.000769,0.026146,-0.289565,0.250862,841
2343,B000V2R3Y8,1.435907,0.001122,0.031717,-0.239719,0.215329,209
2344,B000V321BM,1.512937,0.000704,0.033432,-0.265444,0.188065,89
2345,B000V33OGS,1.617468,0.000707,0.035743,-0.303876,0.189119,116
2346,B000V36SZW,1.365062,0.001024,0.030154,-0.25585,0.248448,356
2347,B000V3MRTI,1.493431,-0.000453,0.033005,-0.338236,0.210949,145
2348,B000V3RZ04,1.41851,-0.000301,0.031351,-0.281834,0.157687,123
2349,B000V4PL22,1.21872,0.00038,0.026934,-0.274728,0.314191,925
2350,B000V500YU,1.539946,0.000683,0.03403,-0.393652,0.33126,538
2351,B000V58ANS,1.255672,0.000857,0.02774,-0.273114,0.295822,686
2352,B000V5BXNM,1.416638,0.000977,0.031296,-0.26722,0.205333,262
2353,B000V5BXO6,1.388436,0.000973,0.030672,-0.243725,0.186283,262
2354,B000V6DMUS,1.288868,0.00084,0.028475,-0.298504,0.298284,586
2355,B000V70MWS,1.197209,0.000306,0.02646,-0.270069,0.264244,838
2356,B000V89GTC,1.372476,-2e-05,0.030335,-0.2644,0.22005,428
2357,B000V8BL18,1.348806,0.000492,0.029808,-0.294964,0.283483,556
2358,B000V8I38M,1.566963,0.000433,0.034631,-0.337453,0.227575,192
2359,B000V8MTIC,1.511246,-0.000326,0.033401,-0.357133,0.237954,242
2360,B000V96R1G,1.255444,-0.00011,0.027748,-0.249985,0.195935,325
2361,B000V99VPA,1.195407,-0.000328,0.026419,-0.250317,0.239014,559
2362,B000V9M8B4,1.277632,-0.000111,0.028239,-0.268657,0.198799,273
2363,B000V9RRD8,1.472963,-0.000488,0.032552,-0.280912,0.158162,111
2364,B000VAHAQ6,1.315732,4.7e-05,0.029081,-0.322038,0.19872,306
2365,B000VB9YEQ,1.199796,0.000508,0.026514,-0.234178,0.230847,515
2366,B000VBDWQC,1.426975,0.000951,0.031525,-0.296575,0.202088,280
2367,B000VBH8MQ,1.38407,0.000834,0.03058,-0.267281,0.235881,374
2368,B000VCN6KI,1.389258,0.00074,0.030697,-0.238053,0.170752,103
2369,B000VD1UM8,1.412673,0.000221,0.031223,-0.30687,0.229866,333
2370,B000VD8TMW,1.612284,0.000467,0.035632,-0.299563,0.193355,121
2371,B000VDAFHE,1.462051,0.00039,0.032313,-0.296098,0.236696,304
2372,B000VDFKLK,1.497433,0.000285,0.033096,-0.306033,0.248788,307
2373,B000VDUOFM,1.28022,0.000638,0.028289,-0.279182,0.20581,512
2374,B000VDYXT0,1.390545,0.000822,0.030724,-0.260088,0.223494,264
2375,B000VEG964,1.29393,0.000154,0.028599,-0.316236,0.279789,855
2376,B000VEMWB0,1.307954,0.000131,0.028909,-0.293417,0.257369,614
2377,B000VEN3RW,1.463027,9.3e-05,0.032336,-0.312323,0.202009,290
2378,B000VEPHYY,1.331729,0.00059,0.029429,-0.191922,0.186012,162
2379,B000VEQLHQ,1.297809,0.000489,0.028681,-0.319859,0.207588,431
2380,B000VEWF2Q,1.311332,0.00019,0.028983,-0.333848,0.176588,241
2381,B000VF023E,1.339336,-6.3e-05,0.029603,-0.316564,0.243196,536
2382,B000VF5WVG,1.25257,-8.1e-05,0.027685,-0.269311,0.184487,295
2383,B000VFUS0Q,1.399088,6.1e-05,0.030923,-0.298646,0.249856,496
2384,B000VHA9YO,1.244787,-5.6e-05,0.027513,-0.255044,0.256436,557
2385,B000VHAA84,1.33225,-8.3e-05,0.029446,-0.288485,0.177676,209
2386,B000VHH6S6,1.254206,-5.9e-05,0.027721,-0.264688,0.196564,346
2387,B000VHH712,1.18112,-0.000111,0.026105,-0.253435,0.229191,676
2388,B000VHH71W,1.162376,-0.000501,0.025687,-0.250954,0.252965,1191
2389,B000VHTU80,1.207678,0.000501,0.026688,-0.179065,0.128778,109
2390,B000VI1186,1.34421,0.000595,0.029704,-0.25699,0.176449,345
2391,B000VICKKO,1.403929,-1.9e-05,0.03103,-0.349704,0.230235,258
2392,B000VJ7PC6,1.302802,0.000755,0.028785,-0.268627,0.21283,296
2393,B000VJRCNI,1.301872,0.000518,0.02877,-0.216588,0.139009,113
2394,B000VL292A,1.332986,0.000163,0.029462,-0.327295,0.220369,393
2395,B000VLH8W6,1.332097,-5.8e-05,0.029443,-0.303692,0.233446,306
2396,B000VNIZGM,1.34716,0.000303,0.029774,-0.239057,0.156564,211
2397,B000VOHH56,1.230246,0.000485,0.027187,-0.30074,0.261931,616
2398,B000VOHR88,1.247376,0.000197,0.027569,-0.295532,0.241152,592
2399,B000VOJ9BG,1.053237,0.000439,0.023275,-0.251946,0.219899,729
2400,B000VOJB50,1.235796,0.000626,0.027307,-0.301483,0.252161,620
2401,B000VOJHE0,1.276317,0.000416,0.028207,-0.303217,0.265197,619
2402,B000VOLCO8,1.067896,0.000408,0.0236,-0.267639,0.194747,762
2403,B000VOLCPC,1.176614,0.000143,0.026006,-0.276359,0.229505,598
2404,B000VOLJGO,1.090344,0.000562,0.024093,-0.276036,0.212877,742
2405,B000VOLKWW,1.306761,0.001039,0.028864,-0.270257,0.212206,266
2406,B000VOLNLA,1.457265,0.000999,0.032194,-0.24733,0.169716,131
2407,B000VOMZOY,1.082022,0.000447,0.023911,-0.24958,0.18825,763
2408,B000VON4NK,1.187377,0.000461,0.02624,-0.309796,0.23068,650
2409,B000VON5F2,1.172328,0.000769,0.0259,-0.274724,0.230377,831
2410,B000VON818,1.291296,0.000856,0.028528,-0.276709,0.210858,291
2411,B000VONB56,1.280384,0.000191,0.028299,-0.289884,0.242241,618
2412,B000VOP79O,1.150025,0.000116,0.025418,-0.264946,0.221766,601
2413,B000VOP7YO,1.242442,0.000525,0.027456,-0.305387,0.26606,644
2414,B000VOPALY,1.17992,0.00076,0.026068,-0.266758,0.247557,802
2415,B000VOPG0E,1.176568,0.001117,0.025981,-0.256834,0.213007,959
2416,B000VOPI4S,1.10774,0.000355,0.024481,-0.28155,0.199372,745
2417,B000VP9BWW,1.206863,-7.7e-05,0.026675,-0.294315,0.207353,658
2418,B000VPG5EE,1.283835,-0.000151,0.028376,-0.265234,0.193256,559
2419,B000VPPUEA,1.297802,0.000311,0.028683,-0.334018,0.236722,3707
2420,B000VQEQXA,1.213549,-7.9e-05,0.026822,-0.22185,0.24326,961
2421,B000VRRE2O,1.250586,0.00042,0.027638,-0.302635,0.27399,631
2422,B000VRTE9A,1.409003,-0.000234,0.031142,-0.304202,0.217293,256
2423,B000VS8VZM,1.425265,0.000696,0.031494,-0.324319,0.209627,338
2424,B000VSG1PO,1.305511,0.000799,0.028844,-0.290303,0.264215,638
2425,B000VSYD4K,1.227375,0.000545,0.027123,-0.253088,0.279387,664
2426,B000VSZDVW,1.224664,8e-05,0.027068,-0.267588,0.172273,730
2427,B000VT2GYS,1.445988,0.000635,0.031954,-0.315202,0.286239,394
2428,B000VT54QA,1.176398,0.000651,0.025993,-0.245214,0.270691,633
2429,B000VTQCIY,1.278537,0.000351,0.028257,-0.261314,0.165232,363
2430,B000VTRJMM,1.356822,-7.4e-05,0.029989,-0.225622,0.182324,135
2431,B000VTVA7M,1.281543,0.000395,0.028323,-0.275707,0.203722,275
2432,B000VTVD6A,1.402,0.000421,0.030985,-0.294588,0.209865,315
2433,B000VUKQ8K,1.392532,4e-06,0.030778,-0.342288,0.199279,299
2434,B000VUO8VG,1.301661,0.000181,0.028769,-0.276947,0.186763,290
2435,B000VUT39S,1.225411,0.000752,0.027074,-0.229674,0.276735,378
2436,B000VUT3O8,1.331159,2.6e-05,0.029422,-0.242846,0.209487,377
2437,B000VUV9QI,1.471716,0.000621,0.032523,-0.343537,0.275223,529
2438,B000VUX7JU,1.631243,0.000636,0.036049,-0.297592,0.198226,203
2439,B000VUYDJI,1.262819,0.000313,0.02791,-0.254738,0.202418,373
2440,B000VUYHSU,1.248668,0.000414,0.027596,-0.297692,0.249132,1133
2441,B000VUYSA2,1.197302,6.7e-05,0.026463,-0.249482,0.229319,827
2442,B000VUZVQM,1.341762,0.000284,0.029655,-0.270454,0.265338,450
2443,B000VV0JNQ,1.324289,0.000545,0.029265,-0.269259,0.190216,527
2444,B000VV1YOY,1.479401,0.000366,0.032696,-0.291702,0.224121,235
2445,B000VV1ZMU,1.342503,0.000754,0.029663,-0.22329,0.218816,294
2446,B000VV21U0,1.530057,-1e-05,0.033818,-0.357956,0.245136,183
2447,B000VVD6ZE,1.28913,-8.3e-05,0.028493,-0.262575,0.167423,217
2448,B000VW7P3W,1.283798,0.000353,0.028373,-0.257607,0.224715,314
2449,B000VWL9KC,1.138624,0.000618,0.025159,-0.289319,0.192447,486
2450,B000VWP156,1.359361,0.001025,0.030028,-0.288265,0.249578,444
2451,B000VWP3GS,1.51527,0.001404,0.033462,-0.307057,0.261716,292
2452,B000VWPQ9C,1.231852,0.000137,0.027227,-0.257479,0.225553,1332
2453,B000VWSER8,1.321398,0.001009,0.029189,-0.256617,0.257169,358
2454,B000VWSKJU,1.347994,0.000145,0.029794,-0.231955,0.171505,156
2455,B000VXPAPQ,1.410936,0.000321,0.031184,-0.343997,0.227255,471
2456,B000VXUUR4,1.327785,7.6e-05,0.029347,-0.263769,0.207697,331
2457,B000VXVEGA,1.365351,0.000312,0.030176,-0.289752,0.242042,515
2458,B000VY2ZAI,1.393946,0.000163,0.030809,-0.310943,0.208838,258
2459,B000VYHG9S,1.164012,-3e-06,0.025728,-0.228381,0.228367,714
2460,B000VYIH3M,1.443672,0.000576,0.031904,-0.311039,0.235242,446
2461,B000VZ9UFU,1.357351,0.000642,0.029994,-0.283559,0.27243,411
2462,B000VZ9UI2,1.329388,0.000378,0.02938,-0.30262,0.239061,448
2463,B000VZDWB8,1.29802,0.000175,0.028689,-0.215946,0.207914,206
2464,B000VZS3VW,1.252368,0.000296,0.027679,-0.169409,0.13791,158
2465,B000W0C07Y,1.517664,0.001359,0.033517,-0.258636,0.184201,131
2466,B000W0HA7Y,1.289381,-0.000282,0.028497,-0.266033,0.221224,677
2467,B000W0YAOA,1.511515,0.000778,0.033399,-0.274581,0.208467,180
2468,B000W303SE,1.406908,-0.000134,0.031096,-0.259936,0.166597,139
2469,B000W30P46,1.411119,0.00029,0.031188,-0.28933,0.177085,217
2470,B000W30RP8,1.564508,-7e-06,0.03458,-0.272589,0.176232,94
2471,B000W3QDJ2,1.437984,0.000113,0.031783,-0.313128,0.265776,413
2472,B000W3T4O8,1.371629,4.2e-05,0.030316,-0.30058,0.205396,367
2473,B000W3VABS,1.262489,0.00033,0.027902,-0.312162,0.254479,473
2474,B000W3WP1W,1.404815,0.000501,0.031046,-0.255882,0.179625,140
2475,B000W7EZJS,1.308484,0.000133,0.02892,-0.289903,0.199542,267
2476,B000W7PKU6,1.330165,0.000278,0.029399,-0.296909,0.301591,942
2477,B000W7W1QC,1.517981,5e-06,0.033551,-0.304579,0.168287,99
2478,B000W8JZII,1.412289,0.000212,0.031214,-0.363989,0.252295,577
2479,B000W96VLQ,1.288529,0.000105,0.028479,-0.23509,0.172921,264
2480,B000W9WZ34,1.368948,0.000882,0.030244,-0.280511,0.200548,310
2481,B000WBBHXG,1.547252,0.001324,0.034172,-0.284292,0.20342,142
2482,B000WBBK7Y,1.363485,0.000485,0.030132,-0.276407,0.204025,281
2483,B000WBLYQG,1.345852,0.000247,0.029746,-0.283345,0.246102,368
2484,B000WBO3W8,1.2703,0.000348,0.028075,-0.268591,0.193558,331
2485,B000WDWDYQ,1.43784,0.000544,0.031775,-0.263207,0.179847,175
2486,B000WE1PP8,1.456446,0.001037,0.032174,-0.350654,0.271261,415
2487,B000WE67MO,1.216574,0.000253,0.026888,-0.24173,0.23169,697
2488,B000WHWIWO,1.51507,0.000304,0.033485,-0.246596,0.192077,124
2489,B000WHXL98,1.430915,0.000154,0.031626,-0.336566,0.216157,335
2490,B000WHYB1A,1.454581,0.000105,0.03215,-0.240886,0.160631,126
2491,B000WHYCGE,1.34457,9.9e-05,0.029718,-0.279533,0.183788,162
2492,B000WI0640,1.258641,-0.000192,0.027818,-0.256592,0.18094,311
2493,B000WIHR92,1.341446,-0.00011,0.029649,-0.312726,0.209864,318
2494,B000WJ4DYS,1.462602,0.000194,0.032327,-0.314215,0.204068,136
2495,B000WJ5XNI,1.2963,0.000489,0.028647,-0.274384,0.167846,196
2496,B000WM2V9O,1.381564,0.000911,0.030522,-0.301594,0.278341,472
2497,B000WMHKD6,1.352158,0.00023,0.029885,-0.32843,0.215256,312
2498,B000WMIOJK,1.444877,-6.4e-05,0.031935,-0.272413,0.210106,163
2499,B000WN593I,1.578913,0.000708,0.034891,-0.282561,0.178805,95
2500,B000WNLFBI,1.342172,0.0002,0.029665,-0.287596,0.248124,489
2501,B000WNLH66,1.465125,0.000383,0.032381,-0.307897,0.312206,427
2502,B000WOU3I8,1.437036,0.000718,0.031754,-0.330674,0.23219,408
2503,B000WQ7TAG,1.433469,3.2e-05,0.031683,-0.351423,0.215369,278
2504,B000WQU5IE,1.177187,0.000466,0.026015,-0.266685,0.245335,1137
2505,B000WTHKVQ,1.29886,0.000802,0.028697,-0.271439,0.228256,406
2506,B000WU38QQ,1.284599,0.000156,0.028392,-0.363712,0.221911,1082
2507,B000WUCJNY,1.645333,0.000124,0.036366,-0.461469,0.390671,861
2508,B000WUD83E,1.2322,-0.000154,0.027234,-0.286866,0.244224,1079
2509,B000WXZE1K,1.336244,0.000714,0.029526,-0.300344,0.30428,990
2510,B000WY3AJW,1.323012,0.00039,0.029239,-0.321739,0.336854,908
2511,B000WY3AQA,1.171013,0.000302,0.025881,-0.247906,0.278783,903
2512,B000WYZ9Q4,1.299329,0.000602,0.028712,-0.276359,0.240436,369
2513,B000WZ6P34,1.3178,-0.000309,0.029125,-0.287774,0.217217,295
2514,B000WZL1ZQ,1.185659,0.000222,0.026205,-0.285881,0.230937,619
2515,B000WZPE5O,1.163888,6.6e-05,0.025725,-0.274522,0.237217,600
2516,B000WZR1R8,1.163894,0.00052,0.02572,-0.26705,0.246786,650
2517,B000WZRBOQ,1.072178,0.000361,0.023695,-0.256517,0.210598,748
2518,B000WZSWZ8,1.337009,0.000461,0.029548,-0.337081,0.293171,612
2519,B000X040QW,1.40707,0.000176,0.031099,-0.311939,0.303933,408
2520,B000X1HNUG,1.254913,-7.4e-05,0.027737,-0.278975,0.206967,720
2521,B000X1LOJM,1.300032,-0.000106,0.028734,-0.309022,0.241381,1109
2522,B000X1M8VK,1.176005,-0.00018,0.025992,-0.235234,0.219822,624
2523,B000X1YING,1.232912,0.000349,0.027248,-0.2354,0.152626,227
2524,B000X1YIOU,1.316807,0.000158,0.029104,-0.259185,0.191574,229
2525,B000X20Y4C,1.327793,0.000437,0.029344,-0.287536,0.157439,248
2526,B000X25L40,1.18447,5.3e-05,0.02618,-0.256339,0.20283,376
2527,B000X2DMEG,1.42657,0.00072,0.031523,-0.289923,0.229869,218
2528,B000X2FPUU,1.376711,9.1e-05,0.030429,-0.284407,0.208858,283
2529,B000X2FPXC,1.34403,0.000406,0.029704,-0.298801,0.25573,1109
2530,B000X2H6R0,1.386696,6.1e-05,0.030649,-0.307644,0.223366,266
2531,B000X2STQ2,1.258382,7.7e-05,0.027813,-0.359552,0.239915,1858
2532,B000X315P8,1.381618,0.000162,0.030537,-0.320952,0.222397,306
2533,B000X81832,1.347511,-0.00013,0.029783,-0.320122,0.294079,617
2534,B000X8H61U,1.24872,0.000202,0.027599,-0.260121,0.211364,418
2535,B000X9WXSU,1.253203,0.000184,0.027698,-0.25177,0.195507,1240
2536,B000XCS9U8,1.285436,0.000242,0.02841,-0.228619,0.21674,266
2537,B000XE1TUI,1.310381,0.001279,0.028934,-0.265059,0.206829,314
2538,B000XE1ZI4,1.567361,-1e-05,0.034643,-0.332375,0.274982,273
2539,B000XE247K,1.373148,0.001003,0.030333,-0.284396,0.184279,200
2540,B000XE5260,1.16912,0.000494,0.025836,-0.250352,0.228012,714
2541,B000XE5TSG,1.355148,0.001044,0.029934,-0.270384,0.224064,384
2542,B000XE6336,1.314548,0.001081,0.029035,-0.25993,0.233577,315
2543,B000XE67WI,1.174984,0.000763,0.025959,-0.237719,0.24674,713
2544,B000XE87IA,1.532786,0.001164,0.033858,-0.343906,0.273297,365
2545,B000XE906S,1.291368,0.00098,0.028526,-0.303171,0.236141,606
2546,B000XE961C,1.364389,0.000917,0.030142,-0.278583,0.23072,322
2547,B000XFFW64,1.606247,0.000529,0.035498,-0.361987,0.258818,428
2548,B000XFPLFQ,1.247192,0.000313,0.027564,-0.247335,0.235941,772
2549,B000XFSUWW,1.284272,0.000923,0.028371,-0.323639,0.264695,848
2550,B000XFWO10,1.38395,0.000825,0.030578,-0.262057,0.264822,421
2551,B000XGA8U8,1.244282,-5.1e-05,0.027502,-0.283734,0.184493,428
2552,B000XJ0PG2,1.33733,-3.3e-05,0.029558,-0.222821,0.17692,153
2553,B000XJ92E8,1.343339,0.000259,0.02969,-0.273683,0.2553,454
2554,B000XPC8MA,1.392819,-3e-05,0.030785,-0.314479,0.259806,477
2555,B000XQWH0M,1.414311,-0.000295,0.031258,-0.301889,0.225885,161
2556,B000XSBTM2,1.721508,0.000927,0.038038,-0.274848,0.258314,135
2557,B000XSF1X0,1.424137,0.000629,0.031471,-0.292517,0.209615,324
2558,B000XSPQ62,1.486831,0.000484,0.032859,-0.369627,0.205235,213
2559,B000XT89S8,1.194573,0.000437,0.026399,-0.254999,0.223161,354
2560,B000XTAA08,1.466961,0.000632,0.032417,-0.319119,0.298589,428
2561,B000XTBEY4,1.327591,4.4e-05,0.029343,-0.334956,0.228292,628
2562,B000XTCFME,1.344588,0.000446,0.029715,-0.312215,0.18901,357
2563,B000XTCFOC,1.226636,0.000195,0.027111,-0.278716,0.193836,334
2564,B000XTD226,1.367934,-1.7e-05,0.030235,-0.316814,0.250221,586
2565,B000XTDYJW,1.440899,0.000399,0.031845,-0.256084,0.17535,144
2566,B000XTFP0I,1.295329,0.000391,0.028627,-0.297252,0.19124,305
2567,B000XU49MW,1.237558,0.00066,0.027345,-0.233465,0.195374,268
2568,B000XU49RW,1.274895,0.000907,0.028164,-0.233476,0.209573,246
2569,B000XVDNCI,1.275578,0.000564,0.028188,-0.256188,0.290593,683
2570,B000XVEZFC,1.410672,0.000392,0.031177,-0.281102,0.24878,368
2571,B000XY9LT4,1.590546,0.00048,0.035152,-0.284866,0.181754,102
2572,B000XYD7CG,1.203707,0.000402,0.026602,-0.230497,0.264126,515
2573,B000XYPNMS,1.164106,0.000148,0.025729,-0.263974,0.249678,597
2574,B000XZKVHE,1.200624,0.000328,0.026535,-0.21872,0.234452,616
2575,B000XZSVQC,1.404718,0.000813,0.031037,-0.292476,0.257071,332
2576,B000Y038CS,1.372114,0.000304,0.030326,-0.271135,0.191509,199
2577,B000Y144SE,1.284455,-9.5e-05,0.028389,-0.2568,0.234727,1102
2578,B000Y18UKM,1.459169,-0.000164,0.032251,-0.335878,0.265944,1131
2579,B000Y1JT8E,1.413719,-0.000299,0.031245,-0.306181,0.221468,324
2580,B000Y4357C,1.4713,0.001053,0.032502,-0.227979,0.172476,123
2581,B000Y8GF2K,1.666234,0.0007,0.036821,-0.294199,0.215564,93
2582,B000Y8X0LE,1.371098,0.00035,0.030303,-0.351428,0.227268,2050
2583,B000YA3HVK,1.298894,0.000986,0.028692,-0.259012,0.20098,300
2584,B000YB1XRO,1.203128,0.00033,0.02659,-0.248863,0.154344,210
2585,B000YB3NL8,1.241202,-0.000219,0.027433,-0.238835,0.176934,297
2586,B000YB6TIM,1.38569,0.000189,0.030627,-0.2617,0.170145,229
2587,B000YB70PS,1.348975,0.000322,0.029814,-0.234262,0.160497,233
2588,B000YBNL2Y,1.477017,0.001071,0.032628,-0.315208,0.169757,193
2589,B000YBV4GY,1.39216,0.000343,0.030768,-0.31315,0.216678,503
2590,B000YBZIAC,1.405425,0.000126,0.031063,-0.291686,0.204947,187
2591,B000YC3VHS,1.380708,-5.5e-05,0.030517,-0.278696,0.183338,208
2592,B000YC718S,1.258062,0.000535,0.027801,-0.313341,0.181209,947
2593,B000YD6B8S,1.52221,-0.00044,0.033642,-0.395767,0.21994,268
2594,B000YDF6CA,1.403827,0.000692,0.03102,-0.307571,0.246444,367
2595,B000YDJGVC,1.411794,0.000172,0.031204,-0.283206,0.253556,535
2596,B000YDL2XM,1.443428,0.000576,0.031898,-0.33153,0.238956,432
2597,B000YDL5SE,1.215841,0.00053,0.026868,-0.284812,0.233474,615
2598,B000YG82HI,1.280064,0.000211,0.028292,-0.255163,0.22391,1107
2599,B000YHLOC2,1.273628,0.000777,0.02814,-0.266249,0.23468,351
2600,B000YHQLRK,1.520539,0.001093,0.03359,-0.281887,0.199647,198
2601,B000YHUVXK,1.344317,0.000953,0.029697,-0.333957,0.338602,988
2602,B000YII6HM,1.251025,-0.000363,0.027648,-0.257077,0.235124,1019
2603,B000YIVSMW,1.307718,4.6e-05,0.028904,-0.274482,0.223497,1135
2604,B000YJ2SKM,1.342661,0.000117,0.029676,-0.281752,0.231011,360
2605,B000YJ2SLG,1.363052,0.000375,0.030125,-0.308845,0.245355,528
2606,B000YL8NOK,1.400454,0.000661,0.030946,-0.287647,0.297769,599
2607,B000YLFHPS,1.32189,0.000184,0.029216,-0.320405,0.196215,273
2608,B000YOFQII,1.409473,-0.000252,0.031152,-0.349424,0.22579,370
2609,B000YP66WC,1.296118,0.000588,0.028641,-0.293575,0.207253,364
2610,B000YT4TYK,1.218021,0.000898,0.026906,-0.299628,0.21563,706
2611,B000YT5NIG,1.633174,-0.00053,0.036093,-0.340247,0.1934,96
2612,B000YTA4TO,1.208701,0.000472,0.026711,-0.25756,0.229293,379
2613,B000YTGT6Q,1.362806,-0.00019,0.030121,-0.328247,0.267853,510
2614,B000YZ4MSC,1.405667,-4.2e-05,0.031069,-0.321971,0.263985,371
2615,B000YZGOZQ,1.429587,-0.000515,0.031593,-0.258985,0.188968,99
2616,B000YZGP4G,1.490761,0.000132,0.032949,-0.251255,0.262105,121
2617,B000YZGPKU,1.538696,-0.00027,0.034008,-0.293414,0.158793,138
2618,B000YZJMHS,1.565684,-8.2e-05,0.034605,-0.273562,0.262226,130
2619,B000YZLP4Q,1.456842,-1e-05,0.0322,-0.235723,0.231139,116
2620,B000YZM5P4,1.353025,0.000272,0.029904,-0.289897,0.221308,292
2621,B000Z43P80,1.385036,0.000998,0.030596,-0.295114,0.251101,365
2622,B000Z4NDLO,1.387642,0.000401,0.030668,-0.270161,0.196083,324
2623,B000Z4NV66,1.376088,0.000158,0.030415,-0.282044,0.238978,335
2624,B000Z4SIBY,1.352435,0.000626,0.029886,-0.26601,0.189153,282
2625,B000Z4U52O,1.494537,6.2e-05,0.033033,-0.315886,0.231511,283
2626,B000Z605H2,1.298465,0.000163,0.028699,-0.281104,0.202512,323
2627,B000Z61PEY,1.351236,0.001045,0.029847,-0.267575,0.241451,328
2628,B000Z61SKU,1.32854,0.000516,0.029359,-0.254771,0.267204,499
2629,B000Z61TX6,1.203685,0.000337,0.026602,-0.233175,0.214629,895
2630,B000Z63V96,1.384587,0.000393,0.0306,-0.327271,0.222526,473
2631,B000Z63YFM,1.385953,0.00022,0.030632,-0.3327,0.263577,528
2632,B000Z657ZW,1.343735,0.000378,0.029697,-0.281718,0.214602,390
2633,B000Z65AA4,1.337325,0.000625,0.029552,-0.260928,0.224766,203
2634,B000Z65DZG,1.346251,2.4e-05,0.029755,-0.319454,0.2185,237
2635,B000Z8YTMW,1.408629,-0.000327,0.031132,-0.24951,0.159978,101
2636,B000Z91JAQ,1.109925,-7e-05,0.024532,-0.200042,0.185043,563
2637,B000Z96JDI,1.305318,0.000423,0.028848,-0.308496,0.251189,720
2638,B000ZECIDS,1.244066,-0.000347,0.027495,-0.269209,0.190765,1886
2639,B000ZFI2PA,1.230884,-5e-05,0.027206,-0.335774,0.269644,1081
2640,B000ZICQ36,1.215795,0.000342,0.02687,-0.273887,0.212083,537
2641,B000ZIK9LC,1.484899,0.000249,0.032819,-0.32185,0.287943,317
2642,B000ZJ2842,1.300918,0.00056,0.028748,-0.270624,0.279661,1457
2643,B000ZJJA0M,1.451643,-4e-06,0.032085,-0.337556,0.212689,234
2644,B000ZLNRAE,1.286267,0.000159,0.028429,-0.292663,0.184469,894
2645,B000ZLVUYO,1.530903,-0.000518,0.033833,-0.313808,0.259965,288
2646,B000ZM9BP8,1.301882,0.000641,0.028768,-0.2732,0.177508,313
2647,B000ZMBSPE,1.206532,-0.000671,0.026659,-0.316746,0.230374,1096
2648,B000ZMCNFI,1.308681,0.000773,0.028915,-0.273231,0.173077,318
2649,B000ZMEW66,1.262895,7.9e-05,0.027913,-0.246114,0.223249,1109
2650,B000ZOFUOC,1.249393,0.000488,0.02761,-0.286642,0.229557,495
2651,B000ZOHOQO,1.278622,-8e-05,0.028261,-0.263446,0.185324,297
2652,B000ZV0D9W,1.580164,0.000541,0.034921,-0.254353,0.201194,124
2653,B000ZV1W6K,1.539284,0.000961,0.034008,-0.3072,0.238102,215
2654,B000ZV1WJ2,1.503232,0.001033,0.033209,-0.279095,0.164448,114
2655,B000ZV3V46,1.449882,0.000443,0.032043,-0.24504,0.16316,151
2656,B000ZV3VJ6,1.491399,0.001318,0.032937,-0.247983,0.167813,140
2657,B000ZV5SLK,1.405351,0.000517,0.031057,-0.258595,0.162452,155
2658,B000ZV5SZ6,1.473046,0.001205,0.032536,-0.255504,0.17607,125
2659,B000ZZQMCK,1.267754,0.000341,0.028018,-0.272494,0.274307,1045
2660,B000ZZU97O,1.368758,-2e-05,0.030253,-0.256073,0.204903,189
2661,B00106AC06,1.521238,-0.000185,0.033623,-0.301744,0.17168,145
2662,B00107BB82,1.209032,0.000158,0.026722,-0.242057,0.222309,679
2663,B0010A9RYO,1.284966,0.000466,0.028397,-0.266397,0.280829,951
2664,B0010BBCFK,1.403646,-0.000194,0.031023,-0.308144,0.187929,241
2665,B0010ED5FC,1.352458,0.000649,0.029886,-0.300333,0.174761,479
2666,B0010EPQ36,1.283459,0.00095,0.028352,-0.341523,0.252304,869
2667,B0010ERASK,1.317424,0.00059,0.029112,-0.2913,0.252361,2093
2668,B0010H5NQ8,1.245031,-3.9e-05,0.027518,-0.243722,0.229171,501
2669,B0010H93A0,1.343173,-0.000294,0.029686,-0.31625,0.175111,386
2670,B0010JREC2,1.156613,8.3e-05,0.025564,-0.226008,0.230002,1182
2671,B0010K9NH0,1.477592,-0.00021,0.032658,-0.248185,0.156992,60
2672,B0010KR098,1.436752,-3.6e-05,0.031756,-0.322198,0.221699,448
2673,B0010LIYNS,1.486498,-4e-05,0.032855,-0.308235,0.255495,229
2674,B0010NRXYM,1.256122,2.1e-05,0.027763,-0.21478,0.232801,682
2675,B0010O3URU,1.283506,0.000967,0.028352,-0.240753,0.186894,294
2676,B0010P55I6,1.246285,0.001037,0.027526,-0.234379,0.225349,777
2677,B0010PXW5Y,1.339206,0.000192,0.029599,-0.336054,0.256543,1198
2678,B0010TEWD6,1.126022,0.000202,0.024887,-0.217808,0.223751,1177
2679,B0010V37DA,1.488026,0.000736,0.032881,-0.27621,0.176062,242
2680,B0010VLJ58,1.124245,0.000721,0.024838,-0.225098,0.25785,1133
2681,B0010XE0ZW,1.390018,0.001018,0.030706,-0.294148,0.257763,557
2682,B0010XIO86,1.382033,0.001071,0.030528,-0.284858,0.273308,583
2683,B0010XUU9M,1.335407,0.000318,0.029514,-0.287457,0.244397,2737
2684,B0010YXJ1C,1.323578,0.000412,0.029251,-0.29839,0.189017,226
2685,B00110DWCQ,1.442494,4.7e-05,0.031883,-0.293427,0.174104,145
2686,B00110Q8FO,1.3495,0.000653,0.02982,-0.335216,0.233318,779
2687,B001118AYU,1.415644,6.4e-05,0.031289,-0.3386,0.219774,420
2688,B00111FL3I,1.47001,0.000585,0.032486,-0.31698,0.240366,449
2689,B001126XI4,1.391758,0.000987,0.030745,-0.247294,0.186306,261
2690,B001126XOI,1.19031,0.000516,0.026304,-0.269456,0.214116,805
2691,B001126Y6A,1.474498,0.00026,0.032589,-0.297034,0.33677,422
2692,B0011292ZK,1.362742,0.000413,0.030117,-0.279863,0.262784,526
2693,B001129368,1.386304,0.000933,0.030627,-0.285966,0.188772,314
2694,B0011294I0,1.480472,0.001097,0.032704,-0.219609,0.185222,110
2695,B0011294XU,1.428697,0.000676,0.031571,-0.320233,0.280601,378
2696,B00112AFHO,1.497854,0.00075,0.033098,-0.261797,0.185006,115
2697,B00112AH36,1.395985,0.000495,0.030851,-0.278481,0.214274,283
2698,B00112AJ5C,1.362316,0.000668,0.030103,-0.306692,0.254705,342
2699,B00112AJCU,1.648913,0.000519,0.036441,-0.333542,0.219947,126
2700,B00112BT88,1.354862,0.000947,0.029931,-0.255535,0.181221,251
2701,B00112BUBO,1.587378,0.001015,0.03507,-0.275999,0.206554,89
2702,B00112BW5I,1.47066,0.000758,0.032496,-0.275766,0.18303,132
2703,B00112DRHY,1.146748,0.000429,0.025342,-0.268692,0.225834,967
2704,B00112DUFS,1.374649,0.000579,0.030378,-0.311831,0.220047,492
2705,B00112DX00,1.296033,0.000924,0.028631,-0.278009,0.198121,317
2706,B00112FLSC,1.444305,0.000643,0.031916,-0.305574,0.308352,494
2707,B00112TIE0,1.376989,-0.000104,0.030435,-0.331284,0.193331,292
2708,B00113HNB4,1.416653,0.000467,0.031308,-0.331467,0.239572,475
2709,B00113HO90,1.406678,-6.8e-05,0.031091,-0.306865,0.276675,437
2710,B00115RF7O,1.262515,0.000512,0.0279,-0.254181,0.22107,1113
2711,B00115TXRE,1.270925,0.000351,0.028088,-0.278542,0.161361,223
2712,B001169LHK,1.377312,0.000367,0.03044,-0.191586,0.164018,112
2713,B00117CH5M,1.455942,0.000257,0.032179,-0.240921,0.212987,234
2714,B00117F5PG,1.413541,0.000427,0.03124,-0.301983,0.165251,197
2715,B00117VR1M,1.540903,0.001495,0.034025,-0.225659,0.172885,131
2716,B00117YN2C,1.633487,0.000624,0.036099,-0.295402,0.194837,139
2717,B00117YN2M,1.46467,0.000273,0.032372,-0.246729,0.18311,144
2718,B001181W7K,1.455748,0.000353,0.032174,-0.22261,0.178728,107
2719,B001183N8G,1.625028,0.00064,0.035911,-0.300562,0.19589,129
2720,B001183N9K,1.497196,0.000309,0.03309,-0.254778,0.174587,145
2721,B001189I3A,1.221557,0.000706,0.02699,-0.282646,0.232953,624
2722,B00119MI4U,1.219585,0.000791,0.026944,-0.237863,0.225367,898
2723,B0011DGH0C,1.398953,0.000183,0.03092,-0.315953,0.290268,1251
2724,B0011DHA3A,1.355536,0.000393,0.029958,-0.313971,0.194553,363
2725,B0011DIXJU,1.359601,0.000312,0.030049,-0.300172,0.225283,337
2726,B0011DJICG,1.370242,0.001168,0.030263,-0.316591,0.351271,854
2727,B0011DKKGY,1.212841,0.000333,0.026805,-0.249752,0.205544,582
2728,B0011DL6R6,1.222728,0.001021,0.027006,-0.256102,0.29399,981
2729,B0011DL8T2,1.499828,0.000101,0.03315,-0.334718,0.206968,201
2730,B0011DMHZG,1.51407,0.000375,0.033463,-0.304451,0.199028,123
2731,B0011DNX9K,1.376262,0.000167,0.030418,-0.31943,0.252972,377
2732,B0011DQMHA,1.371679,0.000641,0.030311,-0.303658,0.21218,500
2733,B0011DS3CW,1.158019,0.000667,0.025586,-0.232881,0.233317,654
2734,B0011DUE9C,1.50547,0.000348,0.033273,-0.323503,0.20126,246
2735,B0011EN3FS,1.412213,0.000583,0.031208,-0.304025,0.203333,234
2736,B0011EO7WQ,1.481219,0.000289,0.032737,-0.332194,0.260886,394
2737,B0011FMDU8,1.302643,0.000466,0.028788,-0.304126,0.216531,423
2738,B0011FPIAK,1.317747,0.000299,0.029124,-0.313573,0.19442,541
2739,B0011MJSD6,1.530352,0.000234,0.033824,-0.276472,0.18763,104
2740,B0011N77IS,1.581804,0.000638,0.034956,-0.378412,0.339134,689
2741,B0011NR3EQ,1.416986,-0.000216,0.031318,-0.326067,0.213595,258
2742,B0011S49IY,1.662638,0.000387,0.036746,-0.292829,0.220523,77
2743,B0011TS91G,1.343986,0.000149,0.029705,-0.308705,0.184032,419
2744,B0011ULXB8,1.310435,0.000747,0.028954,-0.266458,0.215988,342
2745,B0011UR1H8,1.343828,0.000887,0.029689,-0.281409,0.22154,810
2746,B0011UVCKU,1.200374,-0.000286,0.02653,-0.229773,0.254214,1907
2747,B0011UWXM6,1.292312,1.1e-05,0.028563,-0.287549,0.254386,446
2748,B0011UYY9Q,1.401272,-3.4e-05,0.030972,-0.305064,0.249326,317
2749,B0011V0QH4,1.220095,0.000159,0.026967,-0.230248,0.27102,699
2750,B0011V0QIS,1.372274,0.000555,0.030326,-0.32967,0.257313,445
2751,B0011XEIFS,1.397308,0.000905,0.030871,-0.28746,0.197926,170
2752,B0011XWPNK,1.226121,0.000333,0.027098,-0.306479,0.209465,970
2753,B0011XZZF0,1.309749,0.000382,0.028946,-0.265465,0.285159,548
2754,B0011Z3WU8,1.05098,0.000374,0.023226,-0.220948,0.236138,728
2755,B0011Z3X8O,1.409203,0.000307,0.031145,-0.316221,0.308783,554
2756,B00120IJSC,1.218301,0.000649,0.02692,-0.248174,0.243426,555
2757,B00120U5D4,1.224894,0.001182,0.027047,-0.252314,0.299075,1004
2758,B00120U5E8,1.255754,0.000327,0.027753,-0.329909,0.20834,2108
2759,B00120VWRW,1.311456,0.000697,0.028978,-0.293868,0.242488,600
2760,B00120VWTK,1.352062,1e-05,0.029884,-0.335434,0.205823,1976
2761,B00120XR0M,1.220231,0.000964,0.026953,-0.247624,0.296136,1054
2762,B00120XR1G,1.222167,0.000848,0.027,-0.24284,0.296485,1022
2763,B001211B0Y,1.275497,0.000638,0.028184,-0.199352,0.150934,117
2764,B0012134EK,1.401046,0.000301,0.030965,-0.26622,0.250172,290
2765,B00121PZZG,1.343951,-0.000405,0.029702,-0.285852,0.204132,386
2766,B00121TEQW,1.505088,0.000243,0.033265,-0.286394,0.198263,127
2767,B00121TESA,1.464387,0.000276,0.032365,-0.310934,0.27996,458
2768,B00121U0ME,1.282724,0.000325,0.02835,-0.30249,0.233802,598
2769,B00121UVU0,1.358197,0.000487,0.030016,-0.236638,0.19047,119
2770,B00122CP30,1.426669,0.000434,0.03153,-0.303695,0.235906,306
2771,B00124CQUA,1.322967,0.000411,0.029238,-0.319769,0.212965,374
2772,B00126IXLO,1.222551,0.000299,0.02702,-0.240472,0.238155,1652
2773,B001279Z0G,1.511988,-7e-05,0.033419,-0.343773,0.265951,293
2774,B00127C83M,1.184824,-0.000145,0.026187,-0.261908,0.238844,790
2775,B00127O510,1.449346,5.4e-05,0.032034,-0.253797,0.159431,142
2776,B00127S53E,1.345203,0.000271,0.029731,-0.287547,0.255034,368
2777,B00127U7QM,1.349046,8.7e-05,0.029817,-0.25806,0.212831,311
2778,B001288PGU,1.26852,0.000266,0.028036,-0.281892,0.261877,651
2779,B00128ANOW,1.393663,-2.2e-05,0.030803,-0.321526,0.171133,212
2780,B00128WK4I,1.270539,0.000413,0.028079,-0.256296,0.242538,1056
2781,B00129H6BO,1.265602,0.000605,0.027966,-0.265332,0.217943,376
2782,B00129JSOW,1.273801,4e-05,0.028154,-0.221749,0.151559,136
2783,B00129XP8M,1.298413,-0.000454,0.028695,-0.29017,0.213594,523
2784,B0012BNVE8,1.339477,0.000516,0.029601,-0.296543,0.256957,3293
2785,B0012C6PD6,1.259666,0.000176,0.027841,-0.282918,0.227345,666
2786,B0012C7POY,1.351139,0.000827,0.029852,-0.269214,0.189432,296
2787,B0012C8TXU,1.320532,7.4e-05,0.029187,-0.27524,0.20487,232
2788,B0012DDTVQ,1.327104,0.000477,0.029328,-0.207291,0.205277,156
2789,B0012DKB1W,1.370427,0.000157,0.030289,-0.331705,0.226113,376
2790,B0012DOK9Q,1.411215,0.000285,0.03119,-0.325171,0.219018,393
2791,B0012E2I8A,1.339207,0.00014,0.029599,-0.26191,0.158833,181
2792,B0012EF9NQ,1.472979,0.000219,0.032556,-0.352778,0.289857,454
2793,B0012F4OPO,1.379088,-0.000202,0.030481,-0.246321,0.174904,212
2794,B0012F97EM,1.258765,-0.000377,0.027819,-0.313492,0.170505,248
2795,B0012GQNH0,1.166687,0.000196,0.025786,-0.293782,0.188245,1976
2796,B0012GVT7O,1.373211,0.000405,0.030349,-0.341127,0.235792,483
2797,B0012HMSC8,1.217273,9e-05,0.026905,-0.244294,0.275708,442
2798,B0012HSPV6,1.507124,-0.000398,0.033309,-0.27628,0.19234,199
2799,B0012ILUC6,1.077328,-0.000149,0.023811,-0.222434,0.183506,1011
2800,B0012IXO4I,1.238845,0.0004,0.027379,-0.244737,0.2463,644
2801,B0012IXO6Q,1.1926,0.000465,0.026355,-0.184244,0.261148,758
2802,B0012IXO7A,1.132122,4.3e-05,0.025023,-0.193538,0.243531,927
2803,B0012J135O,1.50878,0.000696,0.033341,-0.353564,0.215168,160
2804,B0012J138G,1.306985,0.000216,0.028887,-0.26159,0.26649,668
2805,B0012J30KU,1.416822,0.000291,0.031314,-0.2819,0.311847,6983
2806,B0012J30LY,1.558403,0.000704,0.034437,-0.252428,0.202404,113
2807,B0012J30PU,1.38785,4.7e-05,0.030675,-0.280538,0.246688,6201
2808,B0012JK7OM,1.403222,-0.000104,0.031015,-0.250985,0.246165,472
2809,B0012JY42I,1.278541,0.000248,0.028258,-0.255504,0.186969,154
2810,B0012JY4G4,1.385833,6.1e-05,0.03063,-0.231258,0.191859,175
2811,B0012K1R3G,1.240644,0.000145,0.027421,-0.245366,0.182747,360
2812,B0012K3RFM,1.483986,0.000306,0.032798,-0.356877,0.240153,409
2813,B0012KCRMQ,1.268572,0.00091,0.028024,-0.261036,0.218623,369
2814,B0012KG0YC,1.297053,5e-06,0.028668,-0.313294,0.229982,524
2815,B0012L1DD4,1.324115,1.3e-05,0.029266,-0.295294,0.213914,491
2816,B0012LDD32,1.322843,0.000572,0.029233,-0.277261,0.229394,255
2817,B0012LIHUG,1.247225,0.000434,0.027563,-0.269911,0.208252,368
2818,B0012M65M2,1.291385,0.000114,0.028543,-0.26881,0.212915,605
2819,B0012M8CD2,1.397278,0.000186,0.030883,-0.294412,0.210399,267
2820,B0012NIU2E,1.283785,0.000522,0.02837,-0.305639,0.215566,622
2821,B0012NIXU8,1.548988,0.000407,0.034234,-0.328577,0.218018,179
2822,B0012NQBQG,1.386764,0.000554,0.030646,-0.253829,0.181092,278
2823,B0012NVE2W,1.22548,-0.000196,0.027085,-0.257923,0.227006,574
2824,B0012NWEZI,1.250738,0.000215,0.027644,-0.316122,0.260234,760
2825,B0012NX5W4,1.291013,-0.000494,0.02853,-0.326032,0.207808,357
2826,B0012NX73Q,1.417992,-3.8e-05,0.031341,-0.310726,0.209747,298
2827,B0012NX8UI,1.251556,0.000411,0.027659,-0.240954,0.213009,251
2828,B0012Q78IS,1.299918,0.000322,0.02873,-0.308692,0.224633,484
2829,B0012QD7EC,1.388684,0.00039,0.030691,-0.313349,0.240391,413
2830,B0012QK3HG,1.412997,0.000611,0.031225,-0.288115,0.244865,287
2831,B0012QW06I,1.520223,0.000199,0.0336,-0.212774,0.164492,124
2832,B0012QYX18,1.319208,0.000282,0.029156,-0.319094,0.280867,1775
2833,B0012R23UK,1.347796,0.000938,0.029775,-0.321452,0.269012,389
2834,B0012RQZ72,1.260316,0.001424,0.02782,-0.246671,0.276864,1127
2835,B0012RSXNG,1.190698,0.000234,0.026316,-0.281704,0.224348,593
2836,B0012RUKCI,1.265599,0.000793,0.027962,-0.302588,0.252386,769
2837,B0012RUL40,1.204737,0.000256,0.026626,-0.28833,0.234596,627
2838,B0012RV5UO,1.121664,0.000468,0.024787,-0.25784,0.219377,731
2839,B0012RWOB8,1.271636,0.000919,0.028091,-0.27862,0.257828,809
2840,B0012RXAGG,1.115682,0.000488,0.024655,-0.275312,0.203727,757
2841,B0012RXW1O,1.392742,0.000527,0.030779,-0.346636,0.279112,297
2842,B0012RYDR6,1.255473,0.000571,0.027743,-0.289434,0.270594,797
2843,B0012RYDWG,1.314144,0.001064,0.029026,-0.298227,0.244727,948
2844,B0012TCFBA,1.506319,0.000208,0.033293,-0.274623,0.198874,216
2845,B0012TP5EO,1.309065,0.000412,0.028931,-0.305376,0.215209,449
2846,B0012UEJ1S,1.301909,-0.000252,0.028774,-0.298695,0.229694,396
2847,B0012UK304,1.099212,-0.000218,0.024294,-0.244522,0.162615,901
2848,B0012WPXEI,1.347772,0.000116,0.029789,-0.276617,0.22664,840
2849,B0012WTI62,1.519733,0.000558,0.033585,-0.298389,0.202014,199
2850,B0012XM8X6,1.364753,0.000469,0.030161,-0.297823,0.239186,561
2851,B0012XO2W6,1.400635,0.000919,0.030944,-0.309404,0.222443,424
2852,B0012ZM9SI,1.492455,1.9e-05,0.032987,-0.238676,0.183093,178
2853,B0012ZMBDQ,1.42218,0.001111,0.031414,-0.269934,0.250555,259
2854,B00132AI1K,1.321109,0.000535,0.029195,-0.274591,0.267035,437
2855,B00132FPFY,1.268236,0.000465,0.028027,-0.271571,0.267639,493
2856,B00132FV8U,1.375021,0.000464,0.030388,-0.294535,0.202783,251
2857,B00132O442,1.270724,-8.3e-05,0.028086,-0.246986,0.24901,1113
2858,B00132TISE,1.244993,0.00063,0.02751,-0.363278,0.28809,8445
2859,B00132ZG3U,1.680399,0.001229,0.037121,-0.332879,0.207624,96
2860,B001330XFA,1.366324,0.000327,0.030197,-0.311299,0.268427,346
2861,B00133AUKI,1.405588,0.001298,0.03104,-0.243051,0.209012,213
2862,B00133HK3I,1.211962,0.000681,0.026779,-0.212708,0.150254,246
2863,B00133S5KA,1.1276,0.000711,0.024913,-0.250938,0.204346,1023
2864,B00134O2C4,1.389352,0.000336,0.030706,-0.294484,0.257593,390
2865,B00135FK4M,1.279727,0.00066,0.028277,-0.324465,0.243239,1051
2866,B0013643IA,1.17853,0.000152,0.026048,-0.224379,0.260644,894
2867,B0013718S2,1.294138,0.000572,0.028598,-0.292434,0.180016,1404
2868,B00137B2S8,1.259577,0.000329,0.027838,-0.268574,0.204456,472
2869,B001382ACE,1.596006,0.001272,0.035253,-0.264539,0.210256,100
2870,B00138Y8NI,1.463751,3.4e-05,0.032353,-0.337531,0.26857,428
2871,B00138Y8TW,1.557479,0.000201,0.034424,-0.310212,0.218452,146
2872,B001390336,1.648192,0.001033,0.036414,-0.378097,0.283373,376
2873,B001390QH4,1.183746,2.4e-05,0.026164,-0.241548,0.206789,906
2874,B001392TJM,1.381909,0.000572,0.030538,-0.306673,0.225736,409
2875,B001392VEK,1.419866,5.1e-05,0.031383,-0.315737,0.207258,265
2876,B0013945IA,1.404712,0.000434,0.031045,-0.342051,0.217085,522
2877,B001394VAW,1.413892,0.000599,0.031245,-0.31758,0.201654,260
2878,B00139597G,1.123634,0.000484,0.02483,-0.249807,0.238094,1188
2879,B00139TXUU,1.257222,-0.000163,0.027787,-0.283298,0.239169,343
2880,B00139XON2,1.476973,7.5e-05,0.032645,-0.383161,0.299968,413
2881,B0013B2H4W,1.2975,0.000735,0.028669,-0.291329,0.235252,439
2882,B0013CSGBE,1.259584,0.000263,0.027839,-0.274922,0.278597,715
2883,B0013D1RKA,1.378712,9.2e-05,0.030473,-0.257774,0.197405,210
2884,B0013E9NFU,1.339482,5e-05,0.029606,-0.304712,0.18044,248
2885,B0013EBM22,1.229682,-0.000297,0.027177,-0.26223,0.257104,790
2886,B0013F8JXG,1.429989,0.00152,0.03157,-0.293891,0.187595,215
2887,B0013FAF3I,1.221357,0.000233,0.026994,-0.245333,0.185552,367
2888,B0013GB1Y4,1.217224,0.000383,0.026901,-0.255114,0.254208,544
2889,B0013GFECE,1.389686,0.001018,0.030699,-0.277117,0.255259,437
2890,B0013HX2VS,1.332035,0.000219,0.02944,-0.243219,0.197053,237
2891,B0013I57BA,1.302226,0.000285,0.028781,-0.302633,0.228179,496
2892,B0013IT86U,1.397989,8e-06,0.030899,-0.312811,0.182086,201
2893,B0013JHGPO,1.307391,0.000545,0.028891,-0.264251,0.216611,274
2894,B0013JSK7M,1.385991,-0.00041,0.030631,-0.336729,0.241478,348
2895,B0013JTQHK,1.33281,0.001249,0.029432,-0.302124,0.189305,258
2896,B0013K3G02,1.237957,0.000969,0.027345,-0.251991,0.256642,539
2897,B0013KA0BA,1.301228,0.000446,0.028757,-0.237366,0.175125,211
2898,B0013KY296,1.364401,0.000249,0.030156,-0.298423,0.21437,403
2899,B0013KY6I8,1.242782,0.000596,0.027462,-0.229191,0.189476,691
2900,B0013KYRIM,1.441185,-0.000161,0.031853,-0.243,0.182154,152
2901,B0013L3XMM,1.487806,0.000772,0.032875,-0.322817,0.296111,562
2902,B0013LN56G,1.241412,0.000213,0.027437,-0.257295,0.207793,476
2903,B0013M50DG,1.19364,0.000108,0.026382,-0.228675,0.150224,307
2904,B0013N483I,1.608748,0.000811,0.035548,-0.31681,0.208604,125
2905,B0013N5XAU,1.384103,0.000632,0.030586,-0.305127,0.208053,485
2906,B0013N73QM,1.225416,6.6e-05,0.027085,-0.214247,0.227798,516
2907,B0013N895Q,1.389743,0.000655,0.03071,-0.319241,0.228918,425
2908,B0013N896U,1.400423,0.000669,0.030946,-0.319181,0.222546,487
2909,B0013N9U86,1.408502,0.000699,0.031124,-0.256301,0.185647,176
2910,B0013NBW5A,1.309533,0.000676,0.028936,-0.307566,0.22336,403
2911,B0013ND45G,1.329264,0.000333,0.029378,-0.292928,0.265398,312
2912,B0013NE2Y8,1.332819,0.000654,0.029451,-0.282852,0.286467,626
2913,B0013NHSYE,1.270315,0.000642,0.02807,-0.265222,0.250445,635
2914,B0013OFRUK,1.312228,0.000406,0.029001,-0.282515,0.258576,731
2915,B0013OJUWQ,1.206932,0.000601,0.026669,-0.21954,0.234966,956
2916,B0013OMHTE,1.382898,9e-05,0.030565,-0.319287,0.220633,309
2917,B0013OXGNU,1.376475,0.000368,0.030421,-0.307251,0.201501,242
2918,B0013OXHYI,1.346552,0.000291,0.029761,-0.263415,0.277165,538
2919,B0013QL1EO,1.359581,0.000403,0.030047,-0.285113,0.193332,307
2920,B0013QOIGC,1.289995,-7.3e-05,0.028512,-0.307907,0.264899,822
2921,B0013TM9UQ,1.123558,-0.000345,0.024831,-0.272342,0.228094,1220
2922,B0013TNMES,1.428634,0.000595,0.031571,-0.292066,0.195272,245
2923,B0013TXEQE,1.281636,0.000281,0.028326,-0.266173,0.183581,180
2924,B0013UAPVK,1.372427,2e-05,0.030334,-0.306086,0.2089,225
2925,B0013UZFLA,1.562944,0.000748,0.034537,-0.257935,0.183275,197
2926,B0013V3F52,1.308023,0.000345,0.028909,-0.22518,0.159035,144
2927,B0013VY4AM,1.356182,0.000511,0.029971,-0.303475,0.254985,479
2928,B0013WFHAC,1.4108,0.000943,0.031168,-0.244875,0.164597,136
2929,B0013YXQ58,1.48769,-4.6e-05,0.032882,-0.244761,0.182578,84
2930,B0013YYNDM,1.555342,0.000384,0.034375,-0.307181,0.328948,382
2931,B0013ZCPIG,1.268704,0.00036,0.028039,-0.277842,0.232214,544
2932,B00140RXHS,1.405844,0.00034,0.031071,-0.251033,0.174701,203
2933,B00140TXWQ,1.249927,0.000711,0.027617,-0.234649,0.220609,417
2934,B001410OG4,1.457543,0.000273,0.032214,-0.276651,0.166365,131
2935,B00141XJJS,1.433058,0.000564,0.031669,-0.296781,0.217725,161
2936,B0014272H2,1.285216,0.000901,0.028392,-0.258715,0.328338,1011
2937,B00142C8KS,1.626817,0.000675,0.03595,-0.386301,0.379866,631
2938,B00142DXVG,1.288064,0.001167,0.028445,-0.257273,0.347666,1019
2939,B00142DXXE,1.642097,0.000696,0.036288,-0.291155,0.200271,116
2940,B00143S6YO,1.348414,0.000167,0.029803,-0.291456,0.220317,458
2941,B00143UYPS,1.26376,0.000751,0.027922,-0.251018,0.299645,1011
2942,B00143WQI6,1.372149,0.000424,0.030325,-0.289077,0.184831,240
2943,B001441QCW,1.287745,0.000788,0.028451,-0.267956,0.318541,1012
2944,B001441QE0,1.439639,0.000954,0.031805,-0.2659,0.330395,467
2945,B001441QFE,1.214425,0.000942,0.026825,-0.249917,0.309022,1025
2946,B0014568CO,1.440755,0.001008,0.031828,-0.274704,0.303058,321
2947,B0014568D8,1.338227,0.000386,0.029576,-0.274682,0.241804,305
2948,B00147FGJ8,1.345474,0.000366,0.029736,-0.306997,0.21892,546
2949,B0014A5P8C,1.355959,0.000771,0.02996,-0.26415,0.296623,732
2950,B0014A5QEK,1.134765,0.000237,0.02508,-0.210838,0.241676,695
2951,B0014AAQCC,1.346588,0.000665,0.029755,-0.28601,0.270178,553
2952,B0014AX89K,1.478873,-0.00051,0.032683,-0.274049,0.222543,141
2953,B0014B5LM6,1.387928,0.000306,0.030675,-0.323263,0.224986,196
2954,B0014B9GKY,1.204421,0.000262,0.026619,-0.27026,0.190601,961
2955,B0014C1XQI,1.424383,0.000453,0.031479,-0.343873,0.249244,393
2956,B0014C8COY,1.417708,0.000449,0.031332,-0.34986,0.244646,402
2957,B0014CKX2I,1.313386,0.000112,0.029029,-0.288523,0.220994,435
2958,B0014G59F0,1.48118,-0.000162,0.032737,-0.328866,0.2215,206
2959,B0014GTMZS,1.404091,-0.000165,0.031033,-0.243006,0.186757,172
2960,B0014JBZVE,1.276303,2.5e-05,0.028209,-0.279836,0.187536,340
2961,B0014JKKGK,1.309518,0.000279,0.028942,-0.287919,0.212472,412
2962,B0014JO2K0,1.437049,-0.000135,0.031762,-0.301377,0.209548,255
2963,B0014JXVR0,1.533519,-6e-05,0.033895,-0.294073,0.271627,222
2964,B0014KQSE2,1.301833,0.000161,0.028773,-0.256351,0.214062,345
2965,B0014L29RQ,1.185095,0.00063,0.026186,-0.239417,0.248573,2610
2966,B0014LL3FK,1.339415,0.000163,0.029604,-0.24598,0.202309,332
2967,B0014LLC3I,1.24654,0.000272,0.02755,-0.250527,0.274723,1325
2968,B0014R2YRA,1.364283,-0.000101,0.030154,-0.287482,0.198335,311
2969,B0014SQQ3M,1.305222,0.000385,0.028846,-0.287837,0.255995,586
2970,B0014TDE5E,1.162389,-0.000774,0.02568,-0.272557,0.266042,1950
2971,B0014UAHQW,1.263834,-0.000404,0.027931,-0.293253,0.182044,345
2972,B0014UCJPE,1.390629,8.7e-05,0.030736,-0.280841,0.212294,164
2973,B0014UCJPO,1.394356,-0.000101,0.030819,-0.328301,0.266334,514
2974,B0014UEEXY,1.275197,-0.000105,0.028185,-0.275453,0.187767,325
2975,B0014UEG50,1.326393,0.000227,0.029316,-0.286056,0.200572,218
2976,B0014UFYCO,1.37851,-0.000152,0.030468,-0.280396,0.215458,149
2977,B0014WKHT2,1.36261,0.00046,0.030114,-0.27379,0.227014,715
2978,B0014XECEW,1.314662,0.001127,0.029035,-0.287332,0.189024,207
2979,B0014XQ83K,1.430641,0.000257,0.03162,-0.258647,0.178878,131
2980,B0014Y2VYO,1.441209,-0.000196,0.031854,-0.28553,0.277157,380
2981,B0014ZR30K,1.355153,4.7e-05,0.029952,-0.309234,0.275333,395
2982,B0014ZWHZ6,1.241033,0.000386,0.027427,-0.279527,0.273514,440
2983,B0014ZWHZQ,1.40576,0.000532,0.031066,-0.317669,0.255882,437
2984,B001501N7I,1.362316,-0.000211,0.03011,-0.294191,0.190129,382
2985,B00150DC04,1.22923,7.4e-05,0.027169,-0.290018,0.187852,374
2986,B00150LT40,1.28753,0.000255,0.028456,-0.270742,0.210967,380
2987,B00152A0OI,1.344864,0.000207,0.029724,-0.270168,0.207049,416
2988,B00152F4OY,1.318507,-0.000541,0.029137,-0.304522,0.207761,252
2989,B00152S1IK,1.491297,0.000946,0.032948,-0.326269,0.197815,233
2990,B00152SA1S,1.355527,0.00112,0.02994,-0.259042,0.16995,231
2991,B00152SZL8,1.201829,0.000825,0.026551,-0.302311,0.246531,715
2992,B00152TXDM,1.330145,0.000581,0.029394,-0.271108,0.167033,186
2993,B00152VJUW,1.319468,0.000204,0.029163,-0.286197,0.224844,331
2994,B00152W1YU,1.407413,0.001006,0.031091,-0.322699,0.216796,351
2995,B0015347LY,1.457168,-0.000548,0.032202,-0.295223,0.198844,169
2996,B0015358TE,1.233691,0.000378,0.027265,-0.304815,0.242602,641
2997,B00153Z3I0,1.437448,0.000339,0.031769,-0.324189,0.2009,216
2998,B001544IQW,1.409556,0.000403,0.031152,-0.312934,0.272155,529
2999,B00154MOEU,1.397852,0.000453,0.030893,-0.264585,0.251126,336
3000,B00154NY5S,1.429172,-0.000422,0.031585,-0.297364,0.178306,177
3001,B00154P3QQ,1.60247,0.000869,0.035408,-0.345634,0.293823,397
3002,B00157DO4Q,1.632965,0.000228,0.036092,-0.301373,0.195021,99
3003,B00157RZ14,1.460141,8.7e-05,0.032273,-0.343768,0.278712,545
3004,B00157S30Q,1.277089,0.000207,0.028226,-0.265175,0.196473,538
3005,B00158MYUA,1.345383,-0.0,0.029736,-0.269758,0.226637,333
3006,B00158P1E6,1.402074,0.000241,0.030988,-0.250153,0.168004,223
3007,B00158UZA6,1.213608,0.00041,0.026821,-0.250321,0.25135,770
3008,B00159W1MA,1.469099,0.000277,0.03247,-0.278968,0.173475,186
3009,B0015A30XI,1.291161,-0.000202,0.028537,-0.217471,0.152151,188
3010,B0015A807Y,1.249858,0.000159,0.027625,-0.298111,0.178615,328
3011,B0015AAAMW,1.511759,-0.000165,0.033413,-0.314948,0.238827,176
3012,B0015AABEE,1.329299,0.000396,0.029378,-0.309945,0.25744,405
3013,B0015AFWH0,1.520022,0.000899,0.033584,-0.341426,0.200582,181
3014,B0015C0RIC,1.432066,-0.000108,0.031652,-0.225758,0.172472,113
3015,B0015E5YX8,1.327375,0.000977,0.029322,-0.327953,0.270285,734
3016,B0015FSH86,1.4435,0.000309,0.031903,-0.338787,0.225271,238
3017,B0015G9EGY,1.370936,0.000373,0.030299,-0.292498,0.170802,180
3018,B0015GEMSE,1.31953,0.000296,0.029163,-0.300257,0.210116,346
3019,B0015H0TS0,1.402651,0.000181,0.031002,-0.341675,0.204943,445
3020,B0015H3QTY,1.249255,0.000175,0.027611,-0.279487,0.213173,544
3021,B0015HOB9S,1.48142,0.000315,0.032742,-0.285641,0.260909,196
3022,B0015IW3PG,1.249707,-7.5e-05,0.027622,-0.259961,0.238205,401
3023,B0015IYNR2,1.310596,9.7e-05,0.028967,-0.235242,0.188046,267
3024,B0015KKU2M,1.335654,9.5e-05,0.029521,-0.295568,0.273006,2064
3025,B0015KO3LQ,1.372653,0.000615,0.030333,-0.313883,0.269655,417
3026,B0015KS49I,1.446456,0.000489,0.031967,-0.301148,0.279211,399
3027,B0015PGFQW,1.477531,0.000829,0.032647,-0.300948,0.272584,389
3028,B0015Q54D6,1.251098,0.000464,0.027648,-0.238632,0.26806,1128
3029,B0015QIYKQ,1.510384,3.9e-05,0.033383,-0.361347,0.312536,532
3030,B0015R9AXU,1.263539,0.000982,0.02791,-0.242222,0.255424,360
3031,B0015SBOLU,1.350404,0.000592,0.029841,-0.28306,0.229516,452
3032,B0015U5JD2,1.298557,0.00029,0.0287,-0.230648,0.133525,209
3033,B0015UQBHU,1.120805,0.000185,0.024772,-0.227728,0.184216,1082
3034,B0015XNAS0,1.588938,0.000417,0.035117,-0.405019,0.261987,410
3035,B0015XWQLW,1.600741,0.000335,0.035379,-0.315,0.199949,145
3036,B0015Y9A0G,1.311077,-9.7e-05,0.028978,-0.378402,0.304225,647
3037,B0015YIHXC,1.507604,0.001336,0.033295,-0.255305,0.171141,96
3038,B0015YSNUE,1.320685,0.000343,0.029188,-0.316734,0.245673,531
3039,B0015YYTZM,1.22816,0.000188,0.027145,-0.276817,0.172903,453
3040,B0015YYYF2,1.103684,2.9e-05,0.024394,-0.225196,0.261731,652
3041,B0015Z5BU8,1.163894,0.000325,0.025723,-0.243626,0.255291,547
3042,B0015Z7IH2,1.189499,0.000187,0.02629,-0.214961,0.211752,657
3043,B0015Z90NC,1.447167,0.000364,0.031984,-0.265042,0.168155,175
3044,B00161607O,1.19529,0.000381,0.026416,-0.205758,0.156461,328
3045,B001619XP0,1.581106,0.000314,0.034945,-0.339218,0.189853,109
3046,B001619ZFI,1.17884,0.000513,0.02605,-0.26129,0.220123,601
3047,B00161CBV8,1.405339,0.000755,0.031052,-0.282212,0.234285,287
3048,B00161DDJM,1.181081,-7e-06,0.026105,-0.257086,0.251969,664
3049,B00161DDLU,1.240503,0.000312,0.027416,-0.23954,0.258801,653
3050,B00161FCAA,1.275839,0.000207,0.028198,-0.252102,0.204147,302
3051,B00161HES8,1.626728,0.000236,0.035954,-0.381253,0.306461,414
3052,B00161I2NO,1.252046,3.5e-05,0.027673,-0.301923,0.200984,434
3053,B00161IKD6,1.534741,0.00121,0.0339,-0.240649,0.182766,182
3054,B00161JJ90,1.489967,0.000513,0.032928,-0.294738,0.222319,188
3055,B00163JVJQ,1.124633,-6.6e-05,0.024857,-0.219771,0.155722,1801
3056,B00163Y4FM,1.304077,0.000347,0.028821,-0.242098,0.175843,205
3057,B001641KGM,1.233296,0.000901,0.027244,-0.282459,0.287438,553
3058,B00164DUY2,1.239751,0.000412,0.027398,-0.293403,0.260379,568
3059,B00164FKWW,1.323051,0.000229,0.029242,-0.323666,0.271534,425
3060,B00164FVH6,1.312014,0.000251,0.028998,-0.335975,0.24136,459
3061,B00164FXYW,1.19328,0.000392,0.026372,-0.247008,0.160458,672
3062,B00164RON0,1.34487,-0.000206,0.029724,-0.28906,0.270906,382
3063,B00166633A,1.287666,0.000598,0.028454,-0.321424,0.27963,365
3064,B00166IQ6W,1.384188,0.000539,0.030589,-0.297919,0.273156,303
3065,B00166KXTU,1.296918,-0.000876,0.028652,-0.273182,0.173352,272
3066,B0016836RY,1.322078,0.001223,0.029196,-0.374328,0.291875,768
3067,B00168538E,1.272587,-1.1e-05,0.028127,-0.299989,0.192891,542
3068,B00168NIEK,1.526837,0.000448,0.033744,-0.33421,0.272299,378
3069,B001697SLI,1.457608,-0.000256,0.032216,-0.328365,0.2744,467
3070,B001699TI8,1.451714,0.000436,0.032084,-0.25303,0.211785,127
3071,B0016A2D3K,1.426265,-0.000181,0.031523,-0.356185,0.238381,507
3072,B0016A8DT8,1.328964,0.000253,0.029372,-0.292264,0.196582,297
3073,B0016AZE4K,1.214124,0.000661,0.026827,-0.289149,0.22609,714
3074,B0016B5LAQ,1.184886,-0.000127,0.026189,-0.243447,0.210758,831
3075,B0016B7QAY,1.36048,9.3e-05,0.03007,-0.350299,0.252664,627
3076,B0016BBHC2,1.401384,4.9e-05,0.030974,-0.347629,0.253218,789
3077,B0016BFD4K,1.473033,0.000664,0.032551,-0.346884,0.259972,1438
3078,B0016BFOVM,1.266792,-0.000226,0.027998,-0.294911,0.208665,397
3079,B0016BHJEW,1.474052,0.000271,0.032579,-0.317941,0.299491,503
3080,B0016BHMKS,1.244906,0.000543,0.02751,-0.280634,0.29889,1097
3081,B0016BLWEU,1.235081,0.000988,0.02728,-0.254175,0.317722,1019
3082,B0016BM5D2,1.432252,-0.000112,0.031656,-0.335285,0.220966,392
3083,B0016G2BJK,1.476814,-2.7e-05,0.032641,-0.278688,0.280703,360
3084,B0016HMWYI,1.297496,0.001287,0.028649,-0.312848,0.327348,658
3085,B0016HNNY6,1.291424,0.000638,0.028537,-0.266036,0.202137,169
3086,B0016ISD04,1.304114,0.00028,0.028823,-0.370408,0.263098,708
3087,B0016J22EQ,1.214144,0.001031,0.026816,-0.252,0.286861,995
3088,B0016J6M2E,1.340707,-0.000175,0.029632,-0.288714,0.273754,842
3089,B0016JFH3O,1.325858,0.000693,0.029297,-0.290427,0.209974,445
3090,B0016JNQYG,1.287782,0.000234,0.028462,-0.309161,0.209051,713
3091,B0016KTQ0I,1.307862,0.000505,0.028903,-0.269382,0.153545,190
3092,B0016L0VHE,1.470219,0.000176,0.032495,-0.327267,0.219253,339
3093,B0016L3QDK,1.273485,0.001161,0.028123,-0.23765,0.18106,193
3094,B0016L5AA2,1.312348,-0.000133,0.029006,-0.306498,0.256814,1047
3095,B0016M1PVY,1.395317,0.000622,0.030834,-0.288858,0.260504,447
3096,B0016M52EU,1.462843,0.000372,0.03233,-0.21881,0.149854,129
3097,B0016O7638,1.533274,0.000747,0.033881,-0.2544,0.171241,88
3098,B0016O92XU,1.274369,-0.000406,0.028164,-0.31178,0.225559,389
3099,B0016O94IS,1.308142,0.000113,0.028913,-0.253986,0.200723,252
3100,B0016OCTDU,1.146251,0.000192,0.025334,-0.241322,0.29343,573
3101,B0016OCTHQ,1.238208,-0.000201,0.027367,-0.241973,0.236355,277
3102,B0016P4P4K,1.24275,-5.1e-05,0.027468,-0.266552,0.21134,663
3103,B0016Q1RI6,1.531012,0.000491,0.033836,-0.322569,0.22185,214
3104,B0016S0Y4M,1.458724,0.000422,0.032239,-0.31823,0.281524,530
3105,B0016ZNWMG,1.480169,-0.000359,0.032713,-0.314304,0.256216,320
3106,B001707IQ6,1.114139,0.000335,0.024623,-0.201391,0.222878,662
3107,B00170E81O,1.21316,0.000444,0.02681,-0.262844,0.237986,719
3108,B00170F6A6,1.313397,0.000372,0.029027,-0.286193,0.20074,560
3109,B00170ZW82,1.508508,0.000501,0.033338,-0.355918,0.210903,181
3110,B001711FMI,1.27631,0.000207,0.028209,-0.26544,0.172312,232
3111,B001715WH2,1.368308,-0.000213,0.030242,-0.327633,0.208124,342
3112,B00171ARH2,1.367806,0.000395,0.030229,-0.330422,0.243606,483
3113,B00171ETM6,1.467727,0.001087,0.032422,-0.288203,0.21583,214
3114,B001720JL0,1.342255,0.000984,0.029651,-0.312407,0.271157,497
3115,B001738HJ0,1.287908,0.000179,0.028465,-0.229716,0.172435,159
3116,B00174GJC6,1.434626,-6.2e-05,0.031709,-0.337446,0.201808,343
3117,B00174LGSI,1.189827,-0.00017,0.026298,-0.256446,0.248287,536
3118,B00175X9WI,1.240256,-0.000202,0.027412,-0.267373,0.196591,1393
3119,B00175XIRY,1.620929,0.000822,0.035817,-0.303861,0.242132,111
3120,B0017686ZC,1.523583,0.000272,0.033674,-0.290749,0.242516,186
3121,B00176B9JC,1.150516,-0.000311,0.025427,-0.258667,0.237442,652
3122,B00176GW5I,1.292654,-3e-05,0.028571,-0.266908,0.194315,274
3123,B00176VZB4,1.193466,0.000445,0.026375,-0.252583,0.255575,1037
3124,B00176WU7W,1.347465,0.00045,0.029779,-0.264862,0.254968,452
3125,B00176YZUM,1.23621,0.000829,0.027311,-0.217402,0.164578,222
3126,B001782OO4,1.262251,5.1e-05,0.027899,-0.255563,0.23303,356
3127,B00178RONK,1.353375,0.000774,0.029903,-0.314245,0.211985,527
3128,B00178SOCA,1.325921,0.000354,0.029304,-0.297292,0.217687,408
3129,B00178TVXG,1.296154,0.000471,0.028644,-0.266636,0.261509,322
3130,B00178VX50,1.550314,0.000362,0.034264,-0.256166,0.190005,132
3131,B001795T6I,1.282462,7.4e-05,0.028346,-0.260044,0.228735,325
3132,B0017BGQR2,1.288253,1.4e-05,0.028474,-0.272664,0.164791,229
3133,B0017BI7NS,1.276414,0.000176,0.028211,-0.250037,0.195925,1152
3134,B0017BI80K,1.311019,-1e-06,0.028977,-0.273673,0.170957,282
3135,B0017CTW6I,1.649373,-0.000135,0.036455,-0.333303,0.227273,151
3136,B0017DGOE0,1.324511,-0.000213,0.029274,-0.296228,0.228878,815
3137,B0017DI8QM,1.421415,0.000299,0.031415,-0.275067,0.20634,295
3138,B0017DQ0U8,1.438653,0.000333,0.031796,-0.29579,0.184893,199
3139,B0017DQGQ6,1.428168,0.000154,0.031566,-0.320628,0.232047,464
3140,B0017GQ4WE,1.31269,0.000561,0.029008,-0.259344,0.178716,275
3141,B0017HOMWM,1.247119,0.000279,0.027563,-0.272701,0.257591,1404
3142,B0017HTET8,1.342173,0.000844,0.029653,-0.240067,0.190246,203
3143,B0017J22V8,1.223766,1.7e-05,0.027048,-0.248973,0.267471,1226
3144,B0017JOEVY,1.239573,0.000103,0.027397,-0.271139,0.225568,695
3145,B0017JT658,1.215984,0.000338,0.026874,-0.292545,0.261677,628
3146,B0017JV340,1.298639,0.001093,0.028682,-0.295338,0.238569,357
3147,B0017JV8I6,1.223339,0.000261,0.027038,-0.293235,0.236527,589
3148,B0017K81TY,1.320683,0.000579,0.029185,-0.294082,0.235017,535
3149,B0017K8HJS,1.488625,0.000583,0.032897,-0.284447,0.249863,194
3150,B0017KCPU0,1.249059,6.5e-05,0.027607,-0.248515,0.220593,697
3151,B0017KCPUK,1.352322,-0.000165,0.029889,-0.30288,0.276396,706
3152,B0017KGOY8,1.162792,0.000404,0.025697,-0.227327,0.124071,265
3153,B0017L4CVO,1.349347,0.000835,0.029812,-0.279606,0.199852,231
3154,B0017LO24Q,1.138474,0.000312,0.025161,-0.142317,0.13966,129
3155,B0017MO88A,1.484058,0.000341,0.0328,-0.251164,0.192124,151
3156,B0017MO8AS,1.42229,-1.6e-05,0.031436,-0.284052,0.209593,318
3157,B0017MTBUA,1.323171,-2.7e-05,0.029245,-0.285339,0.269733,1112
3158,B0017OEGX0,1.508609,0.000199,0.033343,-0.366815,0.219358,296
3159,B0017OJPAE,1.449941,0.000672,0.03204,-0.341356,0.286817,671
3160,B0017OLMVE,1.378282,-0.000115,0.030463,-0.247009,0.212356,364
3161,B0017P35JU,1.374579,0.000409,0.030379,-0.336853,0.213185,298
3162,B0017P7BOA,1.482099,-0.000167,0.032758,-0.315041,0.264897,332
3163,B0017PN8U6,1.273566,0.001087,0.028128,-0.218983,0.145418,122
3164,B0017PUPMK,1.56819,0.00086,0.03465,-0.360147,0.229282,164
3165,B0017QA4EI,1.359288,0.000143,0.030043,-0.259682,0.205167,223
3166,B0017QDKDA,1.451051,0.000106,0.032072,-0.299044,0.169592,127
3167,B0017QDM6U,1.496834,0.000753,0.033075,-0.328407,0.324533,426
3168,B0017QK7A4,1.252374,0.00048,0.027676,-0.27866,0.208453,1188
3169,B0017QKAFG,1.669799,0.000923,0.036895,-0.293498,0.206843,101
3170,B0017QNO1S,1.297376,0.000221,0.028674,-0.275402,0.234149,1141
3171,B0017QSUXK,1.43694,0.000246,0.031759,-0.320093,0.22315,314
3172,B0017QT5UM,1.286126,0.000187,0.028426,-0.342976,0.247998,748
3173,B0017R7TYK,1.342406,0.000945,0.029655,-0.240954,0.26761,341
3174,B0017REB3C,1.433459,0.001071,0.031665,-0.236587,0.184106,158
3175,B0017RGCJ8,1.42334,0.000613,0.031453,-0.325491,0.262322,453
3176,B0017SWIU4,1.393166,0.000109,0.030792,-0.321478,0.22962,336
3177,B0017T29HU,1.386324,0.000345,0.030639,-0.299189,0.283458,470
3178,B0017T29JS,1.390466,0.000412,0.03073,-0.303557,0.283701,462
3179,B0017T398S,1.387958,0.000845,0.030666,-0.262693,0.18493,197
3180,B0017TOHFW,1.343664,-0.000107,0.029698,-0.238922,0.206266,304
3181,B0017TZD7S,1.435598,0.000253,0.031729,-0.241848,0.204587,106
3182,B0017U10SI,1.303819,0.000389,0.028815,-0.267751,0.260989,387
3183,B0017UEU62,1.491076,0.000794,0.032947,-0.300379,0.227026,227
3184,B0017WE32G,1.407806,0.000833,0.031105,-0.300334,0.263609,432
3185,B0017ZDH52,1.323463,0.000205,0.029251,-0.281364,0.204136,285
3186,B0017ZNPEU,1.228221,4e-05,0.027147,-0.251617,0.242773,569
3187,B0017ZOXRS,1.314881,-6.8e-05,0.029062,-0.273281,0.244112,449
3188,B0017ZTV0W,1.467063,0.000652,0.032419,-0.274063,0.18535,207
3189,B00180R7PM,1.667323,0.001237,0.036831,-0.322797,0.199397,102
3190,B00181OKDI,1.192129,4.1e-05,0.026349,-0.273767,0.208125,535
3191,B00181SM6O,1.326948,0.0003,0.029327,-0.314976,0.222489,459
3192,B00181WCN8,1.222925,0.000529,0.027025,-0.259402,0.229148,543
3193,B00181XMGO,1.359808,0.000263,0.030054,-0.297106,0.25063,435
3194,B0018209PU,1.400166,0.00081,0.030937,-0.332235,0.207943,344
3195,B001821EW2,1.484013,0.00051,0.032796,-0.333222,0.235095,286
3196,B001824J5G,1.387956,0.000152,0.030677,-0.298017,0.224081,346
3197,B00182JYZ6,1.602496,0.000476,0.035416,-0.333389,0.218529,126
3198,B00183OMWK,1.428615,-4.3e-05,0.031576,-0.271482,0.146362,100
3199,B001841FKQ,1.28353,0.000635,0.028362,-0.247782,0.172106,295
3200,B00185EA8E,1.422428,-4e-06,0.031439,-0.253779,0.198174,189
3201,B0018662UW,1.435431,-0.000377,0.031724,-0.259337,0.192877,289
3202,B00186K3RU,1.345232,0.0003,0.029731,-0.309122,0.193932,389
3203,B00187EX6G,1.259773,0.000326,0.027842,-0.308171,0.250252,615
3204,B00187OEWO,1.299878,0.000411,0.028728,-0.279047,0.331245,711
3205,B00187Y4M4,1.283718,0.000772,0.028363,-0.264354,0.214977,528
3206,B001884QDK,1.32435,0.000316,0.02927,-0.291492,0.240283,501
3207,B00188IFHS,1.612047,0.000686,0.035624,-0.324325,0.208473,176
3208,B0018BT9ZM,1.375501,-0.000139,0.030402,-0.272971,0.179451,191
3209,B0018BTA2Y,1.309188,0.000266,0.028935,-0.25537,0.194487,203
3210,B0018BTCZO,1.391766,0.000704,0.030753,-0.212143,0.18928,141
3211,B0018C0HJI,1.394238,0.000133,0.030816,-0.293092,0.209339,241
3212,B0018C0HLQ,1.371659,-1.5e-05,0.030317,-0.316734,0.256075,444
3213,B0018C1FKI,1.273723,-0.000241,0.028151,-0.280974,0.259485,869
3214,B0018C4TLA,1.18491,0.000665,0.026181,-0.242779,0.259436,520
3215,B0018C6V98,1.380175,-8.8e-05,0.030505,-0.319024,0.185711,256
3216,B0018CBCAG,1.489842,0.000537,0.032925,-0.318821,0.218907,309
3217,B0018COTPG,1.252716,-0.000725,0.027679,-0.294963,0.191932,282
3218,B0018CQKXK,1.319155,0.000401,0.029154,-0.26934,0.242905,535
3219,B0018CW3IQ,1.412764,0.000241,0.031225,-0.315907,0.212795,166
3220,B0018DAUDK,1.386966,0.000856,0.030643,-0.193705,0.168596,157
3221,B0018DAUKI,1.261907,-5.9e-05,0.027891,-0.280704,0.228225,694
3222,B0018DCINU,1.232575,-0.000168,0.027242,-0.26747,0.191833,411
3223,B0018HH444,1.293262,0.000177,0.028584,-0.26946,0.223011,485
3224,B0018LLZ2M,1.225632,0.000387,0.027087,-0.276302,0.217811,905
3225,B0018MIT70,1.47162,0.000302,0.032525,-0.281658,0.213478,153
3226,B0018N0E4K,1.364894,0.000475,0.030164,-0.283615,0.198056,275
3227,B0018N5I9Q,1.521743,0.001655,0.033594,-0.256225,0.194133,200
3228,B0018NPA9E,1.260294,0.000443,0.027852,-0.292359,0.256865,621
3229,B0018O07RI,1.305878,0.000398,0.02886,-0.261983,0.232128,839
3230,B0018OVKQ0,1.417746,-0.000243,0.031335,-0.304023,0.310837,422
3231,B0018OWHQM,1.307968,-6.6e-05,0.028909,-0.300693,0.19413,366
3232,B0018P2ZEA,1.232502,1.4e-05,0.027241,-0.281481,0.290622,2063
3233,B0018QE1IC,1.539456,0.000823,0.034016,-0.278233,0.179848,101
3234,B0018QE376,1.463974,0.000969,0.032343,-0.323132,0.262651,416
3235,B0018QE47K,1.445066,0.000597,0.031934,-0.259378,0.183334,116
3236,B0018QE47U,1.591884,0.000678,0.035178,-0.298121,0.229031,95
3237,B0018QHUBW,1.383855,0.000587,0.030581,-0.276754,0.211499,309
3238,B0018QHW92,1.560948,0.001078,0.034484,-0.282353,0.188417,115
3239,B0018QHY5E,1.436477,0.000772,0.03174,-0.304222,0.276221,389
3240,B0018QNSUO,1.384629,0.001013,0.030587,-0.286417,0.19991,213
3241,B0018QO5CO,1.089837,0.000272,0.024087,-0.24123,0.25135,2094
3242,B0018QQ9PK,1.119224,-1.8e-05,0.024738,-0.268672,0.194894,2082
3243,B0018QQZMW,1.14812,0.000304,0.025374,-0.25658,0.245796,2136
3244,B0018QTQOG,1.303381,0.000496,0.028804,-0.31343,0.26508,712
3245,B0018RDE7A,1.259877,0.00045,0.027843,-0.289573,0.241132,1962
3246,B0018RF4IW,1.324108,-0.000311,0.029264,-0.308096,0.253255,1799
3247,B0018S6MO6,1.244124,0.000195,0.027498,-0.270486,0.194939,364
3248,B0018S8MZ8,1.201387,0.000467,0.02655,-0.25619,0.228907,2814
3249,B0018S8NNE,1.217914,0.000249,0.026918,-0.263658,0.247937,3727
3250,B0018SAJ7M,1.286746,0.000346,0.028438,-0.307468,0.209142,485
3251,B0018SAJAY,1.202662,0.000173,0.026581,-0.264272,0.246646,4312
3252,B0018UUXE4,1.36248,2.9e-05,0.030114,-0.285739,0.16902,174
3253,B0018V1DWE,1.300665,-0.000182,0.028747,-0.274249,0.293558,1996
3254,B0018V78OG,1.417956,-0.000275,0.031339,-0.356394,0.25268,544
3255,B0018X1WLY,1.437276,0.000826,0.031757,-0.24288,0.196999,225
3256,B0018ZMQE4,1.182219,4.7e-05,0.02613,-0.292505,0.245096,2132
3257,B0018ZMU04,1.139665,-7.1e-05,0.025189,-0.281884,0.224835,2149
3258,B0018ZPZJC,1.181096,-2.2e-05,0.026105,-0.277149,0.279686,1983
3259,B0018ZRTZA,1.087133,-0.000133,0.024028,-0.256108,0.185158,2136
3260,B0018ZTKC0,1.141043,7e-05,0.02522,-0.253223,0.216471,1874
3261,B0019227LS,1.438061,0.000276,0.031784,-0.282874,0.201286,234
3262,B00192MVZU,1.14357,0.000257,0.025274,-0.205376,0.259588,1091
3263,B001943US0,1.075332,0.000202,0.023767,-0.216798,0.214944,578
3264,B00194Q7BC,1.222637,-0.000332,0.027021,-0.296268,0.221823,464
3265,B00195MZUI,1.310884,0.000279,0.028972,-0.276666,0.221654,513
3266,B001964BDQ,1.384901,0.000281,0.030608,-0.249208,0.213652,299
3267,B001965UU4,1.397434,-6e-06,0.030887,-0.274617,0.263194,365
3268,B00196UB1M,1.222781,0.00018,0.027026,-0.266106,0.173496,1716
3269,B00198ICN4,1.300073,8.9e-05,0.028735,-0.318167,0.208246,485
3270,B00198KRL4,1.188991,0.000403,0.026277,-0.245566,0.248074,467
3271,B00198OG7U,1.425641,4.9e-05,0.03151,-0.311115,0.243029,544
3272,B00198PV7Y,1.560597,-7.6e-05,0.034493,-0.369387,0.275822,594
3273,B00198W37A,1.469418,0.000297,0.032476,-0.222837,0.175812,163
3274,B00198ZOU8,1.342257,0.000137,0.029667,-0.260443,0.206013,252
3275,B00198ZPU2,1.550307,0.000264,0.034265,-0.31193,0.240064,287
3276,B001991SHK,1.628973,0.000131,0.036004,-0.295404,0.222724,167
3277,B00199YUBG,1.423735,-5.8e-05,0.031468,-0.33888,0.218643,398
3278,B0019AA9YM,1.302766,0.000565,0.028789,-0.271952,0.201124,310
3279,B0019ADP7K,1.263479,1.5e-05,0.027926,-0.256954,0.258818,533
3280,B0019ANSAO,1.268155,-9.7e-05,0.028029,-0.286867,0.220755,682
3281,B0019CBAZW,1.455784,0.000493,0.032173,-0.301608,0.231452,723
3282,B0019CGUFC,1.358647,0.00029,0.030028,-0.297986,0.229338,437
3283,B0019CK0IK,1.426557,0.000267,0.031529,-0.324879,0.262596,479
3284,B0019CS6VI,1.318661,0.000182,0.029145,-0.314805,0.186634,255
3285,B0019CTF36,1.200224,-0.00015,0.026528,-0.258588,0.231197,1081
3286,B0019CU2GU,1.273191,0.000617,0.028134,-0.304744,0.208622,490
3287,B0019CU6T8,1.295698,0.000518,0.028633,-0.314936,0.181806,427
3288,B0019CYZGI,1.29394,0.000358,0.028597,-0.287314,0.204762,1019
3289,B0019D2ZUK,1.429757,5.5e-05,0.031601,-0.332773,0.220213,420
3290,B0019DMB22,1.393495,-0.000471,0.030796,-0.305798,0.207342,276
3291,B0019FEMIG,1.322008,0.000143,0.029219,-0.273833,0.209065,239
3292,B0019FLYP0,1.251052,0.000612,0.027645,-0.298592,0.19061,795
3293,B0019GFZCM,1.342707,-9.3e-05,0.029677,-0.285613,0.249112,418
3294,B0019GXOXY,1.333937,9e-05,0.029483,-0.343368,0.167725,684
3295,B0019I6GFU,1.107879,0.000927,0.024469,-0.186189,0.228431,1775
3296,B0019I83N8,1.370004,5.6e-05,0.03028,-0.303078,0.240644,436
3297,B0019IC2N0,1.108219,-0.000105,0.024494,-0.252695,0.255833,1778
3298,B0019IVEEI,1.426338,0.000494,0.031522,-0.276004,0.21044,253
3299,B0019JAQPA,1.557209,0.000201,0.034418,-0.267437,0.17175,86
3300,B0019K9EZC,1.426881,0.000203,0.031537,-0.360259,0.244688,514
3301,B0019KK37U,1.427465,0.000426,0.031548,-0.246011,0.187682,149
3302,B0019LP8UQ,1.405578,-0.000189,0.031066,-0.225931,0.155293,156
3303,B0019LPNHY,1.393576,-0.000118,0.030801,-0.246343,0.197809,100
3304,B0019LRD9A,1.417248,-0.000325,0.031323,-0.26551,0.161599,183
3305,B0019LRYQW,1.394329,0.000181,0.030818,-0.272055,0.192771,151
3306,B0019LT2I0,1.388223,-0.000487,0.030679,-0.300087,0.217075,306
3307,B0019LTGBS,1.43119,-2.5e-05,0.031633,-0.279732,0.228822,166
3308,B0019LV2QU,1.16546,0.000472,0.025755,-0.323969,0.250695,1024
3309,B0019LVFI0,1.499316,-0.000196,0.033138,-0.304843,0.25529,166
3310,B0019LVFO4,1.418956,-1.1e-05,0.031362,-0.294465,0.219485,168
3311,B0019LVG52,1.31541,-0.000249,0.029073,-0.242326,0.183604,165
3312,B0019LWU2K,1.29481,0.000192,0.028618,-0.288879,0.244904,1066
3313,B0019M1ARK,1.411561,0.000254,0.031198,-0.323928,0.230091,285
3314,B0019N6RFO,1.21909,0.000125,0.026945,-0.266341,0.280316,1188
3315,B0019QHUTI,1.457128,1e-06,0.032206,-0.372859,0.213731,350
3316,B0019QL0OY,1.350403,0.000673,0.02984,-0.297899,0.24929,328
3317,B0019QQ13Y,1.334553,0.001027,0.029479,-0.256913,0.215697,325
3318,B0019QU5P4,1.492992,0.000753,0.03299,-0.294753,0.235797,159
3319,B0019R0V5M,1.510572,3.1e-05,0.033387,-0.355589,0.33098,1706
3320,B0019RO78E,1.430307,0.000463,0.03161,-0.317053,0.178159,170
3321,B0019RVJGC,1.249114,-0.000443,0.027605,-0.274662,0.274927,615
3322,B0019SWVBI,1.514132,-0.000103,0.033466,-0.305756,0.180836,176
3323,B0019TM2E8,1.297234,0.000329,0.02867,-0.263789,0.186307,427
3324,B0019TX4MW,1.320326,0.000289,0.029181,-0.221323,0.202652,261
3325,B0019TYZ66,1.480552,0.000805,0.032714,-0.260818,0.222032,248
3326,B0019UZCFI,1.204493,0.000548,0.026617,-0.246199,0.201991,1173
3327,B0019V5E96,1.30918,8.8e-05,0.028936,-0.289565,0.215462,805
3328,B0019W219G,1.237305,0.00045,0.027344,-0.306447,0.269259,926
3329,B0019WFWMY,1.66178,0.001063,0.036714,-0.258073,0.167334,120
3330,B0019X2C3A,1.414939,0.000705,0.031266,-0.265319,0.185092,129
3331,B0019X5N54,1.383923,0.00041,0.030585,-0.288966,0.175463,229
3332,B0019XZ57U,1.160291,-0.000131,0.025645,-0.218967,0.2031,393
3333,B0019Z8HT6,1.186169,0.000102,0.026217,-0.222859,0.238264,1238
3334,B0019ZD6P6,1.341032,0.000137,0.02964,-0.268096,0.340015,572
3335,B0019ZMFYE,1.220667,0.00071,0.02697,-0.27148,0.233835,3390
3336,B001A38Q52,1.464397,0.000622,0.032361,-0.308274,0.211519,218
3337,B001A3ATP2,1.465049,0.000706,0.032374,-0.311335,0.207148,216
3338,B001A3ML3K,1.409268,0.000201,0.031148,-0.336543,0.253114,460
3339,B001A3RXN8,1.48464,-0.000129,0.032814,-0.313727,0.264973,1118
3340,B001A3S9AY,1.23373,0.00053,0.027263,-0.280379,0.169662,1222
3341,B001A3ZF7Y,1.645516,0.00057,0.036366,-0.31221,0.265721,129
3342,B001A43ELC,1.145038,5.1e-05,0.025308,-0.251192,0.21164,661
3343,B001A4826E,1.282018,2.7e-05,0.028336,-0.29496,0.305279,1051
3344,B001A4B3MY,1.412416,-0.00011,0.031218,-0.305969,0.296224,658
3345,B001A4H756,1.401765,-6.8e-05,0.030982,-0.334583,0.254667,655
3346,B001A4X0AM,1.478257,0.00038,0.032671,-0.224784,0.179433,131
3347,B001A5S3BM,1.403282,0.000578,0.031011,-0.284955,0.279063,520
3348,B001A6K9NG,1.101036,-0.00013,0.024335,-0.257783,0.186855,765
3349,B001A6L7UA,1.137106,-0.000383,0.02513,-0.232342,0.213381,655
3350,B001A6N5GE,1.163886,0.000237,0.025724,-0.248494,0.270547,730
3351,B001A7WV0Y,1.21396,0.00043,0.026828,-0.22192,0.263007,493
3352,B001A7YGS4,1.208839,0.000501,0.026714,-0.226937,0.229062,418
3353,B001A82DY2,1.161581,0.000357,0.025671,-0.215089,0.224882,482
3354,B001A82DYC,1.352348,0.000305,0.029889,-0.215701,0.180043,140
3355,B001A9LN38,1.4651,0.00067,0.032375,-0.351721,0.245867,323
3356,B001AATJZG,1.37089,0.00049,0.030296,-0.262051,0.208658,230
3357,B001ABLKK2,1.269697,0.000706,0.028055,-0.297779,0.241784,538
3358,B001ABYSFQ,1.368485,0.000444,0.030244,-0.243309,0.192428,214
3359,B001AC0HPK,1.175708,0.000346,0.025984,-0.256213,0.182706,1088
3360,B001AC1YT8,1.341094,0.000307,0.02964,-0.270605,0.193041,234
3361,B001ACCZ5K,1.295944,0.000706,0.028635,-0.283662,0.209983,337
3362,B001AD0HL8,1.103212,-0.000481,0.024379,-0.230199,0.206619,751
3363,B001ADOV4W,1.27567,0.00098,0.028178,-0.233424,0.218874,539
3364,B001ADOXKO,1.458318,0.000683,0.032225,-0.291011,0.192457,209
3365,B001ADP0OM,1.449073,0.000494,0.032024,-0.307282,0.227726,193
3366,B001ADQUWS,1.451662,0.000763,0.032076,-0.326809,0.279334,389
3367,B001ADSI3C,1.547431,0.000745,0.034194,-0.362812,0.256817,323
3368,B001ADU3B2,1.473945,0.000665,0.032571,-0.333464,0.238716,320
3369,B001AEQ9CI,1.2886,4.6e-05,0.028481,-0.325753,0.219897,631
3370,B001AFFBCG,1.318324,0.000147,0.029138,-0.288506,0.22286,355
3371,B001AFGLSO,1.343064,0.00049,0.029681,-0.28675,0.17359,276
3372,B001AFGRM4,1.411236,0.000117,0.031192,-0.312072,0.205781,288
3373,B001AFHJ8K,1.384561,0.00096,0.030587,-0.248839,0.172467,240
3374,B001AFIPP6,1.454996,0.000705,0.032151,-0.330837,0.230082,289
3375,B001AFIWEA,1.341492,0.000237,0.029649,-0.338221,0.236423,373
3376,B001AGC1NW,1.302836,0.000703,0.028787,-0.30414,0.176218,314
3377,B001AH8PZY,1.270448,0.000479,0.028076,-0.266776,0.151492,261
3378,B001AHAEZ8,1.562106,0.000929,0.034514,-0.296484,0.197908,107
3379,B001AHJJJA,1.38603,0.000119,0.030634,-0.255398,0.174208,136
3380,B001AIVBRC,1.308608,0.000323,0.028922,-0.277504,0.218701,343
3381,B001AJOEFM,1.275329,0.000147,0.028188,-0.280005,0.193098,305
3382,B001AL2CNG,1.329191,0.000288,0.029377,-0.306236,0.256169,532
3383,B001AL4DBA,1.336715,0.000498,0.029541,-0.248437,0.170869,273
3384,B001ALPKXA,1.394509,0.000505,0.030818,-0.281175,0.201742,229
3385,B001AMOKR6,1.468784,0.000337,0.032462,-0.299717,0.248905,297
3386,B001AN0UTC,1.313997,0.000448,0.029039,-0.266154,0.268992,859
3387,B001ANOONK,1.544639,0.000608,0.034135,-0.280258,0.238495,198
3388,B001ANOOOE,1.297667,0.000279,0.02868,-0.282517,0.171194,452
3389,B001AO0WCG,1.284264,0.000194,0.028385,-0.280019,0.220861,436
3390,B001AO0WDA,1.421634,5.6e-05,0.031422,-0.326499,0.252808,405
3391,B001AQ6HDM,1.33582,0.000175,0.029524,-0.326947,0.263745,598
3392,B001AROTDG,1.456432,0.000731,0.032182,-0.195915,0.177245,115
3393,B001ARQWW2,1.372499,0.00027,0.030334,-0.294832,0.190231,171
3394,B001ARQYV6,1.314506,-0.000219,0.029053,-0.289182,0.177821,239
3395,B001ARSVI0,1.401426,0.000151,0.030975,-0.28873,0.233163,422
3396,B001ARSVTY,1.378852,0.000219,0.030475,-0.232264,0.187399,136
3397,B001ARUX8G,1.445935,0.000269,0.031958,-0.273658,0.176057,137
3398,B001ASYBS8,1.374495,4e-05,0.03038,-0.293383,0.213932,397
3399,B001AUQMVK,1.263063,-2.5e-05,0.027917,-0.305441,0.19884,403
3400,B001AUYS3O,1.492022,0.000636,0.032971,-0.287992,0.193043,136
3401,B001AV4D7Y,1.527093,0.000633,0.033747,-0.359128,0.278971,293
3402,B001AVNE9C,1.337488,7.8e-05,0.029562,-0.222773,0.175329,198
3403,B001AVWSLW,1.448447,0.000617,0.032008,-0.319924,0.230435,233
3404,B001AWDWWA,1.287027,-7.2e-05,0.028446,-0.30782,0.175524,531
3405,B001AWG0BK,1.420889,-1.5e-05,0.031405,-0.305555,0.236147,875
3406,B001AWG0IS,1.309007,-5.6e-05,0.028932,-0.280537,0.207898,896
3407,B001AWJ5PI,1.351927,4.9e-05,0.029881,-0.285563,0.251912,1133
3408,B001AWL010,1.379159,-6.3e-05,0.030483,-0.2884,0.254344,1127
3409,B001AWVR5O,1.29297,0.000865,0.028565,-0.268748,0.176471,275
3410,B001AXIWGA,1.286666,0.000626,0.028432,-0.308296,0.257243,591
3411,B001AY8XSQ,1.446086,-0.000371,0.03196,-0.325995,0.243122,441
3412,B001AZIY6Q,1.246607,0.000144,0.027553,-0.278637,0.294166,1267
3413,B001AZPK90,1.548398,0.000681,0.034217,-0.326438,0.237814,177
3414,B001AZS6R8,1.279598,0.000604,0.028276,-0.328553,0.304386,1104
3415,B001AZXB0A,1.42876,0.000352,0.031577,-0.310141,0.295085,522
3416,B001B0TLYE,1.379395,0.000228,0.030487,-0.338704,0.268867,427
3417,B001B0X05U,1.397412,0.00039,0.030884,-0.307426,0.252391,235
3418,B001B153BS,1.402406,0.000873,0.030984,-0.262928,0.16554,122
3419,B001B1831U,1.352625,0.000421,0.029893,-0.27066,0.304246,622
3420,B001B1MFM8,1.224375,0.000242,0.027061,-0.276661,0.191029,466
3421,B001B1QMKO,1.368692,0.000689,0.030244,-0.296835,0.224282,390
3422,B001B1T2SS,1.50899,0.000875,0.033341,-0.365906,0.226108,233
3423,B001B2A2LS,1.34644,0.000467,0.029756,-0.245097,0.168542,168
3424,B001B2RX10,1.360277,0.000784,0.030055,-0.318275,0.232169,517
3425,B001B488WG,1.41841,0.000374,0.031348,-0.255213,0.178578,161
3426,B001B4NBOQ,1.350264,0.00015,0.029844,-0.304934,0.261353,425
3427,B001B4SEY8,1.352383,0.000235,0.02989,-0.304439,0.204959,172
3428,B001B54XL0,1.502925,-8.5e-05,0.033218,-0.309579,0.213315,249
3429,B001B5AZWQ,1.362862,7.4e-05,0.030123,-0.266951,0.19751,204
3430,B001B5ZFNA,1.355476,0.000441,0.029956,-0.306857,0.23924,426
3431,B001B611L4,1.591318,0.000327,0.035171,-0.337443,0.277393,409
3432,B001B7CJDM,1.231409,0.000121,0.027217,-0.272229,0.221318,556
3433,B001B7EXZY,1.423624,0.00027,0.031464,-0.32507,0.291845,625
3434,B001B7GJ2E,1.39833,0.000919,0.030893,-0.269511,0.178516,236
3435,B001B7KJUW,1.37245,0.000417,0.030332,-0.299955,0.226649,435
3436,B001B7MAU4,1.415705,9e-05,0.03129,-0.297242,0.207246,316
3437,B001B7PUBK,1.514603,0.000597,0.033471,-0.303378,0.203001,184
3438,B001B7PVRS,1.571044,0.000842,0.034714,-0.321643,0.221539,189
3439,B001B8OKK6,1.501777,7.7e-05,0.033193,-0.19945,0.145546,100
3440,B001B9BDPA,1.199381,-6e-05,0.026509,-0.293169,0.222108,610
3441,B001B9RGVU,1.330445,0.000294,0.029405,-0.288461,0.163376,281
3442,B001B9S416,1.384378,0.000387,0.030596,-0.247614,0.174225,169
3443,B001BAFQMK,1.358854,4.4e-05,0.030034,-0.288843,0.269306,332
3444,B001BAFQOS,1.302058,0.000255,0.028778,-0.285151,0.240915,924
3445,B001BAG38G,1.282256,0.000369,0.028339,-0.328029,0.281678,725
3446,B001BALMCS,1.361655,-0.00015,0.030096,-0.269913,0.183067,222
3447,B001BAM7HW,1.44196,-0.000401,0.031868,-0.3164,0.243934,427
3448,B001BAN0FK,1.587519,0.000783,0.035079,-0.278357,0.197527,104
3449,B001BAROMK,1.416796,-0.000294,0.031313,-0.30973,0.254062,287
3450,B001BBB18C,1.372473,0.00031,0.030333,-0.277694,0.240088,313
3451,B001BBINYM,1.150976,0.000343,0.025437,-0.240628,0.183795,930
3452,B001BBMG40,1.269418,0.000423,0.028054,-0.274306,0.226178,332
3453,B001BBQ1J6,1.315859,0.00112,0.029062,-0.259995,0.234274,391
3454,B001BBRPSW,1.430559,0.001125,0.031599,-0.293334,0.253717,376
3455,B001BBSK5Y,1.222408,0.00033,0.027016,-0.254368,0.200703,1045
3456,B001BDVPOA,1.40154,-0.000313,0.030976,-0.352821,0.213206,332
3457,B001BGBUYW,1.405592,0.000641,0.03106,-0.282417,0.250241,581
3458,B001BHGB8Q,1.307449,0.000398,0.028895,-0.250487,0.215225,364
3459,B001BHNHAG,1.341331,-0.000207,0.029646,-0.227447,0.183279,158
3460,B001BHOQRO,1.184257,0.000519,0.02617,-0.174926,0.162738,298
3461,B001BHUFTW,1.165255,0.00054,0.025749,-0.204756,0.165444,315
3462,B001BKFF76,1.376623,-0.000432,0.030424,-0.28209,0.180991,212
3463,B001BKO2ZC,1.357766,0.000192,0.030009,-0.248808,0.205293,332
3464,B001BLRYMO,1.633244,0.000664,0.036093,-0.321733,0.174265,109
3465,B001BMJPD4,1.377339,0.000678,0.030435,-0.27335,0.242387,311
3466,B001BMLJU6,1.375644,0.000953,0.03039,-0.273929,0.246247,451
3467,B001BNLDQA,1.380606,0.001015,0.030498,-0.323968,0.225773,453
3468,B001BODO2A,1.22217,0.000214,0.027012,-0.277547,0.21382,1168
3469,B001BOFIRO,1.61059,0.000726,0.035591,-0.334117,0.206527,100
3470,B001BOZXME,1.374892,0.000842,0.030377,-0.283695,0.25084,361
3471,B001BPFQF2,1.416842,0.000401,0.031313,-0.328405,0.206114,300
3472,B001BQXTQO,1.409468,1e-05,0.031153,-0.259661,0.17573,153
3473,B001BR97A0,1.31875,0.000325,0.029146,-0.260038,0.182656,228
3474,B001BSH2E2,1.34191,-9.5e-05,0.029659,-0.280294,0.199155,271
3475,B001BSJ2PO,1.447902,0.000175,0.032002,-0.309448,0.219302,304
3476,B001BSJ7P4,1.43593,0.000588,0.031732,-0.292946,0.234557,241
3477,B001BVGJPC,1.192305,0.000352,0.026351,-0.24477,0.258981,901
3478,B001C1LBG8,1.425768,-0.000128,0.031513,-0.31203,0.28824,541
3479,B001C2E10A,1.325475,0.000542,0.029291,-0.287283,0.185749,331
3480,B001C2NF5M,1.253071,-0.000221,0.027695,-0.255999,0.119177,154
3481,B001C2WQNY,1.343754,0.000324,0.029699,-0.282784,0.20963,284
3482,B001C3HF20,1.596735,0.000738,0.035284,-0.260476,0.221924,98
3483,B001C4Q3UY,1.305612,0.000287,0.028856,-0.285493,0.217374,340
3484,B001C53IBU,1.435898,0.000681,0.03173,-0.314836,0.22362,297
3485,B001C60YA2,1.301865,9.5e-05,0.028774,-0.271955,0.224517,544
3486,B001C69L6K,1.241479,0.000149,0.027439,-0.287124,0.272694,945
3487,B001C6H6F8,1.135765,0.000554,0.025097,-0.229169,0.20687,3493
3488,B001C6KMYU,1.10774,2.3e-05,0.024484,-0.214394,0.160048,717
3489,B001C7FEMO,1.498758,0.000891,0.033114,-0.270178,0.194343,222
3490,B001C9QET4,1.239601,0.00022,0.027397,-0.295194,0.243234,1346
3491,B001CB2OQO,1.212129,-0.000488,0.026787,-0.250301,0.224271,776
3492,B001CBEQME,1.303602,0.000166,0.028812,-0.301312,0.213859,946
3493,B001CC1VV2,1.393391,-8.1e-05,0.030797,-0.323753,0.269442,347
3494,B001CCQ84C,1.258954,0.000465,0.027822,-0.262349,0.146775,215
3495,B001CE6T76,1.337484,0.000333,0.02956,-0.291965,0.214104,426
3496,B001CENUPU,1.47389,0.000408,0.032574,-0.286462,0.176453,172
3497,B001CEPXKU,1.631137,0.000554,0.036048,-0.310224,0.185617,132
3498,B001CEWDHG,1.156417,5.2e-05,0.02556,-0.245305,0.173685,1009
3499,B001CJCFBK,1.270576,-6.6e-05,0.028083,-0.287421,0.222334,598
3500,B001CJCFE2,1.191342,-0.000276,0.02633,-0.281239,0.208103,784
3501,B001CJE0MC,1.356656,0.000696,0.029977,-0.316326,0.21241,410
3502,B001CJE0X6,1.222582,0.000645,0.027014,-0.280191,0.189922,527
3503,B001CJE0Y0,1.24983,0.000531,0.027619,-0.30493,0.229391,522
3504,B001CJFEJU,1.315097,0.000222,0.029066,-0.279951,0.211098,534
3505,B001CJFEKY,1.373964,0.00022,0.030367,-0.333551,0.205222,491
3506,B001CJFEX6,1.337262,0.000194,0.029556,-0.285024,0.194562,288
3507,B001CJFEYK,1.361576,0.000428,0.030091,-0.31991,0.210611,388
3508,B001CJJ5MM,1.342477,0.000326,0.02967,-0.310192,0.203825,509
3509,B001CJJ5NQ,1.396214,4.8e-05,0.03086,-0.308103,0.206801,317
3510,B001CJJ5QS,1.48528,0.000608,0.032823,-0.366182,0.199799,280
3511,B001CJJ5XG,1.276252,0.000323,0.028206,-0.290431,0.188745,350
3512,B001CJMLHS,1.297774,0.000424,0.028681,-0.276609,0.203008,349
3513,B001CJVP02,1.371115,0.000544,0.0303,-0.31545,0.222843,489
3514,B001CL2L6M,1.361242,0.000547,0.030082,-0.294295,0.245048,469
3515,B001CL6QG8,1.320144,0.000161,0.029178,-0.29904,0.221402,1099
3516,B001CL6QGS,1.235648,-0.000174,0.02731,-0.247947,0.188604,1014
3517,B001CL88MS,1.285457,0.000175,0.028411,-0.273683,0.234047,1084
3518,B001CL88QO,1.253632,-0.000163,0.027708,-0.260674,0.192682,659
3519,B001CL9XHW,1.223216,0.000372,0.027034,-0.258248,0.190996,1147
3520,B001CL9XI6,1.425846,0.000336,0.031513,-0.302225,0.250143,478
3521,B001CL9XIQ,1.361787,0.000113,0.030099,-0.293891,0.213508,319
3522,B001CLXNZ0,1.172189,0.000336,0.025906,-0.25787,0.227992,1909
3523,B001CM1XX8,1.13736,0.000267,0.025137,-0.232815,0.206947,586
3524,B001CMT83A,1.350998,-0.000385,0.029858,-0.32697,0.223921,440
3525,B001CN3QKK,1.227377,0.000333,0.027126,-0.257042,0.145113,236
3526,B001CPM03C,1.281159,-0.000265,0.028316,-0.269025,0.272884,480
3527,B001CQQQZE,1.371268,-9.8e-05,0.030308,-0.300738,0.205387,225
3528,B001CRX0NO,1.468114,0.000325,0.032447,-0.293685,0.272633,344
3529,B001CS6BIY,1.484078,0.001446,0.03277,-0.24472,0.155698,122
3530,B001CSNXLC,1.138225,6.1e-05,0.025158,-0.233206,0.242658,945
3531,B001CSOBWW,1.323708,5.4e-05,0.029257,-0.268936,0.259206,568
3532,B001CSROJO,1.517766,0.000553,0.033542,-0.343386,0.221398,259
3533,B001CT02B0,1.307525,0.000302,0.028898,-0.278667,0.22959,357
3534,B001CT053U,1.291409,0.00072,0.028534,-0.308121,0.296269,663
3535,B001CT079C,1.38739,0.000859,0.030653,-0.28433,0.219868,237
3536,B001CT0954,1.118186,0.000601,0.024707,-0.226156,0.209751,720
3537,B001CT09TK,1.386906,0.000972,0.030639,-0.334456,0.233535,319
3538,B001CT0AGC,1.232207,0.000802,0.027223,-0.273701,0.279725,670
3539,B001CTI2XA,1.219165,3.6e-05,0.026947,-0.256963,0.229221,809
3540,B001CTQMIC,1.4279,0.000124,0.03156,-0.310392,0.295383,505
3541,B001CTUX5K,1.48368,0.000238,0.032792,-0.315202,0.241127,273
3542,B001CTXRNU,1.247115,0.000568,0.027558,-0.256953,0.199498,1801
3543,B001CWF2US,1.339056,7.1e-05,0.029596,-0.246056,0.20718,302
3544,B001CWJVXC,1.488178,0.000287,0.032891,-0.288705,0.256257,113
3545,B001CXD1AA,1.481943,-0.001009,0.032739,-0.356334,0.232877,285
3546,B001CXP2HU,1.355239,0.000441,0.029951,-0.299958,0.274298,433
3547,B001CY5OSQ,1.448444,0.000379,0.032012,-0.314258,0.253111,364
3548,B001CY87TE,1.302358,-5.8e-05,0.028785,-0.246136,0.163176,266
3549,B001CYC4EI,1.203633,0.000334,0.026601,-0.202897,0.155519,156
3550,B001CYC4I4,1.524752,0.00074,0.033693,-0.277952,0.216954,161
3551,B001CYRV64,1.397473,-0.000319,0.030886,-0.316113,0.199445,322
3552,B001CZKXP4,1.587705,0.001463,0.035062,-0.233031,0.204229,150
3553,B001CZL7VS,1.550308,0.001294,0.034241,-0.21536,0.220395,204
3554,B001D06VSG,1.167267,0.000105,0.025799,-0.223967,0.224796,339
3555,B001D0ACUE,1.239143,0.000441,0.027385,-0.322001,0.248497,1974
3556,B001D0BH3K,1.287676,-4.7e-05,0.028461,-0.279856,0.189011,463
3557,B001D0CWQG,1.296403,0.001026,0.028635,-0.221143,0.244681,496
3558,B001D0EKE8,1.422933,0.00066,0.031443,-0.263271,0.190624,98
3559,B001D0IWDS,1.232957,8.4e-05,0.027251,-0.282331,0.230407,3766
3560,B001D0IWEC,1.29575,0.000377,0.028637,-0.283205,0.268469,2585
3561,B001D1648M,1.393671,0.000242,0.030803,-0.276574,0.201484,371
3562,B001D3K6U2,1.468374,0.000246,0.032454,-0.321623,0.260503,330
3563,B001D3O0XQ,1.290022,0.000867,0.028499,-0.294002,0.236668,558
3564,B001D3O18U,1.277062,0.00045,0.028223,-0.2601,0.198515,395
3565,B001D3Q124,1.390551,-0.000222,0.030734,-0.34323,0.225401,454
3566,B001D67O3G,1.280316,0.00093,0.028283,-0.302905,0.252968,501
3567,B001D9U07A,1.443656,4.8e-05,0.031908,-0.322291,0.202118,205
3568,B001D9UZTS,1.409821,0.000424,0.031158,-0.294359,0.263458,306
3569,B001D9VC04,1.451597,0.000123,0.032084,-0.333444,0.234823,267
3570,B001DBC8K0,1.346875,0.000223,0.029768,-0.292222,0.238309,926
3571,B001DBPZQE,1.486993,0.000278,0.032865,-0.303086,0.165112,132
3572,B001DDLNWM,1.461082,0.000898,0.032281,-0.284881,0.24203,417
3573,B001DHI0R4,1.348327,0.000822,0.02979,-0.298318,0.233852,500
3574,B001DHNBYQ,1.317004,0.000411,0.029106,-0.294469,0.233316,613
3575,B001DI776S,1.372624,0.000616,0.030332,-0.354082,0.262665,1100
3576,B001DITLI0,1.312811,0.000189,0.029016,-0.297488,0.21725,369
3577,B001DJ15KG,1.195606,0.00082,0.026413,-0.2869,0.229843,879
3578,B001DJ2USM,1.881534,0.000581,0.041583,-0.321113,0.200964,45
3579,B001DJ2V0E,1.29356,0.000145,0.028591,-0.283263,0.208097,325
3580,B001DJ9JJU,1.231177,-0.0,0.027212,-0.256274,0.214931,1100
3581,B001DJDP7C,1.295543,0.000281,0.028633,-0.24957,0.167021,235
3582,B001DK4HRS,1.34124,0.000205,0.029644,-0.28706,0.189364,273
3583,B001DK9RQE,1.465558,0.00035,0.032391,-0.347913,0.200529,316
3584,B001DKEW6O,1.298322,0.001086,0.028676,-0.347562,0.213203,1462
3585,B001DKF08S,1.303786,0.001136,0.028794,-0.345752,0.210589,1451
3586,B001DKGJQU,1.319333,0.001246,0.029134,-0.354506,0.21525,1675
3587,B001DKIFSA,1.148286,2e-06,0.02538,-0.261241,0.22001,1266
3588,B001DKK7Y0,1.279837,0.001079,0.028267,-0.354593,0.2043,1459
3589,B001DKO9JO,1.294075,0.000463,0.028599,-0.34739,0.249091,1483
3590,B001DKQ3O8,1.464006,0.000195,0.032358,-0.297101,0.184325,144
3591,B001DKRM8O,1.323191,0.000484,0.029242,-0.362807,0.260604,1687
3592,B001DKRMB6,1.324962,5.7e-05,0.029285,-0.397408,0.260756,1680
3593,B001DKVBJU,1.191109,0.000729,0.026316,-0.281077,0.282423,1706
3594,B001DMPAVI,1.414994,0.000684,0.031267,-0.297869,0.261121,398
3595,B001DNG6XS,1.329325,0.000575,0.029376,-0.288419,0.228231,287
3596,B001DNZJW2,1.302615,0.000307,0.028789,-0.290694,0.281156,856
3597,B001DO1LRS,1.254324,7e-06,0.027724,-0.258129,0.279084,608
3598,B001DO59FI,1.516262,-0.000676,0.033506,-0.272286,0.18766,190
3599,B001DO77XK,1.275932,0.000155,0.028201,-0.243452,0.228733,317
3600,B001DO77YY,1.450801,0.000341,0.032064,-0.250338,0.188801,216
3601,B001DO9VE8,1.356077,0.00065,0.029966,-0.287886,0.320665,637
3602,B001DOA73C,1.406019,0.001064,0.031058,-0.301962,0.257818,382
3603,B001DPMETG,1.238645,-0.000387,0.027374,-0.263182,0.21733,2089
3604,B001DQEGPA,1.403514,0.000944,0.031007,-0.292763,0.226961,428
3605,B001DSG9GC,1.332183,-0.000157,0.029444,-0.282309,0.226928,608
3606,B001DTZK0C,1.325853,0.000454,0.029301,-0.256219,0.211745,366
3607,B001DU4XPY,1.244343,0.000439,0.0275,-0.297755,0.194802,1736
3608,B001DU718U,1.423882,-0.000254,0.03147,-0.301606,0.232633,305
3609,B001DVPQEA,1.424816,0.000869,0.03148,-0.287339,0.178795,190
3610,B001DXOWA2,1.387167,-0.000272,0.030659,-0.309992,0.222455,293
3611,B001DXQMS2,1.329189,-0.000247,0.029377,-0.299551,0.215523,306
3612,B001DYFIPY,1.341304,0.000949,0.029631,-0.276406,0.179296,268
3613,B001DYK6LU,1.392213,0.000258,0.03077,-0.336625,0.261828,1894
3614,B001DYLHJA,1.349093,-1.3e-05,0.029818,-0.338315,0.231988,483
3615,B001DYM5Y6,1.262667,-3.1e-05,0.027908,-0.283239,0.23421,749
3616,B001DYM62C,1.722802,-0.000625,0.038073,-0.359757,0.185106,76
3617,B001DZGYSS,1.215468,0.000416,0.026862,-0.250833,0.244294,482
3618,B001E0R2YW,1.122246,-0.000201,0.024804,-0.256085,0.191025,653
3619,B001E0VBDK,1.138277,-0.000201,0.025158,-0.25985,0.220213,1293
3620,B001E0VOW8,1.313582,-0.000483,0.029029,-0.305655,0.262883,961
3621,B001E11CPQ,1.185725,0.000309,0.026206,-0.251664,0.217036,562
3622,B001E15III,1.386881,-0.000242,0.030653,-0.374401,0.292451,868
3623,B001E23YV0,1.21358,0.000777,0.026812,-0.268903,0.275043,535
3624,B001E25G0W,1.30075,0.000697,0.028741,-0.333171,0.278868,540
3625,B001E25USU,1.219866,-0.000133,0.026962,-0.293088,0.265445,550
3626,B001E2RGY6,1.347323,0.000296,0.029778,-0.335723,0.22657,259
3627,B001E33FFY,1.364653,0.000556,0.030157,-0.305553,0.238288,490
3628,B001E3SG2Q,1.371809,-7.7e-05,0.03032,-0.324367,0.212335,287
3629,B001E5D0L6,1.372877,0.000128,0.030344,-0.294032,0.237243,364
3630,B001E5E2EA,1.402932,0.000292,0.031007,-0.281344,0.198133,208
3631,B001E5E9W0,1.333262,0.000365,0.029466,-0.296365,0.198577,1407
3632,B001E5EBCS,1.346672,0.000455,0.029761,-0.290257,0.268481,2073
3633,B001E5ECV8,1.412997,0.000432,0.031228,-0.299608,0.249571,338
3634,B001E5EDJY,1.319504,0.000365,0.029162,-0.205529,0.148363,157
3635,B001E6EME4,1.41666,8.1e-05,0.031312,-0.286567,0.226754,289
3636,B001E6G6FC,1.283254,0.00022,0.028362,-0.27463,0.259444,847
3637,B001E6G6RU,1.417563,0.000295,0.03133,-0.339314,0.228543,626
3638,B001E6O8WU,1.509266,-0.0002,0.033358,-0.265939,0.179255,111
3639,B001E6O9K6,1.234739,6.5e-05,0.027291,-0.235382,0.137435,233
3640,B001E6O9M4,1.40217,0.000339,0.03099,-0.311855,0.18809,270
3641,B001E6OC44,1.328261,4.1e-05,0.029358,-0.284426,0.212614,316
3642,B001E6P6MQ,1.414566,0.000291,0.031264,-0.322737,0.247478,395
3643,B001E6R61U,1.29044,0.000165,0.028521,-0.295248,0.209089,403
3644,B001E6TDYS,1.397376,-9.1e-05,0.030885,-0.316559,0.221406,302
3645,B001E6TX0C,1.222131,1e-04,0.027012,-0.279555,0.222378,661
3646,B001E6US10,1.313576,0.00025,0.029032,-0.285066,0.227738,405
3647,B001E724CA,1.400042,0.000761,0.030935,-0.321505,0.246944,393
3648,B001E724VG,1.267749,-0.000162,0.02802,-0.261422,0.231397,375
3649,B001E763NQ,1.34895,-0.000248,0.029814,-0.319143,0.223764,327
3650,B001E765KC,1.466496,0.00093,0.0324,-0.348794,0.32987,501
3651,B001E765R0,1.300378,-0.000166,0.028741,-0.24953,0.21971,345
3652,B001E7688Q,1.319351,0.000159,0.02916,-0.292013,0.211514,688
3653,B001E768AE,1.369063,-0.000178,0.030259,-0.29686,0.243866,401
3654,B001E76B0G,1.353002,0.000568,0.029899,-0.332416,0.287332,395
3655,B001E76FFW,1.476774,-0.000171,0.03264,-0.269863,0.196498,134
3656,B001E77OUM,1.295685,-0.000348,0.028636,-0.295639,0.23043,373
3657,B001E7BEEE,1.261753,0.000495,0.027883,-0.280857,0.246266,1272
3658,B001E8HI8E,1.26381,4e-06,0.027933,-0.247047,0.177293,213
3659,B001E8ISJW,1.238161,-8.6e-05,0.027366,-0.254018,0.202697,339
3660,B001E8JE54,1.304949,0.000245,0.028842,-0.311229,0.186038,618
3661,B001E8WBP4,1.153871,0.000227,0.025502,-0.249345,0.205392,659
3662,B001E919LU,1.343911,-3.8e-05,0.029704,-0.346456,0.243268,622
3663,B001E96KYG,1.54316,0.00055,0.034103,-0.254737,0.161183,86
3664,B001E96KZ0,1.375362,0.000206,0.030398,-0.240044,0.168667,208
3665,B001E96L1S,1.453835,0.000541,0.032129,-0.333701,0.286819,571
3666,B001E96L2W,1.36679,0.000612,0.030203,-0.308471,0.222744,518
3667,B001E96L6I,1.346468,0.000312,0.029759,-0.26306,0.2654,3316
3668,B001E96L72,1.409804,0.000322,0.031159,-0.319413,0.237183,323
3669,B001E96L9A,1.417982,0.000237,0.03134,-0.327064,0.203811,359
3670,B001E96L9K,1.444854,0.000723,0.031927,-0.341648,0.277393,584
3671,B001E96LB8,1.34608,0.00032,0.02975,-0.301468,0.251671,724
3672,B001E96LCM,1.268007,0.000365,0.028024,-0.301016,0.265046,643
3673,B001E96LSQ,1.343799,9.9e-05,0.029701,-0.263553,0.273576,523
3674,B001E96LWM,1.382486,0.00036,0.030554,-0.305499,0.211126,387
3675,B001E96M58,1.302542,0.000649,0.028782,-0.296164,0.241674,538
3676,B001E96MQC,1.399502,0.000109,0.030932,-0.29058,0.253989,379
3677,B001E96MQM,1.4118,0.000122,0.031204,-0.312679,0.220559,270
3678,B001E96MTY,1.36462,-0.000217,0.030161,-0.274146,0.263911,421
3679,B001E96MUI,1.268493,-0.000205,0.028036,-0.247488,0.253649,695
3680,B001E96MZ8,1.334933,3.6e-05,0.029505,-0.245611,0.284707,565
3681,B001E96N20,1.15203,0.000448,0.025459,-0.241185,0.235309,653
3682,B001E96N2U,1.490747,0.000952,0.032935,-0.326417,0.269562,441
3683,B001E96N48,1.381911,0.000915,0.03053,-0.268613,0.287846,522
3684,B001E96NEI,1.229767,0.000498,0.027176,-0.230049,0.185053,1106
3685,B001E96NF2,1.525451,0.000701,0.033709,-0.243966,0.197282,131
3686,B001E96NHK,1.261251,0.000279,0.027875,-0.254735,0.226956,723
3687,B001E96NIE,1.596556,0.000317,0.035286,-0.315826,0.230878,155
3688,B001E96NKC,1.280192,0.000493,0.028291,-0.30266,0.20764,820
3689,B001E96NQG,1.31344,0.000346,0.029028,-0.316142,0.21312,651
3690,B001E96NYS,1.389824,0.000503,0.030714,-0.291406,0.244348,477
3691,B001E96OHO,1.533528,0.000361,0.033893,-0.262181,0.17675,109
3692,B001E96OZ6,1.427993,0.000292,0.031561,-0.322537,0.281689,725
3693,B001E96P0U,1.259664,0.000123,0.027841,-0.240947,0.193369,721
3694,B001E96P1E,1.355393,0.00023,0.029957,-0.284971,0.24701,585
3695,B001E96PM8,1.386074,9.1e-05,0.030636,-0.28171,0.288268,437
3696,B001EBBKNU,1.268257,0.000642,0.028024,-0.253555,0.232471,1092
3697,B001ECHLBY,1.419602,0.000367,0.031375,-0.347349,0.205695,383
3698,B001ECQ3A4,1.377294,0.000641,0.030435,-0.276873,0.250165,554
3699,B001ECQ3YU,1.644131,0.000962,0.036327,-0.367298,0.253858,899
3700,B001ECQ4IU,1.512499,0.00017,0.03343,-0.277719,0.189246,148
3701,B001ECQ4JE,1.393693,0.000399,0.030801,-0.255033,0.222126,116
3702,B001ECQ4L2,1.469804,-0.000123,0.032486,-0.277255,0.161527,111
3703,B001ECQ4OY,1.463788,8.6e-05,0.032353,-0.288381,0.199328,154
3704,B001ECQ4PS,1.425965,-5.6e-05,0.031517,-0.314143,0.276324,515
3705,B001ECQ4R6,1.415518,0.000547,0.031282,-0.216303,0.176466,123
3706,B001ECQ4RG,1.428036,2.8e-05,0.031563,-0.24205,0.160994,95
3707,B001ECQ4RQ,1.50585,0.000167,0.033283,-0.260437,0.179991,118
3708,B001ECQ4TO,1.459475,0.000221,0.032257,-0.247146,0.173182,110
3709,B001ECQ4TY,1.365575,-3.9e-05,0.030183,-0.235054,0.158714,136
3710,B001ECQ4WQ,1.517122,-0.000109,0.033532,-0.253982,0.175174,107
3711,B001ECQ4YO,1.580831,-3.3e-05,0.03494,-0.277731,0.19134,98
3712,B001ECQ51G,1.547108,0.000139,0.034195,-0.285778,0.187299,125
3713,B001ECQ55M,1.460988,0.000597,0.032286,-0.243542,0.155707,117
3714,B001ECQ5CA,1.514695,0.000446,0.033476,-0.282342,0.230496,132
3715,B001ECQ5FC,1.467024,7.6e-05,0.032425,-0.278545,0.261571,148
3716,B001ECQ5IE,1.459516,0.000219,0.032258,-0.241291,0.193626,131
3717,B001ECQDVS,1.248196,0.000221,0.027587,-0.235151,0.198128,352
3718,B001EDHAU0,1.406123,0.000348,0.031077,-0.273358,0.19698,236
3719,B001EGP680,1.301026,0.000484,0.028752,-0.285286,0.188274,421
3720,B001EJOFA2,1.610242,0.000386,0.035588,-0.285052,0.187555,98
3721,B001EJOPPM,1.381312,-0.000154,0.03053,-0.323863,0.232015,900
3722,B001EJOPTS,1.216678,-0.000117,0.026891,-0.281846,0.288326,1068
3723,B001EJOPV6,1.389665,0.000432,0.030712,-0.31263,0.301026,471
3724,B001EJOPW0,1.280537,0.000535,0.028298,-0.30264,0.287046,483
3725,B001EJOPXE,1.211718,0.000512,0.026777,-0.254209,0.196244,614
3726,B001EJOPZC,1.56331,-1.2e-05,0.034553,-0.453735,0.232321,1054
3727,B001EJVG18,1.530824,9e-06,0.033835,-0.305592,0.180762,179
3728,B001EJXCH4,1.390553,4.9e-05,0.030735,-0.319132,0.252457,377
3729,B001ELJO0G,1.544589,0.000682,0.034132,-0.35919,0.278439,320
3730,B001ELJO0Q,1.38606,0.000258,0.030634,-0.323476,0.207066,509
3731,B001ELTPUU,1.183514,0.00059,0.026152,-0.273543,0.238404,1134
3732,B001ELZI60,1.183779,-0.000362,0.026162,-0.27294,0.253586,1766
3733,B001EM1BBK,1.380399,0.000261,0.030509,-0.324914,0.270793,1938
3734,B001EM8MNA,1.386356,0.000367,0.03064,-0.331227,0.243108,697
3735,B001EMR902,1.389958,0.000716,0.030713,-0.276023,0.2103,339
3736,B001ENWY38,1.218911,0.000271,0.02694,-0.233544,0.257364,368
3737,B001EO5WVI,1.498142,-0.000111,0.033112,-0.282337,0.217092,167
3738,B001EO5WWW,1.436734,-1.3e-05,0.031755,-0.254254,0.206436,139
3739,B001EO5WYU,1.604553,-0.000287,0.035463,-0.291848,0.166733,71
3740,B001EO5X12,1.336358,6.1e-05,0.029537,-0.281973,0.228255,331
3741,B001ERIXNY,1.319464,0.000553,0.029158,-0.284562,0.23303,560
3742,B001ERM0AG,1.293586,0.000533,0.028587,-0.317518,0.245498,2007
3743,B001ES8GGC,1.565984,0.000214,0.034611,-0.31053,0.259825,227
3744,B001ESE2KG,1.463128,-0.000187,0.032338,-0.305738,0.232039,1119
3745,B001ESIZA4,1.390635,0.000802,0.030726,-0.285655,0.189212,300
3746,B001ESOKOY,1.282172,0.000597,0.028333,-0.266357,0.226462,434
3747,B001ET6X5M,1.421802,0.000324,0.031424,-0.302237,0.249187,543
3748,B001ET6XCA,1.375843,0.000719,0.030401,-0.277125,0.234705,370
3749,B001ET6XKM,1.13545,0.00036,0.025094,-0.221192,0.207161,501
3750,B001ET6XMK,1.250953,0.000289,0.027648,-0.261199,0.226188,408
3751,B001ET6XNO,1.328394,0.000251,0.02936,-0.298545,0.188709,334
3752,B001ET6XOI,1.085787,0.000171,0.023998,-0.234951,0.143813,641
3753,B001ET6XRA,1.40696,0.00049,0.031093,-0.321224,0.189528,441
3754,B001ET6XVG,1.244941,4.8e-05,0.027516,-0.273541,0.216777,620
3755,B001ET6Y4C,1.40781,0.000184,0.031116,-0.320848,0.230643,408
3756,B001ET6ZNM,1.481232,-0.000224,0.032738,-0.247594,0.156172,121
3757,B001ET704A,1.303099,0.000646,0.028794,-0.24458,0.192214,237
3758,B001ET727U,1.21296,0.000582,0.026803,-0.293418,0.24639,863
3759,B001ET72C0,1.444173,0.000707,0.031912,-0.366096,0.262925,1430
3760,B001ET734C,1.267836,0.000752,0.028012,-0.270118,0.215068,520
3761,B001ET73D8,1.5515,0.000657,0.034286,-0.280507,0.231275,155
3762,B001ET73JM,1.294489,0.000737,0.028602,-0.2617,0.23632,490
3763,B001ET73QA,1.356665,0.001137,0.029964,-0.30429,0.346392,871
3764,B001ET765I,1.2814,0.000279,0.028321,-0.274831,0.229716,707
3765,B001ET76C6,1.219163,-0.000135,0.026946,-0.293354,0.218151,676
3766,B001ET76E4,1.447192,2e-06,0.031987,-0.236705,0.15644,114
3767,B001ET76EY,1.569238,-0.000197,0.034683,-0.310103,0.178246,127
3768,B001ET76FI,1.444139,0.000332,0.031917,-0.29898,0.204478,199
3769,B001ET76OO,1.244377,9.5e-05,0.027504,-0.262966,0.293863,607
3770,B001ET77NY,1.417809,0.000615,0.031331,-0.333967,0.201852,254
3771,B001ET77Q6,1.203266,-6.6e-05,0.026595,-0.253231,0.25269,665
3772,B001ET77YI,1.422718,0.000747,0.031437,-0.357307,0.257906,1434
3773,B001ET785G,1.357535,0.000415,0.030002,-0.291478,0.279403,643
3774,B001ET788I,1.384797,-0.000109,0.030607,-0.267414,0.196409,137
3775,B001ET788S,1.35066,0.000158,0.029853,-0.288661,0.259126,772
3776,B001ET7892,1.233908,-0.000142,0.027272,-0.274396,0.276128,746
3777,B001ET789M,1.407334,0.000159,0.031105,-0.334296,0.273671,725
3778,B001ET78BA,1.08154,-0.000319,0.023903,-0.218988,0.259631,719
3779,B001ET78BU,1.204502,6.5e-05,0.026622,-0.244734,0.254799,774
3780,B001ET78CE,1.160495,-5e-06,0.02565,-0.235122,0.206443,673
3781,B001ET78CY,1.36909,0.000121,0.03026,-0.287317,0.200703,269
3782,B001ET78D8,1.249206,0.0002,0.02761,-0.313108,0.238728,778
3783,B001ET78L0,1.292282,0.00027,0.028561,-0.307328,0.303728,554
3784,B001ET78QK,1.423166,0.00054,0.031451,-0.273513,0.207463,221
3785,B001ET78RE,1.401053,0.001203,0.030943,-0.331619,0.352301,871
3786,B001ET79H8,1.462138,6e-06,0.032317,-0.280871,0.188765,133
3787,B001ET7A4K,1.312451,0.000363,0.029006,-0.280721,0.245556,1112
3788,B001ET7AUY,1.368081,0.001285,0.030211,-0.307086,0.356465,942
3789,B001ET7AYA,1.353204,0.000593,0.029903,-0.277348,0.231029,446
3790,B001ET7BDK,1.260262,0.001016,0.027836,-0.261689,0.304835,1032
3791,B001ET7BF8,1.221152,0.000789,0.026979,-0.243557,0.30465,1040
3792,B001ET7BJ4,1.451424,0.000562,0.032075,-0.291805,0.308874,428
3793,B001ET7BQC,1.206266,0.000852,0.026648,-0.25115,0.296486,1036
3794,B001ET7EE6,1.287735,0.000798,0.028451,-0.275564,0.215502,450
3795,B001ET7EQY,1.602616,-0.00011,0.035422,-0.295653,0.156133,125
3796,B001ET7ERI,1.664308,-0.00048,0.036782,-0.319415,0.205478,119
3797,B001ET7FL8,1.366445,-0.000132,0.030202,-0.318913,0.24582,362
3798,B001ET7HJI,1.222508,0.000293,0.027019,-0.26409,0.265893,689
3799,B001ET7IQK,1.501008,-2e-06,0.033176,-0.212439,0.148658,100
3800,B001ET7IWE,1.209291,0.000534,0.026723,-0.214338,0.227532,575
3801,B001ET7J6E,1.307955,0.000766,0.028899,-0.289116,0.250995,486
3802,B001ET7JB4,1.459682,0.000345,0.032261,-0.248209,0.171546,144
3803,B001ET7JC8,1.21278,0.000351,0.026803,-0.255197,0.218844,582
3804,B001ET7KAY,1.537285,-0.0002,0.033977,-0.22205,0.137559,106
3805,B001ET7KC2,1.500815,-0.000106,0.033172,-0.310174,0.21637,131
3806,B001ET7KJ0,1.369605,0.000316,0.03027,-0.312183,0.260288,233
3807,B001ET7LAI,1.308543,0.000533,0.028917,-0.271849,0.185874,425
3808,B001ET7M84,1.406448,-0.000234,0.031085,-0.330521,0.240232,500
3809,B001ET7M98,1.270093,3.8e-05,0.028072,-0.262291,0.273033,756
3810,B001ET7MJI,1.458373,0.000174,0.032233,-0.349547,0.193034,341
3811,B001EUS64M,1.304717,-1.2e-05,0.028837,-0.271691,0.250049,704
3812,B001EUS8G8,1.217002,5.5e-05,0.026899,-0.234413,0.242022,635
3813,B001EVUXY2,1.656569,0.000328,0.036613,-0.330344,0.193959,91
3814,B001EWEP7C,1.139333,0.000662,0.025173,-0.314283,0.25225,1157
3815,B001EWET8W,1.344608,3.7e-05,0.029719,-0.330126,0.266748,483
3816,B001EWET96,1.327679,-0.000228,0.029344,-0.280815,0.243773,423
3817,B001EWETAK,1.276816,0.000531,0.028216,-0.307144,0.246087,3509
3818,B001EWF2F6,1.442483,0.000703,0.031875,-0.281568,0.194126,212
3819,B001EWF2H4,1.394937,0.000531,0.030827,-0.216008,0.193962,173
3820,B001EWF2SI,1.362778,0.000653,0.030114,-0.207275,0.175605,185
3821,B001EWF2TM,1.273772,0.000225,0.028153,-0.264785,0.231296,644
3822,B001EWF3DC,1.332596,0.00039,0.029451,-0.323928,0.22275,527
3823,B001EWF3F0,1.385538,6.8e-05,0.030624,-0.317063,0.225532,351
3824,B001EWF3GO,1.399666,0.000448,0.030933,-0.314257,0.205139,340
3825,B001EXHT2O,1.409806,0.000615,0.031154,-0.22896,0.191992,137
3826,B001EXJPIU,1.366366,0.000392,0.030198,-0.312074,0.236181,529
3827,B001EYFNVW,1.29703,0.000471,0.028664,-0.175377,0.149173,150
3828,B001EYFYNO,1.52034,0.000948,0.03359,-0.270667,0.169295,142
3829,B001F02LXI,1.384799,0.000861,0.030595,-0.285768,0.262673,436
3830,B001F0QX0K,1.398992,-4.5e-05,0.030921,-0.297395,0.239152,235
3831,B001F0R25A,1.367212,0.000423,0.030216,-0.308691,0.196993,609
3832,B001F0RBRE,1.276147,0.000216,0.028205,-0.346851,0.271364,1447
3833,B001F40C94,1.300892,0.000491,0.028749,-0.278322,0.191667,299
3834,B001F51PWG,1.436896,-0.000229,0.031758,-0.222386,0.151078,76
3835,B001F51PXA,1.456185,-0.000343,0.032183,-0.23596,0.172637,96
3836,B001F51RCY,1.31118,-0.000283,0.028979,-0.248725,0.153824,182
3837,B001F51RL0,1.272975,8.6e-05,0.028136,-0.200816,0.145398,173
3838,B001F51RNI,1.28604,-9e-05,0.028425,-0.220684,0.147838,142
3839,B001F51SZA,1.364994,-0.000111,0.03017,-0.312999,0.30181,653
3840,B001F51T3Q,1.307119,0.000385,0.028888,-0.257259,0.324302,1128
3841,B001F51T9U,1.194346,0.000515,0.026393,-0.220801,0.271679,914
3842,B001F51TBI,1.459089,0.000634,0.032243,-0.255379,0.20051,177
3843,B001F51TDG,1.256438,0.000655,0.027763,-0.24341,0.247515,1069
3844,B001F51TGI,1.310787,0.000728,0.028962,-0.259335,0.284564,1331
3845,B001F51THW,1.216224,-4e-06,0.026882,-0.245527,0.209126,711
3846,B001F51TNQ,1.548888,0.001103,0.034216,-0.258826,0.202627,134
3847,B001F51TR2,1.385611,0.000303,0.030624,-0.300058,0.232341,426
3848,B001F51TS6,1.496173,-6.5e-05,0.033069,-0.301881,0.161977,143
3849,B001F51TTA,1.171152,0.00044,0.025882,-0.216962,0.233785,970
3850,B001F51TVI,1.553917,-2.1e-05,0.034345,-0.299893,0.175423,131
3851,B001F51V3E,1.59426,3.2e-05,0.035237,-0.307056,0.176883,91
3852,B001F51V9S,1.482445,0.000149,0.032765,-0.29377,0.173182,137
3853,B001F51VAM,1.475032,0.000308,0.0326,-0.245001,0.156663,126
3854,B001FB5HZG,1.332877,0.00044,0.029457,-0.291062,0.202871,309
3855,B001FB5IDW,1.446264,0.00047,0.031963,-0.230968,0.164933,109
3856,B001FB5IEG,1.341366,0.000111,0.029647,-0.296291,0.192562,232
3857,B001FB5IFK,1.303855,0.000423,0.028815,-0.294942,0.201897,522
3858,B001FB5IFU,1.401996,0.00016,0.030987,-0.290494,0.222514,307
3859,B001FB5IIC,1.527763,8.1e-05,0.033767,-0.299543,0.242562,137
3860,B001FB5IIM,1.441158,0.000228,0.031852,-0.364961,0.237771,416
3861,B001FB5IMI,1.420319,0.00014,0.031392,-0.278387,0.232862,296
3862,B001FB5IN2,1.651156,0.000335,0.036493,-0.338716,0.203648,124
3863,B001FB5IQO,1.564315,0.000351,0.034573,-0.287404,0.175921,110
3864,B001FB5IRI,1.62765,0.000749,0.035967,-0.283104,0.186621,59
3865,B001FB5NTG,1.448832,0.000208,0.032022,-0.285962,0.171079,129
3866,B001FB5TLI,1.422957,-0.000109,0.031451,-0.286176,0.228715,162
3867,B001FBCLS2,1.41339,-2e-05,0.031239,-0.319613,0.240352,361
3868,B001FBOC2A,1.527938,-0.00087,0.03376,-0.269416,0.167167,107
3869,B001FE16QC,1.349281,-2.4e-05,0.029822,-0.300202,0.242634,519
3870,B001FFH4Q2,1.3191,0.000621,0.029149,-0.283772,0.217327,552
3871,B001FO2GW0,1.43114,0.000608,0.031626,-0.274349,0.180365,184
3872,B001FOFI0W,1.471623,-0.000213,0.032526,-0.218786,0.173367,141
3873,B001FORJXQ,1.073923,0.000108,0.023736,-0.238514,0.223524,684
3874,B001FQPPWQ,1.386582,0.000163,0.030646,-0.319332,0.261746,434
3875,B001FQR524,1.243883,-4.9e-05,0.027493,-0.25053,0.256785,578
3876,B001FS0HAY,1.266168,0.000578,0.027979,-0.288396,0.23267,541
3877,B001FSK8QM,1.507317,0.000452,0.033312,-0.265224,0.213109,88
3878,B001FSK8SA,1.4866,0.000638,0.032851,-0.281177,0.244511,116
3879,B001FT3OZI,1.352247,0.000365,0.029886,-0.269116,0.254943,382
3880,B001FT75SA,1.410914,0.000359,0.031183,-0.308554,0.269498,476
3881,B001FVIRHQ,1.164636,0.00014,0.025741,-0.279294,0.226828,1320
3882,B001FWXHC0,1.140798,0.000454,0.02521,-0.270411,0.218785,729
3883,B001FWXI5G,1.204754,0.00028,0.026627,-0.296417,0.24545,608
3884,B001FWXI6U,1.233906,0.000185,0.027272,-0.290912,0.244335,609
3885,B001FWXIBU,1.272899,0.000717,0.028125,-0.307703,0.26232,811
3886,B001FWXISS,1.28531,0.000677,0.0284,-0.305367,0.257998,813
3887,B001FWXIVU,1.210287,0.000174,0.02675,-0.286904,0.233555,572
3888,B001FWXJ4G,1.224189,0.000252,0.027056,-0.262986,0.267506,498
3889,B001FWXMGG,1.403573,0.001032,0.031005,-0.34159,0.238326,462
3890,B001FYSHL4,1.489613,0.000614,0.032918,-0.326071,0.266721,482
3891,B001FYV0HM,1.360281,0.000558,0.03006,-0.299183,0.193784,469
3892,B001FYV87O,1.398554,0.000724,0.030903,-0.283077,0.23005,368
3893,B001FYXA6G,1.201867,0.00034,0.026562,-0.274712,0.194794,537
3894,B001FYZLPE,1.582324,-5.8e-05,0.034973,-0.252328,0.166436,103
3895,B001FYZTEW,1.338772,0.000526,0.029586,-0.275439,0.256353,608
3896,B001G0JNP6,1.31071,0.00013,0.02897,-0.265467,0.213648,714
3897,B001G0JNT2,1.403137,0.000176,0.031012,-0.318673,0.213242,373
3898,B001G0ML96,1.486188,0.000274,0.032847,-0.304926,0.179863,192
3899,B001G0SBZO,1.221213,0.000528,0.026987,-0.283839,0.214353,418
3900,B001G0UC1A,1.214401,0.000174,0.026841,-0.307696,0.226851,589
3901,B001G0W96G,1.172722,0.000123,0.02592,-0.239529,0.217839,677
3902,B001G2B8NO,1.404859,0.000848,0.031039,-0.227284,0.198878,219
3903,B001G2GCO4,1.385301,0.00081,0.030608,-0.24024,0.199284,246
3904,B001G2L1O0,1.409596,0.001009,0.031139,-0.241449,0.208198,206
3905,B001G2LWDK,1.274398,-5.2e-05,0.028167,-0.283946,0.179828,1660
3906,B001G3TGT6,1.345275,0.000597,0.029728,-0.294005,0.207306,297
3907,B001G3VA22,1.291942,0.000556,0.02855,-0.254685,0.17131,269
3908,B001G52ZHO,1.289173,0.000487,0.02849,-0.216454,0.166757,168
3909,B001G773BU,1.202382,-0.000459,0.026572,-0.261887,0.220646,820
3910,B001G79X4U,1.393623,-8.9e-05,0.030802,-0.342384,0.220553,435
3911,B001G7GR5S,1.160134,0.000558,0.025636,-0.257555,0.191383,468
3912,B001G7HMEI,1.328056,0.000544,0.029348,-0.274082,0.183586,236
3913,B001G7OCSM,1.341959,0.000529,0.029656,-0.262069,0.203322,279
3914,B001G7PIJ4,1.531527,0.0008,0.033841,-0.371242,0.29983,1440
3915,B001G7PJAC,1.372586,0.000368,0.030335,-0.296655,0.257446,546
3916,B001G7PLBY,1.22617,0.00016,0.027101,-0.227918,0.201672,1056
3917,B001G7PLDW,1.446311,-2.8e-05,0.031967,-0.276326,0.191796,153
3918,B001G7PLOG,1.443416,0.000633,0.031897,-0.348822,0.236722,540
3919,B001G7PLZ0,1.379072,-0.000195,0.03048,-0.296819,0.32155,566
3920,B001G7PMOK,1.440108,0.000282,0.031829,-0.333353,0.2162,336
3921,B001G7PNU8,1.500122,-9.1e-05,0.033156,-0.359245,0.249276,246
3922,B001G7POOI,1.298525,0.000104,0.0287,-0.201959,0.163804,184
3923,B001G7PPNI,1.152957,0.000395,0.02548,-0.222795,0.2784,745
3924,B001G7PQKA,1.510755,0.000526,0.033387,-0.344527,0.267915,362
3925,B001G7PSCQ,1.172414,0.000397,0.02591,-0.26732,0.191841,995
3926,B001G7PU4M,1.448269,0.000318,0.032009,-0.336954,0.23871,550
3927,B001G7PWAE,1.32152,-0.000341,0.029207,-0.301974,0.271033,670
3928,B001G7PWCM,1.442899,0.000247,0.031891,-0.313079,0.290483,512
3929,B001G7PWD6,1.327886,0.000182,0.029349,-0.306817,0.24532,501
3930,B001G7PWI6,1.490086,0.000426,0.032932,-0.324039,0.276095,568
3931,B001G7PZRY,1.237439,-0.000153,0.02735,-0.258327,0.244858,556
3932,B001G7QYZQ,1.359503,6e-06,0.030048,-0.308596,0.21645,280
3933,B001G7R2UM,1.540705,-0.000309,0.034052,-0.358851,0.289253,407
3934,B001G7R3JW,1.351614,0.000241,0.029873,-0.285895,0.161849,234
3935,B001G7R3QK,1.446047,0.000266,0.03196,-0.290607,0.172408,231
3936,B001G8WF1M,1.335874,0.000543,0.029521,-0.310601,0.218079,305
3937,B001G9APMC,1.295811,0.000698,0.028632,-0.279478,0.24354,494
3938,B001GAOUZY,1.351542,6.8e-05,0.029872,-0.294392,0.22499,397
3939,B001GBF0A2,1.431732,0.000716,0.031637,-0.315564,0.206343,310
3940,B001GEEQ90,1.075473,0.000468,0.023766,-0.224229,0.196604,809
3941,B001GELIBO,1.415805,0.000208,0.031292,-0.337089,0.238842,346
3942,B001GF7W0Y,1.502182,0.000791,0.033193,-0.310425,0.299527,461
3943,B001GGX0EK,1.373189,0.000485,0.030347,-0.321884,0.264126,526
3944,B001GIM7R4,1.267331,7.7e-05,0.028011,-0.341621,0.249375,598
3945,B001GIOV1Y,1.210557,0.000217,0.026755,-0.259353,0.242954,595
3946,B001GIOV7S,1.354973,0.000387,0.029946,-0.303823,0.26701,761
3947,B001GIOV82,1.313105,0.000459,0.029019,-0.286075,0.265878,822
3948,B001GIOV8C,1.292762,2.2e-05,0.028573,-0.311376,0.268111,552
3949,B001GIOV8M,1.304272,0.000228,0.028827,-0.306143,0.24319,861
3950,B001GIOW36,1.385356,0.001021,0.030603,-0.189876,0.147188,96
3951,B001GIOW3G,1.455003,0.000411,0.032157,-0.254582,0.217755,160
3952,B001GIOW72,1.218531,0.000397,0.02693,-0.23992,0.173555,372
3953,B001GKEX4M,1.63228,0.000521,0.036074,-0.326976,0.187591,109
3954,B001GMANIK,1.279412,0.000642,0.028271,-0.23717,0.202643,375
3955,B001GMN7K6,1.438493,0.000403,0.031792,-0.308146,0.235718,284
3956,B001GMOKWU,1.504548,0.001085,0.033237,-0.260419,0.168024,137
3957,B001GMUCUY,1.5198,0.000156,0.033591,-0.230336,0.2052,119
3958,B001GN1VSK,1.343891,0.000492,0.029699,-0.277791,0.207209,367
3959,B001GN5S98,1.427709,0.000436,0.031553,-0.287862,0.197915,227
3960,B001GNBVRQ,1.558792,0.000896,0.034442,-0.23403,0.178172,167
3961,B001GNBW0W,1.684262,0.000905,0.037215,-0.32226,0.201879,176
3962,B001GPNWUI,1.304347,0.000335,0.028827,-0.259265,0.226607,414
3963,B001GTK8P6,1.275555,-7.6e-05,0.028193,-0.270598,0.247071,717
3964,B001GTK9SC,1.439783,0.000277,0.031822,-0.3481,0.224292,234
3965,B001GUUAT4,1.30213,0.000374,0.028778,-0.277783,0.282972,556
3966,B001GXEOC0,1.714103,0.000546,0.037882,-0.340354,0.213603,75
3967,B001GZUJ1I,1.509573,0.000884,0.033354,-0.338445,0.248846,317
3968,B001H0YT5Y,1.158386,0.000341,0.025601,-0.245374,0.165084,1008
3969,B001H270RQ,1.274491,0.000302,0.028168,-0.245169,0.194001,319
3970,B001H3JQ0E,1.286762,0.000673,0.028433,-0.250644,0.269713,428
3971,B001H3NDSA,1.434223,0.000618,0.031694,-0.262289,0.191867,153
3972,B001H3ZUKE,1.202297,0.00043,0.02657,-0.269281,0.155211,1419
3973,B001H54SQ4,1.279352,0.000507,0.028272,-0.261621,0.250994,2437
3974,B001H54VJI,1.323742,0.000394,0.029255,-0.303699,0.273583,659
3975,B001H5QZK6,1.223976,0.000947,0.027036,-0.257138,0.220512,1247
3976,B001H9275Y,1.388086,0.000594,0.030674,-0.248316,0.174685,162
3977,B001H9289Y,1.206783,0.000829,0.02666,-0.262723,0.24158,650
3978,B001H928HQ,1.483629,0.000812,0.032782,-0.325846,0.282707,398
3979,B001H928KI,1.275826,0.000474,0.028195,-0.245514,0.201408,386
3980,B001H9404A,1.458236,0.000448,0.032228,-0.270198,0.180085,130
3981,B001H943F6,1.381157,0.000786,0.030517,-0.305538,0.242035,425
3982,B001H963MW,1.41321,0.000622,0.031229,-0.32408,0.269592,439
3983,B001H9657K,1.486865,0.000804,0.032854,-0.326822,0.283572,398
3984,B001H98A3C,1.428584,0.000281,0.031574,-0.308938,0.212322,214
3985,B001H99VY4,1.420679,0.000306,0.031399,-0.268606,0.165281,136
3986,B001H9NQNG,1.469322,0.000288,0.032474,-0.283208,0.177055,153
3987,B001HBHLF8,1.338013,0.00011,0.029573,-0.305371,0.257406,320
3988,B001HBHZJ0,1.134737,0.000129,0.02508,-0.229152,0.220716,803
3989,B001HBN5JO,1.370025,-0.000224,0.03028,-0.30094,0.24997,382
3990,B001HBR5RW,1.569802,-0.000167,0.034696,-0.288175,0.194922,82
3991,B001HITLQI,1.253894,0.000735,0.027704,-0.29128,0.239151,1161
3992,B001HKR36G,1.314999,0.000881,0.029051,-0.244997,0.173004,213
3993,B001HKR6WM,1.387368,0.000847,0.030653,-0.265536,0.182505,358
3994,B001HKR7EE,1.301925,0.000661,0.028768,-0.262276,0.207424,268
3995,B001HKTC06,1.266931,0.000939,0.027987,-0.264674,0.225992,566
3996,B001HKTHAQ,1.195497,0.000836,0.02641,-0.233734,0.251974,590
3997,B001HKVN3U,1.322254,0.000405,0.029222,-0.273644,0.188981,273
3998,B001HNNSIU,1.644471,0.000294,0.036346,-0.337408,0.248917,163
3999,B001HSYSWU,1.447733,9.8e-05,0.031998,-0.302372,0.193708,251
4000,B001HTCYPC,1.202871,0.000285,0.026585,-0.250451,0.183938,560
4001,B001HTTBWQ,1.482552,0.000773,0.032759,-0.346685,0.343162,433
4002,B001HTYJLO,1.311002,0.00051,0.028972,-0.307572,0.233467,516
4003,B001HU6DZS,1.294697,0.000234,0.028615,-0.269125,0.190401,285
4004,B001HYHUY2,1.342724,0.000689,0.02967,-0.312652,0.361124,1017
4005,B001I124CC,1.479539,-0.000388,0.032699,-0.302311,0.220658,180
4006,B001I2DL00,1.070752,0.000253,0.023665,-0.225049,0.228832,847
4007,B001I45ZFC,1.451169,6.3e-05,0.032074,-0.229708,0.155789,100
4008,B001I6NZ0W,1.297624,0.00029,0.028679,-0.301041,0.248717,582
4009,B001I6RW6U,1.27187,-0.000103,0.028111,-0.309357,0.22836,1036
4010,B001I6U028,1.379335,7.5e-05,0.030487,-0.320722,0.195936,547
4011,B001I90NM2,1.285702,0.000147,0.028417,-0.259816,0.194608,243
4012,B001I90NN6,1.349975,4.7e-05,0.029838,-0.296567,0.187267,221
4013,B001I90NNQ,1.486566,0.000367,0.032855,-0.312022,0.20341,190
4014,B001I9M91U,1.431679,0.00083,0.031633,-0.260806,0.198964,191
4015,B001IACZEK,1.275968,9.3e-05,0.028202,-0.247148,0.241569,318
4016,B001IAE1BU,1.423975,0.000538,0.031469,-0.298067,0.259022,449
4017,B001IAINFU,1.207995,0.000287,0.026698,-0.219814,0.225123,612
4018,B001IB0NOS,1.356671,0.00075,0.029976,-0.292393,0.178463,160
4019,B001ICSQAU,1.315067,0.000399,0.029064,-0.207532,0.184883,209
4020,B001ILMGDO,1.388802,0.000563,0.030691,-0.307054,0.294652,525
4021,B001IMSIYY,1.27647,0.000127,0.028213,-0.234643,0.164489,261
4022,B001IMW9AS,1.458507,-0.000251,0.032236,-0.253645,0.184087,266
4023,B001IMYEL0,1.232142,0.000211,0.027233,-0.278167,0.216606,597
4024,B001J2ZXMI,1.347016,0.000544,0.029767,-0.307211,0.21752,413
4025,B001J4IM5G,1.343513,0.000628,0.029688,-0.275202,0.226529,368
4026,B001J7CAA6,1.176956,0.000711,0.026004,-0.268287,0.231351,1336
4027,B001J9LLX6,1.334786,0.000271,0.029501,-0.313033,0.223693,267
4028,B001JDEP8K,1.278886,0.000497,0.028262,-0.259869,0.164457,225
4029,B001JDHR4Y,1.262738,0.000175,0.027909,-0.294788,0.202639,472
4030,B001JHVEE4,1.233349,0.000356,0.027258,-0.280937,0.262391,509
4031,B001JHZ6W0,1.365803,0.000154,0.030187,-0.355918,0.28918,1409
4032,B001JHZ8H8,1.365063,0.000307,0.03017,-0.309421,0.216218,478
4033,B001JK6N3I,1.288827,6.5e-05,0.028486,-0.285976,0.231651,649
4034,B001JK6PKE,1.085801,0.000472,0.023994,-0.215383,0.168961,953
4035,B001JKNJL2,1.329015,0.000396,0.029372,-0.294477,0.226923,884
4036,B001JKTTVQ,1.262323,0.000396,0.027898,-0.334916,0.227968,3201
4037,B001JKYD4Y,1.106785,0.000399,0.024459,-0.22619,0.181899,865
4038,B001JL40V4,1.47996,0.000606,0.032705,-0.30057,0.27355,471
4039,B001JQLNFA,1.700609,-9.7e-05,0.037588,-0.328909,0.197989,71
4040,B001JQLNJ6,1.473785,0.000106,0.032574,-0.275002,0.185197,139
4041,B001JQLNJG,1.513556,-0.000168,0.033453,-0.276102,0.186231,99
4042,B001JQLNJQ,1.336373,0.00016,0.029537,-0.248141,0.178126,207
4043,B001JQLNLY,1.522432,0.000401,0.033647,-0.334501,0.210512,156
4044,B001JQLNM8,1.448129,0.001193,0.031985,-0.365801,0.3378,841
4045,B001JQLNMI,1.354897,0.000928,0.029932,-0.275916,0.320333,921
4046,B001JQLNMS,1.513007,0.00052,0.033437,-0.279325,0.160505,101
4047,B001JQLNNC,1.425228,0.000546,0.031496,-0.306499,0.178078,163
4048,B001JQLNNM,1.511664,0.00029,0.03341,-0.277463,0.169815,96
4049,B001JQLNNW,1.426351,0.000754,0.031517,-0.363156,0.282959,814
4050,B001JQLNOG,1.258787,0.000568,0.027817,-0.25191,0.194243,531
4051,B001JQLNPA,1.260092,0.000319,0.027849,-0.226569,0.288148,700
4052,B001JQLNRI,1.51471,9.9e-05,0.033479,-0.303228,0.177016,155
4053,B001JQLNRS,1.530973,-2.8e-05,0.033838,-0.326658,0.196814,152
4054,B001JTGODI,1.38127,0.000234,0.030529,-0.31043,0.247117,512
4055,B001JZ5PZA,1.519984,0.000396,0.033593,-0.29737,0.182117,101
4056,B001K6CPYC,1.3371,0.000839,0.029541,-0.364444,0.269313,917
4057,B001K6EMQG,1.390469,-0.000118,0.030733,-0.296191,0.250533,325
4058,B001K7IITC,1.107246,0.000742,0.024462,-0.240413,0.206446,1243
4059,B001KFDHZE,1.4266,5.4e-05,0.031531,-0.332478,0.253259,387
4060,B001KMR9WY,1.260469,0.000417,0.027856,-0.238362,0.194669,352
4061,B001KNBBGI,1.326279,0.000409,0.029311,-0.275213,0.204763,275
4062,B001KNHM4I,1.232578,0.000241,0.027242,-0.240866,0.230894,451
4063,B001KOTRJA,1.215407,6.9e-05,0.026863,-0.282782,0.252497,573
4064,B001KPEKMS,1.399722,0.000901,0.030924,-0.303031,0.262236,381
4065,B001KPNE2A,1.412287,0.000349,0.031213,-0.2889,0.193514,251
4066,B001KPSO5M,1.270177,3.8e-05,0.028074,-0.323873,0.248419,1403
4067,B001KTWJGI,1.101932,0.000506,0.02435,-0.211911,0.249164,670
4068,B001KUTR9E,1.278673,9.7e-05,0.028262,-0.260197,0.237577,814
4069,B001KWB85S,1.606215,0.000734,0.035494,-0.314213,0.188162,154
4070,B001KWHPXM,1.58639,0.000744,0.035055,-0.332112,0.194681,153
4071,B001KWW4YM,1.315318,-9e-06,0.029072,-0.314935,0.229218,372
4072,B001KYGV94,1.487094,2.9e-05,0.032868,-0.326087,0.181433,164
4073,B001KYNU1G,1.400553,0.000703,0.030948,-0.316533,0.191531,262
4074,B001KYNVLU,1.471591,0.001034,0.032509,-0.294386,0.186824,198
4075,B001KYNVOW,1.474506,0.000833,0.03258,-0.297886,0.197199,226
4076,B001KYNW2I,1.389656,0.000885,0.030702,-0.27915,0.176925,278
4077,B001KYNXKY,1.334445,0.000179,0.029494,-0.262346,0.26699,356
4078,B001KYNZGG,1.286763,0.000434,0.028437,-0.250099,0.265697,743
4079,B001KYNZM0,1.388045,0.00052,0.030675,-0.298944,0.273469,646
4080,B001KYO08S,1.562873,0.000778,0.034535,-0.323238,0.290421,402
4081,B001KYO1QO,1.30088,0.000401,0.02875,-0.289998,0.240245,370
4082,B001KYO2BI,1.251063,0.000423,0.027648,-0.240751,0.183755,222
4083,B001KYO2M2,1.121009,0.000462,0.024773,-0.200375,0.218649,675
4084,B001KYO5RE,1.352418,0.000404,0.029889,-0.310683,0.245972,358
4085,B001KYO7AY,1.308489,0.001005,0.028903,-0.270911,0.172514,602
4086,B001KYO7OA,1.358035,0.000929,0.030002,-0.279521,0.236062,490
4087,B001KYODH6,1.2242,0.000352,0.027056,-0.263294,0.291176,1742
4088,B001KYPZRS,1.370438,0.000693,0.030282,-0.31438,0.217203,469
4089,B001KYQ05O,1.55694,0.00114,0.034393,-0.29189,0.205516,132
4090,B001KYQ0G8,1.370329,0.000639,0.030281,-0.293536,0.208647,258
4091,B001KYQ21Q,1.147589,0.000137,0.025364,-0.232813,0.194866,674
4092,B001KYQ374,1.264337,0.000782,0.027934,-0.234672,0.176432,238
4093,B001KYQ3DS,1.223067,0.000894,0.027018,-0.256234,0.235098,1908
4094,B001KYQ446,1.577521,0.001117,0.034849,-0.34834,0.283605,1362
4095,B001KYQ4A0,1.320982,-0.0002,0.029196,-0.275662,0.208178,274
4096,B001KYQ4HS,1.319826,0.00044,0.029168,-0.29232,0.266678,564
4097,B001KYQ4VO,1.417845,0.000526,0.031333,-0.301358,0.257449,643
4098,B001KYQ6QM,1.437264,0.000849,0.031756,-0.331446,0.28955,418
4099,B001KYQ7GQ,1.724856,0.000412,0.038121,-0.333039,0.25391,139
4100,B001KYQ8K6,1.373951,0.000587,0.030362,-0.314559,0.24991,390
4101,B001KYQA1S,1.420457,0.001008,0.031379,-0.269224,0.189803,196
4102,B001KYQBUI,1.49087,0.001091,0.032934,-0.345629,0.252986,312
4103,B001KYQCYS,1.279852,0.000521,0.028283,-0.273351,0.193608,336
4104,B001KYQDEW,1.378514,0.000478,0.030465,-0.284791,0.200912,293
4105,B001KYQO0K,1.386339,0.000563,0.030636,-0.308023,0.283408,511
4106,B001KYRGNO,1.463231,0.00015,0.032341,-0.309579,0.18247,127
4107,B001KYRMBU,1.30462,0.000101,0.028835,-0.255964,0.173585,192
4108,B001KYRNAK,1.325868,0.000526,0.0293,-0.288904,0.206676,393
4109,B001KYRRSI,1.367687,0.000599,0.030223,-0.294726,0.251481,654
4110,B001KYRSHI,1.350588,0.000569,0.029846,-0.271849,0.236331,677
4111,B001KYRVSO,1.363631,0.000954,0.030125,-0.330605,0.245183,449
4112,B001KYRWG0,1.493707,0.000497,0.033011,-0.262912,0.175682,130
4113,B001KYRWP6,1.373063,0.000903,0.030335,-0.290369,0.206451,320
4114,B001KYS1YM,1.49658,0.00098,0.033064,-0.2817,0.22027,175
4115,B001KYS87M,1.284272,0.000518,0.028381,-0.259448,0.243828,442
4116,B001KYS930,1.405787,0.001049,0.031054,-0.337593,0.24852,476
4117,B001KYTWZ4,1.459211,0.000615,0.032246,-0.32558,0.280347,656
4118,B001KYU1H2,1.443247,-0.000144,0.031899,-0.365548,0.269989,554
4119,B001KYU5LE,1.370907,0.000523,0.030296,-0.267033,0.205069,262
4120,B001KYU78U,1.343965,0.000419,0.029702,-0.292784,0.241715,486
4121,B001KYU89S,1.379298,0.000844,0.030474,-0.324547,0.212518,322
4122,B001KYUHGM,1.594565,0.000819,0.035234,-0.305637,0.217634,97
4123,B001KYVKL8,1.383988,0.000702,0.030582,-0.2621,0.202361,248
4124,B001KYVL2G,1.370949,0.000885,0.030288,-0.289313,0.202792,316
4125,B001KYVLSU,1.249977,0.000414,0.027624,-0.278154,0.344036,1727
4126,B001KYVOJQ,1.336774,0.000517,0.029541,-0.299795,0.357746,1789
4127,B001KYVPGI,1.405852,0.000457,0.031069,-0.300877,0.257025,647
4128,B001KYVRSY,1.385939,0.000794,0.030622,-0.258427,0.232681,290
4129,B001KYVVOO,1.311831,0.000537,0.02899,-0.224099,0.184784,220
4130,B001KYVVVC,1.478698,0.000204,0.032682,-0.352789,0.296004,568
4131,B001KYW7KQ,1.294355,0.000733,0.028599,-0.28999,0.225529,410
4132,B001KYW9TA,1.465143,0.000797,0.032373,-0.339,0.283245,509
4133,B001KZ1AM6,1.147199,0.000306,0.025354,-0.24371,0.213935,787
4134,B001KZ5XDS,1.416326,0.000547,0.0313,-0.309704,0.269817,424
4135,B001L1H8DY,1.334216,-0.000193,0.029489,-0.311155,0.186448,357
4136,B001L2BEWE,1.36127,0.000352,0.030085,-0.299173,0.19398,1257
4137,B001L3YB28,1.429323,-0.000162,0.031591,-0.338511,0.23091,245
4138,B001L3ZCKS,1.322472,0.001477,0.029193,-0.225303,0.189386,215
4139,B001L413AU,1.335667,0.000684,0.029514,-0.284875,0.221588,378
4140,B001L42RJG,1.424451,0.000596,0.031478,-0.301607,0.274316,403
4141,B001L433TO,1.431244,0.001395,0.031603,-0.270653,0.197056,208
4142,B001L9FZDG,1.417156,0.000521,0.031318,-0.296643,0.214891,327
4143,B001LBIX74,1.303779,0.000893,0.028803,-0.266711,0.20622,357
4144,B001LEYYJ2,1.337873,0.000132,0.02957,-0.1968,0.164631,157
4145,B001LF4BDK,1.604114,0.000722,0.035448,-0.313865,0.240785,178
4146,B001LF4BEE,1.409012,0.000274,0.031141,-0.323305,0.216409,327
4147,B001LF4G44,1.289178,0.000395,0.028491,-0.287757,0.221436,531
4148,B001LF4G4E,1.23709,0.000235,0.027342,-0.317707,0.252645,3901
4149,B001LF4G4Y,1.153125,0.000167,0.025486,-0.263993,0.208819,5358
4150,B001LF4G6W,1.274178,3.9e-05,0.028162,-0.330503,0.231893,869
4151,B001LF4G7G,1.264902,0.000425,0.027954,-0.321204,0.226452,894
4152,B001LF4I8I,1.623075,2.9e-05,0.035874,-0.333972,0.234255,167
4153,B001LFEVSK,1.332344,0.000282,0.029447,-0.278351,0.250314,401
4154,B001LFI75I,1.264017,0.000386,0.027935,-0.25093,0.225703,358
4155,B001LFIKOG,1.249481,0.000771,0.027606,-0.248194,0.220125,372
4156,B001LFK6RK,1.307386,0.000343,0.028894,-0.268168,0.23634,986
4157,B001LFM4WA,1.362944,0.000392,0.030122,-0.28345,0.271804,817
4158,B001LIFKZ0,1.528179,0.000347,0.033775,-0.283764,0.227165,215
4159,B001LIO0ZG,1.193245,0.000829,0.026361,-0.314927,0.228755,899
4160,B001LNOCW2,1.362995,0.00015,0.030125,-0.278035,0.214486,356
4161,B001LNOCWW,1.339404,-4.1e-05,0.029604,-0.280892,0.209687,355
4162,B001LNOCXQ,1.357604,0.000164,0.030006,-0.271974,0.216262,355
4163,B001LNOEKW,1.202141,0.000193,0.02657,-0.223921,0.156669,497
4164,B001LNOEMK,1.293728,0.000237,0.028594,-0.258661,0.244819,474
4165,B001LNTNGC,1.326055,7.6e-05,0.029309,-0.306282,0.214204,456
4166,B001LNWX1O,1.495782,-9.7e-05,0.03306,-0.308689,0.245729,227
4167,B001LOSEVQ,1.14262,-0.000333,0.025253,-0.239982,0.195403,481
4168,B001LP64D0,1.305439,-7.8e-05,0.028853,-0.278079,0.18422,157
4169,B001LQJBUW,1.355447,0.000312,0.029957,-0.300153,0.221873,387
4170,B001LQY1X4,1.419702,0.000498,0.031375,-0.292278,0.271357,579
4171,B001LR3NPK,1.459619,0.000554,0.032256,-0.381886,0.210899,270
4172,B001LTVF2G,1.556313,0.00094,0.034386,-0.311535,0.203598,139
4173,B001LTVF7G,1.483055,0.000828,0.032769,-0.282193,0.171026,152
4174,B001LVA0XO,1.32911,0.000437,0.029373,-0.327744,0.197768,985
4175,B001LXMI3M,1.34869,-0.000181,0.029809,-0.297108,0.179063,310
4176,B001LYYLJA,1.283219,0.00023,0.028361,-0.234639,0.164351,303
4177,B001LZFUX0,1.222956,0.000272,0.027029,-0.241053,0.240255,880
4178,B001M5GMUE,1.356235,0.000418,0.029973,-0.280724,0.205782,454
4179,B001M6VK2S,1.382346,2.7e-05,0.030553,-0.308881,0.225861,408
4180,B001M7SIFY,1.372276,0.00036,0.030329,-0.340949,0.264072,489
4181,B001M9HXDA,1.265823,-0.000341,0.027976,-0.297844,0.19512,342
4182,B001M9KX78,1.164709,0.000679,0.025734,-0.297105,0.230368,501
4183,B001M9YQBW,1.260696,-0.000352,0.027862,-0.235242,0.2057,497
4184,B001MA0QY2,1.164981,0.000395,0.025746,-0.256362,0.205927,898
4185,B001MA5RKK,1.288264,0.000121,0.028474,-0.279715,0.333364,1100
4186,B001MA5VUQ,1.334905,0.000206,0.029504,-0.324347,0.2401,375
4187,B001MA7QFO,1.38735,0.000708,0.030656,-0.266309,0.227018,174
4188,B001MA9QQQ,1.244798,0.000326,0.027511,-0.237102,0.197002,374
4189,B001MAAG0Q,1.203869,0.001201,0.026581,-0.289582,0.229388,810
4190,B001MBLAKA,1.231434,0.000158,0.027217,-0.250917,0.244884,1520
4191,B001MCBWQ6,1.427481,0.00095,0.031537,-0.24615,0.188011,166
4192,B001MF0V3S,1.520328,0.001249,0.03358,-0.341777,0.276663,395
4193,B001MGATUW,1.392073,0.00033,0.030766,-0.299249,0.229754,300
4194,B001MHMGDY,1.31698,0.000171,0.029108,-0.300902,0.276219,457
4195,B001MHNQYW,1.272627,0.000442,0.028125,-0.280617,0.224046,548
4196,B001MIZBNA,1.453653,0.000591,0.032124,-0.328514,0.253583,267
4197,B001MIZBZI,1.12807,-5.5e-05,0.024933,-0.236943,0.183042,520
4198,B001MIZC6G,1.416581,0.000417,0.031307,-0.307113,0.214169,328
4199,B001MIZMLG,1.543092,5.7e-05,0.034106,-0.370956,0.222283,180
4200,B001MIZMN4,1.272082,5e-06,0.028116,-0.259066,0.262482,524
4201,B001MIZMNE,1.42111,0.000146,0.03141,-0.284463,0.205523,268
4202,B001MIZMNY,1.406736,-6.5e-05,0.031092,-0.289758,0.233561,296
4203,B001MIZMO8,1.256595,7e-05,0.027774,-0.281216,0.258066,525
4204,B001MIZMP2,1.421156,6.3e-05,0.031411,-0.284183,0.214615,153
4205,B001MJT6IA,1.851074,0.000191,0.040913,-0.477156,0.318853,317
4206,B001MP0PIE,1.604682,0.000732,0.03546,-0.381785,0.215439,125
4207,B001MP0QEW,1.316277,0.000485,0.029089,-0.24381,0.167474,274
4208,B001MP0T2Q,1.643273,0.001846,0.036273,-0.2199,0.183269,50
4209,B001MP2P64,1.459482,0.000267,0.032257,-0.304941,0.225457,288
4210,B001MP471K,1.428885,0.00111,0.031562,-0.238695,0.190625,238
4211,B001MP5X2M,1.422792,0.000668,0.03144,-0.308247,0.207594,194
4212,B001MP7HYE,1.345505,0.000835,0.029727,-0.241568,0.174307,196
4213,B001MP7HYY,1.374272,0.001088,0.030355,-0.234363,0.164324,197
4214,B001MP7I2A,1.411529,0.000648,0.031192,-0.26766,0.191507,169
4215,B001MPWO5G,1.088632,0.001174,0.024033,-0.213351,0.20096,689
4216,B001MS7GY2,1.498341,0.000812,0.033107,-0.321758,0.177283,127
4217,B001MS7H78,1.317025,0.000766,0.029099,-0.289475,0.251265,603
4218,B001MS7HF0,1.453042,0.000546,0.032111,-0.318732,0.309277,435
4219,B001MTFMOM,1.332734,0.000654,0.029449,-0.322333,0.298375,1064
4220,B001MTFMPG,1.342858,0.000614,0.029674,-0.311825,0.206235,503
4221,B001MUH190,1.410443,0.000654,0.031167,-0.296913,0.28447,414
4222,B001MURXP2,1.266708,0.00016,0.027997,-0.288271,0.188454,403
4223,B001MV5TQQ,1.530351,0.000898,0.033813,-0.336524,0.256205,431
4224,B001MV5TX4,1.400417,0.000891,0.03094,-0.285469,0.189694,378
4225,B001MV5UEC,1.341482,0.000598,0.029644,-0.28754,0.206916,1869
4226,B001MW1MKM,1.273859,0.000393,0.028153,-0.291931,0.188868,372
4227,B001MW38KY,1.463771,0.001237,0.032329,-0.28525,0.256306,354
4228,B001MW4VXW,1.411406,0.000503,0.031192,-0.292085,0.239203,370
4229,B001MWV40U,1.132793,-3.4e-05,0.025038,-0.240191,0.207471,907
4230,B001MX89Y8,1.220064,0.000295,0.026965,-0.280386,0.308348,1716
4231,B001MXKG6M,1.205715,0.000148,0.026649,-0.251779,0.192607,792
4232,B001MXW67Y,1.583605,0.000167,0.035001,-0.278726,0.212405,64
4233,B001N2OGK4,1.292026,-0.000391,0.028554,-0.298802,0.196005,418
4234,B001N3FBZW,1.195056,0.000549,0.026408,-0.229054,0.173597,314
4235,B001N444EK,1.360044,0.000616,0.030054,-0.269113,0.182559,199
4236,B001N444H2,1.464216,0.000387,0.03236,-0.340214,0.189364,211
4237,B001N444HW,1.463094,0.000521,0.032334,-0.355237,0.198475,221
4238,B001N444JK,1.402894,0.000357,0.031005,-0.344293,0.194611,226
4239,B001N444KY,1.287901,0.000459,0.028462,-0.273171,0.25809,431
4240,B001N5FRWW,1.483193,0.000506,0.032778,-0.310956,0.242326,282
4241,B001N5IORC,1.225404,2.6e-05,0.027084,-0.260256,0.283765,829
4242,B001N5Q3Y8,1.248232,0.000187,0.027588,-0.251894,0.275528,621
4243,B001N9MEFG,1.203273,9e-05,0.026595,-0.243013,0.286136,1178
4244,B001NCSX44,1.453154,0.001329,0.032091,-0.350197,0.222771,417
4245,B001NFX2QK,1.311516,-2.5e-05,0.028988,-0.314472,0.196765,301
4246,B001NG0TXI,1.41999,-1.9e-05,0.031385,-0.344609,0.216439,401
4247,B001NH6ZVW,1.451037,0.000791,0.032062,-0.246297,0.169923,200
4248,B001NIWHCW,1.37926,1.3e-05,0.030485,-0.274052,0.227302,361
4249,B001NJ6JIY,1.481363,0.000174,0.032741,-0.243629,0.187223,90
4250,B001NJGARY,1.377437,1.9e-05,0.030445,-0.328963,0.24236,444
4251,B001NM85Q0,1.252313,0.00024,0.027678,-0.259126,0.243266,1020
4252,B001NNR45M,1.503668,-0.000316,0.033233,-0.356497,0.224937,408
4253,B001NP5IK8,1.355738,0.00037,0.029963,-0.301194,0.247633,503
4254,B001NP8JRM,1.179585,0.000195,0.026071,-0.258995,0.258429,639
4255,B001NPF5HY,1.118421,0.000501,0.024715,-0.240619,0.248158,837
4256,B001NXBXYK,1.48521,-6.1e-05,0.032827,-0.320563,0.211759,353
4257,B001NYMTOC,1.276974,0.000669,0.028216,-0.307198,0.257633,761
4258,B001O08CQY,1.302202,0.00098,0.028765,-0.317317,0.219456,360
4259,B001O1EE3I,1.24827,0.000519,0.027585,-0.27374,0.230705,592
4260,B001O1XUDI,1.301263,4.9e-05,0.028761,-0.281381,0.181912,347
4261,B001O8IIO2,1.38042,0.000638,0.030504,-0.268583,0.198227,237
4262,B001O8KJ4E,1.469759,-0.0002,0.032485,-0.255751,0.172424,116
4263,B001O95MZ4,1.518213,0.000704,0.033549,-0.231252,0.173788,118
4264,B001OAHF5I,1.433818,0.000276,0.03169,-0.324756,0.226977,262
4265,B001OBPFVS,1.498832,0.000906,0.033116,-0.293539,0.176186,152
4266,B001OG1CWY,1.278695,0.000778,0.028252,-0.188571,0.150787,143
4267,B001OKB4OQ,1.211967,0.000458,0.026784,-0.259705,0.241418,703
4268,B001OKCXZK,1.456807,4.5e-05,0.032199,-0.295431,0.271876,438
4269,B001OMI8ZM,1.156645,9.3e-05,0.025565,-0.253442,0.175089,414
4270,B001OMI93S,1.415312,0.000148,0.031282,-0.27356,0.178838,196
4271,B001OMI96A,1.338074,7.8e-05,0.029575,-0.293644,0.222815,713
4272,B001OMI9VA,1.34357,0.000482,0.029692,-0.303962,0.238436,544
4273,B001OOB6K4,1.299203,-0.000168,0.028715,-0.248565,0.322379,601
4274,B001OOLONI,1.335262,-0.000197,0.029512,-0.293765,0.240459,477
4275,B001OQH6HY,1.271132,0.000473,0.028091,-0.255766,0.28119,816
4276,B001OVQSJG,1.15315,-0.000343,0.025485,-0.238964,0.202444,718
4277,B001OXO6DO,1.305704,-5.3e-05,0.028859,-0.27338,0.185647,354
4278,B001OZZTII,1.248234,0.000627,0.027582,-0.244575,0.218863,318
4279,B001P0MWY6,1.369096,-9.2e-05,0.03026,-0.30539,0.20811,221
4280,B001P1ZC92,1.366075,0.00072,0.030185,-0.304625,0.243348,453
4281,B001P1ZC9M,1.485864,0.00031,0.03284,-0.348045,0.286491,398
4282,B001P1ZEHM,1.509815,0.000254,0.03337,-0.358477,0.241658,350
4283,B001P1ZEJK,1.495928,0.000117,0.033064,-0.281476,0.164442,72
4284,B001P1ZEL8,1.500467,0.00056,0.033159,-0.343497,0.296804,461
4285,B001P1ZELS,1.518687,0.000444,0.033564,-0.352831,0.314579,455
4286,B001P1ZEMC,1.499689,0.000531,0.033143,-0.342807,0.293307,461
4287,B001P24STG,1.510572,0.000495,0.033384,-0.354889,0.289512,462
4288,B001P24STQ,1.504811,0.000434,0.033257,-0.344373,0.311032,453
4289,B001P24VEI,1.468394,6e-05,0.032455,-0.265746,0.154669,94
4290,B001P24VHK,1.517265,0.000496,0.033532,-0.348893,0.29481,463
4291,B001P26BD2,1.555156,0.000482,0.034369,-0.367701,0.311776,448
4292,B001P2LYOS,1.396227,0.000575,0.030855,-0.291688,0.244133,518
4293,B001P2O06W,1.245547,0.000696,0.027521,-0.250072,0.165054,278
4294,B001P3074A,1.2101,-0.00017,0.026746,-0.271142,0.189413,357
4295,B001P328GA,1.418416,0.000864,0.031339,-0.295657,0.208625,219
4296,B001P4FJ0G,1.139506,-0.000128,0.025186,-0.231441,0.224351,1998
4297,B001P4UUV4,1.396657,0.000228,0.030869,-0.3008,0.207336,188
4298,B001P5TC8U,1.393732,2.5e-05,0.030805,-0.300217,0.182335,162
4299,B001P5WZE8,1.232768,0.000526,0.027242,-0.250694,0.241007,1033
4300,B001P60R0Q,1.38107,0.00029,0.030524,-0.259697,0.217158,285
4301,B001P60R1A,1.271068,7.8e-05,0.028094,-0.269481,0.240161,515
4302,B001P71PF6,1.37181,0.000821,0.030309,-0.294685,0.264282,484
4303,B001P76O6G,1.288937,2.1e-05,0.028489,-0.279218,0.239033,647
4304,B001P7AWXC,1.2098,-0.000298,0.026738,-0.263222,0.256622,530
4305,B001P92FMG,1.446409,0.000424,0.031966,-0.31238,0.193632,280
4306,B001P93MLE,1.40968,0.000522,0.031153,-0.308054,0.230649,409
4307,B001P95NSO,1.304777,0.000293,0.028837,-0.258735,0.248253,669
4308,B001PAQOVS,1.386964,-0.000218,0.030655,-0.310407,0.245672,353
4309,B001PEZAHI,1.462383,-0.000265,0.032321,-0.245886,0.171712,72
4310,B001PHDT4Q,1.449775,7.3e-05,0.032044,-0.304983,0.239271,350
4311,B001PHFVPG,1.248853,0.000273,0.027601,-0.279737,0.169822,327
4312,B001PHHUMI,1.555924,0.00048,0.034386,-0.291504,0.186472,140
4313,B001PKSY9I,1.239103,-0.000384,0.027385,-0.255164,0.234695,639
4314,B001PKXTWA,1.192848,0.000353,0.026363,-0.242701,0.279446,826
4315,B001PLOCVG,1.396641,9.7e-05,0.030869,-0.281437,0.240608,281
4316,B001PN55KQ,1.16742,-4.4e-05,0.025803,-0.228515,0.208315,728
4317,B001PNFFLK,1.29893,-0.000206,0.028709,-0.283586,0.257514,734
4318,B001PNO6KG,1.129894,0.000103,0.024973,-0.244722,0.220553,1179
4319,B001PO6NRE,1.330017,0.000117,0.029396,-0.307295,0.217123,296
4320,B001POADAW,1.688785,0.000866,0.037316,-0.30091,0.214113,159
4321,B001POC89Q,1.411628,0.000527,0.031196,-0.302214,0.294253,387
4322,B001POYT16,1.261182,0.000223,0.027874,-0.251782,0.279284,903
4323,B001PP1LG6,1.391393,-8.8e-05,0.030753,-0.33593,0.227212,463
4324,B001PPMLS8,1.274792,6.6e-05,0.028176,-0.225089,0.1764,392
4325,B001PQBELC,1.436982,0.000553,0.031756,-0.328337,0.253194,371
4326,B001PRJ9XQ,1.281323,0.000153,0.02832,-0.27527,0.275989,713
4327,B001PTFXAM,1.442765,0.00105,0.031871,-0.217878,0.186631,196
4328,B001PTK3TS,1.546165,0.000478,0.034171,-0.255416,0.171879,106
4329,B001PUI2VI,1.343003,0.000185,0.029683,-0.27663,0.200673,279
4330,B001PUQ3NC,1.219087,0.000622,0.026938,-0.265061,0.233938,627
4331,B001PUR1GK,1.389468,0.000571,0.030705,-0.303462,0.219924,386
4332,B001Q82RLU,1.323952,0.000549,0.029257,-0.221517,0.142647,146
4333,B001Q854GK,1.394885,0.00078,0.030821,-0.297152,0.258455,453
4334,B001Q8560Y,1.423056,0.001043,0.031436,-0.323913,0.202501,442
4335,B001Q878WI,1.380143,0.000441,0.030501,-0.274458,0.236545,271
4336,B001Q88FO8,1.444672,0.000707,0.031923,-0.302216,0.205287,385
4337,B001Q8BSE2,1.430789,0.000976,0.031609,-0.311731,0.243655,353
4338,B001QB2E4W,1.319636,-8.6e-05,0.029167,-0.233814,0.200186,354
4339,B001QBBQNW,1.116719,0.000204,0.024681,-0.225468,0.284619,1937
4340,B001QD0OYM,1.384606,0.000536,0.030599,-0.269669,0.257255,340
4341,B001QD4RUY,1.138176,0.000403,0.025153,-0.2429,0.2453,905
4342,B001QDDJB2,1.381104,-1.5e-05,0.030526,-0.279174,0.220471,351
4343,B001QF3GHM,1.565982,0.000618,0.034607,-0.315672,0.224241,162
4344,B001QFDTWO,1.29527,-0.000354,0.028626,-0.309125,0.211862,377
4345,B001QLACDW,1.401047,0.000272,0.030965,-0.306093,0.29704,783
4346,B001QNA4QU,1.376766,0.000588,0.030424,-0.273957,0.300936,475
4347,B001QNG3I8,1.220182,3.7e-05,0.026969,-0.253629,0.231935,633
4348,B001QOGXO6,1.289212,0.00023,0.028494,-0.290887,0.249091,674
4349,B001QOGXOG,1.200121,0.000283,0.026524,-0.252265,0.238529,836
4350,B001QOGXP0,1.495358,0.000332,0.033049,-0.358832,0.255084,436
4351,B001QOP2KM,1.438004,-0.000156,0.031783,-0.324214,0.236584,402
4352,B001QT05S6,1.442227,0.001354,0.031848,-0.316331,0.216793,244
4353,B001QT3GOQ,1.298905,0.000167,0.028709,-0.288325,0.281073,676
4354,B001QT3GVO,1.211368,2.8e-05,0.026774,-0.245101,0.243128,592
4355,B001QT5FMM,1.210223,-0.000164,0.026748,-0.250137,0.266773,579
4356,B001QTLNK0,1.228408,0.000183,0.02715,-0.270898,0.223031,874
4357,B001QTW2FK,1.373757,0.00032,0.030362,-0.326514,0.240267,493
4358,B001QWCCQG,1.214334,0.001072,0.026818,-0.244504,0.293231,588
4359,B001QX2OIG,1.208742,0.000672,0.026708,-0.227828,0.264744,574
4360,B001QX4O70,1.1407,0.000609,0.025205,-0.225805,0.253961,623
4361,B001QX7NTQ,1.23027,0.000518,0.027187,-0.259112,0.313114,658
4362,B001QX7QHU,1.316229,0.000422,0.029089,-0.277288,0.271446,576
4363,B001QX7QIY,1.23953,0.000337,0.027395,-0.2666,0.27488,638
4364,B001QXC8B4,1.443844,-5.5e-05,0.031912,-0.245825,0.169712,120
4365,B001QXKDRA,1.201088,6.3e-05,0.026547,-0.253641,0.171382,282
4366,B001QYBURQ,1.384009,0.000524,0.030586,-0.316552,0.255177,504
4367,B001R1E2FK,1.279114,0.000221,0.028271,-0.290052,0.19941,673
4368,B001R201DQ,1.221742,0.000536,0.026998,-0.205227,0.144981,151
4369,B001R22918,1.424895,3.1e-05,0.031494,-0.326501,0.212212,503
4370,B001R2DNI6,1.322552,-0.000111,0.029231,-0.268646,0.271047,727
4371,B001R2IGEC,1.343464,0.000513,0.029689,-0.25421,0.224294,485
4372,B001R2S8HM,1.291382,0.000129,0.028542,-0.30448,0.235138,573
4373,B001R4CLG4,1.526926,-0.00027,0.033748,-0.328668,0.247394,156
4374,B001R5SBHG,1.30033,0.00018,0.02874,-0.284815,0.193975,297
4375,B001R5Z7CS,1.295924,-3.9e-05,0.028643,-0.299029,0.189691,328
4376,B001R654TS,1.330242,0.000213,0.029401,-0.2953,0.201803,316
4377,B001R66FFA,1.372019,0.000549,0.03032,-0.25937,0.194921,155
4378,B001R8YZI2,1.531463,0.000825,0.033839,-0.3074,0.184196,130
4379,B001RB59H0,1.469931,0.000582,0.032484,-0.246326,0.175509,137
4380,B001RB7UL8,1.412197,0.000405,0.03121,-0.27085,0.188223,164
4381,B001RD37ZO,2.012288,0.00101,0.044465,-0.231051,0.188445,31
4382,B001REJFSG,1.655118,0.00045,0.036579,-0.287985,0.200179,107
4383,B001RHZC26,1.443942,0.000873,0.031903,-0.301457,0.274157,423
4384,B001RIRIKE,1.208301,-0.000179,0.026706,-0.253031,0.274988,1245
4385,B001RJBL7E,1.197138,0.000786,0.026448,-0.294054,0.26759,609
4386,B001RMP7M6,1.305473,0.00044,0.028851,-0.285011,0.202941,346
4387,B001RQI512,1.464864,-0.000259,0.032376,-0.219478,0.188519,85
4388,B001RQOSBS,1.278347,-4e-05,0.028255,-0.282969,0.212443,414
4389,B001RS8NQW,1.17159,-0.000152,0.025895,-0.245765,0.216417,1668
4390,B001RSAM6Q,1.219174,0.000539,0.026941,-0.23606,0.24239,1197
4391,B001RVDG48,1.430485,0.000818,0.031607,-0.289186,0.208747,359
4392,B001RVFUMY,1.426614,0.001149,0.031511,-0.343277,0.364337,876
4393,B001RVFZQU,1.357384,0.000653,0.029994,-0.288438,0.212662,215
4394,B001RVGVF4,1.158207,0.000178,0.025599,-0.259285,0.230449,597
4395,B001RVMHMU,1.264973,0.000813,0.027947,-0.262711,0.266553,786
4396,B001RVMQX0,1.412675,0.0004,0.031221,-0.322143,0.191248,170
4397,B001S261Q6,1.185725,0.000195,0.026207,-0.226191,0.259241,1881
4398,B001S3I57S,1.614814,0.000795,0.035683,-0.222507,0.151162,40
4399,B001S44J4A,1.187279,1e-06,0.026242,-0.216266,0.243241,608
4400,B001S46QIM,1.280011,1.6e-05,0.028291,-0.27016,0.266077,542
4401,B001S48HLG,1.260356,-0.000215,0.027856,-0.296693,0.271346,642
4402,B001S48IJC,1.474905,0.000535,0.032595,-0.327374,0.240107,199
4403,B001S4AM14,1.413699,-3.4e-05,0.031246,-0.328743,0.203154,199
4404,B001S4C91K,1.480574,0.000469,0.032721,-0.331328,0.239551,191
4405,B001S9YJ1S,1.495171,0.001276,0.033022,-0.356681,0.285442,402
4406,B001SA5DZS,1.353567,0.000385,0.029915,-0.286992,0.190709,154
4407,B001SAQBEA,1.44974,-0.000117,0.032043,-0.359152,0.243663,443
4408,B001SAUBOQ,1.195041,0.00062,0.026406,-0.248882,0.238658,1195
4409,B001SB9CL8,1.361759,0.000365,0.030096,-0.325606,0.259732,516
4410,B001SERK9G,1.287675,0.000211,0.02846,-0.256124,0.242471,3145
4411,B001SF0I26,1.397472,0.000449,0.030884,-0.333157,0.212196,336
4412,B001SFRS2O,1.63196,0.000524,0.036067,-0.290324,0.208594,127
4413,B001SG7DRS,1.428441,0.000548,0.031567,-0.221027,0.178636,146
4414,B001SG7DUU,1.388979,0.0007,0.030692,-0.192352,0.183864,121
4415,B001SG7EE0,1.313443,0.000652,0.029023,-0.237367,0.25479,370
4416,B001SGLDCO,1.364162,0.000614,0.030145,-0.28721,0.247362,370
4417,B001SJ9NDW,1.155375,-0.000123,0.025536,-0.301002,0.254048,650
4418,B001SPP5JW,1.336836,0.00072,0.029539,-0.282309,0.217961,316
4419,B001STSCKM,1.250916,0.000249,0.027647,-0.258668,0.215335,352
4420,B001STTTGI,1.414452,-7.7e-05,0.031263,-0.352849,0.25425,453
4421,B001SX7MJU,1.250956,-2.1e-05,0.027649,-0.251189,0.237635,555
4422,B001SXPSD2,1.186318,8.7e-05,0.02622,-0.255427,0.263228,682
4423,B001SYWTFG,1.363196,0.000662,0.030123,-0.280645,0.258864,403
4424,B001SZ1I20,1.64751,0.00112,0.036397,-0.312383,0.223034,109
4425,B001SZ1NUW,1.465426,0.000775,0.03238,-0.309991,0.311153,453
4426,B001SZ3M9C,1.497472,0.001048,0.033081,-0.349247,0.29879,373
4427,B001SZO890,1.282072,0.000308,0.028335,-0.271021,0.258649,732
4428,B001T0HHAG,1.487193,-5.3e-05,0.032871,-0.361924,0.273701,455
4429,B001T0HHBK,1.676921,0.000517,0.037061,-0.318156,0.176482,89
4430,B001T0HHDS,1.336572,4.9e-05,0.029542,-0.321902,0.220432,437
4431,B001T88N0G,1.316038,-0.000181,0.029087,-0.320956,0.248625,1212
4432,B001T8HZAA,1.347094,0.000753,0.029765,-0.308526,0.218704,453
4433,B001T8I108,1.364239,0.000458,0.03015,-0.237936,0.20376,138
4434,B001T8JLRK,1.371447,0.000726,0.030304,-0.261703,0.246369,418
4435,B001T8M9RY,1.356292,0.000191,0.029977,-0.261631,0.204721,258
4436,B001T8M9VA,1.401828,0.000731,0.030975,-0.323968,0.269003,695
4437,B001T8MD8Y,1.212123,0.000356,0.026789,-0.252162,0.238126,589
4438,B001T8MN16,1.575024,0.000237,0.034811,-0.313141,0.214127,122
4439,B001T8MTV0,1.393684,0.000246,0.030803,-0.315381,0.22223,481
4440,B001T8OEBI,1.277574,0.000839,0.028225,-0.276336,0.30152,581
4441,B001T8OF44,1.274889,0.00101,0.02816,-0.253757,0.212297,272
4442,B001T8OF7G,1.384737,0.000391,0.030604,-0.283092,0.273708,370
4443,B001T8OO6S,1.349318,0.000728,0.029814,-0.225238,0.18691,214
4444,B001T8OW4M,1.367775,-3e-06,0.030231,-0.290878,0.20622,321
4445,B001T8QGLE,1.407042,0.000386,0.031097,-0.329434,0.235225,482
4446,B001T8QGM8,1.396074,0.000814,0.030846,-0.287195,0.247961,299
4447,B001T8QH5E,1.218037,-0.000299,0.02692,-0.265334,0.191788,282
4448,B001T8QIIA,1.157697,0.000342,0.025586,-0.234027,0.230786,568
4449,B001T8QJM0,1.296507,8.3e-05,0.028656,-0.298469,0.3214,682
4450,B001T8QJSO,1.241451,0.000721,0.02743,-0.244137,0.241603,609
4451,B001T8S7SO,1.419646,0.000826,0.031367,-0.282407,0.25265,305
4452,B001T8S7T8,1.282906,8.8e-05,0.028355,-0.287768,0.245161,651
4453,B001T8S928,1.450263,0.000613,0.032049,-0.2645,0.186419,176
4454,B001T8SBDK,1.382218,0.000854,0.030539,-0.283476,0.22083,351
4455,B001T8UFPM,1.259369,-6e-05,0.027835,-0.255467,0.196808,315
4456,B001T8W4R4,1.594969,0.000881,0.035242,-0.38145,0.335655,371
4457,B001T8W5EQ,1.211572,-1.3e-05,0.026779,-0.259567,0.281808,735
4458,B001T8W5LO,1.34238,0.000927,0.029655,-0.248337,0.218525,429
4459,B001TAIFZM,1.269518,0.000503,0.028055,-0.27727,0.191335,1907
4460,B001TBH4ZI,1.363729,0.000467,0.030138,-0.2271,0.17466,183
4461,B001TH1480,1.325565,0.000361,0.029296,-0.315805,0.243333,718
4462,B001TI8XBU,1.324659,-0.000136,0.029278,-0.309556,0.202374,348
4463,B001TIP24Q,1.498258,0.000474,0.033112,-0.366617,0.217249,329
4464,B001TJXI5U,1.481412,0.00074,0.032735,-0.229207,0.190794,158
4465,B001TKTXYE,1.482028,0.000457,0.032753,-0.319069,0.228042,434
4466,B001TMXAR8,1.730782,0.000348,0.038253,-0.312715,0.191916,136
4467,B001TOSNSC,1.422098,0.000359,0.03143,-0.310289,0.224849,305
4468,B001TOSRDI,1.635634,0.000436,0.036149,-0.267257,0.241018,146
4469,B001TP0A8M,1.311283,0.000648,0.028975,-0.276713,0.254339,345
4470,B001TP2WCE,1.690573,0.000911,0.037355,-0.385077,0.27146,375
4471,B001TSB9MA,1.22523,0.000223,0.02708,-0.255067,0.252762,681
4472,B001TSJ7ZQ,1.369483,0.000601,0.030263,-0.295796,0.220552,307
4473,B001TSNM34,1.468588,6.7e-05,0.032459,-0.342275,0.211842,238
4474,B001TSQYHA,1.289254,0.000316,0.028494,-0.289838,0.194276,420
4475,B001TVF7O8,1.466739,0.000104,0.032418,-0.32052,0.290433,325
4476,B001TVF8HY,1.422308,0.000548,0.031432,-0.30325,0.178391,129
4477,B001TVURTI,1.350719,-0.000175,0.029854,-0.313914,0.252407,297
4478,B001TVURXY,1.439668,-0.000121,0.03182,-0.325998,0.266563,356
4479,B001TVURZW,1.425954,0.000407,0.031515,-0.357185,0.241891,433
4480,B001TXB4G6,1.263642,-0.000374,0.027927,-0.284887,0.246414,733
4481,B001U02HNC,1.29412,0.00048,0.028599,-0.267548,0.195117,313
4482,B001U0ONNY,1.537017,9.8e-05,0.033972,-0.269109,0.169298,119
4483,B001U0OQL8,1.553729,0.000357,0.034339,-0.288042,0.183858,154
4484,B001U0OQN6,1.485145,0.000218,0.032825,-0.242954,0.162345,118
4485,B001U0OQNG,1.49664,0.000324,0.033078,-0.26776,0.191893,130
4486,B001U0PKTU,1.34867,0.000167,0.029808,-0.322566,0.221112,501
4487,B001U1HI5I,1.163653,0.000275,0.025718,-0.26104,0.245159,1545
4488,B001U1YTDC,1.279549,-0.000608,0.028275,-0.342121,0.223887,1478
4489,B001U1Z1FM,1.21222,0.000687,0.026784,-0.278016,0.219325,1055
4490,B001U23VB2,1.298656,-3.5e-05,0.028703,-0.304077,0.225133,1375
4491,B001U2BUJW,1.375405,-1.4e-05,0.0304,-0.284397,0.187708,192
4492,B001U2DIYC,1.328453,0.000402,0.029359,-0.262595,0.166598,319
4493,B001U2FOV2,1.625807,0.000882,0.035924,-0.381546,0.227653,261
4494,B001U2KP8Y,1.331734,0.000374,0.029432,-0.254713,0.177768,312
4495,B001U3QTRO,1.222074,-0.00028,0.027009,-0.290702,0.238396,953
4496,B001U403NY,1.435658,7.5e-05,0.031732,-0.328859,0.198801,348
4497,B001U5B5HQ,1.419505,-8.9e-05,0.031374,-0.347872,0.199122,291
4498,B001U6FIVE,1.324281,-0.000367,0.029268,-0.257947,0.224154,363
4499,B001U85CO0,1.285242,0.000104,0.028407,-0.303689,0.196418,2022
4500,B001U8F7XQ,1.254315,3e-06,0.027723,-0.296264,0.222501,941
4501,B001U8L104,1.420309,5.8e-05,0.031392,-0.301406,0.232041,358
4502,B001U9M2EW,1.371991,-0.000322,0.030323,-0.294168,0.195166,190
4503,B001UDJFY8,1.454988,0.000117,0.032159,-0.297804,0.183497,201
4504,B001UE60E0,1.233504,-0.000415,0.02726,-0.292962,0.264202,479
4505,B001UE7D2I,1.657798,0.000672,0.036635,-0.309511,0.20589,94
4506,B001UEIMZK,1.39014,0.000162,0.030725,-0.279139,0.216066,243
4507,B001UG6JZ8,1.280528,0.000787,0.028292,-0.250514,0.201518,241
4508,B001UGL84U,1.37233,-0.00019,0.030331,-0.274497,0.19578,228
4509,B001UHN0FE,1.46795,0.000456,0.032442,-0.36878,0.247201,302
4510,B001UHN0HM,1.404655,0.000349,0.031044,-0.318524,0.207598,343
4511,B001UHN0I6,1.407746,0.000398,0.031112,-0.31898,0.218306,354
4512,B001UHSVOY,1.313649,0.000364,0.029033,-0.279573,0.230512,650
4513,B001UN32KQ,1.34122,0.000198,0.029644,-0.2858,0.255056,498
4514,B001UN70Y0,1.245421,0.000453,0.027523,-0.278586,0.244763,428
4515,B001UO9BGE,1.370082,0.000145,0.030282,-0.269175,0.213515,272
4516,B001UOLI4C,1.335752,0.000212,0.029523,-0.306936,0.236628,318
4517,B001UPHQ7E,1.49303,0.00031,0.032998,-0.247145,0.186673,149
4518,B001UPMP3E,1.248308,0.000505,0.027586,-0.278312,0.187499,313
4519,B001UQM73G,1.155586,0.000517,0.025536,-0.276667,0.255281,1598
4520,B001UREIFU,1.384768,0.000508,0.030603,-0.293284,0.247441,312
4521,B001UTDW5U,1.455266,0.000986,0.03215,-0.339332,0.224723,351
4522,B001UTI7ZK,1.459916,0.000788,0.032258,-0.293502,0.213613,275
4523,B001UTK76C,1.296918,0.000325,0.028663,-0.240119,0.27517,546
4524,B001V0OI4M,1.253898,0.000102,0.027714,-0.265984,0.150448,196
4525,B001V3TVEQ,1.396466,0.000776,0.030856,-0.292232,0.209688,222
4526,B001V6QL5K,1.254787,-2.4e-05,0.027734,-0.300224,0.17689,549
4527,B001V6SN5G,1.491948,0.000465,0.032972,-0.343772,0.255582,447
4528,B001V7AO5M,1.224558,-0.000233,0.027065,-0.267853,0.192537,654
4529,B001V85POQ,1.264386,0.000717,0.027937,-0.26391,0.265854,1021
4530,B001V9LULM,1.415377,0.000304,0.031282,-0.308709,0.251552,279
4531,B001V9LUO4,1.286412,-1.2e-05,0.028433,-0.295026,0.26369,616
4532,B001V9LUR6,1.280392,0.00052,0.028295,-0.271767,0.271096,664
4533,B001V9LUWQ,1.41735,0.000485,0.031323,-0.229162,0.170266,153
4534,B001V9LUXK,1.305555,-9.2e-05,0.028856,-0.280349,0.273374,864
4535,B001V9LUYO,1.365577,0.000204,0.030182,-0.31111,0.227395,518
4536,B001V9LUZS,1.341054,0.000122,0.02964,-0.216584,0.155699,150
4537,B001V9LV20,1.309711,0.000156,0.028947,-0.296823,0.250309,735
4538,B001V9LV6G,1.439316,0.000205,0.031812,-0.301312,0.220131,216
4539,B001V9OO60,1.238062,0.000392,0.027361,-0.234055,0.231209,1458
4540,B001V9OWNU,1.370379,0.000204,0.030288,-0.296091,0.192051,291
4541,B001VA8PWI,1.254471,0.00038,0.027724,-0.246406,0.232412,701
4542,B001VD2DMI,1.366671,0.000346,0.030205,-0.322304,0.228149,463
4543,B001VD8DDG,1.290414,0.000536,0.028516,-0.270631,0.20696,455
4544,B001VHZXOE,1.329338,0.00042,0.029379,-0.306695,0.252765,485
4545,B001VII87W,1.280395,-0.000386,0.028297,-0.308106,0.208071,1173
4546,B001VJVP0S,1.224289,-0.00015,0.027059,-0.282855,0.226301,901
4547,B001VJZEGE,1.32815,-6.1e-05,0.029355,-0.285045,0.220918,470
4548,B001VMJSCW,1.459607,-0.000158,0.032261,-0.271336,0.183861,178
4549,B001VMM234,1.528817,0.000393,0.033788,-0.320378,0.184515,119
4550,B001VNCA0S,1.38761,0.000475,0.030666,-0.285756,0.210638,340
4551,B001VSBL6C,1.291297,2.4e-05,0.028541,-0.274004,0.261866,933
4552,B001W0OO3Q,1.275887,0.000623,0.028193,-0.251873,0.172335,299
4553,B001W2K51O,1.210911,0.000268,0.026763,-0.331105,0.25743,626
4554,B001W2TAOC,1.33086,0.000256,0.029414,-0.322639,0.196027,521
4555,B001W2X8AO,1.364264,0.001113,0.030133,-0.339753,0.266013,1887
4556,B001WAKUIO,1.427302,-0.000482,0.031543,-0.280539,0.175394,142
4557,B001WAKUTS,1.215934,0.000252,0.026874,-0.278955,0.22815,1292
4558,B001WW8NFY,1.394025,0.000592,0.030806,-0.328216,0.196496,225
4559,B001XVYBGO,1.151096,0.000418,0.025439,-0.223508,0.156395,330
4560,B001XXEW3E,1.310482,0.000484,0.028961,-0.30563,0.20465,641
4561,B001YTD3BE,1.570232,0.000784,0.034697,-0.305113,0.235661,250
4562,B001YTD3G4,1.524071,0.000785,0.033677,-0.325467,0.261269,264
4563,B001Z2ECZG,1.215406,0.000228,0.026863,-0.237675,0.220138,1748
4564,B001ZD3DHI,1.534026,0.000939,0.033893,-0.369754,0.279508,519
4565,B001ZD5HAY,1.377529,0.000764,0.030437,-0.313439,0.221004,413
4566,B0020122ZS,1.551261,0.000226,0.034286,-0.339852,0.22503,125
4567,B00203KPDC,1.477726,0.000209,0.032661,-0.36706,0.257996,408
4568,B00203MP9E,1.3651,8.3e-05,0.030172,-0.324238,0.328546,693
4569,B00203MPJY,1.367532,0.000164,0.030225,-0.309536,0.232957,284
4570,B0020BWQVI,1.356343,0.000282,0.029977,-0.265209,0.195771,180
4571,B0020C879M,1.242899,0.000485,0.027467,-0.235336,0.227043,535
4572,B0020HEBX8,1.473792,0.001284,0.032549,-0.26801,0.213708,162
4573,B0020JESMU,1.123678,-0.000419,0.024833,-0.234907,0.250616,1497
4574,B0020MM61W,1.205164,0.000111,0.026637,-0.297994,0.265579,565
4575,B0020MM874,1.425301,0.000999,0.031487,-0.324403,0.287269,417
4576,B0020MM8TW,1.216806,0.000368,0.026892,-0.292974,0.250413,685
4577,B0020MM8WO,1.153366,0.000484,0.025488,-0.26006,0.218134,698
4578,B0020MMCJI,1.147191,0.00044,0.025352,-0.277023,0.246934,680
4579,B0020MMCZW,1.210034,0.000461,0.026741,-0.275581,0.26447,729
4580,B0020MMD0G,1.173302,0.000173,0.025932,-0.273657,0.267615,560
4581,B0020MMD4W,1.172509,0.000102,0.025915,-0.297758,0.262934,546
4582,B0020MMDF6,1.290292,0.001098,0.028498,-0.264707,0.268211,1270
4583,B0020VJTDG,1.413012,0.000702,0.031223,-0.285655,0.195512,344
4584,B0020YLEYK,1.399705,0.000223,0.030936,-0.306606,0.281215,719
4585,B0021CAB0Y,1.456996,0.000926,0.03219,-0.266673,0.188158,133
4586,B0021EY2O8,1.393544,0.000368,0.030799,-0.311725,0.277542,416
4587,B0021LL1MM,1.286698,0.000418,0.028436,-0.221864,0.146397,139
4588,B0021MLVA8,1.341172,0.001127,0.029622,-0.309853,0.279761,526
4589,B0021W0B0O,1.311262,0.000221,0.028981,-0.260898,0.233505,739
4590,B0021W4WUE,1.66432,0.000545,0.036782,-0.312585,0.178194,76
4591,B0022077CK,1.39384,1.5e-05,0.030807,-0.298276,0.274612,425
4592,B0022H6JQI,1.462508,0.000502,0.032321,-0.310603,0.255402,447
4593,B0022NHBFK,1.288552,9.1e-05,0.02848,-0.259483,0.216192,283
4594,B0022PG9G0,1.194027,0.000458,0.026387,-0.255485,0.263778,686
4595,B0022PG9QK,1.357714,0.000485,0.030005,-0.316294,0.257659,537
4596,B0022V2PKI,1.489816,0.001367,0.0329,-0.235562,0.172606,167
4597,B00239YCXM,1.320027,0.000311,0.029174,-0.31909,0.216499,777
4598,B0023A7JF4,1.32107,0.000356,0.029197,-0.318757,0.215651,782
4599,B0023AQAPO,1.385891,0.000536,0.030627,-0.311294,0.27375,489
4600,B0023ASBSS,1.365492,0.000597,0.030175,-0.304956,0.261995,480
4601,B0023AT6R8,1.407793,0.000648,0.031109,-0.307899,0.268892,473
4602,B0023AV2UM,1.368502,0.000637,0.030241,-0.301291,0.267314,490
4603,B0023AV2XO,1.4593,0.00067,0.032247,-0.319393,0.283096,485
4604,B0023AV31U,1.437572,0.000609,0.031768,-0.312345,0.280932,481
4605,B00243FKN8,1.270532,-9.8e-05,0.028082,-0.269285,0.258106,1102
4606,B00243FOGG,1.720729,0.000396,0.03803,-0.317856,0.226248,76
4607,B00247ATBW,1.14656,7.4e-05,0.025342,-0.309751,0.212119,807
4608,B0024H42E2,1.33987,-0.000315,0.029613,-0.294447,0.191274,317
4609,B0024SCPOA,1.322944,0.000558,0.029235,-0.2954,0.289105,696
4610,B0024WDWU2,1.254104,-0.000123,0.027719,-0.251212,0.266204,1172
4611,B00252ZJ1G,1.312214,-5.1e-05,0.029003,-0.248749,0.193765,275
4612,B0025DDDOA,1.240956,0.000213,0.027427,-0.266307,0.191411,1234
4613,B0025N244K,1.325514,0.000428,0.029294,-0.255527,0.212897,387
4614,B00260GZTW,1.435146,0.000207,0.03172,-0.275433,0.208303,134
4615,B00260OTA4,1.400372,0.001151,0.03093,-0.325356,0.225088,423
4616,B002612K9K,1.327042,0.000721,0.029322,-0.26059,0.213716,217
4617,B00264E23Y,1.514852,0.000392,0.03348,-0.32356,0.223946,287
4618,B00264NW7G,1.397382,0.000505,0.030881,-0.277788,0.178908,217
4619,B00265YNFK,1.230637,0.000703,0.027191,-0.247113,0.204722,737
4620,B00267AETM,1.105346,-0.000654,0.024422,-0.205192,0.208739,1415
4621,B0026BA9HA,1.459069,0.000884,0.032237,-0.337432,0.257029,470
4622,B0026HG26Q,1.42645,0.000471,0.031525,-0.354608,0.23776,429
4623,B0026HVKUE,1.262576,0.00049,0.027902,-0.240168,0.262515,1243
4624,B0026I8M72,1.299214,0.00066,0.028708,-0.27758,0.180605,316
4625,B0026IFLG2,1.570025,0.000743,0.034693,-0.279482,0.229579,123
4626,B0026IJF96,1.43199,-0.000104,0.03165,-0.297071,0.24953,292
4627,B0026J10CU,1.170884,0.000709,0.02587,-0.260465,0.257328,3686
4628,B0026LOMXM,1.348216,0.00038,0.029797,-0.293356,0.305922,572
4629,B0026OYLS0,1.312469,0.001026,0.028991,-0.273129,0.236486,497
4630,B0026P3GVW,1.226751,0.000687,0.027106,-0.241277,0.27012,396
4631,B0026P3HGQ,1.567788,0.000944,0.034639,-0.313907,0.283839,407
4632,B0026P3HI4,1.542386,0.000703,0.034083,-0.317997,0.191077,144
4633,B0026P3HK2,1.361582,0.000854,0.030082,-0.301161,0.253906,527
4634,B0026RCMAG,1.36928,6.6e-05,0.030264,-0.29285,0.22714,408
4635,B0026RR9KO,1.274781,0.000223,0.028175,-0.287036,0.236026,781
4636,B0026S9OQK,1.168494,0.000894,0.025811,-0.311471,0.170477,899
4637,B0026UIFUE,1.510556,4.1e-05,0.033387,-0.29492,0.196081,80
4638,B0026VGZTQ,1.203581,0.000368,0.0266,-0.240347,0.25176,1150
4639,B00272UIPG,1.568396,0.000777,0.034657,-0.266202,0.193158,105
4640,B00274FY62,1.198506,0.000264,0.026489,-0.220822,0.252309,2004
4641,B002769UU6,1.511578,0.000829,0.033399,-0.268013,0.193747,92
4642,B00277JKY6,1.211998,0.000346,0.026786,-0.252168,0.21748,625
4643,B002787ACO,1.305845,0.00086,0.02885,-0.282032,0.23657,686
4644,B002789BAS,1.267908,0.000424,0.028021,-0.3006,0.239021,441
4645,B00279BKRY,1.341088,0.000507,0.029637,-0.286181,0.256391,701
4646,B0027A7CLG,1.174645,0.000305,0.025961,-0.228511,0.234527,692
4647,B0027A7CMK,1.163737,0.000222,0.025721,-0.237025,0.23027,699
4648,B0027AJ106,1.405842,-1.2e-05,0.031073,-0.325893,0.191166,210
4649,B0027CH02A,1.499252,-0.000144,0.033137,-0.332888,0.305716,464
4650,B0027CT5SC,1.423565,-5.6e-05,0.031464,-0.318454,0.320761,496
4651,B0027CT5TG,1.417558,1.1e-05,0.031332,-0.310223,0.320464,494
4652,B0027CT5VO,1.424918,2e-05,0.031494,-0.30957,0.324434,496
4653,B0027EJIZK,1.266807,0.000358,0.027997,-0.299452,0.197275,1366
4654,B0027SQJYO,1.022824,0.000431,0.022603,-0.230742,0.191999,1310
4655,B0027SXG9K,1.102822,-0.000204,0.024374,-0.225811,0.248508,1521
4656,B0027TSO5A,1.270751,0.000269,0.028085,-0.257361,0.222861,841
4657,B0027TUK7A,1.197539,0.000384,0.026466,-0.25114,0.226231,881
4658,B0027TY3T6,1.376638,0.000436,0.030424,-0.346954,0.235181,544
4659,B0027TZPVQ,1.441159,0.000355,0.031851,-0.360488,0.247167,426
4660,B0027U1D5W,1.308644,0.000392,0.028922,-0.294839,0.224955,474
4661,B0027UQDB6,1.296144,0.000481,0.028644,-0.3001,0.218824,860
4662,B0027UUDFS,1.311002,0.000211,0.028976,-0.28354,0.239992,365
4663,B0027VCNGO,1.417138,0.00011,0.031322,-0.276014,0.186082,172
4664,B0027WPJRI,1.328704,0.00011,0.029367,-0.268658,0.241515,313
4665,B0027Z2720,1.374356,-0.000396,0.030374,-0.313249,0.202469,257
4666,B00280M12A,1.369565,5.3e-05,0.030271,-0.313593,0.272018,740
4667,B00283O7LK,1.219809,-0.000169,0.02696,-0.261879,0.273106,687
4668,B00283SN92,1.30084,0.000915,0.028737,-0.250563,0.213887,462
4669,B00284W03Q,1.172027,0.000567,0.025898,-0.246123,0.274561,599
4670,B00289C338,1.363978,0.000558,0.030142,-0.302701,0.199214,545
4671,B0028BKV4E,1.427345,-4.6e-05,0.031548,-0.359583,0.182949,339
4672,B0028C6UO8,1.281974,0.000598,0.028328,-0.256628,0.193701,698
4673,B0028CBWC8,1.275544,0.000516,0.028188,-0.264922,0.161353,363
4674,B0028CX8FW,1.485925,0.000349,0.032841,-0.306783,0.198291,188
4675,B0028K3J6W,1.284105,0.000122,0.028382,-0.257207,0.219308,862
4676,B0028K3J7Q,1.480039,0.000584,0.032707,-0.331588,0.213653,193
4677,B0028K3J8K,1.350952,0.000362,0.029857,-0.288963,0.209527,400
4678,B0028K3J9O,1.482888,0.000426,0.032773,-0.249804,0.162484,109
4679,B0028K3JBW,1.525776,0.000426,0.033721,-0.262199,0.158608,137
4680,B0028LPG6W,1.38019,-0.000114,0.030505,-0.244043,0.201431,231
4681,B0028MITHO,1.468534,-1e-04,0.032458,-0.31751,0.216606,318
4682,B0028NA9US,1.393801,0.000337,0.030805,-0.307495,0.220952,474
4683,B0028P1S38,1.174758,0.000695,0.025956,-0.283877,0.219455,1183
4684,B0028Q01Q2,1.524159,0.001074,0.033671,-0.327317,0.335426,398
4685,B0028Q8I6C,1.349831,0.000525,0.02983,-0.299196,0.204097,244
4686,B0028QVAGW,1.245465,0.000153,0.027527,-0.286661,0.218169,596
4687,B0028QXB6E,1.219001,0.000287,0.026941,-0.299496,0.221388,1856
4688,B0028R0WFG,1.261845,0.000387,0.027887,-0.22171,0.146676,317
4689,B0028R4SRO,1.328774,0.000196,0.029369,-0.274023,0.172375,293
4690,B0028RC5N8,1.310916,0.00083,0.028963,-0.195839,0.157776,111
4691,B0028RFYFE,1.345699,0.000155,0.029743,-0.327214,0.181972,248
4692,B0028S0V1K,1.418232,-0.000377,0.031344,-0.255449,0.220542,260
4693,B0028SVO98,1.299012,0.000181,0.028711,-0.243464,0.182321,276
4694,B0028WVIF4,1.58469,0.000907,0.035014,-0.290965,0.19566,135
4695,B00290G0LW,1.40038,0.000381,0.03095,-0.282881,0.205551,235
4696,B002950XLU,1.346946,0.000276,0.02977,-0.235134,0.176185,163
4697,B00295N2MM,1.241044,0.000319,0.027428,-0.246351,0.19796,231
4698,B0029ERWH4,1.17055,0.000678,0.025863,-0.239787,0.231177,3593
4699,B0029F2HO6,1.316156,-1.6e-05,0.02909,-0.281157,0.271734,782
4700,B0029L1LI8,1.357464,-0.000403,0.030001,-0.241256,0.158665,170
4701,B0029MICB6,1.271269,0.000319,0.028096,-0.288899,0.212544,406
4702,B0029MMD3Y,1.381102,9.5e-05,0.030526,-0.346462,0.193179,311
4703,B0029MWIQG,1.360757,0.000304,0.030075,-0.288964,0.23446,359
4704,B0029OAL86,1.246504,0.00047,0.027547,-0.282846,0.246044,732
4705,B0029OIWNC,1.369634,0.00055,0.030267,-0.322985,0.260018,508
4706,B0029RA02A,1.361589,0.000453,0.030091,-0.296664,0.294216,560
4707,B0029RY3TG,1.226581,-0.000154,0.02711,-0.257968,0.282739,856
4708,B0029U0YKA,1.296703,0.000731,0.028651,-0.267396,0.162247,240
4709,B002A0W3PI,1.514178,0.000337,0.033465,-0.315552,0.187552,190
4710,B002A4D5YM,1.317185,-6.5e-05,0.029113,-0.301975,0.253944,573
4711,B002A9JONI,1.140259,0.00078,0.02519,-0.213909,0.321573,634
4712,B002AA13M2,1.364594,0.000408,0.030158,-0.250624,0.22916,218
4713,B002AC2RW0,1.133236,2.1e-05,0.025047,-0.272832,0.228634,874
4714,B002ACKDU8,1.574235,0.000473,0.034791,-0.298578,0.226096,290
4715,B002ACKKMO,1.574604,0.000394,0.0348,-0.296987,0.227641,306
4716,B002ACQCC6,1.48654,9e-05,0.032856,-0.279654,0.188887,179
4717,B002ADDGFG,1.279347,0.000128,0.028276,-0.3364,0.270539,1263
4718,B002AENINU,1.157828,0.00031,0.025589,-0.273502,0.193181,757
4719,B002AER2FU,1.44835,0.000572,0.032007,-0.219167,0.16046,191
4720,B002AMUFEW,1.526234,0.000737,0.033726,-0.301003,0.234338,190
4721,B002AMUFHE,1.32952,0.000229,0.029385,-0.290435,0.23048,377
4722,B002AMUFOC,1.575812,0.000446,0.034826,-0.289215,0.238356,154
4723,B002AMUFQK,1.441372,-0.000184,0.031857,-0.272682,0.145346,131
4724,B002AMUIBM,1.348908,-0.000298,0.029813,-0.317083,0.234331,340
4725,B002AMUICG,1.409469,-0.000148,0.031152,-0.337857,0.241757,374
4726,B002AQF3PO,1.309863,0.00014,0.028951,-0.290301,0.226715,414
4727,B002AQX3NS,1.534751,0.000962,0.033908,-0.267004,0.206525,132
4728,B002B2L2JI,1.158444,0.000817,0.025591,-0.262028,0.209964,526
4729,B002B2R3IC,1.261827,-0.000183,0.027889,-0.27588,0.175679,415
4730,B002B46H6Y,1.159063,9.5e-05,0.025618,-0.265328,0.21856,581
4731,B002B4EF9U,1.147865,0.000488,0.025366,-0.210431,0.191995,542
4732,B002B4EFCC,1.313415,0.000646,0.029023,-0.263654,0.211758,448
4733,B002B4GGL0,1.337985,0.000866,0.02956,-0.286478,0.254326,452
4734,B002B4GGUG,1.32895,0.001166,0.02935,-0.233153,0.182546,242
4735,B002B4IQ9A,1.556491,0.000703,0.034395,-0.207773,0.174974,92
4736,B002B4JP90,1.277077,0.000854,0.028214,-0.219538,0.181279,297
4737,B002B4K6FC,1.425965,0.00061,0.031511,-0.217564,0.198077,109
4738,B002B4LU8O,1.253769,0.000413,0.027708,-0.252776,0.208285,334
4739,B002B4LUF2,1.397353,0.001094,0.030866,-0.274045,0.245309,413
4740,B002B4LUFW,1.338981,0.001034,0.029577,-0.250596,0.196523,273
4741,B002B4LUKM,1.334965,0.000735,0.029497,-0.256856,0.1971,262
4742,B002B4NP00,1.349768,0.000854,0.029821,-0.276966,0.263661,406
4743,B002B4O7XE,1.326569,0.000866,0.029308,-0.282085,0.200321,418
4744,B002B649V2,1.262625,0.000295,0.027906,-0.276593,0.223558,915
4745,B002B8BCA6,1.299042,0.000149,0.028712,-0.230998,0.17396,218
4746,B002B8VE4U,1.62894,0.001069,0.035988,-0.32452,0.211891,113
4747,B002B9DWBC,1.435202,0.000564,0.031717,-0.319194,0.246021,1909
4748,B002BABHZE,1.108643,0.000399,0.024501,-0.233971,0.256545,779
4749,B002BAOMAG,1.307758,0.000433,0.028901,-0.298834,0.251192,683
4750,B002BAXNOM,1.362168,0.000846,0.030095,-0.296626,0.232327,501
4751,B002BCB3Q0,1.27743,0.000307,0.028233,-0.348145,0.202502,515
4752,B002BDW2NW,1.42661,0.00049,0.031528,-0.293158,0.207548,229
4753,B002BEHQWI,1.275283,0.000407,0.028184,-0.248762,0.200464,361
4754,B002BFIH2U,1.258102,0.000319,0.027805,-0.261811,0.278301,836
4755,B002BFPDCC,1.233686,0.000332,0.027266,-0.25209,0.30857,646
4756,B002BFY9VS,1.17481,-5e-06,0.025966,-0.249443,0.240764,825
4757,B002BGDLDO,1.381988,0.000734,0.030537,-0.25574,0.213466,216
4758,B002BGT7DM,1.161446,-0.000369,0.025668,-0.24358,0.190903,323
4759,B002BPY7H4,1.532473,0.000136,0.033871,-0.306972,0.189076,152
4760,B002BQ3EHM,1.266844,3.9e-05,0.028,-0.266147,0.182794,256
4761,B002BQP3GC,1.247135,0.000227,0.027564,-0.245711,0.182118,1206
4762,B002BS43HU,1.355974,-0.000358,0.029968,-0.311286,0.315361,1721
4763,B002BVWIQA,1.256818,0.000285,0.027777,-0.267608,0.223283,204
4764,B002BW3LT2,1.400918,0.000486,0.03096,-0.30355,0.295352,451
4765,B002BWOXWG,1.362144,9.2e-05,0.030107,-0.335656,0.217937,410
4766,B002BWOXXK,1.376103,1.9e-05,0.030415,-0.29952,0.259509,437
4767,B002BWOXYE,1.253067,-0.000253,0.027695,-0.30807,0.23492,4128
4768,B002BWOY1G,1.335577,0.000422,0.029517,-0.288686,0.231706,536
4769,B002BWOY3Y,1.503675,0.000343,0.033233,-0.277936,0.218845,148
4770,B002BWOY6G,1.345772,0.000454,0.029741,-0.301685,0.259194,441
4771,B002BWPXFW,1.302374,0.000184,0.028785,-0.263541,0.239524,460
4772,B002BWPXGQ,1.261443,0.00012,0.027881,-0.279522,0.261057,4629
4773,B002BWPXH0,1.307517,0.00033,0.028897,-0.303619,0.264029,572
4774,B002BXGBSY,1.690379,0.000334,0.03736,-0.358654,0.322284,386
4775,B002BXGV52,1.495923,0.000133,0.033063,-0.376234,0.288272,395
4776,B002C0338W,1.286158,0.000569,0.028422,-0.270861,0.235082,568
4777,B002C0CZEU,1.711344,0.000757,0.037817,-0.416039,0.261033,1244
4778,B002C1JEPM,1.173479,0.000495,0.025932,-0.241111,0.215171,535
4779,B002C3UMLK,1.314739,0.000332,0.029057,-0.303735,0.196356,330
4780,B002C4V3WG,1.288497,-0.000101,0.028479,-0.28869,0.236267,418
4781,B002C5KVL4,1.346069,0.000245,0.02975,-0.268674,0.240978,352
4782,B002C67EN6,1.331056,-0.00011,0.029419,-0.279734,0.272755,644
4783,B002C7487U,1.259,0.000516,0.027822,-0.276242,0.180853,399
4784,B002C74884,1.28912,0.000541,0.028488,-0.322659,0.191648,580
4785,B002C794DS,1.32465,0.00069,0.02927,-0.29351,0.169723,275
4786,B002C7EYUQ,1.41377,7.6e-05,0.031248,-0.282856,0.211235,216
4787,B002C89J96,1.321144,4.8e-05,0.029201,-0.306433,0.223586,377
4788,B002C8A0FI,1.225097,0.000182,0.027077,-0.249632,0.190477,1237
4789,B002CEV1W8,1.33775,-3.4e-05,0.029568,-0.308215,0.230919,1552
4790,B002CKYZMK,1.307217,0.000845,0.02888,-0.240379,0.181648,241
4791,B002CL2G0C,1.32168,0.001024,0.029194,-0.250145,0.190525,299
4792,B002CL4AVU,1.333793,1e-04,0.02948,-0.293303,0.225567,374
4793,B002CL6D56,1.225673,0.000713,0.027081,-0.230254,0.255676,470
4794,B002CL6DTM,1.204403,0.000638,0.026613,-0.294057,0.266958,640
4795,B002CL83YU,1.270406,0.001239,0.028052,-0.202299,0.178611,257
4796,B002CL840S,1.285278,0.000986,0.028391,-0.22507,0.197258,257
4797,B002CL84FI,1.376163,0.001021,0.030399,-0.265546,0.2028,352
4798,B002CML02Q,1.346378,0.000587,0.029752,-0.34069,0.2183,472
4799,B002CML1JI,1.17933,8.8e-05,0.026066,-0.257479,0.204963,860
4800,B002CML1LQ,1.496245,0.000147,0.03307,-0.357947,0.239839,377
4801,B002CML1R0,1.297487,0.00045,0.028674,-0.289694,0.197066,384
4802,B002CML1XE,1.246589,0.000513,0.027548,-0.269407,0.258505,745
4803,B002CMLH6K,1.359831,9.2e-05,0.030056,-0.319308,0.199843,321
4804,B002CMLHB0,1.466134,0.00012,0.032405,-0.303511,0.179784,203
4805,B002CMLHF6,1.302517,-0.000415,0.028786,-0.283343,0.208455,361
4806,B002CMLJU4,1.187358,6.6e-05,0.026243,-0.266668,0.216575,568
4807,B002CMLRQA,1.346125,-0.000126,0.029752,-0.347416,0.188007,328
4808,B002CMLRX8,1.248897,2.8e-05,0.027604,-0.282887,0.161691,237
4809,B002CMLS46,1.40748,0.000356,0.031107,-0.310241,0.187441,251
4810,B002CMLS50,1.414903,5.8e-05,0.031273,-0.31548,0.236377,329
4811,B002CMLS7I,1.271775,-3.3e-05,0.028109,-0.261113,0.15742,175
4812,B002CMLS8M,1.316554,0.000279,0.029098,-0.283021,0.201587,262
4813,B002CMVU7Q,1.342053,0.000544,0.029658,-0.259903,0.252935,456
4814,B002CMYX16,1.373061,0.000414,0.030345,-0.258824,0.209017,244
4815,B002CPRK9U,1.294786,5.7e-05,0.028618,-0.316839,0.197428,1416
4816,B002CRZ15S,1.481398,0.000397,0.03274,-0.276882,0.174138,129
4817,B002CSOYIC,1.270116,0.000465,0.028069,-0.255384,0.24665,964
4818,B002CSPKSU,1.294306,0.000501,0.028603,-0.30207,0.234439,1225
4819,B002CVTY0C,1.095293,0.00034,0.024206,-0.212523,0.206583,972
4820,B002CX3OP6,1.22764,1.6e-05,0.027134,-0.281033,0.234313,309
4821,B002CXPO7W,1.325841,9.4e-05,0.029304,-0.266147,0.150201,167
4822,B002D48QI4,1.45428,0.000363,0.032141,-0.315602,0.221091,240
4823,B002D48QIE,1.467712,0.000426,0.032437,-0.314825,0.215786,244
4824,B002D48QMK,1.360242,0.000342,0.030063,-0.259473,0.183319,251
4825,B002D48QNE,1.290892,0.000429,0.028529,-0.288587,0.187346,291
4826,B002D48QNO,1.437624,0.000462,0.031772,-0.316684,0.204472,170
4827,B002D48QPM,1.348248,0.000274,0.029798,-0.292802,0.184249,202
4828,B002D48QR0,1.381026,0.000139,0.030524,-0.308252,0.237425,318
4829,B002D48QRA,1.37952,0.000497,0.030487,-0.288017,0.194588,206
4830,B002D48QRK,1.382235,0.000346,0.030549,-0.298991,0.200574,222
4831,B002D48QRU,1.575466,0.000481,0.034818,-0.372597,0.227326,198
4832,B002D48QSE,1.395387,0.000456,0.030838,-0.31243,0.22081,222
4833,B002D48QWA,1.338911,0.000588,0.029587,-0.317015,0.21213,382
4834,B002D48R2Y,1.514725,0.000411,0.033477,-0.357842,0.266446,373
4835,B002D48R3I,1.348438,0.000922,0.02979,-0.27066,0.218512,384
4836,B002D48R5G,1.684167,0.000183,0.037224,-0.363042,0.259202,340
4837,B002D4B1X6,1.138035,0.000467,0.025149,-0.191857,0.254008,830
4838,B002D4CXII,1.246342,-0.000237,0.027546,-0.305494,0.302283,953
4839,B002D4J3VI,1.332645,0.000313,0.029453,-0.280421,0.19212,226
4840,B002D4JABQ,1.419586,0.000176,0.031376,-0.3411,0.238889,261
4841,B002D4KCPY,1.361629,0.000381,0.030093,-0.288295,0.237607,472
4842,B002D7UZ94,1.703039,0.001086,0.037626,-0.319702,0.261378,158
4843,B002D89VHK,1.322502,0.000886,0.029217,-0.284296,0.195949,241
4844,B002D8D1AI,1.46817,0.000213,0.03245,-0.339196,0.185988,206
4845,B002DC78T4,1.533297,-0.000592,0.033885,-0.317562,0.230545,207
4846,B002DHNAM8,1.341667,0.000346,0.029652,-0.29361,0.187694,362
4847,B002DL9M2G,1.423359,0.000197,0.031459,-0.27313,0.194995,233
4848,B002DMK0EE,1.213693,0.000273,0.026824,-0.251826,0.219078,601
4849,B002DMK0KI,1.428644,0.000478,0.031573,-0.302756,0.20318,285
4850,B002DMK0KS,1.305758,0.000135,0.02886,-0.286111,0.23096,517
4851,B002DMK0LC,1.294254,0.000296,0.028605,-0.332555,0.235902,594
4852,B002DMK0LW,1.270174,0.000352,0.028072,-0.281637,0.248631,479
4853,B002DMMS6W,1.390428,0.000481,0.030728,-0.318609,0.250308,357
4854,B002DMQRXW,1.446859,0.000352,0.031977,-0.26038,0.202323,193
4855,B002DMWK74,1.346798,4.8e-05,0.029768,-0.270652,0.195075,228
4856,B002DNAQHO,1.419595,0.000477,0.031373,-0.276182,0.160173,150
4857,B002DOO1VA,1.15047,0.000517,0.025423,-0.243832,0.198367,3786
4858,B002DP19ZU,1.344867,0.000636,0.029718,-0.287884,0.24278,471
4859,B002DP1A18,1.350341,0.000443,0.029843,-0.314891,0.244517,407
4860,B002DP75R6,1.27452,0.000543,0.028165,-0.248362,0.249522,928
4861,B002DPS40I,1.394382,0.000253,0.030818,-0.314485,0.211132,241
4862,B002DPUXZ2,1.20864,0.000312,0.026712,-0.233917,0.233882,638
4863,B002DPUXZC,1.253656,0.000102,0.027709,-0.271417,0.253644,814
4864,B002DPUY0G,1.310145,-6.9e-05,0.028957,-0.332703,0.22671,410
4865,B002DPUY10,1.328896,0.000364,0.02937,-0.320143,0.261784,623
4866,B002DPUY42,1.386798,0.000227,0.030651,-0.351109,0.221346,465
4867,B002DPUY4W,1.326718,0.000513,0.029319,-0.303697,0.237981,567
4868,B002DPUY56,1.369689,8.9e-05,0.030273,-0.339441,0.224773,457
4869,B002DPUY5G,1.237587,0.000224,0.027353,-0.275036,0.242386,785
4870,B002DPUY5Q,1.267381,-0.000115,0.028012,-0.316178,0.273492,522
4871,B002DPUY60,1.303877,0.000307,0.028817,-0.290791,0.243011,760
4872,B002DPUY6A,1.392756,0.000342,0.030781,-0.348157,0.21756,428
4873,B002DPUY8I,1.322226,0.000269,0.029223,-0.294934,0.202043,295
4874,B002DPV8L0,1.435549,0.000394,0.031727,-0.338755,0.272178,409
4875,B002DQMZ5M,1.440312,-4.9e-05,0.031834,-0.341639,0.264147,495
4876,B002DUDEQ2,1.40915,0.00065,0.031139,-0.323347,0.205454,442
4877,B002DUOOXO,1.473583,0.000403,0.032567,-0.319257,0.203782,201
4878,B002DVHTFI,1.309391,-0.0002,0.02894,-0.277485,0.190075,307
4879,B002DXXDOM,1.363568,9.1e-05,0.030138,-0.24223,0.176692,196
4880,B002E0QLP2,1.460238,0.000289,0.032274,-0.343128,0.179067,199
4881,B002E788WE,1.182672,0.000261,0.026139,-0.268247,0.226746,1142
4882,B002EKD768,1.363273,0.000285,0.03013,-0.326617,0.283364,1252
4883,B002EQQ11K,1.472064,-0.000106,0.032536,-0.324747,0.21541,317
4884,B002EQZ9OU,1.38699,-2e-05,0.030656,-0.276341,0.198882,300
4885,B002ERZIPY,1.230858,-0.00014,0.027205,-0.274088,0.211301,1669
4886,B002ES6Z0K,1.189433,0.000466,0.026285,-0.244719,0.218869,1799
4887,B002F07RA4,1.329016,0.000182,0.029374,-0.321197,0.216824,1266
4888,B002F17ZXW,1.320921,2.9e-05,0.029196,-0.294438,0.238466,1872
4889,B002F4Z18A,1.261643,-0.000481,0.027881,-0.28061,0.270995,1187
4890,B002F5WLOQ,1.346357,0.000621,0.029751,-0.283593,0.24341,436
4891,B002FBT6M0,1.375527,0.00033,0.030401,-0.302113,0.262992,517
4892,B002FCH4B4,1.207096,0.000263,0.026679,-0.21134,0.180449,205
4893,B002FCLAXC,1.31885,0.000846,0.029138,-0.27531,0.243882,440
4894,B002FGKPWK,1.455071,-0.000372,0.032159,-0.305547,0.233047,202
4895,B002FJ11UW,1.344264,-6.7e-05,0.029712,-0.297714,0.235569,443
4896,B002FKJJXC,1.346785,0.000282,0.029766,-0.272734,0.232303,237
4897,B002FOTGFY,1.192515,0.000617,0.02635,-0.353129,0.238144,970
4898,B002FQKKBQ,1.216946,0.000322,0.026896,-0.273324,0.230123,733
4899,B002FRIY1S,1.402574,0.000855,0.030989,-0.310704,0.244705,395
4900,B002FWW8HY,1.269285,0.000861,0.028041,-0.252597,0.254255,657
4901,B002G1N8KA,1.406947,0.000439,0.031094,-0.303182,0.256758,431
4902,B002G392OE,1.134839,-0.000229,0.025082,-0.198694,0.131985,218
4903,B002G3K1TY,1.363809,0.000392,0.030141,-0.283242,0.161807,171
4904,B002G5ULWY,1.335822,0.000681,0.029517,-0.274814,0.205877,338
4905,B002G60MAO,1.446303,0.00031,0.031965,-0.26883,0.185957,99
4906,B002G7J0LU,1.165893,0.000429,0.025766,-0.224495,0.213067,916
4907,B002GCKVJA,1.221502,0.000568,0.026992,-0.285961,0.252662,1000
4908,B002GDIKK6,1.296999,0.000288,0.028665,-0.289296,0.213092,561
4909,B002GELXJK,1.520696,9.4e-05,0.033611,-0.329478,0.239563,276
4910,B002GENWU8,1.426084,0.000346,0.031518,-0.314307,0.265456,549
4911,B002GJ7GR8,1.195395,9.5e-05,0.026421,-0.280433,0.210281,1929
4912,B002GJRT6G,1.166502,-6.9e-05,0.025782,-0.270798,0.259686,1543
4913,B002GN6OK4,1.530847,0.00137,0.033808,-0.270313,0.215298,159
4914,B002GNFSPG,1.43006,-0.000183,0.031607,-0.31962,0.1794,251
4915,B002GOXELA,1.254259,4.2e-05,0.027722,-0.293891,0.252751,586
4916,B002GP5XD6,1.24545,0.000126,0.027527,-0.261851,0.215305,675
4917,B002GYQ0FW,1.25682,-1.6e-05,0.027779,-0.270584,0.205747,328
4918,B002GZRZW8,1.331129,0.001044,0.029403,-0.31906,0.270839,559
4919,B002H3BRX2,1.494195,2e-06,0.033025,-0.336972,0.311364,542
4920,B002H5G1OK,1.392107,0.000144,0.030769,-0.269668,0.247362,361
4921,B002H6SUOI,1.185108,0.000453,0.02619,-0.23644,0.216429,641
4922,B002H6SVMY,1.485332,0.001228,0.032807,-0.32808,0.280199,468
4923,B002H8TVVM,1.320496,3.3e-05,0.029186,-0.299914,0.234852,933
4924,B002H937FW,1.392512,0.000858,0.030766,-0.296031,0.297971,722
4925,B002H9L62I,1.41544,9.2e-05,0.031285,-0.291515,0.222418,318
4926,B002HEHNC0,1.246235,-0.000291,0.027543,-0.312265,0.266808,340
4927,B002HEIGKS,1.536847,0.000575,0.033963,-0.341239,0.212267,190
4928,B002HEW7QM,1.321203,0.000496,0.029198,-0.270098,0.252528,1139
4929,B002HEW7V2,1.388977,-0.000248,0.030699,-0.326105,0.289096,1106
4930,B002HEW7X0,1.417505,-6.5e-05,0.03133,-0.359943,0.20201,332
4931,B002HEW7Z8,1.304995,-6.8e-05,0.028844,-0.256023,0.268414,472
4932,B002HEW8C0,1.336984,9e-05,0.029551,-0.291171,0.164161,221
4933,B002HEW8FW,1.22696,8.3e-05,0.027119,-0.263415,0.188081,381
4934,B002HEW8QQ,1.208181,0.000113,0.026704,-0.251055,0.301405,1165
4935,B002HG60CC,1.262918,0.000646,0.027906,-0.277467,0.226311,551
4936,B002HHNRF4,1.387543,0.000468,0.030665,-0.276993,0.154498,161
4937,B002HHPTBO,1.530664,0.000524,0.033827,-0.331942,0.215436,164
4938,B002HHTEN8,1.38477,0.000741,0.030598,-0.299558,0.243436,309
4939,B002HJTJAE,1.584614,0.000285,0.035023,-0.361127,0.330319,456
4940,B002HK2GGM,1.322583,0.000829,0.029221,-0.269234,0.185803,318
4941,B002HK2GI0,1.269576,0.000737,0.028051,-0.247482,0.194323,306
4942,B002HK2GOO,1.292075,0.000695,0.02855,-0.25851,0.218304,448
4943,B002HK2GWG,1.330005,0.000426,0.029393,-0.261895,0.220144,390
4944,B002HK2H1G,1.301685,0.000376,0.028768,-0.264409,0.284847,440
4945,B002HM3EM0,1.355776,-0.000473,0.029962,-0.266913,0.159867,181
4946,B002HMCIOK,1.399859,0.000374,0.030938,-0.306623,0.283537,422
4947,B002HMYF8W,1.148238,9.8e-05,0.025379,-0.27078,0.215831,1132
4948,B002HPBF32,1.185726,0.000382,0.026205,-0.293907,0.198445,1900
4949,B002HPFILC,1.314561,0.000451,0.029052,-0.268422,0.239047,379
4950,B002HRENPW,1.15582,0.000776,0.025535,-0.24582,0.225307,1907
4951,B002HSWFWY,1.092432,0.00035,0.024143,-0.224684,0.256008,1563
4952,B002HWS7LS,1.370738,0.00043,0.030294,-0.260823,0.208444,187
4953,B002HWS7NQ,1.3191,0.000288,0.029154,-0.25378,0.162075,169
4954,B002HWS7RM,1.39859,0.000703,0.030904,-0.304532,0.208584,279
4955,B002HWS7UY,1.323318,0.000657,0.029241,-0.26009,0.192147,259
4956,B002HY10J2,1.39224,0.001387,0.030741,-0.298616,0.193942,271
4957,B002HZAZEM,1.557416,0.000211,0.034422,-0.328344,0.206273,156
4958,B002HZVOLA,1.407291,0.000154,0.031104,-0.298732,0.252772,433
4959,B002I4Z6TG,1.514805,0.00056,0.033476,-0.344718,0.230766,214
4960,B002IACDGY,1.391992,-0.000486,0.030763,-0.305813,0.223305,306
4961,B002IB4KGE,1.436464,0.000505,0.031745,-0.333925,0.283215,397
4962,B002IDPHBE,1.214486,0.00037,0.026841,-0.246545,0.227009,485
4963,B002IFT5VA,1.393619,0.000968,0.030787,-0.30782,0.322109,391
4964,B002IGERH6,1.343234,0.000684,0.029681,-0.277384,0.175279,236
4965,B002IGQ7L0,1.512284,-0.000602,0.03342,-0.3358,0.200466,119
4966,B002IJUW1S,1.464091,0.000134,0.03236,-0.332862,0.322675,894
4967,B002IOTG9M,1.283092,5.4e-05,0.028359,-0.23509,0.169171,219
4968,B002IRIGZO,1.506972,0.000785,0.033299,-0.307952,0.214546,138
4969,B002IS6S62,1.503345,0.001514,0.033193,-0.319738,0.20691,203
4970,B002ISV7B8,1.38736,0.000986,0.030648,-0.305194,0.220144,187
4971,B002ISZ0CK,1.385408,0.000978,0.030605,-0.301557,0.219984,187
4972,B002IT3KD0,1.501209,0.000334,0.033179,-0.404284,0.248366,468
4973,B002IUHX0A,1.328248,0.000214,0.029357,-0.219835,0.193471,213
4974,B002IULDP6,1.423479,1.8e-05,0.031462,-0.292739,0.216668,352
4975,B002IUT09C,1.308146,-3.5e-05,0.028913,-0.283148,0.190913,245
4976,B002IVGAMG,1.292305,7.5e-05,0.028563,-0.296804,0.2041,321
4977,B002IVKXWE,1.574297,0.00029,0.034795,-0.355427,0.268474,319
4978,B002IY2EBY,1.29364,-1e-06,0.028593,-0.301466,0.184558,408
4979,B002IY5IH6,1.419763,0.000446,0.031377,-0.312295,0.196013,294
4980,B002J6Z6HK,1.218565,-0.000141,0.026933,-0.301784,0.16991,399
4981,B002JBCSVM,1.669334,-0.000338,0.036895,-0.236883,0.162362,28
4982,B002JCSLVW,1.363423,0.00023,0.030134,-0.331346,0.20465,339
4983,B002JDUMFO,1.26507,0.000277,0.02796,-0.270755,0.275594,614
4984,B002JE7PDA,1.308777,0.000174,0.028927,-0.267969,0.312924,676
4985,B002JF4Q1S,1.429503,0.000814,0.031585,-0.307191,0.270005,419
4986,B002JF6GMA,1.36994,0.001298,0.030251,-0.272567,0.173091,159
4987,B002JKD5ME,1.32387,0.000469,0.029257,-0.329516,0.248785,728
4988,B002JL1Y6C,1.554001,0.000108,0.034347,-0.237935,0.20463,84
4989,B002JLQWNM,1.366468,0.00029,0.030201,-0.324561,0.18851,211
4990,B002JNTEBW,1.459225,-0.000137,0.032252,-0.274444,0.186,154
4991,B002JNV8JI,1.359302,-2.4e-05,0.030044,-0.26565,0.20188,164
4992,B002JPJ2ZS,1.622776,-0.000342,0.035866,-0.340563,0.214513,118
4993,B002JPWOK8,1.343382,-0.000319,0.02969,-0.279876,0.173236,275
4994,B002JQAM3I,1.33185,0.000375,0.029435,-0.259716,0.188988,186
4995,B002JSL6QI,1.353321,-2.8e-05,0.029912,-0.326932,0.235402,387
4996,B002K4NVAU,1.364601,0.000701,0.030153,-0.261145,0.266765,341
4997,B002K4YMIA,1.284322,5.1e-05,0.028387,-0.265831,0.230653,1816
4998,B002K6AHQY,1.44117,0.00052,0.031849,-0.298965,0.267546,419
4999,B002K8MK0I,1.340133,0.000223,0.029619,-0.307396,0.219754,286
5000,B002K8OEHK,1.363076,0.000301,0.030126,-0.325754,0.247262,519
5001,B002K8UB9A,1.354284,0.000362,0.029931,-0.299487,0.251075,482
5002,B002K8W58K,1.399284,0.000201,0.030927,-0.33308,0.274868,481
5003,B002K8XXQ8,1.358373,0.000175,0.030023,-0.3035,0.215522,474
5004,B002KA1354,1.443592,0.000191,0.031906,-0.243121,0.165875,129
5005,B002KA4PMW,1.240416,0.000219,0.027415,-0.244657,0.199773,734
5006,B002KAA8KK,1.179056,-6.5e-05,0.02606,-0.242291,0.222774,686
5007,B002KAGWYQ,1.28194,0.000699,0.028325,-0.314515,0.225759,961
5008,B002KANWU8,1.36119,0.000369,0.030083,-0.308601,0.20995,535
5009,B002KANXHK,1.208229,-2.4e-05,0.026705,-0.247439,0.218287,683
5010,B002KCCEGO,1.357785,0.000215,0.03001,-0.28529,0.247672,395
5011,B002KDK43I,1.205018,0.000626,0.026627,-0.250079,0.20391,1430
5012,B002KDNN86,1.333066,0.000176,0.029464,-0.310418,0.232573,809
5013,B002KDNNBS,1.208118,0.000421,0.026699,-0.256121,0.219208,697
5014,B002KFOX38,1.242549,0.000292,0.027462,-0.290713,0.240217,1796
5015,B002KFR628,1.239107,0.000156,0.027387,-0.270115,0.24803,1580
5016,B002KFWPM4,1.26168,7.5e-05,0.027886,-0.284451,0.22032,1771
5017,B002KGW6VI,1.423675,0.000856,0.031455,-0.204858,0.171806,134
5018,B002KIGXIS,1.259433,0.000202,0.027836,-0.25692,0.259619,1595
5019,B002KJSD8K,1.275784,-0.00033,0.028196,-0.264411,0.259942,558
5020,B002KKV066,1.297962,0.000305,0.028687,-0.300906,0.284017,1018
5021,B002KKV3X6,1.251135,0.000208,0.027652,-0.252793,0.251631,536
5022,B002KMXO36,1.146633,0.000441,0.02534,-0.231371,0.203911,1252
5023,B002KP1WIW,1.338677,0.000832,0.029576,-0.339246,0.228016,1160
5024,B002KPWZPG,1.231412,3.4e-05,0.027217,-0.283367,0.268258,778
5025,B002KQ7E9M,1.379952,-0.0005,0.030496,-0.250207,0.185997,142
5026,B002KYF068,1.347422,0.000835,0.02977,-0.281937,0.222536,228
5027,B002L5WFT6,1.497481,1e-05,0.033098,-0.337105,0.182228,162
5028,B002L6M068,1.360748,0.000662,0.030069,-0.287094,0.214213,376
5029,B002L6NZ6C,1.267373,0.000405,0.028009,-0.257637,0.214483,268
5030,B002L6NZHG,1.381534,0.000463,0.030532,-0.269848,0.257561,355
5031,B002L6O1R4,1.315985,0.000625,0.02908,-0.267592,0.188355,321
5032,B002L6PWZO,1.396419,0.000703,0.030856,-0.302385,0.221505,489
5033,B002L6PXNA,1.380143,0.000715,0.030496,-0.285389,0.259658,443
5034,B002LA1D9Y,1.391195,0.000205,0.030748,-0.32659,0.215785,305
5035,B002LA27Q2,1.338053,0.000747,0.029565,-0.311658,0.211431,1097
5036,B002LA53V8,1.219568,-0.000146,0.026955,-0.251022,0.244335,659
5037,B002LA7VR2,1.281938,0.000535,0.028329,-0.290193,0.246256,989
5038,B002LAS26Q,1.343713,0.000538,0.029695,-0.283074,0.226195,418
5039,B002LB75AO,1.241595,0.000149,0.027442,-0.288176,0.236614,635
5040,B002LBE796,1.263712,0.000158,0.027931,-0.291235,0.226408,1021
5041,B002LC5X52,1.472033,0.000704,0.032528,-0.270907,0.209534,211
5042,B002LC9OES,1.218902,0.000417,0.026938,-0.259907,0.202232,667
5043,B002LE54P4,1.298534,9.3e-05,0.028701,-0.30322,0.227615,765
5044,B002LE8OWO,1.468706,0.000348,0.03246,-0.35047,0.252562,334
5045,B002LE8OX8,1.449915,0.00031,0.032045,-0.327768,0.237611,354
5046,B002LE8P8W,1.590442,0.000507,0.035149,-0.377976,0.244001,298
5047,B002LFLP2E,1.449034,0.000292,0.032026,-0.337779,0.306091,372
5048,B002LFLPEC,1.433517,0.000846,0.031673,-0.35247,0.281108,486
5049,B002LFLRFY,1.368784,0.000679,0.030246,-0.282672,0.2411,414
5050,B002LFLXDA,1.454496,0.000655,0.032141,-0.304471,0.253917,356
5051,B002LFNQ2Q,1.337271,0.000624,0.02955,-0.308713,0.289738,583
5052,B002LFNQT4,1.38669,0.000506,0.030645,-0.29235,0.273238,410
5053,B002LFNX1K,1.356392,0.0005,0.029975,-0.284573,0.211242,387
5054,B002LFQ5MO,1.441589,0.000995,0.031847,-0.318048,0.207693,392
5055,B002LHG9HI,1.05248,0.000217,0.023261,-0.250743,0.206758,1808
5056,B002LHIQKQ,1.279967,-0.000139,0.02829,-0.306627,0.165584,320
5057,B002LHITWG,1.234206,0.000275,0.027278,-0.273446,0.226031,660
5058,B002LITTAG,1.311801,0.0004,0.028991,-0.295789,0.215246,492
5059,B002LIXTFC,1.595226,-3.2e-05,0.035258,-0.336734,0.21793,142
5060,B002LJUD6O,1.362487,0.001268,0.030088,-0.212535,0.189809,147
5061,B002LJUD7S,1.286068,0.000881,0.028412,-0.198476,0.151661,143
5062,B002LL57Z4,1.221214,-0.000139,0.026992,-0.283847,0.263091,787
5063,B002LLG4T2,1.306567,5.5e-05,0.028878,-0.284497,0.232121,368
5064,B002LM83HW,1.284176,0.000916,0.028369,-0.276829,0.213081,634
5065,B002LMBLTY,1.300232,0.000364,0.028736,-0.305105,0.27789,539
5066,B002LMCFFS,1.265972,0.000294,0.02798,-0.257212,0.223668,404
5067,B002LMNJDA,1.262066,0.000512,0.02789,-0.292543,0.216552,534
5068,B002LPDTYG,1.391735,2e-05,0.030761,-0.305999,0.265751,453
5069,B002LPFZLQ,1.357521,0.000316,0.030003,-0.300315,0.230452,407
5070,B002LSQR0Q,1.380051,0.000226,0.030502,-0.316735,0.228447,375
5071,B002LSTMB2,1.521572,0.00135,0.033603,-0.343946,0.264625,387
5072,B002LV317A,1.211078,0.000298,0.026766,-0.266211,0.197652,426
5073,B002LVJBPG,1.504973,0.000483,0.03326,-0.340127,0.274697,507
5074,B002LWQ3II,1.200882,0.000384,0.02654,-0.279823,0.190091,341
5075,B002LYU3IM,1.309948,0.000339,0.028951,-0.307865,0.251347,589
5076,B002LZ0GEM,1.413841,0.000325,0.031248,-0.346769,0.261347,548
5077,B002LZ1QVY,1.414937,-0.000375,0.031271,-0.236807,0.161654,119
5078,B002LZYVWA,1.267086,0.000106,0.028006,-0.25541,0.178028,345
5079,B002M06SMU,1.184903,-0.000137,0.026189,-0.292693,0.236449,1922
5080,B002M0720M,1.450311,0.000764,0.032046,-0.336437,0.218267,449
5081,B002M3KEOU,1.574659,0.000298,0.034803,-0.307998,0.202345,167
5082,B002M466HI,1.372278,0.000161,0.03033,-0.285534,0.230076,272
5083,B002M50FQK,1.603508,-0.000463,0.035438,-0.303186,0.21207,86
5084,B002M7FHFM,1.383693,0.000618,0.030577,-0.349423,0.22062,1495
5085,B002MAYNMM,1.402498,0.000737,0.03099,-0.280173,0.213059,249
5086,B002MFWH70,1.374533,0.000492,0.030377,-0.290842,0.239822,282
5087,B002MJG5T2,1.394587,0.000356,0.030822,-0.319099,0.212913,262
5088,B002MJOZTE,1.396819,0.000802,0.030863,-0.308832,0.257191,468
5089,B002MO3CG6,1.626747,1.6e-05,0.035955,-0.300729,0.201451,117
5090,B002MO780W,1.543193,-0.00042,0.034106,-0.273705,0.168312,86
5091,B002MO9BW0,1.511956,-0.000529,0.033414,-0.257306,0.163977,94
5092,B002MOBZSS,1.602217,0.000393,0.035411,-0.279018,0.214147,120
5093,B002MS6TC6,1.214833,0.000349,0.026849,-0.313378,0.253501,657
5094,B002MSN3QQ,1.271838,0.000731,0.028101,-0.283524,0.215024,744
5095,B002MVD29G,1.273248,9.3e-05,0.028142,-0.260137,0.238827,463
5096,B002MWXQP0,1.531434,0.0006,0.033843,-0.278266,0.204136,196
5097,B002MZ8BK2,1.430315,-4.1e-05,0.031613,-0.354188,0.260762,421
5098,B002MZM8O2,1.261277,0.000271,0.027876,-0.263415,0.229312,499
5099,B002N0U37A,1.571501,-2.8e-05,0.034734,-0.374208,0.226041,180
5100,B002N5AJWE,1.398738,0.000444,0.030912,-0.295199,0.27393,371
5101,B002N5I2XC,1.400638,0.000931,0.030944,-0.295807,0.279729,614
5102,B002N5L874,1.408439,0.000429,0.031127,-0.29253,0.248176,360
5103,B002N5MI2S,1.268662,0.000484,0.028036,-0.255539,0.274327,1167
5104,B002N5MKLW,1.361394,-0.000161,0.03009,-0.317503,0.2371,682
5105,B002N5MKM6,1.375071,-9.9e-05,0.030392,-0.324436,0.209735,270
5106,B002N5MKMG,1.154985,0.000211,0.025527,-0.24556,0.229678,700
5107,B002N6SBJ6,1.254303,-3.6e-05,0.027723,-0.333303,0.269037,715
5108,B002N6UH6Q,1.447684,0.000469,0.031994,-0.296897,0.225431,175
5109,B002NBF8SI,1.341977,0.000289,0.02966,-0.286341,0.164076,269
5110,B002NBJAWI,1.342236,0.000675,0.029659,-0.265495,0.205428,1397
5111,B002NCTEZA,1.272846,0.000303,0.028131,-0.248929,0.224698,370
5112,B002NGMENA,1.393844,0.000401,0.030805,-0.25937,0.173959,150
5113,B002NGMEOO,1.43765,5.2e-05,0.031776,-0.283404,0.215217,212
5114,B002NGMEQC,1.401647,1.3e-05,0.03098,-0.327376,0.228609,289
5115,B002NGMEUS,1.44943,0.000357,0.032034,-0.31244,0.213096,207
5116,B002NGMEVC,1.366299,0.00025,0.030198,-0.317358,0.234621,454
5117,B002NGMEVM,1.253496,0.000127,0.027705,-0.28178,0.223221,880
5118,B002NMI4AG,1.244682,0.000322,0.027509,-0.283539,0.229426,264
5119,B002NN6WZE,1.427496,0.000903,0.031538,-0.319458,0.258023,384
5120,B002NV8Y3E,1.418723,0.000334,0.031356,-0.299654,0.22446,340
5121,B002NWICGC,1.356706,0.000685,0.029979,-0.258758,0.190989,227
5122,B002NWMN26,1.373772,-8.3e-05,0.030364,-0.307572,0.231327,366
5123,B002NY3PSK,1.333662,6.8e-05,0.029477,-0.279404,0.238916,303
5124,B002NYERPU,1.174517,3.7e-05,0.02596,-0.237824,0.206193,926
5125,B002O0D8P8,1.267391,0.000321,0.028011,-0.297217,0.182982,734
5126,B002ON11RW,1.342335,0.000534,0.029664,-0.308049,0.197318,300
5127,B002OO16QC,1.217316,0.000522,0.026901,-0.324056,0.199349,1246
5128,B002OSEMYG,1.337027,0.000224,0.029551,-0.264808,0.185125,2182
5129,B002OSWW3O,1.211475,0.000609,0.02677,-0.290172,0.291065,972
5130,B002OU7V42,1.330097,0.000287,0.029397,-0.265227,0.21882,382
5131,B002OUTRQ2,1.430873,0.000231,0.031625,-0.253869,0.166767,207
5132,B002OVV7F0,1.359522,0.000534,0.030044,-0.326648,0.196027,357
5133,B002P3L08Q,1.298936,-5.4e-05,0.02871,-0.310606,0.204402,351
5134,B002P3L99G,1.396846,0.000205,0.030873,-0.30076,0.209992,241
5135,B002P9FGWQ,1.305407,-0.000202,0.028852,-0.308551,0.185971,296
5136,B002P9O45Q,1.094977,-0.000286,0.0242,-0.255813,0.187359,724
5137,B002PA2LNC,1.413747,0.000662,0.03124,-0.316287,0.21553,372
5138,B002PAJ8QA,1.250906,0.000597,0.027642,-0.308598,0.220564,863
5139,B002PBACLY,1.302981,0.000273,0.028798,-0.288094,0.22648,493
5140,B002PBAJ4Y,1.389854,0.000618,0.030713,-0.28566,0.277083,363
5141,B002PBC9Y2,1.297102,0.000303,0.028668,-0.284925,0.228671,497
5142,B002PBCABY,1.323733,0.000134,0.029257,-0.289851,0.221476,396
5143,B002PBCAEQ,1.235062,0.000476,0.027294,-0.248831,0.252762,550
5144,B002PBEAYE,1.472446,0.000877,0.032533,-0.335291,0.299611,384
5145,B002PBEDFK,1.331356,0.000405,0.029423,-0.313253,0.286563,573
5146,B002PBEDT6,1.381928,0.000655,0.030537,-0.34329,0.299716,573
5147,B002PBESOQ,1.278922,0.00061,0.028261,-0.253664,0.213081,381
5148,B002PBGBB4,1.408037,0.000364,0.031119,-0.299097,0.217538,304
5149,B002PBGBX2,1.276938,0.000734,0.028214,-0.286022,0.253136,1149
5150,B002PBHQP4,1.333555,-3.7e-05,0.029475,-0.269589,0.266029,694
5151,B002PBJIPK,1.389068,0.000505,0.030698,-0.231676,0.179609,124
5152,B002PBJL8O,1.303817,0.000343,0.028816,-0.286924,0.229988,489
5153,B002PBJLMU,1.423213,0.000688,0.031449,-0.364566,0.315052,578
5154,B002PBLH3Q,1.429488,-8.2e-05,0.031595,-0.309026,0.280267,381
5155,B002PBLH6I,1.159326,0.000247,0.025623,-0.215786,0.23303,1425
5156,B002PE9I7U,1.23943,0.000619,0.027387,-0.316886,0.260753,813
5157,B002PF87L2,1.431869,5.7e-05,0.031648,-0.267244,0.207169,409
5158,B002PHRL4E,1.192936,0.000433,0.026363,-0.24933,0.259106,1035
5159,B002PML1M2,1.384609,0.000432,0.0306,-0.322455,0.272488,354
5160,B002PMLGOU,1.357639,0.000442,0.030004,-0.321688,0.245321,390
5161,B002PMLGVI,1.352912,0.000444,0.029899,-0.295841,0.236625,303
5162,B002PMWPD6,1.394361,1.4e-05,0.030819,-0.339383,0.241097,356
5163,B002PNBZIQ,1.14857,0.0003,0.025384,-0.236573,0.243085,601
5164,B002PR2GLM,1.184632,-2.4e-05,0.026183,-0.25138,0.191639,584
5165,B002Q52YKG,1.313459,0.000132,0.02903,-0.263956,0.239614,364
5166,B002Q6UAH4,1.256781,0.000587,0.027772,-0.258278,0.216515,540
5167,B002Q6UK9M,1.395557,-3.8e-05,0.030845,-0.280842,0.237535,582
5168,B002Q6UOJI,1.231023,0.000147,0.027208,-0.270124,0.23202,709
5169,B002Q6YYRG,1.232852,0.000288,0.027248,-0.249205,0.231392,561
5170,B002QA1VDW,1.213356,0.000577,0.026812,-0.252128,0.210983,501
5171,B002QA3130,1.225106,0.000747,0.027068,-0.234647,0.296688,609
5172,B002QA31SU,1.222661,0.000351,0.027022,-0.29776,0.300352,634
5173,B002QA52V4,1.382418,0.000387,0.030552,-0.26792,0.276755,529
5174,B002QANC2A,1.306346,0.000789,0.028863,-0.156914,0.133415,79
5175,B002QASVFS,1.224617,0.000938,0.027051,-0.259797,0.217119,574
5176,B002QAV560,1.314981,0.000367,0.029062,-0.282948,0.20047,278
5177,B002QB52W2,1.46182,0.000374,0.032308,-0.352543,0.234224,323
5178,B002QBBMVM,1.193937,0.000816,0.026376,-0.243202,0.187498,460
5179,B002QF4UYY,1.411597,0.000216,0.031199,-0.334206,0.258436,471
5180,B002QFGKUQ,1.402426,0.000981,0.030982,-0.262316,0.156575,182
5181,B002QFGQAK,1.310791,0.00054,0.028967,-0.261474,0.227171,339
5182,B002QFMJU6,1.323084,0.000641,0.029236,-0.226758,0.175574,125
5183,B002QFMY42,1.298372,0.000487,0.028693,-0.233397,0.163343,169
5184,B002QFQVC8,1.321383,0.000601,0.0292,-0.290544,0.160208,276
5185,B002QFRFB4,1.193819,-6.7e-05,0.026386,-0.209072,0.170418,184
5186,B002QFSIW4,1.209288,0.00039,0.026725,-0.226227,0.156425,212
5187,B002QG6P9G,1.609284,0.000607,0.035564,-0.321701,0.249517,147
5188,B002QGDBIO,1.371358,0.000617,0.030304,-0.315846,0.241612,435
5189,B002QGO5YS,1.143524,0.000289,0.025273,-0.231782,0.212302,559
5190,B002QHFG3Q,1.198792,0.000462,0.026492,-0.287617,0.237514,583
5191,B002QI1E9K,1.301895,0.000797,0.028764,-0.264175,0.20494,347
5192,B002QI1EKE,1.449087,0.000898,0.032016,-0.317816,0.20007,257
5193,B002QI1F8A,1.301753,0.000583,0.028766,-0.254805,0.172352,231
5194,B002QQ7SZ6,1.392879,-0.000317,0.030784,-0.322899,0.211168,275
5195,B002QXINAS,1.492066,0.000532,0.032974,-0.360507,0.240795,261
5196,B002QY86BI,1.525028,0.000148,0.033707,-0.308622,0.256456,166
5197,B002R10JCE,1.248295,0.000558,0.027585,-0.286369,0.213722,750
5198,B002R1W6IE,1.276213,0.000901,0.028193,-0.291672,0.229645,697
5199,B002R23I76,1.381823,0.000569,0.030536,-0.255505,0.22339,303
5200,B002R25GMQ,1.452081,0.000729,0.032086,-0.317412,0.294412,507
5201,B002R277E6,1.352261,0.000807,0.029877,-0.30812,0.254103,515
5202,B002R278YA,1.352163,0.00082,0.029875,-0.308408,0.256266,517
5203,B002R8D3FW,1.22084,0.000486,0.026979,-0.260505,0.242985,617
5204,B002R9K9P8,1.307878,-0.000128,0.028907,-0.298568,0.204603,296
5205,B002RAR0B8,1.231036,-1.8e-05,0.027209,-0.282624,0.20792,606
5206,B002RDBL7Y,1.389538,-6.1e-05,0.030712,-0.30611,0.249088,476
5207,B002RGMI6Y,1.150352,0.000463,0.025421,-0.246862,0.227411,3497
5208,B002RGRJC2,1.186968,0.000424,0.026232,-0.258205,0.214527,611
5209,B002RJLM7W,1.340204,0.00038,0.029619,-0.299831,0.222118,242
5210,B002RJOR7Y,1.259566,0.000687,0.027831,-0.271619,0.300546,1277
5211,B002RJUMRS,1.389166,0.000537,0.030699,-0.312651,0.244155,424
5212,B002RJUNUO,1.310984,0.000355,0.028974,-0.296705,0.233128,256
5213,B002RJUOVW,1.79112,0.000878,0.039578,-0.422157,0.34534,780
5214,B002RJUPS4,1.379206,0.000967,0.030469,-0.286281,0.207785,177
5215,B002RKKA0G,1.243147,0.000666,0.027469,-0.250228,0.151847,280
5216,B002RL8IU4,1.397483,0.000857,0.030876,-0.265561,0.182,119
5217,B002RL8IUE,1.395221,0.000812,0.030827,-0.263549,0.180097,120
5218,B002RL8IWC,1.42888,0.00033,0.03158,-0.269252,0.211838,262
5219,B002RL8IWW,1.369572,0.000613,0.030265,-0.252949,0.164835,238
5220,B002RL8IYA,1.533971,0.000509,0.033901,-0.347353,0.211421,307
5221,B002RL8NGI,1.57026,0.000795,0.034698,-0.369503,0.232358,175
5222,B002RS6JPI,1.40653,0.000175,0.031087,-0.294806,0.226798,316
5223,B002RS6JQW,1.429069,0.000193,0.031585,-0.298512,0.204968,350
5224,B002RS6JW6,1.416731,-9e-06,0.031313,-0.270368,0.256934,379
5225,B002RS6KH0,1.204834,-5.5e-05,0.02663,-0.265934,0.254192,894
5226,B002RS6KU2,1.340511,-0.000311,0.029627,-0.230844,0.168065,186
5227,B002RS6KV6,1.302318,0.000646,0.028777,-0.240135,0.207058,279
5228,B002RS6L10,1.61658,0.000462,0.035727,-0.31691,0.240374,181
5229,B002RS8MWG,1.774581,0.000154,0.039222,-0.396126,0.261837,839
5230,B002RT70Y6,1.359466,-0.000236,0.030047,-0.306785,0.206201,268
5231,B002RT712W,1.40339,0.001154,0.030997,-0.277865,0.28268,339
5232,B002RT71S6,1.533991,-0.000132,0.033905,-0.359512,0.266415,533
5233,B002RT71Y0,1.632304,0.000356,0.036076,-0.314011,0.237234,163
5234,B002RT71ZY,1.191202,0.000215,0.026328,-0.2525,0.310841,1119
5235,B002RTA8YU,1.421402,0.000286,0.031415,-0.375075,0.284048,1253
5236,B002RTIS24,1.328774,0.000278,0.029368,-0.33365,0.269601,1492
5237,B002RTVQNW,1.374417,0.000308,0.030376,-0.286824,0.228561,323
5238,B002RTXF40,1.431057,0.000413,0.031627,-0.272385,0.162136,151
5239,B002RUH3OM,1.41214,-5.4e-05,0.031212,-0.359371,0.26263,1418
5240,B002RW9C3A,1.212573,0.00033,0.026799,-0.248463,0.239966,1060
5241,B002RXD6WM,1.190026,0.000123,0.026302,-0.275544,0.168504,340
5242,B002RXK1UC,1.411282,0.000367,0.031191,-0.336988,0.257172,1775
5243,B002RXW5BA,1.22264,0.000105,0.027023,-0.335501,0.23162,1542
5244,B002RY14LQ,1.480376,-0.000469,0.032717,-0.284572,0.217327,619
5245,B002RZKFAQ,1.293261,8.6e-05,0.028584,-0.31356,0.236237,668
5246,B002S42568,1.370118,2.1e-05,0.030283,-0.317746,0.196262,264
5247,B002S54Y66,1.200084,0.000313,0.026523,-0.262993,0.262547,619
5248,B002S8PU02,1.389934,0.000869,0.030709,-0.308757,0.222072,322
5249,B002S8RWYY,1.421704,0.001036,0.031406,-0.298254,0.226309,245
5250,B002S8S036,1.350741,0.000251,0.029854,-0.297002,0.295424,391
5251,B002S8TOYU,1.397847,0.000748,0.030887,-0.274044,0.213734,224
5252,B002SFVP2W,1.257711,0.00035,0.027796,-0.304287,0.280581,1535
5253,B002SICH1C,1.43519,0.000644,0.031715,-0.318585,0.250943,390
5254,B002SIF4Z8,1.434884,0.000659,0.031708,-0.306204,0.246975,391
5255,B002SIIFRC,1.394371,0.000677,0.030812,-0.290979,0.245318,407
5256,B002SIKCNW,1.346312,0.001149,0.029735,-0.306738,0.22831,305
5257,B002SKMNGO,1.284025,-9.8e-05,0.02838,-0.252162,0.160595,200
5258,B002SKTTVQ,1.277965,0.000925,0.028231,-0.26961,0.200297,847
5259,B002SL6LO8,1.211418,0.000644,0.026768,-0.264766,0.235318,613
5260,B002SPVA7M,1.455031,0.000604,0.032154,-0.285248,0.216252,347
5261,B002SV0XYW,1.219972,0.000603,0.026958,-0.260615,0.230629,566
5262,B002SV55FE,1.646446,0.000703,0.036384,-0.361687,0.313769,250
5263,B002SV5MBQ,1.499498,0.000586,0.033137,-0.292982,0.220112,269
5264,B002SVIKLK,1.362586,0.000615,0.03011,-0.318288,0.220634,487
5265,B002SWAFVM,1.32625,0.000443,0.02931,-0.303955,0.207776,333
5266,B002SYXHTC,1.286901,0.000291,0.028442,-0.260486,0.230388,380
5267,B002SZ7FUI,1.406808,0.000171,0.031093,-0.245319,0.212485,178
5268,B002SZGYU0,1.207203,-0.000297,0.026681,-0.259679,0.180222,337
5269,B002T3SRRE,1.230317,0.00041,0.02719,-0.24176,0.214314,553
5270,B002T3V294,1.521716,0.001306,0.033608,-0.321765,0.201476,279
5271,B002T4SSHC,1.203866,0.000258,0.026607,-0.236043,0.299203,2021
5272,B002T5B4T0,1.542844,-8.9e-05,0.034101,-0.333838,0.229331,232
5273,B002T5IN3A,1.19172,0.000495,0.026335,-0.228409,0.247964,947
5274,B002T5IN5I,1.336842,0.000321,0.029546,-0.317742,0.209275,560
5275,B002T5NMGS,1.197436,-1.6e-05,0.026466,-0.251663,0.24561,1827
5276,B002T5OBO0,1.276323,0.000163,0.028209,-0.28664,0.265628,542
5277,B002T5OM1M,1.408499,0.000524,0.031127,-0.237393,0.169553,191
5278,B002T71I3U,1.414691,5.3e-05,0.031268,-0.299898,0.266353,421
5279,B002T71IL2,1.226614,0.000253,0.02711,-0.299287,0.228732,579
5280,B002TASNMQ,1.397358,0.000988,0.030869,-0.346905,0.279519,564
5281,B002TK78K4,1.289601,0.000449,0.0285,-0.326884,0.197229,558
5282,B002TLT2TS,1.389455,0.000788,0.0307,-0.310329,0.217357,427
5283,B002TLT388,1.585246,0.000974,0.035024,-0.311334,0.195149,105
5284,B002TLT3R4,1.260564,8e-05,0.027861,-0.282643,0.270658,932
5285,B002TMUKO8,1.458216,0.000411,0.032228,-0.323501,0.206424,206
5286,B002TNIN2S,1.387472,0.000706,0.030658,-0.271365,0.206233,190
5287,B002TPO0W8,1.334922,0.000232,0.029504,-0.275017,0.209066,350
5288,B002TPQPEE,1.372636,-3e-05,0.030339,-0.284258,0.241018,464
5289,B002TRCH9E,1.320002,0.000383,0.029173,-0.316268,0.228446,549
5290,B002TRDN1U,1.549984,0.000353,0.034257,-0.335251,0.217644,108
5291,B002TRJN1E,1.493282,2.4e-05,0.033005,-0.328945,0.186644,181
5292,B002TSA90M,1.516506,6e-06,0.033519,-0.254246,0.153011,104
5293,B002TSA916,1.506539,-5.1e-05,0.033298,-0.266431,0.147627,117
5294,B002TSA93Y,1.507278,0.000207,0.033314,-0.252285,0.156325,103
5295,B002TSA948,1.513837,-0.000106,0.033459,-0.25863,0.196406,97
5296,B002TSA94I,1.5562,0.000294,0.034395,-0.303993,0.193582,144
5297,B002TSA94S,1.478761,0.000332,0.032683,-0.267254,0.194848,116
5298,B002TTN7RS,1.271107,0.000743,0.028085,-0.242964,0.193324,391
5299,B002TTR3SW,1.367189,0.000374,0.030216,-0.317611,0.264727,532
5300,B002TXL4PG,1.389997,0.0009,0.030709,-0.312823,0.21668,517
5301,B002TYBGUS,1.28806,4.3e-05,0.028469,-0.269062,0.20317,379
5302,B002TYF30C,1.296894,-0.000164,0.028664,-0.271556,0.19925,324
5303,B002TYF8XE,1.343528,0.000124,0.029695,-0.2888,0.225706,425
5304,B002U0UZCG,1.483259,0.000376,0.032782,-0.334878,0.26703,230
5305,B002U20DYO,1.285451,-9.4e-05,0.028412,-0.198498,0.142251,198
5306,B002U32G66,1.35138,0.000311,0.029867,-0.316519,0.22649,584
5307,B002U774PK,1.210327,-0.000296,0.02675,-0.293798,0.256652,994
5308,B002U8L18K,1.376089,0.000191,0.030414,-0.288018,0.223724,271
5309,B002UBF2YG,1.448128,-0.000111,0.032007,-0.243385,0.22165,147
5310,B002UBOFFI,1.281312,0.000591,0.028314,-0.241709,0.20207,352
5311,B002UBVZYC,1.257918,0.000792,0.027792,-0.246047,0.190173,365
5312,B002UD52N0,1.114565,0.000435,0.024631,-0.193095,0.251138,1072
5313,B002UD52WQ,1.206863,8.3e-05,0.026675,-0.277799,0.229281,1394
5314,B002UEF3OM,1.484486,0.001448,0.032779,-0.323519,0.203861,215
5315,B002UEOBPE,1.296353,-7.9e-05,0.028653,-0.293924,0.251447,664
5316,B002UFJ66M,1.474176,0.000262,0.032582,-0.289027,0.215101,130
5317,B002UGO15M,1.202122,0.00018,0.026569,-0.287264,0.276271,570
5318,B002UH6U1O,1.365566,0.000405,0.03018,-0.286183,0.191012,341
5319,B002UILQBM,1.231157,0.000325,0.02721,-0.210759,0.155782,189
5320,B002UJ31HS,1.406555,6.1e-05,0.031088,-0.204252,0.166326,109
5321,B002UJJ6MC,1.357503,0.000861,0.029992,-0.326732,0.241885,453
5322,B002UKJN0G,1.188376,-5.5e-05,0.026266,-0.278848,0.250792,1297
5323,B002UKP1NO,1.312142,0.00062,0.028995,-0.35009,0.244453,856
5324,B002UL10HO,1.376449,0.000753,0.030414,-0.338007,0.218837,412
5325,B002UL10HY,1.370066,0.000697,0.030274,-0.342514,0.226718,355
5326,B002UL10M4,1.218628,0.000756,0.026924,-0.285447,0.287188,821
5327,B002UL35B8,1.374058,0.000607,0.030364,-0.339176,0.224344,396
5328,B002UL35I6,1.359882,0.000872,0.030044,-0.32185,0.216043,369
5329,B002UL35IQ,1.355358,0.000949,0.029942,-0.323065,0.218472,384
5330,B002UL53FO,1.358502,0.000817,0.030015,-0.326545,0.235989,327
5331,B002UL5ZKC,1.17774,0.000605,0.026024,-0.293101,0.26086,734
5332,B002UL63NK,1.218142,0.000538,0.026919,-0.294216,0.276868,834
5333,B002ULA2VE,1.18674,0.000599,0.026223,-0.291178,0.260189,732
5334,B002ULA304,1.112001,0.000707,0.024568,-0.26571,0.239929,901
5335,B002ULATWQ,1.273408,0.000862,0.028132,-0.325969,0.323259,726
5336,B002ULRAQE,1.433976,0.000472,0.031691,-0.240509,0.179769,147
5337,B002UN9F5G,1.433771,-2.9e-05,0.03169,-0.320279,0.209432,305
5338,B002UPYITM,1.498883,0.000252,0.033128,-0.306378,0.226259,216
5339,B002UQN0J0,1.415074,0.000423,0.031274,-0.312259,0.234329,439
5340,B002URH6K8,1.304341,0.000276,0.028828,-0.265175,0.153001,214
5341,B002USQUNQ,1.226785,0.000472,0.027111,-0.247585,0.250205,607
5342,B002UU9Q6W,1.403971,5.3e-05,0.031031,-0.314682,0.243276,546
5343,B002UUT38I,1.226758,0.000516,0.027109,-0.244587,0.297262,891
5344,B002UUT39M,1.491916,2.9e-05,0.032975,-0.316987,0.181934,185
5345,B002UUT3A6,1.459504,0.000159,0.032258,-0.290082,0.236303,280
5346,B002UUT3AG,1.342187,0.000444,0.029662,-0.286031,0.204837,221
5347,B002UUT3YM,1.301393,0.000639,0.028757,-0.262813,0.256697,832
5348,B002UUT43W,1.441818,0.00027,0.031867,-0.245438,0.184788,120
5349,B002V4RRQI,1.518878,0.000693,0.033564,-0.258522,0.194002,220
5350,B002V66IIO,1.811901,0.00046,0.040045,-0.457609,0.308836,223
5351,B002V68N0K,1.485961,0.000247,0.032843,-0.241826,0.185597,126
5352,B002V83JT8,1.507998,0.00026,0.033329,-0.29883,0.229633,206
5353,B002V9X78U,1.209935,0.00039,0.02674,-0.242629,0.188871,302
5354,B002VA4FWG,1.450461,-7.2e-05,0.032059,-0.200935,0.13142,116
5355,B002VA4FX0,1.394228,6.3e-05,0.030816,-0.266181,0.18874,139
5356,B002VA4FXA,1.47126,3.9e-05,0.032518,-0.2664,0.191625,125
5357,B002VA4FXU,1.37494,8.5e-05,0.030389,-0.251166,0.155558,147
5358,B002VA4LMU,1.476589,0.000419,0.032634,-0.279625,0.172271,140
5359,B002VAZINQ,1.385776,0.00023,0.030628,-0.32445,0.303103,489
5360,B002VBJUY8,1.267022,2.6e-05,0.028004,-0.280445,0.175805,243
5361,B002VBRPZO,1.209898,0.000348,0.026739,-0.239824,0.211063,464
5362,B002VCJHU4,1.523212,0.000677,0.03366,-0.278583,0.170765,153
5363,B002VCJI76,1.602382,0.000821,0.035407,-0.294242,0.170869,147
5364,B002VCV2AM,1.562095,0.000172,0.034526,-0.282625,0.192659,119
5365,B002VCXIEK,1.592824,0.000592,0.0352,-0.304104,0.182078,151
5366,B002VCXS36,1.581344,0.00063,0.034946,-0.304694,0.181973,149
5367,B002VD66RA,1.462846,0.000374,0.03233,-0.271821,0.153539,132
5368,B002VECIE4,1.664187,0.000723,0.036776,-0.361241,0.21333,115
5369,B002VECJ3Y,1.650716,0.000405,0.036483,-0.319861,0.184949,109
5370,B002VECJ84,1.49401,0.000322,0.03302,-0.237903,0.174483,123
5371,B002VECJGG,1.376414,0.000686,0.030414,-0.250249,0.203928,230
5372,B002VECJIY,1.298709,0.000531,0.0287,-0.251382,0.232478,370
5373,B002VECJV6,1.341967,0.000524,0.029656,-0.258125,0.26569,351
5374,B002VECKGU,1.530058,0.001061,0.033801,-0.353605,0.387086,492
5375,B002VECKK6,1.377473,0.001062,0.030427,-0.224206,0.156495,119
5376,B002VECKKG,1.404911,0.001209,0.031028,-0.233396,0.179064,131
5377,B002VH64KA,1.358406,0.000795,0.030014,-0.288839,0.227504,488
5378,B002VHNES0,1.223036,0.000132,0.027032,-0.280466,0.234205,2003
5379,B002VI5X1U,1.241788,0.000432,0.027443,-0.271743,0.210576,1378
5380,B002VLEVCY,1.179179,-0.000282,0.026061,-0.244852,0.222403,643
5381,B002VLZHLI,1.317437,6e-05,0.029119,-0.276093,0.242729,474
5382,B002VPE7Q0,1.280462,0.000782,0.028291,-0.285444,0.239422,759
5383,B002VPR9EM,1.176472,0.000743,0.025992,-0.228658,0.271864,939
5384,B002VQTI4K,1.449194,0.001086,0.032012,-0.227528,0.180398,218
5385,B002VRPXNO,1.3316,0.000703,0.029423,-0.267973,0.219975,260
5386,B002VTIV0E,1.189103,-4.4e-05,0.026282,-0.216206,0.213245,926
5387,B002VWK8HA,1.528938,0.000382,0.033791,-0.255585,0.176652,93
5388,B002VWK9G0,1.404197,0.000426,0.031033,-0.322787,0.224259,279
5389,B002VWL2AM,1.202463,0.000249,0.026576,-0.270849,0.25346,2077
5390,B002VWL2BG,1.40645,0.000345,0.031084,-0.329787,0.274402,449
5391,B002VWL2FW,1.259701,0.000197,0.027842,-0.303593,0.210018,2094
5392,B002W1PJSI,1.219012,0.000511,0.026938,-0.317284,0.241458,716
5393,B002W2N1J6,1.241072,-7.6e-05,0.027431,-0.287083,0.203409,629
5394,B002WBEJKM,1.300171,0.000318,0.028735,-0.289635,0.233979,305
5395,B002WBGBZS,1.429367,0.000429,0.03159,-0.31876,0.286168,288
5396,B002WC8E9S,1.285588,9.2e-05,0.028415,-0.312704,0.228714,493
5397,B002WCT9TC,1.302854,0.000785,0.028786,-0.26626,0.184421,272
5398,B002WDIPR8,1.380507,-1.1e-05,0.030513,-0.330683,0.243301,479
5399,B002WDXCX0,1.305716,0.000412,0.028857,-0.268696,0.244259,486
5400,B002WE2LEU,1.204804,-0.000158,0.026629,-0.25101,0.179479,343
5401,B002WEBTPW,1.333489,0.000638,0.029467,-0.282987,0.218249,335
5402,B002WJ6HD6,1.455617,0.001103,0.032154,-0.346244,0.301875,505
5403,B002WJOOIQ,1.326857,-8.7e-05,0.029327,-0.330766,0.191509,469
5404,B002WLOPX8,1.336594,-0.000418,0.029539,-0.258528,0.192131,237
5405,B002WLWX82,1.19734,0.000304,0.026462,-0.29173,0.213353,712
5406,B002WQ1AKE,1.330951,0.000604,0.029411,-0.292819,0.267188,442
5407,B002WQ8XNG,1.277062,9.1e-05,0.028226,-0.312732,0.233932,803
5408,B002WQ93F8,1.696663,0.001083,0.037485,-0.320348,0.242492,107
5409,B002WR58XS,1.174387,0.000338,0.025955,-0.248223,0.226914,882
5410,B002WTC370,1.064745,-0.000154,0.023533,-0.188349,0.242898,539
5411,B002WTC37A,1.374416,-0.000215,0.030377,-0.323052,0.24589,426
5412,B002WTC37U,1.384002,-0.000138,0.03059,-0.318068,0.237602,536
5413,B002WTC384,1.35803,-0.000269,0.030015,-0.28361,0.203065,291
5414,B002WTC38E,1.491182,-6.4e-05,0.032959,-0.316674,0.241413,352
5415,B002WTC38O,1.251727,0.000329,0.027664,-0.263874,0.19155,358
5416,B002WTC398,1.356415,0.000202,0.029979,-0.321339,0.224768,532
5417,B002WTC3A2,1.207983,0.000476,0.026695,-0.285718,0.283383,1005
5418,B002WTCD8O,1.285849,-0.000143,0.02842,-0.398152,0.300244,947
5419,B002WU6BL8,1.435236,0.001082,0.031704,-0.342429,0.248089,456
5420,B002WUVOBA,1.495013,0.000821,0.033033,-0.261733,0.219696,167
5421,B002WVG8MY,1.427535,0.000462,0.031549,-0.250202,0.212561,146
5422,B002WWBPNA,1.154673,0.000324,0.025519,-0.240199,0.272907,896
5423,B002X0WLEI,1.269071,-6.5e-05,0.02805,-0.264285,0.19148,327
5424,B002X31FUG,1.507702,0.000215,0.033323,-0.34025,0.232978,399
5425,B002X9W5OK,1.346404,0.000352,0.029757,-0.232048,0.263576,1137
5426,B002X9XV48,1.228176,0.000397,0.027143,-0.231713,0.203732,1352
5427,B002XA00FU,1.266474,-0.000373,0.02799,-0.273714,0.179465,295
5428,B002XBBLJS,1.300561,0.000323,0.028744,-0.241203,0.206287,184
5429,B002XHA5A8,1.32856,0.000602,0.029358,-0.285242,0.229784,337
5430,B002XHACJW,1.303404,0.000726,0.028799,-0.25704,0.208368,680
5431,B002XHACTM,1.485663,0.00052,0.032833,-0.326808,0.27869,394
5432,B002XHADBO,1.36116,0.000697,0.030077,-0.267185,0.194794,275
5433,B002XHAEMC,1.451509,0.000158,0.032082,-0.294635,0.260757,307
5434,B002XHC484,1.39762,0.000841,0.030879,-0.289317,0.202436,268
5435,B002XHFIM8,1.412057,0.000903,0.031197,-0.288675,0.210839,264
5436,B002XHJI9W,1.461013,0.000813,0.032282,-0.29657,0.238398,332
5437,B002XITLL6,1.223283,0.00042,0.027034,-0.247017,0.196767,374
5438,B002XITX8C,1.372954,0.00116,0.030324,-0.272211,0.244705,284
5439,B002XITY36,1.651496,0.001593,0.036467,-0.342933,0.269119,249
5440,B002XITZ6M,1.327112,0.000928,0.029318,-0.304128,0.274547,750
5441,B002XITZ6W,1.427785,0.001041,0.03154,-0.269666,0.242641,282
5442,B002XITZJY,1.373844,0.001193,0.030342,-0.249397,0.22721,299
5443,B002XNZJVW,1.234977,0.000238,0.027295,-0.283474,0.162757,843
5444,B002XOQSPC,1.374983,0.000726,0.030382,-0.280765,0.200539,369
5445,B002XPVHZ2,1.511523,-0.00023,0.033408,-0.278661,0.189554,139
5446,B002XQ1TB8,1.590186,0.001791,0.035101,-0.325086,0.274886,384
5447,B002XQ1VAM,1.600402,0.001062,0.035357,-0.330187,0.302329,315
5448,B002XQ1Y86,1.388544,0.000976,0.030675,-0.306549,0.273275,497
5449,B002XQ1YT0,1.489355,0.001017,0.032903,-0.286448,0.215823,264
5450,B002XREW0C,1.338275,0.000206,0.029578,-0.219363,0.207216,315
5451,B002XTZUNI,1.330089,0.000365,0.029396,-0.274799,0.309067,873
5452,B002XWZH6A,1.283306,0.000327,0.028362,-0.283789,0.218347,1258
5453,B002XXAUE8,1.210982,0.000303,0.026764,-0.245605,0.179173,432
5454,B002XXB5FG,1.403639,0.00021,0.031023,-0.302976,0.23838,381
5455,B002XY1NHU,1.167989,0.000589,0.025809,-0.263935,0.253783,654
5456,B002XY7HDE,1.311166,0.000544,0.028975,-0.224725,0.182272,218
5457,B002Y1I6UO,1.687674,0.001008,0.037288,-0.352544,0.297354,369
5458,B002Y1Y1I0,1.257094,0.00063,0.027778,-0.322313,0.224528,1951
5459,B002Y26RUE,1.569506,0.000139,0.03469,-0.290007,0.178311,137
5460,B002Y26RWM,1.12557,0.000456,0.024874,-0.224132,0.224288,566
5461,B002Y26V00,1.278925,0.00017,0.028267,-0.267156,0.254363,435
5462,B002Y2HDQG,1.183785,0.000439,0.026161,-0.25654,0.176169,385
5463,B002Y2R2KS,1.148204,-5e-06,0.025378,-0.242916,0.209489,702
5464,B002YFN49I,1.184447,0.00044,0.026176,-0.298108,0.230078,648
5465,B002YHRXI4,1.495529,0.000934,0.033042,-0.344972,0.264705,293
5466,B002YJIKHU,1.309491,0.000162,0.028943,-0.298144,0.195306,280
5467,B002YK54XC,1.586432,0.000843,0.035054,-0.30393,0.22096,149
5468,B002YR2D5W,1.311018,0.000457,0.028973,-0.266642,0.224376,1071
5469,B002YY3RT6,1.30146,0.000187,0.028765,-0.29889,0.249793,403
5470,B002Z13TKK,1.572459,0.001251,0.034733,-0.356638,0.239841,318
5471,B002Z3R7F6,1.329899,0.000577,0.029388,-0.291643,0.231518,577
5472,B002Z64W5Q,1.41009,0.000441,0.031163,-0.343117,0.207484,848
5473,B002Z684Q4,1.38835,0.000352,0.030684,-0.25978,0.142392,170
5474,B002Z7EOOE,1.571385,-2.5e-05,0.034731,-0.302376,0.181874,140
5475,B002Z7FVTQ,1.321888,0.000856,0.029204,-0.361708,0.258642,554
5476,B002ZASTP6,1.16659,0.000132,0.025784,-0.251306,0.173742,732
5477,B002ZBBX4O,1.201507,0.000706,0.026547,-0.249112,0.207486,712
5478,B002ZG94UY,1.421942,-3.1e-05,0.031428,-0.333808,0.227273,406
5479,B002ZG96HA,1.310531,0.000374,0.028964,-0.235749,0.144004,168
5480,B002ZHR33I,1.203524,0.00025,0.0266,-0.263641,0.235572,657
5481,B002ZJ1L84,1.320956,3.6e-05,0.029196,-0.277952,0.219036,229
5482,B002ZNJI8K,1.532148,0.000568,0.03386,-0.332979,0.218171,218
5483,B002ZNJI94,1.416413,0.000676,0.031299,-0.311991,0.231424,344
5484,B002ZNJI9Y,1.510674,0.000639,0.033384,-0.35602,0.239006,311
5485,B002ZNJIJE,1.453014,0.000872,0.032103,-0.25474,0.163948,153
5486,B002ZNJJLQ,1.327758,0.001113,0.029326,-0.198581,0.16921,138
5487,B002ZNJU7Y,1.432707,0.000839,0.031655,-0.23061,0.166021,127
5488,B002ZNJYRA,1.536711,0.000259,0.033964,-0.298496,0.178839,139
5489,B002ZQ9COM,1.446587,0.001545,0.031936,-0.252678,0.195607,178
5490,B002ZSW7OC,1.326007,-0.000103,0.029308,-0.326839,0.272907,544
5491,B002ZTT9II,1.372677,0.000458,0.030336,-0.286523,0.291683,406
5492,B002ZTV9SG,1.391554,0.000556,0.030752,-0.301608,0.221956,363
5493,B002ZVESI2,1.208653,-0.000152,0.026714,-0.265068,0.299525,1104
5494,B00303STIY,1.407233,0.000372,0.031101,-0.315519,0.215887,265
5495,B003044ZCM,1.451344,0.000219,0.032078,-0.29357,0.177208,162
5496,B00306CISI,1.333093,0.000256,0.029464,-0.278003,0.225891,424
5497,B00307CD46,1.356487,0.000115,0.029982,-0.348881,0.23098,465
5498,B0030DE8F2,1.274977,0.000447,0.028177,-0.270143,0.19676,961
5499,B0030DK7E8,1.238085,0.000151,0.027364,-0.281805,0.190139,899
5500,B0030DQ4N6,1.566918,0.001038,0.034617,-0.34368,0.217431,268
5501,B0030F0U3Y,1.438267,8.9e-05,0.031789,-0.338011,0.238095,399
5502,B0030F2X6G,1.314415,-0.000425,0.029049,-0.275263,0.214414,621
5503,B0030F4XJQ,1.200518,0.000325,0.026532,-0.221705,0.192804,1074
5504,B0030F6BDW,1.412316,1.4e-05,0.031216,-0.31861,0.182288,161
5505,B0030FAATI,1.460475,0.000486,0.032276,-0.245755,0.186672,90
5506,B0030GFXMQ,1.63488,0.000747,0.036127,-0.290906,0.207278,104
5507,B0030GFXNA,1.533508,0.000851,0.033884,-0.237645,0.19524,105
5508,B0030GFXO4,1.601578,3.3e-05,0.035399,-0.291674,0.201157,76
5509,B0030GFXOY,1.676805,0.000827,0.037052,-0.304813,0.201962,102
5510,B0030GFY02,1.603821,0.000587,0.035444,-0.286771,0.181952,67
5511,B0030GMBNK,1.37118,0.000118,0.030306,-0.294144,0.2142,394
5512,B0030GTYM6,1.408918,0.00036,0.031138,-0.321851,0.215579,261
5513,B0030GYDTU,1.146644,0.000275,0.025342,-0.234846,0.2237,1287
5514,B0030GZXPI,1.490382,0.00048,0.032938,-0.269754,0.172595,142
5515,B0030H0MK8,1.199729,0.000377,0.026514,-0.251192,0.202681,1136
5516,B0030HAE2Y,1.433958,0.000782,0.031684,-0.331015,0.24008,356
5517,B0030HAEG0,1.562726,0.000488,0.034537,-0.385542,0.265152,532
5518,B0030HAF4G,1.465718,0.000574,0.032391,-0.354182,0.246259,537
5519,B0030HCSO6,1.463554,0.000701,0.032341,-0.378769,0.301862,235
5520,B0030HFX9S,1.487455,0.000547,0.032872,-0.374211,0.249811,540
5521,B0030HKJ8I,1.43254,0.000766,0.031653,-0.309422,0.251744,348
5522,B0030HMQTS,1.259966,0.000633,0.027841,-0.283056,0.204013,1971
5523,B0030HNS04,1.472824,-0.000107,0.032553,-0.336189,0.229324,323
5524,B0030HPY74,1.411276,0.000391,0.03119,-0.30621,0.307384,542
5525,B0030HTXTY,1.243596,0.000611,0.02748,-0.286494,0.221241,958
5526,B0030MNNFO,1.286815,0.000196,0.028441,-0.260945,0.182775,445
5527,B0030O3VRW,1.465232,0.000185,0.032385,-0.326572,0.269744,335
5528,B0030T174Q,1.393274,-6.1e-05,0.030795,-0.238304,0.153518,110
5529,B0030TZK6M,1.344763,0.000309,0.029721,-0.260711,0.2786,907
5530,B0030UG27W,1.35608,-2.8e-05,0.029973,-0.303235,0.208663,665
5531,B0030VT7XW,1.541241,-8.1e-05,0.034065,-0.274744,0.229875,133
5532,B0030ZRQQ8,1.074556,0.00093,0.023732,-0.229037,0.201452,3033
5533,B0030ZRS7U,1.40626,-0.000395,0.031079,-0.348855,0.172952,157
5534,B00312PRU2,1.228995,-0.000283,0.027162,-0.314528,0.212591,989
5535,B003156NFW,1.346238,0.000553,0.02975,-0.291936,0.263252,3420
5536,B003156NJ8,1.23682,9.3e-05,0.027337,-0.238779,0.20311,543
5537,B003156NMU,1.223324,0.000304,0.027037,-0.255218,0.249224,622
5538,B003156OJC,1.540277,0.000296,0.034043,-0.301392,0.151183,134
5539,B003156OJM,1.23822,-0.000105,0.027368,-0.27724,0.218655,845
5540,B003176BES,1.263363,0.000809,0.027912,-0.394305,0.216574,481
5541,B00317FSMY,1.518394,0.000423,0.033558,-0.352764,0.247839,355
5542,B00317FT4G,1.500157,4.1e-05,0.033157,-0.357244,0.230141,230
5543,B00319V9BG,1.294083,-0.000134,0.028602,-0.28829,0.25228,1074
5544,B0031AA5NS,1.433084,0.000461,0.031671,-0.282355,0.294422,360
5545,B0031B51Y0,1.309995,0.000387,0.028952,-0.3175,0.191562,1888
5546,B0031B54EM,1.335712,0.000152,0.029522,-0.300355,0.269462,623
5547,B0031D1MDM,1.395846,0.000923,0.030838,-0.343737,0.213599,427
5548,B0031DMKVA,1.435114,0.000156,0.031719,-0.320044,0.274294,345
5549,B0031EM85C,1.337766,0.000631,0.029561,-0.284285,0.245998,466
5550,B0031NK6J8,1.452551,0.000384,0.032103,-0.330506,0.258271,465
5551,B0031NLHXC,1.21276,0.00023,0.026804,-0.271339,0.14896,6523
5552,B0031NRC86,1.485374,0.000339,0.032829,-0.314496,0.272415,527
5553,B0031SQ5WK,1.597815,0.000389,0.035314,-0.306549,0.180546,145
5554,B0031W8Y3E,1.31778,0.000122,0.029126,-0.289516,0.218106,329
5555,B0031ZV8OS,1.555122,0.00032,0.034371,-0.365953,0.26832,392
5556,B0032322XA,1.403281,0.00011,0.031016,-0.307179,0.215128,295
5557,B00325D0WK,1.296995,0.0002,0.028666,-0.279394,0.181908,244
5558,B00326QY4K,1.593412,0.000452,0.035215,-0.36388,0.271049,248
5559,B003282VZE,1.334422,0.000505,0.02949,-0.27263,0.26592,386
5560,B00329L8TS,1.411854,0.000669,0.031198,-0.281326,0.249696,236
5561,B00329U5LK,1.497452,-7.1e-05,0.033097,-0.364034,0.278137,460
5562,B0032B3RTK,1.190389,0.000388,0.026308,-0.230136,0.289256,658
5563,B0032CDFCS,1.255186,0.000372,0.02774,-0.287572,0.348232,1741
5564,B0032CF3F0,1.130686,-0.000297,0.024989,-0.23357,0.203427,297
5565,B0032D1ESO,1.314342,0.000769,0.02904,-0.294365,0.164281,271
5566,B0032DHP6O,1.37963,4.1e-05,0.030493,-0.306265,0.223134,574
5567,B0032FQSZG,1.185574,-0.000384,0.026201,-0.261078,0.249379,1043
5568,B0032FSDOA,1.101263,1.2e-05,0.024341,-0.236703,0.204562,1114
5569,B0032H2F4C,1.163474,0.000687,0.025706,-0.278446,0.250899,549
5570,B0032H2FWO,1.34952,0.000723,0.029819,-0.33057,0.24662,323
5571,B0032H4FPO,1.444833,0.000982,0.031919,-0.284114,0.283795,480
5572,B0032H7UQ0,1.446274,0.000704,0.031958,-0.344954,0.252205,407
5573,B0032K5LI6,1.410713,0.000565,0.031175,-0.296272,0.235943,368
5574,B0032K5YSI,1.434565,0.000169,0.031707,-0.320729,0.193265,216
5575,B0032K9Y1Q,1.466212,-0.000149,0.032407,-0.294179,0.250548,342
5576,B0032O52QS,1.214473,0.000508,0.026838,-0.253176,0.174865,542
5577,B0032PQPWW,1.257745,-0.000113,0.027799,-0.346443,0.235681,659
5578,B0032R48MO,1.331484,0.00063,0.029422,-0.301183,0.210974,397
5579,B0032RMX3U,1.317311,0.00063,0.029109,-0.215854,0.175636,230
5580,B0032RQ8YA,1.421005,0.000712,0.0314,-0.360511,0.277052,1412
5581,B0032VJBXQ,1.257797,0.000145,0.0278,-0.27409,0.223109,658
5582,B0032Z1WPC,1.492226,8.7e-05,0.032982,-0.37071,0.230422,313
5583,B0032Z21HK,1.402028,-9.5e-05,0.030988,-0.335793,0.202272,391
5584,B0032ZQJ1E,1.182438,0.000405,0.026132,-0.288534,0.17547,484
5585,B0033041GI,1.235664,0.000135,0.027311,-0.263252,0.193096,437
5586,B00331YTGY,1.232337,0.00078,0.027227,-0.253668,0.200651,853
5587,B0033AYPXC,1.24744,0.000664,0.027564,-0.278185,0.309798,638
5588,B0033EUIO8,1.423878,0.000627,0.031465,-0.28973,0.20397,402
5589,B0033EWRSI,1.136867,0.00023,0.025127,-0.206006,0.295768,589
5590,B0033GLYQM,1.261568,0.000537,0.027879,-0.267554,0.215258,970
5591,B0033H00ZW,1.396312,0.000347,0.03086,-0.312102,0.257142,351
5592,B0033I9Y1C,1.305681,-0.000492,0.028855,-0.326847,0.295524,1103
5593,B0033PSM3G,1.223504,0.000384,0.02704,-0.251306,0.25534,627
5594,B0033PSM4K,1.483238,0.000497,0.032779,-0.342944,0.273658,514
5595,B0033PSM6S,1.603714,0.000998,0.035432,-0.350178,0.327611,495
5596,B0033RGU1A,1.168951,0.000695,0.025827,-0.250812,0.261942,1139
5597,B0033ROOS6,1.589768,0.000605,0.035133,-0.289075,0.231426,162
5598,B0033VVJSK,1.189328,4e-05,0.026287,-0.290199,0.229706,583
5599,B0033WSTXM,1.406182,0.000275,0.031079,-0.293648,0.210299,306
5600,B0033Z0KDG,1.257998,0.000734,0.027795,-0.291049,0.220889,860
5601,B0033ZDSIA,1.515136,0.000886,0.033477,-0.252354,0.20216,107
5602,B0033ZKCWA,1.622274,0.001288,0.035833,-0.244782,0.185794,113
5603,B00340T6XU,1.328058,-0.000325,0.029352,-0.267719,0.235765,560
5604,B00340UTWC,1.159391,-1.1e-05,0.025625,-0.261301,0.211557,793
5605,B00340XR1W,1.298185,0.000528,0.028688,-0.301972,0.207341,548
5606,B003414XXC,1.354467,0.000623,0.029931,-0.310749,0.21906,596
5607,B00341BU2Y,1.259209,7.5e-05,0.027832,-0.26445,0.189582,476
5608,B00346B7BI,1.326389,-0.000708,0.029308,-0.289092,0.1846,397
5609,B00347FTXE,1.500923,0.000127,0.033174,-0.348215,0.252257,433
5610,B00347VFBY,1.386181,-0.00012,0.030638,-0.289529,0.247417,409
5611,B0034BPP1G,1.402503,0.00022,0.030998,-0.318206,0.214836,378
5612,B0034BUQ42,1.192554,-5.3e-05,0.026358,-0.229587,0.294946,1405
5613,B0034CM18U,1.344509,0.000326,0.029715,-0.300777,0.290299,936
5614,B0034D3HIM,1.576305,0.000553,0.034836,-0.282433,0.223081,148
5615,B0034DHE3G,1.496723,0.000326,0.03308,-0.334102,0.179394,125
5616,B0034DMC88,1.503358,0.000886,0.033216,-0.318997,0.218308,170
5617,B0034E4YEC,1.148708,-0.000244,0.025388,-0.24906,0.218387,605
5618,B0034E702U,1.258027,-0.000109,0.027805,-0.267248,0.20783,373
5619,B0034E8XAS,1.468394,0.000909,0.032442,-0.256566,0.163509,171
5620,B0034EAEBY,1.351363,0.000778,0.029858,-0.305789,0.297721,450
5621,B0034EAKYA,1.339726,0.00072,0.029602,-0.301147,0.291478,448
5622,B0034F3VW2,1.376086,0.00016,0.030414,-0.330634,0.247991,411
5623,B0034F7F2E,1.399424,8.3e-05,0.030931,-0.337517,0.263662,357
5624,B0034F7F5G,1.357797,9.9e-05,0.030011,-0.319817,0.2734,526
5625,B0034F9K36,1.550531,0.000315,0.034269,-0.327868,0.195543,188
5626,B0034F9KEU,1.320076,-0.000381,0.029174,-0.323265,0.245834,303
5627,B0034JLST6,1.456073,0.000935,0.032169,-0.30461,0.280373,423
5628,B0034KSQ1I,1.32787,0.001463,0.029313,-0.183459,0.181495,128
5629,B0034KYDPG,1.116096,0.000416,0.024665,-0.217438,0.185041,585
5630,B0034KYDQ0,1.129014,0.000181,0.024953,-0.311022,0.213046,1346
5631,B0034KYDQU,1.361574,0.000335,0.030092,-0.302116,0.180054,272
5632,B0034KYDRE,1.108412,0.000257,0.024497,-0.228122,0.195904,363
5633,B0034KYDRO,1.429507,-5.4e-05,0.031596,-0.311006,0.236196,320
5634,B0034KYDSI,1.335718,0.000182,0.029522,-0.263755,0.202292,344
5635,B0034KYDSS,1.342891,0.000508,0.029677,-0.279024,0.149637,213
5636,B0034KYDTM,1.311717,-6.5e-05,0.028992,-0.275433,0.183624,336
5637,B0034KYDU6,1.21002,0.000132,0.026744,-0.274453,0.165067,351
5638,B0034QW0J6,1.376087,0.000816,0.030404,-0.270532,0.251077,368
5639,B0034RLFGE,1.200738,2.2e-05,0.026539,-0.295321,0.225476,595
5640,B0034RNC7E,1.21579,-2.9e-05,0.026872,-0.299789,0.230076,540
5641,B0034RSNCS,1.200738,2.2e-05,0.026539,-0.295321,0.225476,595
5642,B0034UBHNM,1.482352,0.001247,0.03274,-0.286432,0.196834,153
5643,B0034UBI40,1.28695,0.000404,0.028442,-0.265363,0.229098,711
5644,B0034W4PWK,1.339967,0.00056,0.029611,-0.254998,0.190808,240
5645,B0034XRY7W,1.214199,0.000414,0.026834,-0.27066,0.179085,345
5646,B0034XRYAO,1.367584,0.000348,0.030225,-0.306341,0.232981,354
5647,B0034ZGZR0,1.161236,0.000166,0.025666,-0.223909,0.19139,586
5648,B0034ZHMRW,1.503503,0.001593,0.033193,-0.323782,0.20233,195
5649,B0034ZYVXU,1.418137,5.1e-05,0.031344,-0.339822,0.234558,325
5650,B0034ZZ4RM,1.496063,0.000603,0.033061,-0.39779,0.287111,528
5651,B003509EVS,1.309736,0.000141,0.028948,-0.272647,0.197755,361
5652,B003552INO,1.31694,0.000155,0.029107,-0.240823,0.223897,254
5653,B00355G1N2,1.352845,0.000309,0.0299,-0.283989,0.22394,312
5654,B00355J9K4,1.307035,0.000189,0.028888,-0.243457,0.294887,702
5655,B00356UHT0,1.299733,0.000605,0.028721,-0.300889,0.243402,601
5656,B0035AN2WU,1.377453,-0.000182,0.030445,-0.261681,0.170375,175
5657,B0035COC5Y,1.269439,-0.000205,0.028057,-0.256797,0.16032,222
5658,B0035CTRHW,1.264384,8.3e-05,0.027946,-0.297734,0.187029,849
5659,B0035LCSCO,1.492103,0.000857,0.032968,-0.300178,0.258626,160
5660,B0035LCUVS,1.435016,5.1e-05,0.031717,-0.298147,0.187095,126
5661,B0035LCW0M,1.410599,0.001445,0.031144,-0.259161,0.228907,245
5662,B0035LCWAW,1.307662,0.000718,0.028894,-0.251044,0.186504,237
5663,B0035LT8WM,1.317754,0.000362,0.029123,-0.290371,0.25977,654
5664,B0035RE2TA,1.278715,0.000344,0.028261,-0.25157,0.184444,258
5665,B0035RF85C,1.404418,0.000964,0.031026,-0.205079,0.171041,201
5666,B0035RGZH2,1.159748,0.000745,0.025622,-0.16689,0.126089,235
5667,B0035RKSYS,1.384301,6.1e-05,0.030596,-0.32979,0.203369,460
5668,B0035UZ0FW,1.377526,0.000493,0.030443,-0.332864,0.21606,342
5669,B0035Y9VOY,1.388754,0.000795,0.030685,-0.312506,0.22406,413
5670,B00361DFQQ,1.313755,0.000719,0.029028,-0.278714,0.201943,388
5671,B00361QP6I,1.214128,0.000527,0.02683,-0.253767,0.241728,635
5672,B0036238Y4,1.492657,0.000517,0.032987,-0.320907,0.262947,472
5673,B00363H8IU,1.21362,0.000761,0.026813,-0.276109,0.197882,737
5674,B00363HVZK,1.399886,0.000366,0.030939,-0.284385,0.242226,375
5675,B003654SVS,1.328767,0.000769,0.029359,-0.286159,0.25869,1009
5676,B00365DABC,1.437991,0.000373,0.031781,-0.312116,0.252767,443
5677,B00367LZ9Y,1.322072,0.000848,0.029209,-0.270229,0.24908,418
5678,B00368R3JY,1.57626,0.000163,0.034839,-0.304804,0.20612,123
5679,B0036B3C0A,1.159633,-0.000109,0.025631,-0.268715,0.188178,878
5680,B0036B8S1I,1.190467,0.000749,0.026302,-0.243812,0.273704,628
5681,B0036BI56G,1.198928,-2.7e-05,0.026499,-0.284339,0.215824,875
5682,B0036BJLJ6,1.259324,0.000707,0.027825,-0.23224,0.189002,686
5683,B0036BWIBO,1.343234,-0.00038,0.029686,-0.283048,0.178893,296
5684,B0036F0KLA,1.240649,0.000224,0.02742,-0.300745,0.185872,633
5685,B0036FSWHE,1.641508,0.000774,0.036273,-0.304439,0.213473,146
5686,B0036FTEVC,1.216268,0.000339,0.02688,-0.269056,0.26602,624
5687,B0036FTF5W,1.378873,0.001159,0.030454,-0.32551,0.249154,857
5688,B0036I8BPE,1.16335,-0.000336,0.025711,-0.286067,0.169244,800
5689,B0036IV7MS,1.232081,0.000514,0.027227,-0.260801,0.198756,818
5690,B0036LJ0HO,1.233886,2e-05,0.027272,-0.26221,0.268089,1890
5691,B0036LMFYO,1.389222,0.00014,0.030705,-0.324839,0.20545,442
5692,B0036OJEFO,1.327015,0.000876,0.029317,-0.31872,0.211306,492
5693,B0036Q4RZE,1.23595,-0.000251,0.027316,-0.294409,0.21567,888
5694,B0036Q7ZYY,1.161843,4.6e-05,0.02568,-0.244785,0.221476,1821
5695,B0036QFEA6,1.26487,0.000106,0.027957,-0.337634,0.243664,929
5696,B0036QFZ46,1.2487,-0.000172,0.027599,-0.250497,0.187021,834
5697,B0036QQWAC,1.243708,0.000155,0.027489,-0.24486,0.210362,1722
5698,B0036QTJDO,1.352021,0.000496,0.029879,-0.330649,0.23466,1704
5699,B0036QYAAQ,1.346461,0.000464,0.029756,-0.294598,0.268588,461
5700,B0036RFMCA,1.152828,4.6e-05,0.02548,-0.24513,0.251324,576
5701,B0036UMM0M,1.541276,0.000362,0.034064,-0.245901,0.212251,102
5702,B0036UW5VS,1.176804,0.000241,0.026009,-0.200146,0.241442,335
5703,B0036UXD4Q,1.454148,0.001135,0.03212,-0.294959,0.193726,167
5704,B0036WJ456,1.273976,-0.00019,0.028157,-0.292778,0.183333,251
5705,B0036WTTBK,1.10652,0.00017,0.024456,-0.2734,0.241958,685
5706,B0036Z0HL8,1.492555,-5.7e-05,0.032989,-0.291351,0.22448,339
5707,B0036Z469M,1.504314,0.00086,0.033238,-0.285271,0.186207,144
5708,B003708ZBQ,1.152652,0.000376,0.025474,-0.227302,0.221967,1843
5709,B003709CUE,1.384588,0.000125,0.030603,-0.331037,0.244068,565
5710,B00371PJ1E,1.206293,6.8e-05,0.026662,-0.284462,0.234044,1373
5711,B00373DIYM,1.296088,0.001004,0.028629,-0.284275,0.169129,298
5712,B00373FE76,1.220428,0.001084,0.026953,-0.223795,0.221827,419
5713,B00373FPG6,1.369533,0.001111,0.03025,-0.23799,0.201404,251
5714,B00373MSNE,1.360271,0.001149,0.030043,-0.231869,0.200717,253
5715,B00373OK3A,1.300957,0.001006,0.028737,-0.230438,0.192195,272
5716,B00374LSVQ,1.382559,0.000418,0.030555,-0.179199,0.159015,122
5717,B00375L8JC,1.20845,0.000536,0.026704,-0.267638,0.180645,318
5718,B00375L8SI,1.38533,0.000618,0.030613,-0.330093,0.269101,755
5719,B003765306,1.29434,0.001014,0.02859,-0.237503,0.242091,488
5720,B00378345U,1.501158,-0.000255,0.033178,-0.309703,0.2102,197
5721,B0037AO682,1.301014,3e-06,0.028756,-0.259629,0.173383,297
5722,B0037BOLVS,1.334517,-0.000151,0.029496,-0.287478,0.244561,408
5723,B0037BQKTO,1.327647,-0.000523,0.02934,-0.27131,0.233706,474
5724,B0037CHCQS,1.316991,0.000685,0.029101,-0.278462,0.211557,393
5725,B0037FO44I,1.381008,0.000551,0.030519,-0.285308,0.221747,307
5726,B0037LEKDW,1.212889,0.000757,0.026797,-0.229663,0.2652,1194
5727,B0037LG6UW,1.617264,0.00025,0.035745,-0.284071,0.168907,93
5728,B0037LG7L0,1.378157,0.000248,0.03046,-0.23796,0.214597,176
5729,B0037LKIAG,1.36092,0.000415,0.030077,-0.300593,0.175185,231
5730,B0037LMS0Y,1.201444,0.000344,0.026553,-0.286455,0.310951,657
5731,B0037LMURA,1.483357,-0.000236,0.032785,-0.325469,0.308135,484
5732,B0037M92OI,1.327667,0.000256,0.029344,-0.321298,0.224167,409
5733,B0037MDBMC,1.423564,0.000409,0.031462,-0.33796,0.218511,279
5734,B0037MFCHE,1.137897,0.000793,0.025138,-0.260593,0.196085,626
5735,B0037MGE4Y,1.492432,0.000391,0.032984,-0.368778,0.252864,448
5736,B0037MH6L4,1.402584,0.000361,0.030998,-0.286175,0.229153,301
5737,B0037MIMLW,1.452614,0.00012,0.032106,-0.337943,0.244825,490
5738,B0037MK6AW,1.543858,0.000127,0.034123,-0.327937,0.261348,289
5739,B0037MKHB0,1.36691,0.000818,0.030201,-0.269544,0.237105,383
5740,B0037MKHBA,1.342414,0.000558,0.029665,-0.240243,0.198725,267
5741,B0037MMES4,1.335853,0.000219,0.029525,-0.335289,0.212576,401
5742,B0037MMQBO,1.255893,0.000623,0.027751,-0.254023,0.242558,495
5743,B0037MOMIO,1.212178,0.000474,0.026788,-0.221932,0.30699,557
5744,B0037MQIT0,1.386218,0.000494,0.030635,-0.273175,0.244292,491
5745,B0037O2J7I,1.359829,0.000937,0.030041,-0.23275,0.180557,231
5746,B0037QGE9A,1.250799,0.000663,0.027638,-0.256909,0.261534,571
5747,B0037T0YES,1.132491,5.1e-05,0.025031,-0.251774,0.197061,1213
5748,B0037TM252,1.228311,0.000474,0.027145,-0.253501,0.192579,801
5749,B0037ZA4GU,1.212225,1e-04,0.026793,-0.261408,0.212986,1198
5750,B0037ZH2T2,1.334712,0.00016,0.0295,-0.329118,0.268505,628
5751,B00380DF3S,1.391064,0.000349,0.030744,-0.310235,0.182784,352
5752,B00381A7OC,1.38741,0.000902,0.030652,-0.351338,0.256019,332
5753,B00381A7OW,1.427252,0.000904,0.031533,-0.345607,0.27427,311
5754,B003824I2I,1.557691,0.000644,0.034423,-0.338784,0.315946,906
5755,B00383XLTS,1.369656,0.000342,0.030271,-0.327236,0.196872,300
5756,B00384C3SW,1.16447,-0.000334,0.025736,-0.247829,0.178901,1095
5757,B00384TLQE,1.462175,0.00115,0.032297,-0.358649,0.273651,347
5758,B00385WMH8,1.237902,0.000444,0.027357,-0.285328,0.212302,443
5759,B00385WMHI,1.246464,0.000473,0.027546,-0.281319,0.214143,441
5760,B00385WMI2,1.200346,0.000792,0.026519,-0.307545,0.23783,587
5761,B00385WMIC,1.261776,0.000908,0.027874,-0.309896,0.248062,578
5762,B00385WMIM,1.224645,0.000604,0.027061,-0.267623,0.204228,548
5763,B00385WMJ6,1.224782,0.000631,0.027063,-0.266174,0.203444,546
5764,B00385WMJQ,1.167088,0.000758,0.025784,-0.249097,0.183427,548
5765,B00385WMK0,1.367663,0.000308,0.030227,-0.350382,0.276955,534
5766,B00385WMKA,1.308698,0.000363,0.028923,-0.274526,0.180185,524
5767,B00387F41M,1.273916,0.000236,0.028156,-0.278287,0.21913,463
5768,B00387F41W,1.274379,0.000133,0.028167,-0.249185,0.24212,575
5769,B00387F426,1.330046,0.000348,0.029395,-0.282293,0.245759,3449
5770,B00387F42G,1.292686,0.000277,0.02857,-0.277633,0.248879,4489
5771,B00387F42Q,1.184656,0.00019,0.026183,-0.26111,0.252196,4454
5772,B0038B9AJU,1.335102,0.000763,0.029499,-0.281875,0.230308,392
5773,B0038B9ALI,1.295596,0.00056,0.02863,-0.253739,0.293026,544
5774,B0038IA8XA,1.209384,0.000339,0.026728,-0.25334,0.181176,1689
5775,B0038LLOV2,1.444564,0.000365,0.031926,-0.233392,0.145566,96
5776,B0038NX4AY,1.390792,0.000638,0.030733,-0.315076,0.252685,384
5777,B0038O0YEC,1.223411,0.000449,0.027037,-0.298839,0.317718,1126
5778,B0038OEELG,1.057144,-2e-06,0.023366,-0.231212,0.238528,931
5779,B0038QLU66,1.296997,6e-05,0.028667,-0.26599,0.211663,186
5780,B0038QQ7OQ,1.444563,0.000349,0.031927,-0.272591,0.171548,150
5781,B0038RFM32,1.315242,-8.4e-05,0.02907,-0.279418,0.323395,668
5782,B0038T17WK,1.489594,-0.000106,0.032924,-0.253515,0.169762,122
5783,B0038T227O,1.295927,0.000495,0.028639,-0.260892,0.259234,650
5784,B0038TN5KW,1.368757,0.000149,0.030253,-0.265,0.155556,161
5785,B0038TVH34,1.679422,0.000241,0.037119,-0.278129,0.192593,120
5786,B0038TVH3Y,1.547767,1.4e-05,0.034209,-0.283674,0.209888,185
5787,B0038TVHGG,1.397714,-0.000144,0.030893,-0.302623,0.186689,252
5788,B0038TXGL0,1.403994,1e-04,0.031032,-0.297175,0.240114,346
5789,B0038TYTI4,1.348358,2.9e-05,0.029802,-0.329767,0.204354,483
5790,B0038TYTSO,1.387017,0.000141,0.030656,-0.304793,0.201532,300
5791,B0038U4TQU,1.304838,-0.000175,0.02884,-0.26444,0.203796,276
5792,B0038U4TRO,1.416354,4e-06,0.031305,-0.264317,0.224285,310
5793,B0038U4U3M,1.405904,1.9e-05,0.031074,-0.308701,0.186459,280
5794,B0038VKNZA,1.34428,7.8e-05,0.029712,-0.278228,0.168803,260
5795,B0038YW3BY,1.410835,0.000142,0.031183,-0.366033,0.235584,398
5796,B0038ZKJEQ,1.148281,0.000411,0.025377,-0.261655,0.227436,865
5797,B003901LEW,1.405511,0.000711,0.031057,-0.311592,0.257036,588
5798,B00390DN34,1.45728,0.000147,0.032209,-0.269693,0.233297,311
5799,B00390FH5G,1.363765,0.000385,0.03014,-0.3008,0.227382,382
5800,B00390MKOM,1.381007,0.000176,0.030523,-0.311776,0.226503,376
5801,B00390RRX6,1.347006,0.000807,0.029761,-0.344128,0.20515,398
5802,B00392FQSM,1.419583,0.000596,0.031371,-0.29583,0.257939,461
5803,B00394DVS2,1.294081,0.000354,0.0286,-0.275811,0.231234,867
5804,B00394LNMI,1.313544,6.2e-05,0.029033,-0.280151,0.259047,1131
5805,B00395KAPS,1.453185,0.000509,0.032115,-0.278563,0.267232,393
5806,B00396VE7U,1.328647,0.000318,0.029365,-0.306235,0.202599,285
5807,B00397SNMS,1.284154,0.00066,0.028375,-0.246851,0.177893,568
5808,B00397XUIK,1.265478,0.000223,0.027969,-0.279803,0.198471,903
5809,B003981CVG,1.267121,0.000361,0.028004,-0.288347,0.268369,657
5810,B0039B3KNQ,1.28856,0.000468,0.028477,-0.268353,0.273971,1335
5811,B0039BCT56,1.284028,0.000387,0.028378,-0.266278,0.251263,588
5812,B0039BCT88,1.47625,0.000842,0.032618,-0.285818,0.242062,1301
5813,B0039BGHW2,1.399819,0.000668,0.030932,-0.308447,0.267581,422
5814,B0039BGHX6,1.413647,0.000408,0.031242,-0.313457,0.275997,1358
5815,B0039I4ENY,1.356269,0.00029,0.029976,-0.29653,0.210533,627
5816,B0039JYPVO,1.511476,0.000389,0.033405,-0.281351,0.204384,156
5817,B0039KOL1W,1.307247,0.000528,0.028889,-0.253484,0.244271,397
5818,B0039LZW78,1.434449,0.000247,0.031704,-0.342862,0.216171,1972
5819,B0039NMCPG,1.582034,0.000386,0.034965,-0.265802,0.160876,74
5820,B0039OQ0FI,1.37066,-0.000415,0.030292,-0.299971,0.213512,320
5821,B0039OVDJ6,1.243677,-0.000111,0.027488,-0.251072,0.178461,327
5822,B0039PZQ2U,1.506946,0.00065,0.033301,-0.335965,0.201933,239
5823,B0039UT7DE,1.440763,0.000587,0.031839,-0.339645,0.239309,578
5824,B0039UT9QE,1.319157,0.000771,0.029146,-0.276761,0.237021,698
5825,B0039UTO3M,1.617267,0.000802,0.035737,-0.304185,0.234159,89
5826,B0039UTTC8,1.525553,0.000255,0.033718,-0.333374,0.209766,167
5827,B0039UTU9U,1.367816,0.000718,0.030224,-0.26811,0.178749,232
5828,B0039VOSPU,1.175005,0.00053,0.025965,-0.267018,0.234467,644
5829,B0039W0UOM,1.35054,0.000371,0.029848,-0.27765,0.225439,321
5830,B0039XT498,1.179913,7.1e-05,0.026079,-0.203014,0.222806,506
5831,B0039YQG1Q,1.225563,0.000432,0.027085,-0.276125,0.222521,726
5832,B0039YQG3E,1.363844,0.000242,0.030143,-0.275845,0.27699,852
5833,B0039Z7L5A,1.327988,0.000117,0.029352,-0.342188,0.20924,695
5834,B0039ZNHTE,1.223804,0.00046,0.027045,-0.239808,0.189708,1112
5835,B003A1W770,1.328663,0.00031,0.029365,-0.283523,0.247532,1850
5836,B003A4HSVM,1.272301,-0.000225,0.02812,-0.299893,0.227912,361
5837,B003A6KL3C,1.367022,0.000177,0.030214,-0.30616,0.206715,337
5838,B003A777LA,1.337208,0.000307,0.029554,-0.282472,0.194308,473
5839,B003A86J18,1.431768,0.000271,0.031644,-0.307002,0.310066,506
5840,B003A870SE,1.209502,0.000172,0.026732,-0.239562,0.197265,708
5841,B003A874R6,1.305663,0.000465,0.028855,-0.300896,0.208846,343
5842,B003A88KDS,1.42848,0.000473,0.031569,-0.342735,0.292628,412
5843,B003A8EKTG,1.318797,1e-04,0.029149,-0.280263,0.234767,595
5844,B003A8GG8E,1.276605,0.000113,0.028216,-0.293585,0.258369,357
5845,B003ABIDAA,1.592106,4e-06,0.035189,-0.314072,0.221408,161
5846,B003ADP9NW,1.423998,0.0008,0.031464,-0.31161,0.215624,218
5847,B003AFI8D8,1.248416,0.000702,0.027584,-0.263595,0.220151,1052
5848,B003AG35US,1.3396,0.000366,0.029606,-0.315952,0.211863,616
5849,B003AJJTXM,1.353126,-0.000111,0.029907,-0.283313,0.22982,362
5850,B003AKHQG8,1.478869,0.000165,0.032686,-0.373586,0.256019,341
5851,B003AKZCPU,1.345916,0.000545,0.029743,-0.257252,0.219372,299
5852,B003AKZCQE,1.277348,0.000188,0.028232,-0.269413,0.231807,347
5853,B003AL01KU,1.445421,0.000586,0.031942,-0.242245,0.174523,132
5854,B003APID5G,1.406593,3.7e-05,0.031089,-0.362838,0.20889,371
5855,B003AQGX1Q,1.446667,-0.000279,0.031974,-0.317999,0.192228,146
5856,B003ART1L4,1.461114,-0.000367,0.032292,-0.274598,0.181252,154
5857,B003ASW4T4,1.351043,6.6e-05,0.029861,-0.265522,0.176132,212
5858,B003AT1CLE,1.200398,0.000746,0.026521,-0.276694,0.236266,432
5859,B003AT2ZCY,1.423663,0.001081,0.031448,-0.307397,0.243348,342
5860,B003ATHKLA,1.497617,0.000768,0.033092,-0.267929,0.160298,149
5861,B003ATJNF6,1.118147,0.000278,0.024712,-0.228083,0.250124,774
5862,B003ATNYJC,1.438774,0.000288,0.031799,-0.367517,0.314675,573
5863,B003AUFG8S,1.306667,0.000101,0.02888,-0.198777,0.193935,116
5864,B003AVNLLG,1.435787,-0.000246,0.031734,-0.3062,0.27889,443
5865,B003AVNLLQ,1.419673,0.000235,0.031377,-0.270881,0.207201,212
5866,B003AVNLP2,1.39684,0.000343,0.030872,-0.290917,0.197374,237
5867,B003AX4V9U,1.546325,-0.000104,0.034177,-0.317536,0.210111,239
5868,B003AXEGWW,1.395987,0.000189,0.030854,-0.299354,0.192056,157
5869,B003AY949G,1.211699,0.000246,0.02678,-0.289016,0.26362,854
5870,B003AYCGGY,1.454138,0.000489,0.032136,-0.329757,0.287732,369
5871,B003AYEFKO,1.333377,-3.1e-05,0.029471,-0.296708,0.236151,250
5872,B003AYEFSG,1.409269,-0.000346,0.031146,-0.272738,0.222588,142
5873,B003AYEFTK,1.325068,0.000159,0.029287,-0.237409,0.146753,95
5874,B003AYEFU4,1.433991,0.000611,0.031689,-0.257084,0.221631,111
5875,B003AYEG30,1.549205,9.6e-05,0.034241,-0.254682,0.160592,116
5876,B003AYEG3U,1.480641,0.00012,0.032726,-0.256169,0.183182,147
5877,B003AYEG4O,1.495801,3e-06,0.033061,-0.265907,0.167356,145
5878,B003AYEG5S,1.539782,0.000268,0.034032,-0.25631,0.16543,114
5879,B003AYEG6M,1.398917,-0.000385,0.030917,-0.26319,0.140874,151
5880,B003AYEG8A,1.408667,0.000413,0.031132,-0.215135,0.162818,135
5881,B003AYEG9Y,1.476455,0.00022,0.032633,-0.227343,0.174713,130
5882,B003B1BWA2,1.341942,0.000138,0.02966,-0.299649,0.247787,1830
5883,B003B3OJ7S,1.262635,0.000708,0.027898,-0.281566,0.258536,517
5884,B003B6JDZS,1.21984,0.00016,0.026961,-0.257244,0.22521,824
5885,B003B6K01O,1.29729,0.000201,0.028673,-0.226739,0.148609,155
5886,B003B6S36S,1.396835,0.000183,0.030873,-0.323087,0.202572,355
5887,B003B7RMGO,1.443938,0.000311,0.031913,-0.344441,0.20891,260
5888,B003B8G5IY,1.325801,0.000558,0.029298,-0.281803,0.251969,381
5889,B003B9DWMA,1.343164,0.000159,0.029687,-0.300978,0.247701,1706
5890,B003BFTZOS,1.379179,7e-06,0.030483,-0.27261,0.180215,204
5891,B003BGSMSM,1.525416,0.000415,0.033713,-0.354325,0.272538,291
5892,B003BIUF8A,1.374476,-0.000121,0.030379,-0.358884,0.231648,1046
5893,B003BJJT7W,1.381173,0.000631,0.030521,-0.326716,0.196462,425
5894,B003BJZ1M4,1.609661,0.000654,0.035571,-0.460515,0.360748,2698
5895,B003BKYYVW,1.322689,-7.6e-05,0.029235,-0.361039,0.284181,906
5896,B003BL7M7E,1.327575,0.00033,0.029341,-0.291375,0.222547,379
5897,B003BMG8K0,1.327755,0.000264,0.029345,-0.286709,0.239424,554
5898,B003BMGAFI,1.459294,0.000271,0.032253,-0.312877,0.183348,191
5899,B003BMGAUI,1.595428,0.0003,0.035262,-0.309185,0.186357,108
5900,B003BMJGKE,1.241286,0.000346,0.027433,-0.257787,0.245931,816
5901,B003BMJGL8,1.366236,0.000748,0.030188,-0.289347,0.211092,261
5902,B003BMNE4I,1.442594,0.000822,0.031874,-0.301756,0.252619,280
5903,B003BOLJY8,1.305535,0.000531,0.028851,-0.288943,0.184002,181
5904,B003BOM1ZO,1.176616,0.000284,0.026005,-0.23999,0.250498,756
5905,B003BOM2JY,1.432225,0.000637,0.031649,-0.322254,0.251992,347
5906,B003BPOS72,1.382099,0.000206,0.030547,-0.313784,0.227555,286
5907,B003BQ6QXK,1.232886,0.000771,0.027239,-0.325202,0.271635,1740
5908,B003BR38YO,1.607197,-0.00012,0.035523,-0.310585,0.217834,267
5909,B003BR4LBS,1.402436,0.000221,0.030997,-0.314393,0.221174,367
5910,B003BX213M,1.282445,0.000466,0.028341,-0.248115,0.172222,198
5911,B003C18FEC,1.503973,0.000266,0.03324,-0.321891,0.185861,130
5912,B003C1K4FU,1.666364,0.001452,0.036802,-0.334845,0.227723,139
5913,B003C1LYZO,1.600367,0.000962,0.035359,-0.316021,0.19394,112
5914,B003C1V814,1.43128,0.001311,0.031608,-0.231094,0.168682,145
5915,B003C268NQ,1.517454,1.7e-05,0.03354,-0.338827,0.234312,428
5916,B003CE8BAW,1.253051,0.00038,0.027693,-0.28354,0.226213,1462
5917,B003CEA88U,1.172562,-9.8e-05,0.025916,-0.271006,0.200253,1546
5918,B003CFB8OM,1.262647,0.001052,0.027888,-0.257948,0.326731,1026
5919,B003CGTKUK,1.328457,-2.7e-05,0.029362,-0.290332,0.226093,400
5920,B003CGYUH8,1.133769,-3.2e-05,0.025059,-0.30025,0.178663,618
5921,B003CHBKSY,1.288374,0.000176,0.028476,-0.317938,0.27057,773
5922,B003CHMS4O,1.513553,0.000242,0.033452,-0.28985,0.183738,122
5923,B003CIJE4U,1.483433,0.000836,0.032777,-0.312224,0.240271,304
5924,B003CIZQGA,1.318345,0.00042,0.029136,-0.21007,0.1627,188
5925,B003COAFPQ,1.312404,-0.000122,0.029007,-0.360776,0.250817,650
5926,B003CQZ1A8,1.283599,0.000336,0.028369,-0.284074,0.226964,541
5927,B003CT35B2,1.395728,0.000146,0.030849,-0.290843,0.255469,425
5928,B003CTU5MO,1.424848,-0.000449,0.031489,-0.325538,0.200322,358
5929,B003CTVSKC,1.232837,-0.000281,0.027247,-0.308152,0.206814,656
5930,B003CW9VCG,1.412045,0.000313,0.031208,-0.330664,0.219754,414
5931,B003CX2F96,1.262418,-6.5e-05,0.027903,-0.286163,0.241378,1239
5932,B003CYDA9O,1.313102,-4.4e-05,0.029023,-0.289418,0.272803,934
5933,B003CYFC18,1.35011,4.1e-05,0.029841,-0.284202,0.257396,333
5934,B003CYUS26,1.417289,-0.000114,0.031325,-0.33703,0.234398,336
5935,B003CYWTQY,1.430358,0.000455,0.031611,-0.333835,0.264649,473
5936,B003D1YOCS,1.418054,-0.000312,0.031341,-0.269354,0.192496,196
5937,B003D7FE80,1.419724,-1e-05,0.031379,-0.300042,0.212133,318
5938,B003D97NY6,1.373023,0.00033,0.030345,-0.299415,0.236517,594
5939,B003DAXHW2,1.225886,8.7e-05,0.027095,-0.246942,0.217389,463
5940,B003DGKFV2,1.432321,0.000377,0.031656,-0.249941,0.184649,142
5941,B003DGWTXE,1.176272,-0.000183,0.025998,-0.248485,0.271428,1877
5942,B003DKEATQ,1.35657,-0.000198,0.029983,-0.306502,0.202688,373
5943,B003DKO7RG,1.247513,0.000148,0.027573,-0.262703,0.209684,451
5944,B003DKO83E,1.182712,0.000484,0.026136,-0.254242,0.266744,595
5945,B003DKU3CY,1.182342,0.000372,0.02613,-0.244217,0.272371,594
5946,B003DKU41O,1.26696,0.000434,0.028,-0.259625,0.351296,1203
5947,B003DL3YW4,1.18123,0.000155,0.026108,-0.291718,0.260034,572
5948,B003DQP0O4,1.252842,6.5e-05,0.027691,-0.266994,0.240219,662
5949,B003DS0B7I,1.338659,0.000558,0.029582,-0.277205,0.201152,410
5950,B003DVNKU0,1.323182,0.00051,0.029241,-0.286096,0.18675,224
5951,B003E0KC2Y,1.31261,0.000439,0.029009,-0.299252,0.219052,500
5952,B003E0VPA2,1.259397,0.000393,0.027833,-0.272617,0.261904,1441
5953,B003E0W9W0,1.692736,0.00045,0.037411,-0.359564,0.21031,212
5954,B003E0Z3JQ,1.395242,8.5e-05,0.030838,-0.291152,0.195523,227
5955,B003E1B6UU,1.372929,-0.000248,0.030344,-0.327273,0.206387,379
5956,B003E23HGU,1.485751,0.000121,0.032839,-0.337696,0.223854,279
5957,B003E23I96,1.217265,0.000611,0.026898,-0.253143,0.214889,555
5958,B003E3IOPS,1.276613,0.000139,0.028216,-0.255321,0.201969,309
5959,B003E6FVXS,1.429071,0.000299,0.031585,-0.30374,0.294683,451
5960,B003E84PQU,1.451046,-2.9e-05,0.032072,-0.315713,0.209846,290
5961,B003E8CJWM,1.277799,-0.000566,0.028237,-0.273992,0.234501,631
5962,B003EBNLIA,1.344487,0.000443,0.029713,-0.348698,0.236059,915
5963,B003EGWQ36,1.209324,0.000923,0.026713,-0.269849,0.175133,527
5964,B003EGYDI2,1.514561,0.000432,0.033473,-0.247047,0.18445,121
5965,B003EGZZ1G,1.423627,7.3e-05,0.031466,-0.239576,0.161185,113
5966,B003EH20VI,1.438302,7.4e-05,0.03179,-0.258511,0.16453,113
5967,B003EH20ZO,1.398943,0.00022,0.030919,-0.240292,0.140986,114
5968,B003EH22KC,1.524111,0.000905,0.033674,-0.24155,0.187026,119
5969,B003EH22SO,1.432353,0.000146,0.031658,-0.24121,0.157941,118
5970,B003EIDODA,1.258671,0.000178,0.027819,-0.214676,0.154391,201
5971,B003EIOWTA,1.403844,0.000477,0.031025,-0.214471,0.183711,245
5972,B003EMIX8W,1.347603,-3.3e-05,0.029785,-0.296336,0.228605,402
5973,B003EN4T2U,1.376426,0.000141,0.030422,-0.345008,0.232953,846
5974,B003ENBXYM,1.186084,0.000531,0.02621,-0.318989,0.238028,1728
5975,B003ENFAKK,1.191266,0.000443,0.026326,-0.284758,0.188811,1056
5976,B003EO466S,1.231593,0.000209,0.02722,-0.322394,0.274474,937
5977,B003EO46R2,1.277763,0.000624,0.028235,-0.26113,0.203343,309
5978,B003EPW434,1.165785,0.00016,0.025766,-0.235838,0.166675,775
5979,B003ES7GRA,1.349285,0.000426,0.02982,-0.272535,0.192318,190
5980,B003EUP3O6,1.240456,-0.000277,0.027416,-0.274301,0.213629,538
5981,B003EUR1D2,1.261475,-2.3e-05,0.027882,-0.262427,0.232186,486
5982,B003EUSRNA,1.191331,-6.2e-05,0.026331,-0.262878,0.27647,501
5983,B003EXG5XQ,1.211984,2.8e-05,0.026788,-0.281204,0.170405,448
5984,B003F25CNK,1.484486,0.001448,0.032779,-0.323519,0.203861,215
5985,B003F26DCO,1.475279,0.000229,0.032607,-0.25422,0.183089,92
5986,B003F2T0M4,1.300593,0.000511,0.028742,-0.298713,0.283123,3244
5987,B003F6VJ0G,1.445698,9.5e-05,0.031953,-0.224877,0.179454,112
5988,B003F7WQGQ,1.277615,0.000384,0.028236,-0.256018,0.213454,363
5989,B003F7X0G6,1.44822,-0.000113,0.032009,-0.328629,0.267889,374
5990,B003F8EVLS,1.252234,7.1e-05,0.027677,-0.29832,0.201243,302
5991,B003FBG7UI,1.221954,0.000397,0.027005,-0.2712,0.283318,3766
5992,B003FBI9KY,1.444003,0.000327,0.031914,-0.324142,0.298707,481
5993,B003FBI9LS,1.474421,7.4e-05,0.032588,-0.342459,0.298791,433
5994,B003FBK9YS,1.53923,-0.000408,0.034018,-0.362458,0.227175,274
5995,B003FBKAL0,1.403843,0.000957,0.031014,-0.279129,0.259834,478
5996,B003FBKBI2,1.453219,0.000694,0.032112,-0.299488,0.28036,494
5997,B003FBMFMC,1.321123,0.00084,0.029188,-0.277292,0.27503,590
5998,B003FBMFS6,1.461369,0.000643,0.032293,-0.352032,0.245621,534
5999,B003FBRVAS,1.474068,0.001175,0.032559,-0.323022,0.375259,473
6000,B003FITQGI,1.303291,4.4e-05,0.028806,-0.252864,0.191507,397
6001,B003FKSSII,1.430907,0.00053,0.031622,-0.315063,0.288272,378
6002,B003FKSVMG,1.498455,0.000945,0.033106,-0.268777,0.166767,105
6003,B003FKUW3M,1.644017,0.001402,0.03631,-0.273155,0.215192,86
6004,B003FO70Z6,1.181102,0.000401,0.026102,-0.231084,0.205175,646
6005,B003FODWVC,1.24233,0.000477,0.027454,-0.261109,0.219577,678
6006,B003FOG1JW,1.236246,0.000168,0.027324,-0.28394,0.196481,808
6007,B003FP86SK,1.241466,-0.000272,0.027438,-0.28016,0.234678,550
6008,B003FPE7MY,1.173778,8.3e-05,0.025943,-0.254484,0.202948,1290
6009,B003FS3L9G,1.432208,-2.8e-05,0.031655,-0.363089,0.276715,616
6010,B003FSGRW4,1.362235,0.000435,0.030106,-0.211017,0.152725,198
6011,B003FTXLZY,1.254191,7.2e-05,0.027721,-0.287094,0.284647,613
6012,B003FV82VA,1.479267,0.000134,0.032695,-0.321428,0.25826,281
6013,B003FXAOGE,1.271254,0.000512,0.028093,-0.241487,0.226312,817
6014,B003FXCFZC,1.493478,0.001055,0.032993,-0.345471,0.275416,509
6015,B003FXE6VI,1.318504,0.000611,0.029136,-0.265333,0.2265,644
6016,B003FXG314,1.420711,0.00104,0.031384,-0.262469,0.276897,719
6017,B003G08A9E,1.357325,0.000546,0.029995,-0.327509,0.294717,871
6018,B003G0S7S8,1.568701,0.000321,0.034671,-0.328445,0.213002,224
6019,B003G0UO48,1.231972,0.000213,0.027229,-0.281936,0.213949,2018
6020,B003G1K226,1.305105,0.001204,0.028821,-0.324646,0.231174,318
6021,B003GC4GH2,1.296119,0.000314,0.028646,-0.271396,0.289905,682
6022,B003GC4GHM,1.283334,0.000238,0.028364,-0.290777,0.285515,729
6023,B003GCWJFS,1.214721,0.000426,0.026845,-0.221309,0.146316,201
6024,B003GDBEBM,1.269442,0.000664,0.02805,-0.280764,0.240341,519
6025,B003GDDGQI,1.308048,0.000868,0.028898,-0.293981,0.326203,756
6026,B003GDK6F2,1.386742,0.000161,0.03065,-0.309727,0.19306,324
6027,B003GDKMVK,1.257624,0.000451,0.027793,-0.28406,0.307804,1729
6028,B003GE49A4,1.226033,-4e-05,0.027098,-0.317352,0.262553,1524
6029,B003GLJ6PA,1.309897,0.000181,0.028951,-0.285778,0.241022,430
6030,B003GMS8NK,1.362087,0.000434,0.030102,-0.300204,0.222147,370
6031,B003GMVD96,1.415337,-8.6e-05,0.031282,-0.259604,0.163445,167
6032,B003GQQDQK,1.538518,-9e-05,0.034005,-0.400505,0.251629,426
6033,B003GRD5ZG,1.191081,0.000317,0.026324,-0.242084,0.173717,284
6034,B003GRN3OO,1.682666,0.000166,0.037191,-0.381874,0.209346,188
6035,B003GU09PC,1.275342,0.000437,0.028185,-0.259735,0.291628,1283
6036,B003GVCU62,1.252,0.000277,0.027671,-0.230588,0.192661,321
6037,B003GXC0RY,1.368388,-0.000349,0.030243,-0.290117,0.17036,215
6038,B003GXC0T2,1.380706,-6.3e-05,0.030517,-0.338668,0.180776,264
6039,B003GYVTI4,1.48441,0.000346,0.032807,-0.30468,0.249273,342
6040,B003GZWYVO,1.367546,0.00033,0.030224,-0.291591,0.224642,360
6041,B003H0U5BY,1.289386,0.000106,0.028498,-0.267792,0.19983,325
6042,B003H146PY,1.222101,0.000236,0.02701,-0.269914,0.232407,1862
6043,B003H1HCIM,1.331827,-4.6e-05,0.029437,-0.299709,0.202271,1976
6044,B003H25J86,1.335777,-1e-06,0.029524,-0.280199,0.182291,297
6045,B003H2MR2W,1.317496,0.000764,0.02911,-0.228261,0.316174,709
6046,B003H3KLLA,1.489273,0.000505,0.032913,-0.338237,0.284298,458
6047,B003H4VAK0,1.490964,0.000635,0.032948,-0.29488,0.195971,182
6048,B003H60F3G,1.367677,0.000155,0.030229,-0.306148,0.290873,497
6049,B003H8180I,1.410922,0.000897,0.031172,-0.289946,0.239519,278
6050,B003H83U36,1.326347,0.000228,0.029315,-0.258589,0.212459,276
6051,B003H87S0C,1.33918,0.000205,0.029598,-0.297904,0.198329,546
6052,B003H897AQ,1.088281,0.00043,0.02405,-0.20864,0.209672,1090
6053,B003H8E7SS,1.301877,0.000137,0.028774,-0.290623,0.196296,552
6054,B003H9L0TQ,1.430334,0.00148,0.031579,-0.26894,0.186887,206
6055,B003HCYFYA,1.421552,0.000467,0.031416,-0.290362,0.262375,489
6056,B003HD04DK,1.336069,0.000109,0.02953,-0.267663,0.263153,525
6057,B003HD28FW,1.353222,1.6e-05,0.02991,-0.275528,0.248314,478
6058,B003HFSZ3Y,1.704368,0.000698,0.037664,-0.299124,0.248852,76
6059,B003HG4GQI,1.319606,0.000587,0.029161,-0.277403,0.24355,343
6060,B003HG4VLS,1.581978,0.000251,0.034965,-0.290942,0.234502,79
6061,B003HGOIOS,1.36092,0.000167,0.030079,-0.322515,0.218181,485
6062,B003HLTTJM,1.15038,0.000567,0.02542,-0.237076,0.177751,957
6063,B003HO30Q2,1.51121,0.000354,0.0334,-0.379724,0.230779,328
6064,B003HUJOWA,1.373735,-8.5e-05,0.030363,-0.23534,0.174997,147
6065,B003HUJQN2,1.495241,0.000952,0.033035,-0.258361,0.209346,203
6066,B003HYMGJO,1.488975,0.000434,0.032907,-0.302616,0.245777,330
6067,B003I329EG,1.599652,0.000904,0.035345,-0.246489,0.218185,165
6068,B003I36HGM,1.469986,0.000346,0.032488,-0.308901,0.24476,334
6069,B003I3B3YI,1.44115,0.000206,0.031852,-0.307443,0.240772,324
6070,B003I4BCXE,1.338769,0.000129,0.02959,-0.296961,0.236771,437
6071,B003I5SC22,1.435004,7.6e-05,0.031717,-0.2955,0.232605,242
6072,B003I5SC72,1.48832,0.000712,0.032888,-0.295543,0.259833,247
6073,B003I5VN7I,1.474994,0.000359,0.032599,-0.317095,0.221131,193
6074,B003I5XHHM,1.433297,0.000728,0.031671,-0.279208,0.218711,241
6075,B003I5ZMBG,1.545888,0.000604,0.034163,-0.336837,0.264398,219
6076,B003I5ZMDY,1.578668,0.00051,0.034889,-0.330687,0.24973,176
6077,B003I6MLN2,1.241726,0.000428,0.027442,-0.255378,0.290897,890
6078,B003I6O5RC,1.260847,0.000247,0.027867,-0.248644,0.284001,886
6079,B003I7IB62,1.269658,-0.000128,0.028062,-0.286277,0.206479,1406
6080,B003I810EQ,1.400562,0.000487,0.030952,-0.256958,0.162607,155
6081,B003I82XKG,1.243266,0.000231,0.027478,-0.317851,0.280217,668
6082,B003I87AAY,1.392837,0.000262,0.030784,-0.211101,0.161215,115
6083,B003I8C5OK,1.218214,0.001202,0.026899,-0.28285,0.255224,528
6084,B003I8FQ6O,1.399046,0.000555,0.030917,-0.263902,0.227939,155
6085,B003I8HJ96,1.384022,0.000638,0.030584,-0.266994,0.209595,154
6086,B003I8I0YY,1.25748,0.001277,0.027764,-0.308676,0.26708,554
6087,B003ICXCG6,1.512929,0.000475,0.033436,-0.357923,0.254396,311
6088,B003ICXD4M,1.446813,0.000591,0.031973,-0.369088,0.248577,440
6089,B003IGTLIU,1.412024,0.000902,0.031196,-0.321877,0.217546,266
6090,B003IHOV7A,1.508984,0.000668,0.033346,-0.32509,0.18372,148
6091,B003II53Z8,1.315255,0.000446,0.029067,-0.259698,0.179301,248
6092,B003IIJH3M,1.241608,0.000347,0.02744,-0.247848,0.290241,632
6093,B003IIJJ9Y,1.360043,8.1e-05,0.03006,-0.292577,0.179421,203
6094,B003IIUN6W,1.316196,0.000169,0.029091,-0.283007,0.222366,579
6095,B003IL5JVI,1.450587,0.000685,0.032054,-0.298598,0.186725,182
6096,B003ILUQPM,1.216392,0.000627,0.026878,-0.332582,0.201489,1502
6097,B003IMIWRK,1.394539,0.000827,0.030812,-0.317105,0.241951,413
6098,B003IQ1N4A,1.427808,0.000233,0.031557,-0.313818,0.194691,205
6099,B003ITMPI0,1.458312,0.001416,0.032201,-0.201737,0.207229,145
6100,B003IU8KLU,1.15852,0.000468,0.025602,-0.232578,0.242099,832
6101,B003IU9HI0,1.370351,-0.000312,0.030287,-0.316291,0.249142,443
6102,B003IUGO5E,1.144639,9.7e-05,0.025299,-0.272099,0.175161,726
6103,B003IWTX9Q,1.504639,0.000802,0.033247,-0.277346,0.189483,216
6104,B003IX36H0,1.451922,-3.9e-05,0.032091,-0.35144,0.28268,643
6105,B003IX3CEM,1.332088,0.000446,0.029439,-0.311559,0.261248,438
6106,B003IXJ6FG,1.498654,-0.000376,0.033122,-0.267969,0.174701,127
6107,B003IXP6P0,1.674647,0.000413,0.037012,-0.292364,0.199627,90
6108,B003J2PJFW,1.450984,0.000604,0.032065,-0.305095,0.213812,268
6109,B003J48F3I,1.196176,-5.1e-05,0.026438,-0.252933,0.198616,601
6110,B003J4TJTM,1.27014,-0.000131,0.028073,-0.296727,0.3106,2131
6111,B003J5C01A,1.236,2e-05,0.027319,-0.279566,0.223309,523
6112,B003JA3KDW,1.415823,-9e-06,0.031293,-0.254543,0.143995,142
6113,B003JA3KQE,1.42927,-0.000141,0.03159,-0.269108,0.159837,134
6114,B003JA3KSW,1.479921,0.000221,0.032709,-0.235814,0.1609,85
6115,B003JA5OJA,1.386419,7.1e-05,0.030643,-0.240029,0.139505,114
6116,B003JBGMZ4,1.153442,0.000913,0.025478,-0.257747,0.236299,991
6117,B003JCLP6E,1.166749,0.00027,0.025787,-0.242421,0.177106,355
6118,B003JFBXMM,1.316874,0.00077,0.029096,-0.284015,0.171951,385
6119,B003JKHUR4,1.495907,-0.000245,0.033062,-0.272528,0.181248,139
6120,B003JLV8TY,1.398644,0.000893,0.030901,-0.200791,0.147477,143
6121,B003JMWFK4,1.349599,0.00024,0.029829,-0.306283,0.224571,561
6122,B003JMYAAW,1.361932,-0.000409,0.030099,-0.32247,0.260655,481
6123,B003JMYU20,1.420436,0.00035,0.031393,-0.32861,0.206681,221
6124,B003JMYYQW,1.362838,6.9e-05,0.030122,-0.337054,0.19762,207
6125,B003JN2NVO,1.319437,9.7e-05,0.029163,-0.284427,0.2194,296
6126,B003JN5ZEG,1.393825,0.000405,0.030804,-0.287863,0.209949,246
6127,B003JN690U,1.534595,0.0014,0.033889,-0.283021,0.214576,222
6128,B003JN6J0A,1.299874,0.000992,0.028713,-0.296542,0.180632,219
6129,B003JNMPLC,1.211473,0.000253,0.026775,-0.232884,0.267083,968
6130,B003JNQV7G,1.172489,0.00016,0.025914,-0.241823,0.258228,1137
6131,B003JOF52W,1.279168,1.8e-05,0.028273,-0.293752,0.205745,331
6132,B003JT4F3C,1.463281,-3.6e-05,0.032342,-0.263022,0.172036,109
6133,B003JT4S7U,1.317329,0.000447,0.029113,-0.26794,0.290163,842
6134,B003JT4UN2,1.241971,0.000354,0.027448,-0.26666,0.213467,913
6135,B003JT8P6U,1.19084,-9.4e-05,0.02632,-0.282115,0.215346,977
6136,B003JT8PKQ,1.505007,0.00038,0.033262,-0.330665,0.282885,403
6137,B003JTA1IU,1.396685,0.000429,0.030867,-0.331556,0.309154,1476
6138,B003JTAWOS,1.175629,0.00014,0.025984,-0.274905,0.227049,944
6139,B003JTCYH6,1.303829,-8.8e-05,0.028818,-0.3518,0.223256,1074
6140,B003JTF3VK,1.257659,-7.2e-05,0.027797,-0.253725,0.238344,1145
6141,B003JUY38I,1.326374,0.000616,0.02931,-0.288168,0.191487,374
6142,B003JVVJZM,1.497671,0.000804,0.033092,-0.365868,0.288624,328
6143,B003K5H2VM,1.471978,-0.000548,0.03253,-0.293804,0.236778,254
6144,B003K5IDCO,1.25452,0.000254,0.027727,-0.270867,0.197471,496
6145,B003K75SDY,1.307184,5.2e-05,0.028892,-0.296103,0.201677,272
6146,B003K9KZHG,1.304521,0.000145,0.028833,-0.338378,0.240218,629
6147,B003KD5A68,1.101897,0.00011,0.024354,-0.238822,0.191072,874
6148,B003KDJ5KK,1.278159,0.000177,0.02825,-0.276167,0.263433,1842
6149,B003KEBR6Y,1.287532,0.000353,0.028455,-0.298357,0.193355,424
6150,B003KIU14O,1.402679,4.8e-05,0.031003,-0.343558,0.1984,322
6151,B003KJC2F4,1.088448,0.000424,0.024054,-0.228256,0.243376,1284
6152,B003KLRN5G,1.426942,0.00012,0.031539,-0.306993,0.282523,545
6153,B003KLV8DE,1.278104,-0.000269,0.028248,-0.270442,0.207098,599
6154,B003KNQ8OQ,1.434744,0.000651,0.031705,-0.307902,0.262002,391
6155,B003KPEHGU,1.391881,0.000517,0.03076,-0.278202,0.207856,221
6156,B003KPIIKQ,1.316653,0.000402,0.029099,-0.2724,0.255053,405
6157,B003KUD702,1.452696,0.000978,0.032093,-0.290996,0.213881,226
6158,B003KWMSPU,1.237116,0.000488,0.027339,-0.29757,0.218459,1766
6159,B003KWZ8VG,1.245004,0.000518,0.027513,-0.275374,0.211445,747
6160,B003KZBI30,1.412453,-5.9e-05,0.031219,-0.305246,0.246647,526
6161,B003KZC4GA,1.332748,-8.7e-05,0.029457,-0.316644,0.221528,502
6162,B003L63UZM,1.11343,0.000415,0.024606,-0.251025,0.223533,586
6163,B003LA90RU,1.412408,-4.8e-05,0.031218,-0.293858,0.226502,308
6164,B003LBWQQQ,1.234161,0.000126,0.027278,-0.248514,0.204174,369
6165,B003LDJ43W,1.3026,0.000981,0.028774,-0.281548,0.184478,225
6166,B003LDJK5O,1.346416,0.000401,0.029756,-0.295812,0.246657,504
6167,B003LDLO4E,1.297961,-3.9e-05,0.028688,-0.333962,0.256441,591
6168,B003LDMVNM,1.233423,-0.000472,0.027258,-0.30977,0.24507,718
6169,B003LDOSXI,1.362773,5e-06,0.030121,-0.365433,0.243166,582
6170,B003LDRA6U,1.143349,0.00105,0.025249,-0.259622,0.221998,539
6171,B003LNCFPG,1.344122,3e-05,0.029708,-0.250089,0.165309,227
6172,B003LQZTV0,1.423456,0.000268,0.031461,-0.351217,0.211468,241
6173,B003LR3MQ8,1.364848,0.000188,0.030166,-0.286513,0.18905,280
6174,B003LRK6G2,1.326266,0.000244,0.029313,-0.287498,0.225682,648
6175,B003LS7EFC,1.3586,0.000305,0.030027,-0.280308,0.182712,234
6176,B003LSDQJA,1.380054,0.00072,0.030494,-0.313619,0.187958,204
6177,B003LUFMFO,1.5123,0.000345,0.033424,-0.344939,0.234684,237
6178,B003LYDBCG,1.45159,-8.5e-05,0.032084,-0.335325,0.222956,376
6179,B003M09LPK,1.480126,0.000142,0.032714,-0.286811,0.214444,128
6180,B003M1PY2S,1.336648,0.000446,0.02954,-0.306055,0.195521,626
6181,B003M57E9A,1.193385,-0.000274,0.026375,-0.252113,0.219469,897
6182,B003M5UOBK,1.101797,0.000266,0.024351,-0.23813,0.175561,734
6183,B003M6AS4C,1.132257,0.000596,0.025019,-0.270182,0.24731,904
6184,B003M75BIE,1.697054,0.000167,0.037509,-0.411454,0.340507,429
6185,B003MBHVP6,1.174574,0.000359,0.025959,-0.225669,0.205487,643
6186,B003MBTBHM,1.265578,0.000285,0.027971,-0.279547,0.254234,1307
6187,B003MBZ2G6,1.356507,0.000178,0.029982,-0.266669,0.199657,159
6188,B003MC1ZSE,1.335867,0.000251,0.029525,-0.255816,0.203099,247
6189,B003MGRT2Q,1.192845,7.8e-05,0.026365,-0.278423,0.244039,650
6190,B003MIQZTC,1.301034,-0.000219,0.028755,-0.291776,0.214589,330
6191,B003MJ7Z0O,1.46274,8.8e-05,0.03233,-0.229616,0.173999,137
6192,B003MJG19K,1.401266,-0.000153,0.030971,-0.307698,0.260156,475
6193,B003MRLWF0,1.320316,-4.9e-05,0.029182,-0.311842,0.181206,279
6194,B003MTPE5M,1.179218,0.000143,0.026063,-0.249007,0.216071,2040
6195,B003MTPUYC,1.235612,-0.000202,0.027309,-0.292407,0.231075,1581
6196,B003MUQRWU,1.584462,0.000754,0.035012,-0.369571,0.33629,521
6197,B003MUYUU6,1.236829,0.000316,0.027335,-0.296385,0.252634,750
6198,B003MY14J2,1.476369,0.000405,0.032629,-0.334023,0.209274,210
6199,B003N1WQIW,1.296338,0.000253,0.028651,-0.283247,0.203541,366
6200,B003N1WS9O,1.379061,0.000505,0.030476,-0.344616,0.3172,677
6201,B003N209EO,1.526468,0.000122,0.033738,-0.363944,0.230015,278
6202,B003N21THK,1.385614,0.000268,0.030624,-0.281851,0.256132,488
6203,B003N41WWA,1.436147,0.00049,0.031739,-0.313183,0.221626,374
6204,B003N41ZPY,1.285402,0.00066,0.028403,-0.23172,0.259379,472
6205,B003N4MIDM,1.108339,-0.000153,0.024497,-0.216189,0.224147,514
6206,B003N4RGIO,1.21187,0.000405,0.026782,-0.25928,0.279155,859
6207,B003N4ST94,1.308807,0.000415,0.028925,-0.264981,0.195194,433
6208,B003N4YDGW,1.163126,0.000151,0.025708,-0.250806,0.218983,1217
6209,B003N789UK,1.430552,0.00056,0.031614,-0.289265,0.264621,294
6210,B003N8WKFE,1.461698,0.000159,0.032307,-0.332176,0.180374,169
6211,B003NEZ0R8,1.173288,-1.8e-05,0.025933,-0.262997,0.231685,988
6212,B003NHEOPY,1.635569,3e-06,0.03615,-0.319674,0.249482,150
6213,B003NMQSKI,1.190717,0.000576,0.026312,-0.300025,0.217666,972
6214,B003NMQUF6,1.309201,0.000135,0.028936,-0.308285,0.212225,434
6215,B003NMVN9E,1.340614,-3e-05,0.029631,-0.337195,0.189932,335
6216,B003NRYG1Q,1.306484,0.000405,0.028874,-0.259975,0.203024,309
6217,B003NS2HWU,1.289529,-0.000296,0.0285,-0.290567,0.241928,602
6218,B003NSPOF2,1.329633,0.000747,0.029379,-0.298397,0.272189,650
6219,B003NTFDFM,1.202107,8.1e-05,0.026569,-0.213188,0.211572,1890
6220,B003NTKXCK,1.089219,0.000273,0.024073,-0.22316,0.214649,589
6221,B003NU7I6S,1.33938,0.000329,0.029602,-0.278442,0.231554,346
6222,B003NV9R2U,1.465929,0.001197,0.032379,-0.243619,0.187941,183
6223,B003NW8M1Q,1.367272,-0.000126,0.03022,-0.327349,0.265836,253
6224,B003NXL9KQ,1.374752,-0.00067,0.030378,-0.322815,0.293257,395
6225,B003NXM9HS,1.385452,0.000267,0.030621,-0.267738,0.231363,232
6226,B003NXX58K,1.381199,0.000335,0.030526,-0.437401,0.206308,1247
6227,B003NZ1DM8,1.35994,0.00096,0.030043,-0.330034,0.201915,359
6228,B003O1INFQ,1.41563,0.000754,0.03128,-0.315711,0.204014,223
6229,B003O3C06M,1.446789,0.001343,0.031949,-0.290021,0.15997,183
6230,B003O4BWV0,1.340009,0.000773,0.029607,-0.231885,0.172291,156
6231,B003O4DNZS,1.560508,0.00061,0.034486,-0.271548,0.218317,138
6232,B003O4H2L4,1.3966,0.00012,0.030868,-0.311311,0.230546,252
6233,B003O52BHS,1.390043,0.000307,0.030722,-0.347549,0.297325,1412
6234,B003O5NGJK,1.460322,0.000194,0.032276,-0.327636,0.257278,257
6235,B003OBE530,1.344951,1.5e-05,0.029727,-0.296116,0.307887,547
6236,B003ODETES,1.556806,0.000546,0.034405,-0.430599,0.300057,583
6237,B003OELYFO,1.170787,0.000349,0.025875,-0.236563,0.23982,710
6238,B003OFHX7Q,1.162944,0.000822,0.025691,-0.285523,0.188899,721
6239,B003OGQYC0,1.393493,0.000271,0.030798,-0.277146,0.204033,214
6240,B003OGSX4M,1.395731,0.00037,0.030847,-0.267229,0.200865,214
6241,B003OGT4KE,1.520852,0.00073,0.033607,-0.35478,0.208732,247
6242,B003OGUQS8,1.507563,0.000719,0.033313,-0.353529,0.203918,243
6243,B003OGV21S,1.540937,-5e-06,0.034059,-0.292561,0.176073,128
6244,B003OGV7UO,1.389735,0.000395,0.030714,-0.283812,0.176089,183
6245,B003OGYO7W,1.503712,0.000815,0.033226,-0.359267,0.205326,245
6246,B003OGZC2S,1.518214,0.000785,0.033547,-0.356043,0.21128,243
6247,B003OH07G8,1.413199,0.000498,0.031231,-0.337616,0.201291,257
6248,B003OH0KBA,1.506474,0.000706,0.033289,-0.355259,0.207032,245
6249,B003OH2Q80,1.529685,0.000801,0.0338,-0.320018,0.206278,189
6250,B003OIPJZ6,1.373004,7.7e-05,0.030347,-0.290719,0.242375,429
6251,B003ONJH8Q,1.419406,0.00054,0.031368,-0.291472,0.182332,187
6252,B003ONLAXQ,1.398977,0.000524,0.030916,-0.291105,0.181092,188
6253,B003OS9UR4,1.439636,0.000146,0.031819,-0.332002,0.259019,485
6254,B003OSCS3C,1.529422,0.001014,0.033789,-0.331676,0.202646,177
6255,B003OUBGHO,1.496544,0.000457,0.033074,-0.337716,0.227818,344
6256,B003OXO61O,1.275172,0.000164,0.028184,-0.210784,0.165619,114
6257,B003P7VX24,1.173436,0.000246,0.025935,-0.257586,0.16359,1849
6258,B003P85MAM,1.166927,7.2e-05,0.025792,-0.261194,0.166416,1843
6259,B003P904EA,1.163864,0.000281,0.025723,-0.227602,0.187425,1561
6260,B003PARWS0,1.417478,0.000459,0.031326,-0.280311,0.2365,255
6261,B003PDBDU0,1.31665,0.000456,0.029098,-0.259145,0.184806,310
6262,B003PF406M,1.186473,-0.000215,0.026223,-0.23268,0.303495,614
6263,B003PFBCTU,1.233886,2e-05,0.027272,-0.26221,0.268089,1824
6264,B003PGAMM2,1.467369,7.3e-05,0.032432,-0.292191,0.199729,111
6265,B003PK7CU8,1.317903,-5e-06,0.029129,-0.305041,0.249574,459
6266,B003PL0AMO,1.141819,-0.000173,0.025236,-0.242416,0.266157,615
6267,B003PL2CQQ,1.318075,-0.000132,0.029132,-0.299049,0.271188,448
6268,B003PL2D6A,1.151782,0.000767,0.025446,-0.218163,0.267267,551
6269,B003PL3K8U,1.334236,0.000375,0.029488,-0.273069,0.29427,461
6270,B003PL9ONU,1.360572,0.000619,0.030066,-0.328196,0.222851,331
6271,B003PL9PLG,1.254844,0.000382,0.027733,-0.278606,0.235449,413
6272,B003PLFHC2,1.415443,1e-04,0.031285,-0.330984,0.275928,422
6273,B003PLFJBQ,1.3196,7.4e-05,0.029166,-0.29673,0.244835,466
6274,B003PLJP2A,1.244029,0.000317,0.027494,-0.272148,0.270723,494
6275,B003POFQ7K,1.325455,0.000481,0.029292,-0.290183,0.19042,391
6276,B003POGRLO,1.367551,0.000284,0.030225,-0.312163,0.250904,529
6277,B003PON1M2,1.464291,0.000501,0.032361,-0.301172,0.234337,229
6278,B003PTD38Y,1.306309,5.5e-05,0.028873,-0.260276,0.191021,322
6279,B003Q19TW0,1.405889,-0.000126,0.031073,-0.31755,0.278248,355
6280,B003Q332Y4,1.487869,0.001025,0.03287,-0.307441,0.194466,236
6281,B003Q33DP2,1.429701,0.000616,0.031594,-0.277168,0.203505,221
6282,B003Q33LJ0,1.141651,0.000157,0.025233,-0.227896,0.165052,2194
6283,B003Q3RUTM,1.49446,0.000606,0.033026,-0.367199,0.192809,296
6284,B003Q3SLEK,1.385619,0.000235,0.030625,-0.321012,0.230215,528
6285,B003Q42C6M,1.243489,5e-05,0.027484,-0.271986,0.237683,582
6286,B003Q6TC6I,1.603435,0.000548,0.035436,-0.340295,0.23709,154
6287,B003QA8XFK,1.280777,0.000166,0.028308,-0.37315,0.268392,705
6288,B003QAPTAW,1.345434,0.000565,0.029732,-0.292563,0.19619,308
6289,B003QCOG0E,1.390319,0.000647,0.030723,-0.293084,0.245591,260
6290,B003QCRRNC,1.433558,0.00082,0.031675,-0.282822,0.204482,272
6291,B003QITYNC,1.169471,0.000434,0.025845,-0.303945,0.243757,1191
6292,B003QKH03Q,1.190671,2.1e-05,0.026317,-0.261086,0.181659,499
6293,B003QKL5YQ,1.445922,0.000331,0.031957,-0.342565,0.272008,498
6294,B003QLRO7W,1.320714,0.000613,0.029185,-0.341205,0.279343,714
6295,B003QOTDB4,1.430036,5.1e-05,0.031607,-0.292921,0.193352,216
6296,B003QOZ2C8,1.502546,-0.000265,0.033209,-0.309694,0.173395,126
6297,B003QQPV8G,1.57937,0.000295,0.034907,-0.339233,0.191884,150
6298,B003QSMID0,1.315147,0.000848,0.029056,-0.266007,0.241393,393
6299,B003QU26ZI,1.256141,0.000455,0.02776,-0.254197,0.20393,404
6300,B003QU72NE,1.38233,-0.00022,0.030552,-0.272853,0.18265,201
6301,B003QUHWT8,1.248533,0.000476,0.027592,-0.261913,0.25742,878
6302,B003QUONE0,1.326951,0.000545,0.029324,-0.309523,0.198913,295
6303,B003R3K8F4,1.213697,8.3e-05,0.026826,-0.254088,0.249678,757
6304,B003RA9XYO,1.348715,-0.000814,0.029799,-0.278683,0.200298,165
6305,B003RBQYR2,1.29392,7.9e-05,0.028599,-0.280059,0.205167,1230
6306,B003RBQZKS,1.301016,0.000653,0.028748,-0.299389,0.226934,385
6307,B003RCZSJ6,1.225444,0.000464,0.027081,-0.245034,0.200175,571
6308,B003RD1MV8,1.46063,0.000876,0.032272,-0.339662,0.215744,482
6309,B003RF82RI,1.43167,0.000427,0.031641,-0.297165,0.316778,2067
6310,B003RF82UK,1.531277,0.000683,0.033838,-0.360114,0.308913,1648
6311,B003RFA4QA,1.422843,0.000468,0.031445,-0.294152,0.26736,1834
6312,B003RIPAS4,1.311369,6.1e-05,0.028984,-0.26913,0.22133,506
6313,B003RJ165Y,1.365358,-0.000142,0.030177,-0.304791,0.181509,201
6314,B003RKU4J2,1.289272,-0.000244,0.028495,-0.300752,0.191846,1323
6315,B003RS8ZYU,1.298853,0.000313,0.028706,-0.302915,0.288354,1277
6316,B003RSSBXK,1.658494,0.000229,0.036656,-0.330121,0.201618,90
6317,B003RSY1NE,1.572064,0.000217,0.034746,-0.332956,0.191985,121
6318,B003RVV82S,1.514046,0.000631,0.033458,-0.263954,0.236289,131
6319,B003RW2K0G,1.330801,0.000267,0.029413,-0.30796,0.205293,473
6320,B003S16H5A,1.322397,0.000276,0.029227,-0.289893,0.164965,269
6321,B003S17772,1.261551,0.000592,0.027877,-0.251664,0.243343,444
6322,B003S191LC,1.425136,0.000222,0.031498,-0.300898,0.261136,383
6323,B003S19S9W,1.373993,0.000578,0.030363,-0.313737,0.187095,346
6324,B003S516XO,1.386443,0.000132,0.030644,-0.314292,0.232333,576
6325,B003S5HTHG,1.359413,-5.1e-05,0.030046,-0.331117,0.203575,243
6326,B003S5LWRO,1.379325,0.000694,0.030479,-0.271197,0.31994,512
6327,B003SDIL7U,1.274666,0.000465,0.028169,-0.259395,0.277308,586
6328,B003SGRJVG,1.29509,0.000349,0.028623,-0.285698,0.256078,936
6329,B003SJ0FSW,1.20344,0.000305,0.026597,-0.270942,0.200369,755
6330,B003SOO86M,1.408407,0.000394,0.031127,-0.309649,0.212803,227
6331,B003SQ4Y96,1.570935,0.000129,0.034721,-0.322435,0.192987,120
6332,B003SQXHP8,1.340408,0.00058,0.029621,-0.284953,0.240032,409
6333,B003SRBYP2,1.401742,0.000398,0.030979,-0.241339,0.170122,206
6334,B003SRFD04,1.301863,0.000394,0.028772,-0.274551,0.196512,534
6335,B003SSO0O8,1.399898,0.000318,0.03094,-0.292663,0.198593,205
6336,B003SSTKHU,1.379758,0.000228,0.030495,-0.26832,0.202869,261
6337,B003SSTL42,1.327274,-6.2e-05,0.029336,-0.256766,0.200903,246
6338,B003SSTOYE,1.250803,0.00043,0.027643,-0.235926,0.177706,178
6339,B003SSVKBY,1.427405,0.000183,0.031549,-0.355921,0.225674,255
6340,B003SSXKV2,1.432742,0.00038,0.031665,-0.310911,0.213298,258
6341,B003SSXRME,1.39418,0.000135,0.030815,-0.320067,0.22772,271
6342,B003SSXV5C,1.417595,-0.000426,0.031329,-0.288912,0.23599,157
6343,B003STPN4S,1.207068,0.000671,0.026671,-0.246418,0.209971,469
6344,B003SYYEG6,1.51968,0.001437,0.033558,-0.237334,0.242342,135
6345,B003SZ23RC,1.310175,0.000679,0.02895,-0.260305,0.259149,571
6346,B003SZEQ2W,1.353719,0.000161,0.02992,-0.292862,0.272587,674
6347,B003SZQ8SC,1.30892,-6e-06,0.02893,-0.29052,0.202225,459
6348,B003T18TE6,1.250925,0.000255,0.027647,-0.249453,0.189667,356
6349,B003T1G0XI,1.333542,-0.000457,0.029471,-0.250821,0.174802,213
6350,B003T1HFP0,1.295227,0.000806,0.028616,-0.264828,0.239244,1046
6351,B003T2V3FW,1.249529,0.000252,0.027617,-0.286978,0.160797,1403
6352,B003T4B468,1.403799,5.5e-05,0.031027,-0.282292,0.215696,365
6353,B003T75D9E,1.478102,0.000623,0.032664,-0.256531,0.193594,120
6354,B003TA799S,1.402842,-3.7e-05,0.031006,-0.302214,0.213068,282
6355,B003TDZFVE,1.276543,0.000916,0.0282,-0.29902,0.251993,542
6356,B003TFINPC,1.359705,0.000308,0.030051,-0.27526,0.25207,652
6357,B003TFUGMK,1.257027,0.000346,0.027781,-0.257069,0.231795,364
6358,B003TG9C74,1.32491,0.000441,0.02928,-0.276029,0.186129,211
6359,B003TJGNH8,1.558822,9.2e-05,0.034454,-0.304635,0.212126,160
6360,B003TJGX4Q,1.356573,-7.2e-05,0.029984,-0.310216,0.181285,253
6361,B003TJI3EO,1.335827,0.000684,0.029517,-0.303834,0.20227,281
6362,B003TMO3EU,1.333236,0.000125,0.029468,-0.298595,0.238559,432
6363,B003TNQG4E,1.205246,-0.000285,0.026637,-0.235164,0.20095,1981
6364,B003TNVSTW,1.427344,0.000603,0.031542,-0.3198,0.318363,471
6365,B003TNY0WE,1.434511,0.000663,0.031699,-0.327315,0.286839,462
6366,B003TO3UC4,1.338908,0.001064,0.029574,-0.273964,0.200197,294
6367,B003TO3UG0,1.259301,0.00022,0.027833,-0.255499,0.204355,309
6368,B003TOW1H4,1.320501,0.000155,0.029186,-0.284594,0.254774,518
6369,B003TP9KTA,1.547599,0.000169,0.034205,-0.282202,0.173996,127
6370,B003TPA9XG,1.180841,0.000375,0.026097,-0.275983,0.171076,431
6371,B003TPTGDK,1.532216,-2.3e-05,0.033866,-0.243231,0.198272,218
6372,B003TQPRGY,1.437797,0.000769,0.03177,-0.350896,0.222059,428
6373,B003TQTFVW,1.462161,0.000721,0.032309,-0.37228,0.219884,383
6374,B003TQU1Q0,1.6323,0.000595,0.036073,-0.309664,0.254773,141
6375,B003TQV9PW,1.445472,0.000452,0.031945,-0.355624,0.247306,551
6376,B003TTB4SG,1.340948,0.000689,0.02963,-0.201853,0.154092,181
6377,B003TTEHH6,1.34342,-0.000411,0.02969,-0.303837,0.192559,476
6378,B003TU4CB6,1.137874,-0.000217,0.025149,-0.262041,0.159757,610
6379,B003TWU1K0,1.449865,-0.000127,0.032045,-0.317489,0.296336,501
6380,B003TX0BX6,1.421357,0.000302,0.031414,-0.304455,0.228844,368
6381,B003TXO7XQ,1.185244,0.00039,0.026194,-0.233808,0.256738,487
6382,B003TXZSU2,1.292794,1.1e-05,0.028574,-0.228768,0.154675,155
6383,B003TY3TUC,1.359612,-0.00024,0.03005,-0.311436,0.212457,506
6384,B003TZAWB0,1.362382,0.00042,0.030109,-0.246674,0.152607,119
6385,B003TZFS1Y,1.172126,0.000129,0.025907,-0.238245,0.20279,967
6386,B003U23R8M,1.34977,0.00046,0.02983,-0.281038,0.185507,196
6387,B003U4LGV0,1.500122,0.000504,0.033153,-0.254181,0.20366,113
6388,B003U4LI7W,1.537048,0.000318,0.033971,-0.291627,0.218776,138
6389,B003U4RQDC,1.264486,3.2e-05,0.027948,-0.36294,0.294237,2071
6390,B003U604Q6,1.409414,-0.000336,0.03115,-0.298318,0.180153,190
6391,B003U7EGL4,1.307794,0.000451,0.028902,-0.272935,0.239983,640
6392,B003U7OYK2,1.557499,0.000763,0.034416,-0.274411,0.176156,132
6393,B003U9K9J0,1.360106,0.000274,0.03006,-0.258962,0.151473,196
6394,B003UA5ECQ,1.351051,0.000267,0.02986,-0.265912,0.231124,365
6395,B003UA5HCS,1.46937,0.000728,0.032469,-0.323304,0.289994,468
6396,B003UAAITA,1.178133,0.000512,0.026035,-0.273339,0.260021,656
6397,B003UF0RB4,1.596909,-2.1e-05,0.035296,-0.366125,0.208244,128
6398,B003UFMYM4,1.336058,0.000222,0.029529,-0.291351,0.240522,490
6399,B003UGSU62,1.442649,0.000482,0.031882,-0.181303,0.180328,66
6400,B003UGV05U,1.35467,-0.000121,0.029941,-0.298869,0.234032,401
6401,B003UH0528,1.327838,0.00069,0.02934,-0.265342,0.20932,357
6402,B003UH4UMO,1.577232,0.000593,0.034856,-0.270194,0.210136,112
6403,B003UHKJ5G,1.34674,0.000396,0.029764,-0.288791,0.222714,321
6404,B003UHXY62,1.359421,-5e-05,0.030047,-0.256302,0.16357,213
6405,B003UI3M86,1.578011,-0.000364,0.034876,-0.300961,0.207263,123
6406,B003UI4WZS,1.284036,-0.000159,0.02838,-0.313884,0.245708,1860
6407,B003UJHSUI,1.259238,-0.000623,0.027825,-0.319801,0.236262,1362
6408,B003ULT3H2,1.098864,0.000779,0.024275,-0.252344,0.20683,630
6409,B003UM6TJG,1.243993,0.000317,0.027493,-0.21083,0.160846,182
6410,B003UM8WLE,1.395974,6.8e-05,0.030854,-0.27127,0.189376,144
6411,B003UMNO6C,1.301695,-0.000517,0.028766,-0.181822,0.143023,108
6412,B003UNP20W,1.263702,0.000456,0.027927,-0.287556,0.218517,1870
6413,B003UNPS0Q,1.449077,7.9e-05,0.032028,-0.328171,0.216687,355
6414,B003UNQUDU,1.261665,9.7e-05,0.027886,-0.288375,0.303873,807
6415,B003UNT4P6,1.286916,-0.00013,0.028444,-0.243971,0.280402,1103
6416,B003UO3QTU,1.505784,0.001296,0.033256,-0.298153,0.222346,172
6417,B003UOTSOM,1.610821,0.000386,0.035601,-0.357691,0.207094,190
6418,B003USIHZY,1.363838,0.00025,0.030143,-0.288836,0.254211,486
6419,B003USIINU,1.500183,0.00067,0.033151,-0.249337,0.187739,125
6420,B003USJVEA,1.295408,0.000597,0.028626,-0.280564,0.232818,1935
6421,B003USJW3A,1.412954,0.00043,0.031227,-0.22891,0.156377,151
6422,B003UTEE32,1.394482,0.000147,0.030821,-0.232119,0.176472,183
6423,B003UTRNXK,1.35246,0.000368,0.02989,-0.311875,0.254463,451
6424,B003UVLO7E,1.347282,0.000627,0.029772,-0.27135,0.21684,227
6425,B003UW2SVY,1.302882,0.000758,0.028787,-0.253984,0.23264,374
6426,B003UY8WFS,1.36251,0.000126,0.030115,-0.273923,0.191948,368
6427,B003UYMZUG,1.256174,3.8e-05,0.027765,-0.256012,0.282332,713
6428,B003UYP49K,1.312898,-0.000168,0.029018,-0.30871,0.228826,581
6429,B003UYQVYM,1.304759,0.000139,0.028838,-0.300159,0.232956,508
6430,B003UYZ9XQ,1.267755,0.000565,0.028015,-0.258179,0.21662,710
6431,B003UZ4R24,1.340866,-0.000527,0.029632,-0.287439,0.280208,1140
6432,B003V21WO2,1.620469,-2.7e-05,0.035816,-0.32703,0.227602,151
6433,B003V264WW,1.697751,0.001087,0.037509,-0.308793,0.198128,119
6434,B003V265QW,1.450771,0.000326,0.032064,-0.25833,0.205216,158
6435,B003V27RB4,1.586976,0.000452,0.035073,-0.28494,0.185118,108
6436,B003V3AZJY,1.694063,0.000186,0.037443,-0.337909,0.242236,137
6437,B003V3ISS4,1.274489,-6.4e-05,0.028169,-0.297164,0.195368,444
6438,B003V5574U,1.236822,-0.00018,0.027336,-0.302458,0.28232,1610
6439,B003V57Q5I,1.295918,7e-06,0.028643,-0.260562,0.229132,349
6440,B003V7KWB6,1.18001,-0.000218,0.02608,-0.255183,0.206292,1118
6441,B003V808ZA,1.610977,0.000215,0.035606,-0.353171,0.24088,139
6442,B003V9L37Q,1.495278,0.000624,0.033043,-0.263868,0.249373,167
6443,B003V9N1RQ,1.396172,0.000946,0.030844,-0.313659,0.250414,452
6444,B003VAIG3Y,1.349349,0.000386,0.029821,-0.297702,0.235503,284
6445,B003VCIT16,1.175486,0.000215,0.02598,-0.245751,0.216849,706
6446,B003VDGIQI,1.45475,7.2e-05,0.032154,-0.343102,0.26815,506
6447,B003VFI0XU,1.101848,0.000852,0.024339,-0.258421,0.178757,1292
6448,B003VGMLSO,1.241541,0.000806,0.027429,-0.270941,0.233853,527
6449,B003VGMOR2,1.412351,0.000326,0.031215,-0.337522,0.303093,508
6450,B003VHCXWW,1.100876,0.000861,0.024317,-0.258249,0.17808,1292
6451,B003VHYRCQ,1.313116,9.3e-05,0.029023,-0.287557,0.242144,1631
6452,B003VHZ0PE,1.27312,0.000207,0.028138,-0.269702,0.250502,1677
6453,B003VI0HVA,1.466045,-0.000718,0.032395,-0.357823,0.225608,329
6454,B003VKR018,1.396894,0.000149,0.030874,-0.312486,0.253375,480
6455,B003VKRO6E,1.313436,0.000378,0.029028,-0.276528,0.233957,568
6456,B003VL77SI,1.340695,0.00045,0.029629,-0.277399,0.232113,375
6457,B003VMAL5I,1.399159,0.000623,0.030919,-0.28927,0.271663,469
6458,B003VMDJW0,1.412724,0.000736,0.031216,-0.323489,0.268732,530
6459,B003VMEUJ6,1.412042,0.000557,0.031205,-0.333962,0.291373,519
6460,B003VMF5S6,1.387526,0.000497,0.030664,-0.288483,0.228136,259
6461,B003VMFITM,1.381235,0.000451,0.030525,-0.326976,0.262441,520
6462,B003VMG3RI,1.278033,0.000862,0.028235,-0.289517,0.239423,525
6463,B003VMJ01Y,1.406214,0.000444,0.031078,-0.326673,0.289571,518
6464,B003VMM74Q,1.320684,0.000937,0.029175,-0.343724,0.281923,533
6465,B003VMMMUK,1.286817,0.000818,0.02843,-0.289607,0.237537,531
6466,B003VMOGSQ,1.421631,0.000421,0.031419,-0.327965,0.286595,514
6467,B003VMOZE6,1.338341,0.000889,0.029567,-0.336951,0.28572,528
6468,B003VMS0Z6,1.709304,0.000783,0.037772,-0.305845,0.230441,88
6469,B003VMSDY4,1.412034,0.000474,0.031206,-0.32317,0.286376,515
6470,B003VMTZ8C,1.251392,0.000824,0.027647,-0.27791,0.258478,531
6471,B003VMU63K,1.314872,0.000966,0.029046,-0.3432,0.283369,530
6472,B003VMUIGK,1.353187,0.001053,0.02989,-0.344734,0.289018,536
6473,B003VMV7D8,1.271422,0.000735,0.028092,-0.284492,0.233445,528
6474,B003VMVBVG,1.344842,0.000806,0.029713,-0.305734,0.263092,544
6475,B003VMVDM8,1.401796,0.000513,0.030979,-0.3198,0.275875,522
6476,B003VMW2B4,1.355489,0.000451,0.029956,-0.274772,0.218046,265
6477,B003VMXH1S,1.404064,0.000426,0.03103,-0.325236,0.283223,514
6478,B003VMXNCG,1.435966,0.000623,0.031732,-0.334122,0.289143,519
6479,B003VMXOXO,1.422635,0.000563,0.031439,-0.330295,0.289914,521
6480,B003VMXSIK,1.463068,0.000735,0.032329,-0.331069,0.292907,521
6481,B003VMXXVW,1.43158,0.000658,0.031635,-0.334919,0.287891,525
6482,B003VMXYLG,1.337766,0.000927,0.029553,-0.33605,0.279553,534
6483,B003VMZHKM,1.443962,0.000565,0.03191,-0.335908,0.290243,515
6484,B003VMZRYI,1.471981,0.000677,0.032527,-0.341903,0.296133,523
6485,B003VMZTCI,1.3902,0.000603,0.030721,-0.352256,0.278936,523
6486,B003VMZYSC,1.370595,0.000755,0.030284,-0.314431,0.266778,529
6487,B003VN00YY,1.46968,0.000659,0.032477,-0.337539,0.294525,519
6488,B003VN1ING,1.410661,0.000606,0.031173,-0.328234,0.279471,517
6489,B003VN9FRW,1.408397,0.000848,0.031118,-0.270632,0.323815,500
6490,B003VPT9WQ,1.209567,0.000622,0.026727,-0.273676,0.295641,638
6491,B003VPTA2U,1.311052,0.000433,0.028974,-0.308488,0.223801,968
6492,B003VQ8R9Q,1.416611,0.000595,0.031305,-0.315039,0.249676,554
6493,B003VRC12O,1.482289,6.3e-05,0.032762,-0.336303,0.227207,232
6494,B003VSDR7Q,1.198186,0.000379,0.02648,-0.254906,0.216811,510
6495,B003VSH34Y,1.142914,0.00068,0.025252,-0.234737,0.204147,3430
6496,B003VSH574,1.190635,0.000686,0.026307,-0.269516,0.221166,3494
6497,B003VUAOOI,1.193342,-0.000113,0.026376,-0.254024,0.19201,1026
6498,B003VV8C0A,1.559238,-9.4e-05,0.034463,-0.347552,0.227158,193
6499,B003VWZCMK,1.495875,8.5e-05,0.033062,-0.37051,0.257645,461
6500,B003W58FOS,1.378074,2.7e-05,0.030459,-0.329471,0.221498,276
6501,B003W5KDFW,1.241539,0.000531,0.027436,-0.259573,0.308942,707
6502,B003W5YCVI,1.395904,0.000299,0.030852,-0.330252,0.22912,500
6503,B003WG3AQ0,1.278214,0.0005,0.028247,-0.306771,0.284318,672
6504,B003WGQAVM,1.407589,0.00022,0.03111,-0.333178,0.224939,400
6505,B003WHBIRC,1.426639,3.7e-05,0.031532,-0.326121,0.228684,392
6506,B003WHF148,1.391054,-6.3e-05,0.030746,-0.300711,0.214618,341
6507,B003WLZXSS,1.170534,0.000399,0.025869,-0.257722,0.221145,1739
6508,B003WM4DXS,1.197174,0.000686,0.026452,-0.22964,0.255328,1369
6509,B003WN1ELQ,1.440658,0.000395,0.03184,-0.313109,0.254172,443
6510,B003WNXZZO,1.227109,-1.5e-05,0.027122,-0.280698,0.266011,1235
6511,B003WOFAO2,1.28265,0.000154,0.028349,-0.25842,0.197243,1809
6512,B003WOVZLY,1.508104,0.000962,0.033319,-0.317129,0.215347,223
6513,B003WVR9Y4,1.422764,-6.1e-05,0.031447,-0.346323,0.292865,443
6514,B003WXJD28,1.233862,2.8e-05,0.027271,-0.28414,0.277746,1045
6515,B003WXSDV0,1.449994,0.000254,0.032047,-0.349079,0.182648,240
6516,B003WYKQQO,1.378265,0.000107,0.030463,-0.313278,0.18115,240
6517,B003WYRNYW,1.329325,0.000478,0.029377,-0.170401,0.146291,115
6518,B003X18NPW,1.347955,0.000206,0.029792,-0.318481,0.255324,375
6519,B003X3DEI6,1.589942,0.000265,0.035141,-0.29167,0.161423,85
6520,B003X3S26U,1.27029,0.000185,0.028076,-0.226543,0.158068,240
6521,B003X4G23O,1.306232,0.000166,0.02887,-0.301389,0.187404,297
6522,B003X4I7HS,1.463741,4.5e-05,0.032352,-0.33507,0.203849,254
6523,B003X6EU72,1.153092,-0.000147,0.025486,-0.248147,0.220795,1085
6524,B003X8749Q,1.431034,0.000193,0.031629,-0.331626,0.238705,560
6525,B003X9E236,1.173093,0.000448,0.025924,-0.253134,0.177807,917
6526,B003XFBLVQ,1.195466,0.000229,0.026422,-0.228558,0.265525,568
6527,B003XFKACM,1.268053,0.000119,0.028027,-0.282189,0.16774,286
6528,B003XFKGRG,1.371718,0.000387,0.030316,-0.273364,0.254015,366
6529,B003XGX6ZY,1.33766,5.6e-05,0.029566,-0.274041,0.174694,216
6530,B003XHCTEC,1.182896,0.000176,0.026144,-0.240314,0.195879,732
6531,B003XKQ0T4,1.156602,-0.000235,0.025563,-0.233627,0.243664,847
6532,B003XKW8RM,1.475255,-4.2e-05,0.032607,-0.335038,0.268288,490
6533,B003XKY57S,1.317783,0.00049,0.029122,-0.285667,0.206971,595
6534,B003XLAMVU,1.343371,0.000285,0.02969,-0.290921,0.226722,472
6535,B003XMRDMU,1.36492,0.000404,0.030165,-0.299983,0.213917,256
6536,B003XOY70Y,1.383584,0.000231,0.03058,-0.285791,0.158726,205
6537,B003XQ4K9U,1.387068,9.2e-05,0.030658,-0.32106,0.215785,436
6538,B003XQ7A38,1.235753,0.00017,0.027313,-0.269619,0.224726,793
6539,B003XQD0GE,1.236888,0.000248,0.027337,-0.25988,0.169954,287
6540,B003XRZQ42,1.365076,0.001002,0.030155,-0.289925,0.247356,509
6541,B003XS3JC2,1.347851,0.000611,0.029785,-0.266049,0.231665,370
6542,B003XTMRSS,1.128836,0.000381,0.024947,-0.287193,0.194745,1277
6543,B003XUMQ56,1.308917,0.000398,0.028928,-0.299483,0.275347,462
6544,B003XUMQ7E,1.351265,0.00034,0.029864,-0.33768,0.222822,443
6545,B003XUMQWO,1.390067,0.00087,0.030712,-0.317009,0.25945,536
6546,B003XUOLUO,1.459328,0.000173,0.032254,-0.217723,0.188341,195
6547,B003XUROEY,1.381222,0.000264,0.030527,-0.27941,0.271701,576
6548,B003XUROHQ,1.402227,0.000982,0.030977,-0.29783,0.253538,487
6549,B003XW1EZM,1.374705,0.000403,0.030382,-0.326227,0.22756,318
6550,B003XWG880,1.361869,0.000898,0.030087,-0.303312,0.204961,418
6551,B003Y04OK0,1.325174,0.000133,0.029289,-0.305491,0.258657,1465
6552,B003Y3TX6M,1.337851,-0.000138,0.02957,-0.227342,0.161736,265
6553,B003Y55NXM,1.338907,0.000665,0.029586,-0.331424,0.2032,483
6554,B003Y57G7I,1.418385,7.3e-05,0.03135,-0.354765,0.228541,433
6555,B003Y58F14,1.422926,0.000137,0.03145,-0.251685,0.184104,127
6556,B003Y5CFRO,1.31051,0.00017,0.028965,-0.274489,0.176193,238
6557,B003Y5FHAQ,1.296164,0.000592,0.028642,-0.245444,0.166519,289
6558,B003Y5XDNO,1.451706,0.000188,0.032086,-0.294554,0.191741,205
6559,B003Y5XIT8,1.476547,0.000392,0.032633,-0.305416,0.209341,217
6560,B003Y6135S,1.317641,0.000485,0.029119,-0.309833,0.281373,718
6561,B003Y686VC,1.340962,-0.00033,0.029637,-0.294427,0.269447,461
6562,B003Y69DJG,1.396671,0.000292,0.030868,-0.323866,0.250676,383
6563,B003YBP0N4,1.189566,-0.000114,0.026292,-0.250881,0.186601,803
6564,B003YC4FQ6,1.473275,0.001138,0.032543,-0.30203,0.202959,203
6565,B003YC6GKO,1.204844,0.000602,0.026623,-0.285104,0.236255,819
6566,B003YCAQDC,1.142502,0.000418,0.025249,-0.237339,0.24663,909
6567,B003YCCLIA,1.117223,8.4e-05,0.024693,-0.239885,0.205473,2868
6568,B003YCF47U,1.25681,0.000593,0.027772,-0.291055,0.241372,2071
6569,B003YCH1G2,1.341143,0.000605,0.029636,-0.309623,0.223067,2078
6570,B003YD9HWM,1.28172,0.000152,0.028329,-0.244874,0.26644,1408
6571,B003YDOL3M,1.408789,0.000695,0.03113,-0.321875,0.252811,458
6572,B003YDZON8,1.332991,0.000215,0.029462,-0.269159,0.173339,160
6573,B003YELGF2,1.312262,-0.000328,0.029002,-0.316884,0.19015,355
6574,B003YEWHH8,1.284458,0.00022,0.028389,-0.240688,0.228535,1746
6575,B003YFLI04,1.442958,0.000417,0.03189,-0.36156,0.21469,343
6576,B003YIMJRW,1.37679,-0.000144,0.03043,-0.289021,0.194604,188
6577,B003YJ6I78,1.175938,-0.000128,0.025991,-0.290191,0.217762,528
6578,B003YJ9YBU,1.283012,0.000429,0.028354,-0.304993,0.287067,893
6579,B003YJKOI2,1.53259,-1.1e-05,0.033874,-0.341522,0.248912,251
6580,B003YM5RA4,1.348606,-1.3e-05,0.029808,-0.293938,0.235791,415
6581,B003YNB752,1.330544,0.000638,0.029401,-0.20458,0.172773,122
6582,B003YNIK4S,1.551672,0.000579,0.034291,-0.240409,0.206135,135
6583,B003YQIHK2,1.282361,0.000459,0.02834,-0.261837,0.250671,775
6584,B003YTMG5Q,1.542018,0.000395,0.03408,-0.464105,0.395929,1355
6585,B003YUDRNK,1.22826,0.000793,0.027136,-0.240871,0.197138,367
6586,B003YW5HF4,1.162759,-0.000157,0.025699,-0.275685,0.209661,688
6587,B003Z4MCJA,1.276383,0.000171,0.028211,-0.280365,0.186068,1102
6588,B003Z4OD24,1.328876,0.000418,0.029368,-0.274984,0.228165,1146
6589,B003Z4QGRE,1.371939,0.000625,0.030317,-0.278428,0.193619,268
6590,B003Z4QHP0,1.224608,-3.5e-05,0.027067,-0.281584,0.213376,1124
6591,B003Z4SGJA,1.221218,0.000198,0.026991,-0.248596,0.203935,1101
6592,B003Z4SH9E,1.392172,0.000187,0.03077,-0.28385,0.277655,1102
6593,B003Z4UJX6,1.420376,1e-04,0.031394,-0.354471,0.243919,340
6594,B003Z4UKGM,1.309219,0.000497,0.028933,-0.294516,0.284835,1097
6595,B003Z6RFP4,1.529971,3.6e-05,0.033816,-0.270656,0.200251,217
6596,B003Z922MC,1.278199,-0.000163,0.028251,-0.29272,0.186146,240
6597,B003ZBK8EO,1.297827,0.000207,0.028684,-0.311172,0.203578,427
6598,B003ZBL820,1.350928,0.000274,0.029858,-0.301528,0.270537,542
6599,B003ZC31BK,1.415496,0.000851,0.031274,-0.286636,0.225883,257
6600,B003ZG0J5W,1.43602,0.000324,0.031738,-0.283852,0.236039,274
6601,B003ZI01RG,1.479686,0.000333,0.032703,-0.31756,0.277196,491
6602,B003ZJGPPW,1.347246,0.000848,0.029765,-0.255566,0.284889,489
6603,B003ZK7SNE,1.312315,2.1e-05,0.029005,-0.30618,0.198635,460
6604,B003ZS1O7W,1.337777,0.000466,0.029565,-0.281062,0.252762,603
6605,B003ZS4WJY,1.358021,0.000482,0.030012,-0.288983,0.257114,615
6606,B003ZS6OJK,1.342999,0.000542,0.029679,-0.294171,0.253725,613
6607,B003ZS6OJU,1.324555,0.000834,0.029264,-0.243844,0.193706,325
6608,B003ZS6ONQ,1.339614,0.000429,0.029606,-0.281914,0.252171,603
6609,B003ZS8MMW,1.253118,0.000545,0.027692,-0.260151,0.207918,615
6610,B003ZS8MNG,1.341614,0.000442,0.02965,-0.282138,0.253225,603
6611,B003ZS928U,1.20633,0.000551,0.026657,-0.306168,0.257224,1027
6612,B003ZTVDBS,1.593499,0.000459,0.035217,-0.234604,0.186442,90
6613,B003ZUOCN8,1.436814,0.000608,0.031751,-0.321578,0.300914,516
6614,B003ZUTWVU,1.088252,0.000714,0.024042,-0.237485,0.180986,871
6615,B003ZUZCDC,1.450589,0.000607,0.032056,-0.339219,0.292063,519
6616,B003ZUZDD6,1.455854,0.000652,0.032171,-0.339807,0.29612,516
6617,B003ZVV8WK,1.419623,-0.000152,0.031377,-0.305601,0.231128,366
6618,B003ZVYQRY,1.21669,-5.1e-05,0.026892,-0.231444,0.184286,352
6619,B003ZW2M5Q,1.34564,0.000557,0.029737,-0.285876,0.234162,343
6620,B003ZWEW1S,1.304117,0.000232,0.028823,-0.344229,0.234705,640
6621,B003ZWX6TM,1.604448,0.000217,0.035462,-0.326199,0.22837,214
6622,B003ZWXCBE,1.675544,0.000868,0.037024,-0.270515,0.257373,105
6623,B003ZX32ZO,1.368503,0.000402,0.030245,-0.292625,0.225028,1853
6624,B003ZX4988,1.609167,0.000267,0.035566,-0.325339,0.226848,214
6625,B003ZYKUYY,1.363536,-0.000183,0.030137,-0.297719,0.224942,306
6626,B003ZYL2DW,1.514372,0.000271,0.03347,-0.269342,0.209972,131
6627,B003ZYM7EA,1.513458,9.5e-05,0.033451,-0.272903,0.20338,136
6628,B003ZYM8CQ,1.454015,-0.000245,0.032136,-0.258754,0.171647,129
6629,B003ZZOUYY,1.466652,0.000139,0.032416,-0.396561,0.237192,520
6630,B003ZZPLGA,1.246501,-0.000286,0.027549,-0.29016,0.260125,830
6631,B003ZZQ2JA,1.264298,0.00064,0.027937,-0.22864,0.196441,393
6632,B00400B7RQ,1.269199,0.000436,0.028049,-0.285373,0.283116,605
6633,B004016SXI,1.466039,-0.000337,0.032401,-0.299532,0.232425,340
6634,B00401PYJM,1.362296,5e-06,0.03011,-0.327597,0.286474,1668
6635,B00406FZUU,1.402472,0.000331,0.030996,-0.312852,0.269086,390
6636,B00406ZI3E,1.286795,-4.5e-05,0.028441,-0.316564,0.173515,241
6637,B004076PYE,1.443413,0.00081,0.031893,-0.307988,0.216102,240
6638,B0040B821Y,1.354794,0.001607,0.029901,-0.250172,0.194573,305
6639,B0040BK082,1.212108,0.000634,0.026783,-0.311216,0.249265,1382
6640,B0040H00PE,1.62521,0.000453,0.035918,-0.277078,0.234499,120
6641,B0040HH41W,1.302573,0.000316,0.028788,-0.270538,0.181892,187
6642,B0040I2B3W,1.133838,-5.5e-05,0.025061,-0.232145,0.2051,573
6643,B0040PDKPI,1.481577,-0.000142,0.032746,-0.252368,0.160983,111
6644,B0040QC9YK,1.488134,0.000154,0.032891,-0.275485,0.182153,150
6645,B0040QG46E,1.387397,9.6e-05,0.030665,-0.303881,0.247032,465
6646,B0040QZU64,1.377065,0.000665,0.030429,-0.316466,0.237017,261
6647,B0040U4BEC,1.51442,0.000944,0.033459,-0.360658,0.206028,410
6648,B0040YRFAK,1.198524,0.000314,0.026489,-0.284041,0.260429,619
6649,B0040ZG3MK,1.311549,0.000642,0.028981,-0.271992,0.208195,1096
6650,B0040ZU4ZW,1.280132,0.000138,0.028294,-0.289905,0.194517,238
6651,B00411B4CC,1.405006,0.000308,0.031053,-0.31287,0.248685,354
6652,B00413BIMG,1.288425,0.000174,0.028477,-0.380359,0.24422,1992
6653,B00418ZRKU,1.325605,0.000226,0.029298,-0.317225,0.197523,412
6654,B0041ERPPE,1.448268,0.000273,0.032009,-0.242202,0.178847,119
6655,B0041FDD2C,1.186995,0.001025,0.026215,-0.252967,0.234538,1839
6656,B0041FXETY,1.494494,0.000522,0.033028,-0.340903,0.318346,417
6657,B0041JIANA,1.370249,0.000109,0.030286,-0.321728,0.29072,1023
6658,B0041K91FK,1.214303,-6.9e-05,0.026839,-0.245853,0.195175,343
6659,B0041KLRYS,1.333258,0.000525,0.029464,-0.212327,0.148293,124
6660,B0041OUGF0,1.300491,0.000796,0.028733,-0.192639,0.141275,138
6661,B0041OXTCW,1.57268,-0.000256,0.034759,-0.308274,0.194456,134
6662,B0041P4XTE,1.309106,0.000612,0.028928,-0.287949,0.201083,411
6663,B0041P9E7A,1.654258,-0.000615,0.036558,-0.317153,0.212297,125
6664,B0041P9J8Y,1.48629,0.000581,0.032846,-0.250247,0.16578,123
6665,B0041PFUV4,1.576604,0.000399,0.034845,-0.300429,0.17974,133
6666,B0041PFZZK,1.465582,0.000338,0.032391,-0.305445,0.192737,167
6667,B0041QVYS6,1.261541,0.000727,0.027874,-0.245552,0.254006,551
6668,B0041QZOF0,1.454238,0.000362,0.03214,-0.342366,0.215927,215
6669,B0041R15AC,1.356492,0.000593,0.029976,-0.287431,0.271225,607
6670,B0041R7C4A,1.279424,0.000262,0.028277,-0.289741,0.18328,296
6671,B0041SETV8,1.425617,0.001261,0.031484,-0.3102,0.183841,211
6672,B0041T9F5C,1.439828,0.000706,0.031816,-0.327318,0.228585,219
6673,B0041TFL8M,1.357459,-0.000583,0.029998,-0.282189,0.177165,200
6674,B0041TXR1A,1.504447,-3.4e-05,0.033252,-0.377123,0.220313,257
6675,B0041W9S4W,1.400785,0.00059,0.030955,-0.331377,0.295908,459
6676,B0041YMUMM,1.301685,0.000153,0.02877,-0.292983,0.205746,488
6677,B00420M64W,1.474986,0.000749,0.032592,-0.322886,0.176025,157
6678,B004220C6E,1.409455,0.000425,0.03115,-0.268153,0.180405,208
6679,B00423J2KU,1.261143,0.000334,0.027872,-0.273214,0.188721,629
6680,B004243WRS,1.413906,-0.000376,0.031249,-0.274681,0.227705,436
6681,B00427WJVK,1.11783,0.000507,0.024702,-0.234831,0.232366,676
6682,B00428DLCK,1.338057,3.7e-05,0.029574,-0.331118,0.20401,489
6683,B00428EJXU,1.132385,0.000195,0.025028,-0.236122,0.20378,887
6684,B00429BV3K,1.293196,0.000664,0.028575,-0.286649,0.190076,476
6685,B00429DO0I,1.37075,0.000768,0.030287,-0.28376,0.251815,497
6686,B00429O3EY,1.454507,0.000548,0.032144,-0.347977,0.168674,195
6687,B00429S19C,1.460949,0.001312,0.032264,-0.258897,0.186136,151
6688,B0042C0AG6,1.438765,0.000981,0.031785,-0.23445,0.230221,202
6689,B0042GH78G,1.444187,0.000386,0.031918,-0.336957,0.224962,435
6690,B0042I19QU,1.331253,0.000472,0.02942,-0.274948,0.184508,231
6691,B0042KWIBI,1.326974,0.000234,0.029328,-0.286447,0.212159,338
6692,B0042KWMHS,1.526708,-9e-06,0.033744,-0.312896,0.232789,222
6693,B0042L07YM,1.498606,-0.000239,0.033122,-0.349384,0.252411,314
6694,B0042L09HC,1.330975,-0.000453,0.029414,-0.32955,0.209078,375
6695,B0042L0CUQ,1.353858,4.3e-05,0.029924,-0.304025,0.209905,305
6696,B0042L1S8G,1.367114,-0.000377,0.030214,-0.254383,0.176486,220
6697,B0042L1XJK,1.338595,0.000114,0.029586,-0.321125,0.224293,464
6698,B0042NQZF0,1.447392,0.000273,0.03199,-0.298269,0.194902,203
6699,B0042P99WY,1.219411,8.7e-05,0.026952,-0.274844,0.22912,560
6700,B0042PE8LQ,1.363193,0.00011,0.03013,-0.334978,0.229772,455
6701,B0042PEBMM,1.228647,0.000315,0.027154,-0.274323,0.206881,456
6702,B0042SHWXY,1.351083,0.000711,0.029854,-0.285276,0.229347,324
6703,B0042SX6RA,1.136185,-4.1e-05,0.025112,-0.265867,0.236851,1236
6704,B0042SXYUY,1.331775,0.00052,0.029431,-0.279822,0.222691,1994
6705,B0042UDBFK,1.286765,0.000381,0.028438,-0.283553,0.204135,449
6706,B0042WIHNY,1.334105,0.000242,0.029486,-0.250198,0.222536,258
6707,B0042WJDOQ,1.368076,-3e-06,0.030238,-0.287774,0.202995,311
6708,B0042X83UA,1.396874,0.000338,0.030873,-0.330916,0.218408,435
6709,B0042XTB5G,1.451366,0.000574,0.032074,-0.308874,0.248732,290
6710,B0042ZB70Q,1.532207,0.00049,0.033862,-0.240504,0.197734,156
6711,B00433BVR6,1.259993,0.000139,0.027849,-0.253969,0.186203,246
6712,B00433FU64,1.246212,0.000693,0.027536,-0.321823,0.305975,1402
6713,B00433P91A,1.418661,0.000157,0.031356,-0.315258,0.194345,347
6714,B00433VGVW,1.344609,0.000529,0.029714,-0.292803,0.200885,352
6715,B0043494XS,1.339806,0.000534,0.029608,-0.340219,0.270931,488
6716,B004367X70,1.598342,0.00055,0.035323,-0.30243,0.198281,178
6717,B0043BUW78,1.505843,7.5e-05,0.033283,-0.371758,0.268162,594
6718,B0043BWJN8,1.299635,-0.000351,0.028723,-0.271167,0.226661,426
6719,B0043D4FPQ,1.416423,6.6e-05,0.031306,-0.304087,0.252038,422
6720,B0043IX95I,1.356538,0.000529,0.029978,-0.249634,0.259918,511
6721,B0043KX2AS,1.397407,0.00015,0.030886,-0.346082,0.216216,461
6722,B0043OSHUY,1.626485,0.000704,0.035942,-0.316777,0.205041,109
6723,B0043OSIVM,1.302964,-6e-06,0.028799,-0.222957,0.149948,146
6724,B0043OSKZG,1.514708,0.000337,0.033477,-0.25531,0.15799,99
6725,B0043OWJG2,1.24564,0.000615,0.027525,-0.286145,0.2687,1050
6726,B0043OYFKU,1.572107,-0.000171,0.034747,-0.30681,0.179942,120
6727,B0043P0J5O,1.328394,1.3e-05,0.029361,-0.228923,0.162623,150
6728,B0043SIQNI,1.470334,0.00125,0.032474,-0.242719,0.226093,144
6729,B0043SM4CM,1.4177,0.000943,0.031321,-0.254105,0.211503,154
6730,B0043TR2JQ,1.18404,-2.4e-05,0.02617,-0.247682,0.169396,652
6731,B0043TRC28,1.456793,0.000302,0.032197,-0.348399,0.313258,505
6732,B0043TURKC,1.547323,0.000479,0.034196,-0.257016,0.190702,86
6733,B0043TUSME,1.523879,0.001113,0.033663,-0.336451,0.388116,455
6734,B0043TUVNU,1.527017,0.001278,0.033727,-0.335716,0.38167,460
6735,B0043TWOUI,1.526317,0.001033,0.03372,-0.347301,0.384322,462
6736,B0043ZJQSA,1.271151,-0.00037,0.028093,-0.271447,0.229383,404
6737,B00440AMNM,1.398436,1.9e-05,0.030909,-0.355517,0.258441,506
6738,B00443XOTS,1.430088,0.000401,0.031606,-0.251817,0.141514,124
6739,B004442TA2,1.210288,0.000925,0.026734,-0.290891,0.189213,1558
6740,B00445PBX8,1.25076,0.001321,0.027613,-0.293917,0.254444,541
6741,B00447EWNG,1.295448,0.000753,0.028623,-0.252621,0.263435,516
6742,B00449Q6I8,1.200623,0.000384,0.026534,-0.248534,0.243611,915
6743,B00449W12S,1.586931,-0.000494,0.035072,-0.383102,0.267039,493
6744,B0044CZX1G,1.320646,0.000104,0.029189,-0.29845,0.301396,507
6745,B0044QDX2S,1.38631,0.000342,0.030639,-0.267326,0.23617,271
6746,B0044SH66U,1.31926,0.000152,0.029159,-0.276273,0.177101,240
6747,B0044TIOVK,1.248689,0.000188,0.027598,-0.294634,0.211987,585
6748,B0044TIOYW,1.278749,-5.9e-05,0.028263,-0.297016,0.26686,565
6749,B0044TIP0K,1.239959,2.1e-05,0.027406,-0.26255,0.219476,592
6750,B0044TNORO,1.220018,3.5e-05,0.026965,-0.261352,0.225772,603
6751,B0044UGH54,1.328062,8e-05,0.029353,-0.284527,0.260564,450
6752,B0044XXO84,1.452312,0.000796,0.03209,-0.284135,0.173544,111
6753,B00450MNBU,1.320435,2.3e-05,0.029185,-0.324595,0.297776,1216
6754,B004510MT4,1.476848,0.000522,0.032638,-0.277547,0.214533,163
6755,B004510NLQ,1.435911,0.000445,0.031734,-0.310899,0.206193,205
6756,B004530AB2,1.122103,-7.3e-05,0.024801,-0.197242,0.191875,601
6757,B00456RP12,1.449279,0.000184,0.032032,-0.300742,0.201251,185
6758,B00458EG4O,1.47261,1e-06,0.032548,-0.325044,0.199494,341
6759,B00458IC58,1.450009,-0.000545,0.032044,-0.31997,0.150776,180
6760,B00459ZRRS,1.190734,0.000511,0.026313,-0.245545,0.244476,1065
6761,B0045EAMXW,1.613431,0.000612,0.035656,-0.293705,0.208038,106
6762,B0045F6A64,1.426874,0.001284,0.031511,-0.26168,0.229127,273
6763,B0045H1JXQ,1.202421,0.000542,0.026571,-0.25459,0.277177,629
6764,B0045H31AU,1.165811,0.000155,0.025767,-0.238222,0.270768,589
6765,B0045H31M8,1.283446,0.000589,0.028361,-0.277702,0.305022,600
6766,B0045H853S,1.188859,0.000118,0.026276,-0.235399,0.276454,596
6767,B0045H854W,1.307732,0.000151,0.028904,-0.286774,0.330943,730
6768,B0045HWN22,1.242444,0.000135,0.027461,-0.299486,0.316404,647
6769,B0045HYPIM,1.211451,0.000757,0.026765,-0.239892,0.24152,558
6770,B0045JAPYI,1.341391,0.00011,0.029648,-0.26632,0.229184,489
6771,B0045K1N8E,1.348796,0.000112,0.029812,-0.270203,0.251,475
6772,B0045KF6RI,1.41006,-0.00016,0.031165,-0.357735,0.251314,178
6773,B0045M2SZY,1.59883,0.000685,0.035331,-0.301883,0.214783,107
6774,B0045OR410,1.449179,0.000102,0.03203,-0.265808,0.180083,180
6775,B0045S0HXI,1.335262,0.000105,0.029512,-0.324839,0.215987,1510
6776,B0045SU05I,1.548092,0.000758,0.034208,-0.327488,0.212398,227
6777,B0045SU5ZI,1.556669,0.0016,0.034369,-0.229685,0.190057,175
6778,B0045U701S,1.332703,0.000181,0.029455,-0.302252,0.304007,643
6779,B0045U707M,1.476646,0.000495,0.032634,-0.312642,0.27844,437
6780,B0045V0JMO,1.401725,0.000218,0.030981,-0.270955,0.186639,242
6781,B0045VJPT2,1.817908,0.000189,0.04018,-0.460733,0.327772,453
6782,B0045VPQ2M,1.253515,-0.00072,0.027696,-0.329336,0.218995,1453
6783,B0045W22SW,1.319055,0.000813,0.029143,-0.247098,0.184103,314
6784,B0045W2UXO,1.403862,0.000119,0.031029,-0.319732,0.176231,223
6785,B0045W4X16,1.335102,0.00119,0.029485,-0.253564,0.179131,315
6786,B0045W9Y56,1.32944,-7.8e-05,0.029384,-0.300577,0.199797,302
6787,B0045WBFAI,1.309113,-0.000137,0.028934,-0.294548,0.185918,280
6788,B0045WDQFA,1.147827,4.3e-05,0.02537,-0.240011,0.20484,1444
6789,B0045WFN56,1.313231,0.000103,0.029025,-0.30112,0.239551,441
6790,B0045YVW0E,1.369437,0.000285,0.030267,-0.287905,0.270359,487
6791,B004600K00,1.458871,0.000417,0.032242,-0.268574,0.183468,104
6792,B00464EC1E,1.31537,0.000836,0.029061,-0.290419,0.202059,498
6793,B004667U2A,1.305066,0.000765,0.028835,-0.227232,0.172299,220
6794,B004667UHA,1.311362,0.000972,0.028968,-0.230504,0.177867,218
6795,B004669J24,1.311504,0.000835,0.028975,-0.222544,0.176049,235
6796,B00466RIH2,1.177657,0.000126,0.026029,-0.275503,0.173075,535
6797,B004673A8C,1.266378,0.00066,0.027982,-0.308392,0.208565,2077
6798,B004673HQC,1.217406,0.000478,0.026903,-0.248721,0.22608,1005
6799,B0046753EG,1.398004,0.00065,0.030892,-0.297481,0.267721,404
6800,B004675BIE,1.399908,0.000779,0.030932,-0.273906,0.30658,307
6801,B004675EI6,1.471632,0.000909,0.032514,-0.31403,0.307396,514
6802,B004675GL6,1.288944,0.00078,0.028478,-0.27546,0.226468,464
6803,B0046771N2,1.320164,0.000452,0.029175,-0.292204,0.212154,344
6804,B0046797WK,1.307688,0.000835,0.028891,-0.267602,0.22753,462
6805,B004679GB2,1.379891,0.000489,0.030495,-0.283412,0.258107,404
6806,B00467AXL4,1.371613,0.000483,0.030312,-0.263261,0.233638,441
6807,B00468KRH8,1.446099,0.00063,0.031956,-0.275782,0.271829,318
6808,B00469CIMO,1.334319,8.6e-05,0.029492,-0.263559,0.229017,482
6809,B0046BTAI2,1.505484,0.001121,0.033256,-0.343035,0.208442,171
6810,B0046D754G,1.471669,-0.00035,0.032526,-0.314284,0.196599,200
6811,B0046DZQDS,1.471404,1.2e-05,0.032522,-0.314558,0.300425,563
6812,B0046EBOFG,1.254514,0.000772,0.027717,-0.295365,0.301718,741
6813,B0046HIP1Y,1.168342,0.000112,0.025823,-0.222439,0.206289,700
6814,B0046HLPNY,1.256068,0.000317,0.02776,-0.288146,0.249207,1705
6815,B0046KFZC8,1.35303,0.000116,0.029905,-0.304406,0.194991,417
6816,B0046KG18A,1.352331,0.000176,0.029889,-0.278033,0.27778,359
6817,B0046KG8DS,1.319766,0.000191,0.029169,-0.261197,0.176659,317
6818,B0046KJ16Y,1.238187,-2e-05,0.027367,-0.257906,0.21995,575
6819,B0046KN6FG,1.334302,-3.8e-05,0.029491,-0.258964,0.193756,321
6820,B0046MDK32,1.197172,-0.000109,0.02646,-0.270409,0.196043,932
6821,B0046MGLC4,1.27705,0.000313,0.028224,-0.267161,0.237508,639
6822,B0046MI3SO,1.350637,8.2e-05,0.029852,-0.299741,0.248186,684
6823,B0046MK34G,1.509014,0.000313,0.033351,-0.348431,0.273617,420
6824,B0046MK6ZW,1.297154,0.00034,0.028668,-0.257992,0.25472,805
6825,B0046MLZLG,1.373862,0.000337,0.030364,-0.28765,0.228084,301
6826,B0046MLZWU,1.30527,0.000141,0.028849,-0.287969,0.248356,691
6827,B0046MMCFY,1.354923,0.000519,0.029943,-0.267174,0.175365,154
6828,B0046MPZ4E,1.272126,0.000519,0.028112,-0.243694,0.247952,465
6829,B0046MZNH8,1.274177,0.000559,0.028157,-0.269149,0.288582,1181
6830,B0046NPH0K,1.218934,0.000324,0.02694,-0.29494,0.236428,842
6831,B0046OFO3Y,1.34855,0.000507,0.029802,-0.313909,0.225005,318
6832,B0046UCYA4,1.263407,-9.4e-05,0.027924,-0.25591,0.212887,612
6833,B0046UCZ2G,1.423428,-9.7e-05,0.031461,-0.33481,0.256554,445
6834,B0046V52A2,1.503393,5.7e-05,0.033229,-0.323083,0.283857,407
6835,B0046VC8KO,1.453679,0.000626,0.032124,-0.316441,0.252521,311
6836,B0046VEREY,1.459976,0.000693,0.032262,-0.317734,0.256482,311
6837,B0046VESH0,1.38002,0.000648,0.030495,-0.278135,0.259239,396
6838,B0046VESSE,1.421947,0.000757,0.031419,-0.302953,0.260972,334
6839,B0046VGIRI,1.473474,0.000835,0.032557,-0.322249,0.310875,511
6840,B0046VGPHQ,1.22846,0.000363,0.02715,-0.265206,0.217206,804
6841,B0046VIGPU,1.473264,0.000868,0.032551,-0.322536,0.311028,511
6842,B0046VJU2I,1.294197,0.000651,0.028598,-0.295038,0.226835,450
6843,B0046ZHQAW,1.263143,-0.000104,0.027918,-0.281053,0.227502,653
6844,B0046ZOWJU,1.460973,0.000334,0.032289,-0.334835,0.219245,318
6845,B004756YJA,1.600947,0.00076,0.035377,-0.310961,0.215652,110
6846,B00478RILK,1.513991,0.000331,0.033461,-0.3172,0.225395,148
6847,B00478VG9U,1.578114,0.000315,0.034879,-0.315712,0.200164,139
6848,B004799QZA,1.292335,0.00043,0.028561,-0.246896,0.206812,389
6849,B00479DRFA,1.305318,0.000815,0.028839,-0.247668,0.288097,1161
6850,B00479FP4Q,1.242746,0.00033,0.027466,-0.236466,0.261784,929
6851,B00479L6F8,1.292033,0.000148,0.028557,-0.27411,0.221499,408
6852,B00479VTG4,1.379081,0.000628,0.030475,-0.323713,0.241593,436
6853,B0047AKVW6,1.185387,5.8e-05,0.0262,-0.284904,0.206388,694
6854,B0047ARSKE,1.373897,-0.000117,0.030366,-0.301325,0.186401,185
6855,B0047DK2RW,1.447081,0.000589,0.031979,-0.29202,0.216542,230
6856,B0047DLDX4,1.349192,9.1e-05,0.02982,-0.284004,0.236123,345
6857,B0047ELN2O,1.539614,0.000433,0.034027,-0.293747,0.184603,173
6858,B0047ELPNQ,1.338642,0.000835,0.029576,-0.298623,0.293643,464
6859,B0047ELRO8,1.33863,0.000198,0.029586,-0.267851,0.304801,543
6860,B0047ENN7M,1.352812,0.000184,0.0299,-0.284506,0.295122,556
6861,B0047ENQFQ,1.35884,0.000442,0.03003,-0.32666,0.286076,666
6862,B0047EPNZC,1.360546,0.00051,0.030067,-0.325837,0.290344,669
6863,B0047EPOZ6,1.362623,0.000482,0.030114,-0.325218,0.281869,658
6864,B0047ETODO,1.299372,0.000376,0.028717,-0.28634,0.258818,692
6865,B0047ETXD0,1.329292,0.000167,0.02938,-0.322499,0.221243,520
6866,B0047F708O,1.295405,0.000707,0.028623,-0.273849,0.257249,481
6867,B0047F70B6,1.304343,0.00028,0.028828,-0.279292,0.262202,456
6868,B0047F71SS,1.319777,0.000388,0.029168,-0.284403,0.273252,543
6869,B0047F9622,1.461564,0.000704,0.032297,-0.350085,0.274126,1285
6870,B0047F9820,1.248824,7.5e-05,0.027602,-0.260571,0.300629,1061
6871,B0047HGD4E,1.390422,0.000621,0.030725,-0.32808,0.241668,418
6872,B0047LL4P8,1.275635,0.000153,0.028194,-0.246559,0.207935,259
6873,B0047PPCAW,1.200751,0.000289,0.026538,-0.266851,0.216218,1313
6874,B0047PPO0U,1.440095,0.001001,0.031814,-0.304474,0.243915,266
6875,B0047PSV14,1.432268,0.000344,0.031655,-0.31751,0.192851,179
6876,B0047SBPSW,1.205734,0.000394,0.026647,-0.283056,0.218014,1768
6877,B0047SCT8W,1.063278,0.00057,0.023494,-0.240212,0.173592,2083
6878,B0047SHKJ0,1.166023,0.000597,0.025765,-0.311043,0.193971,1672
6879,B0047TGS5G,1.26034,0.000222,0.027856,-0.287613,0.243262,678
6880,B0047TMDCI,1.121166,7.1e-05,0.02478,-0.244033,0.170317,702
6881,B0047TO1G4,1.116446,0.000188,0.024676,-0.272187,0.235815,1034
6882,B0047W3QBW,1.355419,0.000435,0.029955,-0.286479,0.234665,279
6883,B0047WWDNO,1.673965,0.000239,0.036998,-0.481835,0.228091,873
6884,B0047WX5B8,1.437848,0.000714,0.031772,-0.315695,0.226995,250
6885,B0047WYO1I,1.552893,0.000897,0.034311,-0.340154,0.234682,230
6886,B0047YPMPI,1.286624,9e-06,0.028438,-0.277579,0.257192,542
6887,B0047ZVSSM,1.41233,0.000327,0.031214,-0.323817,0.265454,415
6888,B00480GXTK,1.355312,0.000386,0.029953,-0.289027,0.268076,365
6889,B00480JHWK,1.354008,-0.000193,0.029926,-0.301499,0.2606,652
6890,B004813W5M,1.336267,0.000887,0.029521,-0.303701,0.226174,537
6891,B00481QOTS,1.24697,0.000214,0.02756,-0.284119,0.199723,415
6892,B00483XNQ8,1.173175,0.000336,0.025928,-0.249652,0.280798,846
6893,B00483ZG0O,1.138525,0.000405,0.025161,-0.24575,0.281909,837
6894,B00486YELS,1.409222,-0.000146,0.031147,-0.316522,0.221191,333
6895,B004885USW,1.421321,0.000499,0.031411,-0.336094,0.231967,349
6896,B004887CU6,1.311294,-4.1e-05,0.028983,-0.321297,0.191559,295
6897,B0048CAUTC,1.374099,0.000587,0.030365,-0.290564,0.217197,455
6898,B0048F38DY,1.401427,0.000105,0.030975,-0.347991,0.218338,419
6899,B0048F5ATO,1.329615,0.000127,0.029388,-0.317774,0.194124,315
6900,B0048ICHGK,1.439902,0.000899,0.031813,-0.310038,0.265402,276
6901,B0048ICI3C,1.311101,0.00056,0.028973,-0.307673,0.202223,295
6902,B0048KSGZO,1.346601,0.000582,0.029758,-0.288436,0.205435,262
6903,B0048L3JPU,1.500049,0.000601,0.033149,-0.366562,0.234651,288
6904,B0048NTJ0W,1.579569,-0.000223,0.034912,-0.340942,0.192662,101
6905,B0048O2R1E,1.335282,0.000254,0.029512,-0.331757,0.242891,465
6906,B0048O358S,1.330204,0.00111,0.02938,-0.291776,0.213829,279
6907,B00493YBXG,1.36258,0.000195,0.030116,-0.276646,0.295856,545
6908,B0049424FM,1.450811,0.000726,0.032058,-0.314508,0.318785,458
6909,B0049CERRC,1.195676,-0.000374,0.026425,-0.275132,0.191693,1858
6910,B0049CJKK6,1.242783,0.000209,0.027468,-0.278589,0.203472,2168
6911,B0049CRA2G,1.505146,0.000265,0.033266,-0.319586,0.297306,348
6912,B0049CUIWA,1.350441,0.000465,0.029844,-0.30777,0.2244,322
6913,B0049D54NW,1.481721,0.000204,0.032749,-0.298817,0.204844,177
6914,B0049E7984,1.369008,0.000866,0.030246,-0.226337,0.178189,226
6915,B0049J7P3S,1.208186,0.000729,0.026694,-0.251654,0.217768,475
6916,B0049LRA2C,1.280832,0.000234,0.028309,-0.268644,0.25589,847
6917,B0049MA2NU,1.368083,-0.000118,0.030238,-0.349303,0.260716,524
6918,B0049MA6RC,1.559592,8.5e-05,0.034471,-0.315582,0.191292,181
6919,B0049MFMXK,1.396081,0.000749,0.030848,-0.299645,0.23551,373
6920,B0049O9SUQ,1.403951,0.000934,0.031017,-0.297704,0.193235,160
6921,B0049OLZ84,1.235876,0.000151,0.027316,-0.267192,0.193196,1996
6922,B0049P5ZIY,1.353993,-0.000262,0.029925,-0.26655,0.225914,353
6923,B0049QELEC,1.529739,0.000158,0.033811,-0.275178,0.171631,66
6924,B0049RBZRC,1.257955,0.000838,0.027791,-0.266882,0.236702,484
6925,B0049S5DFG,1.30908,0.000299,0.028932,-0.286201,0.176895,293
6926,B0049VQGL8,1.432891,0.000167,0.03167,-0.287685,0.214935,1290
6927,B0049WJA9C,1.40539,0.000675,0.031055,-0.295253,0.262102,692
6928,B0049ZBQZ0,1.277364,0.000426,0.02823,-0.27318,0.222585,472
6929,B004A7OVBI,1.355649,0.000651,0.029956,-0.288159,0.27928,417
6930,B004A7PAU4,1.378123,0.000204,0.030459,-0.214494,0.151362,105
6931,B004A7T7F8,1.536806,5.9e-05,0.033967,-0.286922,0.201167,118
6932,B004A7VF58,1.471278,0.00047,0.032516,-0.32862,0.263094,281
6933,B004A7VFWG,1.348695,0.00019,0.029809,-0.285718,0.201615,245
6934,B004A7VG70,1.523597,0.000463,0.033672,-0.271251,0.194295,113
6935,B004A8DJS8,1.356289,0.000503,0.029973,-0.223253,0.147333,119
6936,B004A8LFJI,1.357108,0.000513,0.029991,-0.205549,0.136483,117
6937,B004A8Y63A,1.246088,0.000138,0.027541,-0.243261,0.239976,1007
6938,B004A9N77K,1.309529,-0.000144,0.028943,-0.227944,0.174799,143
6939,B004AAM112,1.501579,0.000755,0.03318,-0.258266,0.186617,208
6940,B004ABTM2C,1.412065,9.3e-05,0.03121,-0.215214,0.172739,215
6941,B004ABZ1TU,1.298065,0.000629,0.028684,-0.28338,0.250372,506
6942,B004AC6UMG,1.42941,0.000313,0.031592,-0.344083,0.223003,556
6943,B004AGM47C,1.438511,0.000661,0.031788,-0.303695,0.213468,259
6944,B004AI7NXA,1.219115,0.000193,0.026945,-0.246271,0.255047,906
6945,B004AIAVYS,1.467386,0.000617,0.032427,-0.305946,0.285178,395
6946,B004AIU8H8,1.212666,0.000506,0.026798,-0.337107,0.239107,1763
6947,B004AJ1MN6,1.383187,0.000648,0.030565,-0.284793,0.189902,236
6948,B004AJYOT0,1.501745,0.000542,0.033188,-0.257568,0.184723,201
6949,B004AME6K4,1.410015,-0.000665,0.031158,-0.25464,0.174272,136
6950,B004AO5D0E,1.374371,0.00034,0.030375,-0.302917,0.217371,306
6951,B004APYBJW,1.132855,0.000439,0.025035,-0.257183,0.245632,667
6952,B004ATTGSY,1.486084,0.000142,0.032846,-0.358815,0.233224,402
6953,B004AUA63M,1.396015,0.000627,0.030849,-0.301208,0.234138,386
6954,B004AUEVAG,1.47993,-0.000286,0.032709,-0.288205,0.230096,129
6955,B004AVKP7I,1.43455,0.000218,0.031706,-0.223234,0.184053,214
6956,B004AZKLGE,1.463488,0.001349,0.032319,-0.331235,0.312886,560
6957,B004B0U57S,1.241825,0.000474,0.027443,-0.239577,0.185141,489
6958,B004B0UVHW,1.185128,0.000534,0.026189,-0.264081,0.265241,616
6959,B004B3YC9M,1.422741,0.000519,0.031442,-0.199225,0.196288,163
6960,B004B3Z0PW,1.317468,0.000701,0.029111,-0.2662,0.257116,378
6961,B004B3Z0Q6,1.357346,0.000773,0.029991,-0.286321,0.266087,534
6962,B004B4JSTA,1.450228,0.000345,0.032052,-0.334275,0.211898,341
6963,B004B8T8CS,1.57249,-0.00018,0.034755,-0.304962,0.191496,94
6964,B004B8Y8T6,1.511291,-1.1e-05,0.033403,-0.339893,0.205187,123
6965,B004B9C8MO,1.197672,0.00012,0.026471,-0.272894,0.157793,790
6966,B004BARCP6,1.451834,-0.000381,0.032087,-0.280086,0.219505,178
6967,B004BARCRY,1.485954,-0.000521,0.032839,-0.299159,0.218736,182
6968,B004BC9T9G,1.296428,0.000415,0.028651,-0.288972,0.196458,318
6969,B004BCEFUY,1.476396,0.001204,0.03261,-0.235312,0.161189,126
6970,B004BCT7A2,1.463848,0.000776,0.032345,-0.317115,0.280455,379
6971,B004BCT7B6,1.352586,0.000709,0.029887,-0.26873,0.248794,385
6972,B004BCT7G6,1.424732,9.4e-05,0.03149,-0.328463,0.241425,369
6973,B004BCT860,1.384115,0.000773,0.030583,-0.309168,0.264456,337
6974,B004BCT8JW,1.263561,0.000545,0.027923,-0.272696,0.244579,395
6975,B004BCT8R4,1.354814,0.000833,0.029933,-0.308732,0.268528,495
6976,B004BCT93C,1.305228,0.000652,0.028841,-0.279285,0.22752,370
6977,B004BCT950,1.360215,0.0006,0.030058,-0.303224,0.263887,396
6978,B004BCT9IC,1.34833,0.000782,0.029791,-0.277531,0.253653,429
6979,B004BCTAJA,1.471266,0.000622,0.032513,-0.337331,0.27258,379
6980,B004BCTAYU,1.414489,0.000804,0.031253,-0.273713,0.219022,204
6981,B004BCTB9E,1.36317,0.000958,0.030114,-0.287988,0.273704,381
6982,B004BCTBAS,1.30866,0.000127,0.028924,-0.290653,0.198313,368
6983,B004BCVALG,1.3235,0.000518,0.029248,-0.27415,0.24423,400
6984,B004BCVAOI,1.39045,0.000545,0.030728,-0.315726,0.306329,564
6985,B004BCVCYG,1.337376,0.000395,0.029557,-0.275368,0.212298,324
6986,B004BCVD0O,1.396652,0.001106,0.03085,-0.292818,0.253213,365
6987,B004BCVD4A,1.346847,0.000367,0.029766,-0.285519,0.257355,385
6988,B004BCVEAS,1.530325,0.000512,0.03382,-0.329952,0.300919,369
6989,B004BCVG1U,1.293769,0.000429,0.028592,-0.276438,0.236106,521
6990,B004BCVICC,1.358489,0.000835,0.030014,-0.296267,0.260641,398
6991,B004BCWQIW,1.358455,-0.000161,0.030025,-0.181851,0.157254,200
6992,B004BCX8B6,1.081385,0.000176,0.023901,-0.170236,0.232922,650
6993,B004BCXABO,1.333993,0.000501,0.02948,-0.295233,0.260493,381
6994,B004BCXAH8,1.40664,0.00086,0.031078,-0.31172,0.284556,509
6995,B004BCXAHI,1.394373,0.00102,0.030802,-0.284668,0.246183,360
6996,B004BCXAM8,1.194814,0.000109,0.026408,-0.215584,0.255602,691
6997,B004BCXEF6,1.269177,0.00038,0.028049,-0.265287,0.223161,352
6998,B004BCZ5MQ,1.283504,0.000591,0.028362,-0.263814,0.207687,379
6999,B004BD11DM,1.320658,0.000354,0.029188,-0.28118,0.235072,387
7000,B004BD9152,1.26427,0.000323,0.027942,-0.286612,0.204832,441
7001,B004BE4JS0,1.289264,0.000832,0.028484,-0.282209,0.243687,600
7002,B004BE6DSY,1.233209,0.000925,0.027241,-0.287732,0.211104,590
7003,B004BE6EBU,1.315644,0.00088,0.029066,-0.283692,0.198922,489
7004,B004BEB9SI,1.339805,0.000489,0.029609,-0.330965,0.226997,534
7005,B004BEBBXG,1.374751,0.000841,0.030374,-0.315478,0.208063,489
7006,B004BEBVZ4,1.240879,0.000713,0.027417,-0.254181,0.258355,627
7007,B004BG6B2U,1.477297,0.00048,0.032648,-0.297205,0.200613,195
7008,B004BHAJAE,1.076716,-1.7e-05,0.023798,-0.220752,0.237464,593
7009,B004BIZ69W,1.375028,0.000773,0.030382,-0.276725,0.252214,372
7010,B004BIZBF6,1.314534,0.000925,0.02904,-0.256223,0.203498,279
7011,B004BL0N06,1.326702,0.000961,0.029308,-0.263837,0.27459,1005
7012,B004BL2DHC,1.170262,0.000275,0.025864,-0.233348,0.19218,1991
7013,B004BOS5BM,1.199078,0.000741,0.026492,-0.252689,0.21984,479
7014,B004BOUWD6,1.475282,0.00081,0.032597,-0.227612,0.172908,192
7015,B004BPVF7W,1.27951,0.000584,0.028274,-0.267663,0.15131,276
7016,B004BUDK6G,1.317861,-0.000203,0.029127,-0.302124,0.196749,286
7017,B004BUY1HI,1.466694,-1.6e-05,0.032418,-0.304284,0.241478,308
7018,B004BUY5RY,1.279183,0.000147,0.028273,-0.293133,0.221347,697
7019,B004BVYT2Y,1.293664,-0.000138,0.028593,-0.297254,0.254889,1462
7020,B004BWPQS4,1.266498,0.000176,0.027992,-0.255424,0.245943,504
7021,B004BYNLIO,1.20067,-0.000302,0.026536,-0.274445,0.240606,382
7022,B004BYOE58,1.304551,0.000384,0.028831,-0.279392,0.296986,512
7023,B004BYR12Q,1.539244,9.2e-05,0.034021,-0.313171,0.236946,145
7024,B004BYR13K,1.549181,-0.000109,0.034241,-0.333759,0.201611,152
7025,B004BYSOYK,1.575916,-0.000214,0.034831,-0.330649,0.224612,145
7026,B004BYUQAU,1.200625,-0.000338,0.026535,-0.274858,0.239788,378
7027,B004BYUQG4,1.395325,-0.000455,0.030837,-0.28095,0.18997,134
7028,B004C0SUE2,1.509346,-1.1e-05,0.03336,-0.297195,0.195162,180
7029,B004C1101G,1.458338,0.000672,0.032226,-0.288993,0.181245,141
7030,B004C112DW,1.277939,0.000538,0.02824,-0.256658,0.284418,655
7031,B004C1148K,1.355263,0.000671,0.029947,-0.323973,0.267806,685
7032,B004C1VIPY,1.339354,-0.000151,0.029603,-0.284153,0.18749,305
7033,B004C26RNQ,1.429603,0.000118,0.031598,-0.342347,0.247575,494
7034,B004C36Z5A,1.410418,0.000447,0.031171,-0.31182,0.282585,392
7035,B004C380X0,1.259379,-4.2e-05,0.027835,-0.275639,0.17345,351
7036,B004C4BUGI,1.439213,0.000496,0.031806,-0.353894,0.226203,358
7037,B004C4N4TE,1.257864,0.000176,0.027801,-0.308616,0.238416,1639
7038,B004C4O2QS,1.258879,0.000251,0.027823,-0.312243,0.222717,549
7039,B004C6MSGC,1.57252,0.000915,0.034745,-0.341087,0.242859,168
7040,B004C6ZC5G,1.362354,0.000175,0.030111,-0.391604,0.206775,546
7041,B004C7OISC,1.374199,-2.9e-05,0.030373,-0.321602,0.245561,1024
7042,B004C7U9GW,1.396684,0.00014,0.03087,-0.356256,0.286266,851
7043,B004CASKMO,1.369388,0.000233,0.030266,-0.302326,0.223628,478
7044,B004CCP764,1.243255,0.000678,0.027471,-0.21446,0.167805,296
7045,B004CCU9K8,1.319473,0.000846,0.029151,-0.269027,0.228169,449
7046,B004CDQ73K,1.164746,0.000156,0.025743,-0.303616,0.273777,1595
7047,B004CDV7EY,1.57626,9.7e-05,0.034839,-0.295826,0.195837,125
7048,B004CDWZMC,1.567606,9e-05,0.034648,-0.301914,0.192662,124
7049,B004CEJTOS,1.409395,5.7e-05,0.031151,-0.326571,0.239521,470
7050,B004CG0XIW,1.197804,0.000122,0.026474,-0.290338,0.263936,572
7051,B004CHF8AY,1.34173,0.000285,0.029654,-0.298275,0.208711,404
7052,B004CLPHS8,1.350833,-8.9e-05,0.029857,-0.225356,0.171356,156
7053,B004CNH5FY,1.26049,0.001053,0.02784,-0.240631,0.167944,220
7054,B004CNRDBU,1.288363,0.000102,0.028476,-0.267023,0.271736,998
7055,B004CQ0KOO,1.127815,0.000103,0.024927,-0.203187,0.220225,680
7056,B004CQ710U,1.324043,-0.000315,0.029263,-0.311996,0.274081,656
7057,B004CQR9L6,1.303563,0.000602,0.028806,-0.261344,0.235139,410
7058,B004CQXYYC,1.447911,0.000326,0.032001,-0.246424,0.162205,144
7059,B004CQXZ5U,1.443945,0.000282,0.031914,-0.252625,0.155452,120
7060,B004CQXZCS,1.446621,0.000116,0.031974,-0.328233,0.185877,195
7061,B004CQXZD2,1.327029,0.000307,0.029329,-0.269865,0.182012,243
7062,B004CQXZPA,1.479677,0.000633,0.032698,-0.33132,0.180898,136
7063,B004CR18G2,1.435393,-2.4e-05,0.031726,-0.320838,0.184739,194
7064,B004CR3D4W,1.390832,6.5e-05,0.030741,-0.308277,0.177634,177
7065,B004CSU8IA,1.125577,8.1e-05,0.024878,-0.21562,0.220942,1062
7066,B004CSW1QM,1.313981,0.000636,0.029035,-0.246402,0.195349,158
7067,B004CZ3V8W,1.207447,9e-05,0.026687,-0.265805,0.19848,803
7068,B004CZSVZ0,1.319458,0.000431,0.02916,-0.276323,0.180692,276
7069,B004CZXL9Q,1.447984,0.000419,0.032001,-0.303994,0.208344,301
7070,B004CZXNQ2,1.269807,0.000327,0.028064,-0.266007,0.261906,535
7071,B004D1NSVK,1.412693,0.000658,0.031217,-0.263588,0.172877,134
7072,B004D1NSYW,1.596852,0.000838,0.035284,-0.334927,0.192773,148
7073,B004D247SC,1.323877,8.7e-05,0.029261,-0.262563,0.330213,3462
7074,B004D24818,1.28563,0.000282,0.028414,-0.299224,0.217175,698
7075,B004D248U4,1.277754,0.000562,0.028236,-0.289686,0.243184,3755
7076,B004D248ZE,1.241833,0.000796,0.027436,-0.246254,0.258584,1863
7077,B004D267JO,1.342475,0.000272,0.029671,-0.347353,0.252997,4583
7078,B004D267RG,1.292687,0.000291,0.02857,-0.285069,0.255089,4439
7079,B004D268RA,1.219028,0.001269,0.026914,-0.281145,0.219185,3500
7080,B004D281CK,1.381666,0.00088,0.030526,-0.260961,0.258675,696
7081,B004D2826K,1.42375,0.000678,0.031461,-0.277296,0.201866,295
7082,B004D282AQ,1.33545,0.000111,0.029517,-0.234628,0.18415,151
7083,B004D282LU,1.604256,0.000299,0.035457,-0.304309,0.193903,115
7084,B004D2DPNK,1.236896,0.000549,0.027333,-0.274336,0.252665,488
7085,B004D2DPT4,1.259703,8.9e-05,0.027842,-0.231914,0.289658,3412
7086,B004D2DR0Q,1.368079,0.00062,0.030232,-0.290894,0.237093,472
7087,B004D2DRB0,1.350423,0.000209,0.029847,-0.303725,0.259883,818
7088,B004D58LWW,1.224234,0.000604,0.027052,-0.277721,0.231326,641
7089,B004D7I7CO,1.485699,0.000149,0.032837,-0.254488,0.190562,176
7090,B004D8JQ4G,1.357919,0.000759,0.030004,-0.274282,0.208141,263
7091,B004D8T7F4,1.410443,-0.000152,0.031174,-0.244374,0.174716,192
7092,B004DBPT2G,1.608005,0.000163,0.035541,-0.348107,0.187536,116
7093,B004DBU95I,1.419592,0.000593,0.031371,-0.319094,0.243949,520
7094,B004DBU9QW,1.373411,1.4e-05,0.030356,-0.312985,0.267092,430
7095,B004DBUAGG,1.642001,-0.000125,0.036292,-0.341878,0.192618,99
7096,B004DBUAKM,1.578387,-4.3e-05,0.034886,-0.324607,0.206561,116
7097,B004DBVP8I,1.573898,0.000437,0.034784,-0.266779,0.175251,103
7098,B004DBVQ14,1.521296,-0.000187,0.033624,-0.326012,0.176517,125
7099,B004DBVQ9G,1.630556,0.000474,0.036036,-0.34412,0.196668,136
7100,B004DBXKM2,1.4155,0.000131,0.031286,-0.273092,0.179125,103
7101,B004DBXKWW,1.432227,0.000411,0.031653,-0.332201,0.238603,505
7102,B004DBXLNU,1.647786,-0.00047,0.036417,-0.335589,0.169331,124
7103,B004DBXLO4,1.479195,0.000487,0.03269,-0.339373,0.206258,270
7104,B004DBXLU8,1.603,0.000264,0.035429,-0.3081,0.181277,129
7105,B004DC2PM2,1.415362,0.000599,0.031277,-0.298371,0.241403,448
7106,B004DC3PSA,1.381854,0.000456,0.030539,-0.2679,0.187786,236
7107,B004DC4XA4,1.360626,0.000559,0.030068,-0.280835,0.217,322
7108,B004DEJIA2,1.575968,0.000415,0.03483,-0.28907,0.191736,173
7109,B004DGK4C6,1.297717,0.000171,0.028682,-0.294753,0.216943,292
7110,B004DGKTEO,1.528078,0.001184,0.033754,-0.298674,0.209434,101
7111,B004DGLCFE,1.290571,0.000464,0.028521,-0.294101,0.235039,447
7112,B004DGOMI8,1.679656,0.000968,0.037112,-0.345496,0.214249,126
7113,B004DH1BQI,1.513744,0.000154,0.033457,-0.29945,0.264656,128
7114,B004DHYZU2,1.352194,-1.2e-05,0.029887,-0.308094,0.195078,329
7115,B004DILR1Q,1.430499,0.000638,0.031611,-0.29322,0.166874,170
7116,B004DIUWAI,1.306491,0.001331,0.028846,-0.248839,0.178982,250
7117,B004DIUWU8,1.365708,0.000431,0.030182,-0.275762,0.207785,308
7118,B004DIUWY4,1.380303,0.001079,0.030489,-0.298433,0.26833,458
7119,B004DIUX16,1.3765,0.001059,0.030406,-0.301375,0.263016,450
7120,B004DIXYUI,1.275698,0.001019,0.028178,-0.226837,0.245329,477
7121,B004DIXYWG,1.269051,0.000647,0.028042,-0.262827,0.244394,391
7122,B004DIZZ46,1.352344,0.00094,0.029875,-0.321158,0.226926,484
7123,B004DIZZH8,1.2569,0.000672,0.027772,-0.238796,0.223713,349
7124,B004DJUCBQ,1.42864,0.000837,0.031565,-0.296716,0.20747,233
7125,B004DJUHMA,1.391142,0.000864,0.030736,-0.290179,0.220531,271
7126,B004DJVWDS,1.146909,-6.5e-05,0.025349,-0.236198,0.198925,1276
7127,B004DJWDN6,1.339142,-8.4e-05,0.029598,-0.283697,0.214995,423
7128,B004DK0CCE,1.523516,0.000857,0.033663,-0.36782,0.325436,410
7129,B004DK0UDA,1.230643,0.00017,0.0272,-0.293922,0.186953,661
7130,B004DK46XK,1.41477,0.000496,0.031266,-0.307763,0.26099,388
7131,B004DK4CH0,1.41949,-0.000375,0.031372,-0.352339,0.246118,421
7132,B004DK4CIO,1.37118,-2.7e-05,0.030306,-0.292142,0.245176,272
7133,B004DK5CCY,1.395089,1.9e-05,0.030835,-0.317019,0.225625,303
7134,B004DK7DVC,1.359943,0.000866,0.030046,-0.297939,0.187111,484
7135,B004DK8TNS,1.303531,0.000436,0.028808,-0.284682,0.223862,483
7136,B004DK8W6M,1.336695,0.000591,0.029538,-0.274115,0.235907,327
7137,B004DKAYUE,1.439776,0.000417,0.03182,-0.272241,0.180119,247
7138,B004DKMJ7A,1.417824,0.000497,0.031333,-0.305846,0.236803,285
7139,B004DM595C,1.179252,0.000539,0.026059,-0.262904,0.265005,702
7140,B004DMEXQS,1.539298,0.000532,0.034018,-0.33192,0.209113,148
7141,B004DN8F4S,1.146799,0.000253,0.025346,-0.243617,0.255503,578
7142,B004DN8F7K,1.149069,0.000242,0.025396,-0.243022,0.254165,578
7143,B004DP7DPI,1.209707,0.00045,0.026734,-0.2612,0.199829,627
7144,B004DQ2KD2,1.218146,0.000217,0.026923,-0.237826,0.171652,241
7145,B004DQWIIO,1.363331,0.000831,0.030122,-0.306459,0.187218,311
7146,B004DTM8VI,1.252402,0.000404,0.027678,-0.256823,0.187832,1161
7147,B004DXN0J8,1.296726,-0.000326,0.028659,-0.256164,0.201608,373
7148,B004E2UO74,1.585738,0.000467,0.035046,-0.254917,0.201257,124
7149,B004E6IIE6,1.35769,0.000199,0.030008,-0.329978,0.270008,621
7150,B004E79EQQ,1.263495,-3.4e-05,0.027926,-0.252001,0.176641,322
7151,B004E98U14,1.410556,0.000151,0.031176,-0.287251,0.189727,293
7152,B004EAFM78,1.183017,0.000433,0.026144,-0.236696,0.187904,485
7153,B004EAWKO6,1.548682,0.00032,0.034228,-0.278077,0.196684,178
7154,B004EBPBGE,1.377446,0.000586,0.030439,-0.296899,0.217785,237
7155,B004EBSHEC,1.186265,0.00029,0.026218,-0.360035,0.226638,1381
7156,B004EDWMBO,1.291542,0.000269,0.028545,-0.306615,0.206391,753
7157,B004EDYQX6,1.356285,0.000511,0.029973,-0.326247,0.257044,809
7158,B004EE1EC6,1.35805,0.000433,0.030013,-0.304651,0.211383,288
7159,B004EEJPFY,1.594912,0.000434,0.035249,-0.341727,0.298018,170
7160,B004EFG4BG,1.236896,0.000229,0.027338,-0.299537,0.271775,855
7161,B004EKDS1U,1.33102,0.000464,0.029415,-0.301023,0.234154,444
7162,B004EUHWQ2,1.243336,0.000311,0.027479,-0.267584,0.212196,458
7163,B004EWS5F2,1.42777,0.001243,0.031533,-0.318849,0.234625,206
7164,B004EWV81K,1.578655,0.00054,0.034888,-0.334974,0.227509,157
7165,B004F0RIXS,1.248793,1.6e-05,0.027601,-0.256584,0.203186,363
7166,B004F82EO8,1.58717,0.000722,0.035073,-0.308717,0.219639,142
7167,B004F82HB8,1.549014,0.00023,0.034236,-0.304202,0.196554,154
7168,B004F949V8,1.504607,0.001036,0.033239,-0.277023,0.20113,168
7169,B004FAJFDO,1.272288,0.000731,0.028111,-0.251226,0.219819,423
7170,B004FD5WO2,1.402774,0.000997,0.030989,-0.289254,0.203933,240
7171,B004FEKA3E,1.324023,0.000104,0.029264,-0.295973,0.2281,444
7172,B004FEO38C,1.346701,0.000119,0.029765,-0.28693,0.226274,350
7173,B004FG85XE,1.452457,0.000864,0.032091,-0.316702,0.261104,440
7174,B004FG8QUQ,1.239477,4.7e-05,0.027395,-0.262793,0.241705,582
7175,B004FG9XHQ,1.47266,0.000832,0.032539,-0.200546,0.180241,121
7176,B004FGAXK2,1.575255,0.000834,0.034807,-0.202742,0.176912,89
7177,B004FHZKOA,1.472846,0.00079,0.032544,-0.359567,0.278408,559
7178,B004FJHEHY,1.211456,-0.000379,0.026773,-0.277466,0.21903,590
7179,B004FKCH5C,1.808893,0.000707,0.039975,-0.288324,0.193955,103
7180,B004FKD3HI,1.208414,0.000288,0.026707,-0.254409,0.222327,690
7181,B004FKNYWW,1.368221,-0.000316,0.030239,-0.301614,0.214204,412
7182,B004FKPWWC,1.389036,-0.00045,0.030698,-0.335122,0.235641,575
7183,B004FL07LC,1.071426,0.000117,0.023681,-0.230895,0.211853,2088
7184,B004FLR418,1.446113,0.000567,0.031958,-0.346345,0.198302,206
7185,B004FM6L0C,1.332493,0.000882,0.029438,-0.304236,0.232051,332
7186,B004FM6M2O,1.44904,0.000468,0.032024,-0.31951,0.262768,401
7187,B004FMBU80,1.321085,0.000347,0.029197,-0.298349,0.265457,438
7188,B004FMC6NS,1.496441,0.000686,0.033068,-0.385415,0.271061,397
7189,B004FMFD0Q,1.329497,0.000516,0.029381,-0.285292,0.214924,343
7190,B004FNM20E,1.635036,0.000724,0.036131,-0.262118,0.193349,118
7191,B004FO6U2Y,1.407112,0.000599,0.031095,-0.28896,0.226453,567
7192,B004FOTOO0,1.517408,0.000824,0.033528,-0.321142,0.286091,387
7193,B004FOZJ4Y,1.40667,0.000312,0.031089,-0.291038,0.25392,322
7194,B004FPBF78,1.520372,0.000426,0.033601,-0.259925,0.171636,131
7195,B004FPPVV4,1.295244,0.000717,0.028619,-0.248728,0.188377,368
7196,B004FQGLQC,1.185178,4.2e-05,0.026195,-0.237696,0.263696,817
7197,B004FQI462,1.296667,0.000374,0.028657,-0.30687,0.207648,365
7198,B004FRSTWK,1.355541,0.000402,0.029958,-0.304603,0.242388,480
7199,B004FRZNMO,1.314824,1.3e-05,0.029061,-0.319755,0.205901,407
7200,B004FS6X9U,1.282064,0.000265,0.028336,-0.257735,0.272049,1182
7201,B004FTH3FM,1.192382,7.5e-05,0.026354,-0.232712,0.183708,1787
7202,B004FUUMJK,1.297802,0.000339,0.028683,-0.26717,0.25142,1086
7203,B004G1GJ4U,1.358844,0.000653,0.030027,-0.296401,0.225637,333
7204,B004G55L86,1.658062,0.000813,0.036638,-0.318253,0.185349,130
7205,B004G7XZTG,1.479662,0.000673,0.032697,-0.310966,0.330753,538
7206,B004GA94I4,1.284338,-7.5e-05,0.028387,-0.283446,0.275744,703
7207,B004GBCF20,1.323992,0.000415,0.029261,-0.274471,0.25025,779
7208,B004GC2LLE,1.18384,0.000244,0.026165,-0.246414,0.198907,602
7209,B004GC54NQ,1.503668,0.000387,0.033233,-0.344003,0.20392,215
7210,B004GDH4JC,1.354644,0.000522,0.029936,-0.267977,0.266372,368
7211,B004GDZOY4,1.359552,6e-05,0.030049,-0.315506,0.267394,661
7212,B004GEV5XM,1.381738,9.4e-05,0.03054,-0.295516,0.165724,188
7213,B004GFPOX8,1.644313,0.000589,0.036339,-0.298092,0.199471,99
7214,B004GFR3GY,1.500182,0.001077,0.03314,-0.31573,0.179805,158
7215,B004GH99QO,1.27176,0.00017,0.028109,-0.26227,0.279965,543
7216,B004GHGA8O,1.418568,0.000842,0.031343,-0.286075,0.238365,245
7217,B004GIM68G,1.328104,-0.000379,0.029352,-0.336649,0.22312,1308
7218,B004GJCN8I,1.272868,0.000231,0.028133,-0.221263,0.20228,222
7219,B004GJVJC4,1.269351,0.000458,0.028052,-0.241507,0.232372,459
7220,B004GK2BUM,1.257397,0.000322,0.02779,-0.218537,0.221607,898
7221,B004GMLAZC,1.333168,0.000848,0.029454,-0.27699,0.313265,999
7222,B004GNMOSS,1.536163,0.000927,0.03394,-0.317138,0.174874,184
7223,B004GNMP0U,1.468722,0.000971,0.032448,-0.245451,0.159587,133
7224,B004GQZX4M,1.571916,-1.8e-05,0.034743,-0.333797,0.210947,124
7225,B004GT0CFY,1.329157,0.000614,0.029371,-0.296143,0.234144,488
7226,B004GT440S,1.436163,0.001097,0.031724,-0.291098,0.282177,314
7227,B004GTIUBC,1.390164,0.00036,0.030724,-0.305644,0.270829,390
7228,B004GTKXGC,1.399161,0.000688,0.030917,-0.26694,0.206727,189
7229,B004GV8H7C,1.394106,0.000208,0.030813,-0.289008,0.230668,298
7230,B004GW4N8S,1.198189,0.000431,0.026479,-0.204046,0.207807,566
7231,B004GW8GRM,1.443075,0.00016,0.031895,-0.283287,0.220192,289
7232,B004GWQIH2,1.292621,1.5e-05,0.02857,-0.317536,0.22636,685
7233,B004GWUPO4,1.228424,0.000107,0.027151,-0.230896,0.240385,851
7234,B004GYQLFE,1.276819,-5.6e-05,0.028221,-0.289813,0.22781,1046
7235,B004H0UGLW,1.246495,0.000563,0.027545,-0.259872,0.243443,919
7236,B004H2MB5Y,1.268342,-0.000281,0.028032,-0.303619,0.221307,457
7237,B004H4TWJU,1.55069,0.000261,0.034273,-0.299397,0.206809,121
7238,B004H4VQ4Y,1.399763,0.000288,0.030937,-0.256282,0.186379,104
7239,B004H53CW2,1.401825,0.000236,0.030983,-0.256589,0.178067,107
7240,B004H53CY0,1.545772,-0.000102,0.034165,-0.310545,0.170725,88
7241,B004H6SHYO,1.535874,0.001187,0.033926,-0.256575,0.17793,218
7242,B004H85FTM,1.402791,0.000184,0.031005,-0.243533,0.17942,128
7243,B004HA6F2G,1.449296,0.000136,0.032033,-0.31785,0.223118,346
7244,B004HAI0SI,1.37948,0.000467,0.030486,-0.230793,0.159546,209
7245,B004HAMIJA,1.323897,0.000266,0.02926,-0.284226,0.166423,252
7246,B004HCECVA,1.521513,1e-04,0.033629,-0.342578,0.236964,444
7247,B004HCI9JQ,1.312807,0.000317,0.029015,-0.280671,0.143258,222
7248,B004HCNF1S,1.394541,0.000857,0.030811,-0.252171,0.217169,212
7249,B004HE94SE,1.273727,0.00022,0.028152,-0.251207,0.256209,538
7250,B004HFBC9W,1.464271,0.000138,0.032364,-0.327936,0.221103,251
7251,B004HFBDE6,1.463147,-0.000133,0.032339,-0.340699,0.201585,263
7252,B004HFEOEM,1.269976,0.001111,0.028048,-0.269929,0.30281,989
7253,B004HGHD44,1.477576,0.001044,0.032641,-0.225972,0.189312,113
7254,B004HI5GOG,1.284272,0.000841,0.028373,-0.292146,0.221759,594
7255,B004HI5H4U,1.234674,0.000741,0.027279,-0.255082,0.283294,1475
7256,B004HIBLNQ,1.248022,0.000191,0.027584,-0.262887,0.305938,880
7257,B004HJ1QGC,1.475801,-0.000179,0.032618,-0.270304,0.16995,120
7258,B004HJCHJ2,1.523052,-0.000155,0.033663,-0.316436,0.182088,98
7259,B004HJI066,1.59549,0.000179,0.035264,-0.326898,0.204675,90
7260,B004HK9CY4,1.42273,0.000532,0.031441,-0.312294,0.165154,163
7261,B004HNFYF2,1.417121,-7.4e-05,0.031322,-0.336682,0.193779,281
7262,B004HOB5IQ,1.471517,0.001187,0.032503,-0.27851,0.196584,196
7263,B004HR2PAK,1.280443,0.000543,0.028296,-0.28158,0.18379,249
7264,B004HR5PGQ,1.359476,0.000181,0.030047,-0.315743,0.241546,301
7265,B004HSO124,1.433414,0.000572,0.031677,-0.317078,0.245458,212
7266,B004HXXO1I,1.37074,0.000651,0.03029,-0.295943,0.218445,303
7267,B004HYEZ06,1.263365,4.8e-05,0.027923,-0.256793,0.155327,182
7268,B004HYJ3LW,1.383296,0.000428,0.030571,-0.301606,0.264078,378
7269,B004HYLRA2,1.287492,0.000819,0.028445,-0.223803,0.224406,1039
7270,B004HYLTTG,1.268863,0.000847,0.028032,-0.22533,0.236711,1103
7271,B004HYMJRC,1.381079,0.000395,0.030523,-0.301934,0.263151,379
7272,B004HYOP7O,1.391666,0.000407,0.030757,-0.301942,0.269141,379
7273,B004HYRH06,1.291785,0.000719,0.028543,-0.241901,0.194199,343
7274,B004HYSI1S,1.28332,0.000719,0.028355,-0.248226,0.201118,335
7275,B004I24AMK,1.329333,0.000771,0.029371,-0.314542,0.22501,449
7276,B004I298YU,1.424703,0.000979,0.031474,-0.295564,0.21671,226
7277,B004I29JRQ,1.185625,0.000617,0.026198,-0.229905,0.21994,824
7278,B004I2VYCE,1.384414,-0.000105,0.030599,-0.254549,0.170356,146
7279,B004I5DFYQ,1.383506,0.001271,0.030552,-0.295398,0.222317,1015
7280,B004I5RU2Y,1.163272,3e-05,0.025711,-0.280344,0.18166,582
7281,B004I6O3LO,1.360496,-5.7e-05,0.03007,-0.28233,0.189808,285
7282,B004I79FLG,1.411904,0.001019,0.03119,-0.324525,0.272047,507
7283,B004I94DF2,1.581208,0.001,0.034934,-0.304844,0.198376,144
7284,B004IBBQ28,1.476797,0.000231,0.03264,-0.246995,0.213673,154
7285,B004IC8WS8,1.266795,0.000123,0.027999,-0.278508,0.221437,385
7286,B004ICVLWW,1.377046,0.001275,0.030409,-0.283363,0.185517,1940
7287,B004IDJ5E2,1.355213,0.000454,0.02995,-0.259142,0.21648,281
7288,B004IFAJKE,1.388848,0.001141,0.030676,-0.276256,0.191948,306
7289,B004IFOXFQ,1.456073,0.000777,0.032173,-0.330724,0.295549,343
7290,B004IM0KYM,1.296078,-0.000213,0.028646,-0.226816,0.182993,217
7291,B004INCW1K,1.302591,0.000136,0.02879,-0.306548,0.185804,395
7292,B004INEX3U,1.493732,0.000339,0.033013,-0.2857,0.193197,169
7293,B004INQ65S,1.674856,0.000795,0.03701,-0.325799,0.248372,120
7294,B004INUWX0,1.589678,0.000635,0.03513,-0.310565,0.167764,101
7295,B004INUY06,1.598026,0.000844,0.03531,-0.319274,0.210709,126
7296,B004IQA0DE,1.269538,0.000166,0.028059,-0.264743,0.195755,454
7297,B004IQA3TU,1.377724,3.8e-05,0.030451,-0.28418,0.216791,346
7298,B004IQIR52,1.373475,0.000365,0.030355,-0.310198,0.207679,458
7299,B004IQIVL2,1.26851,8.2e-05,0.028037,-0.280442,0.219426,1989
7300,B004IQMBAE,1.314995,-0.000167,0.029064,-0.255112,0.192636,224
7301,B004IR6TY2,1.284335,0.000279,0.028386,-0.302593,0.208208,373
7302,B004IRXSGE,1.40126,0.000116,0.030971,-0.294169,0.194921,165
7303,B004IS73O6,1.616639,0.000487,0.035728,-0.269524,0.185691,109
7304,B004ISB3BK,1.611035,0.00061,0.035603,-0.278818,0.173831,65
7305,B004ISU5V4,1.333934,0.000377,0.029481,-0.293345,0.198953,339
7306,B004ITB3IW,1.295163,0.000866,0.028613,-0.305864,0.167017,259
7307,B004IUN7JO,1.581247,0.00021,0.034949,-0.368812,0.228866,344
7308,B004IV7RZS,1.224314,0.000456,0.027057,-0.256775,0.174606,502
7309,B004IVM0EG,1.30549,0.000632,0.028848,-0.276116,0.238229,293
7310,B004IZJ2QG,1.145331,0.000457,0.025311,-0.267097,0.242957,650
7311,B004IZX4OM,1.249784,0.000319,0.027621,-0.344248,0.224561,1029
7312,B004J0XOTQ,1.451335,0.000111,0.032078,-0.363994,0.229536,355
7313,B004J28YDK,1.51866,0.000555,0.033562,-0.343289,0.235222,338
7314,B004J31KOO,1.37884,0.0008,0.030465,-0.273883,0.267755,468
7315,B004J6E6NS,1.368554,0.000545,0.030244,-0.27159,0.197346,298
7316,B004J6WCBQ,1.30992,0.000625,0.028946,-0.177856,0.145684,111
7317,B004J749W0,1.183808,0.000115,0.026165,-0.276912,0.236996,898
7318,B004J7OYP2,1.323138,2.5e-05,0.029245,-0.288855,0.219281,328
7319,B004JHOJN4,1.332593,0.000585,0.029448,-0.277821,0.231939,259
7320,B004JHT3MQ,1.212936,-5.3e-05,0.026809,-0.278247,0.16883,369
7321,B004JIDUWE,1.551518,0.00028,0.034291,-0.274732,0.188549,117
7322,B004JK20LY,1.316278,-0.000378,0.029091,-0.205974,0.176993,219
7323,B004JK28GG,1.35649,-0.000248,0.029981,-0.298714,0.198766,547
7324,B004JK5R1O,1.277392,-0.0,0.028234,-0.30093,0.224683,526
7325,B004JL8XS2,1.563699,0.000239,0.034561,-0.283929,0.241891,191
7326,B004JLBBZO,1.421513,-0.000157,0.031419,-0.228433,0.162426,108
7327,B004JLBC6C,1.558002,-6.2e-05,0.034436,-0.301375,0.162535,90
7328,B004JLBC7G,1.518769,0.000334,0.033567,-0.290285,0.162575,107
7329,B004JLCQFI,1.501924,-0.000276,0.033195,-0.284193,0.208226,98
7330,B004JLEGM4,1.562126,-0.000336,0.034525,-0.331628,0.179797,120
7331,B004JLEGTC,1.527114,0.00037,0.033751,-0.309516,0.218316,149
7332,B004JLGC12,1.353295,4.2e-05,0.029911,-0.301412,0.35136,1807
7333,B004JLGC6M,1.644345,0.000595,0.036339,-0.277359,0.164456,85
7334,B004JRU4YW,1.327219,0.000623,0.029328,-0.280922,0.223304,426
7335,B004JSGF4O,1.356714,0.000462,0.029983,-0.304172,0.284296,430
7336,B004JTON5Q,1.445198,0.00034,0.031941,-0.328178,0.224342,223
7337,B004JVXXXM,1.430619,7.7e-05,0.03162,-0.267747,0.168853,116
7338,B004JWR9PO,1.336575,0.000438,0.029538,-0.2935,0.258152,438
7339,B004JXZKWM,1.30238,0.000984,0.028769,-0.262188,0.176462,238
7340,B004JYLHGO,1.56005,4e-06,0.034481,-0.239947,0.192977,138
7341,B004JZNKCM,1.389653,0.001453,0.03068,-0.269058,0.18094,254
7342,B004JZNKH2,1.387668,0.001083,0.030652,-0.268651,0.200012,255
7343,B004JZRJMY,1.393609,0.001083,0.030783,-0.277755,0.20339,261
7344,B004JZT328,1.407236,0.001132,0.031083,-0.280126,0.204379,249
7345,B004K0CRIY,1.225519,0.00047,0.027083,-0.303683,0.258166,1414
7346,B004K0HEFA,1.356509,0.000628,0.029976,-0.294603,0.218909,272
7347,B004K0HELY,1.385163,-0.000281,0.030614,-0.249317,0.183041,187
7348,B004K0KZXS,1.27625,0.000182,0.028208,-0.242087,0.178551,234
7349,B004K0MVKS,1.343669,0.001117,0.029677,-0.216065,0.15578,173
7350,B004K3D0FK,1.343046,-0.000272,0.029683,-0.291465,0.203848,385
7351,B004K6ZJNI,1.312953,0.000267,0.029018,-0.245477,0.200486,297
7352,B004K9JPG2,1.253641,0.000131,0.027708,-0.245976,0.206145,1335
7353,B004K9UAKM,1.268907,-0.000383,0.028043,-0.275212,0.227292,628
7354,B004KATCFK,1.371456,0.000921,0.030299,-0.257662,0.16439,171
7355,B004KAVHG2,1.319907,9.3e-05,0.029173,-0.264501,0.177943,195
7356,B004KBMP1W,1.472407,0.000804,0.032534,-0.303203,0.232345,432
7357,B004KELK4C,1.195981,-7.4e-05,0.026434,-0.246009,0.253938,1091
7358,B004KETVRU,1.396298,0.000548,0.030857,-0.300962,0.237522,293
7359,B004KEWXQQ,1.647151,0.000126,0.036406,-0.299495,0.214943,109
7360,B004KG2XDW,1.558602,0.000377,0.034447,-0.273467,0.20162,114
7361,B004KIB688,1.35124,0.000228,0.029865,-0.289746,0.228057,420
7362,B004KKIB5M,1.362594,0.000722,0.030108,-0.285654,0.185709,191
7363,B004KNE2IO,1.310696,-0.000281,0.028968,-0.342558,0.203491,259
7364,B004KOFORG,1.489253,0.000358,0.032914,-0.259842,0.161774,112
7365,B004KPYWM8,1.234066,0.000242,0.027275,-0.248452,0.246232,625
7366,B004KQT68C,1.432745,0.000871,0.031655,-0.349541,0.247089,350
7367,B004KRV8MS,1.414316,0.000169,0.031259,-0.279037,0.307122,525
7368,B004KRVBT8,1.46499,9.2e-05,0.03238,-0.310486,0.331793,530
7369,B004KRVE22,1.321188,0.000771,0.029191,-0.275116,0.298706,595
7370,B004KRXFX8,1.393516,0.000597,0.030794,-0.261405,0.275113,241
7371,B004KRYPZ0,1.462143,0.00071,0.032309,-0.307794,0.322858,535
7372,B004KRYVZ4,1.414576,0.001125,0.031245,-0.25173,0.288877,217
7373,B004KS0NBO,1.520246,0.000713,0.033594,-0.309641,0.261469,234
7374,B004KS0ODG,1.423729,0.000175,0.031467,-0.280469,0.303626,528
7375,B004KS0QZW,1.405267,0.000161,0.031059,-0.277385,0.302026,523
7376,B004KS2LK0,1.30584,0.000295,0.028861,-0.257467,0.276196,601
7377,B004KS2MZY,1.450176,0.000768,0.032043,-0.293521,0.3163,540
7378,B004KS2NZ8,1.410103,0.000207,0.031166,-0.281817,0.30938,524
7379,B004KS2OD4,1.417644,0.000187,0.031333,-0.283947,0.310058,524
7380,B004KS2OHA,1.474008,0.000623,0.032573,-0.314639,0.312333,526
7381,B004KTCU0K,1.15154,0.000783,0.02544,-0.252815,0.246196,839
7382,B004KU9PN4,1.414371,0.000357,0.031259,-0.320132,0.21492,260
7383,B004KVEZLU,1.222238,0.000299,0.027013,-0.239345,0.262433,1039
7384,B004KXKG20,1.157689,0.000652,0.025579,-0.26003,0.273672,744
7385,B004KXLIVS,1.255009,0.000134,0.027738,-0.280962,0.226838,405
7386,B004KZF7GS,1.162755,0.000697,0.02569,-0.298493,0.188264,1797
7387,B004L0F4DS,1.383638,0.000766,0.030572,-0.338815,0.22736,357
7388,B004L18FY2,1.425406,-0.000141,0.031505,-0.314912,0.191922,194
7389,B004L1AC70,1.118925,0.000678,0.024722,-0.279344,0.249068,852
7390,B004L1ZDD8,1.273868,0.000359,0.028153,-0.337431,0.265303,1138
7391,B004L5FXIE,1.67819,0.000249,0.037091,-0.301443,0.208863,73
7392,B004L5HPGC,1.219085,0.000433,0.026941,-0.29008,0.255478,865
7393,B004L5L4FU,1.264729,0.000373,0.027951,-0.260009,0.202347,408
7394,B004L5NBSS,1.338793,0.000436,0.029587,-0.313486,0.235895,472
7395,B004L81VXW,1.138211,0.000244,0.025156,-0.254142,0.244786,1801
7396,B004L8J15C,1.443324,0.000362,0.031899,-0.332064,0.216026,385
7397,B004L938P0,1.331079,-0.000416,0.029417,-0.263549,0.148107,221
7398,B004L96NZM,1.311304,5e-06,0.028983,-0.303507,0.264675,503
7399,B004L96NZW,1.338094,5.5e-05,0.029575,-0.291741,0.230339,509
7400,B004L96O10,1.411459,-1.7e-05,0.031197,-0.311272,0.253276,575
7401,B004L96O4W,1.288285,-0.000345,0.028472,-0.303159,0.235411,557
7402,B004LC4MHK,1.504356,0.000524,0.033246,-0.209087,0.151521,111
7403,B004LCD8D4,1.262621,0.00018,0.027906,-0.285544,0.167033,243
7404,B004LCZEJK,1.399746,0.001003,0.030922,-0.338341,0.236418,413
7405,B004LE0YW0,1.276079,0.00043,0.028201,-0.259103,0.208441,414
7406,B004LE1CV2,1.299745,0.000426,0.028724,-0.201456,0.165753,205
7407,B004LEFDJE,1.479866,0.000332,0.032707,-0.326121,0.213445,178
7408,B004LEJ8R2,1.204692,0.000374,0.026624,-0.248467,0.268408,570
7409,B004LGX7XG,1.219311,0.00055,0.026944,-0.241493,0.290835,580
7410,B004LIG6SC,1.152218,0.000501,0.025462,-0.234442,0.215981,600
7411,B004LJ0ZK6,1.236944,0.000319,0.027338,-0.279378,0.223157,900
7412,B004LP4CVS,1.15819,0.000365,0.025596,-0.294094,0.224213,650
7413,B004LPXPT8,1.286949,0.001053,0.028425,-0.309045,0.256237,709
7414,B004LQGQ48,1.213418,0.000486,0.026815,-0.301814,0.244273,1420
7415,B004LRO7DO,1.629165,0.000237,0.036008,-0.364046,0.272192,334
7416,B004LSLE0C,1.282341,-0.000114,0.028343,-0.37935,0.25655,1770
7417,B004LUVN10,1.291436,-0.000136,0.028544,-0.288997,0.20445,372
7418,B004LUZ956,1.296914,-0.000152,0.028665,-0.293749,0.206924,373
7419,B004LV82JU,1.131901,-4.3e-05,0.025018,-0.265546,0.272329,1765
7420,B004LWAJB8,1.38702,0.000543,0.030652,-0.200649,0.156936,85
7421,B004LWGLCY,1.625512,0.000437,0.035925,-0.412009,0.327736,393
7422,B004LWXTQA,1.213878,0.000769,0.026819,-0.279535,0.203863,830
7423,B004LXHEX8,1.326873,0.000629,0.02932,-0.261374,0.234733,343
7424,B004LXHFH8,1.320894,0.000521,0.02919,-0.27209,0.28584,408
7425,B004LXHPRI,1.315525,0.000576,0.029071,-0.293915,0.23929,550
7426,B004LXJTGS,1.251907,0.000625,0.027663,-0.254557,0.321754,703
7427,B004LXJU5I,1.157707,0.000602,0.025581,-0.22031,0.271254,967
7428,B004LXKY4E,1.550637,0.000392,0.034271,-0.340323,0.226603,195
7429,B004LY0X26,1.174854,5e-06,0.025967,-0.24355,0.262743,1833
7430,B004LYV2OE,1.464572,0.000418,0.032368,-0.323548,0.326795,538
7431,B004M2Y7RY,1.478805,6e-05,0.032685,-0.298453,0.194851,96
7432,B004M39BQ0,1.388895,0.000445,0.030695,-0.322265,0.196271,213
7433,B004M3B3ZC,1.356001,0.000426,0.029968,-0.306249,0.181602,239
7434,B004M3JI72,1.513803,0.001065,0.033442,-0.373919,0.274394,345
7435,B004M7L1XW,1.480445,0.00095,0.032708,-0.275159,0.191524,156
7436,B004M7WKKK,1.23347,0.000239,0.027262,-0.259509,0.204405,363
7437,B004M81IL6,1.412603,-9.6e-05,0.031222,-0.283964,0.306181,492
7438,B004MAO6NQ,1.209966,-0.000382,0.026741,-0.278828,0.197841,609
7439,B004MB8KNC,1.251636,0.000312,0.027662,-0.275915,0.275899,670
7440,B004MBJKRC,1.328152,-0.000396,0.029353,-0.285757,0.182205,237
7441,B004MBJL58,1.523494,0.00046,0.03367,-0.332779,0.296186,235
7442,B004MGAGP2,1.320239,0.000743,0.029171,-0.276133,0.205683,363
7443,B004MIKDBW,1.339408,0.000127,0.029604,-0.288677,0.213181,306
7444,B004MJGDQ0,1.639956,0.000931,0.036235,-0.347163,0.231977,86
7445,B004MJIL92,1.132136,-0.000327,0.025021,-0.249188,0.181325,1314
7446,B004MKEGWM,1.549447,-0.000103,0.034246,-0.300475,0.198099,108
7447,B004MKEMPI,1.596985,0.000818,0.035288,-0.392523,0.238005,208
7448,B004MKHYQM,1.502022,0.000277,0.033197,-0.265693,0.236499,168
7449,B004MKNUAG,1.361002,0.00044,0.030078,-0.301644,0.20855,283
7450,B004ML689A,1.195782,0.00021,0.026429,-0.255803,0.261113,1878
7451,B004MMUGY2,1.23623,0.000426,0.02732,-0.249032,0.193205,232
7452,B004MN8LTI,1.162443,0.000199,0.025692,-0.237829,0.21517,665
7453,B004MOU4C4,1.412892,0.001186,0.031206,-0.299949,0.224638,412
7454,B004MPZLVC,1.199063,0.000156,0.026502,-0.281056,0.160606,4501
7455,B004MTCKSU,1.477247,0.00035,0.032649,-0.288457,0.21081,258
7456,B004MTF3KC,1.295669,-0.000137,0.028637,-0.238219,0.176792,203
7457,B004MTJJDE,1.12629,0.000745,0.024883,-0.252124,0.203188,975
7458,B004MUG8SM,1.252376,0.000915,0.027665,-0.266714,0.255347,1371
7459,B004MUG8V4,1.158803,0.000474,0.025608,-0.279076,0.241708,1729
7460,B004MX5VFU,1.297728,3.2e-05,0.028683,-0.311137,0.201113,514
7461,B004N0ULSO,1.214205,0.000313,0.026835,-0.197491,0.252684,317
7462,B004N0XYOM,1.361732,0.000732,0.030089,-0.306478,0.249892,477
7463,B004N2EYY4,1.199846,0.00021,0.026519,-0.302154,0.215587,1399
7464,B004N3T6QE,1.597285,0.000936,0.035292,-0.262495,0.186969,153
7465,B004N3VS0Q,1.467084,1.2e-05,0.032426,-0.267574,0.186857,111
7466,B004N7DQHA,1.269332,0.000109,0.028055,-0.245095,0.197149,235
7467,B004N8H2H4,1.569651,0.000607,0.034688,-0.311613,0.204318,150
7468,B004NCFOZM,1.256824,0.000482,0.027775,-0.249785,0.263205,578
7469,B004NFTGA8,1.40499,0.000369,0.031052,-0.31884,0.236143,415
7470,B004NFYU8Q,1.339404,0.00033,0.029602,-0.310498,0.237395,446
7471,B004NG0QJ2,1.231664,-6.2e-05,0.027223,-0.300902,0.21363,531
7472,B004NG3QB2,1.21433,0.00066,0.026832,-0.265128,0.199812,790
7473,B004NJ8WFO,1.203299,0.000107,0.026596,-0.250741,0.245499,1027
7474,B004NMF63W,1.387273,0.000869,0.03065,-0.305441,0.271008,412
7475,B004NMLN1Q,1.304078,-5e-06,0.028823,-0.325841,0.25024,1436
7476,B004NMR6TY,1.182095,0.00041,0.026124,-0.26226,0.226683,1572
7477,B004NMTMUK,1.444356,0.000519,0.03192,-0.323676,0.291874,521
7478,B004NMVP82,1.463368,0.000636,0.032338,-0.335372,0.294292,521
7479,B004NMXMUG,1.412202,0.000673,0.031206,-0.315837,0.281187,518
7480,B004NMXMZ6,1.318727,0.000528,0.029142,-0.320174,0.268036,519
7481,B004NMYM96,1.429776,0.000537,0.031597,-0.324063,0.284059,522
7482,B004NMYMJG,1.553723,0.00061,0.034336,-0.257759,0.239175,163
7483,B004NN0FIW,1.468828,0.000716,0.032457,-0.327388,0.293087,518
7484,B004NN6JZA,1.30258,0.0005,0.028786,-0.288031,0.232836,491
7485,B004NU1NZE,1.350096,0.00044,0.029837,-0.265939,0.165147,203
7486,B004NX17J8,1.246797,-0.000273,0.027556,-0.262594,0.179974,379
7487,B004NYSL9Q,1.390683,0.000871,0.030725,-0.288355,0.233971,328
7488,B004NYTR8U,1.386853,0.000648,0.030646,-0.287768,0.248941,393
7489,B004NYWR7S,1.383902,0.000602,0.030582,-0.2899,0.232638,348
7490,B004NYZ5AE,1.370773,0.000743,0.030288,-0.297021,0.232244,330
7491,B004NZ3D66,1.392757,0.000581,0.030778,-0.287597,0.235123,356
7492,B004NZ8JLA,1.284198,0.000762,0.028374,-0.220764,0.153818,180
7493,B004NZDY42,1.461776,0.00104,0.032292,-0.235911,0.152907,140
7494,B004O17UJ0,1.303339,0.000644,0.0288,-0.273153,0.169629,255
7495,B004O2KPRI,1.358274,-2e-06,0.030021,-0.330964,0.21405,519
7496,B004O2PQK4,1.217503,5.7e-05,0.02691,-0.281515,0.213224,748
7497,B004O35Y0K,1.408843,0.000656,0.031132,-0.289132,0.219042,290
7498,B004O3BTKO,1.375577,1.4e-05,0.030404,-0.319365,0.275354,537
7499,B004O3RXJK,1.4631,0.000538,0.032334,-0.312944,0.176491,198
7500,B004O3TZUK,1.540662,0.000312,0.034051,-0.371124,0.193511,214
7501,B004O3UDQK,1.395017,0.00076,0.030824,-0.318839,0.213389,365
7502,B004O3UE46,1.37578,0.000612,0.030402,-0.296098,0.265059,367
7503,B004O3UG4Y,1.435245,0.000704,0.031715,-0.322136,0.223643,371
7504,B004O3UG9E,1.316922,0.000484,0.029103,-0.236504,0.216454,310
7505,B004O3UIT2,1.336418,0.000912,0.029524,-0.246406,0.237873,277
7506,B004O3YCLC,1.498648,0.000811,0.033114,-0.270921,0.234929,214
7507,B004O3YD8Y,1.314429,0.000524,0.029047,-0.235526,0.211321,314
7508,B004O3YE2Y,1.391342,0.001109,0.030732,-0.249097,0.232884,244
7509,B004O3ZPAO,1.383267,0.000615,0.030567,-0.298656,0.267819,361
7510,B004O3ZPMW,1.501166,0.000787,0.03317,-0.268896,0.232567,211
7511,B004O439IS,1.379146,0.000642,0.030476,-0.261036,0.182,232
7512,B004O6184I,1.224933,0.000352,0.027072,-0.273904,0.310793,585
7513,B004O655DS,1.378358,4.9e-05,0.030465,-0.245443,0.158487,114
7514,B004O6ITPE,1.53203,0.000414,0.033859,-0.324158,0.216572,274
7515,B004O6Y39U,1.20772,0.000201,0.026693,-0.280787,0.251924,1903
7516,B004O752PI,1.133734,0.000478,0.025054,-0.268888,0.211769,900
7517,B004O9TTLO,1.485706,0.000838,0.032827,-0.289918,0.225096,216
7518,B004OA0872,1.17415,2.5e-05,0.025952,-0.257184,0.218676,1715
7519,B004OE9RO8,1.227723,0.000586,0.027129,-0.337799,0.242536,945
7520,B004OEBRDW,1.361355,0.000431,0.030086,-0.311609,0.234793,547
7521,B004OEBT1C,1.192004,0.000469,0.026342,-0.304496,0.268053,1065
7522,B004OEKRD8,1.42845,0.000816,0.031562,-0.366726,0.209849,409
7523,B004OEO0E0,1.388182,0.00048,0.030678,-0.310579,0.279421,545
7524,B004OES6X6,1.482893,0.001135,0.032756,-0.280441,0.20557,238
7525,B004OESDI4,1.339019,0.000278,0.029594,-0.308318,0.253711,480
7526,B004OFI54K,1.412294,0.000786,0.031205,-0.292103,0.227947,439
7527,B004OFPH3W,1.323364,0.000306,0.029248,-0.263909,0.268333,640
7528,B004OFYMW4,1.2558,-7.6e-05,0.027756,-0.259701,0.231617,580
7529,B004OG90X4,1.28858,0.000374,0.028478,-0.267476,0.223038,477
7530,B004OGB21M,1.338082,0.000239,0.029574,-0.282415,0.248449,430
7531,B004OHQR1Q,1.561332,0.00019,0.034509,-0.288715,0.236776,242
7532,B004OJIZO6,1.261222,0.000492,0.027872,-0.244247,0.190548,206
7533,B004OT1BM4,1.297342,9.3e-05,0.028674,-0.259882,0.202192,295
7534,B004OT29MA,1.303814,0.000732,0.028808,-0.263449,0.211984,422
7535,B004OUFZP2,1.102894,2e-05,0.024377,-0.241223,0.233974,1829
7536,B004OV8986,1.1693,0.000343,0.025842,-0.293056,0.259122,712
7537,B004OXE1KY,1.267248,-3.7e-05,0.028009,-0.307061,0.225088,801
7538,B004P14XNK,1.182874,0.000107,0.026144,-0.273228,0.246386,714
7539,B004P2LL2K,1.29396,0.000117,0.028599,-0.281229,0.233205,1100
7540,B004P2RZUC,1.3411,1.9e-05,0.029642,-0.288515,0.276989,619
7541,B004P2RZYI,1.262788,-6.9e-05,0.027911,-0.255449,0.275774,589
7542,B004P5B14A,1.357095,0.000279,0.029994,-0.306765,0.234759,499
7543,B004PANDIC,1.476445,0.001114,0.032614,-0.285937,0.229927,129
7544,B004PBKD8Y,1.174939,0.000285,0.025968,-0.255617,0.177438,1357
7545,B004PECMDU,1.306839,0.000248,0.028883,-0.275486,0.241398,1141
7546,B004PKAMTU,1.262515,0.000237,0.027904,-0.313924,0.228817,1953
7547,B004PYL4MA,1.155844,0.000239,0.025546,-0.24172,0.195313,603
7548,B004PYL4NE,1.38349,-8.3e-05,0.030578,-0.293585,0.244464,467
7549,B004Q0NVU6,1.53462,0.000784,0.03391,-0.384013,0.228952,236
7550,B004Q1GCFG,1.321766,0.000477,0.02921,-0.291203,0.230687,1265
7551,B004Q1HGX8,1.299173,0.00083,0.028703,-0.233731,0.186174,294
7552,B004Q27KRO,1.315352,-0.000165,0.029072,-0.268378,0.290128,912
7553,B004Q8GYES,1.285316,0.000431,0.028405,-0.302723,0.273701,3545
7554,B004Q8PBPQ,1.386902,0.000383,0.030652,-0.357832,0.210896,324
7555,B004Q8PE1C,1.380078,0.000709,0.030495,-0.268942,0.156995,172
7556,B004QB72CI,1.323498,0.000244,0.029252,-0.317523,0.243916,730
7557,B004QBRX5Y,1.324904,-5.1e-05,0.029284,-0.271518,0.251392,270
7558,B004QLOFS2,1.199994,-2.5e-05,0.026523,-0.28329,0.249697,1114
7559,B004QLOFTG,1.216387,9e-05,0.026885,-0.2857,0.26901,1096
7560,B004QLRW82,1.193225,-1.1e-05,0.026373,-0.282022,0.270006,1106
7561,B004QNIC1G,1.307568,0.00034,0.028899,-0.294379,0.231981,429
7562,B004QQMD9K,1.305038,0.000221,0.028844,-0.262006,0.235443,403
7563,B004QRX6U4,1.173824,4.1e-05,0.025944,-0.265558,0.254468,1080
7564,B004QWD9QA,1.269567,0.000231,0.02806,-0.250653,0.169076,288
7565,B004QWRCWM,1.253163,0.000628,0.027691,-0.295731,0.310498,910
7566,B004QX68SK,1.404472,-0.000203,0.031042,-0.286545,0.159717,118
7567,B004R3TBEC,1.128024,0.000423,0.024929,-0.222578,0.173866,572
7568,B004R68Q7M,1.310904,0.000395,0.028972,-0.256422,0.231132,419
7569,B004R6CAGU,1.370059,0.00024,0.030281,-0.398138,0.20988,613
7570,B004R6HIR6,1.338404,0.000127,0.029582,-0.196459,0.154419,120
7571,B004R7PP3O,1.256854,0.000117,0.027779,-0.266739,0.18657,373
7572,B004R7R8G6,1.400853,0.0003,0.030961,-0.299545,0.180168,184
7573,B004RBZ9MM,1.333809,0.00065,0.029473,-0.299206,0.222651,549
7574,B004RC4FSK,1.319171,0.000465,0.029153,-0.266981,0.194032,300
7575,B004RDP6GE,1.307998,0.000583,0.028904,-0.301186,0.271647,1123
7576,B004RDSISC,1.422562,0.000628,0.031436,-0.310405,0.193735,239
7577,B004RDSITG,1.284268,0.000382,0.028383,-0.272897,0.19967,380
7578,B004RDUILC,1.327887,0.000238,0.029349,-0.312207,0.230321,492
7579,B004REGO00,1.248361,0.000551,0.027586,-0.327858,0.270923,1332
7580,B004RGSGV8,1.444619,0.000395,0.031927,-0.287873,0.262546,359
7581,B004RJ6Y7I,1.480248,0.000331,0.032715,-0.29897,0.201681,103
7582,B004RK7I2W,1.484253,0.000553,0.032801,-0.323208,0.263022,425
7583,B004RKP8ZG,1.465533,0.000864,0.03238,-0.281934,0.244046,325
7584,B004RLBCZ0,1.645928,0.001009,0.036365,-0.288543,0.225284,157
7585,B004ROOT8Y,1.382215,0.00021,0.03055,-0.307475,0.264718,459
7586,B004ROW0QM,1.459274,0.000834,0.032243,-0.312722,0.225916,201
7587,B004ROW4ZO,1.31736,0.000142,0.029117,-0.265318,0.20213,339
7588,B004RRC7YY,1.275947,0.000324,0.0282,-0.26932,0.203556,358
7589,B004RS87RY,1.356701,0.000606,0.02998,-0.340197,0.241209,975
7590,B004RSW46E,1.383937,0.000779,0.030579,-0.224357,0.190071,193
7591,B004RT3P3O,1.517225,0.001046,0.033518,-0.238364,0.226691,151
7592,B004S2FY7K,1.273747,0.00027,0.028152,-0.324764,0.22179,1394
7593,B004S2G4FG,1.216517,0.000259,0.026887,-0.314663,0.215407,1411
7594,B004S3M2V0,1.224684,0.000228,0.027068,-0.274413,0.177925,292
7595,B004S3PW76,1.399866,0.000393,0.030938,-0.298495,0.234203,317
7596,B004S6BXLW,1.413049,5.9e-05,0.031232,-0.272108,0.171878,141
7597,B004S7X4OU,1.392313,0.000122,0.030773,-0.366678,0.291472,1092
7598,B004S9SEWK,1.161044,0.000789,0.02565,-0.255316,0.231493,581
7599,B004S9W2SC,1.438535,0.000517,0.031791,-0.258692,0.202611,197
7600,B004SGZ610,1.50021,0.000699,0.033151,-0.352273,0.25478,427
7601,B004SL0V42,1.359391,0.00033,0.030044,-0.304377,0.280599,535
7602,B004SODRDG,1.373948,0.000828,0.030356,-0.256308,0.174777,222
7603,B004SP12LE,1.299312,0.000309,0.028716,-0.285524,0.185902,347
7604,B004SPDEWE,1.217851,0.00014,0.026917,-0.241507,0.272745,741
7605,B004SPIJ0G,1.334138,0.000476,0.029484,-0.249955,0.314212,1010
7606,B004SPLCJQ,1.434241,0.000518,0.031696,-0.307798,0.377851,898
7607,B004SPY1SU,1.597778,0.001022,0.0353,-0.302704,0.192196,99
7608,B004SS6IKG,1.37897,0.000647,0.030472,-0.326904,0.273007,519
7609,B004SS8WWS,1.431971,0.001206,0.031627,-0.278891,0.220907,285
7610,B004SSC738,1.250076,0.000982,0.027612,-0.309629,0.267726,552
7611,B004SSDH6E,1.361202,0.000904,0.030072,-0.255765,0.204368,288
7612,B004SSFE8S,1.319708,0.000995,0.029152,-0.236887,0.185413,234
7613,B004SSIW5K,1.42738,0.000578,0.031543,-0.329051,0.28871,522
7614,B004SSM396,1.429792,0.000577,0.031597,-0.330586,0.291269,522
7615,B004SSRSRS,1.443374,0.001166,0.031881,-0.276977,0.211174,302
7616,B004SSTOCK,1.459265,0.000613,0.032248,-0.337732,0.303692,519
7617,B004STJ0UU,1.346889,0.000888,0.029756,-0.325276,0.282724,832
7618,B004SU886Q,1.288134,0.000345,0.028469,-0.284932,0.246646,468
7619,B004SU88CU,1.310082,0.00048,0.028952,-0.288665,0.267336,463
7620,B004SU8EKG,1.269725,0.000388,0.028061,-0.296863,0.242351,711
7621,B004SUHGOQ,1.325061,-0.000116,0.029287,-0.250511,0.174302,220
7622,B004SUPEOK,1.221906,0.000154,0.027007,-0.250454,0.190137,327
7623,B004SXTF38,1.303674,0.000266,0.028813,-0.276583,0.184831,254
7624,B004SY3WSQ,1.272528,0.000462,0.028122,-0.240009,0.175051,233
7625,B004SY3X3A,1.314356,0.000206,0.02905,-0.276351,0.184233,254
7626,B004SY3X4Y,1.301252,0.000105,0.028761,-0.275685,0.173506,248
7627,B004SZ4KTK,1.271119,0.00027,0.028094,-0.309416,0.220499,674
7628,B004T19OKI,1.540729,0.000572,0.034049,-0.352573,0.19541,166
7629,B004T19OLM,1.522949,0.000136,0.033661,-0.338684,0.222583,198
7630,B004T19PBG,1.567111,0.000361,0.034635,-0.352166,0.210905,194
7631,B004T19R3W,1.33101,0.000158,0.029418,-0.264996,0.269769,350
7632,B004T3K54U,1.402528,0.000277,0.030998,-0.260178,0.25657,316
7633,B004T49ZEK,1.439233,0.00062,0.031805,-0.328723,0.287922,516
7634,B004T4OLXU,1.337728,0.000526,0.029562,-0.238909,0.236367,257
7635,B004T7XJ44,1.377701,0.000525,0.030446,-0.232924,0.182201,199
7636,B004TH6Q9Y,1.370437,0.000339,0.030288,-0.28931,0.275398,499
7637,B004TH6QDU,1.382417,7.3e-05,0.030555,-0.319771,0.258494,571
7638,B004THWBLQ,1.396192,0.00054,0.030855,-0.243297,0.195504,201
7639,B004TI3BKK,1.300223,0.000848,0.028726,-0.292354,0.20634,258
7640,B004TP9FHG,1.329799,0.000785,0.029381,-0.267574,0.230537,380
7641,B004TQOVBK,1.285781,0.000975,0.028402,-0.220956,0.178737,272
7642,B004TS06HG,1.386607,0.000581,0.030642,-0.354635,0.286735,654
7643,B004TSCQ9M,1.216778,0.00088,0.026879,-0.266322,0.19038,1375
7644,B004TSEBZ4,1.257982,0.001227,0.027777,-0.304794,0.221886,894
7645,B004TSF8R4,1.235494,0.000821,0.027295,-0.295479,0.257361,1128
7646,B004TSF95U,1.49097,0.00111,0.032935,-0.244243,0.183192,116
7647,B004TSF996,1.23835,0.000789,0.027359,-0.294879,0.254259,1132
7648,B004TSFB1M,1.147574,0.000762,0.025353,-0.27945,0.227124,1140
7649,B004TSFBJO,1.509556,0.001227,0.033342,-0.239338,0.175033,115
7650,B004TSFBNK,1.448147,0.000973,0.031993,-0.241244,0.181151,123
7651,B004TSFE28,1.175198,0.000723,0.025965,-0.296626,0.228949,1127
7652,B004TSFE6Y,1.498346,0.001285,0.033092,-0.240786,0.188055,119
7653,B004TSFEBY,1.450715,0.000919,0.032051,-0.241437,0.180599,125
7654,B004TTH1GO,1.212873,0.000275,0.026806,-0.255511,0.18631,363
7655,B004TTXMQ2,1.173692,0.00044,0.025938,-0.254616,0.189109,819
7656,B004TWCIK0,1.47059,-0.000705,0.032496,-0.293124,0.262399,424
7657,B004TXY0TG,1.237692,0.000235,0.027355,-0.304628,0.276855,1632
7658,B004U3XOHY,1.428018,0.00031,0.031561,-0.251665,0.199816,118
7659,B004U6TMCM,1.270177,1.2e-05,0.028074,-0.238761,0.193103,1131
7660,B004U89ASG,1.343475,0.000776,0.029684,-0.250535,0.185767,225
7661,B004UA2RYI,1.320826,-1.8e-05,0.029194,-0.306611,0.204482,481
7662,B004UA2SF6,1.388217,-0.000192,0.030682,-0.330115,0.219218,290
7663,B004UA2SLU,1.418344,0.000374,0.031347,-0.332318,0.260208,335
7664,B004UA2SZG,1.244722,0.000259,0.02751,-0.262101,0.195353,500
7665,B004UBCWXS,1.205454,-0.000333,0.026641,-0.269619,0.208717,841
7666,B004UDK6AW,1.491892,0.000165,0.032974,-0.331889,0.180358,160
7667,B004UDQ6GK,1.560348,0.000736,0.03448,-0.280458,0.215811,151
7668,B004UDTV58,1.374746,0.000474,0.030382,-0.299374,0.242473,615
7669,B004UE9S9Q,1.225003,0.001017,0.027056,-0.312951,0.2218,737
7670,B004UGN818,1.158319,0.000111,0.025601,-0.27484,0.19654,786
7671,B004UHRTVW,1.34019,6.1e-05,0.029621,-0.340233,0.271849,1086
7672,B004UIDQHW,1.347746,0.000602,0.029782,-0.286796,0.238006,405
7673,B004UJ06VA,1.266007,8.3e-05,0.027982,-0.27679,0.233417,914
7674,B004UKENRC,1.467536,0.000735,0.032428,-0.280436,0.247498,199
7675,B004UL0GTK,1.185031,0.000228,0.026191,-0.241215,0.226306,473
7676,B004ULUVU4,1.413375,-0.00017,0.031239,-0.27789,0.229965,357
7677,B004UM38V2,1.085079,-0.000197,0.023982,-0.229058,0.161237,1968
7678,B004UMYEIS,1.371624,0.000283,0.030315,-0.28765,0.21783,292
7679,B004UNH29U,1.352716,-0.000121,0.029898,-0.277761,0.224543,370
7680,B004UOD4CS,1.455707,0.000196,0.032174,-0.314708,0.265438,261
7681,B004UQPCGM,1.505758,0.000176,0.033281,-0.258909,0.17861,123
7682,B004UVRYQS,1.463416,0.001152,0.032325,-0.24834,0.195962,236
7683,B004V0SZNO,1.23079,0.000154,0.027203,-0.253454,0.22839,1023
7684,B004V1OV1I,1.276267,-1.7e-05,0.028209,-0.26619,0.191079,232
7685,B004V4HOOQ,1.630798,0.000798,0.036036,-0.327168,0.217265,237
7686,B004V4MQ2Q,1.103144,0.00013,0.024382,-0.206476,0.190554,484
7687,B004V4XNIW,1.145065,-5.3e-05,0.025309,-0.218776,0.202737,660
7688,B004V65RMU,1.206896,0.000415,0.026672,-0.261007,0.224343,806
7689,B004V6BIZU,1.401811,0.000285,0.030982,-0.292779,0.241948,436
7690,B004V904J8,1.310774,0.000316,0.02897,-0.247446,0.263017,355
7691,B004V928GA,1.237488,0.000344,0.027349,-0.248692,0.219932,380
7692,B004V9600U,1.384814,0.000247,0.030607,-0.239109,0.15454,156
7693,B004V9QP0A,1.263693,0.000421,0.027928,-0.277488,0.212546,998
7694,B004VB48LQ,1.072517,0.000231,0.023704,-0.262836,0.163021,883
7695,B004VCH51A,1.411395,0.000339,0.031193,-0.314691,0.244387,466
7696,B004VFXVJW,1.328868,0.000645,0.029364,-0.314578,0.205109,19316
7697,B004VM9JCS,1.244149,0.000356,0.027496,-0.256781,0.254142,925
7698,B004VMGT2Q,1.307888,0.000231,0.028907,-0.282332,0.264552,598
7699,B004VMGTY4,1.227503,0.000331,0.027129,-0.266377,0.250247,672
7700,B004VMGU8E,1.227815,0.000574,0.027132,-0.232811,0.233721,859
7701,B004VMGU98,1.358633,0.000178,0.030029,-0.317816,0.288734,465
7702,B004VMQ35E,1.197183,0.00038,0.026458,-0.247154,0.247567,663
7703,B004VQ7CSM,1.188738,-0.000189,0.026273,-0.247676,0.170332,1719
7704,B004VSN3ME,1.455724,0.000125,0.032175,-0.317733,0.312112,424
7705,B004VT1RYE,1.262995,0.000306,0.027914,-0.2732,0.294678,696
7706,B004VUJX44,1.347125,0.000667,0.029767,-0.250572,0.211632,243
7707,B004VXYHBU,1.411998,0.000414,0.031206,-0.28328,0.180036,240
7708,B004VYGQCC,1.34101,0.000101,0.029639,-0.285252,0.214306,988
7709,B004VYHMU2,1.54082,0.000145,0.034056,-0.304493,0.254298,157
7710,B004VYN4LS,1.411821,-0.000353,0.031203,-0.261567,0.173454,162
7711,B004W0OE0G,1.287924,0.000698,0.028458,-0.268919,0.293902,1313
7712,B004W17O7A,1.302497,0.000483,0.028784,-0.311265,0.313417,773
7713,B004W1F3SM,1.303074,0.000413,0.028798,-0.30162,0.21469,547
7714,B004W1GRKK,1.216679,0.000356,0.026889,-0.272604,0.20528,567
7715,B004W1SJDI,1.314123,0.000443,0.029042,-0.285581,0.261164,554
7716,B004W24LQ6,1.375571,0.000629,0.030397,-0.307365,0.285619,718
7717,B004W2ORIS,1.284598,0.00048,0.028389,-0.291465,0.263792,624
7718,B004W3GKU0,1.561516,-3.6e-05,0.034513,-0.296333,0.159908,152
7719,B004W3OR14,1.309394,-0.00019,0.02894,-0.260665,0.268249,716
7720,B004W4P7AI,1.876308,0.000714,0.041465,-0.440129,0.339813,701
7721,B004W55086,1.183326,0.000197,0.026154,-0.249572,0.2262,955
7722,B004W5M3LS,1.568021,0.000349,0.034655,-0.304176,0.268755,393
7723,B004W5RCNM,1.366813,0.000785,0.0302,-0.277428,0.208175,391
7724,B004W75SLI,1.52353,0.000486,0.03367,-0.296048,0.183284,199
7725,B004W8XLAM,1.522023,0.000742,0.033632,-0.276849,0.188629,169
7726,B004W8Z3IK,1.164614,0.000586,0.025734,-0.237493,0.229185,657
7727,B004WAGFQC,1.207678,0.000351,0.02669,-0.254332,0.219792,1462
7728,B004WAIG5K,1.199943,0.000378,0.026519,-0.27422,0.238602,1164
7729,B004WB892E,1.444028,0.000744,0.031908,-0.296894,0.207914,310
7730,B004WB8ZDC,1.60755,-3.5e-05,0.035531,-0.313149,0.209752,167
7731,B004WC2H8A,1.272035,0.000414,0.028112,-0.30078,0.212619,532
7732,B004WC37SY,1.256031,0.000222,0.027761,-0.276033,0.244282,531
7733,B004WD2UC2,1.23242,0.001206,0.027213,-0.313005,0.25432,508
7734,B004WDLQ7W,1.456595,-3.6e-05,0.032194,-0.316681,0.220848,268
7735,B004WDV2XA,1.32435,0.000389,0.029269,-0.294545,0.245881,638
7736,B004WG4CQ6,1.422246,0.000105,0.031435,-0.316185,0.176539,189
7737,B004WHC5G4,1.218696,0.000129,0.026936,-0.222884,0.17756,314
7738,B004WITU6Q,1.27369,0.000289,0.02815,-0.270047,0.29725,808
7739,B004WLN4U6,1.375836,-8.4e-05,0.030409,-0.27987,0.204485,270
7740,B004WMFUYI,1.425078,5.7e-05,0.031498,-0.319411,0.24289,378
7741,B004WMFV6K,1.264794,-0.000169,0.027955,-0.269605,0.225125,380
7742,B004WO9EDY,1.293516,0.000455,0.028586,-0.282766,0.234094,794
7743,B004WP28UE,1.49923,-9.9e-05,0.033137,-0.329143,0.257492,279
7744,B004WPGXMI,1.785138,0.000827,0.039447,-0.297167,0.245212,140
7745,B004WPGXSW,1.782172,0.000797,0.039382,-0.296279,0.222666,134
7746,B004WPHE3K,1.4766,2.3e-05,0.032637,-0.337596,0.286967,616
7747,B004WPHFE8,1.324159,0.000447,0.029264,-0.318253,0.263842,645
7748,B004WPHRCI,1.281592,0.000727,0.028317,-0.241112,0.17459,278
7749,B004WPHT1M,1.103748,-0.000107,0.024395,-0.212062,0.268347,927
7750,B004WPWOS0,1.144224,0.000181,0.02529,-0.253481,0.19446,704
7751,B004WQWJES,1.326338,0.000233,0.029314,-0.310099,0.226823,513
7752,B004WSXD4G,1.193843,-0.000642,0.026379,-0.236246,0.202308,1161
7753,B004X1P91C,1.301173,0.000816,0.028748,-0.259206,0.263277,447
7754,B004X1QCC2,1.291162,0.000882,0.028524,-0.250872,0.284759,572
7755,B004X1QECA,1.378452,0.001073,0.030448,-0.243236,0.20725,254
7756,B004X1QKO2,1.411831,0.001145,0.031184,-0.295029,0.230437,429
7757,B004X1QM9K,1.338866,0.000852,0.02958,-0.273581,0.243592,483
7758,B004X1QY20,1.28366,0.000455,0.028368,-0.238376,0.243808,456
7759,B004X1ZUZM,1.238763,0.000594,0.027373,-0.222658,0.237703,1234
7760,B004X42FES,1.211499,-4.6e-05,0.026777,-0.248878,0.186756,515
7761,B004X75S1C,1.347686,0.000806,0.029776,-0.279935,0.205263,432
7762,B004X853U2,1.413466,0.000433,0.031238,-0.29086,0.232696,503
7763,B004X8HB7A,1.326178,0.000258,0.029311,-0.325002,0.219152,331
7764,B004X8IFUW,1.212472,9.9e-05,0.026798,-0.2549,0.245597,1085
7765,B004X8K0UK,1.386998,4.1e-05,0.030656,-0.294505,0.216402,322
7766,B004X8K93S,1.351656,-8.7e-05,0.029875,-0.297894,0.199234,309
7767,B004X8KOEC,1.225587,9.2e-05,0.027088,-0.290669,0.241447,964
7768,B004X8KP9Q,1.433814,0.000553,0.031686,-0.319966,0.25851,462
7769,B004X9BRRO,1.202944,0.000182,0.026587,-0.253488,0.216297,1845
7770,B004X9BRU6,1.335284,0.00014,0.029513,-0.308754,0.31251,1434
7771,B004X9BSIC,1.189506,-8.8e-05,0.026291,-0.273761,0.286659,1458
7772,B004XA81OU,1.375634,0.000323,0.030403,-0.249856,0.137267,164
7773,B004XA81ZE,1.2616,-4.9e-05,0.027884,-0.32293,0.289819,1370
7774,B004XC6YUG,1.32721,0.000209,0.029334,-0.238728,0.215697,341
7775,B004XGLDG2,1.198399,0.000271,0.026486,-0.272035,0.263056,834
7776,B004XJNQXW,1.216862,0.000307,0.026894,-0.31656,0.205189,1757
7777,B004XL4IN2,1.193954,-2e-05,0.026389,-0.272591,0.233721,971
7778,B004XN18CY,1.26389,0.000359,0.027933,-0.297026,0.222205,547
7779,B004XNEH9U,1.396725,0.000423,0.030868,-0.343285,0.245476,480
7780,B004XNIR1E,1.595032,-0.000192,0.035254,-0.309649,0.192491,194
7781,B004XNPE9C,1.442934,-0.000251,0.031891,-0.303651,0.207249,226
7782,B004XTX0VA,1.407424,0.000139,0.031107,-0.332342,0.190325,220
7783,B004XWC856,1.249822,4.6e-05,0.027624,-0.268335,0.290474,733
7784,B004XY1CY2,1.363554,-1.9e-05,0.030138,-0.286717,0.211155,297
7785,B004Y0HC80,1.201944,0.000339,0.026564,-0.287853,0.281142,1370
7786,B004Y0LX5S,1.57495,0.001235,0.034788,-0.328555,0.192565,177
7787,B004Y0V0VA,1.242131,3.9e-05,0.027454,-0.277817,0.185512,224
7788,B004Y3H7MS,1.3784,0.000881,0.030453,-0.204956,0.156792,230
7789,B004Y4HT2U,1.527424,0.000664,0.033753,-0.340486,0.314886,392
7790,B004Y4HX58,1.483707,-0.00042,0.032791,-0.284387,0.244162,122
7791,B004Y4JNZ6,1.382151,0.000656,0.030542,-0.285485,0.289055,456
7792,B004Y4JOEG,1.323386,0.0005,0.029246,-0.268985,0.265553,472
7793,B004Y4JOFK,1.480225,0.000879,0.032705,-0.314966,0.232482,298
7794,B004Y548K0,1.399194,-4.1e-05,0.030926,-0.298315,0.217811,228
7795,B004Y5M8QQ,1.27548,0.000757,0.028181,-0.285407,0.189293,293
7796,B004Y5NA1I,1.30586,0.000206,0.028862,-0.275474,0.201791,333
7797,B004Y6G910,1.637221,0.000422,0.036184,-0.243496,0.195617,111
7798,B004Y6PDL2,1.2954,-0.00022,0.028631,-0.286552,0.201533,720
7799,B004Y9GS0E,1.51139,0.00065,0.033399,-0.309809,0.233916,164
7800,B004Y9GTOO,1.33284,0.000357,0.029457,-0.307331,0.207539,405
7801,B004Y9GTYE,1.315888,0.000624,0.029078,-0.292753,0.211385,406
7802,B004Y9GV60,1.310811,0.00066,0.028965,-0.295682,0.208624,411
7803,B004Y9GVZG,1.335711,0.000307,0.029521,-0.310849,0.204193,412
7804,B004Y9GY44,1.304488,0.000392,0.02883,-0.295028,0.194674,400
7805,B004Y9JO6Y,1.432447,0.000665,0.031654,-0.288158,0.281496,346
7806,B004Y9JSFG,1.523643,0.001039,0.03366,-0.331155,0.286058,482
7807,B004Y9JURC,1.395774,0.000594,0.030844,-0.291348,0.262522,385
7808,B004Y9JWIO,1.471076,0.000155,0.032514,-0.323305,0.274868,339
7809,B004Y9L4UI,1.446634,0.00066,0.031967,-0.305547,0.229842,306
7810,B004Y9L50C,1.319677,0.000524,0.029163,-0.292556,0.280417,622
7811,B004Y9L926,1.440736,0.000285,0.031843,-0.289572,0.261291,275
7812,B004Y9LAW0,1.429793,0.000249,0.031601,-0.292759,0.261957,336
7813,B004Y9LM8C,1.462022,0.000246,0.032313,-0.314853,0.271989,335
7814,B004Y9LO1M,1.45797,0.000265,0.032224,-0.319897,0.269533,337
7815,B004Y9M2U4,1.527266,0.000456,0.033753,-0.335555,0.200194,205
7816,B004Y9M4DE,1.346496,0.000368,0.029759,-0.282058,0.212202,242
7817,B004Y9M81W,1.393564,0.000613,0.030795,-0.292748,0.26367,383
7818,B004Y9PLB6,1.407794,0.000104,0.031116,-0.327622,0.269918,477
7819,B004YBC5K4,1.291092,0.000316,0.028535,-0.282342,0.18337,308
7820,B004YBW5T0,1.223388,-0.00079,0.027028,-0.251453,0.230162,2041
7821,B004YF5M0U,1.339776,0.000478,0.029609,-0.297369,0.227891,400
7822,B004YGDPI0,1.297083,0.000595,0.028663,-0.325956,0.205855,1270
7823,B004YGJXC2,1.251107,-7e-05,0.027652,-0.264068,0.224715,715
7824,B004YJ9G6C,1.392697,0.000466,0.030779,-0.283359,0.176823,207
7825,B004YJNK3W,1.366994,0.000587,0.030208,-0.304349,0.29593,623
7826,B004YL64RE,1.37418,7.4e-05,0.030373,-0.329249,0.274355,525
7827,B004YM9SVM,1.409002,0.000823,0.031132,-0.309495,0.221433,356
7828,B004YNJZUA,1.390817,0.000595,0.030735,-0.359748,0.218992,392
7829,B004YRTZG0,1.314157,0.000276,0.029045,-0.283436,0.23137,545
7830,B004YRUDIY,1.337621,-0.000155,0.029564,-0.230371,0.183004,198
7831,B004YRUYE2,1.459978,-0.000284,0.032268,-0.263732,0.172035,159
7832,B004YRVCGQ,1.408636,-0.000413,0.031132,-0.218881,0.160684,188
7833,B004YUIR9I,1.479733,0.000889,0.032694,-0.26376,0.156078,147
7834,B004YVDIAU,1.421089,0.000142,0.031409,-0.281894,0.249004,317
7835,B004YWGP7W,1.109786,0.000132,0.024529,-0.295889,0.207338,714
7836,B004YWRYUY,1.392544,0.000887,0.030766,-0.311271,0.215664,245
7837,B004YWS430,1.217486,0.0003,0.026908,-0.299165,0.240245,1142
7838,B004YZ9GOS,1.332978,0.000462,0.029458,-0.245957,0.189479,203
7839,B004YZMKKU,1.67714,0.000889,0.037058,-0.309187,0.205523,93
7840,B004YZMKLE,1.638569,0.000423,0.036214,-0.329763,0.236566,116
7841,B004YZMKLY,1.702334,0.000716,0.037619,-0.317276,0.231716,108
7842,B004Z1L3E2,1.376386,-9.5e-05,0.030421,-0.308781,0.229986,346
7843,B004Z1L3JC,1.379115,-7.5e-05,0.030482,-0.303181,0.217802,392
7844,B004Z1O6U0,1.282013,-1.7e-05,0.028336,-0.283086,0.212192,459
7845,B004Z1ZRD0,1.275882,-0.00012,0.0282,-0.281717,0.209964,450
7846,B004Z209HS,1.174792,0.000211,0.025965,-0.304741,0.182645,1241
7847,B004Z2NPK6,1.424601,0.001354,0.031458,-0.290042,0.237232,314
7848,B004Z40048,1.2814,0.000415,0.028319,-0.264403,0.219715,1366
7849,B004Z5H0XG,1.249464,9.1e-05,0.027616,-0.260064,0.215758,740
7850,B004Z67NSM,1.31246,0.000236,0.029008,-0.299671,0.244509,2137
7851,B004ZBHXLY,1.200496,-0.000128,0.026534,-0.256289,0.224587,1073
7852,B004ZC13OG,1.359311,0.000386,0.030042,-0.310327,0.227471,569
7853,B004ZD2LIW,1.226751,6.5e-05,0.027114,-0.225432,0.168835,320
7854,B004ZD2M5O,1.236217,0.00031,0.027322,-0.233913,0.176487,312
7855,B004ZD2M68,1.305559,0.000247,0.028855,-0.26905,0.200597,335
7856,B004ZD2M6I,1.27104,0.00027,0.028092,-0.282949,0.266762,2424
7857,B004ZD2M6S,1.257006,0.000395,0.02778,-0.249294,0.180521,331
7858,B004ZF04PW,1.458785,-0.00017,0.032242,-0.329579,0.209043,308
7859,B004ZGAOCE,1.409405,0.000423,0.031148,-0.307556,0.221732,298
7860,B004ZH5MTS,1.23933,0.00062,0.027385,-0.268858,0.232674,1820
7861,B004ZI6AQQ,1.245839,0.000206,0.027535,-0.273873,0.246043,390
7862,B004ZLBEW8,1.267758,0.000288,0.028019,-0.286857,0.167763,545
7863,B004ZLZ77G,1.366218,-0.000101,0.030197,-0.325459,0.203902,386
7864,B004ZLZR8A,1.408794,-3e-05,0.031138,-0.282612,0.222513,197
7865,B004ZMCUIO,1.31832,0.000298,0.029137,-0.286458,0.200172,332
7866,B004ZMTK1Y,1.174253,-0.000215,0.025953,-0.286408,0.215113,766
7867,B004ZN7PP6,1.433236,0.000223,0.031677,-0.383378,0.24568,382
7868,B004ZNEMGQ,1.109023,-0.000339,0.02451,-0.256403,0.181957,1898
7869,B004ZNEMK2,1.316833,-0.000117,0.029105,-0.288124,0.177877,183
7870,B004ZQ7K0I,1.357564,0.000163,0.030005,-0.308172,0.246524,273
7871,B004ZT0CQO,1.517865,0.000829,0.033538,-0.278458,0.210704,165
7872,B004ZT0SSG,1.694545,0.000623,0.037448,-0.295111,0.253947,119
7873,B004ZWGXS2,1.278243,0.000223,0.028251,-0.257705,0.239561,840
7874,B004ZWH30O,1.373191,-4.4e-05,0.030351,-0.279385,0.285896,544
7875,B004ZWH39A,1.506651,0.00016,0.0333,-0.359972,0.257574,388
7876,B004ZWH3WC,1.356649,0.000171,0.029985,-0.302024,0.296922,873
7877,B004ZWH4BC,1.370704,0.000198,0.030295,-0.312107,0.238245,445
7878,B004ZWH4IK,1.271719,-0.000104,0.028108,-0.247119,0.26068,796
7879,B004ZWH4JO,1.456189,-6e-06,0.032185,-0.343161,0.214958,155
7880,B004ZWMDZ4,1.405272,0.000102,0.03106,-0.291562,0.236528,278
7881,B004ZYFG3I,1.327199,0.000425,0.029331,-0.319148,0.201803,340
7882,B004ZZXPEY,1.589541,-0.000255,0.035132,-0.301991,0.232146,125
7883,B00502NMTE,1.208732,-2.7e-05,0.026716,-0.279522,0.170761,545
7884,B00502NMTO,1.37021,0.00011,0.030285,-0.315106,0.222056,547
7885,B00506WLPG,1.174954,3.2e-05,0.025969,-0.245982,0.183131,1138
7886,B00506XJIY,1.304559,0.00048,0.02883,-0.257777,0.239126,566
7887,B0050707MY,1.113172,-0.000216,0.024603,-0.293248,0.240144,923
7888,B00507HUBK,1.179552,0.00109,0.026048,-0.247437,0.249735,528
7889,B00507T7XO,1.239479,0.000221,0.027395,-0.30073,0.234481,581
7890,B00508C7O4,1.39182,3.3e-05,0.030763,-0.315084,0.276034,506
7891,B00508Y0EO,1.439479,0.000911,0.031803,-0.320081,0.234493,329
7892,B0050CCQK0,1.386966,0.000448,0.030652,-0.318135,0.243686,573
7893,B0050CFD1O,1.234507,0.000206,0.027285,-0.279606,0.254927,1042
7894,B0050EB0BE,1.590044,0.000715,0.035137,-0.27379,0.191871,195
7895,B0050GPSW4,1.418393,0.00023,0.031349,-0.335628,0.256993,718
7896,B0050I2VTA,1.447956,0.000597,0.031998,-0.338173,0.205844,311
7897,B0050I2WUI,1.436711,-5.9e-05,0.031755,-0.297535,0.247147,751
7898,B0050IJBDO,1.432346,-0.000233,0.031658,-0.235412,0.184185,156
7899,B0050INH2U,1.393627,6.6e-05,0.030803,-0.301323,0.215414,352
7900,B0050JD7I8,1.254516,0.000159,0.027727,-0.26462,0.300592,548
7901,B0050JS5M6,1.388611,-0.000215,0.030691,-0.290475,0.20643,289
7902,B0050NWCQ2,1.190238,0.000536,0.026302,-0.241494,0.156362,291
7903,B0050OAHY0,1.307327,-0.00018,0.028895,-0.30351,0.193806,380
7904,B0050OC180,1.568543,0.000589,0.034664,-0.360931,0.277098,156
7905,B0050OM5GI,1.346946,-0.000238,0.02977,-0.308736,0.238861,412
7906,B0050OX4O0,1.288408,0.000171,0.028477,-0.320249,0.260458,625
7907,B0050PMZNK,1.422407,0.000545,0.031434,-0.338659,0.292332,523
7908,B0050PWTMM,1.359689,0.000526,0.030048,-0.183758,0.16145,122
7909,B0050PZ0SW,1.407583,0.000122,0.031111,-0.28415,0.205139,254
7910,B0050QJ0S2,1.731578,0.00064,0.038267,-0.312732,0.232092,122
7911,B0050QJ0YQ,1.576629,0.000654,0.034841,-0.270051,0.216948,111
7912,B0050QJ1HM,1.489738,-3.8e-05,0.032927,-0.329269,0.234185,265
7913,B0050QJ1YU,1.453825,-1e-04,0.032133,-0.315285,0.227454,267
7914,B0050QKTE6,1.512839,-0.000116,0.033437,-0.31582,0.1847,108
7915,B0050QLDGY,1.632654,0.000331,0.036084,-0.324653,0.235796,116
7916,B0050QLE4U,1.508936,-6.1e-05,0.033351,-0.317046,0.187397,110
7917,B0050QM0PM,1.519128,0.000127,0.033576,-0.30716,0.185308,111
7918,B0050RY36K,1.254682,-5.4e-05,0.027732,-0.307261,0.248938,1278
7919,B0050VAIBK,1.291606,0.00019,0.028547,-0.239673,0.154823,229
7920,B0050VKEWS,1.234989,6.6e-05,0.027296,-0.290608,0.285247,997
7921,B0050WT2I4,1.061937,0.000193,0.023471,-0.200983,0.214891,659
7922,B00512CREO,1.564421,0.000793,0.034568,-0.269734,0.224009,119
7923,B00513GE6K,1.348378,0.000998,0.029786,-0.236693,0.183488,243
7924,B00518N02Q,1.525098,0.000116,0.033708,-0.344177,0.257291,335
7925,B00518N0EO,1.540188,0.001023,0.034027,-0.298426,0.211038,170
7926,B00518N2J2,1.5458,0.000377,0.034164,-0.273006,0.201922,101
7927,B00518N2JC,1.515994,0.000158,0.033507,-0.267069,0.192057,107
7928,B00518ZIF8,1.322493,0.000196,0.02923,-0.252062,0.155048,242
7929,B0051918JW,1.207434,-0.000204,0.026687,-0.280844,0.229476,1215
7930,B0051AZAMW,1.293576,-0.000269,0.02859,-0.275642,0.234558,600
7931,B0051D2KTA,1.430647,0.000544,0.031616,-0.320558,0.219233,398
7932,B0051DT4QM,1.21563,0.000597,0.026862,-0.277063,0.18629,394
7933,B0051E3426,1.301885,0.000474,0.028771,-0.327851,0.299858,634
7934,B0051MQ3M6,1.42671,-6.4e-05,0.031534,-0.338229,0.26061,518
7935,B0051MQ3TO,1.400021,-6.5e-05,0.030944,-0.332358,0.279106,555
7936,B0051O0BG8,1.301098,0.000873,0.028744,-0.307409,0.222038,581
7937,B0051OKLUO,1.148979,0.000767,0.025384,-0.263928,0.231974,990
7938,B0051OKX98,1.286629,0.000708,0.028429,-0.271071,0.185563,298
7939,B0051PLB6Q,1.308641,0.000416,0.028921,-0.279753,0.204361,430
7940,B0051PUWI4,1.455245,0.00019,0.032164,-0.390978,0.308614,1091
7941,B0051SDC2Y,1.470367,0.000109,0.032499,-0.392048,0.232308,1120
7942,B0051SF376,1.309314,0.000631,0.028932,-0.256873,0.229256,399
7943,B0051SX1YS,1.199543,-5.7e-05,0.026513,-0.186749,0.158351,187
7944,B0051TSKTS,1.393697,0.000593,0.030798,-0.318793,0.236539,391
7945,B0051UKI4W,1.387884,0.000764,0.030666,-0.285022,0.183799,170
7946,B0051UTN3E,1.373042,0.000597,0.030342,-0.326122,0.261862,476
7947,B0051V1EQW,1.329571,3.8e-05,0.029387,-0.30685,0.240414,356
7948,B0051ZOLAO,1.377437,0.000539,0.03044,-0.287315,0.232848,328
7949,B00521MSJS,1.260734,0.000544,0.02786,-0.327219,0.251335,1032
7950,B00521MTNS,1.515965,0.000813,0.033497,-0.278374,0.207122,164
7951,B00521QSJY,1.522404,0.000839,0.033638,-0.282912,0.211436,169
7952,B0052457X4,1.525934,0.000126,0.033727,-0.280854,0.189258,97
7953,B00524U4J6,1.371709,0.000302,0.030317,-0.319134,0.214257,408
7954,B005260HJG,1.229551,0.00048,0.027172,-0.253391,0.160416,283
7955,B00528M5IU,1.322958,0.000669,0.029233,-0.319415,0.223235,382
7956,B0052BHMOE,1.565266,0.000849,0.034586,-0.277344,0.216206,110
7957,B0052BHMOO,1.637458,0.001009,0.036178,-0.315158,0.184306,87
7958,B0052D4416,1.33087,0.000402,0.029413,-0.278997,0.242876,543
7959,B0052D4EIE,1.36748,0.000632,0.030218,-0.295013,0.213109,237
7960,B0052FXPVY,1.49672,0.000588,0.033076,-0.278463,0.180334,212
7961,B0052FZ3CI,1.50841,0.000231,0.033339,-0.295461,0.183424,197
7962,B0052G15UG,1.48447,0.000471,0.032807,-0.274985,0.174114,193
7963,B0052GADTK,1.212699,0.000153,0.026803,-0.30295,0.209038,1052
7964,B0052L1YZC,1.28941,0.000145,0.028499,-0.23521,0.185134,251
7965,B0052OVGJI,1.21854,0.000139,0.026932,-0.26961,0.18608,424
7966,B0052P0ZX0,1.355994,0.000373,0.029969,-0.298592,0.209507,459
7967,B0052T7V56,1.09673,0.00046,0.024236,-0.215677,0.17968,1937
7968,B0052TLJEU,1.382986,0.000501,0.030563,-0.239012,0.210935,194
7969,B00534WZIS,1.444496,-7.9e-05,0.031927,-0.267226,0.166138,126
7970,B005356O34,1.22248,-3.6e-05,0.02702,-0.251424,0.229371,524
7971,B00535NI7E,1.604029,0.000615,0.035448,-0.282199,0.246334,188
7972,B00535OW6A,1.388807,0.000813,0.030685,-0.303676,0.219533,399
7973,B005382C2I,1.296926,0.000513,0.028661,-0.248224,0.229207,467
7974,B00538B7CO,1.401989,0.00056,0.030982,-0.289043,0.248294,405
7975,B00538EAAK,1.272483,8.9e-05,0.028125,-0.29522,0.249327,883
7976,B00538TSMU,1.351078,0.001057,0.029843,-0.202302,0.188153,232
7977,B0053HB130,1.566469,-0.000533,0.034619,-0.311252,0.185541,181
7978,B0053L2E1O,1.159179,-0.000202,0.02562,-0.303795,0.229595,1019
7979,B0053MNL5G,1.277116,-0.000163,0.028227,-0.318724,0.283295,1037
7980,B0053P6UTC,1.3068,0.001003,0.028866,-0.298825,0.333875,893
7981,B0053PTTU4,1.340718,0.000389,0.029631,-0.293328,0.174606,257
7982,B0053QZAII,1.521509,0.000579,0.033624,-0.278123,0.224356,154
7983,B0053SYDI4,1.363753,0.000822,0.030131,-0.291788,0.275857,407
7984,B0053T4HI4,1.609718,-3e-06,0.035579,-0.314105,0.212332,164
7985,B0053TDRQM,1.270766,0.000195,0.028086,-0.224804,0.14923,248
7986,B0053UCMP8,1.465443,5.8e-05,0.03239,-0.286735,0.184577,166
7987,B0053UEB1G,1.077164,0.000582,0.023801,-0.209103,0.220145,1661
7988,B0053YJZKY,1.189919,0.000514,0.026295,-0.234519,0.284429,621
7989,B0053Z5IHM,1.220614,-0.000272,0.026977,-0.253124,0.200518,1122
7990,B0053ZA1ME,1.293421,0.000625,0.028581,-0.297424,0.251454,885
7991,B0053ZK5TI,1.197744,0.000467,0.026469,-0.249879,0.149177,495
7992,B00543733U,1.433573,0.000295,0.031684,-0.321471,0.285884,714
7993,B00546F4CY,1.35782,-0.000202,0.030011,-0.376133,0.293908,595
7994,B00547H5U2,1.25538,-0.000318,0.027745,-0.272711,0.273232,1762
7995,B00547HS36,1.300776,0.000801,0.028739,-0.26182,0.292269,543
7996,B00547HSP4,1.249093,0.000303,0.027606,-0.283931,0.216749,501
7997,B00548TC5C,2.02218,0.000575,0.044691,-0.410197,0.345099,384
7998,B0054EU4Z8,1.550981,0.000383,0.034278,-0.358949,0.223267,330
7999,B0054GBXOW,1.303399,0.000108,0.028808,-0.256525,0.187645,368
8000,B0054GLD1U,1.357382,-0.000432,0.029998,-0.251968,0.170187,106
8001,B0054J38CE,1.530163,9e-05,0.03382,-0.24703,0.18189,79
8002,B0054JDN8S,1.445315,0.000731,0.031937,-0.262083,0.15379,175
8003,B0054MS97A,1.470828,0.000182,0.032508,-0.324412,0.24489,219
8004,B0054MSBZA,1.464913,0.000757,0.032369,-0.263823,0.215569,247
8005,B0054MSD62,1.296379,0.000159,0.028653,-0.283336,0.235915,769
8006,B0054QHA26,1.343559,0.000227,0.029695,-0.298742,0.243391,464
8007,B0054QJCQI,1.191932,0.000257,0.026343,-0.261327,0.249251,690
8008,B0054Y0FAW,1.271359,0.000666,0.028092,-0.281687,0.261763,526
8009,B0054Y0PMK,1.362942,0.000459,0.030121,-0.338148,0.214704,490
8010,B0054YMOFG,1.253266,-0.000459,0.027696,-0.29203,0.213273,552
8011,B00550JBQ4,1.383719,0.000613,0.030577,-0.2571,0.172145,241
8012,B00557MWPE,1.448595,-0.000166,0.032017,-0.316407,0.189957,181
8013,B00557OUEU,1.34511,-0.000201,0.02973,-0.273866,0.171607,147
8014,B00557ZHK6,1.474031,0.00012,0.03258,-0.315166,0.25195,247
8015,B005584GCK,1.498189,0.000393,0.033111,-0.325098,0.277102,233
8016,B005593XAA,1.31084,-0.00015,0.028972,-0.253778,0.200345,247
8017,B0055B08GA,1.529435,0.000733,0.033796,-0.290611,0.209922,161
8018,B0055E1UCI,1.367181,0.00073,0.030209,-0.29365,0.232169,416
8019,B0055E61KY,1.396714,0.000835,0.03086,-0.321984,0.263106,530
8020,B0055ERUC2,1.328573,2.1e-05,0.029365,-0.295137,0.193593,368
8021,B0055FF2XU,1.125245,0.000326,0.024869,-0.244973,0.182532,1611
8022,B0055FF3SE,1.358673,-8e-06,0.03003,-0.309515,0.18619,195
8023,B0055HK65W,1.327936,-3.1e-05,0.029351,-0.292305,0.243094,890
8024,B0055HYT78,1.255482,-0.000193,0.027749,-0.303978,0.248185,685
8025,B0055J4OVC,1.087796,0.000416,0.024039,-0.268635,0.195794,1415
8026,B0055J812U,1.472436,0.001065,0.032527,-0.220101,0.208804,153
8027,B0055JCZJK,1.381489,0.00012,0.030534,-0.28387,0.274154,1251
8028,B0055KRIJQ,1.200503,0.000585,0.026528,-0.299688,0.187657,1759
8029,B0055MYJ0U,1.241548,-7.7e-05,0.027441,-0.300973,0.246308,783
8030,B0055Q6MYM,1.336205,0.000346,0.029531,-0.258075,0.206183,263
8031,B0055S4BZ2,1.220642,7.1e-05,0.026979,-0.23218,0.285652,854
8032,B0055STG20,1.196806,-0.000176,0.026452,-0.270504,0.15278,719
8033,B0055TA53I,1.513287,1e-04,0.033447,-0.268433,0.231957,156
8034,B0055UUT74,1.512532,0.000143,0.03343,-0.349416,0.234288,211
8035,B0055Y9AIY,1.438307,0.000239,0.031789,-0.283337,0.261497,249
8036,B00563CM5M,1.464323,0.00072,0.032357,-0.314111,0.191884,192
8037,B00563K6VO,1.323152,0.00028,0.029244,-0.253496,0.178569,225
8038,B005679UIA,1.353342,-3e-05,0.029912,-0.307074,0.204653,240
8039,B0056AE8I4,1.224927,-4e-06,0.027074,-0.263697,0.19548,547
8040,B0056AY5GY,1.230293,8.7e-05,0.027192,-0.248196,0.253751,580
8041,B0056BUFPI,1.110612,-1.6e-05,0.024547,-0.241638,0.201494,951
8042,B0056FL4FY,1.310706,0.000238,0.028969,-0.29154,0.236604,471
8043,B0056GDG90,1.548769,0.000171,0.034231,-0.297869,0.196321,100
8044,B0056GIKI2,1.42555,0.000283,0.031507,-0.307929,0.223525,392
8045,B0056JONIU,1.239762,0.000671,0.027394,-0.270533,0.254995,1379
8046,B0056JPBLS,1.363124,0.000386,0.030126,-0.308285,0.229933,314
8047,B0056JVQ8A,1.253771,-3.4e-05,0.027711,-0.29449,0.24604,526
8048,B0056K61FM,1.303141,0.000621,0.028796,-0.266357,0.225021,300
8049,B0056KD6N2,1.518832,0.000656,0.033564,-0.289621,0.19927,170
8050,B0056L1JGM,1.445713,0.000832,0.031943,-0.308533,0.191813,216
8051,B0056MYSHI,1.457278,5.1e-05,0.032209,-0.333258,0.215135,357
8052,B0056UDXDK,1.253116,-0.000149,0.027697,-0.293283,0.325898,1087
8053,B0056VE108,1.502028,0.000796,0.033189,-0.339869,0.308661,405
8054,B0056VEYMS,1.2701,5.7e-05,0.028072,-0.272193,0.21364,606
8055,B0056Z278M,1.367094,0.000769,0.030206,-0.29663,0.236055,399
8056,B005708HQ2,1.277168,-1e-04,0.028228,-0.263587,0.239728,1319
8057,B00576OC1U,1.155922,0.000352,0.025546,-0.228936,0.158529,278
8058,B00578Y7P4,1.409248,0.000908,0.031135,-0.250038,0.217447,134
8059,B00578Y7YK,1.546588,0.000442,0.034181,-0.322651,0.253992,243
8060,B0057JCYYE,1.305896,0.00074,0.028854,-0.235056,0.183022,196
8061,B0057MHTAA,1.348756,-0.000452,0.029807,-0.293473,0.22452,1907
8062,B0057N3TPS,1.379711,0.000681,0.030487,-0.277704,0.253102,324
8063,B0057NE6OG,1.361851,0.000168,0.0301,-0.280083,0.269538,406
8064,B0057NE7NQ,1.411573,-5e-05,0.031199,-0.252387,0.172282,169
8065,B0057NE7XG,1.302582,0.000355,0.028788,-0.259125,0.254281,452
8066,B0057RIM5G,1.380809,-0.000444,0.030516,-0.325016,0.177011,197
8067,B0057UOZ2C,1.502605,0.001613,0.033172,-0.273769,0.200717,152
8068,B0057UPOJ0,1.425056,0.001613,0.031456,-0.260721,0.197611,154
8069,B0057UQ8KE,1.478454,0.001466,0.032645,-0.288905,0.209417,158
8070,B0057UR38A,1.458524,0.001458,0.032204,-0.246138,0.200304,156
8071,B0057US3O8,1.466357,0.00158,0.032372,-0.251662,0.197331,151
8072,B0057VH8QQ,1.355298,0.000851,0.029943,-0.272177,0.267155,469
8073,B0057VQ9R0,1.628206,0.000508,0.035984,-0.316009,0.242531,123
8074,B0057WJ264,1.306071,0.000636,0.02886,-0.251928,0.214887,320
8075,B0057XJQPK,1.26935,0.000562,0.02805,-0.277673,0.248722,733
8076,B0057XLHR0,1.484821,0.000591,0.032813,-0.334658,0.29473,360
8077,B0057Y6IJG,1.251299,0.000473,0.027653,-0.264057,0.282736,954
8078,B005844RDE,1.47521,0.000221,0.032605,-0.360328,0.298847,318
8079,B005851HJU,1.303707,-0.00031,0.028814,-0.359861,0.240229,1157
8080,B0058CJUIS,1.367223,0.000142,0.030219,-0.299636,0.32497,1008
8081,B0058CJUWO,1.49704,0.000517,0.033084,-0.310236,0.237666,209
8082,B0058CJV50,1.388019,0.000324,0.030677,-0.301961,0.257552,467
8083,B0058CJV9G,1.384409,0.000105,0.030599,-0.305405,0.320628,1154
8084,B0058DC6YM,1.210066,-6.2e-05,0.026745,-0.273656,0.214981,1051
8085,B0058E3XJI,1.494205,0.000317,0.033024,-0.328946,0.258829,451
8086,B0058GW8HE,1.430353,0.0008,0.031604,-0.261744,0.229306,239
8087,B0058H0GA4,1.333319,0.000699,0.029461,-0.280372,0.205917,409
8088,B0058KIAHC,1.359747,0.000395,0.030051,-0.277691,0.300054,512
8089,B0058L24O6,1.107467,0.000489,0.024473,-0.228176,0.177923,1690
8090,B0058NANJC,1.348887,-0.000296,0.029812,-0.39298,0.249503,846
8091,B0058P6S2Q,1.304247,0.000598,0.028821,-0.279365,0.242307,383
8092,B0058RFU5A,1.128685,0.000484,0.024942,-0.262965,0.247156,921
8093,B0058T8QVI,1.172862,0.000265,0.025922,-0.249379,0.202279,735
8094,B0058UY9FY,1.393485,4.9e-05,0.030799,-0.322894,0.2466,427
8095,B0058X0JIM,1.404505,0.000222,0.031042,-0.290976,0.228388,380
8096,B00591CPIK,1.264893,0.000558,0.027952,-0.266747,0.260431,417
8097,B00593FFDU,1.556852,0.000817,0.034401,-0.320511,0.203527,163
8098,B0059BOXXU,1.527349,0.000798,0.033749,-0.273472,0.167657,108
8099,B0059GQYGY,1.325024,0.000468,0.029283,-0.292324,0.277547,490
8100,B0059JS2PC,1.127178,-2e-06,0.024913,-0.226437,0.199111,1143
8101,B0059KQJI8,1.376818,-0.00031,0.03043,-0.324002,0.212758,308
8102,B0059NA3MI,1.515641,-0.000133,0.033499,-0.257028,0.237506,162
8103,B0059U4AQ6,1.183332,0.000209,0.026154,-0.269302,0.236081,570
8104,B005A11VFM,1.383105,0.00104,0.030552,-0.281688,0.193188,319
8105,B005A2M7WC,1.224621,0.000738,0.027057,-0.244402,0.283059,1178
8106,B005A5Y55G,1.460875,0.000513,0.032285,-0.341765,0.284798,310
8107,B005ACLU3E,1.311158,0.00026,0.028979,-0.242588,0.188063,202
8108,B005AKBUEA,1.364561,0.000494,0.030156,-0.283073,0.257909,353
8109,B005ALWE1M,1.373819,0.000345,0.030363,-0.291105,0.205813,200
8110,B005AN3TK0,1.271296,0.00022,0.028098,-0.282519,0.190442,1664
8111,B005AN8BZ8,1.508458,0.000423,0.033338,-0.340254,0.250093,250
8112,B005AO9SLS,1.369569,-0.000183,0.03027,-0.314058,0.244167,513
8113,B005ASLR0E,1.759254,0.000916,0.038873,-0.405513,0.234841,140
8114,B005AW82Z8,1.232797,-3.9e-05,0.027248,-0.27812,0.229839,1615
8115,B005AYHHNO,1.255827,0.000679,0.027749,-0.263142,0.192303,683
8116,B005AYJ6EW,1.470575,0.000244,0.032502,-0.28666,0.203816,111
8117,B005AZFREE,1.369709,0.000496,0.03027,-0.301946,0.225599,450
8118,B005AZSE44,1.270999,-0.00047,0.028088,-0.270915,0.201054,349
8119,B005B3OBM4,1.352168,-6e-06,0.029886,-0.276068,0.257411,1026
8120,B005B9NWRS,1.273156,-0.000203,0.028139,-0.249494,0.146511,190
8121,B005BDO4TY,1.324529,0.000478,0.029271,-0.217407,0.167731,125
8122,B005BEF5EQ,1.492687,0.000208,0.032991,-0.354284,0.241165,452
8123,B005BF1M10,1.23172,0.000645,0.027216,-0.27467,0.259926,799
8124,B005BG02BU,1.230781,0.000311,0.027202,-0.321925,0.257057,742
8125,B005BH9LKC,1.427033,9.5e-05,0.031541,-0.246619,0.188525,265
8126,B005BIO4Q2,1.478201,0.000224,0.032671,-0.291369,0.273317,448
8127,B005BQ7J5W,1.17734,0.000307,0.02602,-0.256854,0.169724,467
8128,B005BQ7K8S,1.220772,0.000159,0.026982,-0.253971,0.237674,1547
8129,B005BQ7KBU,1.307241,0.000472,0.028889,-0.313775,0.30147,1154
8130,B005BQ88F2,1.292571,0.000788,0.028558,-0.218639,0.168738,271
8131,B005BQWP74,1.155047,0.000606,0.025522,-0.294782,0.26924,776
8132,B005BTCPRG,1.581356,0.00022,0.034951,-0.344645,0.251611,324
8133,B005BUG8MS,1.445044,0.000287,0.031938,-0.248073,0.211207,228
8134,B005BXEWOG,1.169196,0.000492,0.025837,-0.228929,0.172242,356
8135,B005C1C02S,1.466029,-0.000112,0.032403,-0.325179,0.272581,469
8136,B005C1FNL8,1.417004,0.000247,0.031318,-0.33171,0.246751,316
8137,B005C2N8IC,1.364325,6e-05,0.030155,-0.290017,0.178168,264
8138,B005C2NAO4,1.300958,0.000133,0.028754,-0.251835,0.223265,583
8139,B005C2NBAM,1.402221,-4e-06,0.030993,-0.246125,0.209911,237
8140,B005C2NBC0,1.384528,-7.1e-05,0.030601,-0.319191,0.229582,358
8141,B005C2O3PO,1.332636,0.000685,0.029447,-0.261862,0.184165,221
8142,B005C3SNVS,1.630189,0.000656,0.036025,-0.300994,0.222217,109
8143,B005C3ZYWE,1.259622,0.000678,0.027833,-0.25856,0.174242,279
8144,B005C48WB8,1.335339,0.00058,0.029509,-0.271752,0.254017,450
8145,B005C48WE0,1.361276,0.000394,0.030085,-0.286936,0.254217,477
8146,B005C48ZL0,1.238888,0.000459,0.027379,-0.269056,0.23502,528
8147,B005C4WPUW,1.314593,0.000233,0.029055,-0.27462,0.327231,1096
8148,B005C50W3I,1.343776,0.000631,0.029694,-0.305293,0.259316,406
8149,B005C5FP9Y,1.324242,0.000171,0.029269,-0.316966,0.26454,692
8150,B005C5IVQ8,1.544252,0.000755,0.034123,-0.337885,0.235484,214
8151,B005C78B9I,1.438119,0.000634,0.03178,-0.229921,0.148787,132
8152,B005CBI5BS,1.41813,0.000147,0.031344,-0.395786,0.261235,1311
8153,B005CE21YW,1.567203,0.000642,0.034633,-0.293446,0.168938,113
8154,B005CK3GIQ,1.339806,5.6e-05,0.029613,-0.262508,0.200065,371
8155,B005CN6M84,1.342755,0.000353,0.029676,-0.30928,0.287611,642
8156,B005CPCHNQ,1.529669,8e-05,0.033809,-0.282051,0.155728,85
8157,B005CQM6RC,1.314492,0.001404,0.02902,-0.299451,0.214818,429
8158,B005CRJUEI,1.567911,0.000807,0.034645,-0.265946,0.173078,108
8159,B005CRP69Q,1.339457,8.3e-05,0.029605,-0.262188,0.199275,191
8160,B005CSBVEE,1.249098,0.000318,0.027606,-0.280136,0.16201,224
8161,B005CSIFXY,1.446753,-0.00048,0.031973,-0.247264,0.151937,139
8162,B005CSKFJQ,1.397056,0.000269,0.030877,-0.312515,0.223862,357
8163,B005CU5382,1.411932,0.000838,0.031196,-0.343823,0.217041,327
8164,B005CX1ZQS,1.415977,0.000348,0.031295,-0.361152,0.239103,438
8165,B005CXN7X2,1.358204,0.000512,0.030015,-0.202587,0.205983,140
8166,B005D0WXPC,1.422157,0.000322,0.031432,-0.349676,0.298254,457
8167,B005D19E30,1.499265,0.000169,0.033137,-0.236053,0.178756,126
8168,B005D2SFAC,1.41922,0.000769,0.031359,-0.24876,0.200301,183
8169,B005D7F4VU,1.372406,0.00019,0.030333,-0.301399,0.28408,344
8170,B005D9TP4A,1.33521,-0.000138,0.029511,-0.282188,0.316013,717
8171,B005DHCLF2,1.57744,0.000205,0.034865,-0.328231,0.224214,186
8172,B005DISSZI,1.504263,0.000637,0.033242,-0.297971,0.217494,230
8173,B005DJ25Z6,1.150284,-0.000127,0.025424,-0.266045,0.192948,824
8174,B005DJ5AFS,1.139017,-6.5e-05,0.025175,-0.249858,0.227438,924
8175,B005DJLPKW,1.275777,0.000399,0.028195,-0.262224,0.173956,200
8176,B005DKJRTC,1.176696,0.000125,0.026008,-0.254653,0.228345,954
8177,B005DKRRAS,1.244612,0.000361,0.027507,-0.294562,0.294479,1596
8178,B005DU1H54,1.299745,1.5e-05,0.028728,-0.247274,0.210819,784
8179,B005DU5MY6,1.380175,0.000571,0.0305,-0.282746,0.230633,333
8180,B005DYJS4C,1.360626,6.6e-05,0.030073,-0.297584,0.239622,454
8181,B005DYJSX8,1.420078,0.00016,0.031387,-0.324664,0.236246,473
8182,B005E0NDEG,1.371485,0.001039,0.030295,-0.271258,0.211906,307
8183,B005E3LWDM,1.322513,0.000811,0.02922,-0.252274,0.206791,284
8184,B005E56EJC,1.253656,0.000574,0.027703,-0.330484,0.230733,796
8185,B005E95YRQ,1.361943,0.000291,0.030101,-0.306627,0.16165,166
8186,B005E9SA7C,1.313376,4.8e-05,0.029029,-0.265471,0.231838,673
8187,B005ECLAIU,1.300617,-0.00039,0.028744,-0.323524,0.236851,989
8188,B005EFNXBY,1.282312,0.000407,0.028339,-0.301301,0.264699,1190
8189,B005EFYXLI,1.315505,0.000796,0.029065,-0.230043,0.193729,252
8190,B005EH9ZY6,1.462496,0.000801,0.032315,-0.314815,0.215948,295
8191,B005EHFUJ0,1.518552,0.000279,0.033563,-0.307951,0.22525,213
8192,B005EHHWPA,1.464266,0.000642,0.032358,-0.305097,0.209283,283
8193,B005EHID3U,1.434908,0.000731,0.031707,-0.308661,0.23091,382
8194,B005EHRTSA,1.595932,0.00037,0.035272,-0.265724,0.213091,126
8195,B005EII0QO,1.564022,0.000483,0.034565,-0.331639,0.241471,201
8196,B005EII104,1.449234,0.000846,0.03202,-0.340219,0.257704,315
8197,B005EII2OY,1.336888,0.000389,0.029546,-0.277577,0.21852,309
8198,B005EIIAPA,1.334494,0.000919,0.029481,-0.289957,0.232493,331
8199,B005EIIEA6,1.344152,0.000692,0.029701,-0.272915,0.198255,232
8200,B005EIIEQA,1.339053,0.0003,0.029595,-0.299539,0.230885,241
8201,B005ELMXP0,1.199713,-0.00013,0.026516,-0.287678,0.195723,1032
8202,B005ELPNLG,1.421792,-0.000194,0.031425,-0.265419,0.155384,144
8203,B005EM5DT2,1.551453,0.000562,0.034286,-0.351092,0.276599,302
8204,B005EM895W,1.35361,0.001374,0.029887,-0.256314,0.201545,336
8205,B005EMQKHG,1.39343,-0.000188,0.030798,-0.318771,0.195026,285
8206,B005EMSGDW,1.744492,0.000339,0.038556,-0.316137,0.227077,126
8207,B005ERACPM,1.3182,-8.8e-05,0.029135,-0.28903,0.212558,758
8208,B005ETAVU6,1.23213,0.000696,0.027224,-0.311131,0.268296,868
8209,B005EVOLI2,1.140281,-0.000218,0.025202,-0.251743,0.234685,687
8210,B005EYSKQS,1.287486,-0.000357,0.028454,-0.287107,0.257145,637
8211,B005F1ILHS,1.363121,0.000167,0.030128,-0.336546,0.225808,690
8212,B005F1ISC6,1.170352,0.000131,0.025867,-0.219485,0.151221,504
8213,B005F1ISR6,1.502135,-0.000289,0.0332,-0.292376,0.228477,241
8214,B005F2AD3W,1.221687,0.000324,0.027,-0.289729,0.290354,2090
8215,B005F3VLEQ,1.371131,0.000816,0.030294,-0.311937,0.22031,290
8216,B005F3VLPU,1.406847,0.000452,0.031092,-0.268389,0.183246,127
8217,B005F4BH8A,1.232714,-0.000385,0.027243,-0.239561,0.148718,221
8218,B005F4DIKU,1.62421,-0.000258,0.035898,-0.440868,0.294436,1820
8219,B005F4EACU,1.192762,-0.000281,0.026362,-0.241623,0.184296,852
8220,B005F5HHL0,1.13477,-0.000293,0.02508,-0.273171,0.209111,660
8221,B005F5J5WY,1.290282,0.000277,0.028517,-0.291252,0.268409,810
8222,B005F5J5Z6,1.326082,0.000375,0.029307,-0.268779,0.25007,846
8223,B005F6FKOK,1.213036,0.00097,0.026794,-0.250647,0.252943,922
8224,B005FFVATK,1.210808,-0.000111,0.026762,-0.261096,0.182175,534
8225,B005FHOT6O,1.414214,0.000918,0.031244,-0.323195,0.243959,311
8226,B005FJQQMC,1.244622,0.000519,0.027504,-0.324136,0.256432,1700
8227,B005FK3M46,1.20775,0.000342,0.026692,-0.308099,0.234695,1981
8228,B005FKAQ7M,1.478618,3.1e-05,0.032681,-0.294608,0.171791,123
8229,B005FKTDLW,1.272754,0.000249,0.02813,-0.263518,0.210864,329
8230,B005FMTAC2,1.464185,0.001849,0.032309,-0.169742,0.199583,91
8231,B005FNVINA,1.620389,-0.000343,0.035813,-0.337488,0.222432,162
8232,B005FO1S0W,1.260731,4e-05,0.027865,-0.25613,0.286511,1627
8233,B005FOPQT6,1.229807,-0.000129,0.027181,-0.267768,0.234534,1045
8234,B005FPN0I4,1.258214,0.000617,0.027803,-0.225045,0.253993,704
8235,B005FPWORC,1.556512,0.000407,0.0344,-0.290696,0.212429,118
8236,B005FRGJ6M,1.340213,0.00045,0.029619,-0.260882,0.263298,385
8237,B005FU4DTE,1.248856,8.5e-05,0.027603,-0.268151,0.180131,706
8238,B005FU9SDU,1.220577,0.000331,0.026976,-0.255061,0.189202,651
8239,B005FVSH0O,1.371141,0.000244,0.030305,-0.323314,0.240235,361
8240,B005FW9JR8,1.589442,0.001217,0.03511,-0.321814,0.195378,187
8241,B005FYAQRI,1.446608,0.000239,0.031973,-0.32915,0.237006,279
8242,B005FYJB92,1.388603,0.000556,0.030687,-0.28785,0.266686,322
8243,B005FYTGYC,1.162293,-0.000268,0.025688,-0.219803,0.183912,535
8244,B005G5DTZC,1.346662,0.000643,0.029758,-0.290354,0.233691,462
8245,B005G5DXWQ,1.393113,0.000724,0.030783,-0.29386,0.245546,492
8246,B005G7QJTI,1.541207,0.001191,0.034044,-0.284585,0.200092,225
8247,B005G7QK9C,1.258499,0.000455,0.027812,-0.264438,0.162645,265
8248,B005G9E98O,1.412807,0.000628,0.03122,-0.263249,0.283117,357
8249,B005G9LPAY,1.40599,0.000522,0.031071,-0.275242,0.268315,360
8250,B005GCZ3YK,1.092354,0.000276,0.024142,-0.270936,0.189624,1968
8251,B005GDAZ9W,1.533663,-0.000108,0.033898,-0.282291,0.165388,86
8252,B005GDAZBK,1.549948,-1.4e-05,0.034258,-0.278239,0.158602,95
8253,B005GDAZCE,1.516814,3.5e-05,0.033525,-0.270976,0.177435,94
8254,B005GHMPE6,1.456237,0.000294,0.032185,-0.298122,0.247201,328
8255,B005GHP5UC,1.082526,-0.000135,0.023926,-0.250808,0.245535,822
8256,B005GMY81O,1.226123,0.000444,0.027097,-0.242185,0.243113,532
8257,B005GMY86O,1.269521,0.000322,0.028058,-0.267254,0.242834,525
8258,B005GMY8DC,1.325677,0.000349,0.029299,-0.281169,0.235971,537
8259,B005GMYPJ4,1.290006,0.000427,0.028509,-0.276761,0.235624,527
8260,B005GMYPMG,1.349552,0.000539,0.029824,-0.2876,0.218369,315
8261,B005GMYPX0,1.357822,0.000464,0.030008,-0.312287,0.226383,311
8262,B005GMYQ1Q,1.25705,0.000414,0.027781,-0.25805,0.236915,528
8263,B005GMYQ52,1.235865,0.000388,0.027313,-0.256962,0.232483,528
8264,B005GQ1PD4,1.322978,0.000544,0.029236,-0.25865,0.209941,226
8265,B005GQ6EIK,1.439356,-0.000189,0.031813,-0.333492,0.251457,340
8266,B005GQ6F4I,1.489086,-0.000293,0.032911,-0.371734,0.217678,212
8267,B005GQ6FYS,1.541632,-3.2e-05,0.034074,-0.376847,0.258277,232
8268,B005GQ6HUK,1.306911,-0.000263,0.028885,-0.266651,0.167932,151
8269,B005GQ6IPY,1.414693,-7.5e-05,0.031268,-0.320126,0.203694,165
8270,B005GQ6L0G,1.279354,0.000226,0.028276,-0.292199,0.206377,369
8271,B005GSWUY0,1.485033,0.00088,0.032811,-0.268746,0.222394,183
8272,B005GVY48M,1.382826,0.000683,0.030556,-0.296,0.198153,345
8273,B005GYL9C8,1.236394,0.000487,0.027323,-0.268528,0.216079,438
8274,B005H0ED92,1.279711,-0.000211,0.028284,-0.27598,0.22025,628
8275,B005H1525A,1.190942,7.3e-05,0.026323,-0.289553,0.237022,679
8276,B005H152J6,1.332732,0.000457,0.029453,-0.299372,0.211726,374
8277,B005H1541C,1.29025,0.000236,0.028517,-0.26848,0.289166,666
8278,B005H3UMKI,1.657782,5e-05,0.036641,-0.312605,0.223677,113
8279,B005H8PTR4,1.436612,0.000435,0.03175,-0.283005,0.208573,219
8280,B005H955YK,1.640748,1.2e-05,0.036265,-0.417613,0.261447,598
8281,B005H95F7M,1.188656,-0.000118,0.026272,-0.272446,0.175791,1128
8282,B005HIGNGU,1.41884,0.000573,0.031355,-0.319293,0.232147,323
8283,B005HIGY46,1.377614,0.000742,0.03044,-0.288008,0.223805,339
8284,B005HIGYYQ,1.357261,0.000615,0.029993,-0.287015,0.225442,332
8285,B005HIH1HA,1.359189,0.000746,0.030032,-0.280551,0.240753,330
8286,B005HIH67A,1.405417,0.000346,0.031061,-0.299449,0.218671,290
8287,B005HIH738,1.388439,0.000132,0.030688,-0.297272,0.201085,299
8288,B005HIH7YM,1.385001,0.000186,0.030611,-0.309241,0.198943,289
8289,B005HIH8LE,1.414871,0.000268,0.031271,-0.303803,0.220525,305
8290,B005HIH97C,1.369398,0.000139,0.030267,-0.288057,0.21805,307
8291,B005HIHD2I,1.375692,0.000273,0.030405,-0.323376,0.262993,509
8292,B005HIHEMC,1.383372,0.0006,0.03057,-0.310606,0.231195,329
8293,B005HIKMB2,1.406321,0.000201,0.031083,-0.293174,0.1964,349
8294,B005HJ4474,1.361132,7.8e-05,0.030084,-0.295309,0.228514,366
8295,B005HJTTM4,1.277429,-0.000229,0.028233,-0.282073,0.189196,441
8296,B005HKST1U,1.407186,0.001183,0.03108,-0.290516,0.19513,386
8297,B005HNXJOY,1.282658,0.000969,0.028333,-0.357772,0.261494,1796
8298,B005HO0A18,1.49602,-0.000241,0.033065,-0.288525,0.185395,126
8299,B005HO0A1I,1.623265,0.000315,0.035877,-0.233045,0.161789,70
8300,B005HO0A1S,1.193624,-1e-04,0.026382,-0.258884,0.248199,681
8301,B005HR7Q6M,1.253852,0.000967,0.027696,-0.276571,0.194407,364
8302,B005HSFBUE,1.328842,0.000527,0.029366,-0.279131,0.214533,401
8303,B005HYNI30,1.364337,0.000728,0.030146,-0.274435,0.263374,1305
8304,B005I03536,1.354673,0.00041,0.029939,-0.269138,0.211821,274
8305,B005I0JWEC,1.371143,-1.3e-05,0.030306,-0.322852,0.237071,570
8306,B005I0JWEM,1.232284,-0.00042,0.027233,-0.28331,0.274127,621
8307,B005I0JWGK,1.105725,-0.000427,0.024436,-0.237738,0.235899,667
8308,B005I0JWU6,1.185135,-0.000195,0.026194,-0.298022,0.213146,782
8309,B005I0JWUG,1.268412,-0.00015,0.028035,-0.318997,0.217314,907
8310,B005I0JWUQ,1.348453,-0.00019,0.029804,-0.321651,0.241615,750
8311,B005I0JWWE,1.183046,-0.000578,0.026142,-0.271538,0.256267,753
8312,B005I2MP62,1.287523,0.000427,0.028454,-0.308717,0.262589,823
8313,B005I4QTJY,1.268584,9.6e-05,0.028039,-0.282438,0.166711,287
8314,B005I64ZDY,1.346974,0.00078,0.029761,-0.289162,0.242392,333
8315,B005I8RH78,1.25433,0.000369,0.027721,-0.231002,0.163317,378
8316,B005IAACKA,1.443855,0.000842,0.031902,-0.295928,0.280063,482
8317,B005IAVBMI,1.233901,0.000647,0.027265,-0.320688,0.2635,2099
8318,B005IAWFZK,1.646609,0.000784,0.036386,-0.350736,0.252876,128
8319,B005IAWL22,1.427066,0.001022,0.031525,-0.359517,0.269483,520
8320,B005IC3PMA,1.342722,3.1e-05,0.029677,-0.233591,0.227059,352
8321,B005IC4S6M,1.329788,-8.2e-05,0.029392,-0.22178,0.206023,343
8322,B005IDTVC2,1.41866,0.000562,0.031351,-0.282296,0.257337,445
8323,B005IF3I2E,1.526733,0.000957,0.033731,-0.265495,0.203651,178
8324,B005IHEBJ6,1.268776,2.6e-05,0.028043,-0.217222,0.124591,200
8325,B005IHS8KY,1.281212,0.000128,0.028318,-0.344737,0.211514,1132
8326,B005IJTKFY,1.321896,0.000602,0.029211,-0.257151,0.221942,301
8327,B005IMHDW8,1.320979,0.000794,0.029186,-0.247881,0.266616,383
8328,B005IPJXVY,1.438848,0.000367,0.0318,-0.353279,0.212158,363
8329,B005IR3GUQ,1.182095,0.000192,0.026127,-0.252386,0.181765,644
8330,B005ISB0W6,1.335086,0.000492,0.029505,-0.283573,0.222886,450
8331,B005ITRIOY,1.403544,-9.6e-05,0.031022,-0.24546,0.185302,147
8332,B005ITRTIO,1.587499,0.000121,0.035087,-0.431619,0.26058,570
8333,B005ITZEFO,1.419974,0.000522,0.031381,-0.275082,0.18598,265
8334,B005IUGRBI,1.602756,-0.000443,0.035422,-0.384159,0.270973,505
8335,B005IUGXBM,1.136427,9.4e-05,0.025118,-0.252695,0.241396,707
8336,B005IUGXU8,1.43359,-0.000207,0.031685,-0.32193,0.205147,317
8337,B005IUKUAC,1.256753,0.000236,0.027776,-0.252958,0.279635,904
8338,B005IUXIHY,1.44843,0.000572,0.032009,-0.320566,0.298923,435
8339,B005IXAC1Q,1.547316,0.000446,0.034197,-0.331981,0.210801,180
8340,B005IXG9Y0,1.356005,0.000134,0.029971,-0.286855,0.249889,574
8341,B005IXSS4O,1.162949,-0.000128,0.025704,-0.256587,0.216842,682
8342,B005IY2IHG,1.145196,0.000855,0.025297,-0.246515,0.224811,588
8343,B005J4Y0O4,1.421406,0.000441,0.031414,-0.281941,0.165511,129
8344,B005J5SGS4,1.418903,0.000485,0.031358,-0.324653,0.248041,459
8345,B005J5T5VG,1.518355,0.000131,0.033559,-0.339634,0.290263,474
8346,B005J5TIYK,1.338534,0.000374,0.029583,-0.295739,0.210799,410
8347,B005J5TO0S,1.399723,0.000885,0.030925,-0.309281,0.231993,461
8348,B005JD4NZQ,1.181499,0.000652,0.026106,-0.257664,0.189818,1623
8349,B005JDPJ3G,1.4986,0.000529,0.033119,-0.260198,0.195841,155
8350,B005JFPGX2,1.417906,0.000765,0.03133,-0.290698,0.236764,418
8351,B005JJ4GX4,1.4338,0.000346,0.031689,-0.295063,0.2821,378
8352,B005JLLG8U,1.636815,0.000641,0.036172,-0.276818,0.201529,99
8353,B005JNK9XQ,1.361486,0.000412,0.030089,-0.274896,0.206496,296
8354,B005JPAZHE,1.428536,0.000851,0.031563,-0.246912,0.161667,162
8355,B005JPBFBY,1.259124,0.000668,0.027822,-0.275794,0.267519,592
8356,B005JQQKXQ,1.170807,0.000326,0.025876,-0.262237,0.222716,748
8357,B005JRGH0G,1.344609,0.000177,0.029719,-0.267175,0.23098,285
8358,B005JRGIDC,1.378796,-0.000131,0.030475,-0.281725,0.246396,310
8359,B005JRGJ2M,1.304243,3.5e-05,0.028827,-0.270721,0.211032,328
8360,B005JRGJ5O,1.339465,0.000448,0.029602,-0.297409,0.231276,339
8361,B005JRT7A8,1.264769,0.000803,0.027943,-0.23129,0.222111,280
8362,B005JTSS6K,1.3232,0.000916,0.029232,-0.261711,0.193038,333
8363,B005JV1YRI,1.100169,-0.000321,0.024314,-0.234412,0.186555,789
8364,B005JVFP0U,1.207145,0.000223,0.02668,-0.283313,0.186145,1290
8365,B005JVZGCW,1.282692,0.000221,0.02835,-0.269431,0.209294,440
8366,B005JYP854,1.318556,0.000381,0.029141,-0.304685,0.224302,373
8367,B005JYP96W,1.370179,0.000526,0.03028,-0.323253,0.20058,405
8368,B005JZ6PNW,1.419322,0.000763,0.031361,-0.317389,0.234266,297
8369,B005K09UV0,1.25046,9.1e-05,0.027638,-0.305714,0.199451,512
8370,B005K0DO8A,1.161264,-0.000224,0.025666,-0.243364,0.170534,528
8371,B005K0MRKG,1.266232,-2.3e-05,0.027987,-0.316383,0.231058,472
8372,B005K1UULI,1.313776,0.000562,0.029032,-0.263214,0.209915,244
8373,B005K49XXQ,1.247514,0.000403,0.02757,-0.334989,0.194178,2176
8374,B005K49Y4Y,1.213541,0.000235,0.026821,-0.313667,0.216307,1286
8375,B005K7ZUEY,1.259762,0.000508,0.027839,-0.298844,0.263272,601
8376,B005K85P3E,1.642707,0.000917,0.036296,-0.309335,0.181878,106
8377,B005K85R5A,1.271871,0.000568,0.028106,-0.298178,0.283125,1205
8378,B005K95ZVA,1.425276,1.5e-05,0.031502,-0.303956,0.253241,446
8379,B005KBCBPG,1.18361,0.000542,0.026155,-0.300662,0.210971,627
8380,B005KC1H5K,1.309822,0.000381,0.028948,-0.275241,0.255325,932
8381,B005KCAGEI,1.235005,0.000681,0.027288,-0.284401,0.239274,550
8382,B005KE017I,1.150169,-0.000445,0.025418,-0.255513,0.21435,616
8383,B005KE1IH0,1.414966,0.0004,0.031272,-0.210588,0.153282,106
8384,B005KF5WYO,1.583374,0.001576,0.034961,-0.270256,0.191391,190
8385,B005KGKMT8,1.150711,0.000127,0.025433,-0.260599,0.191129,1840
8386,B005KJ353U,1.134997,0.0005,0.025081,-0.274067,0.285872,1504
8387,B005KJ35D0,1.12188,0.00058,0.02479,-0.265135,0.292047,1540
8388,B005KK797W,1.352513,0.000267,0.029893,-0.310722,0.19157,242
8389,B005KL2IAY,1.55648,-0.00015,0.034402,-0.374012,0.29379,537
8390,B005KL3B64,1.381506,0.000238,0.030534,-0.249446,0.190137,217
8391,B005KL8BG4,1.174496,0.000193,0.025959,-0.27345,0.217001,639
8392,B005KO7NK6,1.262947,0.000204,0.027914,-0.3262,0.211017,1028
8393,B005KSBVHI,1.19401,0.000659,0.026382,-0.219254,0.25008,608
8394,B005KSZKTI,1.485555,0.000713,0.032827,-0.299292,0.170655,111
8395,B005KT4T44,1.275555,0.000361,0.028191,-0.276608,0.316746,1358
8396,B005KUGUBS,1.382843,-6.2e-05,0.030564,-0.322233,0.208166,443
8397,B005KW8K00,1.289689,-0.000115,0.028505,-0.257354,0.168068,196
8398,B005L2LGGY,1.303988,0.000106,0.028821,-0.264724,0.203696,379
8399,B005L4ULCC,1.446496,0.000762,0.031962,-0.285509,0.266798,436
8400,B005LD5EHA,1.453911,0.001675,0.032091,-0.215478,0.190529,122
8401,B005LK6F58,1.404821,0.000359,0.031048,-0.290546,0.217365,365
8402,B005LN66Y0,1.309697,0.001339,0.028917,-0.255641,0.278073,745
8403,B005LNMHZM,1.382443,-9.9e-05,0.030555,-0.223313,0.188727,224
8404,B005LNZWZ4,1.53158,0.00064,0.033846,-0.311122,0.166026,86
8405,B005LQRYKM,1.314931,0.000366,0.029061,-0.256376,0.204349,227
8406,B005LR8KY0,1.310143,0.000203,0.028957,-0.295364,0.314351,886
8407,B005LR8MSE,1.16585,0.000315,0.025766,-0.239201,0.21198,587
8408,B005LW3G9Y,1.275833,0.000213,0.028198,-0.237176,0.148674,135
8409,B005LXU3D0,1.482757,0.000381,0.03277,-0.213304,0.199233,153
8410,B005LZT9EM,1.21699,-2e-05,0.026898,-0.229267,0.203346,887
8411,B005LZT9FG,1.353907,-8.9e-05,0.029925,-0.305629,0.205002,923
8412,B005LZT9GU,1.345754,3.6e-05,0.029744,-0.308062,0.238498,642
8413,B005M05558,1.283315,0.000518,0.02836,-0.311645,0.23422,1122
8414,B005M1S68U,1.173347,0.000175,0.025933,-0.271828,0.228259,953
8415,B005M4GDKU,1.389587,0.000256,0.030712,-0.323959,0.249977,480
8416,B005ME8WK4,1.34716,0.000156,0.029775,-0.327804,0.225699,1277
8417,B005MEOJVK,1.26178,0.000414,0.027885,-0.296331,0.185394,1207
8418,B005MEPC52,1.325675,0.000401,0.029298,-0.284685,0.207715,1489
8419,B005MF19XU,1.327274,0.000158,0.029336,-0.279582,0.204021,280
8420,B005MG86TY,1.184108,0.00023,0.026171,-0.258301,0.249759,553
8421,B005MIFD3O,1.455493,-2.8e-05,0.03217,-0.292685,0.203761,217
8422,B005MIFELK,1.393282,-0.000131,0.030795,-0.351489,0.213158,358
8423,B005MIFEME,1.333244,-0.000217,0.029467,-0.294777,0.224954,332
8424,B005MIFI3E,1.409437,0.000269,0.031151,-0.275348,0.223457,279
8425,B005MIFIQG,1.399422,0.000126,0.03093,-0.286191,0.201385,291
8426,B005MIFIW0,1.439553,-3e-05,0.031818,-0.30071,0.191911,271
8427,B005MIFIWK,1.500286,0.000268,0.033159,-0.313267,0.221312,245
8428,B005MLA1JM,1.271432,0.000299,0.0281,-0.26328,0.207601,328
8429,B005MMCAX6,1.3791,0.000577,0.030476,-0.286575,0.252947,409
8430,B005MTK4RI,1.365413,5.4e-05,0.030179,-0.319078,0.181187,280
8431,B005MUPU9Y,1.526804,0.000123,0.033746,-0.240435,0.237182,123
8432,B005MW04F2,1.325898,0.00018,0.029305,-0.281465,0.204069,338
8433,B005MXAFH8,1.191138,0.000335,0.026325,-0.291304,0.213781,1128
8434,B005MYYE6U,1.255028,-4e-06,0.027739,-0.299811,0.239097,876
8435,B005MZ4A7C,1.344382,0.000665,0.029707,-0.268857,0.198157,193
8436,B005MZKF6M,1.235667,0.000356,0.027309,-0.251706,0.300597,830
8437,B005MZMET8,1.107061,-4.3e-05,0.024469,-0.23173,0.232309,2096
8438,B005MZS03C,1.598304,0.001112,0.035309,-0.341564,0.203446,161
8439,B005N2ZLHW,1.225285,0.000225,0.027081,-0.319392,0.204994,920
8440,B005N30FQ8,1.291962,0.000694,0.028547,-0.262679,0.230132,371
8441,B005N9BHQY,1.362709,9.7e-05,0.030119,-0.234167,0.197055,116
8442,B005NBRX2O,1.157364,0.000766,0.025569,-0.262433,0.252348,715
8443,B005NI80RY,1.469962,0.000287,0.032489,-0.275989,0.165318,179
8444,B005NLOLLU,1.194271,-0.000135,0.026396,-0.294373,0.276224,1353
8445,B005NOPAAS,1.323343,-3e-05,0.029249,-0.265624,0.226388,446
8446,B005NPKDQ8,1.141937,0.000828,0.025226,-0.283732,0.225727,683
8447,B005NVFW6S,1.325632,0.000654,0.029292,-0.273171,0.232067,347
8448,B005NWMR56,1.484574,0.000211,0.032812,-0.287033,0.230568,187
8449,B005NZ109W,1.392162,0.000457,0.030767,-0.307329,0.266942,442
8450,B005O0GBHC,1.314991,0.000215,0.029064,-0.253608,0.212671,513
8451,B005O100HI,1.398648,0.00047,0.03091,-0.332443,0.291577,353
8452,B005O1AASW,1.66441,0.000495,0.036784,-0.335262,0.232871,115
8453,B005O2X8R6,1.331081,0.000251,0.029419,-0.231608,0.168653,229
8454,B005O30Q0M,1.388638,0.000785,0.030682,-0.281203,0.214668,305
8455,B005O3149E,1.295071,0.000806,0.028613,-0.21535,0.172323,126
8456,B005O54SVS,1.298788,0.000357,0.028704,-0.307553,0.191213,342
8457,B005OAYNAY,1.113969,0.000482,0.024617,-0.239077,0.167499,1369
8458,B005OFAARY,1.370959,0.001051,0.030283,-0.26179,0.21174,346
8459,B005OHQUTO,1.315881,0.000224,0.029083,-0.281128,0.172423,246
8460,B005OKCM2U,1.258942,0.000378,0.027823,-0.257487,0.242518,567
8461,B005OKPZR4,1.395176,-0.000103,0.030837,-0.28679,0.18142,121
8462,B005OKQ1A4,1.400145,-0.000213,0.030946,-0.271757,0.16095,111
8463,B005OKUXEO,1.480326,0.000675,0.032712,-0.329684,0.219326,256
8464,B005OKYG9M,1.290822,0.000505,0.028526,-0.254046,0.165008,243
8465,B005OMZW48,1.368846,0.000493,0.030251,-0.315357,0.192074,420
8466,B005OS52HE,1.343513,3.4e-05,0.029695,-0.258402,0.170492,235
8467,B005OS8NZC,1.408861,0.000173,0.031139,-0.29868,0.223215,515
8468,B005OSQGN8,1.191489,0.000562,0.026329,-0.308006,0.21174,1893
8469,B005OTEH3S,1.477218,-0.000459,0.032647,-0.362789,0.225856,195
8470,B005OU2Y1E,1.389409,0.000287,0.030708,-0.22646,0.168981,152
8471,B005OU4J6C,1.246352,0.000359,0.027545,-0.253726,0.254901,1072
8472,B005OYX1QM,1.234436,5.4e-05,0.027284,-0.288376,0.172846,380
8473,B005OZC2MU,1.352321,0.001079,0.02987,-0.237221,0.181556,263
8474,B005OZD9QS,1.392297,0.001106,0.030753,-0.248838,0.189694,266
8475,B005OZDYCW,1.41113,0.001055,0.031172,-0.271526,0.232805,357
8476,B005OZEFKM,1.372997,0.000786,0.030336,-0.268024,0.223121,346
8477,B005OZF1S2,1.394564,0.001459,0.030789,-0.269067,0.226501,348
8478,B005OZFV50,1.416072,0.001052,0.031281,-0.289658,0.226208,360
8479,B005OZGDO8,1.391781,0.000926,0.030748,-0.272328,0.229536,396
8480,B005OZH88I,1.396802,0.00084,0.030861,-0.271027,0.235415,393
8481,B005OZJYUS,1.591659,0.000796,0.035171,-0.361853,0.295731,383
8482,B005OZM810,1.372848,0.000749,0.030334,-0.268178,0.19791,312
8483,B005OZN56M,1.441217,0.001102,0.031835,-0.281382,0.21962,324
8484,B005OZOIKY,1.155764,-2e-05,0.025545,-0.227508,0.221293,606
8485,B005OZQSQQ,1.318668,0.000929,0.029131,-0.2422,0.21539,332
8486,B005OZR0RC,1.359978,0.000778,0.030049,-0.315617,0.290736,409
8487,B005OZRRAW,1.327774,0.000714,0.029338,-0.300414,0.274853,408
8488,B005OZS5TO,1.310481,0.001357,0.028933,-0.233962,0.17973,297
8489,B005OZTE7Q,1.432424,0.001142,0.03164,-0.270882,0.227833,288
8490,B005OZW3ZG,1.334794,0.001096,0.029482,-0.258612,0.192581,304
8491,B005OZXHEW,1.413633,0.001211,0.031221,-0.257425,0.216515,268
8492,B005OZYPNY,1.421867,0.001064,0.031409,-0.267331,0.21702,315
8493,B005OZZO5W,1.370388,0.000628,0.030282,-0.280344,0.214456,365
8494,B005P00JRE,1.392625,0.001109,0.03076,-0.280631,0.210345,392
8495,B005P02U8A,1.293878,0.001002,0.02858,-0.220186,0.187091,295
8496,B005P0M69I,1.297216,0.001165,0.028648,-0.238949,0.204466,352
8497,B005P0OBSM,1.380777,0.001091,0.030499,-0.256546,0.202827,330
8498,B005P0QN56,1.341059,0.000742,0.029631,-0.269302,0.213944,308
8499,B005P0W90Y,1.315833,-0.000192,0.029083,-0.306465,0.275669,624
8500,B005P0YLIM,1.378409,0.001557,0.030426,-0.246335,0.181868,309
8501,B005P11F4O,1.39713,0.001188,0.030857,-0.263268,0.20803,307
8502,B005P4NQJ8,1.567225,0.000668,0.034633,-0.263712,0.213764,98
8503,B005PHMT84,1.4535,0.000724,0.032118,-0.280993,0.255397,136
8504,B005PWB64M,1.621226,0.000159,0.035833,-0.318401,0.181051,96
8505,B005PYW5BS,1.506182,0.000934,0.033277,-0.251906,0.167731,103
8506,B005PYWS60,1.381372,0.000835,0.03052,-0.240126,0.168291,120
8507,B005PZ2PNK,1.425718,0.000194,0.031511,-0.30656,0.164977,181
8508,B005Q06WBU,1.400142,0.000461,0.030943,-0.22418,0.169148,142
8509,B005Q8P3OE,1.434433,0.000378,0.031702,-0.317912,0.173065,182
8510,B005QAGXGE,1.390744,0.000382,0.030737,-0.328719,0.210034,305
8511,B005QDL1K4,1.724708,0.00074,0.038113,-0.328525,0.226948,155
8512,B005QDYH8M,1.409617,-0.00014,0.031156,-0.254947,0.200614,133
8513,B005QPBBO8,1.548386,0.001321,0.034198,-0.289604,0.211329,215
8514,B005QZQ9JU,1.535021,0.000514,0.033924,-0.297695,0.238391,167
8515,B005R230EO,1.167331,0.000266,0.0258,-0.245296,0.178196,1609
8516,B005R3IPJI,1.237074,-0.000151,0.027342,-0.349291,0.244151,648
8517,B005R3UYEW,1.350944,0.000227,0.029858,-0.265031,0.228394,410
8518,B005R4LSX2,1.390872,0.000743,0.030733,-0.262354,0.178763,116
8519,B005R4TO6K,1.650626,0.001339,0.036458,-0.337845,0.198054,157
8520,B005REYEXS,1.215347,0.000537,0.026857,-0.26425,0.20855,1703
8521,B005RF98HE,1.093511,0.001033,0.024147,-0.236733,0.210203,632
8522,B005RFD1N6,1.434738,5.5e-05,0.031711,-0.259184,0.197257,130
8523,B005RFI1YK,1.368784,0.000739,0.030245,-0.293292,0.183391,233
8524,B005RQIS9W,1.445909,0.000849,0.031947,-0.315189,0.276243,463
8525,B005S10A6A,1.282623,0.000344,0.028347,-0.272215,0.190663,491
8526,B005S4H3IA,1.56696,0.000207,0.034633,-0.332943,0.192269,168
8527,B005SAAM2S,1.509676,0.000819,0.033358,-0.234014,0.171284,99
8528,B005SBCNHE,1.202285,-0.000294,0.026572,-0.261785,0.245241,2028
8529,B005SD1YVS,1.601643,0.000909,0.035389,-0.378975,0.42604,451
8530,B005SHR4LS,1.477306,0.000369,0.03265,-0.298429,0.239784,267
8531,B005SHT1KK,1.372203,0.000348,0.030327,-0.263815,0.227432,276
8532,B005SHUDSO,1.146092,2.7e-05,0.025331,-0.248455,0.244106,722
8533,B005SJSQIG,1.374568,0.000629,0.030375,-0.27363,0.294892,530
8534,B005SM8CT6,1.532827,0.001099,0.033861,-0.283578,0.198003,213
8535,B005SPETGS,1.168205,6.9e-05,0.02582,-0.267693,0.230936,2238
8536,B005SPETH2,1.217911,-8.1e-05,0.026919,-0.264869,0.26744,2271
8537,B005SPETHW,1.202609,-0.000109,0.02658,-0.271238,0.260251,2381
8538,B005SPEU30,1.394371,0.000219,0.030818,-0.313934,0.260378,348
8539,B005SPEU44,1.553556,-0.00019,0.034337,-0.313055,0.175145,111
8540,B005SPEWLA,1.289846,0.000815,0.028497,-0.242601,0.251061,390
8541,B005SPWI3O,1.280604,0.000146,0.028304,-0.331539,0.248091,781
8542,B005SRTDWQ,1.210308,0.000281,0.026749,-0.320459,0.22659,1433
8543,B005SUN1SK,1.355786,3.3e-05,0.029966,-0.300165,0.228516,303
8544,B005SV1R1W,1.370885,0.000293,0.030299,-0.322487,0.222997,342
8545,B005SWRTP4,1.418208,0.000889,0.031333,-0.264268,0.215894,230
8546,B005T306QG,1.341596,-2.8e-05,0.029653,-0.30929,0.195846,345
8547,B005T4CNIO,1.452147,0.000638,0.03209,-0.291134,0.224301,260
8548,B005THVY68,1.326369,0.000181,0.029315,-0.265497,0.224164,383
8549,B005TI2A74,1.39362,1.6e-05,0.030802,-0.334026,0.248022,484
8550,B005TI2AAQ,1.397529,-0.000239,0.030888,-0.312174,0.261858,668
8551,B005TI2AII,1.408942,0.000151,0.031141,-0.302096,0.279698,560
8552,B005TI4L12,1.577194,0.00074,0.034852,-0.242766,0.253443,145
8553,B005TI4L8U,1.317876,-4.9e-05,0.029128,-0.264439,0.263901,545
8554,B005TI7L6O,1.59205,0.000988,0.035174,-0.24236,0.204462,123
8555,B005TI7L7I,1.588044,0.001089,0.035083,-0.233937,0.204288,121
8556,B005TI7LB4,1.598665,-0.000336,0.035333,-0.282401,0.165698,91
8557,B005TI7LD2,1.433385,-0.000118,0.031681,-0.258605,0.184837,105
8558,B005TI7LHS,1.467195,7e-06,0.032429,-0.237834,0.173749,110
8559,B005TI7NPI,1.423806,0.000554,0.031465,-0.225987,0.14738,101
8560,B005TI7NQ2,1.600554,0.00059,0.035371,-0.28332,0.203494,107
8561,B005TI7NQW,1.472355,0.000624,0.032537,-0.315705,0.303125,591
8562,B005TI7NRG,1.515926,0.000176,0.033505,-0.240621,0.158167,78
8563,B005TI7Q2S,1.51272,0.000329,0.033433,-0.234566,0.170352,92
8564,B005TI7Q3C,1.534729,9.1e-05,0.033921,-0.250384,0.180101,64
8565,B005TI7Q3M,1.36354,0.000262,0.030136,-0.310643,0.226192,414
8566,B005TK9KGQ,1.390506,9.3e-05,0.030734,-0.333445,0.276809,427
8567,B005TKVM2G,1.365756,0.000464,0.030183,-0.293365,0.167169,184
8568,B005TKZS76,1.374498,0.000831,0.030368,-0.294141,0.205561,302
8569,B005TT8Q4O,1.371872,0.000623,0.030315,-0.358132,0.1918,442
8570,B005TT8RA2,1.434447,0.000851,0.031693,-0.387202,0.223976,445
8571,B005TT8RPM,1.469868,0.000829,0.032477,-0.401442,0.240293,440
8572,B005TT8T46,1.275176,0.000882,0.028171,-0.280999,0.192932,952
8573,B005TT8T4G,1.24932,0.000637,0.027606,-0.334129,0.205049,690
8574,B005TT8TPU,1.394044,0.000705,0.030804,-0.370138,0.197982,442
8575,B005TT8UJK,1.25937,0.000796,0.027824,-0.348215,0.196609,752
8576,B005TT8VMG,1.372583,0.000659,0.03033,-0.358506,0.189188,444
8577,B005TT8WPM,1.368602,0.000653,0.030242,-0.355603,0.187282,443
8578,B005TTSDYW,1.349598,-0.000228,0.029829,-0.259537,0.194085,264
8579,B005TTY53U,1.342608,-0.000311,0.029673,-0.267834,0.189469,365
8580,B005U10WK2,1.242871,0.000327,0.027469,-0.27418,0.233171,567
8581,B005U33DO2,1.405415,-0.000303,0.031062,-0.300372,0.218821,521
8582,B005UBN2AO,1.632423,0.000189,0.03608,-0.308064,0.172996,89
8583,B005UBN3GW,1.209318,0.000821,0.026716,-0.236492,0.204802,384
8584,B005UBN3L2,1.295815,0.000677,0.028633,-0.258088,0.21655,386
8585,B005UBN3MG,1.23462,0.000978,0.027271,-0.244085,0.208196,398
8586,B005UBN3NU,1.218975,0.000808,0.02693,-0.259122,0.22176,439
8587,B005UBN3O4,1.215247,0.000762,0.026849,-0.244948,0.218684,458
8588,B005UBN57O,1.250024,0.000806,0.027617,-0.263242,0.20796,402
8589,B005UBN5AQ,1.352996,0.001121,0.029884,-0.189232,0.175273,120
8590,B005UFN3VS,1.672061,0.001073,0.036941,-0.359906,0.33355,569
8591,B005UGVIQ4,1.485267,0.000827,0.032818,-0.371562,0.213403,204
8592,B005UHRKU6,1.156126,0.000423,0.02555,-0.242479,0.227164,795
8593,B005UHS46U,1.258455,7.7e-05,0.027815,-0.234142,0.175612,227
8594,B005UHS6C2,1.248381,0.000721,0.027583,-0.191068,0.144416,158
8595,B005UKNUAC,1.370476,0.000527,0.030286,-0.317777,0.237715,653
8596,B005UKOXMG,1.540556,0.000712,0.034043,-0.365448,0.226453,778
8597,B005UKRRKG,1.139067,0.000814,0.025163,-0.248007,0.234,931
8598,B005UKZAJG,1.199305,0.000551,0.026502,-0.26417,0.209612,910
8599,B005UL1B34,1.217646,0.001023,0.026894,-0.268334,0.257382,933
8600,B005UL3LVY,1.194656,0.000379,0.026402,-0.26295,0.200316,1436
8601,B005UL6QDO,1.233797,0.000341,0.027268,-0.296932,0.251,643
8602,B005UOAJLQ,1.433468,0.00031,0.031682,-0.312787,0.234353,468
8603,B005UXZN04,1.523926,0.001515,0.033648,-0.278554,0.196532,195
8604,B005UZX2FK,1.521614,0.001324,0.033605,-0.273576,0.187113,216
8605,B005V0H9SA,1.218692,0.000389,0.026933,-0.308301,0.251603,568
8606,B005V0UXJM,1.375717,0.000587,0.030401,-0.285658,0.203947,165
8607,B005V1A05S,1.323325,0.000887,0.029235,-0.26462,0.191251,372
8608,B005V1G1R4,1.488028,0.001255,0.032865,-0.223934,0.18348,98
8609,B005V1J9PK,1.437632,0.000672,0.031768,-0.310514,0.25461,407
8610,B005V1NPZU,1.334731,0.000832,0.029489,-0.255279,0.204969,351
8611,B005V1QLUG,1.342052,0.000875,0.02965,-0.252221,0.183709,318
8612,B005V1TL12,1.323142,0.000694,0.029236,-0.258372,0.19849,357
8613,B005V1ZKGW,1.357229,0.000215,0.029997,-0.286454,0.230142,594
8614,B005V2LLXC,1.236779,0.000252,0.027335,-0.318175,0.28655,1352
8615,B005V3ATZM,1.198248,0.000136,0.026484,-0.247358,0.209955,359
8616,B005VDTREQ,1.80629,0.000721,0.039917,-0.348749,0.242412,224
8617,B005VMHWRQ,1.576898,0.000734,0.034846,-0.317823,0.219957,157
8618,B005VN7YUA,1.684918,0.000161,0.037241,-0.313014,0.235954,111
8619,B005VNQY2E,1.344915,0.000469,0.029722,-0.280842,0.214837,309
8620,B005VX8S4G,1.238777,0.000237,0.027379,-0.35361,0.220994,800
8621,B005VXPNGW,1.560844,-0.000358,0.034497,-0.349773,0.211034,271
8622,B005VZA0KO,1.839772,0.000133,0.040663,-0.478278,0.314311,309
8623,B005W1DZG8,1.760628,0.000652,0.038909,-0.318299,0.21438,112
8624,B005W56A5M,1.490319,0.000379,0.032938,-0.294408,0.197763,137
8625,B005W5OAIG,1.469636,-0.000438,0.03248,-0.326585,0.208705,197
8626,B005WKFHYC,1.380468,3.4e-05,0.030512,-0.343434,0.177693,228
8627,B005WKFS6E,1.351442,-0.000342,0.029868,-0.333541,0.176392,268
8628,B005WKJB6C,1.367314,7.3e-05,0.030221,-0.302536,0.219125,394
8629,B005WTITNO,1.116254,0.000327,0.02467,-0.24945,0.22223,1298
8630,B005WTKB2Q,1.208167,0.000528,0.026698,-0.251627,0.239958,1308
8631,B005WTLB9S,1.058023,0.000269,0.023383,-0.26183,0.181997,1969
8632,B005WTYEYW,1.217369,0.000251,0.026906,-0.327483,0.236962,1808
8633,B005X03V1W,1.150158,0.00041,0.025418,-0.270862,0.186269,1155
8634,B005X2F7JY,1.217376,0.000298,0.026905,-0.311132,0.178829,855
8635,B005X2F7KI,1.298934,5.6e-05,0.02871,-0.315729,0.224635,861
8636,B005X5GR8Q,1.337041,0.000246,0.029551,-0.31541,0.201991,397
8637,B005X6M7JS,1.196412,0.000361,0.026441,-0.285942,0.207212,644
8638,B005XCCE4A,1.483409,0.000275,0.032786,-0.303388,0.259671,429
8639,B005XG2P0E,1.404465,0.000465,0.031039,-0.341885,0.22704,527
8640,B005XG2P0Y,1.269975,0.000488,0.028065,-0.29228,0.194667,522
8641,B005XHEEZM,1.499821,-2.1e-05,0.03315,-0.319425,0.232378,289
8642,B005XIDZHO,1.230511,0.000202,0.027197,-0.257887,0.302988,1197
8643,B005XIM6J2,1.460383,0.000534,0.032274,-0.213196,0.215292,120
8644,B005XOWZII,1.264841,0.000311,0.027954,-0.268735,0.164135,240
8645,B005XP4YNQ,1.130935,0.000114,0.024996,-0.235046,0.257487,1574
8646,B005XRZO0G,1.558284,0.000891,0.03443,-0.294684,0.209403,206
8647,B005XUFU8E,1.177418,0.000145,0.026023,-0.284684,0.166066,1372
8648,B005XY43IS,1.420414,0.000156,0.031394,-0.332877,0.256708,544
8649,B005Y5VL4U,1.18203,-1.5e-05,0.026126,-0.254558,0.207609,558
8650,B005Y6F4WO,1.399416,0.000302,0.030929,-0.309234,0.263842,379
8651,B005Y848A6,1.397047,0.00025,0.030877,-0.280335,0.267542,427
8652,B005Y8DRGC,1.436828,0.000359,0.031755,-0.287895,0.287492,403
8653,B005YB36O2,1.308962,-6.8e-05,0.028931,-0.292285,0.226172,532
8654,B005YB36RY,1.380018,0.000149,0.030501,-0.297878,0.258989,534
8655,B005YRD5PQ,1.415888,9.8e-05,0.031294,-0.309389,0.221134,361
8656,B005YTYJSQ,1.413023,0.000352,0.031229,-0.294317,0.223238,372
8657,B005YVI3UO,1.463544,-0.000138,0.032348,-0.317501,0.214304,124
8658,B005Z17Q8S,1.390528,0.000667,0.030727,-0.320886,0.249927,526
8659,B005Z1WNYA,1.338663,0.000272,0.029587,-0.181854,0.157946,143
8660,B005Z2X5JQ,1.387892,0.000412,0.030673,-0.264706,0.187847,174
8661,B005Z41P28,1.349209,0.000504,0.029817,-0.276295,0.229556,1082
8662,B005Z446JC,1.316334,0.000299,0.029093,-0.259874,0.227771,1090
8663,B005Z49L7O,1.319792,6.7e-05,0.029171,-0.31689,0.251969,1043
8664,B005Z49PQG,1.2849,-1e-04,0.028399,-0.278473,0.228435,1095
8665,B005Z4QT7E,1.200249,-4.9e-05,0.026528,-0.27616,0.25666,1154
8666,B005Z6K2T8,1.225213,0.000544,0.027075,-0.251856,0.17896,358
8667,B005Z7L4A8,1.649532,0.000731,0.036451,-0.373869,0.21875,182
8668,B005ZAYQYG,1.434341,-0.000208,0.031702,-0.354228,0.202881,408
8669,B005ZGNUJC,1.63794,0.000694,0.036196,-0.289999,0.160357,100
8670,B005ZT0ZY2,1.32712,0.0009,0.029319,-0.221664,0.154965,122
8671,B005ZXH3OS,1.205237,0.000223,0.026638,-0.212714,0.148602,253
8672,B005ZZ088Y,1.483689,0.000808,0.032783,-0.279797,0.21498,135
8673,B00604MRJC,1.574499,5e-05,0.0348,-0.284916,0.181768,95
8674,B00604MRN8,1.492668,0.000247,0.032991,-0.242206,0.186726,115
8675,B00604MSSC,1.4572,-7.5e-05,0.032208,-0.30408,0.16583,115
8676,B00604MTQI,1.41148,0.000108,0.031197,-0.317382,0.223688,342
8677,B00604MUWG,1.397744,-0.000186,0.030893,-0.311875,0.214255,371
8678,B00604MWB0,1.393272,-1.6e-05,0.030795,-0.31716,0.201377,369
8679,B00606RORK,1.119913,0.00021,0.024752,-0.215302,0.18153,592
8680,B00609D92Q,1.38985,3.6e-05,0.030719,-0.333751,0.240844,765
8681,B0060A2QXI,1.39594,0.001046,0.030836,-0.305321,0.217107,431
8682,B0060ALFW6,1.392938,0.001198,0.030764,-0.30637,0.218018,429
8683,B0060GFV3Y,1.167054,0.000272,0.025793,-0.25925,0.247507,1309
8684,B0060GKXOG,1.168887,0.000267,0.025834,-0.305933,0.229938,1763
8685,B0060HOMHE,1.39454,-1.9e-05,0.030823,-0.248782,0.192799,68
8686,B0060HOMHY,1.368078,0.000571,0.030233,-0.24026,0.193284,143
8687,B0060HOOA4,1.394998,-0.000158,0.030833,-0.222087,0.199363,118
8688,B0060L0TLI,1.151614,0.000808,0.025441,-0.296241,0.198407,1544
8689,B0060NZY7K,1.194803,0.000226,0.026407,-0.242192,0.206733,853
8690,B0060OLV80,1.160735,0.000402,0.025652,-0.291485,0.168033,2078
8691,B0060PBSSW,1.190907,0.000765,0.026311,-0.273064,0.221217,1617
8692,B00613KK96,1.108448,0.000196,0.024499,-0.235402,0.219483,1167
8693,B00614Q4C2,1.383898,3e-06,0.030588,-0.272824,0.263291,726
8694,B0061DC7SI,1.322304,-3.5e-05,0.029226,-0.365952,0.251997,1122
8695,B0061GQV0U,1.251572,0.000266,0.027662,-0.345255,0.20897,727
8696,B0061H9RDM,1.46561,0.000757,0.032385,-0.307324,0.286918,353
8697,B0061JQY40,1.212985,0.000637,0.026802,-0.33193,0.212188,1194
8698,B0061JQY6S,1.206356,0.000526,0.026658,-0.325602,0.203016,1191
8699,B0061KQEVW,1.54411,0.000653,0.034122,-0.281166,0.145003,127
8700,B0061KQF2K,1.264006,0.000404,0.027935,-0.313806,0.23173,637
8701,B0061KQG6K,1.362369,8.8e-05,0.030112,-0.36499,0.279937,598
8702,B0061RAHG8,1.195151,0.000536,0.02641,-0.272944,0.223807,1062
8703,B0061YLQGQ,1.405308,9.9e-05,0.031061,-0.394505,0.211095,741
8704,B0061YRVMO,1.165422,0.000303,0.025757,-0.291251,0.213842,1080
8705,B0061YRVNS,1.289927,0.000482,0.028507,-0.264794,0.231805,434
8706,B0061YRVOC,1.211522,-7.1e-05,0.026778,-0.282054,0.188937,1030
8707,B0061YSLKA,1.180931,0.000403,0.026098,-0.297396,0.22455,1078
8708,B0062A47VU,1.298982,6.4e-05,0.028711,-0.300517,0.204879,303
8709,B0062A5VQ0,1.302164,-0.000213,0.02878,-0.197326,0.153573,167
8710,B0062GYYSA,1.561477,0.000716,0.034505,-0.337257,0.174149,121
8711,B0062GZB4Q,1.580556,0.001055,0.034918,-0.368472,0.403174,470
8712,B0062GZJOS,1.320117,0.00095,0.029162,-0.272912,0.309234,409
8713,B0062JUMUG,1.359681,0.000535,0.030048,-0.289966,0.231481,486
8714,B0062MAAAK,1.424714,0.000881,0.031477,-0.254684,0.223933,186
8715,B0062MB95K,1.091636,-1.6e-05,0.024128,-0.236908,0.178536,1669
8716,B0062PIHZW,1.320417,-0.000116,0.029184,-0.297318,0.178973,297
8717,B0062W4J6Q,1.155824,0.000566,0.02554,-0.322463,0.171544,1186
8718,B0062W4T98,1.20749,0.00013,0.026688,-0.272344,0.236542,2246
8719,B0062W4TD4,1.453429,-0.000147,0.032124,-0.243406,0.15049,129
8720,B00631JA8S,1.25569,0.000386,0.027751,-0.291574,0.275155,616
8721,B00631UQH2,1.224354,0.00061,0.027054,-0.298002,0.246705,943
8722,B00634TG48,1.442733,5.5e-05,0.031888,-0.32024,0.218755,347
8723,B00634TGPC,1.456984,0.000186,0.032202,-0.333747,0.220108,295
8724,B00634TJ7M,1.512625,-5.4e-05,0.033433,-0.39926,0.246121,347
8725,B00636VR6Q,1.361933,0.000901,0.030089,-0.266534,0.179847,191
8726,B00639DLV2,1.671437,0.000117,0.036943,-0.322339,0.191177,129
8727,B00639DN92,1.641859,-0.000192,0.036289,-0.307705,0.199589,129
8728,B0063A42GE,1.613258,0.000384,0.035655,-0.298989,0.187947,122
8729,B0063A432W,1.454147,0.000362,0.032138,-0.337997,0.21734,419
8730,B0063A4RXW,1.434409,0.000161,0.031704,-0.378382,0.230524,738
8731,B0063HX0R4,1.294668,-0.00023,0.028614,-0.306795,0.228462,432
8732,B0063I3R9O,1.345601,0.000551,0.029736,-0.278411,0.182086,226
8733,B0063JFZRK,1.289122,0.000197,0.028492,-0.260185,0.310996,616
8734,B0063KG6ZY,1.286594,0.00057,0.028431,-0.25746,0.209718,252
8735,B0063NKM6K,1.263843,-0.000201,0.027933,-0.27996,0.203572,940
8736,B0063TFLG0,1.195214,0.000459,0.026413,-0.272521,0.255343,814
8737,B0063TVD94,1.18744,0.000437,0.026242,-0.270903,0.253598,813
8738,B0063VG5UY,1.341279,0.000296,0.029644,-0.326469,0.194203,317
8739,B0063VIQDI,1.23169,2e-06,0.027223,-0.270848,0.202637,917
8740,B00641UCY8,1.318188,9.5e-05,0.029135,-0.321365,0.238493,449
8741,B006448CW4,1.2199,0.000322,0.026961,-0.337774,0.199346,759
8742,B00644YNAO,1.236625,0.00012,0.027332,-0.290655,0.210332,600
8743,B00644YNCM,1.295788,0.000516,0.028635,-0.294564,0.192763,394
8744,B00649P2VS,1.115285,0.000698,0.024641,-0.289368,0.207072,1623
8745,B00649P3H6,1.115285,0.000698,0.024641,-0.289368,0.207072,1651
8746,B00649P4JS,1.309159,0.000318,0.028934,-0.278651,0.221502,1403
8747,B0064EJ44O,1.278235,0.000289,0.028251,-0.291448,0.257991,1533
8748,B0064GBCL0,1.53911,-0.000379,0.034016,-0.29835,0.222277,138
8749,B0064ION50,1.487502,0.00029,0.032876,-0.34455,0.226546,298
8750,B0064M5JBI,1.342972,0.000334,0.029681,-0.29837,0.20918,366
8751,B0064ROJNC,1.664832,0.000749,0.036789,-0.313692,0.213297,150
8752,B0064RT5L8,1.381763,0.000642,0.030534,-0.250107,0.214413,340
8753,B0064TWUPO,1.351637,0.000386,0.029872,-0.288862,0.272712,516
8754,B0064X6DC6,1.297141,0.0007,0.028661,-0.33342,0.178391,696
8755,B00652DGSK,1.301988,0.000171,0.028777,-0.307303,0.194674,354
8756,B006558F4W,1.205741,0.000805,0.026638,-0.311193,0.202573,537
8757,B00655DP1K,1.205258,-0.000205,0.026638,-0.267117,0.227693,741
8758,B00658LP7I,1.194334,0.000175,0.026397,-0.249053,0.237238,889
8759,B00658M1DU,1.364704,0.000256,0.030162,-0.315913,0.221543,449
8760,B0065DLADM,1.304486,0.000806,0.028821,-0.271006,0.240623,431
8761,B0065FE488,1.781684,-0.000373,0.039378,-0.395874,0.264782,264
8762,B0065JCV84,1.130059,-0.000287,0.024975,-0.245205,0.22801,931
8763,B0065LOP1S,1.243255,-0.000278,0.027478,-0.312668,0.177175,1264
8764,B0065LSNPW,1.323014,0.000206,0.029241,-0.281378,0.229222,341
8765,B0065R18TY,1.327068,-7.2e-05,0.029331,-0.301038,0.232198,424
8766,B0065UOF28,1.176095,0.000465,0.02599,-0.267164,0.252358,812
8767,B0065UP0HC,1.361152,0.000843,0.030073,-0.303585,0.311997,599
8768,B0065WQ0JM,1.361278,0.000281,0.030086,-0.301655,0.230207,497
8769,B0065WQ3EO,1.272362,-0.000257,0.028121,-0.289199,0.189799,316
8770,B00662Z24A,1.37368,0.000752,0.030352,-0.304234,0.272827,432
8771,B00664JHVM,1.395494,0.000619,0.030838,-0.285223,0.194153,330
8772,B00669Y8PM,1.482795,0.000372,0.032771,-0.360136,0.254871,465
8773,B0066NBRDO,1.446737,0.00051,0.031972,-0.292627,0.216842,249
8774,B0066SKRGC,1.413714,0.000602,0.031241,-0.318289,0.192511,291
8775,B0066SL56S,1.437073,0.000785,0.031753,-0.304878,0.203689,291
8776,B0067F28ZW,1.255488,0.000503,0.027745,-0.314017,0.282677,960
8777,B0067F8BBM,1.464765,0.000257,0.032374,-0.437635,0.216441,1353
8778,B0067F998G,1.348674,8.8e-05,0.029809,-0.275471,0.238121,304
8779,B0067H6E9G,1.360045,0.000187,0.03006,-0.298658,0.21021,276
8780,B0067H6FW2,1.341631,0.000851,0.029641,-0.311827,0.338717,1282
8781,B0067H6G2G,1.25676,3.2e-05,0.027777,-0.264934,0.171597,266
8782,B0067H6JCI,1.35778,9.9e-05,0.03001,-0.304072,0.290854,522
8783,B0067H6JGY,1.354948,-0.000102,0.029948,-0.297181,0.281149,733
8784,B0067H6KP4,1.406568,0.000297,0.031087,-0.289573,0.177438,285
8785,B0067H6KQ8,1.511847,0.000418,0.033413,-0.376896,0.23731,386
8786,B0067H6MBQ,1.220242,0.0003,0.026969,-0.263069,0.242119,728
8787,B0067H6MF2,1.485716,0.000866,0.032827,-0.304674,0.255384,350
8788,B0067HEMHW,1.324187,-0.000389,0.029265,-0.225395,0.168614,220
8789,B0067JF88M,1.429945,-0.000367,0.031603,-0.307157,0.182777,122
8790,B0067N2SJU,1.179676,0.000411,0.026071,-0.283235,0.180898,1342
8791,B0067VFWIQ,1.671116,3.2e-05,0.036936,-0.350063,0.23123,256
8792,B0067VXLFC,1.243652,0.000301,0.027486,-0.274834,0.234686,1160
8793,B0067YTJ0K,1.372568,-1.2e-05,0.030337,-0.296307,0.214965,367
8794,B0067YTMMA,1.413213,0.00058,0.03123,-0.288293,0.261552,320
8795,B0067YU1ES,1.220568,0.000438,0.026974,-0.232249,0.233721,754
8796,B0067YU4KO,1.371551,0.00032,0.030313,-0.303301,0.263205,1265
8797,B0067YU6D4,1.410828,0.000453,0.03118,-0.285939,0.189836,348
8798,B0067YU8DC,1.511196,7.2e-05,0.033401,-0.33262,0.226004,392
8799,B0067YUIJQ,1.325225,0.000318,0.029289,-0.304232,0.242074,666
8800,B00683JILU,1.264529,0.000826,0.027937,-0.277025,0.251273,584
8801,B00683MOWK,1.318658,0.000778,0.029135,-0.245614,0.173842,251
8802,B006840FE8,1.299524,0.000475,0.028719,-0.305137,0.31012,703
8803,B00685KUGA,1.336345,-0.000374,0.029534,-0.302282,0.284115,1938
8804,B00686R4QI,1.426842,0.000791,0.031527,-0.295735,0.262078,556
8805,B0068DF82S,1.25894,0.00052,0.027821,-0.29785,0.259594,620
8806,B0068G8DTA,1.341307,0.000239,0.029645,-0.307783,0.234045,272
8807,B0068G8EZ8,1.306615,0.000149,0.028879,-0.300355,0.221302,279
8808,B0068GKEB0,1.504827,0.000822,0.03325,-0.311886,0.202555,224
8809,B0068J5K52,1.228287,0.00033,0.027146,-0.25822,0.269002,998
8810,B0068QD89U,1.25142,0.000276,0.027658,-0.215653,0.176966,247
8811,B0068RM86S,1.542872,0.001021,0.034086,-0.242464,0.184082,174
8812,B0068RXQPA,1.515449,0.000367,0.033493,-0.200258,0.227201,103
8813,B0068UZBHS,1.462857,0.000347,0.032331,-0.303951,0.226005,249
8814,B0068Y0EXK,1.256052,0.000366,0.027759,-0.296883,0.197474,530
8815,B0068Y6CA4,1.310477,0.000259,0.028964,-0.321299,0.26074,984
8816,B0068YCFUA,1.565564,0.000639,0.034597,-0.233722,0.175394,118
8817,B0068YUBCE,1.339246,0.000621,0.029594,-0.296939,0.237671,971
8818,B0068Z7MT8,1.25814,0.00014,0.027808,-0.273121,0.173048,575
8819,B0068ZWGIU,1.45249,0.000715,0.032096,-0.306453,0.289128,386
8820,B006961X3M,1.585114,0.000446,0.035032,-0.33154,0.233749,187
8821,B00697Y8LK,1.295536,0.000176,0.028634,-0.274653,0.242915,846
8822,B00699IIW8,1.367311,0.000301,0.030219,-0.256176,0.181997,220
8823,B0069FDR96,1.6469,0.000521,0.036397,-0.338371,0.236915,145
8824,B0069HXKNM,1.339524,0.000391,0.029604,-0.324748,0.227898,1261
8825,B0069SC0OQ,1.372404,0.000137,0.030333,-0.273059,0.211967,293
8826,B0069UA4GK,1.420876,0.000854,0.031393,-0.313887,0.276849,512
8827,B0069VYSFM,1.407668,0.000916,0.031099,-0.23638,0.17825,192
8828,B0069WVQZG,1.353264,1.6e-05,0.02991,-0.232608,0.178239,139
8829,B0069YCYB4,1.226491,0.000352,0.027106,-0.286692,0.205907,1229
8830,B006A9RZC6,1.290014,-4.3e-05,0.028512,-0.281212,0.277946,604
8831,B006AU1XAA,1.281283,0.000584,0.028314,-0.272669,0.216143,450
8832,B006AUNPJM,1.522155,0.001022,0.033628,-0.382213,0.310291,441
8833,B006B5M2ZY,1.27985,0.000595,0.028282,-0.239294,0.170408,301
8834,B006B7XHMY,1.372756,0.000716,0.030333,-0.322351,0.258349,447
8835,B006BA3BAY,1.34094,-0.000495,0.029634,-0.293015,0.204158,246
8836,B006BD93M6,1.206163,0.000489,0.026655,-0.280232,0.2066,874
8837,B006BES3LC,1.587802,6.3e-05,0.035094,-0.388533,0.293916,486
8838,B006BKTQDK,1.615167,0.00045,0.035696,-0.293485,0.197925,108
8839,B006BL75SW,1.617658,-0.000464,0.035751,-0.312238,0.262138,144
8840,B006BNFXHU,1.609437,0.000451,0.03557,-0.330525,0.197937,111
8841,B006BRGIWU,1.471048,0.000141,0.032514,-0.33403,0.229543,315
8842,B006BW34TA,1.311297,0.00015,0.028983,-0.311077,0.218512,1666
8843,B006BZSSA2,1.190741,0.000368,0.026316,-0.269207,0.253363,698
8844,B006C59UHQ,1.300298,0.001265,0.028712,-0.315434,0.294437,800
8845,B006C6BKEG,1.303871,0.000813,0.028807,-0.283713,0.207495,365
8846,B006C7VS06,1.138506,0.000119,0.025164,-0.222775,0.274218,768
8847,B006CAYJZO,1.554362,-0.000242,0.034354,-0.291358,0.202678,200
8848,B006CCNDYA,1.584928,-0.000377,0.035029,-0.339988,0.222603,235
8849,B006CD3FWO,1.532377,-6.2e-05,0.033869,-0.326986,0.200966,273
8850,B006CD6616,1.558532,8.8e-05,0.034447,-0.238196,0.212496,119
8851,B006CRL3G0,1.190328,0.000345,0.026307,-0.251923,0.223043,679
8852,B006CVXR10,1.440421,-8.6e-05,0.031837,-0.249559,0.184998,135
8853,B006D4TEEU,1.344946,0.000653,0.029719,-0.222813,0.1998,231
8854,B006DR2BO2,1.643365,4.6e-05,0.036322,-0.341571,0.213322,80
8855,B006DWF3F6,1.335044,0.000299,0.029506,-0.290238,0.234039,388
8856,B006E3STSM,1.304117,-0.000162,0.028824,-0.310609,0.192972,310
8857,B006ENQHLS,1.117976,0.000277,0.024708,-0.251153,0.197454,787
8858,B006EOCS1U,1.372173,0.000665,0.030321,-0.285303,0.249425,447
8859,B006EPIJTE,1.360693,0.000673,0.030067,-0.286389,0.246552,446
8860,B006EPV4T6,1.500281,0.000217,0.033159,-0.325686,0.197535,145
8861,B006ER5ZN0,1.334642,0.000899,0.029485,-0.287362,0.244168,463
8862,B006ER6KB6,1.295097,0.000704,0.028616,-0.282875,0.235654,466
8863,B006ER7KM4,1.323968,0.000786,0.029252,-0.285426,0.241672,466
8864,B006EU0QV8,1.23519,-8.8e-05,0.027301,-0.242779,0.218406,499
8865,B006FDIM38,1.309872,0.00095,0.028936,-0.324934,0.216315,555
8866,B006FJLLHG,1.369781,-0.000104,0.030275,-0.308686,0.217565,348
8867,B006FJMPZS,1.373817,5.5e-05,0.030365,-0.342864,0.257554,450
8868,B006FKLRIS,1.53747,-0.000263,0.033981,-0.254745,0.1613,102
8869,B006FM3UVS,1.352296,0.000133,0.029889,-0.289027,0.186782,256
8870,B006FN587Q,1.369448,0.000846,0.030256,-0.330056,0.226368,393
8871,B006FRS9O6,1.414206,0.000444,0.031254,-0.276954,0.165141,166
8872,B006FXOKDY,1.280458,0.00042,0.028298,-0.275885,0.194186,305
8873,B006G4I15K,1.210086,0.000224,0.026745,-0.305077,0.237675,1668
8874,B006GACVYQ,1.35537,9.7e-05,0.029957,-0.320641,0.26607,862
8875,B006GDJM40,1.29276,4.8e-05,0.028573,-0.297952,0.217701,265
8876,B006GK5NNW,1.365454,0.000428,0.030177,-0.289783,0.198837,382
8877,B006GL7TII,1.476296,0.000899,0.032617,-0.238293,0.168414,225
8878,B006GOQ8RI,1.26274,0.000192,0.027909,-0.241074,0.200979,222
8879,B006GQ9G34,1.373235,0.000379,0.03035,-0.282009,0.229401,296
8880,B006GQB6BE,1.381516,0.000426,0.030532,-0.280561,0.229453,296
8881,B006GQCMJO,1.353652,0.000462,0.029916,-0.267806,0.224992,293
8882,B006GQE27E,1.372402,0.000441,0.03033,-0.279036,0.228032,297
8883,B006GQEI0A,1.387662,0.000459,0.030667,-0.280221,0.230671,296
8884,B006GQEWEC,1.372658,0.000464,0.030336,-0.280205,0.226766,299
8885,B006GQFHYG,1.374623,0.000417,0.03038,-0.283011,0.22905,296
8886,B006GQG9GQ,1.375099,0.000422,0.03039,-0.282218,0.228824,298
8887,B006GQH096,1.383846,0.000452,0.030583,-0.281139,0.230257,294
8888,B006GQHYW4,1.376941,0.000448,0.030431,-0.278801,0.231617,298
8889,B006GQO2Z6,1.376716,0.000489,0.030425,-0.280685,0.229322,293
8890,B006GQPZ8E,1.372696,0.000454,0.030337,-0.281777,0.230877,299
8891,B006GQSBZS,1.352268,0.000454,0.029885,-0.274005,0.227095,298
8892,B006GQSH0C,1.395816,0.000467,0.030847,-0.280239,0.2347,300
8893,B006GQSS7O,1.387093,0.000496,0.030654,-0.281557,0.236597,293
8894,B006GQTZ8A,1.379736,0.000439,0.030492,-0.282519,0.228846,300
8895,B006GSPDVG,1.262235,0.000397,0.027896,-0.275234,0.196457,433
8896,B006GTKSHY,1.208656,0.000401,0.026711,-0.354126,0.216639,1047
8897,B006GWDBZ2,1.232186,0.000354,0.027232,-0.320383,0.237028,1809
8898,B006GXG6FI,1.533292,0.000723,0.033882,-0.26297,0.169218,117
8899,B006GXUMRG,1.221584,0.000256,0.026999,-0.321078,0.198717,1255
8900,B006GXUMSU,1.163781,0.000162,0.025722,-0.302496,0.187233,1260
8901,B006H2Z564,1.423202,0.00055,0.031451,-0.255667,0.165095,148
8902,B006H2Z58C,1.424042,0.001,0.031459,-0.252161,0.179337,171
8903,B006H2Z5KK,1.43315,0.000822,0.031666,-0.268115,0.160515,154
8904,B006H2Z6T0,1.539256,0.001298,0.033997,-0.278837,0.18084,128
8905,B006H2ZASC,1.3996,0.000551,0.03093,-0.258673,0.162018,155
8906,B006H2ZBKY,1.512156,0.000556,0.033418,-0.310998,0.184377,126
8907,B006HE8AGY,1.536099,0.000478,0.033948,-0.300378,0.23049,216
8908,B006HI60EY,1.33006,0.000862,0.029385,-0.281384,0.206267,373
8909,B006HJPQ0M,1.342926,0.00074,0.029673,-0.260895,0.23359,382
8910,B006HJPT7W,1.575051,0.001264,0.03479,-0.313921,0.220156,189
8911,B006HJQX04,1.224453,0.000473,0.027059,-0.301256,0.234902,488
8912,B006HJR2Q8,1.558338,0.001165,0.034423,-0.313482,0.224364,187
8913,B006HJRQ1O,1.512254,0.001187,0.033403,-0.305968,0.208564,187
8914,B006HJRU6U,1.548568,0.001059,0.034211,-0.299987,0.217279,199
8915,B006HK7ECY,1.57556,0.001139,0.034805,-0.297858,0.216108,183
8916,B006HKAC6O,1.425297,0.00089,0.03149,-0.294734,0.2158,311
8917,B006HKAF3Y,1.414318,0.00123,0.031236,-0.291005,0.218082,305
8918,B006HKCR9O,1.355113,0.000777,0.029941,-0.27812,0.259954,443
8919,B006HKE2TC,1.581296,0.001103,0.034933,-0.304367,0.225518,196
8920,B006HKODSC,1.378161,0.00101,0.030444,-0.288884,0.228262,287
8921,B006HKR6OK,1.520337,0.000349,0.033601,-0.309533,0.270218,209
8922,B006HL4KXO,1.50107,0.001139,0.033158,-0.31696,0.215034,189
8923,B006HMARMG,1.268127,0.000673,0.028021,-0.293395,0.286254,876
8924,B006HT0AK8,1.484506,0.000545,0.032807,-0.353948,0.309285,440
8925,B006HTNOHY,1.233248,1.4e-05,0.027258,-0.289998,0.22397,655
8926,B006HWGSEM,1.203943,-0.00013,0.02661,-0.230899,0.20118,774
8927,B006I333X4,1.256457,-0.000124,0.027771,-0.289935,0.195224,394
8928,B006I334GU,1.23519,-0.00032,0.027299,-0.280663,0.184443,341
8929,B006I3361S,1.27707,0.000234,0.028225,-0.282431,0.217834,286
8930,B006I336FO,1.299257,9.9e-05,0.028717,-0.310439,0.213235,398
8931,B006I337GC,1.36037,6.6e-05,0.030067,-0.309227,0.207184,323
8932,B006I33WQM,1.443847,0.00032,0.031911,-0.363499,0.25278,453
8933,B006I8KLRU,1.182015,0.000326,0.026123,-0.330703,0.197809,2102
8934,B006I9RQBI,1.285517,-0.000775,0.028403,-0.287646,0.302445,1247
8935,B006IBM21K,1.485484,0.00032,0.032831,-0.323947,0.261497,299
8936,B006IOYZ4E,1.467636,-0.000396,0.032436,-0.301218,0.245821,117
8937,B006J11NKK,1.38204,0.00053,0.030542,-0.411112,0.187074,604
8938,B006J2I65Y,1.313865,9e-05,0.02904,-0.29841,0.190402,340
8939,B006J44ICC,1.409214,0.000596,0.031141,-0.271064,0.192855,340
8940,B006J5V6ZI,1.282516,0.000351,0.028345,-0.305734,0.339258,1804
8941,B006J5V9IC,1.192969,0.000888,0.026353,-0.306619,0.236703,1125
8942,B006J5YANS,1.24035,0.000622,0.027408,-0.253092,0.279807,1054
8943,B006J5YB2I,1.234436,0.000629,0.027277,-0.250217,0.279014,1038
8944,B006J5YBJG,1.234929,0.000622,0.027288,-0.249798,0.276918,1038
8945,B006J6R23M,1.29233,-1.9e-05,0.028564,-0.305082,0.191214,533
8946,B006JAVW02,1.371991,-0.000785,0.030314,-0.326752,0.226368,280
8947,B006JKX5RK,1.477404,0.000794,0.032645,-0.342222,0.312728,461
8948,B006JKX5TS,1.328257,0.000743,0.029348,-0.313527,0.246772,465
8949,B006JKX5ZM,1.331555,0.000748,0.029421,-0.315503,0.248605,466
8950,B006JU247M,1.467197,-0.000562,0.032424,-0.371106,0.204723,226
8951,B006JZ0IRA,1.400838,0.000697,0.030954,-0.272527,0.243762,295
8952,B006JZ0L7C,1.266539,0.000895,0.027979,-0.256166,0.247197,433
8953,B006JZ46KU,1.419065,-0.000357,0.031363,-0.332005,0.237079,463
8954,B006K25ZYI,1.400479,0.000248,0.030953,-0.295777,0.249795,356
8955,B006K26D9E,1.313398,0.000731,0.02902,-0.272299,0.19571,296
8956,B006K3ONSQ,1.571632,0.000355,0.034735,-0.280319,0.211167,110
8957,B006K9OQSC,1.685278,7.3e-05,0.037249,-0.409071,0.357798,425
8958,B006KA23MM,1.179205,0.000552,0.026058,-0.271062,0.181139,1129
8959,B006KFWPNO,1.686155,0.000659,0.037262,-0.344698,0.217128,148
8960,B006KTTGC8,1.224572,-0.000241,0.027065,-0.268443,0.228707,1087
8961,B006KWA6EW,1.232367,-0.000518,0.027233,-0.249652,0.183506,709
8962,B006KXA7EU,1.304224,0.000492,0.028822,-0.28249,0.258376,954
8963,B006KXC5BI,1.213467,0.000247,0.026819,-0.236454,0.244901,1162
8964,B006KXDWJC,1.22099,3.2e-05,0.026987,-0.258871,0.234896,857
8965,B006KZ6VH0,1.395734,0.000142,0.030849,-0.216209,0.155207,169
8966,B006L0XVEU,1.674522,-0.000604,0.037006,-0.358715,0.234088,228
8967,B006L16BHS,1.563221,0.000856,0.03454,-0.292159,0.206858,191
8968,B006L1DNWY,1.504251,0.000219,0.033247,-0.304023,0.194647,291
8969,B006L2137A,1.621299,-1.1e-05,0.035835,-0.306986,0.200171,94
8970,B006L2137U,1.605095,0.000533,0.035473,-0.300939,0.225496,123
8971,B006L5BPCU,1.378592,-8.8e-05,0.03047,-0.268367,0.178364,136
8972,B006L5XS8E,1.247542,0.000214,0.027573,-0.254681,0.204976,379
8973,B006L67FKK,1.288634,0.000345,0.02848,-0.259873,0.217279,282
8974,B006L68P18,1.363532,0.000575,0.030132,-0.294366,0.241071,349
8975,B006L6A06Q,1.362063,1.4e-05,0.030105,-0.223616,0.176008,103
8976,B006L6A10G,1.354354,0.000221,0.029934,-0.203417,0.168574,111
8977,B006L6A9NK,1.511473,0.00044,0.033404,-0.270255,0.191341,124
8978,B006L6AA8Y,1.435526,0.00014,0.031728,-0.228637,0.171467,101
8979,B006L6U0JI,1.256149,0.000327,0.027762,-0.253524,0.276152,1089
8980,B006L7SF4O,1.438049,0.000272,0.031783,-0.325617,0.257018,405
8981,B006LF04LS,1.415751,0.000617,0.031286,-0.219143,0.168625,118
8982,B006LF5WTC,1.349383,0.000409,0.029822,-0.279703,0.1981,349
8983,B006LFO7KW,1.31335,0.000611,0.029022,-0.295278,0.223058,962
8984,B006LFPF9E,1.43602,-0.000337,0.031738,-0.260969,0.189118,258
8985,B006LFZTWC,1.402665,0.000644,0.030996,-0.245697,0.194167,225
8986,B006LPVGCO,1.306022,0.000636,0.028859,-0.252349,0.164367,204
8987,B006LPWIQ2,1.548198,0.001053,0.034203,-0.242391,0.192626,120
8988,B006LQ41SO,1.277127,0.000675,0.02822,-0.23947,0.158435,266
8989,B006LRRQK8,1.403667,0.00074,0.031016,-0.248492,0.198994,198
8990,B006LSRPWQ,1.322149,0.000282,0.029221,-0.323549,0.229136,1201
8991,B006LSRPX0,1.505495,-3.9e-05,0.033275,-0.306514,0.207644,238
8992,B006LTF6J4,1.641144,0.001209,0.036253,-0.263156,0.216774,106
8993,B006LUAYZO,1.503791,0.000282,0.033236,-0.337135,0.289369,320
8994,B006LUC52E,1.378559,-4.2e-05,0.03047,-0.245208,0.190028,185
8995,B006LUDGR2,1.588316,0.000608,0.0351,-0.282629,0.210043,128
8996,B006LXPRBW,1.310115,0.000117,0.028957,-0.283499,0.187146,244
8997,B006M1AN4E,1.541961,3.8e-05,0.034081,-0.331057,0.175806,118
8998,B006M1AQDM,1.516068,-6.6e-05,0.033509,-0.344404,0.195022,134
8999,B006MA94PO,1.706405,-3.4e-05,0.037716,-0.375601,0.258228,227
9000,B006MAPN4K,1.364543,0.000208,0.030159,-0.230523,0.163086,164
9001,B006MMOVOQ,1.357527,0.000265,0.030004,-0.305861,0.20737,320
9002,B006MRM2P6,1.327389,0.00059,0.029333,-0.274966,0.271842,549
9003,B006MRM2TC,1.237381,0.000459,0.027345,-0.291273,0.286558,712
9004,B006MRM2TW,1.243918,0.000471,0.02749,-0.30454,0.280782,633
9005,B006MRPMMG,1.288877,-4e-05,0.028487,-0.230948,0.153723,151
9006,B006MUT06M,1.406594,0.000306,0.031088,-0.290558,0.186918,434
9007,B006N3JOT6,1.218406,9.9e-05,0.02693,-0.261571,0.26167,702
9008,B006N9LWWW,1.613935,0.000247,0.035671,-0.326743,0.194657,114
9009,B006NBZ1MC,1.389675,0.000382,0.030713,-0.232457,0.192171,154
9010,B006ND9ZOK,1.507881,-0.000141,0.033328,-0.289765,0.196591,193
9011,B006NDDXNE,1.492865,-0.000469,0.032993,-0.287999,0.196636,184
9012,B006NKJSNQ,1.365209,0.000245,0.030174,-0.297485,0.229512,283
9013,B006NMY0MS,1.322238,-0.000139,0.029224,-0.281286,0.259236,1775
9014,B006NPRMU2,1.279869,7.3e-05,0.028288,-0.238349,0.164041,224
9015,B006NYDBKI,1.098895,-0.000246,0.024287,-0.233633,0.287726,676
9016,B006NYDI0G,1.231674,0.000324,0.027221,-0.223614,0.243636,429
9017,B006NYDUBS,1.233369,0.000153,0.02726,-0.265143,0.283314,561
9018,B006NYE18Y,1.331919,0.000439,0.029435,-0.262073,0.197562,312
9019,B006NZQ0K0,1.302739,7.6e-05,0.028794,-0.289494,0.242907,1167
9020,B006O09VFA,1.641545,0.00086,0.036272,-0.360477,0.323395,567
9021,B006O0APQO,1.254124,0.000272,0.027718,-0.294338,0.163906,384
9022,B006O0BHKM,1.438414,-0.000111,0.031792,-0.380954,0.264092,424
9023,B006O473S8,1.396812,0.000384,0.030871,-0.420776,0.212846,580
9024,B006O8DKJK,1.453704,0.000453,0.032127,-0.282511,0.279307,494
9025,B006OBXHKO,1.390784,0.000477,0.030736,-0.24876,0.147319,113
9026,B006OC431K,1.575863,0.000709,0.034823,-0.299821,0.233078,163
9027,B006OHM0JM,1.471754,0.000293,0.032528,-0.344287,0.257315,340
9028,B006OHM11Y,1.409475,0.000397,0.03115,-0.316945,0.250563,383
9029,B006OHM1M8,1.372677,0.000614,0.030333,-0.294853,0.218825,321
9030,B006OHM542,1.468977,1e-04,0.032468,-0.349873,0.257031,358
9031,B006OHM5T2,1.426696,-0.000138,0.031533,-0.300212,0.259351,414
9032,B006OHM6FK,1.369322,0.000438,0.030262,-0.269245,0.170222,257
9033,B006OKAKC8,1.31103,-0.000172,0.028977,-0.326334,0.222768,612
9034,B006OMHR1S,1.168495,0.000601,0.02582,-0.297286,0.226288,1706
9035,B006OMHRF4,1.640561,0.000791,0.036252,-0.300062,0.191307,184
9036,B006OMHTCK,1.12363,0.000322,0.024833,-0.292019,0.197106,1941
9037,B006OMHTMK,1.099546,0.000336,0.0243,-0.280966,0.195401,1969
9038,B006OMHTXO,1.101992,0.000374,0.024354,-0.281377,0.195772,1969
9039,B006OMHU4C,1.085776,0.000282,0.023997,-0.266721,0.183044,1953
9040,B006OMHUGU,1.069061,0.000369,0.023626,-0.262676,0.189234,1936
9041,B006OMHUL0,1.0858,0.000258,0.023997,-0.266737,0.18267,1970
9042,B006OMHUZQ,1.141003,0.00034,0.025217,-0.298405,0.195917,1976
9043,B006OMHV00,1.086169,0.000262,0.024006,-0.266731,0.182653,1970
9044,B006OMJ0FE,1.176564,0.001025,0.025985,-0.271617,0.236995,1443
9045,B006ON74II,1.52967,-3.9e-05,0.033809,-0.364502,0.230986,255
9046,B006OO0CG8,1.51958,0.000557,0.033582,-0.259243,0.199211,108
9047,B006OSZ00C,1.482216,0.000231,0.03276,-0.43399,0.24224,559
9048,B006OY1MO4,1.391921,0.000188,0.030764,-0.303866,0.300303,486
9049,B006OY1NE8,1.379485,0.000872,0.030478,-0.295413,0.282478,372
9050,B006OZEYR0,1.410899,0.000268,0.031183,-0.303917,0.216585,261
9051,B006OZF24E,1.497922,0.000789,0.033098,-0.296047,0.245795,201
9052,B006OZF398,1.466984,0.000764,0.032415,-0.324859,0.285927,401
9053,B006OZF3DY,1.443741,0.000745,0.031902,-0.310558,0.282979,402
9054,B006OZF4KG,1.476372,0.000754,0.032623,-0.321388,0.287294,395
9055,B006OZF74O,1.372861,0.000514,0.030339,-0.281936,0.231597,298
9056,B006OZF7C6,1.367705,0.000358,0.030228,-0.279966,0.227761,297
9057,B006PIOSZ4,1.278808,0.00046,0.028261,-0.230596,0.160088,188
9058,B006PKVYIQ,1.352026,0.000285,0.029882,-0.274975,0.243676,543
9059,B006PKVYMC,1.302365,0.00065,0.028778,-0.266232,0.231224,457
9060,B006POOQ1E,1.394799,0.000383,0.030826,-0.363698,0.209654,383
9061,B006QB2VOK,1.286482,-0.000484,0.02843,-0.296712,0.244062,840
9062,B006QB4BSE,1.19036,0.000104,0.02631,-0.23572,0.182452,747
9063,B006QFCDDK,1.208909,0.000188,0.026719,-0.302001,0.185892,1275
9064,B006QFKDRI,1.219199,0.000301,0.026946,-0.328056,0.210407,1246
9065,B006QFM89Y,1.297905,0.000219,0.028686,-0.343066,0.225586,1271
9066,B006QFUQN4,1.406359,0.000272,0.031083,-0.287236,0.226908,342
9067,B006QFXROO,1.212061,0.000481,0.026785,-0.274723,0.221611,1290
9068,B006QGBJWK,1.346764,0.000686,0.029759,-0.311539,0.208407,367
9069,B006QHXDKK,1.150804,0.000223,0.025435,-0.276214,0.254189,958
9070,B006QO4BRM,1.264098,0.000693,0.027931,-0.275269,0.223591,828
9071,B006QO4C1W,1.229355,0.000605,0.027165,-0.266733,0.232238,785
9072,B006QREEZS,1.417418,0.000507,0.031324,-0.35986,0.219351,305
9073,B006QV2XDY,1.408717,0.00063,0.03113,-0.299028,0.260668,499
9074,B006QV3IQA,1.434326,0.000219,0.031701,-0.289496,0.310335,453
9075,B006QY3470,1.226049,-0.000215,0.027098,-0.301071,0.193799,1072
9076,B006R1FZLA,1.396768,0.000602,0.030866,-0.248143,0.194247,226
9077,B006R1LBJA,1.539056,0.000787,0.034008,-0.361027,0.273543,795
9078,B006R3CORG,1.398668,0.000875,0.030902,-0.29704,0.256843,494
9079,B006R5GXCG,1.345221,-1.9e-05,0.029733,-0.297534,0.204117,281
9080,B006R7E6KA,1.526215,0.000392,0.033731,-0.342688,0.209198,242
9081,B006RFYH92,1.377019,1.1e-05,0.030436,-0.243752,0.168591,197
9082,B006RFZ5ZM,1.279159,0.00025,0.028271,-0.256112,0.20741,296
9083,B006RFZ66K,1.195529,0.000313,0.026422,-0.23461,0.261893,529
9084,B006RFZ81S,1.402596,0.000144,0.031001,-0.312307,0.227939,252
9085,B006RFZ8C2,1.384764,-0.000163,0.030606,-0.282977,0.219687,198
9086,B006RFZ8NG,1.337758,-0.000213,0.029567,-0.292512,0.226655,253
9087,B006RFZ98K,1.23223,0.000204,0.027235,-0.27399,0.187482,405
9088,B006RFZ9IK,1.365083,2.2e-05,0.030172,-0.307702,0.271487,379
9089,B006RGM5YK,1.211193,-0.000338,0.026768,-0.284079,0.206873,282
9090,B006RHYSLM,1.108874,0.000182,0.024508,-0.215113,0.262638,1141
9091,B006RILXKA,1.435728,0.000441,0.03173,-0.254155,0.196932,205
9092,B006RN8F06,1.614244,0.000295,0.035678,-0.350478,0.286131,528
9093,B006RU9WO2,1.596847,7.6e-05,0.035294,-0.326415,0.177118,116
9094,B006RWW7VU,1.418284,-0.000139,0.031347,-0.206547,0.177477,150
9095,B006SBMKH6,1.48233,0.000153,0.032763,-0.260082,0.173979,76
9096,B006SMMYTE,1.408399,0.000592,0.031123,-0.321369,0.270419,457
9097,B006SQKIHU,1.403664,9.3e-05,0.031024,-0.318041,0.222318,341
9098,B006SUM4GO,1.454408,0.00028,0.032145,-0.278766,0.2289,349
9099,B006SVCY6I,1.474105,6.3e-05,0.032581,-0.406314,0.216497,1308
9100,B006T6Y56E,1.436245,-0.000154,0.031744,-0.249925,0.210089,124
9101,B006T8BWOA,1.56487,-0.0,0.034588,-0.265069,0.155534,114
9102,B006T8BWOK,1.617778,6.3e-05,0.035757,-0.304089,0.162875,120
9103,B006T8BWRC,1.688626,0.000132,0.037323,-0.273941,0.182342,78
9104,B006T8BWUE,1.700438,6.9e-05,0.037584,-0.298857,0.174904,70
9105,B006T8BXC6,1.684261,0.000643,0.037221,-0.308606,0.21672,105
9106,B006T8BXGW,1.693253,0.000704,0.037418,-0.308349,0.185583,99
9107,B006T8BYAM,1.550609,0.000562,0.034268,-0.28546,0.18682,106
9108,B006T8T0P8,1.374444,0.00049,0.030375,-0.265355,0.169518,206
9109,B006T9BBM2,1.512466,0.000196,0.033429,-0.279486,0.187277,166
9110,B006TLZQ4O,1.335837,0.000118,0.029525,-0.246264,0.168222,237
9111,B006TO529A,1.365925,0.000608,0.030184,-0.225052,0.210316,201
9112,B006TURTK4,1.385247,-0.000478,0.030614,-0.206812,0.156848,98
9113,B006TURZA8,1.457815,-9.4e-05,0.032221,-0.206831,0.163396,105
9114,B006TUS9LC,1.437008,-0.000225,0.031761,-0.241474,0.144958,88
9115,B006TUSG92,1.638941,-0.000527,0.036221,-0.317057,0.181886,109
9116,B006U1WT66,1.163697,-4e-06,0.025721,-0.212171,0.26909,1908
9117,B006U420FS,1.54694,0.000837,0.034181,-0.292951,0.199162,93
9118,B006U95N34,1.594612,-0.000256,0.035244,-0.297115,0.229901,290
9119,B006U98T08,1.352704,0.000567,0.029893,-0.337468,0.264345,1414
9120,B006U9D6D8,1.512119,0.000344,0.03342,-0.286054,0.191523,273
9121,B006UET4XE,1.461021,0.000873,0.03228,-0.30478,0.262746,348
9122,B006UET5UG,1.397864,0.00042,0.030893,-0.305231,0.261989,329
9123,B006UET8P8,1.489797,0.00085,0.032917,-0.32561,0.277726,477
9124,B006UET92K,1.492438,0.00087,0.032975,-0.326547,0.281236,477
9125,B006UET9HK,1.360986,0.000417,0.030078,-0.268129,0.239123,462
9126,B006UETAB0,1.3391,0.000586,0.029592,-0.270958,0.244682,355
9127,B006UETC18,1.331527,0.000722,0.029421,-0.267084,0.234824,360
9128,B006UETDGC,1.418026,0.000525,0.031338,-0.28889,0.268737,372
9129,B006UETDR6,1.358319,0.000813,0.030011,-0.262266,0.238061,360
9130,B006UETE5C,1.376908,0.000826,0.030422,-0.268525,0.242898,357
9131,B006UETRWC,1.356948,8e-06,0.029992,-0.288067,0.290849,456
9132,B006UEUGWM,1.507192,0.000626,0.033307,-0.348308,0.303101,346
9133,B006UEUHLC,1.520968,0.000686,0.03361,-0.347378,0.30926,353
9134,B006UEUI8E,1.519425,0.000593,0.033578,-0.350356,0.313184,354
9135,B006UEUIJS,1.513261,0.000665,0.03344,-0.344436,0.307653,349
9136,B006UEUJV0,1.515354,0.000677,0.033486,-0.348868,0.309469,350
9137,B006UEUK82,1.532243,0.00066,0.03386,-0.349126,0.313875,353
9138,B006UJ7HKQ,1.544288,0.000846,0.034122,-0.319605,0.186971,218
9139,B006UMU4NK,1.304795,0.00027,0.028838,-0.291686,0.204164,427
9140,B006UQUQPM,1.289001,-0.000152,0.02849,-0.338832,0.203231,251
9141,B006UUTNCU,1.244255,0.000255,0.0275,-0.241688,0.22698,961
9142,B006V6T1X4,1.224205,-0.000176,0.027057,-0.315785,0.228068,722
9143,B006VDOPPQ,1.223671,-9.2e-05,0.027046,-0.247644,0.196373,336
9144,B006VDRQEI,1.117446,0.000287,0.024697,-0.214671,0.221104,1117
9145,B006VDSO0I,1.157656,8.9e-05,0.025587,-0.213694,0.199083,1213
9146,B006VEAYEG,1.311139,0.000489,0.028975,-0.264641,0.24811,972
9147,B006VJMM50,1.391106,0.000673,0.03074,-0.201947,0.167488,113
9148,B006VLRZO6,1.447581,0.000201,0.031994,-0.296446,0.268119,294
9149,B006VX5RQW,1.413881,-0.00029,0.031249,-0.339915,0.244155,412
9150,B006VYF4BY,1.158934,0.000281,0.025614,-0.233809,0.181921,2070
9151,B006VYG9YU,1.167681,-0.000189,0.025808,-0.263889,0.207424,1294
9152,B006W1BSD4,1.326975,-9e-06,0.029329,-0.292572,0.291882,508
9153,B006W3P14Y,1.207378,0.0002,0.026685,-0.251281,0.220231,641
9154,B006W6Y64M,1.401002,0.000719,0.030957,-0.30289,0.25379,298
9155,B006WDM9MQ,1.344316,0.00039,0.02971,-0.259756,0.21531,355
9156,B006WHOAHO,1.342454,0.000106,0.029671,-0.272339,0.214694,434
9157,B006WMYMRW,1.244825,0.000177,0.027513,-0.30985,0.227437,658
9158,B006WQ2SUQ,1.294059,8.1e-05,0.028602,-0.247523,0.222657,626
9159,B006WQBZ96,1.256851,8e-06,0.02778,-0.276013,0.278175,1906
9160,B006WQE5S4,1.262401,0.000465,0.027898,-0.289161,0.265202,2116
9161,B006WQF3B2,1.346325,0.00083,0.029746,-0.28171,0.219106,315
9162,B006WVCCQQ,1.511082,9e-05,0.033399,-0.337526,0.279252,315
9163,B006WVCCRA,1.324563,0.000413,0.029273,-0.265341,0.288852,903
9164,B006WVCF18,1.326057,-0.000101,0.029309,-0.266026,0.275621,851
9165,B006WVCF40,1.262283,0.000745,0.02789,-0.231524,0.244402,600
9166,B006WZ9N00,1.40136,0.000945,0.030959,-0.296718,0.219156,705
9167,B006WZA408,1.438082,0.000972,0.03177,-0.208065,0.184742,172
9168,B006X1DCFK,1.502855,-9.3e-05,0.033217,-0.358757,0.268482,463
9169,B006X1H2P6,1.180351,0.000141,0.026088,-0.290224,0.223227,2067
9170,B006X1INQI,1.439046,0.000393,0.031804,-0.331793,0.228399,462
9171,B006X1KROY,1.266357,0.000335,0.027988,-0.305124,0.266291,1588
9172,B006X1LOQO,1.205612,-0.000142,0.026647,-0.298082,0.224489,2050
9173,B006X2IMGS,1.408668,0.000877,0.031123,-0.3235,0.225859,281
9174,B006X42XXY,1.442564,0.000319,0.031883,-0.310307,0.20577,157
9175,B006X4LU9W,1.258834,-3.4e-05,0.027823,-0.26363,0.174392,268
9176,B006X76TT0,1.286535,0.000686,0.028427,-0.303035,0.249146,477
9177,B006XJ0Y0I,1.363401,2.9e-05,0.030135,-0.265931,0.190525,169
9178,B006XM9M58,1.387725,0.000623,0.030666,-0.319097,0.238368,390
9179,B006Y7TZTA,1.138065,0.000403,0.025151,-0.248467,0.199281,1335
9180,B006Y7U1TS,1.262644,-0.000194,0.027907,-0.286085,0.217079,1046
9181,B006Y7U4T0,1.306996,0.000326,0.028886,-0.273418,0.223149,962
9182,B006Y8N6NK,1.231303,0.000739,0.027205,-0.235272,0.216594,529
9183,B006YC3UP0,1.186884,0.000655,0.026225,-0.279234,0.227442,918
9184,B006YDJ71K,1.331857,0.000688,0.029429,-0.308863,0.280759,408
9185,B006YFCHSS,1.311154,7.6e-05,0.02898,-0.29198,0.241434,397
9186,B006YFRE90,1.282126,0.000339,0.028336,-0.267183,0.231093,450
9187,B006YIUK98,1.340814,0.000247,0.029634,-0.325687,0.23549,443
9188,B006YQ40ZA,1.356425,0.000141,0.02998,-0.316529,0.249649,486
9189,B006YQ7Z3E,1.256,0.000506,0.027756,-0.27811,0.235932,887
9190,B006YUOHXQ,1.39656,0.000237,0.030867,-0.306587,0.220434,413
9191,B006Z43V38,1.398313,0.000513,0.030902,-0.336967,0.250506,500
9192,B006Z79SBE,1.239066,0.000559,0.027381,-0.260412,0.282429,826
9193,B006Z8AP6K,1.343967,0.000285,0.029704,-0.256559,0.175041,162
9194,B006Z8B5HS,1.319139,6.4e-05,0.029156,-0.273756,0.203911,544
9195,B006Z8BN02,1.300869,-0.000595,0.028746,-0.303132,0.190341,324
9196,B006Z96OI2,1.336835,5e-05,0.029547,-0.276947,0.217979,295
9197,B006Z9ACMG,1.223488,5.6e-05,0.027042,-0.272915,0.164643,501
9198,B006Z9E5ZG,1.38758,-0.000115,0.030669,-0.308103,0.221932,453
9199,B006Z9UPQO,1.305316,-0.000187,0.02885,-0.246164,0.172761,205
9200,B006ZA0A5Y,1.185058,-0.000266,0.026191,-0.266191,0.218755,1995
9201,B006ZAHBIS,1.477724,-0.000135,0.032661,-0.252198,0.168429,185
9202,B006ZAHBLU,1.586267,-0.000402,0.035058,-0.292173,0.177844,176
9203,B006ZAHBT2,1.577568,-9.7e-05,0.034868,-0.316794,0.186168,195
9204,B006ZAPMT8,1.312912,0.000612,0.029012,-0.296906,0.216616,2491
9205,B006ZBI33Y,1.202146,0.000193,0.02657,-0.235664,0.232052,681
9206,B006ZBKH2Y,1.093171,-0.000176,0.024161,-0.263648,0.217362,1532
9207,B006ZBP8NM,1.229233,0.000116,0.027169,-0.303026,0.23217,2051
9208,B006ZCPZMA,1.180457,-0.000157,0.026091,-0.266546,0.227654,2037
9209,B006ZCQD30,1.177954,8.4e-05,0.026036,-0.267093,0.23389,2016
9210,B006ZENPYS,1.138843,0.000267,0.02517,-0.236783,0.214409,1799
9211,B006ZEV036,1.296862,7.1e-05,0.028664,-0.28917,0.198728,1805
9212,B006ZN1B1S,1.256,6.9e-05,0.027761,-0.295673,0.218332,477
9213,B006ZR92SS,1.45727,0.000262,0.032208,-0.338271,0.281177,441
9214,B006ZUEMSA,1.268533,0.00045,0.028034,-0.213973,0.169429,276
9215,B006ZUH1CO,1.242907,-0.000148,0.027471,-0.280537,0.23782,1479
9216,B006ZUNMLS,1.360623,0.00034,0.030071,-0.299766,0.182895,346
9217,B007004PZO,1.20153,0.000154,0.026556,-0.248903,0.22872,924
9218,B00700H128,1.187435,0.000267,0.026244,-0.24421,0.199871,906
9219,B00703BKTU,1.37298,-0.000173,0.030346,-0.258847,0.165043,192
9220,B00703EITY,1.274553,-1.7e-05,0.028171,-0.263813,0.163979,296
9221,B00703QGQM,1.360947,0.000929,0.030066,-0.296495,0.220781,448
9222,B0070O69RW,1.20454,0.000582,0.026617,-0.271372,0.189808,411
9223,B0070TSNO4,1.388315,-6.2e-05,0.030685,-0.304189,0.211324,295
9224,B0070TSNTY,1.477389,0.000199,0.032653,-0.341338,0.242179,289
9225,B0070WVEWE,1.588436,0.000495,0.035105,-0.308489,0.205911,187
9226,B007124J9I,1.301236,0.000835,0.028748,-0.350593,0.204134,1785
9227,B00714TCX4,1.310838,-0.000254,0.028972,-0.287977,0.214035,484
9228,B007152I9S,1.415243,0.00032,0.031279,-0.330603,0.278622,462
9229,B0071900NU,1.06753,3.9e-05,0.023595,-0.23954,0.159516,2097
9230,B0071DQOXQ,1.329633,7.9e-05,0.029388,-0.233706,0.226489,190
9231,B0071GQ78U,1.399138,0.000356,0.030922,-0.312648,0.238304,331
9232,B0071GQQ4U,1.302292,-2.1e-05,0.028784,-0.275125,0.234325,795
9233,B0071H5C76,1.230101,-6.2e-05,0.027188,-0.334329,0.244716,739
9234,B0071H640U,1.317956,-1e-06,0.02913,-0.364537,0.271368,817
9235,B0071HIDLS,1.442343,-1e-06,0.031879,-0.326321,0.264195,1894
9236,B0071HIE94,1.301708,0.000593,0.028765,-0.278235,0.234836,798
9237,B0071K229E,1.419209,0.000263,0.031367,-0.301783,0.196146,263
9238,B0071OF8CI,1.309698,0.000103,0.028947,-0.312172,0.264402,869
9239,B0071Q5PL0,1.490822,0.00012,0.032951,-0.285962,0.20449,161
9240,B0071S7EWQ,1.212693,0.000877,0.026789,-0.256479,0.250991,1156
9241,B0072AJKFC,1.283734,-0.000226,0.028373,-0.270724,0.192494,337
9242,B0072AJLNI,1.16602,0.000178,0.025771,-0.258731,0.214294,569
9243,B0072CV36Y,1.317861,0.000243,0.029127,-0.269,0.235254,504
9244,B0072F80DK,1.351518,0.00011,0.029872,-0.330629,0.214684,469
9245,B0072FSMFG,1.542843,0.000682,0.034094,-0.23757,0.195538,159
9246,B0072FTOW6,1.457306,8.5e-05,0.03221,-0.249125,0.173475,160
9247,B0072HXAD8,1.379155,5.8e-05,0.030483,-0.236247,0.170639,171
9248,B0072UDL0M,1.451715,0.000685,0.032079,-0.280302,0.26958,387
9249,B0072XR560,1.609921,0.000295,0.035582,-0.312052,0.202988,96
9250,B0072XRJ20,1.617429,-0.000415,0.035747,-0.305447,0.188919,87
9251,B0072XT8BA,1.617504,0.000349,0.035749,-0.325062,0.237624,120
9252,B0072XUY7W,1.634514,0.000551,0.036123,-0.30375,0.243006,121
9253,B0073A39AI,1.378216,0.000316,0.03046,-0.266039,0.184469,251
9254,B0073ANH14,1.348907,0.000513,0.02981,-0.275546,0.238579,473
9255,B0073B3BUU,1.601295,-1.4e-05,0.035393,-0.302379,0.198316,117
9256,B0073B3CQS,1.445699,-0.000111,0.031953,-0.289322,0.161271,109
9257,B0073B3ESY,1.544958,-0.000409,0.034145,-0.295903,0.160866,113
9258,B0073B3F06,1.545872,-0.000533,0.034163,-0.302035,0.176507,103
9259,B0073B6JMW,1.557716,0.000134,0.034429,-0.309215,0.160846,111
9260,B0073FET84,1.455288,0.000269,0.032164,-0.259495,0.217394,214
9261,B0073KABJ0,1.375423,0.000404,0.030398,-0.280078,0.193797,313
9262,B0073KJJMA,1.446744,2.5e-05,0.031977,-0.374842,0.308032,531
9263,B0073L982K,1.52481,0.001287,0.033678,-0.335769,0.240553,105
9264,B0073OC9S2,1.212054,0.000424,0.026786,-0.274007,0.156508,809
9265,B0073P01RC,1.331337,0.000986,0.029409,-0.311851,0.23517,380
9266,B0073SBABK,1.260357,0.000577,0.027851,-0.284676,0.184368,391
9267,B0073SBEPC,1.365865,0.000148,0.030189,-0.317761,0.241713,465
9268,B0073SBJAC,1.436289,0.000102,0.031745,-0.325602,0.220888,290
9269,B0073SBJPC,1.509171,0.000489,0.033353,-0.354237,0.293875,426
9270,B0073SBK4M,1.468047,0.000428,0.032445,-0.343829,0.299631,625
9271,B0073TX6IO,1.261945,0.000242,0.027891,-0.243215,0.151591,184
9272,B0073ZAZRI,1.490577,0.000194,0.032945,-0.285323,0.205294,154
9273,B00743VJ4W,1.48431,1.6e-05,0.032807,-0.294412,0.164094,105
9274,B007441K54,1.328324,4e-06,0.029359,-0.29351,0.207176,513
9275,B0074BZAS0,1.305658,0.000239,0.028857,-0.305948,0.189564,286
9276,B0074BZP80,1.539293,-8.1e-05,0.034022,-0.364886,0.264952,355
9277,B0074ENPWA,1.373971,0.000252,0.030367,-0.303625,0.207061,510
9278,B0074FSFXI,1.452493,0.000246,0.032103,-0.214544,0.170854,177
9279,B0074NEBIS,1.155879,0.000771,0.025536,-0.21839,0.200033,505
9280,B0074OLDLK,1.435237,0.00111,0.031703,-0.308999,0.260874,351
9281,B0074VU6CA,1.294531,0.000612,0.028606,-0.262134,0.254858,421
9282,B00752ZINU,1.419356,0.000449,0.031368,-0.287775,0.195392,213
9283,B00752ZKSS,1.347109,0.000364,0.029772,-0.262802,0.18055,241
9284,B00755JCDO,1.213355,0.000244,0.026817,-0.290962,0.190923,535
9285,B0075DSZ70,1.218528,0.000463,0.026929,-0.264286,0.224796,1354
9286,B0075GXW0W,1.477474,0.000765,0.032647,-0.295095,0.226262,198
9287,B0075J4TDI,1.410765,0.000206,0.031181,-0.29638,0.253299,404
9288,B0075OYO10,1.339382,0.000769,0.029594,-0.261429,0.199921,313
9289,B0075QVOFW,1.242254,0.000255,0.027456,-0.220905,0.207752,187
9290,B00761YIQ8,1.303116,0.00034,0.0288,-0.268125,0.188688,301
9291,B00762WE86,1.468307,0.000598,0.032448,-0.264133,0.185303,135
9292,B00762X7QO,1.393996,0.000218,0.03081,-0.257128,0.153921,139
9293,B00762XOA8,1.465053,0.000396,0.032379,-0.253903,0.168595,140
9294,B00762XYKI,1.481695,0.000575,0.032744,-0.272059,0.17823,137
9295,B00766SG7A,1.343556,0.000341,0.029694,-0.284876,0.238634,540
9296,B00766SGE8,1.324225,0.000298,0.029267,-0.276149,0.245344,540
9297,B00766SGPM,1.328317,0.000363,0.029357,-0.282339,0.246437,542
9298,B00766SH60,1.339011,0.000391,0.029593,-0.280236,0.249593,541
9299,B0076D1YF4,1.266264,0.000211,0.027987,-0.319086,0.24195,677
9300,B0076DZAIQ,1.376966,-0.000185,0.030434,-0.275808,0.224968,349
9301,B0076H7REM,1.690776,0.000782,0.037362,-0.361362,0.233478,147
9302,B0076H8R8C,1.370678,0.000835,0.030284,-0.289151,0.252625,494
9303,B0076HP5YG,1.201037,0.000327,0.026544,-0.205987,0.238153,327
9304,B0076HRUQC,1.400889,7.8e-05,0.030963,-0.324021,0.241007,317
9305,B0076J9RZW,1.515446,-0.000448,0.033492,-0.299027,0.177286,104
9306,B0076JVT12,1.475365,-7.7e-05,0.032609,-0.265106,0.181594,128
9307,B0076L73BK,1.422528,0.000606,0.031436,-0.274068,0.177832,159
9308,B0076L9BHE,1.388609,0.000415,0.030689,-0.266073,0.170352,146
9309,B0076L9YW6,1.438398,0.000827,0.031781,-0.262059,0.215738,135
9310,B0076LAORU,1.341795,0.000241,0.029656,-0.264021,0.198822,182
9311,B0076LBMI0,1.386038,0.000472,0.030631,-0.219771,0.185971,126
9312,B0076LCCYI,1.442941,0.000384,0.03189,-0.243633,0.158957,179
9313,B0076LZOMK,1.38752,0.000201,0.030667,-0.220573,0.179032,133
9314,B0076OFKMG,1.379286,0.000383,0.030483,-0.304143,0.233822,359
9315,B0076P1G4Q,1.134175,0.000747,0.025057,-0.224056,0.234023,1069
9316,B0076P7R1W,1.349111,-0.000291,0.029817,-0.317965,0.252708,942
9317,B0076UIVA8,1.44149,0.001034,0.031844,-0.219279,0.197498,152
9318,B0076XEQJ0,1.396427,0.000466,0.030861,-0.297454,0.235692,361
9319,B0076XERS0,1.280675,0.000218,0.028305,-0.270672,0.236528,419
9320,B00770JW9Q,1.601488,0.000375,0.035395,-0.314215,0.194397,145
9321,B00772AKMM,1.301694,-5.7e-05,0.028771,-0.31949,0.252906,494
9322,B00772CR82,1.322636,0.000808,0.029222,-0.28261,0.253709,478
9323,B007736X86,1.184472,0.00022,0.026179,-0.198669,0.23698,336
9324,B00774V4P2,1.394665,8e-06,0.030826,-0.306054,0.254578,358
9325,B00775SJ2M,1.328184,0.000175,0.029356,-0.265101,0.290404,440
9326,B00776CLLG,1.253469,0.001163,0.02768,-0.263899,0.317999,1043
9327,B00778LPAW,1.418957,0.000851,0.031351,-0.296234,0.270003,442
9328,B0077CNO1G,1.273738,-0.000198,0.028152,-0.313732,0.240068,2073
9329,B0077HOFKU,1.571436,0.000116,0.034732,-0.315332,0.222062,201
9330,B0077ICNNA,1.520978,0.000474,0.033614,-0.272119,0.184146,192
9331,B0077R67CE,1.455786,0.000709,0.032169,-0.251665,0.161321,91
9332,B0077S35WS,1.282076,-4.9e-05,0.028337,-0.333574,0.29522,1364
9333,B0077UHDKG,1.611506,0.001319,0.035594,-0.253223,0.21262,144
9334,B0077ZW4OG,1.404544,5.6e-05,0.031044,-0.268714,0.176631,127
9335,B007822G8W,1.491596,0.000464,0.032965,-0.333236,0.256142,327
9336,B007867TQW,1.228989,-0.000227,0.027163,-0.252161,0.265371,1192
9337,B00787QT6W,1.198548,0.000742,0.026481,-0.316245,0.249615,763
9338,B00788PMMS,1.342486,0.000294,0.029671,-0.281828,0.271203,518
9339,B0078PXU7U,1.303264,0.000138,0.028805,-0.240686,0.264367,525
9340,B0078VJ1OK,1.503686,0.000986,0.033221,-0.346236,0.271159,296
9341,B0078VTGOK,1.32423,0.000534,0.029264,-0.29786,0.234121,516
9342,B0078YQ9BU,1.691236,-0.000353,0.037379,-0.316604,0.223866,151
9343,B00795XKXS,1.270678,0.000262,0.028084,-0.281317,0.25447,985
9344,B0079HNKLI,1.24306,0.000623,0.027468,-0.250844,0.275648,1060
9345,B0079M7VN6,1.312236,0.000609,0.028997,-0.268773,0.200478,370
9346,B0079R6BD2,1.242851,0.000352,0.027468,-0.289138,0.207824,1116
9347,B0079RQ0EM,1.348259,0.001234,0.029774,-0.230163,0.216461,125
9348,B0079V6ZAC,1.556497,0.000608,0.034397,-0.274411,0.166635,158
9349,B007A592HU,1.510188,0.000311,0.033377,-0.319812,0.227703,125
9350,B007A59A2W,1.404304,0.000175,0.031038,-0.30817,0.1913,220
9351,B007A7PTWA,1.392312,0.000583,0.030768,-0.23945,0.158516,103
9352,B007AAUXI2,1.509565,0.000768,0.033356,-0.350542,0.193593,195
9353,B007AE0270,1.355482,9.1e-05,0.029959,-0.279663,0.240718,378
9354,B007AO3LJG,1.530398,0.000918,0.033813,-0.343497,0.197937,206
9355,B007APTJ0U,1.332226,0.000669,0.029438,-0.280505,0.20437,409
9356,B007AS4L96,1.234941,0.000225,0.027294,-0.252566,0.252674,696
9357,B007AS626G,1.19235,0.000835,0.026341,-0.243197,0.231817,678
9358,B007AS62J8,1.274556,0.000643,0.028164,-0.306669,0.233168,520
9359,B007AU0FXA,1.22032,0.000401,0.026969,-0.282906,0.231315,1046
9360,B007B3T47Y,1.183125,0.000598,0.026143,-0.233911,0.217015,721
9361,B007B469MG,1.387448,0.000538,0.030661,-0.245852,0.210024,294
9362,B007BDCSZO,1.288836,0.000557,0.028481,-0.225828,0.16642,256
9363,B007BETSM4,1.230996,0.00074,0.027198,-0.286072,0.274816,1219
9364,B007BIB49K,1.30376,0.000731,0.028807,-0.274861,0.200824,318
9365,B007BJ3KQ4,1.433195,0.000118,0.031677,-0.262219,0.182253,214
9366,B007BKB6AU,1.309709,0.00053,0.028943,-0.277785,0.209313,1483
9367,B007BLLO3S,1.412777,0.000585,0.03122,-0.324972,0.294616,609
9368,B007BLN17K,1.509844,0.001058,0.033355,-0.31193,0.161193,214
9369,B007BNDOHA,1.420997,0.000592,0.031402,-0.28868,0.282753,430
9370,B007BSA5ZO,1.256595,0.000749,0.027764,-0.248949,0.196725,410
9371,B007BV13ES,1.180558,-0.000307,0.026091,-0.276441,0.234302,689
9372,B007BXMKGQ,1.636976,0.000341,0.03618,-0.324349,0.177158,115
9373,B007BZPGQ0,1.556665,0.001044,0.03439,-0.268637,0.162601,166
9374,B007C27HAA,1.325945,0.0011,0.029286,-0.301276,0.192135,482
9375,B007C2B9T0,1.615947,0.000712,0.035709,-0.317027,0.209411,165
9376,B007C2H00C,1.17299,0.000228,0.025925,-0.231372,0.273712,524
9377,B007C49D0K,1.431555,0.000254,0.03164,-0.315862,0.239711,256
9378,B007C7IVE6,1.111272,2.3e-05,0.024562,-0.252196,0.180874,1202
9379,B007CDSFKU,1.244271,-5e-06,0.027501,-0.266983,0.246186,597
9380,B007CFGBDG,1.406941,0.000511,0.031093,-0.3029,0.26436,280
9381,B007CMQ9B8,1.315542,-0.000437,0.029073,-0.273776,0.206648,329
9382,B007CMS5C4,1.332091,0.000197,0.029442,-0.343915,0.236409,501
9383,B007CMT6TA,1.311572,-0.000431,0.028986,-0.274521,0.213765,324
9384,B007CN3HDA,1.295761,0.000496,0.028635,-0.326905,0.260693,626
9385,B007CNDZIW,1.239619,-0.000103,0.027398,-0.264909,0.212908,361
9386,B007CTNHL6,1.33678,0.00026,0.029545,-0.347926,0.262165,1002
9387,B007CVGMAC,1.404612,0.000203,0.031045,-0.289178,0.227738,333
9388,B007CVLI9M,1.507388,0.000331,0.033315,-0.294596,0.195019,214
9389,B007CY0EHG,1.171558,0.000727,0.025884,-0.295322,0.229763,1934
9390,B007CY2C76,1.444578,0.000111,0.031929,-0.339804,0.211026,312
9391,B007D1VGSY,1.448138,0.001145,0.031987,-0.286483,0.188448,226
9392,B007DGRRG4,1.368901,1e-06,0.030256,-0.342953,0.279592,555
9393,B007DGRT3K,1.359447,6.4e-05,0.030047,-0.311959,0.239731,693
9394,B007DGUREI,1.325055,1e-06,0.029287,-0.318318,0.258326,554
9395,B007DKV8OW,1.288774,0.000157,0.028485,-0.349251,0.23104,1614
9396,B007E0FQ1W,1.637672,0.000567,0.036192,-0.330965,0.220562,126
9397,B007E0FR84,1.692207,0.000622,0.037397,-0.312392,0.181501,90
9398,B007E2K41W,1.281385,-0.0,0.028322,-0.277696,0.229895,425
9399,B007E5ZEK0,1.2524,0.000186,0.027681,-0.269938,0.188828,299
9400,B007E62538,1.492291,0.000414,0.032981,-0.350245,0.298823,455
9401,B007EE1SQU,1.254021,-0.000106,0.027717,-0.252565,0.212634,918
9402,B007EHWDTS,1.363225,0.000702,0.030122,-0.318466,0.220527,328
9403,B007EITOSK,1.34198,0.000762,0.029651,-0.300976,0.258452,454
9404,B007EZ0CC0,1.522276,0.000792,0.033637,-0.346083,0.197271,204
9405,B007EZ2HI2,1.538832,0.000877,0.034001,-0.34445,0.199939,198
9406,B007F21X70,1.41108,0.000467,0.031185,-0.231821,0.155222,102
9407,B007FAOPP4,1.389947,0.000598,0.030715,-0.287178,0.201044,382
9408,B007FAOUOA,1.246401,9.8e-05,0.027548,-0.266628,0.219932,629
9409,B007FI5QT0,1.42195,0.000781,0.031419,-0.341229,0.251168,479
9410,B007FIUES8,1.211742,0.000416,0.026779,-0.30637,0.221814,677
9411,B007FIUFN2,1.295069,0.000439,0.028621,-0.299574,0.234321,658
9412,B007FKKC24,1.325383,0.001032,0.029276,-0.355161,0.274259,1009
9413,B007FLIHES,1.316728,7.3e-05,0.029103,-0.351943,0.203425,866
9414,B007FWBZF0,1.127752,0.000185,0.024925,-0.213764,0.172339,793
9415,B007FZR99I,1.296297,0.000125,0.028651,-0.278863,0.218116,479
9416,B007GM1CBQ,1.268428,0.000371,0.028033,-0.272972,0.196322,462
9417,B007GM2U0S,1.302211,0.000665,0.028774,-0.256989,0.20321,384
9418,B007GM30PC,1.45581,0.000623,0.032171,-0.273656,0.16669,132
9419,B007H3LPSY,1.503925,0.000754,0.033232,-0.198532,0.160615,120
9420,B007H4HP7S,1.388852,0.000761,0.030688,-0.285354,0.244959,343
9421,B007H4J832,1.42495,0.000676,0.031488,-0.309958,0.250889,353
9422,B007H590U2,1.415026,-0.000121,0.031275,-0.351801,0.229085,299
9423,B007HKFE5C,1.377319,0.000442,0.030439,-0.303278,0.261952,496
9424,B007HKO296,1.346032,0.000252,0.02975,-0.312214,0.24727,489
9425,B007HKO8P4,1.35785,0.000425,0.030009,-0.301998,0.25675,495
9426,B007HKOVHO,1.298696,0.000611,0.028698,-0.30235,0.27813,655
9427,B007HKOVIS,1.309524,0.00103,0.028925,-0.259944,0.225968,349
9428,B007HKP1QE,1.373124,0.00041,0.030347,-0.301117,0.261385,500
9429,B007HLWNT6,1.352776,1.5e-05,0.0299,-0.318485,0.248796,525
9430,B007HOCQVS,1.111952,0.000645,0.024568,-0.245838,0.196776,677
9431,B007HPG4UQ,1.382544,0.000999,0.030541,-0.29835,0.231199,461
9432,B007HQYHQ8,1.425934,0.000594,0.031511,-0.25444,0.185772,200
9433,B007HSP5GC,1.332301,0.000775,0.029437,-0.256857,0.229186,461
9434,B007HTSVAS,1.256746,0.00078,0.027766,-0.26651,0.290677,978
9435,B007HTT88M,1.331421,0.001105,0.029407,-0.273758,0.22076,419
9436,B007HYNEDC,1.251756,-0.000122,0.027667,-0.316755,0.236366,1104
9437,B007I6SQEQ,1.43181,0.000262,0.031645,-0.333155,0.257596,286
9438,B007IAE5WY,1.596583,0.000188,0.035288,-0.313913,0.249335,223
9439,B007IM3RZI,1.27179,-3.4e-05,0.02811,-0.271028,0.221627,441
9440,B007ISRNCA,1.430821,0.000556,0.03162,-0.323984,0.228942,393
9441,B007ISRNJS,1.411522,0.000397,0.031196,-0.317058,0.237637,379
9442,B007IUPZJG,1.300496,0.000199,0.028743,-0.251026,0.183126,339
9443,B007IVRASY,1.395306,0.00066,0.030833,-0.325496,0.203267,420
9444,B007IVTA0U,1.291143,0.000618,0.028531,-0.282879,0.269168,428
9445,B007IVW5M0,1.464864,0.000258,0.032376,-0.340182,0.286068,351
9446,B007IVYL18,1.363154,0.000263,0.030128,-0.313155,0.218054,447
9447,B007IX2DL6,1.427773,0.000755,0.031548,-0.31334,0.260907,364
9448,B007IY4ADY,1.437762,0.000158,0.031778,-0.255298,0.197213,178
9449,B007IY97U0,1.222262,0.000344,0.027013,-0.307627,0.195411,873
9450,B007JBF99U,1.295096,0.000446,0.028621,-0.270507,0.248303,2102
9451,B007JLU57G,1.234228,-0.000273,0.027278,-0.283381,0.196302,558
9452,B007JLUL1G,1.233019,-0.000283,0.027251,-0.283868,0.195911,558
9453,B007JPRBCY,1.368024,-2.9e-05,0.030237,-0.301584,0.199592,311
9454,B007JSL1OU,1.631894,-1.6e-05,0.036069,-0.33654,0.233645,157
9455,B007JT7AEY,1.48635,8.7e-05,0.032852,-0.260807,0.197297,128
9456,B007JT7AGC,1.434444,8.8e-05,0.031705,-0.266954,0.187649,112
9457,B007JT7AIA,1.421781,3.9e-05,0.031425,-0.2947,0.199245,128
9458,B007JT7AIK,1.477961,0.000515,0.032663,-0.260365,0.186089,109
9459,B007JT7ARQ,1.371755,0.000178,0.030319,-0.250137,0.175854,115
9460,B007JWZL3I,1.434976,0.000634,0.03171,-0.355986,0.265792,666
9461,B007JXLT9M,1.29699,0.000473,0.028663,-0.258236,0.229747,444
9462,B007JXZ88K,1.311382,0.000586,0.028979,-0.287197,0.254501,418
9463,B007JZ7MVE,1.338969,-0.000285,0.029593,-0.333903,0.264212,1125
9464,B007K1OB0M,1.707639,0.000256,0.037742,-0.31624,0.236424,209
9465,B007K3B6CG,1.499377,9e-06,0.03314,-0.258502,0.152158,63
9466,B007K449CE,1.3519,0.000186,0.02988,-0.245747,0.172382,113
9467,B007K449EC,1.380681,0.000273,0.030515,-0.250508,0.181805,132
9468,B007K6MIKC,1.317826,0.000408,0.029124,-0.25095,0.210741,305
9469,B007KAI40Q,1.297015,-0.000134,0.028667,-0.310258,0.266323,1843
9470,B007KJ04EG,1.262865,0.000113,0.027912,-0.231829,0.271487,960
9471,B007KNAA2S,1.291582,-0.000167,0.028547,-0.310852,0.22588,510
9472,B007KTWNOA,1.306933,0.000505,0.028882,-0.285171,0.224912,813
9473,B007L0CBZO,1.510829,0.000398,0.033391,-0.249127,0.184908,118
9474,B007L51ET8,1.321256,0.000729,0.029194,-0.280199,0.193414,290
9475,B007L5H7XK,1.449897,-0.000586,0.032041,-0.35066,0.209328,284
9476,B007L5IB0I,1.311814,0.000278,0.028993,-0.261714,0.220513,354
9477,B007L5ISQ0,1.145272,0.000397,0.02531,-0.256064,0.212877,1216
9478,B007L5P7YQ,1.117006,0.000118,0.024688,-0.235046,0.219879,823
9479,B007L5UGZ6,1.449983,0.000295,0.032047,-0.30804,0.237524,629
9480,B007L65XA8,1.446568,0.000286,0.031971,-0.326078,0.245855,491
9481,B007L6UPN8,1.327845,9.6e-05,0.029349,-0.237929,0.179785,159
9482,B007L7XQT2,1.166644,0.00082,0.025773,-0.250057,0.212632,1549
9483,B007L86026,1.504104,0.000656,0.033238,-0.317733,0.2995,376
9484,B007L8QLU2,1.101816,0.000248,0.024352,-0.246458,0.202258,1379
9485,B007L9DRXK,1.142492,0.000363,0.025249,-0.257578,0.207808,1438
9486,B007LA6CQS,1.222505,0.000259,0.027019,-0.27246,0.255548,1176
9487,B007LANY2S,1.718646,0.000475,0.037983,-0.392812,0.302292,279
9488,B007LSASW4,1.382128,0.001523,0.03051,-0.298853,0.194675,264
9489,B007M0S8KA,1.259825,0.000125,0.027845,-0.307866,0.207674,575
9490,B007M0STLI,1.244765,0.000104,0.027512,-0.302612,0.202706,576
9491,B007M4D49Q,1.512667,0.000189,0.033433,-0.278759,0.209563,291
9492,B007M6CTW2,1.343935,0.000382,0.029702,-0.227705,0.227824,493
9493,B007M6EALK,1.276274,0.000366,0.028206,-0.28308,0.247567,1547
9494,B007M819DU,1.39392,0.000635,0.030803,-0.26881,0.240071,370
9495,B007M81A8O,1.293601,0.000402,0.028589,-0.275543,0.17184,283
9496,B007M81AAC,1.397554,0.000478,0.030886,-0.263152,0.219404,300
9497,B007M81B4M,1.568909,5.8e-05,0.034677,-0.302788,0.202122,99
9498,B007MBE786,1.68885,0.000628,0.037322,-0.314202,0.175699,102
9499,B007MF5UOM,1.836323,0.000872,0.040578,-0.302298,0.211466,120
9500,B007MF8846,1.229375,0.000673,0.027164,-0.266846,0.209374,650
9501,B007MJKI5Y,1.479927,0.000901,0.032698,-0.322807,0.248801,379
9502,B007MJKI86,1.498578,0.00088,0.033111,-0.32387,0.251676,377
9503,B007MJKI9K,1.49036,0.00097,0.032926,-0.324982,0.248712,378
9504,B007MJKIC2,1.504228,0.000981,0.033233,-0.326614,0.250185,371
9505,B007MJKIMW,1.741474,0.000536,0.038487,-0.347133,0.310425,119
9506,B007MJVY02,1.343955,0.000535,0.0297,-0.273867,0.260593,444
9507,B007MKVTSS,1.392843,0.000187,0.030785,-0.311196,0.199874,194
9508,B007ML0OY2,1.37364,0.000157,0.03036,-0.258808,0.244653,400
9509,B007ML9RNQ,1.452622,0.000153,0.032106,-0.361318,0.303991,730
9510,B007MNYY14,1.518626,-0.000404,0.033563,-0.214477,0.168781,172
9511,B007MXNCGC,1.361968,0.000428,0.0301,-0.29662,0.231539,418
9512,B007MYLM1I,1.30393,0.000638,0.028813,-0.276907,0.258708,643
9513,B007N0FYX8,1.394056,-7.6e-05,0.030812,-0.292008,0.24692,255
9514,B007N16KOY,1.294834,0.000133,0.028619,-0.324013,0.221828,971
9515,B007N19DDE,1.319028,0.000332,0.029152,-0.286693,0.231975,479
9516,B007N1D4A2,1.615963,0.000258,0.035716,-0.339798,0.299921,390
9517,B007N3F1YM,1.462876,0.000616,0.032327,-0.313652,0.234172,344
9518,B007N4D4ZO,1.52713,-0.000521,0.033749,-0.28663,0.185299,99
9519,B007NHCQQE,1.483847,-0.000386,0.032794,-0.2957,0.185413,81
9520,B007NNEK08,1.496183,0.000215,0.033069,-0.304933,0.206694,174
9521,B007NNTAXK,1.473064,0.001377,0.032529,-0.34707,0.290934,542
9522,B007NNU2WI,1.537176,0.000237,0.033975,-0.322058,0.222568,176
9523,B007NQO5EG,1.329556,0.000173,0.029386,-0.320801,0.253783,566
9524,B007NTYUGG,1.257127,0.000397,0.027783,-0.286093,0.219561,1528
9525,B007NUHHC4,1.43708,0.000259,0.031762,-0.231549,0.162703,69
9526,B007NXZ0T8,1.209389,0.000817,0.026718,-0.253128,0.24983,739
9527,B007NYB0DC,1.560535,0.001491,0.034459,-0.351031,0.282164,519
9528,B007O7AZ3O,1.192864,0.000831,0.026352,-0.291648,0.258449,1132
9529,B007O7AZBG,1.20039,0.000852,0.026518,-0.290785,0.249472,1133
9530,B007OC3X4W,1.38045,-0.000339,0.030509,-0.318734,0.234862,275
9531,B007OLQ80E,1.216345,0.000212,0.026883,-0.224134,0.237844,1480
9532,B007ONF4FW,1.414752,-0.000201,0.031269,-0.292419,0.187071,156
9533,B007ONF4OI,1.468912,1.6e-05,0.032467,-0.295808,0.215925,181
9534,B007OT1OPU,1.403958,0.00047,0.031027,-0.345498,0.19268,260
9535,B007OT1QMQ,1.437159,0.000983,0.03175,-0.37041,0.273324,398
9536,B007OT1R5W,1.441968,0.000766,0.031862,-0.367182,0.271433,388
9537,B007OT1R7K,1.309083,0.000302,0.028932,-0.295131,0.197484,335
9538,B007OT1RIY,1.359009,0.000571,0.030032,-0.319397,0.234836,310
9539,B007OT1SNI,1.306948,0.000619,0.02888,-0.277037,0.208596,314
9540,B007OT1TT6,1.402925,0.000793,0.030998,-0.303197,0.220542,413
9541,B007OT1XWE,1.265333,0.000567,0.027961,-0.267514,0.194196,326
9542,B007OU499W,1.163273,0.000198,0.02571,-0.289489,0.189174,1469
9543,B007OUMS1I,1.353102,-0.000223,0.029906,-0.211402,0.179552,178
9544,B007OX0RBS,1.287528,0.000584,0.028452,-0.262756,0.194767,396
9545,B007OYZ4SS,1.198497,-0.000111,0.02649,-0.284783,0.18119,1274
9546,B007P296VA,1.360501,0.000124,0.03007,-0.312338,0.229331,388
9547,B007P7Q4Y2,1.256347,0.000624,0.027761,-0.261076,0.214905,796
9548,B007P9YCWQ,1.241208,0.000895,0.027419,-0.303199,0.21286,2199
9549,B007PAD71M,1.545484,0.000466,0.034156,-0.27318,0.212787,114
9550,B007PCPVT6,1.355398,0.000263,0.029956,-0.325351,0.277164,553
9551,B007PG783Y,1.168034,0.000545,0.025811,-0.233805,0.186596,525
9552,B007PKRMEU,1.367878,0.000561,0.030228,-0.320465,0.232173,505
9553,B007PKSWQM,1.373299,0.000496,0.030349,-0.32665,0.23131,508
9554,B007POTA4Q,1.422278,0.000381,0.031434,-0.314648,0.219744,302
9555,B007PQYHJW,1.484596,0.000141,0.032813,-0.315573,0.318116,438
9556,B007PTGHKQ,1.173998,9e-05,0.025948,-0.255142,0.195019,1574
9557,B007PUHYCU,1.379287,0.000766,0.030476,-0.290529,0.152826,155
9558,B007PWRXHO,1.458972,0.000231,0.032246,-0.303211,0.241303,378
9559,B007PY4QV8,1.348261,0.000409,0.029797,-0.251788,0.271006,568
9560,B007Q0WW0S,1.225346,-3.5e-05,0.027083,-0.266161,0.266069,1019
9561,B007Q22HMY,1.172571,0.000876,0.025902,-0.247715,0.151403,305
9562,B007QAV4T8,1.2997,0.000448,0.028723,-0.287116,0.322552,1094
9563,B007QE1ZR0,1.27331,9.2e-05,0.028143,-0.275606,0.192996,332
9564,B007QED10E,1.260701,0.000809,0.027853,-0.220813,0.185285,226
9565,B007QOKGPW,1.468236,0.001477,0.032418,-0.319042,0.291581,361
9566,B007R69KEC,1.380597,-1.8e-05,0.030515,-0.351418,0.216296,405
9567,B007R6AOA6,1.411031,0.000173,0.031187,-0.338677,0.229651,418
9568,B007REBBW8,1.526472,0.000472,0.033736,-0.283919,0.188262,146
9569,B007RHZ3WY,1.283706,0.000197,0.028372,-0.284477,0.277638,528
9570,B007RIC79K,1.285317,0.000635,0.028402,-0.24221,0.201294,296
9571,B007RIEYGO,1.358653,0.000927,0.030015,-0.244253,0.191009,221
9572,B007RIZ53A,1.409472,-0.000261,0.031152,-0.296756,0.189914,172
9573,B007ROCY2O,1.303907,0.000411,0.028817,-0.334796,0.257963,1917
9574,B007ROCZVY,1.260091,0.000507,0.027847,-0.342137,0.25548,663
9575,B007ROD202,1.151246,0.000676,0.025436,-0.288694,0.221186,1594
9576,B007ROD2P2,1.168478,0.000239,0.025825,-0.277097,0.23536,1481
9577,B007ROD3AG,1.296923,0.000238,0.028664,-0.315853,0.249762,1300
9578,B007ROL0Y2,1.389403,0.001233,0.030684,-0.343504,0.228432,293
9579,B007RS4R4I,1.282301,0.000142,0.028342,-0.227515,0.146885,160
9580,B007RT19V6,1.565919,0.000273,0.03461,-0.338418,0.217527,179
9581,B007RTR898,1.572207,0.000379,0.034748,-0.277861,0.199855,109
9582,B007RTR89S,1.483571,0.000197,0.03279,-0.254766,0.185036,124
9583,B007RTR8A2,1.583895,0.000197,0.035007,-0.290778,0.196298,121
9584,B007RTR8AC,1.503586,0.00032,0.033231,-0.260188,0.185395,120
9585,B007RTR8AM,1.549645,0.000238,0.03425,-0.272228,0.20094,113
9586,B007RTR8T8,1.51235,0.000118,0.033426,-0.268959,0.168469,129
9587,B007RTR8TS,1.512655,0.000151,0.033433,-0.246831,0.172992,119
9588,B007RTR8UC,1.511981,0.000345,0.033417,-0.254572,0.166908,117
9589,B007RTR8UM,1.440672,0.000172,0.031842,-0.235567,0.159281,128
9590,B007RTR8UW,1.515478,0.000142,0.033496,-0.259448,0.167615,121
9591,B007RTR9DS,1.435485,5.2e-05,0.031728,-0.239064,0.175389,142
9592,B007RTR9E2,1.444521,0.000341,0.031926,-0.245822,0.176249,121
9593,B007RTR9FQ,1.501861,0.000324,0.033193,-0.267133,0.205689,120
9594,B007RTR9G0,1.448042,0.000269,0.032004,-0.228386,0.175787,142
9595,B007RVHDAK,1.390366,0.000164,0.03073,-0.285338,0.230467,332
9596,B007RX3AFA,1.398155,0.000809,0.030892,-0.347652,0.205087,343
9597,B007RZDDO6,1.616075,0.000773,0.035711,-0.289803,0.189003,109
9598,B007S0CM2Y,1.403189,0.000758,0.031005,-0.309275,0.315383,605
9599,B007S2CJY8,1.233539,0.000123,0.027264,-0.293179,0.217317,859
9600,B007S5A2K8,1.411686,0.000618,0.031196,-0.291781,0.215263,402
9601,B007S5BB8A,1.450875,0.000654,0.032061,-0.29799,0.226194,409
9602,B007S69QAY,1.414131,2.9e-05,0.031256,-0.271062,0.184058,148
9603,B007SA3CD2,1.380293,0.001304,0.03048,-0.233655,0.210028,215
9604,B007SD28UM,1.286666,0.000667,0.028431,-0.271485,0.199344,654
9605,B007SEEAEI,1.215274,0.000389,0.026858,-0.204606,0.187173,631
9606,B007SG2QT2,1.450934,5.5e-05,0.032069,-0.243432,0.180983,202
9607,B007SIF4BC,1.153899,-3.9e-05,0.025504,-0.293924,0.233391,2004
9608,B007SIG5HY,1.225948,5.2e-05,0.027096,-0.325765,0.237649,1950
9609,B007SLCOXU,1.19975,0.000326,0.026515,-0.264598,0.245566,569
9610,B007SXVCWC,1.417072,-0.000164,0.03132,-0.308366,0.289875,1159
9611,B007SZCG0C,1.193713,0.000248,0.026383,-0.268637,0.226289,1975
9612,B007TA89ZM,1.218902,0.000339,0.026939,-0.299811,0.239266,568
9613,B007TAQZ8A,1.445575,0.000753,0.031942,-0.334618,0.31069,276
9614,B007TCJZMG,1.355965,0.000329,0.029968,-0.281996,0.229777,138
9615,B007TD761M,1.285144,0.000156,0.028404,-0.246295,0.171898,270
9616,B007TF9FDW,1.25171,9.4e-05,0.027666,-0.304889,0.202393,575
9617,B007TGGI5E,1.386128,0.00055,0.030632,-0.304642,0.265025,556
9618,B007TKI2S6,1.3758,0.000301,0.030407,-0.308465,0.230617,326
9619,B007TKL5UI,1.286131,5.4e-05,0.028427,-0.235482,0.17051,274
9620,B007TL5J86,1.463085,0.000563,0.032333,-0.278064,0.200112,159
9621,B007TL60IE,1.339387,-1.1e-05,0.029604,-0.265397,0.178035,255
9622,B007TL6JV2,1.33389,0.000167,0.029482,-0.274194,0.190552,277
9623,B007TLGZO8,1.368316,0.001117,0.030223,-0.256467,0.216971,243
9624,B007TLJP2W,1.276664,0.000492,0.028213,-0.269614,0.25441,908
9625,B007TNHQOY,1.160056,-3.3e-05,0.02564,-0.256387,0.22526,720
9626,B007TQBGCY,1.227808,0.000243,0.027137,-0.312948,0.200617,1484
9627,B007TVJESC,1.25971,0.000178,0.027842,-0.300936,0.297495,580
9628,B007TXSLHU,1.34218,0.000426,0.029662,-0.275935,0.214809,412
9629,B007TY3IAE,1.364839,0.000375,0.030164,-0.280756,0.213147,410
9630,B007U54P36,1.234979,0.000168,0.027296,-0.267816,0.246365,612
9631,B007U7QR26,1.189284,0.000135,0.026286,-0.322025,0.257809,1575
9632,B007U8PQSQ,1.457253,0.000454,0.032206,-0.268803,0.213871,181
9633,B007U90J5U,1.278642,0.000375,0.028259,-0.255094,0.281667,575
9634,B007U90J7S,1.394232,0.000284,0.030815,-0.277639,0.271322,459
9635,B007UICMBU,1.356095,0.000489,0.029969,-0.284187,0.263103,513
9636,B007UM8ZGM,1.689386,0.001219,0.03732,-0.32575,0.217764,177
9637,B007UO79GC,1.456687,0.000716,0.032188,-0.309982,0.200799,238
9638,B007UQ90O4,1.319402,0.001134,0.02914,-0.240402,0.205984,308
9639,B007USPWS0,1.302822,2.8e-05,0.028796,-0.280661,0.182405,237
9640,B007UTGNNW,1.536935,0.000736,0.033962,-0.356296,0.197875,202
9641,B007UTZQO4,1.357613,0.000393,0.030004,-0.284724,0.24665,536
9642,B007UTZR0M,1.310188,0.000307,0.028957,-0.272442,0.239291,540
9643,B007UUE824,1.435783,0.000106,0.031734,-0.342483,0.29816,638
9644,B007UZ3UB4,1.468077,0.001191,0.032426,-0.274919,0.190847,226
9645,B007UZO2DO,1.248498,0.000424,0.027592,-0.2839,0.182429,394
9646,B007UZO2G6,1.271049,0.000333,0.028091,-0.30581,0.268562,498
9647,B007UZO2GG,1.165236,0.000251,0.025753,-0.259228,0.191892,410
9648,B007UZO2GQ,1.181617,5.7e-05,0.026117,-0.259848,0.194534,459
9649,B007UZO2N4,1.248082,0.000446,0.027582,-0.288962,0.186496,395
9650,B007V5CMJE,1.376014,0.000593,0.030408,-0.29007,0.219044,427
9651,B007V685H6,1.333113,0.000708,0.029457,-0.323152,0.228143,472
9652,B007V8VFEE,1.241262,0.000475,0.027431,-0.326782,0.225445,1356
9653,B007VDWDAY,1.500086,1.5e-05,0.033156,-0.323174,0.221986,242
9654,B007VEPVZC,1.180675,-0.000267,0.026094,-0.277204,0.205987,2049
9655,B007VFAYPI,1.323794,0.000249,0.029258,-0.276395,0.177948,229
9656,B007VH5EBK,1.236731,8.1e-05,0.027335,-0.287667,0.264567,761
9657,B007VOJJ8C,1.226409,0.000105,0.027106,-0.274594,0.218251,1930
9658,B007VTJE50,1.371432,0.000253,0.030311,-0.341594,0.281648,1289
9659,B007W5TK5W,1.299217,0.000586,0.02871,-0.285861,0.203271,298
9660,B007W608N4,1.493283,0.000462,0.033002,-0.275281,0.207219,114
9661,B007WA4EJY,1.396744,-0.00029,0.03087,-0.325072,0.206127,337
9662,B007WFZ0XI,1.286373,0.000353,0.02843,-0.276749,0.206586,847
9663,B007WGJHT0,1.312825,0.000605,0.02901,-0.282843,0.255432,547
9664,B007WI3LEA,1.459107,-0.000362,0.032248,-0.387393,0.2537,860
9665,B007WIHC7C,1.449899,0.000294,0.032045,-0.371754,0.223329,247
9666,B007WL2UL2,1.374346,-0.000204,0.030376,-0.255661,0.19323,241
9667,B007WNVYW6,1.269355,-2.2e-05,0.028056,-0.361013,0.225619,779
9668,B007WNXLMM,1.250791,0.000328,0.027644,-0.331768,0.217027,1354
9669,B007WR91F4,1.29902,0.000334,0.02871,-0.256844,0.217223,901
9670,B007WR91L8,1.388421,0.000247,0.030687,-0.308542,0.233842,555
9671,B007WR959Q,1.342683,0.000166,0.029676,-0.301493,0.233034,488
9672,B007WW1AOE,1.201384,0.00038,0.026551,-0.23121,0.222456,1059
9673,B007X0VDM4,1.325933,0.000184,0.029306,-0.306455,0.217385,295
9674,B007X8ZTNK,1.390305,0.000184,0.030729,-0.318918,0.232276,317
9675,B007XA49O8,1.156614,-2.5e-05,0.025564,-0.234898,0.234614,858
9676,B007XA7ZLM,1.460408,0.001248,0.032254,-0.307272,0.287612,503
9677,B007XAU3GG,1.35069,0.000214,0.029853,-0.282023,0.241154,399
9678,B007XAU3L6,1.344521,0.000288,0.029716,-0.282785,0.240366,419
9679,B007XAV626,1.178656,0.000455,0.026047,-0.288105,0.209665,2013
9680,B007XBT0XW,1.456839,0.001341,0.032172,-0.310134,0.288722,500
9681,B007XCB74Q,1.244999,0.000275,0.027516,-0.296819,0.216199,420
9682,B007XJM9EQ,1.190843,0.000364,0.026318,-0.286053,0.234194,917
9683,B007XNKEMG,1.469088,0.000176,0.03247,-0.319121,0.246915,304
9684,B007XOAKK6,1.196004,0.000292,0.026433,-0.246274,0.215328,909
9685,B007XTEG06,1.388716,0.000201,0.030693,-0.307079,0.220289,464
9686,B007XX4EOK,1.183384,0.000927,0.026139,-0.375584,0.229708,519
9687,B007XX4EYU,1.326328,0.000488,0.029311,-0.292581,0.232103,375
9688,B007Y06Z4O,1.221007,-0.00045,0.026984,-0.281148,0.292539,732
9689,B007Y2IM70,1.351184,0.000421,0.029862,-0.232225,0.172525,252
9690,B007Y51LNE,1.340983,0.000197,0.029638,-0.340365,0.235696,670
9691,B007Y5F1PI,1.575481,0.000587,0.034817,-0.293631,0.197007,160
9692,B007Y8NBZW,1.405782,1.6e-05,0.031071,-0.249744,0.155597,169
9693,B007YQURGU,1.483583,0.000742,0.032782,-0.299538,0.198648,146
9694,B007YQURNS,1.472017,0.00049,0.032532,-0.314022,0.182919,129
9695,B007Z5P6OI,1.278733,5e-05,0.028263,-0.265324,0.202928,634
9696,B007Z5RTRK,1.375078,0.000533,0.030388,-0.264735,0.178505,248
9697,B007Z90NBK,1.342465,0.000203,0.029671,-0.26731,0.266815,426
9698,B007ZBCVWC,1.35125,0.000363,0.029864,-0.320707,0.262623,578
9699,B007ZBUQ1A,1.31585,0.000371,0.029081,-0.28808,0.235103,316
9700,B007ZGM6A4,1.391966,0.000255,0.030765,-0.341632,0.235135,717
9701,B007ZR2RIE,1.575957,0.001276,0.034809,-0.302968,0.204722,120
9702,B007ZRXYK4,1.617596,0.000857,0.035743,-0.304863,0.238395,100
9703,B007ZXR4I6,1.10502,0.000229,0.024423,-0.266612,0.227411,1275
9704,B00802VL5S,1.367076,0.000801,0.030205,-0.307914,0.238068,351
9705,B00806EKLG,1.468092,0.000775,0.032439,-0.364038,0.271577,496
9706,B008098AVO,1.268959,0.000184,0.028047,-0.273836,0.187468,285
9707,B0080D1Q52,1.316023,0.000422,0.029084,-0.290928,0.244873,478
9708,B0080D1U1W,1.287229,0.000139,0.028451,-0.278078,0.249398,505
9709,B0080D1W8I,1.311177,0.000115,0.02898,-0.313824,0.266436,534
9710,B0080EEMCA,1.479705,0.000358,0.032703,-0.299684,0.208857,184
9711,B0080GV0Z0,1.210554,0.000557,0.02675,-0.325767,0.212143,1122
9712,B0080HEARE,1.380312,-9e-06,0.030508,-0.279006,0.226153,252
9713,B0080MGH5M,1.325375,0.000367,0.029292,-0.268028,0.172075,197
9714,B0080SCRA0,1.390586,0.0004,0.030733,-0.340396,0.235023,354
9715,B00812ZWOS,1.319434,-0.000204,0.029162,-0.316235,0.218326,539
9716,B008134WZ2,1.32242,-0.000166,0.029228,-0.323831,0.187207,366
9717,B008148R8E,1.336994,0.000664,0.029543,-0.19826,0.165059,132
9718,B00819JRNS,1.770122,0.001079,0.039109,-0.311567,0.202646,82
9719,B0081A2G5I,1.359097,0.000691,0.030031,-0.2719,0.214348,334
9720,B0081CWUD4,1.343062,-0.00028,0.029684,-0.336152,0.260588,590
9721,B0081CWUE8,1.389311,-0.000233,0.030706,-0.339235,0.275811,582
9722,B0081E6THU,1.410568,0.000294,0.031176,-0.303575,0.244614,313
9723,B0081E6TKC,1.41888,0.000206,0.03136,-0.315136,0.23874,346
9724,B0081E6X1W,1.390097,0.000331,0.030723,-0.318496,0.259282,307
9725,B0081E6X2Q,1.354979,0.000413,0.029946,-0.294,0.237954,504
9726,B0081E6X3U,1.441753,0.000405,0.031864,-0.336267,0.267175,383
9727,B0081E6YRK,1.497132,0.000303,0.033089,-0.371458,0.246521,560
9728,B0081E6YX4,1.2695,0.000322,0.028057,-0.2699,0.226717,619
9729,B0081GMI6E,1.577665,0.000458,0.034867,-0.2832,0.207751,88
9730,B0081JG2T0,1.434338,0.001104,0.031683,-0.291804,0.176625,135
9731,B0081NLR0K,1.517264,0.000671,0.033529,-0.263035,0.164769,103
9732,B0081NLR8M,1.561964,0.000844,0.034513,-0.258802,0.210882,124
9733,B0081NLUC0,1.477037,0.000568,0.032641,-0.216168,0.165711,91
9734,B0081PBJF6,1.661046,0.000364,0.036711,-0.321909,0.210334,146
9735,B0081PEO0S,1.214992,0.000586,0.026848,-0.228858,0.177962,230
9736,B0081Q549M,1.081257,0.000567,0.023892,-0.21397,0.229638,848
9737,B0081RZ2X4,1.206233,0.00022,0.02666,-0.258157,0.27286,474
9738,B0081SGUC0,1.212022,0.0002,0.026788,-0.280954,0.149684,500
9739,B0081SQ7UK,1.569438,0.000404,0.034686,-0.325685,0.175464,173
9740,B0081YI8QK,1.544962,0.00017,0.034147,-0.338164,0.22786,296
9741,B008216IL4,1.48155,0.000742,0.032738,-0.244691,0.156046,134
9742,B0082BNW5E,1.20222,0.000263,0.026571,-0.271005,0.198774,569
9743,B0082D69H0,1.408687,0.000737,0.031127,-0.260155,0.212835,241
9744,B0082D9RYM,1.423341,0.000623,0.031453,-0.252612,0.206992,254
9745,B0082D9SUK,1.411277,0.000739,0.031184,-0.244482,0.202487,252
9746,B0082D9U12,1.379929,0.00042,0.030497,-0.286804,0.249905,413
9747,B0082D9UZS,1.379218,0.000308,0.030483,-0.293852,0.247536,414
9748,B0082D9VTS,1.378172,0.000304,0.03046,-0.290865,0.246194,413
9749,B0082D9WEM,1.378807,0.000317,0.030473,-0.292312,0.248929,420
9750,B0082IY8MI,1.184532,-0.000184,0.02618,-0.245892,0.21131,775
9751,B0082PLTYQ,1.346083,-0.000151,0.029751,-0.321245,0.25395,700
9752,B0082UHGCU,1.44692,-0.000115,0.03198,-0.291708,0.214359,389
9753,B0082XRHGM,1.085399,0.000252,0.023989,-0.266551,0.182823,1970
9754,B0082XRJ5Q,1.351543,0.000358,0.02987,-0.372352,0.223401,1910
9755,B0082XRJXS,1.196313,0.000301,0.02644,-0.29409,0.209943,2036
9756,B0082Z6CNY,1.402936,0.000672,0.031001,-0.289941,0.201085,325
9757,B0082ZD63S,1.191191,0.000133,0.026328,-0.294438,0.241808,1614
9758,B00836IOL0,1.262027,0.000477,0.02789,-0.25538,0.20117,551
9759,B00838FLXW,1.225746,-9.8e-05,0.027092,-0.252717,0.222166,2288
9760,B0083EP6OU,1.331052,0.000415,0.029417,-0.312199,0.205418,453
9761,B0083HT86E,1.307391,0.000545,0.028891,-0.264251,0.216611,274
9762,B0083JDFY8,1.283751,0.000234,0.028373,-0.326093,0.217558,604
9763,B0083K4WTE,1.191787,0.000438,0.026338,-0.277253,0.166784,1748
9764,B0083MXEM8,1.240065,0.000625,0.027401,-0.214834,0.144462,187
9765,B0083OZ14U,1.477917,0.000238,0.032665,-0.269431,0.222663,243
9766,B0083QNBCM,1.277651,0.000493,0.028235,-0.28409,0.185061,945
9767,B0083VCV1O,1.098609,0.000114,0.024282,-0.227606,0.29011,1608
9768,B0083Y8UMK,1.62006,0.000492,0.035804,-0.337755,0.197997,132
9769,B0083ZLXFU,1.23175,0.001231,0.027197,-0.280673,0.232688,629
9770,B00842FL5A,1.38723,7.9e-05,0.030661,-0.265782,0.217765,201
9771,B00846IUA4,1.249317,-3.4e-05,0.027613,-0.298239,0.221185,528
9772,B00847TAUC,1.171201,0.000654,0.025878,-0.216213,0.213483,877
9773,B0084A5N0A,1.507281,0.000799,0.033305,-0.289463,0.227019,155
9774,B0084A5N2S,1.485591,0.000813,0.032825,-0.288345,0.233508,154
9775,B0084A5N5K,1.481036,0.000796,0.032725,-0.282884,0.233643,156
9776,B0084A5NOQ,1.374845,0.000126,0.030387,-0.319318,0.211191,263
9777,B0084A5PSK,1.359048,0.000472,0.030035,-0.269431,0.216691,268
9778,B0084A5QUM,1.400942,0.00069,0.030957,-0.320533,0.191175,237
9779,B0084BPHRI,1.395039,0.000258,0.030833,-0.313458,0.249283,830
9780,B0084BPHY6,1.31616,0.000844,0.029078,-0.270802,0.203216,452
9781,B0084ETOFG,1.246815,-6.2e-05,0.027558,-0.300031,0.212497,645
9782,B0084FDSYI,1.528508,0.000793,0.033775,-0.278751,0.244133,141
9783,B0084FIET2,1.419034,0.00072,0.031356,-0.250821,0.200256,250
9784,B0084HCIHY,1.333906,8e-05,0.029483,-0.260132,0.209314,1435
9785,B0084OCSAE,1.416596,0.000627,0.031304,-0.299675,0.22254,435
9786,B0084PXVX6,1.378172,0.00044,0.030458,-0.274884,0.22233,1665
9787,B0084QNDWO,1.278503,-4.8e-05,0.028258,-0.306901,0.242971,1163
9788,B0084SSLVK,1.286812,5.5e-05,0.028442,-0.315868,0.217546,1092
9789,B0084T82A4,1.426218,0.000518,0.031519,-0.31984,0.212955,416
9790,B0084Y1LFM,1.296486,2.9e-05,0.028656,-0.274756,0.21308,364
9791,B0084YYW2Q,1.331282,0.000851,0.029412,-0.30234,0.207622,389
9792,B00852D7AK,1.448144,0.000163,0.032007,-0.265296,0.185251,145
9793,B00852F7YY,1.573329,4.9e-05,0.034774,-0.293149,0.20878,171
9794,B00852IFWK,1.539475,0.001156,0.034007,-0.260908,0.199239,117
9795,B00852JKK6,1.311848,0.001003,0.028978,-0.257973,0.229818,466
9796,B00852JRVI,1.487585,0.00065,0.032873,-0.257807,0.195493,135
9797,B008532DIG,1.35538,-7e-05,0.029957,-0.31472,0.226331,503
9798,B008532S7W,1.398012,0.00099,0.030884,-0.305077,0.233609,375
9799,B008532UV6,1.40055,0.00116,0.030934,-0.27464,0.239338,374
9800,B008533SJ4,1.328902,-7.9e-05,0.029372,-0.308687,0.220688,493
9801,B00853EKAK,1.30771,0.001047,0.028885,-0.268706,0.226843,385
9802,B00853EKYG,1.305968,0.000719,0.028856,-0.254493,0.256055,429
9803,B00853ES7K,1.342499,0.000836,0.029661,-0.227105,0.234224,319
9804,B00853ESW0,1.337716,0.001032,0.029549,-0.210627,0.169918,213
9805,B00853EU78,1.301927,0.001017,0.028758,-0.250002,0.229047,429
9806,B00853EYZQ,1.3209,0.000864,0.029182,-0.279972,0.235967,597
9807,B00853EZQE,1.203154,0.000523,0.026588,-0.237532,0.19655,503
9808,B00854JXVK,1.290092,-0.0,0.028514,-0.270249,0.294197,1175
9809,B00854YLUS,1.338132,0.000108,0.029576,-0.312909,0.232317,533
9810,B0085BVFZK,1.331984,0.000313,0.029438,-0.260061,0.203257,348
9811,B0085E36EK,1.337653,-0.000429,0.029562,-0.266277,0.183413,404
9812,B0085L060A,1.383329,-0.000408,0.030572,-0.299954,0.222771,1703
9813,B0085QU1GY,1.278156,0.000796,0.028239,-0.307448,0.231556,531
9814,B0085SOW1M,1.326508,0.000509,0.029315,-0.30686,0.271912,1630
9815,B0085WHBHU,1.204191,0.000628,0.026608,-0.284935,0.285636,2005
9816,B0085XS98Y,1.178036,6.4e-05,0.026037,-0.280686,0.209056,619
9817,B0085XXNBC,1.38228,0.000903,0.030538,-0.176682,0.165074,93
9818,B0085Y98VA,1.211781,0.00098,0.026765,-0.228527,0.178393,329
9819,B0085YA6K2,1.467107,0.000738,0.032418,-0.292432,0.291387,499
9820,B0085YKL70,1.461078,0.000867,0.032282,-0.280272,0.295786,497
9821,B0085YZYOK,1.290387,0.000635,0.028514,-0.322327,0.270396,743
9822,B0085ZR2YE,1.563541,0.000434,0.034555,-0.263741,0.194787,157
9823,B008690HOQ,1.488825,0.00079,0.032897,-0.314651,0.182719,184
9824,B0086EYYHW,1.608023,0.001027,0.035526,-0.302077,0.171554,82
9825,B0086JQBAA,1.135377,0.000128,0.025094,-0.228799,0.21959,1815
9826,B0086LC0BW,1.363054,0.0008,0.030116,-0.293966,0.219076,1506
9827,B0086LC0H6,1.236899,0.000203,0.027338,-0.251391,0.216757,652
9828,B0086LC0HQ,1.415326,0.000158,0.031282,-0.313127,0.253383,507
9829,B0086LC0L2,1.258013,-0.000168,0.027805,-0.294013,0.200182,748
9830,B0086LC0TO,1.335839,0.000391,0.029523,-0.269539,0.257052,596
9831,B0086LC0WG,1.280994,0.000284,0.028312,-0.298147,0.223282,605
9832,B0086LC1U2,1.368468,0.000399,0.030244,-0.261275,0.185285,220
9833,B0086LC3KK,1.385097,6.8e-05,0.030614,-0.320617,0.253676,463
9834,B0086LC47M,1.339582,0.00024,0.029607,-0.285039,0.23687,429
9835,B0086LC49K,1.253789,0.000417,0.027709,-0.241546,0.197595,519
9836,B0086XL9DK,1.142703,-2.7e-05,0.025257,-0.242034,0.233886,1809
9837,B0086XX0AK,1.207047,-0.000156,0.026678,-0.323694,0.214465,1716
9838,B0086YV8BM,1.354328,0.000783,0.029924,-0.305952,0.284737,710
9839,B00870XLDS,1.48622,0.000416,0.032847,-0.323609,0.205912,254
9840,B00871KLEE,1.354383,0.000394,0.029933,-0.295642,0.235518,502
9841,B00871KLRQ,1.363724,0.000406,0.030139,-0.294635,0.240911,510
9842,B00871KM98,1.369934,0.000125,0.030279,-0.297155,0.198448,318
9843,B00871KMCU,1.40326,0.000244,0.031015,-0.326772,0.233189,417
9844,B00871KN2E,1.403929,0.000534,0.031026,-0.265723,0.188858,312
9845,B00871KNBU,1.265034,0.000368,0.027958,-0.311918,0.247737,799
9846,B00871KNHO,1.285515,0.000276,0.028412,-0.265046,0.246572,962
9847,B00871KNMY,1.343696,0.000481,0.029695,-0.252866,0.216822,410
9848,B00871KNRY,1.328898,0.000258,0.029371,-0.265922,0.192108,397
9849,B00871KNXI,1.306027,0.000405,0.028864,-0.246286,0.191405,401
9850,B00871KO7S,1.407437,0.000496,0.031104,-0.278846,0.228925,422
9851,B00871KOQO,1.355429,0.000415,0.029955,-0.295693,0.235477,503
9852,B00876T3W0,1.622875,0.000364,0.035868,-0.305607,0.204052,175
9853,B0087HZ15W,1.30866,0.000696,0.028916,-0.266928,0.21034,331
9854,B0087I6790,1.18892,0.000377,0.026275,-0.254918,0.203577,596
9855,B0087J0EQG,1.403667,0.000506,0.03102,-0.312374,0.251736,325
9856,B0087O4XKE,1.621765,2.9e-05,0.035845,-0.287127,0.199497,200
9857,B0087P9PB0,1.39432,0.000703,0.03081,-0.281713,0.1843,144
9858,B0087PWNDC,1.504396,-8e-05,0.033251,-0.294896,0.154486,123
9859,B00880ABUI,1.523312,0.000281,0.033668,-0.31571,0.224524,290
9860,B00881SGYK,1.298602,0.000201,0.028702,-0.283053,0.218244,520
9861,B00882ZPTS,1.578274,0.000632,0.034878,-0.333595,0.287102,294
9862,B00884GXE2,1.390083,0.001488,0.030688,-0.300916,0.219305,257
9863,B00889VG6W,1.379083,0.000591,0.030475,-0.339861,0.30989,997
9864,B00889WQIO,1.284402,0.000368,0.028386,-0.305699,0.30994,1007
9865,B0088D9R5K,1.472323,0.000368,0.03254,-0.285071,0.228914,257
9866,B0088HN7TI,1.311149,0.000121,0.028979,-0.22905,0.158658,135
9867,B0088JJ7YK,1.432295,0.000494,0.031653,-0.350448,0.256019,677
9868,B0088K2W4Q,1.272262,-0.000611,0.028114,-0.263333,0.25792,1997
9869,B0088NBAXC,1.40627,0.000348,0.03108,-0.348516,0.276998,737
9870,B0088P2RVE,1.39472,0.000166,0.030826,-0.272962,0.249823,313
9871,B0088Y7VOI,1.155757,0.000321,0.025543,-0.271851,0.178438,1852
9872,B00891Q48E,1.102142,6.4e-05,0.02436,-0.229733,0.257808,1059
9873,B00893SY5S,1.185766,0.000286,0.026207,-0.213094,0.154969,211
9874,B0089A9ZM2,1.164446,-5.7e-05,0.025737,-0.227465,0.160345,587
9875,B0089AA8RS,1.323224,0.000275,0.029245,-0.321725,0.241468,474
9876,B0089DTF3I,1.46514,0.000715,0.032375,-0.258715,0.206488,167
9877,B0089E4KPK,1.299673,-0.000154,0.028726,-0.177491,0.168749,151
9878,B0089E4L04,1.336653,0.000228,0.029542,-0.290868,0.222796,313
9879,B0089E4NCA,1.370904,0.00096,0.030285,-0.242152,0.21766,151
9880,B0089GBCEK,1.427241,6.6e-05,0.031546,-0.310327,0.213967,411
9881,B0089GNP7C,1.371226,1e-04,0.030307,-0.265691,0.218892,1336
9882,B0089JVDPK,1.470923,0.000237,0.03251,-0.241577,0.182716,108
9883,B0089JVEOK,1.460356,0.000126,0.032277,-0.23958,0.16769,84
9884,B0089JVEPO,1.432167,0.000302,0.031653,-0.264535,0.18805,114
9885,B0089K82Z8,1.325434,0.000315,0.029294,-0.294116,0.234692,487
9886,B0089N2MO2,1.271943,-0.000716,0.028104,-0.326466,0.236216,1393
9887,B0089N6YA0,1.579998,0.00011,0.034922,-0.27202,0.184513,148
9888,B0089TDTU2,1.343995,0.000321,0.029704,-0.328842,0.258764,527
9889,B0089VD8WO,1.101418,4e-05,0.024344,-0.251218,0.212234,875
9890,B0089XPUXM,1.33514,7.7e-05,0.02951,-0.252271,0.163949,242
9891,B0089YHZ4I,1.401531,8.7e-05,0.030977,-0.312321,0.24615,274
9892,B0089ZK1DY,1.540838,0.000919,0.034044,-0.303186,0.178477,135
9893,B008A1TI4K,1.349412,-0.000154,0.029825,-0.279502,0.19474,292
9894,B008A3WGTM,1.529111,0.000536,0.033793,-0.345521,0.229868,248
9895,B008A3ZN56,1.418274,0.000583,0.031342,-0.298107,0.233571,353
9896,B008A3ZYDM,1.363763,0.000603,0.030137,-0.269924,0.205871,345
9897,B008A40ACQ,1.473525,0.000636,0.032562,-0.325589,0.232033,320
9898,B008A40KHG,1.413342,0.000308,0.031237,-0.295364,0.217824,282
9899,B008A40SDM,1.43282,0.00068,0.031662,-0.310294,0.218797,377
9900,B008A642M8,1.203052,0.0002,0.02659,-0.308478,0.167477,4383
9901,B008A76RKW,1.551486,0.000187,0.034291,-0.264518,0.182694,112
9902,B008AGWLNU,1.373845,0.000121,0.030365,-0.295718,0.209561,286
9903,B008AGWMEI,1.312189,0.000285,0.029001,-0.274224,0.232091,381
9904,B008AH12C0,1.248957,3.4e-05,0.027605,-0.254731,0.163781,354
9905,B008AI211A,1.279469,9.3e-05,0.028279,-0.256631,0.187703,633
9906,B008AIMY0S,1.460287,0.000497,0.032272,-0.309827,0.220829,183
9907,B008AIXTKC,1.482984,0.000126,0.032777,-0.348839,0.23558,251
9908,B008AMKZUU,1.202869,0.000233,0.026585,-0.312373,0.204243,1771
9909,B008AYLLLA,1.741828,0.000845,0.038489,-0.314337,0.21086,133
9910,B008AZBNAS,1.435777,0.000856,0.031723,-0.283554,0.212382,180
9911,B008B0URA4,1.163948,-1.5e-05,0.025726,-0.244044,0.181889,772
9912,B008B2AULI,1.537133,0.000275,0.033973,-0.293796,0.206291,263
9913,B008B3081Y,1.284298,0.000478,0.028382,-0.262229,0.206755,288
9914,B008B4FKLG,1.400086,8.9e-05,0.030945,-0.362465,0.253803,1586
9915,B008B4TIPA,1.187984,0.000154,0.026257,-0.249175,0.222537,731
9916,B008B7QY0E,1.319489,0.000293,0.029163,-0.286483,0.24751,477
9917,B008B91H0E,1.459836,5.7e-05,0.032266,-0.332149,0.222629,235
9918,B008B9DU22,1.13055,0.000529,0.024982,-0.300758,0.263994,1692
9919,B008B9K8JA,1.368768,0.000203,0.030252,-0.308488,0.228243,602
9920,B008B9L6WS,1.417114,0.000286,0.03132,-0.344845,0.240164,445
9921,B008B9MDZ2,1.1668,0.000201,0.025788,-0.244808,0.157192,634
9922,B008B9PVJC,1.55917,0.000221,0.034461,-0.330115,0.282916,679
9923,B008BCNL3C,1.43957,0.000452,0.031815,-0.387147,0.199315,1757
9924,B008BDQKQQ,1.320806,0.000369,0.029191,-0.348064,0.26013,1370
9925,B008BJ4SR8,1.378604,0.000276,0.030469,-0.349824,0.234613,421
9926,B008BMGLKW,1.288665,0.000892,0.028469,-0.251548,0.187701,383
9927,B008BMQNPU,1.352657,0.000315,0.029895,-0.376621,0.261903,875
9928,B008BNTVHG,1.39222,0.000492,0.030768,-0.203996,0.202758,131
9929,B008BREPKA,1.492874,0.000987,0.032981,-0.309508,0.186394,159
9930,B008BS9YNC,1.375771,0.0006,0.030402,-0.284414,0.225328,434
9931,B008BS9Z8G,1.37297,0.000596,0.03034,-0.283894,0.226668,435
9932,B008BSYM0C,1.295597,0.000484,0.028632,-0.263537,0.247496,513
9933,B008C12YYY,1.323657,0.000833,0.029244,-0.26699,0.233557,420
9934,B008C12ZHK,1.318618,0.000863,0.029132,-0.268052,0.233531,422
9935,B008C130XS,1.359222,0.000397,0.03004,-0.277413,0.232528,408
9936,B008C560FO,1.432305,0.000286,0.031656,-0.272191,0.170725,245
9937,B008CC45I6,1.26282,0.000693,0.027903,-0.2536,0.154299,229
9938,B008CC4CXY,1.45757,0.000222,0.032215,-0.33417,0.290739,460
9939,B008CC4D7Y,1.40274,-7.9e-05,0.031004,-0.318479,0.277461,451
9940,B008CC4FI6,1.121271,-7e-05,0.024783,-0.217138,0.204605,559
9941,B008CC4FKY,1.430199,0.000541,0.031606,-0.33164,0.263469,486
9942,B008CC4FPY,1.322596,-6.9e-05,0.029233,-0.255529,0.221874,311
9943,B008CC4HBG,1.318095,0.000223,0.029132,-0.281077,0.253516,517
9944,B008CC4I5Q,1.326606,-1e-05,0.029321,-0.298525,0.194702,300
9945,B008CEDX8M,1.14473,0.000234,0.0253,-0.206522,0.192686,2047
9946,B008CEDY5O,1.166437,0.000245,0.02578,-0.229584,0.192265,2004
9947,B008COP6NM,1.384536,0.000316,0.0306,-0.325679,0.236335,373
9948,B008CT04I4,1.393615,0.00104,0.030785,-0.298009,0.2515,434
9949,B008CT12G2,1.230436,0.000452,0.027192,-0.247775,0.240347,657
9950,B008CZBZMM,1.506534,0.000677,0.033291,-0.234279,0.187917,73
9951,B008CZBZY0,1.525021,0.000558,0.033702,-0.266603,0.182521,87
9952,B008CZC1IE,1.526008,0.000587,0.033723,-0.265416,0.176968,87
9953,B008D3JPKM,1.331195,0.000222,0.029422,-0.329807,0.261252,1640
9954,B008D4DFE8,1.259723,0.000175,0.027842,-0.32118,0.226228,505
9955,B008D5D9NY,1.178164,0.000894,0.026025,-0.262903,0.237889,734
9956,B008D5HAHU,1.24187,-0.000123,0.027448,-0.25309,0.221293,374
9957,B008D5I61Y,1.31118,0.00046,0.028977,-0.266312,0.235799,594
9958,B008D5ZR5M,1.263572,0.000202,0.027927,-0.252265,0.22745,271
9959,B008D7GD6M,1.57424,0.000388,0.034792,-0.297425,0.207711,196
9960,B008DCP8I6,1.486892,0.001507,0.032829,-0.24073,0.17002,123
9961,B008DF54K0,1.364064,0.000249,0.030148,-0.287181,0.275611,501
9962,B008DF6XB4,1.4713,0.000234,0.032519,-0.348346,0.291612,537
9963,B008DF6XXW,1.47355,0.000321,0.032568,-0.351269,0.262257,468
9964,B008DFR2UU,1.416352,0.000677,0.031298,-0.27563,0.192646,190
9965,B008DGDQ3Q,1.17269,0.000126,0.025919,-0.280834,0.282114,630
9966,B008DK8J6G,1.219953,0.000426,0.026961,-0.243341,0.239942,563
9967,B008DLT9H8,1.419806,0.001327,0.031353,-0.251587,0.199128,214
9968,B008DROBOS,1.286612,0.000123,0.028437,-0.280832,0.185248,324
9969,B008DUCG7E,1.315106,0.000468,0.029063,-0.311516,0.266216,486
9970,B008DUCH4Q,1.246532,0.000186,0.027551,-0.278092,0.256615,557
9971,B008DUCLZ6,1.316815,0.00038,0.029102,-0.316294,0.264212,494
9972,B008DWSJ1O,1.149478,0.000369,0.025404,-0.230715,0.254224,927
9973,B008DZF58Q,1.198203,0.000607,0.026476,-0.239213,0.246005,1104
9974,B008DZG02Q,1.222304,0.000498,0.027011,-0.250127,0.252484,1102
9975,B008EAQWKA,1.205849,0.000712,0.026643,-0.243689,0.289073,616
9976,B008EDAZCI,1.290558,3.4e-05,0.028525,-0.28053,0.239822,982
9977,B008EKY8VK,1.536007,0.000744,0.033941,-0.278498,0.218111,165
9978,B008EL5EQC,1.306863,-0.000148,0.028885,-0.253074,0.159242,210
9979,B008EN87M8,1.332406,0.000517,0.029445,-0.281946,0.212046,1891
9980,B008EYOV7M,1.474178,0.000727,0.032575,-0.353581,0.310487,372
9981,B008EYQNVY,1.366176,0.000183,0.030195,-0.263041,0.203977,456
9982,B008F101KA,1.425707,0.000384,0.031509,-0.354473,0.30709,957
9983,B008F2JK0G,1.556006,-0.000131,0.034391,-0.281158,0.173849,154
9984,B008F5D4Y6,1.337166,0.000511,0.02955,-0.278469,0.244342,362
9985,B008F8U1GM,1.365716,0.000418,0.030183,-0.291795,0.244234,419
9986,B008FGSITQ,1.277782,5.8e-05,0.028242,-0.340635,0.228482,1600
9987,B008FIH4IK,1.30065,0.000187,0.028747,-0.310485,0.219513,1576
9988,B008FMRRP6,1.462535,0.000494,0.032322,-0.298126,0.224099,344
9989,B008FOT6U8,1.486724,0.00033,0.032859,-0.332768,0.244072,463
9990,B008FWTPL0,1.669519,0.000128,0.0369,-0.323849,0.209695,193
9991,B008FX7B9M,1.366516,0.000451,0.0302,-0.198214,0.14919,103
9992,B008FXFH6Q,1.329377,0.000323,0.029381,-0.276687,0.196664,1823
9993,B008FXLRB0,1.200422,0.000847,0.026519,-0.296802,0.308923,690
9994,B008FXZW98,1.294479,0.00057,0.028606,-0.294832,0.235474,475
9995,B008FZ562E,1.212328,0.000525,0.02679,-0.243646,0.220531,688
9996,B008G03IPA,1.510349,0.001168,0.033362,-0.255257,0.240013,198
9997,B008G29BYK,1.499956,0.000128,0.033153,-0.345417,0.22508,333
9998,B008G43216,1.307324,0.000331,0.028893,-0.259165,0.24456,414
9999,B008G95K70,1.538236,0.000396,0.033997,-0.365051,0.263654,360
10000,B008GFVOOM,1.369041,0.000487,0.030255,-0.198472,0.178717,111
10001,B008GO04PS,1.559842,0.000416,0.034474,-0.342226,0.214956,295
10002,B008GOR6O0,1.273967,-4.4e-05,0.028158,-0.298737,0.257903,1016
10003,B008GRDTPW,1.433963,7.8e-05,0.031694,-0.278146,0.232882,285
10004,B008GSY7UM,1.412791,0.00076,0.031217,-0.283679,0.169348,182
10005,B008H1IDKI,1.363549,0.000298,0.030136,-0.296511,0.256051,489
10006,B008H2UTFE,1.428682,0.000576,0.031572,-0.293185,0.220623,349
10007,B008H3YYA4,1.512394,0.000431,0.033425,-0.267442,0.216354,160
10008,B008H42554,1.429662,0.000291,0.031598,-0.292624,0.225335,284
10009,B008H5GGGM,1.562421,-0.000113,0.034533,-0.311939,0.210596,120
10010,B008H7RWH2,1.422896,0.00029,0.031448,-0.310241,0.185989,200
10011,B008HBMQTM,1.322859,0.000358,0.029236,-0.309524,0.299266,865
10012,B008HBMRIC,1.63539,0.000134,0.036146,-0.304329,0.19367,102
10013,B008HBMRRS,1.52645,0.000806,0.033729,-0.244467,0.195069,136
10014,B008HBMVJW,1.586365,0.000769,0.035054,-0.277422,0.210773,137
10015,B008HBMVZ6,1.22334,-3e-06,0.027039,-0.299357,0.23948,567
10016,B008HBMW78,1.539964,0.000279,0.034036,-0.259706,0.196966,96
10017,B008HCWR6I,1.317696,0.000784,0.029114,-0.276109,0.267889,918
10018,B008HGI8AI,1.50744,0.000444,0.033315,-0.281401,0.213618,155
10019,B008HODSNW,1.259247,0.000325,0.027831,-0.31579,0.226192,1967
10020,B008HRRWHM,1.462039,0.00076,0.032306,-0.276669,0.208653,139
10021,B008HT1FTG,1.357722,0.000643,0.030002,-0.304736,0.208964,317
10022,B008HZ521C,1.286496,0.000244,0.028434,-0.333381,0.237319,1913
10023,B008HZ5GUY,1.22963,0.000304,0.027176,-0.288437,0.219354,1050
10024,B008IDOI1S,1.488685,-0.000153,0.032903,-0.322047,0.279488,425
10025,B008IU4WUS,1.519215,0.000116,0.033578,-0.280934,0.221023,169
10026,B008J54PQ8,1.379128,0.000965,0.030467,-0.274415,0.200191,280
10027,B008J7HPTU,1.723318,0.000732,0.038083,-0.284529,0.22658,107
10028,B008J8PV4A,1.225974,-0.000131,0.027097,-0.316744,0.193894,1572
10029,B008JBK2YG,1.434724,0.000507,0.031707,-0.32355,0.246954,432
10030,B008JBOTDG,1.267822,0.000277,0.028021,-0.303544,0.211825,1980
10031,B008JH1CB2,1.234012,0.00054,0.027269,-0.243528,0.22876,597
10032,B008JHQ8HU,1.401322,-0.000149,0.030972,-0.233591,0.187542,264
10033,B008JUBEBW,1.265438,-0.000149,0.027969,-0.292984,0.182764,908
10034,B008JVZMDM,1.395227,0.000296,0.030837,-0.331019,0.276325,691
10035,B008JWW5K4,1.212427,0.000737,0.026788,-0.260194,0.235241,1090
10036,B008JWW7MK,1.422495,-9.5e-05,0.031441,-0.385222,0.196678,665
10037,B008JWW914,1.469674,0.000161,0.032483,-0.377859,0.240455,484
10038,B008JWW9AK,1.40012,2.8e-05,0.030946,-0.315998,0.234463,1203
10039,B008K0WMVW,1.527014,0.000915,0.033738,-0.246385,0.213163,205
10040,B008K1GA82,1.511327,0.000504,0.0334,-0.328531,0.144703,105
10041,B008K1YYM6,1.357322,0.000641,0.029993,-0.272939,0.224786,447
10042,B008K21OSC,1.326708,0.000733,0.029314,-0.2514,0.198055,400
10043,B008K2EG50,1.198909,0.000141,0.026498,-0.310345,0.23322,1677
10044,B008KEMB9G,1.275369,0.000169,0.028188,-0.189581,0.14604,209
10045,B008KM1518,1.283433,0.000309,0.028365,-0.290964,0.21043,418
10046,B008KMFSKM,1.378796,0.000194,0.030474,-0.255448,0.191271,187
10047,B008KNK7UW,1.263971,0.000282,0.027935,-0.300575,0.196001,836
10048,B008KPGC9U,1.25404,0.000755,0.027707,-0.272371,0.206635,627
10049,B008KPO2MY,1.454355,-7.7e-05,0.032145,-0.276048,0.237713,324
10050,B008KYB8QS,1.297567,0.000769,0.028669,-0.285676,0.255625,438
10051,B008KYKTFO,1.649314,0.000964,0.036441,-0.314884,0.218652,164
10052,B008L23HFO,1.323681,0.000313,0.029255,-0.287618,0.215537,479
10053,B008L5EDKY,1.22327,0.000301,0.027036,-0.253093,0.206937,574
10054,B008LABTLK,1.851445,0.000132,0.040921,-0.288655,0.219372,74
10055,B008LC4IU2,1.30038,0.000595,0.028735,-0.245958,0.211985,326
10056,B008LDFU26,1.322912,0.000491,0.029236,-0.290049,0.223915,426
10057,B008LF5U7E,1.232903,0.000976,0.027233,-0.251058,0.225425,548
10058,B008LF9DI6,1.3691,0.000581,0.030255,-0.272904,0.240434,404
10059,B008LOI2X4,1.48383,-0.000261,0.032795,-0.275187,0.224083,316
10060,B008LQRMAQ,1.300913,0.000532,0.028748,-0.249873,0.176484,507
10061,B008LQSOJO,1.301328,0.000507,0.028758,-0.249931,0.174134,508
10062,B008LQU6KY,1.244548,0.000388,0.027505,-0.270512,0.226004,1901
10063,B008LQX8J0,1.379733,1.5e-05,0.030496,-0.280802,0.178137,338
10064,B008LR5U22,1.357997,5e-06,0.030015,-0.310056,0.253498,557
10065,B008LUGLMC,1.365718,-0.000166,0.030185,-0.281438,0.146937,184
10066,B008LV9C4A,1.240798,0.000346,0.027423,-0.261995,0.227329,1402
10067,B008LXAB5C,1.160108,0.000419,0.025638,-0.261152,0.231223,1281
10068,B008LY3R66,1.493778,0.000258,0.033015,-0.247876,0.228595,158
10069,B008M2ASBO,1.26578,0.000386,0.027974,-0.282007,0.231391,584
10070,B008MAON08,1.221327,0.000312,0.026993,-0.26011,0.215115,583
10071,B008MAPGEK,1.406919,0.000512,0.031092,-0.309665,0.224407,285
10072,B008MAU8XY,1.370893,0.000738,0.030291,-0.289343,0.227499,339
10073,B008MAUMEO,1.37409,0.000716,0.030362,-0.288167,0.228992,339
10074,B008MC015W,1.264207,-0.000393,0.027939,-0.290791,0.259131,1829
10075,B008MCH5J2,1.050355,0.000852,0.0232,-0.204374,0.210862,596
10076,B008MIRO88,1.374936,0.000357,0.030387,-0.252026,0.168923,328
10077,B008MJ1V3G,1.14505,0.000533,0.025303,-0.277157,0.229581,1781
10078,B008ML1M06,1.29846,0.000342,0.028697,-0.259684,0.210742,358
10079,B008MP481M,1.191951,0.000364,0.026343,-0.264773,0.30289,1556
10080,B008N3FWTA,1.605644,0.000158,0.035488,-0.367641,0.214519,187
10081,B008N3HXTW,1.3711,0.000415,0.030302,-0.369602,0.28148,670
10082,B008N3W7VQ,1.621478,0.000328,0.035837,-0.31149,0.192902,85
10083,B008NCOVTS,1.252317,0.000443,0.027676,-0.266534,0.19121,332
10084,B008NDVHTY,1.24633,0.000482,0.027543,-0.267615,0.246525,1248
10085,B008NX5AGK,1.413035,5.6e-05,0.031232,-0.325511,0.231275,395
10086,B008NZ10TE,1.458639,0.000483,0.032236,-0.253927,0.181836,157
10087,B008O4YM4Y,1.313694,0.000693,0.029028,-0.343136,0.270548,694
10088,B008O7FHTK,1.341853,0.000209,0.029658,-0.201582,0.183233,93
10089,B008OAWF1A,1.295551,0.000302,0.028633,-0.276898,0.220753,511
10090,B008OINZAM,1.303043,0.001005,0.028783,-0.256193,0.223251,333
10091,B008OLVBEQ,1.571268,0.000855,0.034718,-0.268866,0.183123,141
10092,B008OO6MY2,1.593967,0.000481,0.035227,-0.290781,0.184168,138
10093,B008OPK8EQ,1.179904,-0.000101,0.026079,-0.270864,0.144834,1048
10094,B008ORT4NU,1.217648,0.000291,0.026911,-0.273114,0.237485,723
10095,B008OVWHJO,1.65506,0.000713,0.036574,-0.328893,0.212643,160
10096,B008OWSC42,1.492362,0.001357,0.032957,-0.304741,0.165346,126
10097,B008PAL9PM,1.639211,0.001593,0.036196,-0.275349,0.184479,179
10098,B008PDK3XS,1.622908,0.000158,0.03587,-0.318021,0.227508,137
10099,B008PEXV3Q,1.62096,0.000425,0.035825,-0.309703,0.199442,165
10100,B008PGD4UO,1.341697,-9.7e-05,0.029655,-0.286537,0.218838,368
10101,B008PJVPE8,1.290707,0.000361,0.028526,-0.274242,0.278889,407
10102,B008PK5NRC,1.315112,5.6e-05,0.029067,-0.337317,0.251366,723
10103,B008PQ5YAM,1.11242,0.000634,0.024579,-0.203805,0.163892,457
10104,B008PQ5YC0,1.191133,0.000322,0.026325,-0.276363,0.215091,949
10105,B008PTPSF0,1.546055,0.000474,0.034168,-0.336704,0.262719,320
10106,B008PUJBJS,1.181123,0.000336,0.026104,-0.303158,0.229309,1158
10107,B008PW0PY6,1.369637,0.000278,0.030271,-0.374661,0.229119,978
10108,B008Q012IK,1.302262,0.000767,0.028773,-0.258217,0.229071,370
10109,B008Q024GO,1.336688,0.000448,0.029541,-0.304824,0.186106,341
10110,B008Q0E714,1.165855,0.000546,0.025763,-0.285382,0.223228,1207
10111,B008Q8XKL4,1.393143,-2e-06,0.030792,-0.287636,0.189887,270
10112,B008QDUO68,1.319337,0.00036,0.029158,-0.357827,0.197953,1178
10113,B008QFRPFY,1.291964,0.000906,0.028541,-0.281264,0.190066,277
10114,B008QMPTSM,1.237269,0.00039,0.027344,-0.2215,0.156242,329
10115,B008QMWPKM,1.363789,0.000178,0.030143,-0.284976,0.2237,319
10116,B008QMWUMK,1.421221,0.000298,0.031411,-0.331856,0.270376,395
10117,B008QMWVP6,1.302428,1.6e-05,0.028787,-0.263603,0.211112,300
10118,B008QWW9GM,1.498054,0.000547,0.033106,-0.305487,0.272061,365
10119,B008QZUHZE,1.546917,0.000667,0.034184,-0.298275,0.167692,105
10120,B008R1JSKW,1.174261,0.000399,0.025951,-0.220345,0.162443,558
10121,B008R56PAY,1.214335,0.000471,0.026836,-0.288469,0.291502,988
10122,B008R56PVI,1.198042,0.000678,0.026471,-0.272267,0.267127,680
10123,B008RAMOYA,1.512368,0.000604,0.033422,-0.250335,0.180701,194
10124,B008RG9MKS,1.410238,0.000657,0.031163,-0.330313,0.22461,410
10125,B008RIJVTI,1.395786,0.00034,0.030848,-0.308245,0.204317,415
10126,B008RLQLWA,1.3604,-1.6e-05,0.030068,-0.320893,0.243311,307
10127,B008RM6V4M,1.364105,0.000392,0.030148,-0.314411,0.245607,405
10128,B008RRV7R8,1.224004,0.00033,0.027052,-0.276285,0.25497,642
10129,B008RRWLGY,1.240017,0.000415,0.027404,-0.286258,0.255751,798
10130,B008RRX9CE,1.585778,0.00043,0.035047,-0.403595,0.210269,281
10131,B008RS4LO8,1.628319,-2.6e-05,0.03599,-0.331404,0.198863,204
10132,B008RT3FZI,1.390437,0.000236,0.030731,-0.271715,0.236854,585
10133,B008RTNSJQ,1.292964,0.00028,0.028576,-0.28749,0.211322,410
10134,B008RUTQ3C,1.377404,0.000342,0.030442,-0.34027,0.210947,272
10135,B008RVYJS8,1.393511,0.000338,0.030798,-0.280182,0.175157,250
10136,B008RW4SPQ,1.435016,0.000296,0.031716,-0.342024,0.152734,131
10137,B008S3U39E,1.427146,0.000573,0.031538,-0.316149,0.175464,221
10138,B008S4KMRQ,1.554593,-4.2e-05,0.03436,-0.409166,0.284196,622
10139,B008S5743A,1.480898,0.000559,0.032727,-0.306466,0.186617,177
10140,B008S6INZC,1.233334,0.000546,0.027254,-0.294219,0.1938,598
10141,B008S8MIR4,1.399086,0.000195,0.030923,-0.305258,0.168841,250
10142,B008S8NHRY,1.390235,0.000656,0.030721,-0.301563,0.163668,181
10143,B008SDY08O,1.251178,0.000659,0.027646,-0.299523,0.273121,615
10144,B008SE7W2Y,1.35185,0.000189,0.029879,-0.295965,0.227272,473
10145,B008SGIH1W,1.471083,5.5e-05,0.032515,-0.310141,0.225782,416
10146,B008SGKHEW,1.355252,0.000166,0.029954,-0.218613,0.191749,210
10147,B008SPOKIW,1.314864,0.000273,0.02906,-0.280681,0.235035,518
10148,B008STA7IK,1.36524,0.000369,0.030173,-0.323761,0.280012,736
10149,B008SYUWQ2,1.349476,0.001092,0.029807,-0.261524,0.230206,330
10150,B008SYWGW0,1.285201,0.001111,0.028384,-0.242872,0.194656,357
10151,B008T85MU8,1.325528,9.1e-05,0.029297,-0.297354,0.238658,883
10152,B008TBTA6C,1.345346,0.000122,0.029735,-0.319653,0.23474,510
10153,B008TGS9N2,1.324542,2.2e-05,0.029276,-0.252114,0.171422,198
10154,B008TN1Z9U,1.355712,0.000353,0.029963,-0.31442,0.265699,963
10155,B008TNPX52,1.558658,-8.7e-05,0.03445,-0.290093,0.19935,214
10156,B008TNPXMK,1.470034,0.000784,0.032482,-0.331855,0.260278,324
10157,B008TNQ19E,1.453712,0.000911,0.032118,-0.324589,0.257941,325
10158,B008TNQ3PQ,1.456082,0.000914,0.03217,-0.326509,0.258542,325
10159,B008TYO2KI,1.446814,0.000382,0.031976,-0.297557,0.21172,229
10160,B008U10ASI,1.282449,0.000543,0.02834,-0.249265,0.180104,315
10161,B008U12YV4,1.347473,-5.5e-05,0.029782,-0.288988,0.250645,805
10162,B008U1Q4DI,1.333613,0.00032,0.029474,-0.333653,0.244602,441
10163,B008U2Y9BQ,1.217346,0.000579,0.0269,-0.242829,0.240993,1000
10164,B008U4AR3I,1.415259,-6.2e-05,0.031281,-0.270295,0.163706,173
10165,B008U4DUGO,1.381374,8.1e-05,0.030532,-0.274896,0.178031,206
10166,B008U5JB3Y,1.311636,0.000157,0.02899,-0.270619,0.23205,600
10167,B008U5XRX4,1.640966,-6.8e-05,0.036269,-0.331485,0.223312,104
10168,B008U5XS2O,1.612556,-1.3e-05,0.035642,-0.335029,0.21402,104
10169,B008U97YNY,1.453668,-0.00022,0.032129,-0.32929,0.202365,326
10170,B008UA2PYG,1.352067,0.000249,0.029883,-0.268337,0.172264,174
10171,B008UAIM52,1.345311,-0.00031,0.029733,-0.25672,0.196027,272
10172,B008UBEABQ,1.35727,0.000428,0.029996,-0.386491,0.232755,1049
10173,B008UEXNW0,1.290608,0.000539,0.028521,-0.29042,0.218326,407
10174,B008UICXQ8,1.38267,1e-05,0.03056,-0.345176,0.185422,395
10175,B008UPFNTA,1.402304,0.00024,0.030993,-0.338731,0.219916,446
10176,B008UPSGPS,1.345224,6e-06,0.029733,-0.290915,0.200012,347
10177,B008UQAW54,1.53697,0.00112,0.033952,-0.268463,0.19655,149
10178,B008USRW4Q,1.666395,-3e-05,0.036831,-0.316181,0.24545,214
10179,B008UXYQ8G,1.333932,0.000863,0.029471,-0.245554,0.206601,173
10180,B008V0U33U,1.304993,-0.000108,0.028843,-0.260486,0.158333,255
10181,B008V1I2MI,1.802843,0.00155,0.039817,-0.296957,0.240609,90
10182,B008V5E804,1.319512,0.000263,0.029163,-0.268158,0.183404,239
10183,B008V70E14,1.403347,0.000449,0.031014,-0.289001,0.224747,470
10184,B008V8PKK8,1.460596,0.00026,0.032282,-0.333868,0.271832,308
10185,B008V9JG02,1.360175,0.000414,0.03006,-0.310993,0.240624,1028
10186,B008V9PJQW,1.313238,-3.4e-05,0.029026,-0.29452,0.199495,323
10187,B008VDLAIE,1.366904,0.00021,0.030211,-0.282828,0.255265,635
10188,B008VE6PJC,1.362767,0.000168,0.03012,-0.326861,0.204708,381
10189,B008VG8UQG,1.127461,0.000419,0.024916,-0.267634,0.229342,1038
10190,B008VGHOX6,1.198076,0.00034,0.026478,-0.289276,0.271449,1036
10191,B008VHGW7Y,1.528248,0.000963,0.033764,-0.314169,0.183903,183
10192,B008VHPM6Q,1.23779,-6.3e-05,0.027358,-0.277113,0.192869,1886
10193,B008VHRVQK,1.38598,-7.2e-05,0.030634,-0.342901,0.205479,258
10194,B008VKEA9I,1.177169,0.000652,0.02601,-0.285383,0.195732,1100
10195,B008VSA58K,1.523989,0.000303,0.033683,-0.286322,0.24304,208
10196,B008VSBREG,1.290074,0.000285,0.028512,-0.236796,0.165418,285
10197,B008VSJFQ8,1.288606,0.000231,0.02848,-0.230318,0.170568,234
10198,B008VSY4LO,1.384666,0.000611,0.030598,-0.242308,0.197083,260
10199,B008VSYO5A,1.529238,-0.000136,0.0338,-0.352807,0.203337,184
10200,B008VU6ZN2,1.145013,0.00042,0.025304,-0.231323,0.170985,761
10201,B008VYF6B0,1.352359,0.001093,0.02987,-0.297403,0.321549,679
10202,B008WA2K9O,1.287248,0.00026,0.02845,-0.241908,0.252604,529
10203,B008WG7X8Q,1.347164,0.000295,0.029774,-0.255321,0.203335,1416
10204,B008X10JR2,1.336284,0.000512,0.029531,-0.281603,0.26579,487
10205,B008X20V6A,1.243965,0.000414,0.027492,-0.283185,0.184737,432
10206,B008X20VRO,1.308289,0.000645,0.028909,-0.323265,0.237983,858
10207,B008X2133K,1.196664,0.000353,0.026447,-0.232576,0.246782,581
10208,B008X4HBLQ,1.348962,0.000606,0.029809,-0.270538,0.221388,416
10209,B008X4RE36,1.347413,0.000256,0.02978,-0.308072,0.291146,684
10210,B008X5C8BI,1.424354,0.000276,0.031481,-0.256995,0.17889,208
10211,B008X75CYQ,1.369249,0.000179,0.030263,-0.2348,0.192317,256
10212,B008X7I234,1.29405,-0.000222,0.028601,-0.284233,0.22743,959
10213,B008X9KKSM,1.538324,0.000842,0.03399,-0.317022,0.227925,132
10214,B008XCNJ0K,1.382106,0.000602,0.030542,-0.284233,0.236535,358
10215,B008XHCLMC,1.389329,0.000177,0.030707,-0.31463,0.270696,528
10216,B008XKBW4M,1.220204,0.000125,0.026969,-0.243957,0.19855,678
10217,B008XWX4A0,1.701611,4.3e-05,0.03761,-0.319407,0.21518,149
10218,B008XWY8Y6,1.281238,0.000443,0.028315,-0.27302,0.185829,346
10219,B008XWYA0S,1.278545,0.000357,0.028257,-0.273511,0.1835,339
10220,B008XWYBF2,1.299097,0.000478,0.028709,-0.273469,0.19028,346
10221,B008Y03O7E,1.19787,-5.2e-05,0.026476,-0.267583,0.289504,830
10222,B008Y043NS,1.382542,-0.000123,0.030557,-0.271733,0.166616,189
10223,B008Y13RUC,1.259395,0.000886,0.027822,-0.285815,0.222924,1904
10224,B008Y48XP8,1.554393,-0.000676,0.034349,-0.304135,0.182655,157
10225,B008Y9B0MG,1.504389,0.000221,0.03325,-0.337376,0.185344,347
10226,B008Y9J17C,1.227428,0.000921,0.027114,-0.261443,0.228733,1102
10227,B008Y9JRQM,1.231144,0.000556,0.027206,-0.257593,0.246468,1103
10228,B008YAV0A2,1.185881,0.000132,0.026211,-0.267205,0.215616,684
10229,B008YI2U12,1.336894,0.000671,0.029541,-0.310162,0.269883,501
10230,B008YKNHN0,1.263272,5e-05,0.027921,-0.294801,0.252709,1125
10231,B008YPNSNE,1.616262,-2.7e-05,0.035723,-0.307499,0.20427,121
10232,B008YQ0R9G,1.19984,0.000327,0.026517,-0.256458,0.205466,754
10233,B008YRZA24,1.27725,0.000544,0.028225,-0.247278,0.250715,484
10234,B008YS8F7A,1.364136,0.000275,0.03015,-0.203312,0.181907,196
10235,B008YSQLU8,1.581955,-0.000228,0.034964,-0.281125,0.213826,157
10236,B008Z016X2,1.46989,4e-06,0.032488,-0.362338,0.29465,512
10237,B008ZFHV5Y,1.206955,0.000526,0.026672,-0.252184,0.26362,756
10238,B008ZHP9W4,1.228951,0.000251,0.027162,-0.262659,0.214939,913
10239,B008ZIFQGC,1.262748,0.000379,0.027907,-0.261045,0.188296,295
10240,B00902KYPU,1.285096,-0.000264,0.028403,-0.309295,0.228985,790
10241,B009062W9W,1.21528,0.000704,0.026851,-0.262455,0.206988,825
10242,B0090ELFQK,1.279193,7e-06,0.028273,-0.282777,0.222546,498
10243,B0090ELFRO,1.272959,-0.000117,0.028135,-0.286603,0.221266,479
10244,B0090PHG7Q,1.50774,0.000198,0.033324,-0.277967,0.166851,128
10245,B0090UJFYI,1.410351,0.000421,0.031169,-0.302719,0.224683,1086
10246,B00910ZHJE,1.158916,0.000497,0.02561,-0.278663,0.252842,647
10247,B00912CL5K,1.428195,0.000182,0.031566,-0.297455,0.209252,294
10248,B0091391DE,1.202141,0.000284,0.026569,-0.307007,0.237382,634
10249,B0091BSDV2,1.412352,0.000957,0.031202,-0.302878,0.250734,448
10250,B0091C9G3A,1.524153,0.000642,0.033681,-0.345529,0.207312,393
10251,B0091IJ4C2,1.290508,-4.3e-05,0.028523,-0.237984,0.190378,277
10252,B0091JKMPE,1.335286,-0.000871,0.0295,-0.301535,0.233418,1416
10253,B0091JL3IO,1.145794,0.000498,0.02532,-0.275896,0.252139,1190
10254,B0091OCC48,1.460138,0.000337,0.032271,-0.349158,0.229479,389
10255,B0091OCDRE,1.318296,-7.3e-05,0.029138,-0.268262,0.226932,1952
10256,B0091W09SG,1.426425,0.000947,0.031513,-0.314996,0.256633,453
10257,B0091W3622,1.224779,0.000282,0.027069,-0.236095,0.2356,560
10258,B0091W9NEM,1.318666,0.001305,0.029117,-0.338389,0.322558,893
10259,B0091XL4B6,1.55623,0.001065,0.03438,-0.291303,0.198056,204
10260,B0091XOZMG,1.373844,5.6e-05,0.030365,-0.274475,0.262433,336
10261,B0091XPADY,1.447744,0.000682,0.031991,-0.300462,0.209611,303
10262,B00920E03M,1.238528,0.000596,0.027368,-0.272138,0.261167,612
10263,B00920R8QI,1.492458,0.000418,0.032984,-0.269982,0.175258,243
10264,B00926EEUK,1.164398,0.000412,0.025733,-0.25287,0.268533,536
10265,B0092DUN6M,1.49258,0.000223,0.032989,-0.324385,0.253536,357
10266,B0092KGYEA,1.430765,0.00057,0.031618,-0.329785,0.239259,811
10267,B0092LDWWQ,1.442732,0.000512,0.031884,-0.362329,0.267095,1721
10268,B0092MCMM6,1.21565,0.000754,0.026858,-0.292534,0.242264,892
10269,B0092MCO88,1.260822,0.000712,0.027858,-0.301907,0.259368,850
10270,B0092MCQH2,1.208244,0.000127,0.026705,-0.274688,0.263516,856
10271,B0092MCQZ4,1.204727,0.000548,0.026622,-0.282895,0.239565,714
10272,B0092SVTGA,1.273187,0.000357,0.028138,-0.313243,0.244327,1570
10273,B0092V5BGG,1.120399,4.8e-05,0.024764,-0.215569,0.224461,950
10274,B00937VAQE,1.211991,0.000313,0.026786,-0.319386,0.240526,634
10275,B0093JZ47S,1.366414,0.000548,0.030196,-0.316154,0.240608,410
10276,B0093QBWDQ,1.271719,0.000638,0.028101,-0.300998,0.1757,466
10277,B0093QGG3W,1.431942,0.000516,0.031645,-0.211447,0.18163,229
10278,B00942W51C,1.236553,0.000345,0.027329,-0.323674,0.273325,589
10279,B00943D1JQ,1.403586,0.000141,0.031022,-0.310811,0.204354,277
10280,B0094C43FI,1.307338,0.00051,0.028891,-0.325268,0.309983,1742
10281,B0094C4XOO,1.309478,0.000559,0.028937,-0.298183,0.319158,1549
10282,B0094C5C3A,1.211591,0.000296,0.026778,-0.278193,0.2871,2093
10283,B0094DH1RE,1.232518,0.000376,0.027239,-0.291697,0.232069,1017
10284,B0094ELMBY,1.24544,0.000226,0.027526,-0.269898,0.175084,666
10285,B0094G3LQ6,1.60522,0.000407,0.035477,-0.293039,0.189492,117
10286,B0094G3M6A,1.627967,0.001075,0.035966,-0.315273,0.17308,100
10287,B0094GFW68,1.626691,0.000572,0.035949,-0.332373,0.20999,113
10288,B0094GGRTY,1.578931,0.000511,0.034895,-0.27709,0.226519,107
10289,B0094GH7O8,1.62588,0.000625,0.035931,-0.291582,0.219638,110
10290,B0094GHGQM,1.552291,0.000877,0.034298,-0.313172,0.219327,109
10291,B0094GHKFE,1.537655,0.000789,0.033977,-0.322666,0.21179,125
10292,B0094GHW70,1.598151,0.000493,0.03532,-0.270388,0.186371,105
10293,B0094GJ6IS,1.402713,0.000316,0.031002,-0.30873,0.293737,504
10294,B0094KPK70,1.161099,0.000249,0.025662,-0.262995,0.255606,755
10295,B0094Q3P8K,1.509427,0.000409,0.03336,-0.27528,0.205767,285
10296,B0094Q77PW,1.432011,0.00067,0.031644,-0.228522,0.193006,170
10297,B0094WOKY2,1.471154,0.000546,0.032512,-0.305716,0.254336,697
10298,B0094X5X92,1.191622,-0.00039,0.026335,-0.258955,0.214501,632
10299,B0095BWFTY,1.184444,0.0004,0.026176,-0.309222,0.275236,1355
10300,B0095BWGIE,1.186012,0.000463,0.02621,-0.259839,0.27783,2076
10301,B0095BWH5Q,1.273018,0.000556,0.028131,-0.318893,0.306481,2096
10302,B0095BWHV0,1.283183,0.000556,0.028356,-0.27972,0.307269,1861
10303,B0095CQOE0,1.356289,-0.000168,0.029977,-0.28792,0.309313,725
10304,B0095SMB6O,1.521862,0.000289,0.033636,-0.338554,0.194664,360
10305,B009653PQ6,1.343783,8.2e-05,0.029701,-0.308989,0.210525,2421
10306,B0096DT88C,1.226905,2.2e-05,0.027118,-0.244608,0.281771,676
10307,B0096E8C7E,1.14592,1e-06,0.025328,-0.256138,0.170337,480
10308,B0096OBH4Y,1.352451,0.000724,0.029884,-0.316573,0.248898,509
10309,B0096Q8AXS,1.288208,0.000159,0.028472,-0.273545,0.217114,507
10310,B0096WUELS,1.363431,0.000157,0.030135,-0.30372,0.217334,369
10311,B0096YQT6U,1.183056,0.000305,0.026147,-0.258741,0.232113,1819
10312,B009799H04,1.411782,0.000678,0.031197,-0.298573,0.184614,200
10313,B00979C5EE,1.272793,-5e-05,0.028132,-0.290255,0.251154,1041
10314,B0097G3XDY,1.315486,0.00029,0.029074,-0.244735,0.197674,344
10315,B0097G4QY4,1.363035,0.000735,0.030117,-0.235756,0.194561,351
10316,B0098FIULE,1.438997,0.000684,0.031798,-0.2357,0.209327,88
10317,B0098JU8T2,1.559955,0.000344,0.034477,-0.285327,0.173988,99
10318,B0098JU8TC,1.464877,0.000119,0.032377,-0.266014,0.172087,135
10319,B0098JU8TW,1.517058,0.000381,0.033529,-0.254393,0.171035,92
10320,B0098T3D5I,1.361706,0.000299,0.030096,-0.30111,0.264111,439
10321,B0098TKSLU,1.380131,0.000759,0.030495,-0.381865,0.366618,875
10322,B0098U0SQO,1.367926,4.6e-05,0.030235,-0.313175,0.272126,741
10323,B00997QJKK,1.258065,-2.3e-05,0.027806,-0.259834,0.179215,272
10324,B00997YO52,1.51249,6.3e-05,0.03343,-0.344493,0.266621,324
10325,B0099LC5OK,1.239435,0.000281,0.027393,-0.230166,0.184041,251
10326,B0099PYDXM,1.583402,0.000351,0.034995,-0.376206,0.261301,349
10327,B009A0VGKY,1.345794,0.000245,0.029744,-0.334858,0.226065,731
10328,B009A0VMKI,1.648374,-0.000227,0.036432,-0.332788,0.241514,238
10329,B009A0VT1K,1.63684,-0.000298,0.036177,-0.355675,0.251766,258
10330,B009A0VXT8,1.675255,-0.000338,0.037026,-0.367898,0.243348,250
10331,B009A5ZQA0,1.165913,0.00033,0.025767,-0.292489,0.221509,764
10332,B009A6D04I,1.283967,0.000814,0.028367,-0.280021,0.231111,618
10333,B009A9LBL4,1.261654,0.00062,0.027879,-0.266502,0.219414,1304
10334,B009ANKCOW,1.350293,0.00081,0.029834,-0.294018,0.252715,637
10335,B009AOB7YK,1.27335,-0.000115,0.028144,-0.297613,0.23787,601
10336,B009ARXCYU,1.1048,0.000342,0.024416,-0.259359,0.237711,612
10337,B009ARXD12,1.134089,0.000356,0.025064,-0.259191,0.24826,660
10338,B009ARXD7Q,1.273419,0.000344,0.028144,-0.292594,0.227279,460
10339,B009ARXDHQ,1.315348,0.000356,0.02907,-0.292428,0.22328,468
10340,B009ASC0UQ,1.645152,0.000592,0.036357,-0.272289,0.219945,124
10341,B009ASKA9O,1.233455,0.000385,0.02726,-0.285482,0.218517,840
10342,B009AVFFWI,1.473229,0.000153,0.032562,-0.389902,0.250779,409
10343,B009AVFGFO,1.391238,0.000134,0.03075,-0.354328,0.247336,588
10344,B009AVFIZW,1.426977,0.000129,0.031539,-0.375743,0.253278,517
10345,B009AVFJ92,1.358582,0.000122,0.030028,-0.354816,0.237375,530
10346,B009B7E450,1.301236,-0.000235,0.02876,-0.312815,0.168678,293
10347,B009C650MQ,1.388872,5.3e-05,0.030697,-0.308614,0.234972,304
10348,B009C7IRZW,1.589354,0.000697,0.035122,-0.294447,0.172567,202
10349,B009CA7T4O,1.309125,0.000274,0.028934,-0.30512,0.171832,596
10350,B009CA7T5I,1.169461,0.00021,0.025847,-0.300266,0.21347,870
10351,B009CNA3ZI,1.308026,0.000308,0.028909,-0.288695,0.197428,458
10352,B009CRUDRW,1.378218,0.000353,0.03046,-0.345337,0.249052,640
10353,B009CS493U,1.434838,0.000502,0.03171,-0.386588,0.23042,583
10354,B009CSJB56,1.568645,-0.000128,0.034671,-0.288007,0.200636,197
10355,B009CUYUVY,1.443246,0.000585,0.031894,-0.325072,0.240729,460
10356,B009CZR3Y0,1.297143,-0.000423,0.028667,-0.321209,0.231492,680
10357,B009D7V4WO,1.440385,0.000545,0.031831,-0.381261,0.241985,700
10358,B009D9O6YA,1.40428,7.2e-05,0.031038,-0.280013,0.208396,240
10359,B009DDGEH8,1.314711,0.000437,0.029055,-0.28107,0.164496,380
10360,B009DDGGQW,1.564267,0.000833,0.034564,-0.268122,0.211389,157
10361,B009DDGHFC,1.488302,0.000429,0.032892,-0.334138,0.199966,262
10362,B009DU4QYE,1.209134,0.000158,0.026724,-0.241013,0.193569,1882
10363,B009DUJCVQ,1.520308,0.001012,0.033587,-0.250874,0.198289,141
10364,B009EE9JFK,1.302955,5.3e-05,0.028798,-0.330596,0.245983,949
10365,B009EF9NFU,1.190772,-0.000124,0.026319,-0.250608,0.182023,1737
10366,B009ERGG94,1.278419,0.000612,0.02825,-0.339777,0.241632,1672
10367,B009ERIUNY,1.557576,0.000841,0.034416,-0.255763,0.225428,111
10368,B009F5GIHK,1.591132,0.000504,0.035164,-0.296136,0.227569,119
10369,B009FANUEE,1.379433,0.00096,0.030474,-0.274193,0.251847,357
10370,B009FIF1RU,1.17538,3.3e-05,0.025979,-0.280809,0.202415,1065
10371,B009FIR05Q,1.232211,0.000769,0.027224,-0.232496,0.203838,290
10372,B009FKNGGQ,1.421904,-0.000181,0.031427,-0.318476,0.19517,224
10373,B009FKNGRA,1.407991,0.000326,0.031118,-0.336775,0.212863,311
10374,B009FNM67S,1.341424,0.000983,0.029632,-0.267696,0.23392,436
10375,B009G0E19Q,1.338055,0.000121,0.029574,-0.320313,0.255223,416
10376,B009G0E59M,1.397264,0.000176,0.030882,-0.293959,0.258538,402
10377,B009G0E90M,1.35365,0.000111,0.029919,-0.295129,0.23504,411
10378,B009G0E9CK,1.304378,0.000173,0.028829,-0.284165,0.218966,438
10379,B009G0OO7U,1.369426,0.000208,0.030267,-0.278095,0.225929,361
10380,B009GD05NO,1.39745,0.000146,0.030887,-0.272192,0.22481,246
10381,B009GETW5U,1.471392,0.000321,0.03252,-0.358203,0.263082,233
10382,B009GEUOXO,1.649794,4.5e-05,0.036465,-0.359051,0.207145,110
10383,B009GEUOZ2,1.5592,0.000454,0.034459,-0.27806,0.186653,148
10384,B009GEUP6A,1.507829,0.000934,0.033314,-0.328336,0.22007,187
10385,B009GEUPAG,1.352584,0.000484,0.029892,-0.262174,0.221875,1152
10386,B009GEUPDS,1.423526,0.000495,0.03146,-0.280153,0.145055,109
10387,B009GEUPMY,1.284076,0.000107,0.028381,-0.26072,0.2809,960
10388,B009GEUPPG,1.481433,0.000256,0.032742,-0.297783,0.229559,228
10389,B009GEUPXI,1.424232,0.000299,0.031478,-0.320841,0.168248,180
10390,B009GGTKC8,1.502165,0.000576,0.033197,-0.332812,0.275135,400
10391,B009GHHW5Y,1.253698,1.6e-05,0.02771,-0.262168,0.183868,1853
10392,B009GIOVKC,1.15827,-6e-05,0.025601,-0.241247,0.234597,1167
10393,B009GIZ0IE,1.13711,0.000226,0.025132,-0.237,0.242817,907
10394,B009GLPE5K,1.267494,0.000542,0.02801,-0.266551,0.20673,427
10395,B009GLPJ5U,1.359745,0.00052,0.030049,-0.284748,0.2534,695
10396,B009GMYMQ6,1.379991,0.000357,0.030499,-0.310015,0.241932,356
10397,B009GPKW0S,1.365287,5e-05,0.030176,-0.264311,0.221847,230
10398,B009GYVMAS,1.394366,0.000185,0.030818,-0.339437,0.219901,496
10399,B009HBDK2S,1.233244,-0.000185,0.027257,-0.253396,0.214114,530
10400,B009HBQT1W,1.281302,0.000365,0.028318,-0.309857,0.183873,742
10401,B009HKAWFC,1.58907,0.000243,0.035122,-0.328339,0.212822,135
10402,B009HMZG9C,1.269829,0.0006,0.02806,-0.274155,0.191734,293
10403,B009HOU1TU,1.354848,-0.000265,0.029944,-0.213477,0.154292,124
10404,B009HULDYG,1.354301,0.000198,0.029933,-0.280516,0.3011,1298
10405,B009HULFLW,1.51337,0.000276,0.033448,-0.314087,0.243027,861
10406,B009HULKLW,1.341081,0.000114,0.029641,-0.272426,0.294803,1297
10407,B009HVMVLY,1.246927,0.000539,0.027555,-0.244309,0.2341,501
10408,B009I0KSQO,1.240976,0.000982,0.027411,-0.271375,0.164802,259
10409,B009I0KVOI,1.714682,0.000924,0.037887,-0.286114,0.193613,81
10410,B009I0KXIW,1.286267,0.000587,0.028424,-0.249708,0.157597,253
10411,B009I0LDC2,1.362827,0.00028,0.030121,-0.312624,0.237754,312
10412,B009IIL45A,1.397459,7.2e-05,0.030887,-0.345517,0.199149,396
10413,B009IR6SA2,1.458316,7e-06,0.032232,-0.25137,0.177107,155
10414,B009IRO8ZO,1.124046,0.000379,0.024841,-0.236532,0.20315,828
10415,B009IROB4W,1.159034,0.000485,0.025613,-0.248795,0.221287,829
10416,B009IROB8S,1.22,0.000501,0.02696,-0.266117,0.246908,829
10417,B009IROGH4,1.160566,0.000478,0.025647,-0.247328,0.220418,829
10418,B009IROH0U,1.1826,0.000395,0.026135,-0.250481,0.214452,829
10419,B009IROIRM,1.147736,0.000444,0.025364,-0.240243,0.217138,829
10420,B009IROJU8,1.215459,0.000368,0.026862,-0.266711,0.243497,829
10421,B009IROKBQ,1.190979,0.000424,0.02632,-0.258485,0.232819,828
10422,B009IROL1A,1.266829,0.000293,0.027999,-0.249404,0.205566,368
10423,B009IROLBU,1.198638,0.000422,0.02649,-0.260475,0.231034,829
10424,B009IROM5A,1.346208,0.000451,0.029751,-0.253794,0.217677,356
10425,B009IRON0O,1.203866,0.000417,0.026605,-0.263907,0.236346,827
10426,B009IRONDG,1.200334,0.000493,0.026526,-0.257482,0.234254,828
10427,B009JJA49U,1.295908,-7e-05,0.028643,-0.315356,0.212706,1919
10428,B009JKDCEI,1.340804,0.000782,0.029625,-0.286546,0.195385,349
10429,B009JKJMTW,1.723183,0.000369,0.038085,-0.311916,0.231151,97
10430,B009JN6756,1.261945,0.000423,0.027889,-0.182148,0.142905,119
10431,B009JVVRK8,1.363312,0.000633,0.030126,-0.313672,0.243986,491
10432,B009JXI3E4,1.650348,-2.1e-05,0.036477,-0.302506,0.24457,192
10433,B009K2BC2Y,1.536142,-0.000367,0.033951,-0.285229,0.19466,193
10434,B009K2BEOK,1.49025,0.000323,0.032937,-0.280366,0.186301,169
10435,B009K7NA1U,1.320236,0.000354,0.029178,-0.264761,0.206089,420
10436,B009K7X26I,1.331106,0.000571,0.029415,-0.295859,0.232623,336
10437,B009K7XLK0,1.306371,0.000474,0.02887,-0.289439,0.226573,339
10438,B009KBMWCY,1.219504,0.000123,0.026954,-0.268829,0.281705,1350
10439,B009L0YD6M,1.440504,0.000406,0.031836,-0.221679,0.173756,166
10440,B009LJ81DY,1.362137,0.000363,0.030104,-0.287042,0.198565,330
10441,B009LOJ5MA,1.343374,-0.000264,0.029691,-0.297216,0.291949,721
10442,B009LUS2GY,1.476784,0.001319,0.032614,-0.363598,0.273552,322
10443,B009LY2GC6,1.22496,0.000326,0.027073,-0.319171,0.273296,860
10444,B009LYB2E4,1.153239,0.000585,0.025483,-0.259894,0.262884,864
10445,B009M1K396,1.139631,0.000174,0.025188,-0.286412,0.166652,665
10446,B009M2TVKC,1.429177,-7.3e-05,0.031588,-0.315605,0.197163,223
10447,B009M8FB3M,1.397204,0.000884,0.030869,-0.260814,0.262359,359
10448,B009MXZTEI,1.626229,0.000312,0.035942,-0.383692,0.230129,174
10449,B009MY07F8,1.466401,0.000847,0.0324,-0.281656,0.186324,161
10450,B009MY1P3Q,1.442065,0.000185,0.031873,-0.309575,0.207325,336
10451,B009NAE8RO,1.3966,0.000503,0.030864,-0.292944,0.247501,497
10452,B009NCM6JY,1.204927,0.000568,0.026626,-0.309604,0.234554,1933
10453,B009ND81NS,1.42167,-0.000197,0.031422,-0.310186,0.206508,252
10454,B009NI9R86,1.487324,0.000782,0.032864,-0.288856,0.204604,212
10455,B009NPMD2G,1.211758,0.000824,0.02677,-0.269834,0.231825,540
10456,B009NQEQUC,1.381604,0.000177,0.030536,-0.335038,0.211255,393
10457,B009O3I64G,1.373058,0.000471,0.030344,-0.263352,0.213882,247
10458,B009O5BC22,1.479594,0.000316,0.032701,-0.260175,0.172106,228
10459,B009OWLX8I,1.331949,-0.000124,0.029439,-0.283205,0.198208,379
10460,B009OY2REK,1.341977,0.000362,0.029659,-0.289085,0.269018,465
10461,B009OY8GK4,1.290975,0.000515,0.028529,-0.253672,0.235316,419
10462,B009P3CCYA,1.346197,0.000261,0.029753,-0.270589,0.299069,451
10463,B009P3DJZG,1.360087,0.000233,0.03006,-0.289202,0.282979,477
10464,B009P4ZJXK,1.330812,0.000296,0.029413,-0.294421,0.225267,1430
10465,B009P98O6E,1.23136,-0.000105,0.027216,-0.236945,0.180464,198
10466,B009PVHU1W,1.326261,-0.000139,0.029313,-0.278127,0.201005,383
10467,B009PZF7WM,1.558121,0.000884,0.034427,-0.286329,0.233123,204
10468,B009PZGYJM,1.59412,0.000983,0.03522,-0.295667,0.216302,213
10469,B009PZVOF6,1.461224,0.001114,0.032277,-0.253982,0.210365,203
10470,B009Q1YPNW,1.33603,0.000712,0.029521,-0.259572,0.197307,292
10471,B009Q1YPV4,1.312619,0.000812,0.029001,-0.254311,0.213825,328
10472,B009Q1YPVY,1.281315,0.000581,0.028314,-0.255507,0.21609,297
10473,B009QZCAM6,1.316492,0.000379,0.029095,-0.279841,0.1841,281
10474,B009R4P0VY,1.292952,0.001128,0.028555,-0.255034,0.213218,328
10475,B009RK83US,1.534227,0.00071,0.033903,-0.255975,0.231599,150
10476,B009RNUH4A,1.593924,6e-05,0.03523,-0.288247,0.177907,114
10477,B009RNUH54,1.632536,8.5e-05,0.036083,-0.311297,0.187474,71
10478,B009RNUH7C,1.576805,0.000296,0.03485,-0.294745,0.215746,110
10479,B009RNUH7M,1.566778,0.000812,0.03462,-0.246905,0.210144,129
10480,B009RNUH8G,1.578426,0.000125,0.034887,-0.294103,0.198266,113
10481,B009RROHRE,1.331047,0.000464,0.029416,-0.304871,0.25086,677
10482,B009S99Z8W,1.209258,0.000756,0.026717,-0.279264,0.262413,586
10483,B009S9BDJQ,1.198263,0.000788,0.026473,-0.279997,0.255222,587
10484,B009SB9DY6,1.357849,-3.2e-05,0.030012,-0.252558,0.214368,242
10485,B009SBIVT4,1.336604,-0.00028,0.029541,-0.293362,0.185995,292
10486,B009SBMRXK,1.379842,0.000627,0.030492,-0.218669,0.160141,154
10487,B009SCRSHE,1.380401,0.000675,0.030503,-0.296207,0.230402,405
10488,B009SJ7DFE,1.402673,-0.000189,0.031002,-0.324757,0.240219,381
10489,B009SJ8Y2K,1.690922,0.000841,0.037364,-0.310942,0.201269,141
10490,B009SUHZKQ,1.356597,0.000376,0.029982,-0.403825,0.20374,1468
10491,B009T47YZ2,1.64179,0.000697,0.036281,-0.294041,0.228347,200
10492,B009T6RTS2,1.31001,0.000457,0.028951,-0.244624,0.225422,264
10493,B009T8BF94,1.211195,0.000666,0.026762,-0.307968,0.253469,667
10494,B009T8GA12,1.324633,0.000335,0.029276,-0.286818,0.243007,382
10495,B009TAQAOW,1.281863,-0.000307,0.028331,-0.288089,0.192901,311
10496,B009TUSP1S,1.311914,4.8e-05,0.028997,-0.273733,0.181778,429
10497,B009TVWB1W,1.294377,0.000277,0.028608,-0.31027,0.214043,517
10498,B009U9990E,1.328196,-0.000347,0.029354,-0.292633,0.184475,293
10499,B009U9JUK8,1.206388,0.000251,0.026663,-0.282965,0.22444,675
10500,B009UTCT6U,1.279269,0.000484,0.028271,-0.279543,0.268043,650
10501,B009UXXGJK,1.48347,0.001091,0.03277,-0.253545,0.189577,111
10502,B009VD3IHO,1.295726,0.000419,0.028636,-0.312403,0.209413,1402
10503,B009VD3J3W,1.442021,0.000451,0.031869,-0.265538,0.183569,251
10504,B009VD3KUE,1.495563,0.000605,0.03305,-0.260437,0.169736,154
10505,B009VGNYFM,1.52866,0.000185,0.033787,-0.350397,0.268741,451
10506,B009W43ZCU,1.741595,0.000899,0.038483,-0.272537,0.314956,108
10507,B009WCLNZI,1.548473,0.000666,0.034219,-0.349698,0.23956,432
10508,B009WI0VFK,1.62011,0.000562,0.035804,-0.246011,0.237644,167
10509,B009WI26RQ,1.600673,0.000492,0.035375,-0.244218,0.221873,169
10510,B009WI2EZ0,1.617254,0.000513,0.035742,-0.239196,0.21059,157
10511,B009WI3RZQ,1.306991,0.00057,0.028882,-0.290362,0.209274,437
10512,B009WI5SPI,1.350747,0.000993,0.029838,-0.264446,0.23334,429
10513,B009WJCEMM,1.804725,0.000836,0.03988,-0.458878,0.330568,850
10514,B009WKOOBA,1.35937,0.000323,0.030044,-0.305575,0.238816,1202
10515,B009WLX6T0,1.576692,-7.5e-05,0.034849,-0.315101,0.204452,268
10516,B009WLX83Y,1.350107,1e-04,0.029841,-0.258862,0.228512,473
10517,B009WLX9NS,1.441279,0.000749,0.031847,-0.309091,0.238575,268
10518,B009WLXABE,1.532162,0.000568,0.03386,-0.283002,0.182983,167
10519,B009WLXAOQ,1.4928,0.000732,0.032986,-0.328244,0.244887,277
10520,B009WLXB68,1.339087,0.000525,0.029592,-0.285845,0.213101,265
10521,B009WS6MUS,1.462336,-0.000352,0.032319,-0.35466,0.253805,374
10522,B009WVF2NI,1.66337,-1.9e-05,0.036765,-0.410447,0.240649,290
10523,B009X0J8TC,1.24419,0.000143,0.027499,-0.306092,0.26621,1148
10524,B009X75O2U,1.581978,-9.6e-05,0.034966,-0.289354,0.208878,246
10525,B009X77A0Y,1.562815,0.000581,0.034537,-0.275171,0.187293,182
10526,B009XQE06C,1.359305,0.000249,0.030043,-0.321734,0.229075,649
10527,B009XRF9M0,1.323235,0.000891,0.029233,-0.264567,0.196081,319
10528,B009XRFA88,1.422378,-0.000496,0.031434,-0.237608,0.195815,109
10529,B009XRFAJW,1.423844,4.3e-05,0.03147,-0.229234,0.172273,107
10530,B009Y2117G,1.426338,2.9e-05,0.031526,-0.326056,0.266181,361
10531,B009YCEMU4,1.324607,0.000773,0.029267,-0.257877,0.239783,370
10532,B009YCJVNW,1.163486,0.000333,0.025714,-0.264806,0.174245,1732
10533,B009YE6J6C,1.337692,0.000112,0.029566,-0.32486,0.214709,696
10534,B009YE6JDK,1.373598,0.000511,0.030356,-0.264403,0.217227,423
10535,B009YJESAG,1.300701,0.000276,0.028747,-0.372827,0.223062,819
10536,B009YK06NS,1.588485,-0.000125,0.035109,-0.342253,0.207773,182
10537,B009YSSLAU,1.561278,0.00045,0.034505,-0.26526,0.205263,123
10538,B009YSTOAG,1.434184,-0.000339,0.031697,-0.286394,0.210013,273
10539,B009YSTOE2,1.589418,-0.000515,0.035126,-0.348331,0.270874,286
10540,B009YSTOHY,1.326331,-0.00045,0.029312,-0.303171,0.199177,359
10541,B009YSXB3M,1.272218,0.001114,0.028097,-0.308374,0.303255,1247
10542,B009YSYNF2,1.370027,0.000106,0.030281,-0.307532,0.270442,453
10543,B009YSYNIY,1.36526,0.000141,0.030175,-0.301346,0.253395,443
10544,B009YVCSYM,1.335872,0.000703,0.029518,-0.267526,0.218849,398
10545,B009YXC3LS,1.307741,0.000981,0.028888,-0.247702,0.185087,302
10546,B009YZ2DAW,1.372416,0.000209,0.030333,-0.275783,0.282915,387
10547,B009Z3LOTE,1.312131,0.000349,0.028999,-0.273383,0.213246,313
10548,B009Z3MG0K,1.313324,0.000413,0.029025,-0.273154,0.211666,314
10549,B009Z48ODM,1.448307,0.000848,0.032,-0.248284,0.184145,81
10550,B009ZA0F1U,1.284292,0.000583,0.02838,-0.309427,0.287423,1261
10551,B009ZB1GUS,1.339951,0.000529,0.029612,-0.30918,0.245663,525
10552,B009ZB6MKM,1.325604,0.000487,0.029295,-0.257872,0.174976,302
10553,B009ZBTDL2,1.279337,0.000226,0.028276,-0.275628,0.298376,1086
10554,B009ZFMJVE,1.059058,-0.000112,0.023408,-0.212965,0.186536,753
10555,B009ZQTB8C,1.621506,-0.000573,0.035835,-0.353785,0.211161,262
10556,B009ZQZ1YA,1.421042,-0.000251,0.031408,-0.252204,0.175755,250
10557,B009ZRFJFA,1.407424,0.000333,0.031106,-0.292723,0.253644,371
10558,B00A0IWRRG,1.527922,0.00021,0.03377,-0.257849,0.170735,94
10559,B00A0IWRT4,1.496277,7.4e-05,0.033071,-0.248967,0.170064,89
10560,B00A0IWRU8,1.508609,0.000125,0.033344,-0.229298,0.156421,97
10561,B00A0IWRUI,1.529249,0.00021,0.0338,-0.232511,0.16635,102
10562,B00A0IWSI4,1.330184,-0.000352,0.029398,-0.308808,0.203536,365
10563,B00A0IWSIO,1.614715,0.000448,0.035686,-0.302781,0.169595,133
10564,B00A0IWSN4,1.543475,-0.000376,0.034113,-0.294588,0.155054,111
10565,B00A0IWT9C,1.603482,0.000259,0.03544,-0.278172,0.171101,97
10566,B00A0IWTBA,1.546212,0.000802,0.034166,-0.267748,0.191067,107
10567,B00A0IWTDI,1.619582,0.000245,0.035796,-0.29391,0.181122,89
10568,B00A0IWTEW,1.582207,0.000619,0.034965,-0.286036,0.193112,104
10569,B00A0J084Y,1.4457,0.000649,0.031947,-0.221794,0.16939,80
10570,B00A0J09C0,1.697993,0.000334,0.037528,-0.336701,0.18729,78
10571,B00A0J09G6,1.66984,-0.000168,0.036907,-0.311393,0.168289,89
10572,B00A0J09GG,1.526456,0.000364,0.033737,-0.321977,0.243562,109
10573,B00A0MB6Q0,1.327194,0.000192,0.029334,-0.267887,0.221653,427
10574,B00A0MBBW4,1.351806,0.000113,0.029878,-0.301091,0.169272,376
10575,B00A11RCGI,1.417554,0.00039,0.031329,-0.354173,0.212551,848
10576,B00A19WNC8,1.335996,0.000523,0.029524,-0.259541,0.155906,136
10577,B00A1L2RWM,1.307434,4.2e-05,0.028897,-0.340273,0.237555,1881
10578,B00A1Y177A,1.360569,0.000623,0.030065,-0.254178,0.219404,345
10579,B00A20OQYE,1.593665,0.000434,0.035221,-0.295025,0.193091,178
10580,B00A2MJFSY,1.786583,0.000994,0.039475,-0.270995,0.236512,115
10581,B00A2XU2X0,1.413374,0.000431,0.031236,-0.281651,0.286213,289
10582,B00A2XVSDS,1.500637,0.000548,0.033163,-0.351235,0.244421,279
10583,B00A2XXNCM,1.516233,0.000238,0.033512,-0.348806,0.230472,344
10584,B00A2Y02TI,1.418525,0.000665,0.031346,-0.282703,0.282865,291
10585,B00A2Y2RQ4,1.507743,0.000464,0.033322,-0.351246,0.232455,260
10586,B00A2Y3LD2,1.416369,0.000579,0.0313,-0.283806,0.285123,287
10587,B00A2Y4OS8,1.531065,0.000551,0.033836,-0.280528,0.194676,180
10588,B00A2Y5KMM,1.333496,0.000357,0.029471,-0.248506,0.250287,286
10589,B00A2Y6PG2,1.403904,0.000451,0.031026,-0.279815,0.278287,291
10590,B00A32DYX0,1.284161,-1.1e-05,0.028383,-0.233057,0.169258,266
10591,B00A32GTAA,1.303829,0.00043,0.028815,-0.244683,0.205502,286
10592,B00A35XSAG,1.48952,-5.8e-05,0.032922,-0.257124,0.184646,230
10593,B00A35XTCS,1.452093,0.000394,0.032092,-0.303682,0.23458,333
10594,B00A363EPO,1.496801,-0.000346,0.033081,-0.277794,0.177192,259
10595,B00A3BWYU0,1.327034,0.000141,0.02933,-0.328698,0.242942,1244
10596,B00A3C06XG,1.380585,0.000419,0.030511,-0.317219,0.218133,605
10597,B00A3HR7BA,1.799838,0.000624,0.039776,-0.32016,0.236138,84
10598,B00A3Q9LPG,1.14325,0.000454,0.025265,-0.251404,0.253824,831
10599,B00A41G09A,1.181298,0.000279,0.026108,-0.256079,0.241977,1731
10600,B00A46OKFG,1.301408,0.000445,0.028761,-0.292485,0.274268,680
10601,B00A4DSLK4,1.124438,0.000137,0.024853,-0.209881,0.201376,1064
10602,B00A4F86KC,1.168722,9.3e-05,0.025832,-0.250574,0.197282,716
10603,B00A4FKTMA,1.180904,0.000615,0.026094,-0.194438,0.210325,748
10604,B00A4GHF9Y,1.174126,0.000222,0.02595,-0.241483,0.211953,1231
10605,B00A4OLYWA,1.398643,0.000237,0.030913,-0.233147,0.176684,165
10606,B00A4OOGSY,1.358725,6.8e-05,0.030031,-0.237561,0.161185,162
10607,B00A4ZJSYK,1.203196,0.000559,0.026588,-0.254436,0.234535,1308
10608,B00A51LI1O,1.148214,0.000343,0.025376,-0.283878,0.207658,1353
10609,B00A51P1VC,1.44822,0.000519,0.032005,-0.37828,0.233718,712
10610,B00A54KPU6,1.141592,0.000687,0.025223,-0.254172,0.222165,665
10611,B00A5MQRS2,1.312617,0.000426,0.029009,-0.280978,0.264131,612
10612,B00A5XWKXM,1.253692,-0.000247,0.027709,-0.269374,0.216553,1208
10613,B00A65JWMG,1.210206,-0.00023,0.026748,-0.276028,0.210675,1195
10614,B00A6AK6SK,1.308774,0.000664,0.02892,-0.298722,0.252804,593
10615,B00A6H2DD4,1.46211,0.000409,0.032314,-0.28757,0.211974,300
10616,B00A6O1A9A,1.551778,-0.000222,0.034297,-0.328093,0.201245,259
10617,B00A6O1AP4,1.404598,0.000859,0.031033,-0.310546,0.246508,351
10618,B00A6O1BF8,1.512594,-3.3e-05,0.033432,-0.300167,0.195455,265
10619,B00A6O1BTE,1.702006,-0.000348,0.037617,-0.322693,0.218922,208
10620,B00A6OR7N8,1.21776,0.000349,0.026913,-0.263364,0.226113,897
10621,B00A6OTXOO,1.368133,0.000698,0.030231,-0.345851,0.219989,612
10622,B00A6SONHM,1.583995,0.00059,0.035005,-0.298383,0.172863,84
10623,B00A6UH0GG,1.45722,-3.9e-05,0.032208,-0.358133,0.26849,491
10624,B00A6VN56E,1.285289,0.000246,0.028407,-0.274557,0.230214,1087
10625,B00A6VQDLI,1.454351,0.00123,0.032121,-0.219368,0.241403,146
10626,B00A7007CE,1.313829,-0.000151,0.029038,-0.316546,0.210104,1052
10627,B00A7315Z4,1.303493,0.000317,0.028809,-0.267371,0.265808,500
10628,B00A73BVP8,1.337326,0.000312,0.029557,-0.304166,0.242973,645
10629,B00A73ZCP8,1.388522,0.000441,0.030687,-0.313035,0.203453,259
10630,B00A752CV8,1.323572,0.000127,0.029254,-0.256636,0.234664,403
10631,B00A76CPUA,1.370014,0.000688,0.030273,-0.253783,0.212832,214
10632,B00A78TEAM,1.213289,-0.000384,0.026814,-0.27121,0.145649,310
10633,B00A7FS2OO,1.141428,-0.000348,0.025226,-0.283001,0.265723,1810
10634,B00A7H8ECW,1.226983,0.000958,0.027102,-0.300482,0.248082,1133
10635,B00A7IA6NQ,1.360306,-2.9e-05,0.030066,-0.248011,0.227295,175
10636,B00A7KLMOG,1.428752,0.000331,0.031577,-0.351356,0.19902,2184
10637,B00A7W13Q6,1.373175,-0.000115,0.03035,-0.335751,0.25669,474
10638,B00A7YS5EM,1.474482,0.000497,0.032586,-0.344849,0.236172,351
10639,B00A8049SG,1.351931,0.000132,0.029881,-0.356937,0.26194,803
10640,B00A82MRFG,1.648424,0.000537,0.03643,-0.312295,0.188719,151
10641,B00A86ECBE,1.294833,0.000667,0.028611,-0.27703,0.198867,479
10642,B00A8DHDQ8,1.495826,0.000372,0.033059,-0.303462,0.252153,259
10643,B00A8DHHNC,1.252998,0.000287,0.027693,-0.290201,0.166781,463
10644,B00A8G7TIC,1.543344,0.000343,0.03411,-0.344542,0.216354,141
10645,B00A8I8AVA,1.32207,-1e-04,0.029221,-0.244795,0.183739,212
10646,B00A8L5ULU,1.331835,0.000188,0.029436,-0.27579,0.25294,479
10647,B00A8LSFX0,1.442416,0.000616,0.031875,-0.335638,0.249492,482
10648,B00A8LV98I,1.257466,0.000367,0.027791,-0.334667,0.205499,703
10649,B00A8M0ARI,1.332008,0.000691,0.029433,-0.276534,0.210923,436
10650,B00A8ODE7Y,1.601466,0.001411,0.035368,-0.255118,0.212324,149
10651,B00A8WQKAO,1.282241,0.000843,0.028328,-0.243825,0.190566,387
10652,B00A99XF0Y,1.331602,0.000475,0.029428,-0.286707,0.259242,598
10653,B00A9ELDS0,1.431601,0.000433,0.031639,-0.344185,0.210056,308
10654,B00A9MKPT0,1.399425,0.000131,0.03093,-0.34553,0.257181,457
10655,B00A9R0BKI,1.70684,0.000115,0.037725,-0.348764,0.229663,239
10656,B00A9R0BXU,1.738517,0.000296,0.038424,-0.357219,0.233415,250
10657,B00AA176CE,1.391765,0.000545,0.030757,-0.2357,0.156131,174
10658,B00AA17N4U,1.424275,0.000552,0.031475,-0.242275,0.168561,152
10659,B00AA8DQN0,1.737677,-8.4e-05,0.038407,-0.356763,0.253047,232
10660,B00AA8DQQM,1.635711,-0.000403,0.036151,-0.330182,0.20324,229
10661,B00AA8DR0M,1.711102,-0.000351,0.037818,-0.361942,0.23201,220
10662,B00AA8DRHA,1.818184,-0.000239,0.040186,-0.381427,0.296806,237
10663,B00AACBZMA,1.40858,-0.000265,0.031132,-0.311777,0.290693,521
10664,B00AACBZMU,1.427385,5.6e-05,0.031549,-0.327875,0.297572,521
10665,B00AACC02Y,1.335517,1.3e-05,0.029518,-0.308466,0.302125,555
10666,B00AACC0AG,1.396481,0.000305,0.030864,-0.324667,0.300186,516
10667,B00AAG9M2Q,1.284645,0.000349,0.028392,-0.290364,0.238273,571
10668,B00AAIOP44,1.650721,8e-06,0.036485,-0.323407,0.188884,118
10669,B00AAJTDLI,1.634276,-0.000577,0.036117,-0.32444,0.189244,81
10670,B00AAR9I60,1.359639,0.000455,0.030048,-0.282924,0.205159,532
10671,B00AASRGXQ,1.308354,0.000253,0.028917,-0.39104,0.22465,895
10672,B00AB0SLPK,1.405302,0.000622,0.031054,-0.318139,0.278758,404
10673,B00AB4W2H4,1.380804,0.00051,0.030515,-0.284087,0.197265,275
10674,B00ABBC7XQ,1.548832,0.000541,0.034229,-0.325532,0.200795,208
10675,B00ABCWATG,1.612693,0.000699,0.035638,-0.311792,0.206461,185
10676,B00ABIH8OM,1.321774,0.000644,0.029207,-0.257898,0.218414,392
10677,B00AC3G0ZY,1.285783,1.4e-05,0.028419,-0.292261,0.21874,318
10678,B00AC8NLVK,1.531858,0.000422,0.033855,-0.25333,0.234485,132
10679,B00ACB6CY0,1.112531,0.000603,0.024582,-0.217452,0.212064,2122
10680,B00ACB6H9A,1.097058,6.4e-05,0.024248,-0.243686,0.199929,1554
10681,B00ACOHI7W,1.273618,0.000371,0.028148,-0.2675,0.220627,323
10682,B00ACWLLVI,1.295606,0.000372,0.028634,-0.227654,0.202622,1665
10683,B00AD9R6DM,1.205106,0.000129,0.026636,-0.226868,0.215939,773
10684,B00ADR6L08,1.274915,-0.000135,0.028178,-0.298212,0.205717,387
10685,B00ADR6M2U,1.330138,-0.000135,0.029399,-0.30682,0.210506,340
10686,B00ADRGWNE,1.278225,2e-06,0.028252,-0.301226,0.214593,379
10687,B00ADRH2OM,1.318216,-9.7e-05,0.029136,-0.29953,0.222855,338
10688,B00AE078TM,1.58932,-5.1e-05,0.035128,-0.308341,0.177886,132
10689,B00AE078YM,1.340697,-0.000351,0.029631,-0.246139,0.142467,118
10690,B00AE0790U,1.540988,-0.000144,0.034059,-0.293785,0.166456,110
10691,B00AE07932,1.570896,0.00013,0.03472,-0.334088,0.19176,127
10692,B00AE07B9O,1.645111,0.000753,0.036353,-0.31167,0.212572,82
10693,B00AE07BC6,1.622499,0.000332,0.03586,-0.336535,0.216817,101
10694,B00AE07BDU,1.51665,0.000795,0.033512,-0.262877,0.257138,103
10695,B00AE07BI0,1.526582,0.00093,0.033728,-0.265136,0.231657,104
10696,B00AE07BMQ,1.555322,0.000982,0.034362,-0.264118,0.240693,98
10697,B00AE07CPM,1.502686,0.000942,0.0332,-0.264969,0.229123,103
10698,B00AE07CRA,1.538781,0.000656,0.034005,-0.317267,0.284115,108
10699,B00AE07CT8,1.490021,0.000291,0.032932,-0.251867,0.191062,83
10700,B00AE07CTI,1.665844,-9.4e-05,0.036819,-0.321634,0.185195,88
10701,B00AE07EGO,1.568224,-0.000483,0.034658,-0.309668,0.175958,84
10702,B00AE07EIM,1.60506,-0.000468,0.035473,-0.33387,0.205726,85
10703,B00AE07FQI,1.625122,0.00027,0.035918,-0.318334,0.213556,109
10704,B00AE07FUE,1.61849,-0.000452,0.03577,-0.310876,0.179846,86
10705,B00AE07FUO,1.630677,0.000284,0.036041,-0.280451,0.181356,79
10706,B00AE07FXQ,1.570711,-0.000423,0.034714,-0.284634,0.163846,102
10707,B00AE07FYK,1.590236,4.1e-05,0.035148,-0.26664,0.168931,87
10708,B00AE07GX0,1.599941,-6.6e-05,0.035363,-0.294543,0.218223,114
10709,B00AE07H0M,1.574642,-0.000302,0.034802,-0.309237,0.194348,100
10710,B00AE07IEM,1.601582,0.000325,0.035397,-0.239024,0.148639,73
10711,B00AE07JJ6,1.452496,5.2e-05,0.032104,-0.236221,0.152453,107
10712,B00AE76HO2,1.292624,0.000304,0.028569,-0.30623,0.277281,887
10713,B00AEEIL0I,1.622312,0.000559,0.035853,-0.330878,0.210747,120
10714,B00AEIVIGS,1.351311,-0.000316,0.029866,-0.34517,0.264229,1967
10715,B00AELX08E,1.577127,0.000173,0.034858,-0.351236,0.243268,209
10716,B00AEM0W70,1.239202,0.000228,0.027388,-0.295564,0.324314,1812
10717,B00AEM0W84,1.268815,0.000162,0.028043,-0.272197,0.219662,2082
10718,B00AEM0WDE,1.236471,0.000558,0.027323,-0.27065,0.229015,1874
10719,B00AEM0WMU,1.258652,0.000485,0.027815,-0.30545,0.330217,1796
10720,B00AEM0YH8,1.459582,0.000959,0.032246,-0.244811,0.209226,140
10721,B00AEU3E3G,1.421706,0.000966,0.031408,-0.290066,0.260728,494
10722,B00AEUHWP2,1.084071,4e-06,0.023961,-0.196383,0.228017,1532
10723,B00AEY1SQW,1.381692,0.000183,0.030538,-0.317935,0.258228,1972
10724,B00AEYGIR6,1.734086,0.00089,0.038317,-0.336137,0.295048,104
10725,B00AF0TGFA,1.354061,0.000344,0.029926,-0.350921,0.274366,602
10726,B00AF63QQE,1.464381,-0.000347,0.032365,-0.381471,0.283691,631
10727,B00AF9D4JK,1.460077,0.000372,0.032269,-0.323493,0.269404,494
10728,B00AF9DGMA,1.453099,0.000408,0.032115,-0.327274,0.268622,482
10729,B00AFBSIPI,1.208602,0.000418,0.02671,-0.274942,0.252982,1005
10730,B00AFCOVEO,1.530834,0.000742,0.033827,-0.277226,0.177035,159
10731,B00AFCP6F2,1.520213,5e-06,0.0336,-0.256011,0.178553,113
10732,B00AFCP76A,1.372259,0.000521,0.030326,-0.275761,0.261115,472
10733,B00AFCP9FO,1.537491,-6.9e-05,0.033982,-0.280559,0.164457,122
10734,B00AFCPAPI,1.580593,3e-05,0.034935,-0.277157,0.204164,111
10735,B00AFCPBFC,1.458149,-0.000222,0.032228,-0.2773,0.155826,148
10736,B00AFECPAE,1.266799,0.000657,0.027992,-0.293562,0.290686,823
10737,B00AFISVWQ,1.385273,0.000483,0.030614,-0.283232,0.250789,334
10738,B00AFIT9F4,1.348864,-0.000127,0.029813,-0.293521,0.229838,310
10739,B00AFSJWEW,1.58092,0.000496,0.034939,-0.292896,0.20118,151
10740,B00AFSJXHS,1.597881,-0.000345,0.035315,-0.308941,0.209167,232
10741,B00AFSJXKU,1.42016,-3.2e-05,0.031389,-0.264549,0.165233,205
10742,B00AG48B9M,1.183249,0.000359,0.02615,-0.242604,0.284755,2141
10743,B00AG4QCAM,1.123372,0.000109,0.024829,-0.230173,0.26125,1323
10744,B00AGZEG4U,1.457887,0.000475,0.032219,-0.313836,0.204915,167
10745,B00AH4THVM,1.381724,0.000341,0.030538,-0.317755,0.220226,288
10746,B00AH4TI3Y,1.458457,0.000268,0.032234,-0.23661,0.198754,192
10747,B00AH4TJNS,1.496282,0.000512,0.033068,-0.233806,0.192711,175
10748,B00AH4TKEQ,1.433666,0.000551,0.031683,-0.263494,0.191391,212
10749,B00AH4TKNC,1.518404,1.3e-05,0.033561,-0.290019,0.217956,259
10750,B00AH8FASM,1.525034,-6.6e-05,0.033707,-0.300461,0.164616,112
10751,B00AHF1GK6,1.619114,0.000184,0.035786,-0.320761,0.275323,87
10752,B00AHF1GTM,1.63687,0.000139,0.036179,-0.325677,0.274965,90
10753,B00AHH00MO,1.393247,6.7e-05,0.030794,-0.29215,0.263475,483
10754,B00AHH00TC,1.313901,0.000533,0.029036,-0.273953,0.297155,837
10755,B00AHKC7PO,1.381319,0.000413,0.030528,-0.291284,0.200802,177
10756,B00AILKE6G,1.401115,-0.000106,0.030968,-0.346626,0.244601,564
10757,B00AINMFAC,1.195427,0.000487,0.026417,-0.239258,0.285303,823
10758,B00AIQOKDY,1.38813,0.000213,0.03068,-0.285521,0.210112,278
10759,B00AJD0CN8,1.421535,0.000374,0.031417,-0.305837,0.226826,212
10760,B00AJG8JOY,1.302306,0.000522,0.028779,-0.334562,0.25804,1781
10761,B00AK0W10M,1.530768,-0.000194,0.033833,-0.275471,0.218091,373
10762,B00AK4QS7A,1.40012,0.000841,0.030935,-0.281069,0.16575,172
10763,B00AK7NF32,1.421145,0.000739,0.031402,-0.2601,0.211154,190
10764,B00AK7UZBW,1.483028,0.000363,0.032777,-0.309381,0.217111,288
10765,B00AK80OT4,1.294411,-0.000149,0.028609,-0.284877,0.204578,952
10766,B00AKHHPGA,1.602961,0.001192,0.035409,-0.333817,0.256773,127
10767,B00AKHWTK2,1.447574,0.000473,0.031991,-0.329259,0.235499,321
10768,B00AKYYSCM,1.330439,0.000676,0.029398,-0.26811,0.231137,734
10769,B00AKZHC88,1.169234,-0.000235,0.025842,-0.264347,0.185641,596
10770,B00ALB397Y,1.374433,0.000437,0.030375,-0.300716,0.246198,607
10771,B00ALHISAQ,1.728576,0.00032,0.038204,-0.307408,0.189136,46
10772,B00ALV8EJM,1.590961,-0.000549,0.03516,-0.289415,0.170314,94
10773,B00ALV8EJW,1.583244,-0.000649,0.034988,-0.289872,0.170846,98
10774,B00ALV8EKQ,1.517338,-0.000726,0.033529,-0.27389,0.154742,112
10775,B00ALV8EL0,1.609182,-0.000506,0.035563,-0.313974,0.17518,90
10776,B00AM7BSXO,1.392703,0.000279,0.030781,-0.325395,0.227177,499
10777,B00AM8923G,1.60075,2.6e-05,0.035381,-0.320126,0.209522,107
10778,B00AMAWX8A,1.570517,0.000231,0.034712,-0.28859,0.17615,145
10779,B00AMDRB9S,1.303649,0.000629,0.028807,-0.281067,0.170185,280
10780,B00AMKSWXK,1.170916,0.000514,0.025875,-0.249173,0.19127,580
10781,B00AMOLHSS,1.497775,0.000809,0.033095,-0.305706,0.249997,150
10782,B00AMQWQJA,1.135459,0.000553,0.02509,-0.259443,0.208198,1961
10783,B00AMYNT8E,1.558068,0.000475,0.034434,-0.387384,0.215976,381
10784,B00AMYORHQ,1.305225,0.000409,0.028846,-0.322595,0.263127,664
10785,B00AN0QF9W,1.324602,3.6e-05,0.029277,-0.285844,0.212621,350
10786,B00AN44OKA,1.212856,0.000555,0.026801,-0.2747,0.197742,386
10787,B00AN506NI,1.462476,0.001248,0.0323,-0.229943,0.153591,90
10788,B00AN5L8IU,1.524223,1.8e-05,0.033689,-0.311386,0.21521,118
10789,B00AN5L8PS,1.625607,6.2e-05,0.03593,-0.314422,0.189701,116
10790,B00AN9CHY0,1.210538,-0.000259,0.026755,-0.282232,0.22355,611
10791,B00ANAL68M,1.178759,-0.000159,0.026053,-0.259055,0.222347,874
10792,B00ANAPF4S,1.29327,0.00084,0.028572,-0.295979,0.218129,803
10793,B00ANFYEQS,1.191931,0.000702,0.026335,-0.314955,0.221505,1146
10794,B00ANGAQO6,1.29765,0.000404,0.028678,-0.32713,0.265532,1455
10795,B00ANGCCN4,1.255649,0.000618,0.027746,-0.26889,0.235235,1884
10796,B00ANI9YYC,1.483264,-0.000346,0.032782,-0.355649,0.233143,476
10797,B00ANIQPZ8,1.400134,0.000692,0.030939,-0.255736,0.237529,436
10798,B00ANJJUEU,1.214417,0.000739,0.026831,-0.296048,0.21567,1299
10799,B00ANJQ8RC,1.405255,0.000196,0.031059,-0.292855,0.197011,739
10800,B00ANL55Y2,1.298283,0.000197,0.028695,-0.273384,0.236787,498
10801,B00ANL6RDU,1.413758,0.000291,0.031246,-0.276113,0.220244,315
10802,B00ANLG42O,1.23638,0.000572,0.027321,-0.304159,0.22854,867
10803,B00ANTDQL8,1.169474,0.000121,0.025848,-0.238808,0.247099,1047
10804,B00ANTO6YO,1.13835,-7e-06,0.02516,-0.291047,0.226516,1410
10805,B00ANTYSY2,1.192085,0.00082,0.026335,-0.236179,0.255644,1201
10806,B00ANW4LLY,1.126921,0.000154,0.024907,-0.240891,0.24275,1886
10807,B00AO379NE,1.578499,1.2e-05,0.034889,-0.289691,0.188634,93
10808,B00AO4E9DG,1.51488,0.000487,0.033479,-0.291391,0.205305,135
10809,B00AO4E9E0,1.608716,0.000176,0.035556,-0.31453,0.184048,85
10810,B00AO4E9L8,1.652425,0.000893,0.036512,-0.27403,0.171574,67
10811,B00AO4E9MC,1.585334,0.000301,0.035039,-0.26467,0.171814,98
10812,B00AO4EBOI,1.545901,0.000651,0.034162,-0.28277,0.170439,123
10813,B00AO4EKSU,1.615556,0.000102,0.035708,-0.271295,0.189084,81
10814,B00AO4EL34,1.452665,0.000281,0.032106,-0.245642,0.220284,99
10815,B00AO4EMKQ,1.449662,0.000339,0.032039,-0.247329,0.224804,94
10816,B00AO6UKQO,1.488475,0.000293,0.032898,-0.343489,0.208057,230
10817,B00AO6UKTG,1.4816,4e-05,0.032747,-0.311038,0.203912,227
10818,B00AO7AOOG,1.713251,0.00107,0.037852,-0.317448,0.214544,131
10819,B00AOJVI4O,1.318318,0.00073,0.029129,-0.224905,0.18891,205
10820,B00AP1BTZE,1.342447,0.001207,0.029647,-0.259059,0.206845,250
10821,B00APBR9QM,1.193481,0.000547,0.026373,-0.244757,0.21337,372
10822,B00APR6X0E,1.378257,0.000445,0.03046,-0.230186,0.155942,126
10823,B00APRB5P2,1.355275,0.000409,0.029952,-0.307992,0.251625,515
10824,B00APV7OWG,1.360597,0.000223,0.030072,-0.460384,0.238586,1515
10825,B00AQ8JY3U,1.333407,-0.000295,0.02947,-0.262752,0.242056,354
10826,B00AQ8NIC8,1.356305,0.000189,0.029977,-0.282915,0.218147,369
10827,B00AQ9JIDK,1.518345,0.000312,0.033558,-0.357547,0.265486,365
10828,B00AQ9QMQG,1.403241,0.000288,0.031014,-0.279671,0.274735,423
10829,B00AQ9RTBS,1.407563,0.000303,0.031109,-0.27788,0.271602,421
10830,B00AQBDZLE,1.368495,9.2e-05,0.030247,-0.242726,0.167146,175
10831,B00AQBGBJC,1.31603,0.000656,0.02908,-0.253651,0.161255,173
10832,B00AQCYNPU,1.57023,0.000928,0.034694,-0.34216,0.327858,337
10833,B00AQGB7AU,1.414961,-5.7e-05,0.031274,-0.332412,0.237481,1275
10834,B00AQH09DK,1.374781,0.000488,0.030382,-0.237351,0.16441,155
10835,B00AQH9F8U,1.299536,8.6e-05,0.028723,-0.251182,0.161934,176
10836,B00AQHE87S,1.270986,0.000237,0.028091,-0.245439,0.149458,172
10837,B00AQHKCGE,1.348487,0.000557,0.0298,-0.27206,0.152221,157
10838,B00AQX87M4,1.254615,0.000648,0.027723,-0.236361,0.261315,985
10839,B00AQZUO28,1.2868,0.000374,0.028439,-0.254171,0.18828,467
10840,B00AR03HRG,1.240862,0.000338,0.027424,-0.306612,0.268872,1404
10841,B00ARBCWYY,1.307176,0.000343,0.02889,-0.283966,0.252472,478
10842,B00ARBW5KU,1.42702,0.00021,0.03154,-0.306693,0.211544,319
10843,B00ARCQHBC,1.546107,0.000954,0.034159,-0.261266,0.191213,80
10844,B00AREI3BC,1.3556,0.000359,0.02996,-0.302396,0.212102,253
10845,B00AREI3S0,1.368173,0.000299,0.030239,-0.304912,0.255402,329
10846,B00AREI4FC,1.409097,0.000393,0.031142,-0.323059,0.251109,418
10847,B00AREI4U2,1.37152,0.000187,0.030313,-0.27468,0.201652,267
10848,B00AREI6DC,1.387144,0.000478,0.030656,-0.303881,0.239659,351
10849,B00AREI6SM,1.236777,0.000377,0.027333,-0.251629,0.153949,282
10850,B00ARQU8R2,1.53026,0.00096,0.033809,-0.23195,0.218594,105
10851,B00ARTK9NW,1.544184,-0.000105,0.03413,-0.305336,0.178792,131
10852,B00ARX8GGA,1.619404,3.5e-05,0.035793,-0.265282,0.184203,169
10853,B00ARX8SF4,1.624352,0.000282,0.035901,-0.273244,0.174176,157
10854,B00ARX98R6,1.508439,0.000284,0.033339,-0.232852,0.189321,183
10855,B00ARX9X6M,1.584268,0.000585,0.035011,-0.261221,0.18077,162
10856,B00AS5GHKO,1.269949,0.000479,0.028065,-0.318436,0.231525,1049
10857,B00ATDTYNM,1.61849,0.001336,0.035748,-0.298696,0.171793,128
10858,B00ATDTYS2,1.188641,0.000773,0.026261,-0.256175,0.18106,566
10859,B00ATDTYX2,1.65544,0.001363,0.036564,-0.300256,0.173098,125
10860,B00ATDTZ0Y,1.565437,0.001547,0.034565,-0.326593,0.201735,211
10861,B00ATFJ8NQ,1.216669,0.000272,0.02689,-0.265872,0.209807,791
10862,B00ATRYAFK,1.38231,0.000242,0.030552,-0.314724,0.235529,413
10863,B00ATWDTIE,1.336101,0.000432,0.029528,-0.283386,0.233169,507
10864,B00ATY942M,1.326158,0.000353,0.029309,-0.295019,0.22649,309
10865,B00AU55L2M,1.185686,0.000181,0.026206,-0.257787,0.234104,1347
10866,B00AU82TP6,1.423316,0.000139,0.031458,-0.331426,0.191783,284
10867,B00AU8SXII,1.374243,-0.00021,0.030373,-0.259543,0.210491,269
10868,B00AU9DFIK,1.478434,0.001456,0.032645,-0.332572,0.201836,238
10869,B00AU9P2AO,1.18675,0.000321,0.026228,-0.254049,0.163538,280
10870,B00AUDXILU,1.453144,0.000164,0.032118,-0.297288,0.262262,362
10871,B00AUFS12O,1.166061,0.000448,0.025769,-0.239651,0.25051,691
10872,B00AUFS3L8,1.366293,0.000996,0.030182,-0.282756,0.262164,360
10873,B00AUFS8I6,1.356443,0.000472,0.029977,-0.285347,0.309325,540
10874,B00AUFSOU8,1.250248,0.00085,0.02762,-0.251014,0.245415,585
10875,B00AUH172S,1.51235,-0.000143,0.033426,-0.266134,0.170124,198
10876,B00AUV77TG,1.755725,9.8e-05,0.038806,-0.344063,0.238881,258
10877,B00AUV9GH2,1.637114,-8.8e-05,0.036184,-0.262427,0.18631,232
10878,B00AUVJ8W0,1.448307,0.000451,0.032008,-0.326569,0.210698,375
10879,B00AUVPOLO,1.622685,0.000438,0.035863,-0.274159,0.163864,141
10880,B00AV1IJME,1.422265,0.000531,0.031431,-0.307976,0.279111,393
10881,B00AVP37G8,1.30393,0.00034,0.028818,-0.253681,0.259849,414
10882,B00AVQ0JI6,1.321404,7.8e-05,0.029206,-0.248705,0.172165,193
10883,B00AVUDDC6,1.341818,0.000539,0.029653,-0.285538,0.26624,1501
10884,B00AVUDDJO,1.446019,0.00014,0.03196,-0.233144,0.17052,228
10885,B00AVUDDRQ,1.440602,0.00014,0.031841,-0.240134,0.162665,232
10886,B00AVUDTW0,1.391086,0.00051,0.030742,-0.27731,0.285543,408
10887,B00AVUE1S6,1.294037,0.000535,0.028596,-0.25459,0.219556,343
10888,B00AVWJQWK,1.404334,0.000329,0.031038,-0.309935,0.254783,724
10889,B00AVWJROM,1.565184,0.000358,0.034593,-0.23311,0.163077,66
10890,B00AVWJUA8,1.279369,0.00027,0.028276,-0.262937,0.217504,749
10891,B00AWCNF9O,1.299681,0.000517,0.028722,-0.266203,0.179846,346
10892,B00AWD5B9K,1.389872,7.6e-05,0.03072,-0.26034,0.221991,248
10893,B00AWDVQAS,1.232996,0.000725,0.027243,-0.265433,0.259566,1111
10894,B00AWLB9EI,1.632581,-0.000215,0.036083,-0.30096,0.189035,75
10895,B00AWLB9G6,1.712618,-0.00017,0.037853,-0.279843,0.182135,80
10896,B00AWLB9I4,1.702237,5e-05,0.037624,-0.279241,0.174367,87
10897,B00AWLBACE,1.44212,0.000491,0.031871,-0.240738,0.203801,90
10898,B00AWLBAE2,1.584957,-0.000143,0.035031,-0.288425,0.147459,91
10899,B00AWR9CUU,1.344528,-8.3e-05,0.029717,-0.372102,0.261623,571
10900,B00AWXC2XS,1.469228,0.001216,0.032451,-0.2358,0.185063,204
10901,B00AXDCVB0,1.430399,0.000286,0.031614,-0.356264,0.267243,1005
10902,B00AXF3LN0,1.428074,-0.000647,0.031557,-0.307261,0.184019,168
10903,B00AXL7YH8,1.420467,-0.00014,0.031396,-0.328987,0.252435,365
10904,B00AXRBAEA,1.216961,0.000504,0.026893,-0.224191,0.277675,677
10905,B00AXRD8BS,1.335568,0.00061,0.029513,-0.295236,0.224641,782
10906,B00AXSCX5O,1.362791,0.000687,0.030113,-0.32337,0.209275,562
10907,B00AXSQCGK,1.289513,0.000563,0.028496,-0.311443,0.236281,1550
10908,B00AXZ027S,1.176396,-1.8e-05,0.026001,-0.264468,0.220938,1365
10909,B00AY49DR8,1.360123,0.000802,0.030051,-0.262587,0.174408,628
10910,B00AY90J1C,1.214348,0.000586,0.026834,-0.290726,0.203219,597
10911,B00AYARK2C,1.234086,0.000492,0.027272,-0.248618,0.184512,1002
10912,B00AYCOLMC,1.438474,0.000692,0.031786,-0.287526,0.296176,526
10913,B00AYEPE6C,1.135331,0.000137,0.025093,-0.233461,0.236481,598
10914,B00AYLYDIK,1.296962,0.000348,0.028664,-0.302536,0.250825,387
10915,B00AYLYETS,1.31309,0.000366,0.02902,-0.308671,0.274761,878
10916,B00AYOHWQW,1.214664,0.000479,0.026843,-0.25655,0.227485,762
10917,B00AYSXBPO,1.427146,0.000158,0.031543,-0.325522,0.232776,291
10918,B00AYWN8OY,1.32309,0.000229,0.029243,-0.28189,0.260911,572
10919,B00AYZLWBM,1.465551,0.000393,0.03239,-0.373845,0.256999,454
10920,B00AYZOFS4,1.347404,0.00051,0.029777,-0.294981,0.237806,556
10921,B00AZ0FJB0,1.443689,-3.1e-05,0.031909,-0.362564,0.229622,360
10922,B00AZ1TZ3W,1.276273,-0.000315,0.028207,-0.294755,0.181802,3630
10923,B00AZ73YSS,1.614587,2.2e-05,0.035686,-0.291826,0.187956,174
10924,B00AZBSBUU,1.265519,0.000231,0.02797,-0.228737,0.170811,259
10925,B00AZBSPQA,1.299115,0.000115,0.028713,-0.222445,0.17453,263
10926,B00AZBTUNC,1.349515,0.000227,0.029827,-0.253874,0.189823,263
10927,B00AZBUAP4,1.343913,0.000202,0.029703,-0.256406,0.191258,263
10928,B00AZBVKAS,1.269056,-8.7e-05,0.028049,-0.224341,0.166011,255
10929,B00AZBWA5W,1.209485,0.000158,0.026732,-0.216926,0.176802,294
10930,B00AZBWPSO,1.290676,-9.7e-05,0.028527,-0.218391,0.173427,236
10931,B00AZBXBGE,1.324183,0.000212,0.029267,-0.255647,0.178387,268
10932,B00AZF9196,1.426642,0.000306,0.031531,-0.36755,0.272564,883
10933,B00AZG2H78,1.502412,0.000453,0.033204,-0.311254,0.204142,232
10934,B00AZH24E8,1.267953,0.000848,0.028012,-0.242593,0.205897,826
10935,B00AZIZHU0,1.393537,0.000326,0.030799,-0.300227,0.211279,237
10936,B00AZIZJIA,1.307612,0.000225,0.028901,-0.293731,0.230157,328
10937,B00AZIZSOU,1.404052,0.000112,0.031033,-0.259533,0.159691,108
10938,B00AZIZUD4,1.374506,-6.9e-05,0.03038,-0.250254,0.146535,128
10939,B00AZJ009M,1.33368,0.000339,0.029476,-0.276736,0.324383,695
10940,B00AZOTTPS,1.313558,0.000259,0.029032,-0.275312,0.178902,219
10941,B00AZRGH64,1.31252,0.001355,0.028978,-0.209766,0.155755,121
10942,B00AZSNW3E,1.380462,0.001365,0.030481,-0.215292,0.152824,128
10943,B00AZY5PT2,1.224862,0.000543,0.027067,-0.239951,0.196395,667
10944,B00AZYF90C,1.564234,0.000756,0.034565,-0.259152,0.168397,116
10945,B00B0GOSNI,1.472433,0.000515,0.03254,-0.333273,0.237066,284
10946,B00B0JPSRK,1.527626,0.000549,0.03376,-0.358373,0.235876,254
10947,B00B0JW968,1.394521,0.000712,0.030814,-0.300115,0.228048,365
10948,B00B0LKBPW,1.168214,0.000413,0.025817,-0.27425,0.267791,971
10949,B00B0MIVKS,1.377204,-5.8e-05,0.03044,-0.359858,0.195272,449
10950,B00B0QJC6Q,1.313298,0.000391,0.029025,-0.289349,0.249465,763
10951,B00B0UFWXO,1.356407,0.000813,0.029969,-0.258976,0.205442,289
10952,B00B0ZQWH4,1.393313,0.000267,0.030795,-0.253105,0.2017,302
10953,B00B118D6A,1.516053,0.000134,0.033508,-0.310447,0.197588,120
10954,B00B187C9M,1.167815,-0.000101,0.025811,-0.267423,0.19954,1105
10955,B00B18C2RE,1.252683,-1.6e-05,0.027687,-0.247498,0.302305,645
10956,B00B18C3NW,1.207839,0.000215,0.026695,-0.235367,0.268858,806
10957,B00B1DRA94,1.421158,0.000425,0.031408,-0.297076,0.302024,551
10958,B00B1DSBSI,1.387449,0.000482,0.030662,-0.281368,0.282363,460
10959,B00B1IV2A2,1.099062,0.000254,0.024291,-0.243746,0.177229,1600
10960,B00B1KM1XM,1.344436,0.000403,0.029713,-0.30081,0.192077,251
10961,B00B1M0XCG,1.549782,0.000624,0.034248,-0.351078,0.279275,352
10962,B00B1MQUNC,1.195741,-0.000298,0.026427,-0.313726,0.235819,1116
10963,B00B1N6TSC,1.288809,0.000348,0.028484,-0.237962,0.163988,199
10964,B00B1O8AYC,1.290253,0.000417,0.028515,-0.296115,0.296391,572
10965,B00B1OOZU0,1.623831,-0.00014,0.03589,-0.405788,0.26146,375
10966,B00B1T1KGC,1.665573,-0.000269,0.036812,-0.34349,0.222021,86
10967,B00B1U577Y,1.560252,0.000585,0.03448,-0.359306,0.291402,352
10968,B00B1UAC10,1.48766,0.000331,0.032879,-0.348423,0.274486,343
10969,B00B1ZI2HQ,1.393717,0.000164,0.030804,-0.288,0.233978,202
10970,B00B1ZPFT4,1.585906,0.000877,0.035041,-0.259816,0.186748,151
10971,B00B1ZRTP2,1.566833,0.000838,0.034621,-0.232142,0.176042,153
10972,B00B215GZK,1.340405,0.000103,0.029626,-0.290087,0.194015,326
10973,B00B22BC3O,1.585833,-7.3e-05,0.035051,-0.35215,0.189432,137
10974,B00B22BCGQ,1.603253,0.000328,0.035434,-0.28354,0.157298,77
10975,B00B22BCJS,1.687016,-0.000218,0.037287,-0.348499,0.20515,119
10976,B00B22BCK2,1.465021,0.000206,0.03238,-0.250038,0.164098,108
10977,B00B2B2VGW,1.333405,0.000269,0.02947,-0.305347,0.188246,483
10978,B00B2CEHAO,1.679955,0.000563,0.037127,-0.31055,0.292965,108
10979,B00B2FXLSA,1.456609,0.000361,0.032193,-0.30077,0.193223,212
10980,B00B2G03K8,1.402465,0.000353,0.030996,-0.335561,0.256567,872
10981,B00B2JUSSW,1.254457,0.000422,0.027723,-0.251837,0.282988,616
10982,B00B2WU9HO,1.32003,0.000535,0.029171,-0.242137,0.181918,322
10983,B00B33Y2JI,1.431518,0.000652,0.031633,-0.216242,0.176866,133
10984,B00B3622MY,1.207704,0.000103,0.026693,-0.171669,0.14926,164
10985,B00B3MGWTM,1.181978,0.000355,0.026122,-0.264374,0.26693,1337
10986,B00B3MJXSE,1.139809,0.000238,0.025191,-0.266035,0.268826,1448
10987,B00B3TNLJE,1.41284,0.000382,0.031225,-0.283745,0.271299,294
10988,B00B3TXURC,1.385969,0.000409,0.030631,-0.28925,0.275762,297
10989,B00B3XZ76A,1.180886,0.000396,0.026098,-0.261013,0.237543,864
10990,B00B4C35IW,1.808947,0.000121,0.039982,-0.246296,0.151196,31
10991,B00B4CYVBC,1.75063,-2.2e-05,0.038693,-0.324121,0.23712,222
10992,B00B4IGQRI,1.303894,-0.000229,0.028818,-0.272848,0.196311,350
10993,B00B4LKGIK,1.342612,0.00047,0.029671,-0.311118,0.190003,442
10994,B00B4LKHCK,1.27357,0.000396,0.028146,-0.270677,0.217075,586
10995,B00B4YVU4G,1.575682,8.5e-05,0.034826,-0.250304,0.189913,200
10996,B00B4YY1GU,1.559374,0.000172,0.034466,-0.252541,0.193986,186
10997,B00B53KQDW,1.141322,0.000651,0.025218,-0.269747,0.218032,1540
10998,B00B57TCA6,1.372487,0.000156,0.030335,-0.281362,0.191949,307
10999,B00B594L2S,1.416442,0.00073,0.031298,-0.278558,0.205366,265
11000,B00B5IJ79Q,1.565597,0.001068,0.034587,-0.28149,0.197889,146
11001,B00B5LOQZI,1.27752,0.000283,0.028235,-0.256421,0.274852,508
11002,B00B5PFRPW,1.354572,0.001139,0.029918,-0.259571,0.248205,479
11003,B00B65NASW,1.440925,0.000144,0.031848,-0.336286,0.322775,592
11004,B00B6661XM,1.195673,0.000249,0.026426,-0.280784,0.206824,575
11005,B00B6K5X32,1.19459,0.00043,0.0264,-0.240159,0.225949,2098
11006,B00B7MUJR4,1.189198,0.000151,0.026284,-0.239347,0.241026,774
11007,B00B7N7CTQ,1.612762,0.00042,0.035644,-0.247182,0.182969,223
11008,B00B7UQXLC,1.310021,0.000567,0.028949,-0.261392,0.259242,599
11009,B00B7UT0K8,1.259864,0.000282,0.027845,-0.24171,0.23556,572
11010,B00B7UUTTE,1.29495,0.000232,0.028621,-0.250681,0.240962,537
11011,B00B7ZFMA0,1.296934,8.7e-05,0.028665,-0.29746,0.186284,271
11012,B00B81XR1Y,1.345085,0.000544,0.029725,-0.319353,0.245642,501
11013,B00B83G0OS,1.085478,0.000359,0.023989,-0.250587,0.179821,1970
11014,B00B83H62I,1.118017,0.00028,0.024709,-0.258655,0.193359,1971
11015,B00B83I86G,1.116264,0.00032,0.02467,-0.265059,0.192248,1943
11016,B00B83LNWC,1.12002,0.00031,0.024753,-0.262577,0.190781,1941
11017,B00B83SVFY,1.117482,0.00028,0.024698,-0.263754,0.19235,1970
11018,B00B83TVS0,1.121885,0.000256,0.024795,-0.259589,0.195956,1942
11019,B00B83V0HK,1.122238,0.000288,0.024803,-0.263569,0.193453,1968
11020,B00B83VXYK,1.092776,0.000323,0.024151,-0.247483,0.179328,1969
11021,B00B840UKW,1.107732,0.000352,0.024481,-0.257052,0.189453,1942
11022,B00B868SK4,1.249448,8.9e-05,0.027616,-0.330421,0.200239,959
11023,B00B8KWFJU,1.32561,0.000192,0.029299,-0.267335,0.205751,311
11024,B00B8P5CTA,1.327187,0.000507,0.02933,-0.376921,0.189308,509
11025,B00B8T3Y0U,1.299885,0.0002,0.02873,-0.251994,0.215666,398
11026,B00B8U6F6E,1.390598,0.00056,0.030731,-0.290138,0.223261,241
11027,B00B8U78LU,1.28287,0.000591,0.028348,-0.328633,0.24761,1390
11028,B00B8U86CA,1.758188,0.000691,0.038854,-0.336935,0.271016,131
11029,B00B8UIERM,1.556942,0.000573,0.034408,-0.265513,0.193889,135
11030,B00B8UIQU2,1.550413,0.001201,0.034247,-0.378887,0.295187,434
11031,B00B8Z2LRQ,1.471252,-0.000244,0.032517,-0.319365,0.23997,281
11032,B00B97BCHI,1.354044,3.4e-05,0.029928,-0.277821,0.224862,425
11033,B00B99O5WK,1.283077,-0.000629,0.028352,-0.253809,0.288387,673
11034,B00B9FU21M,1.433815,0.000805,0.031681,-0.338463,0.213753,455
11035,B00B9QUDZG,1.227796,0.00073,0.027128,-0.305988,0.265423,2053
11036,B00B9UE8P8,1.341652,5.5e-05,0.029654,-0.30976,0.22734,455
11037,B00BA09EJ2,1.284107,-0.00015,0.028382,-0.277655,0.199778,508
11038,B00BAK7JTE,1.369524,0.000104,0.03027,-0.287551,0.22514,293
11039,B00BAVOZYK,1.3683,0.000513,0.030238,-0.28893,0.235082,369
11040,B00BAVQZ5W,1.360879,0.000536,0.030074,-0.291777,0.238012,370
11041,B00BAY4DY4,1.371032,0.000651,0.030296,-0.296899,0.227487,355
11042,B00BAY5T1K,1.355709,0.000632,0.029958,-0.287428,0.226245,357
11043,B00BAZ60Y4,1.25898,1e-05,0.027827,-0.240281,0.19934,398
11044,B00BAZ7Y6M,1.402668,0.000125,0.031002,-0.278947,0.203248,229
11045,B00BB17Y1K,1.426308,0.000124,0.031525,-0.327925,0.21305,275
11046,B00BB3K2QW,1.251204,1e-05,0.027655,-0.291736,0.195597,429
11047,B00BB3K3JS,1.33356,5e-06,0.029475,-0.326212,0.200817,385
11048,B00BB5YHFC,1.432293,0.000219,0.031656,-0.239874,0.166914,112
11049,B00BB5YHFW,1.567401,0.000491,0.03464,-0.268484,0.173819,101
11050,B00BB8ZHIU,1.649946,0.00033,0.036466,-0.301967,0.218645,110
11051,B00BB8ZHJE,1.65411,0.000293,0.036559,-0.312974,0.203125,108
11052,B00BB8ZHJY,1.637822,0.00033,0.036198,-0.335158,0.223466,113
11053,B00BB8ZIQQ,1.605334,0.00022,0.035481,-0.302488,0.180756,101
11054,B00BB8ZIRK,1.333571,0.000215,0.029474,-0.277642,0.274039,556
11055,B00BB8ZIW0,1.683566,0.001028,0.037197,-0.314213,0.200247,115
11056,B00BB8ZJPG,1.33155,0.000235,0.02943,-0.312235,0.247803,590
11057,B00BB9WBC4,1.313602,-0.000135,0.029034,-0.253628,0.27493,743
11058,B00BBCXHP6,1.329736,0.001009,0.029373,-0.282861,0.199091,1079
11059,B00BBD508C,1.331486,-0.000382,0.029427,-0.306486,0.284495,1523
11060,B00BBKYIAG,1.214378,0.000706,0.026831,-0.307412,0.259479,1124
11061,B00BC3AUMW,1.48244,0.001046,0.032749,-0.278945,0.187961,153
11062,B00BC3GVCA,1.591048,0.000631,0.03516,-0.343775,0.1777,155
11063,B00BC3YL2W,1.330811,0.00016,0.029414,-0.303108,0.186208,237
11064,B00BC9QI1S,1.267154,0.000678,0.027999,-0.266288,0.172827,533
11065,B00BCAQJZW,1.250497,0.000832,0.027627,-0.29029,0.241878,1774
11066,B00BCBSJG8,1.247484,0.000364,0.02757,-0.263328,0.262577,612
11067,B00BCHGD6K,1.285982,0.000632,0.028416,-0.277777,0.23679,493
11068,B00BCK29KQ,1.270798,0.000615,0.028081,-0.256331,0.193751,250
11069,B00BCMNTPS,1.193923,8.7e-05,0.026389,-0.265532,0.167145,626
11070,B00BCRO55Q,1.48214,0.000526,0.032755,-0.33281,0.189708,177
11071,B00BCX34YI,1.387314,0.000896,0.03065,-0.280872,0.238468,443
11072,B00BCX5O3C,1.629426,0.000627,0.036009,-0.334199,0.199892,252
11073,B00BCX7KUC,1.423035,0.000845,0.031441,-0.299801,0.259564,452
11074,B00BD3R1S2,1.26872,5e-05,0.028042,-0.240315,0.189113,1175
11075,B00BD822BI,1.280811,0.000148,0.028309,-0.272949,0.200093,1813
11076,B00BDJFLT2,1.415132,-0.000289,0.031277,-0.290283,0.262478,475
11077,B00BDM80ZQ,1.387284,0.000448,0.030659,-0.281944,0.221698,329
11078,B00BE2OKXQ,1.191247,0.000298,0.026328,-0.318189,0.221331,1039
11079,B00BE6EAKK,1.567193,-6.6e-05,0.034639,-0.32248,0.198433,202
11080,B00BEGEQKE,1.092036,0.000802,0.024123,-0.24851,0.233758,606
11081,B00BEIJCLA,1.320371,-4.5e-05,0.029183,-0.313074,0.239292,958
11082,B00BETYXV8,1.252694,0.000709,0.027679,-0.247346,0.190064,477
11083,B00BEUB15S,1.648728,0.000289,0.03644,-0.336878,0.200302,89
11084,B00BEWW7AO,1.3521,2.4e-05,0.029885,-0.312866,0.248827,477
11085,B00BF27PGY,1.471462,0.000629,0.032517,-0.26405,0.199751,206
11086,B00BF67OSY,1.419848,0.000883,0.03137,-0.325617,0.231558,353
11087,B00BFFQMBA,1.171952,-0.000226,0.025902,-0.242989,0.19134,1798
11088,B00BFM3HRU,1.279524,0.00063,0.028274,-0.258273,0.309314,620
11089,B00BFTYX3K,1.604383,0.000523,0.035457,-0.261307,0.153252,136
11090,B00BFYJPUG,1.295394,0.000161,0.028631,-0.223769,0.152798,219
11091,B00BG4MI3Q,1.460697,8.4e-05,0.032285,-0.295793,0.197611,178
11092,B00BGAO4QE,1.405188,0.000556,0.031053,-0.282492,0.279488,293
11093,B00BGAOJGY,1.415294,0.000549,0.031277,-0.278911,0.277176,297
11094,B00BGBUQXS,1.300374,0.000813,0.02873,-0.293149,0.227106,552
11095,B00BGCX63O,1.356278,0.000872,0.029964,-0.274424,0.179879,188
11096,B00BHLNV34,1.107371,0.000441,0.024472,-0.222018,0.231269,1239
11097,B00BHRC7R4,1.242019,0.000432,0.027448,-0.314429,0.238157,1243
11098,B00BI4C8M0,1.264373,0.000418,0.027943,-0.300122,0.256771,702
11099,B00BIAKTMU,1.396164,0.000672,0.030851,-0.23512,0.160911,133
11100,B00BIAPEV6,1.393669,0.000887,0.030791,-0.239701,0.167342,150
11101,B00BIAQ730,1.550716,0.000359,0.034273,-0.280922,0.16554,134
11102,B00BIFWYTG,1.71798,-0.000139,0.037971,-0.327347,0.234329,222
11103,B00BISIMYO,1.20377,0.00055,0.026601,-0.260384,0.203446,531
11104,B00BJ0QHFW,1.5611,0.000473,0.034501,-0.361457,0.26835,334
11105,B00BJ58020,1.263598,0.000449,0.027925,-0.362911,0.273188,580
11106,B00BJ6BH6K,1.498743,0.000874,0.033114,-0.274633,0.244271,178
11107,B00BJS9JEK,1.597348,0.000474,0.035302,-0.281047,0.188709,172
11108,B00BJSAJNA,1.597137,0.000528,0.035297,-0.285985,0.196243,166
11109,B00BK5XNKS,1.172817,0.000599,0.025915,-0.274978,0.217521,723
11110,B00BKDNYI6,1.196756,-0.000223,0.02645,-0.287306,0.224085,1930
11111,B00BKFI9I4,1.181983,-0.000188,0.026124,-0.267871,0.26169,1148
11112,B00BKH3Q58,1.618887,0.000962,0.035768,-0.25679,0.209324,140
11113,B00BKH9HRE,1.515162,0.0006,0.033483,-0.226001,0.220287,152
11114,B00BKHEFNA,1.615792,0.000685,0.035706,-0.256123,0.221603,154
11115,B00BKHN67Q,1.52781,0.000934,0.033755,-0.229334,0.173531,162
11116,B00BKNYCAU,1.415729,0.000841,0.03128,-0.330098,0.238044,449
11117,B00BKOL53Q,1.188774,0.000226,0.026274,-0.28012,0.22589,1999
11118,B00BKONH5U,1.158244,0.000266,0.025599,-0.274123,0.213268,1981
11119,B00BKSPQNW,1.37051,0.00056,0.030287,-0.357974,0.193864,446
11120,B00BKUHH50,1.413961,0.000586,0.031247,-0.280891,0.287466,289
11121,B00BKUHIO0,1.409762,0.000502,0.031155,-0.284886,0.280952,294
11122,B00BKUHJ0S,1.403835,0.000486,0.031024,-0.277575,0.278633,294
11123,B00BKUHK98,1.425993,0.000639,0.031512,-0.279929,0.28097,289
11124,B00BLA2ETS,1.356591,0.001058,0.029965,-0.297005,0.229834,328
11125,B00BLDCXOQ,1.281175,-0.000275,0.028316,-0.269412,0.209559,1956
11126,B00BLF99H8,1.279236,6.1e-05,0.028274,-0.269418,0.241198,346
11127,B00BM1WKT0,1.500976,0.001407,0.033145,-0.336079,0.189417,219
11128,B00BM4GG9C,1.505172,-0.000187,0.033268,-0.25593,0.202948,260
11129,B00BM8Q95Y,1.5153,0.000505,0.033488,-0.285133,0.193248,102
11130,B00BMHBKDG,1.401903,0.00028,0.030984,-0.316133,0.233716,420
11131,B00BMIY7F8,1.424489,0.000545,0.03148,-0.350112,0.256649,666
11132,B00BMMI1I8,1.321604,-0.000115,0.02921,-0.281337,0.186765,312
11133,B00BMS56QM,1.479327,0.000366,0.032695,-0.298434,0.194301,176
11134,B00BMUXQ6W,1.273698,0.000812,0.02814,-0.316269,0.280832,511
11135,B00BMVNMTM,1.619273,0.000525,0.035786,-0.36657,0.243274,215
11136,B00BMVV3MK,1.52492,0.000514,0.033701,-0.336161,0.221296,222
11137,B00BMW24TU,1.458192,0.000433,0.032227,-0.308597,0.179925,212
11138,B00BN1MP5S,1.592876,-0.000214,0.035206,-0.348067,0.222667,229
11139,B00BN1MPPS,1.39819,0.000705,0.030895,-0.288493,0.212985,333
11140,B00BNB35RA,1.62887,0.00032,0.036001,-0.354319,0.229536,155
11141,B00BNRV6JS,1.468845,0.000677,0.032458,-0.322378,0.197728,150
11142,B00BNTTD8C,1.504506,0.000331,0.033252,-0.326051,0.205341,191
11143,B00BOBKSLK,1.16098,-9e-05,0.02566,-0.281388,0.182671,760
11144,B00BOF34N0,1.229939,0.000321,0.027183,-0.304103,0.174169,781
11145,B00BOI0OV2,1.17131,0.000408,0.025886,-0.281598,0.28336,1563
11146,B00BP4VFUO,1.524304,0.0009,0.033679,-0.292377,0.237893,134
11147,B00BPDFQK0,1.383208,0.000513,0.030568,-0.265352,0.29334,465
11148,B00BPJ139C,1.319365,0.000765,0.029151,-0.263968,0.216094,279
11149,B00BPUAUB8,1.338277,0.000132,0.029579,-0.287633,0.234337,657
11150,B00BPV3MH6,1.141174,0.000228,0.025222,-0.251456,0.229596,1526
11151,B00BQ76XK2,1.15807,0.000376,0.025593,-0.268813,0.241624,1309
11152,B00BQMIGTI,1.265046,0.000935,0.027945,-0.261828,0.211273,376
11153,B00BQUALCA,1.310154,6.3e-05,0.028958,-0.317948,0.245424,897
11154,B00BQUAORC,1.35158,0.000444,0.02987,-0.306741,0.263921,942
11155,B00BQYYMN0,1.380437,5.4e-05,0.030511,-0.27439,0.234709,385
11156,B00BR017UE,1.401227,0.000139,0.03097,-0.297822,0.211055,205
11157,B00BR3WTBM,1.437437,0.000199,0.03177,-0.260541,0.169905,174
11158,B00BRGR752,1.396618,0.000975,0.030853,-0.312136,0.251555,625
11159,B00BRGUNV2,1.446026,0.000324,0.031959,-0.278051,0.157432,79
11160,B00BROQU8Y,1.343151,0.000544,0.029682,-0.300549,0.212422,408
11161,B00BRUS5T0,1.525622,0.000782,0.033711,-0.288498,0.240135,262
11162,B00BRW1AFO,1.496989,-5.8e-05,0.033087,-0.222553,0.178879,272
11163,B00BRW8D4U,1.326883,0.000368,0.029325,-0.288931,0.273862,1241
11164,B00BRWA92Y,1.389964,0.000422,0.030719,-0.361295,0.223833,552
11165,B00BRXTM7Q,1.328527,0.000502,0.029359,-0.300726,0.215487,437
11166,B00BSG5YUG,1.250647,0.000732,0.027633,-0.300061,0.259413,1307
11167,B00BSKJ6AG,1.206299,0.00032,0.02666,-0.25898,0.182802,1228
11168,B00BSKU6OG,1.364149,0.000359,0.030149,-0.323503,0.267286,864
11169,B00BSN2MJU,1.29717,0.000735,0.028661,-0.252925,0.212302,434
11170,B00BSPVDE8,1.333796,0.000227,0.029479,-0.286441,0.188655,412
11171,B00BSU7H5W,1.232459,4.2e-05,0.02724,-0.276488,0.254626,742
11172,B00BT8XWAW,1.376625,0.000298,0.030425,-0.28017,0.211648,266
11173,B00BT9TWCI,1.433822,0.000435,0.031688,-0.263463,0.168473,183
11174,B00BTFKGNG,1.34083,0.000457,0.029632,-0.261305,0.198691,442
11175,B00BTISDW4,1.378339,0.000615,0.030458,-0.309468,0.234606,392
11176,B00BTNKRIM,1.588096,0.000101,0.035101,-0.363493,0.248061,325
11177,B00BUJU79Y,1.184639,0.000494,0.026179,-0.256313,0.224729,1037
11178,B00BUMDR1Q,1.366476,0.000363,0.0302,-0.344688,0.227621,739
11179,B00BUSYXJU,1.495966,0.000498,0.033061,-0.352841,0.250773,445
11180,B00BV5EW8Y,1.33059,0.000462,0.029406,-0.343425,0.203027,944
11181,B00BV5EX88,1.347419,-9e-06,0.029781,-0.346203,0.249982,828
11182,B00BVGWL2W,1.401065,-0.000121,0.030967,-0.275561,0.154065,119
11183,B00BVKL08E,1.403771,7.7e-05,0.031027,-0.295195,0.219079,262
11184,B00BVSA1AY,1.304254,0.000473,0.028823,-0.29205,0.206085,442
11185,B00BW5TKHQ,1.33228,0.000486,0.029443,-0.345881,0.198108,627
11186,B00BWB3YTA,1.109964,0.000393,0.02453,-0.282777,0.216867,1761
11187,B00BX7DGIC,1.427942,0.000592,0.031556,-0.333696,0.256324,553
11188,B00BXKET7G,1.195744,0.000733,0.026419,-0.23084,0.204525,755
11189,B00BXL10Y0,1.299907,-0.000114,0.028731,-0.271239,0.250936,2103
11190,B00BXS0IKU,1.438756,0.000922,0.031787,-0.249493,0.173175,151
11191,B00BXS0LPW,1.381196,0.001314,0.0305,-0.358863,0.316973,1281
11192,B00BYE9Y0I,1.568785,0.000498,0.03467,-0.31626,0.231468,186
11193,B00BZ1QN2C,1.42857,-2e-06,0.031575,-0.269733,0.198531,274
11194,B00BZ4QDW4,1.219194,0.000148,0.026947,-0.274472,0.197301,1360
11195,B00BZBFYLS,1.339957,0.000794,0.029606,-0.320945,0.274788,616
11196,B00C0C6CNA,1.477556,-0.000408,0.032655,-0.372206,0.243478,1752
11197,B00C0CVAY6,1.092626,0.000127,0.024149,-0.241169,0.217227,1698
11198,B00C0HF1J6,1.211531,0.000259,0.026777,-0.313948,0.215687,1384
11199,B00C0UQRHS,1.329842,0.000114,0.029393,-0.246459,0.235346,1600
11200,B00C0Z5CYW,1.270104,0.000564,0.028067,-0.273467,0.262915,1781
11201,B00C1006ZG,1.171202,1.4e-05,0.025886,-0.252355,0.302678,1966
11202,B00C1EX99C,1.308847,0.000833,0.028917,-0.240872,0.149985,208
11203,B00C1F13CQ,1.276751,-0.000124,0.028219,-0.280599,0.250854,618
11204,B00C25L2VW,1.689178,0.000665,0.037329,-0.302523,0.2071,86
11205,B00C2AYH3W,1.310833,0.000159,0.028972,-0.317924,0.282288,1106
11206,B00C2BHZD0,1.228904,0.000118,0.027162,-0.260675,0.260505,520
11207,B00C2SJDRY,1.468493,0.001029,0.032441,-0.328925,0.258158,306
11208,B00C3GSTFC,1.438792,0.001529,0.031764,-0.246281,0.167706,136
11209,B00C43H84M,1.494296,4e-06,0.033028,-0.292626,0.206894,112
11210,B00C4R3HV6,1.671689,0.000954,0.036936,-0.344738,0.223753,179
11211,B00C577B94,1.29223,0.000204,0.028561,-0.313236,0.244602,701
11212,B00C5AHTC0,1.347372,-0.000111,0.02978,-0.28436,0.203863,315
11213,B00C5TO7QM,1.396124,7.8e-05,0.030858,-0.257217,0.174117,112
11214,B00C61F1C8,1.298647,0.000467,0.0287,-0.254597,0.206485,332
11215,B00C64GX4K,1.575207,0.00068,0.034809,-0.305865,0.215025,116
11216,B00C64GX9U,1.64307,0.001126,0.036298,-0.322271,0.241487,108
11217,B00C67E0PG,1.581973,0.001158,0.034946,-0.269884,0.183015,115
11218,B00C67E0R4,1.449009,0.001232,0.032003,-0.241436,0.182283,121
11219,B00C67E3GW,1.588773,0.000722,0.035108,-0.303524,0.224042,105
11220,B00C76ZGU4,1.346269,0.000771,0.029746,-0.25055,0.175929,230
11221,B00C7DYBX0,1.260116,0.000399,0.027849,-0.225324,0.188007,1834
11222,B00C7PQM3K,1.307993,0.000225,0.028909,-0.316235,0.218935,550
11223,B00C8FVXQA,1.307077,0.000408,0.028887,-0.29343,0.237411,739
11224,B00C8FVY3M,1.28048,-3e-05,0.028302,-0.265423,0.234755,686
11225,B00C8G2VLK,1.244878,0.000216,0.027514,-0.275632,0.247158,2058
11226,B00C8GBZAS,1.133136,-1.8e-05,0.025045,-0.255575,0.221836,1669
11227,B00C8YCFU4,1.288869,0.000389,0.028485,-0.246129,0.189164,1101
11228,B00C92OA30,1.321332,0.000424,0.029202,-0.260825,0.218705,431
11229,B00CA05FO4,1.349722,0.000487,0.029828,-0.251584,0.242728,304
11230,B00CA51RQE,1.294749,4.6e-05,0.028617,-0.280547,0.254189,435
11231,B00CA5UBGG,1.324313,0.000454,0.029267,-0.289607,0.226748,400
11232,B00CA8ZEIS,1.294166,5.5e-05,0.028604,-0.280393,0.252933,435
11233,B00CAENJZC,1.195534,0.00029,0.026423,-0.29927,0.227178,1233
11234,B00CB6L8FC,1.326395,0.00079,0.029306,-0.244655,0.176143,268
11235,B00CBD0M8Y,1.334781,0.000126,0.029502,-0.18762,0.160802,96
11236,B00CBHZPNW,1.186731,0.000201,0.026229,-0.240375,0.191975,2056
11237,B00CBJXRR6,1.494475,0.000842,0.033021,-0.339334,0.185235,170
11238,B00CBK017Y,1.354079,0.000255,0.029927,-0.32333,0.236999,321
11239,B00CBM7A26,1.24857,0.000881,0.027582,-0.278668,0.205848,451
11240,B00CBT0TYU,1.330996,0.000785,0.029408,-0.283239,0.226625,368
11241,B00CBXGZ4O,1.261682,0.000915,0.027871,-0.245518,0.19117,361
11242,B00CBYAP0S,1.183385,-0.000329,0.026154,-0.283644,0.255257,939
11243,B00CC5AF6A,1.246345,0.000671,0.027539,-0.29937,0.259969,485
11244,B00CC7TBHM,1.361664,1.9e-05,0.030096,-0.303623,0.279483,658
11245,B00CCUFFOC,1.218434,-0.000217,0.02693,-0.222517,0.176465,2096
11246,B00CCUHA3G,1.180431,0.000576,0.026084,-0.292465,0.153944,2132
11247,B00CDAQCAW,1.212395,6.1e-05,0.026797,-0.279105,0.190292,1089
11248,B00CDGR29G,1.258792,0.000877,0.027809,-0.321495,0.17812,1210
11249,B00CDJAMNG,1.17682,8.5e-05,0.026011,-0.292265,0.20493,661
11250,B00CDOX81E,1.73419,-1e-04,0.03833,-0.362,0.255327,290
11251,B00CDQD1FA,1.502374,-0.000379,0.033204,-0.310681,0.196018,282
11252,B00CDTHC6G,1.231318,0.000413,0.027212,-0.269329,0.24338,1763
11253,B00CDWSONS,1.27267,0.000509,0.028125,-0.241448,0.278461,613
11254,B00CDYKRU4,1.296862,0.000599,0.028658,-0.297424,0.190027,2067
11255,B00CE2JC9W,1.23355,0.000157,0.027264,-0.254921,0.186061,1728
11256,B00CE9LPYA,1.374617,0.000576,0.030377,-0.261127,0.251974,319
11257,B00CEK81YQ,1.265188,0.001053,0.027944,-0.299273,0.226203,874
11258,B00CELI1K4,1.384504,0.000481,0.030597,-0.288457,0.263971,358
11259,B00CEPM91M,1.266495,-0.000152,0.027992,-0.228281,0.22408,2148
11260,B00CF5W2D6,1.253321,-5.3e-05,0.027701,-0.253622,0.19543,2261
11261,B00CF7HBA8,1.15492,0.000387,0.025524,-0.289057,0.220952,676
11262,B00CFCMP6I,1.523496,7.7e-05,0.033673,-0.358304,0.224068,301
11263,B00CFGU4Z8,1.414654,0.000633,0.031261,-0.379154,0.273722,652
11264,B00CFH7N1U,1.592845,0.000807,0.035197,-0.289683,0.182125,144
11265,B00CFJ5AM2,1.201201,-2.6e-05,0.02655,-0.252667,0.235236,739
11266,B00CFNMZ7Q,1.188176,0.000489,0.026257,-0.274252,0.261509,2208
11267,B00CFNVWRA,1.131273,0.000458,0.025,-0.265837,0.175489,1793
11268,B00CFRBIC0,1.325145,0.000352,0.029287,-0.261426,0.231676,374
11269,B00CFRQTYC,1.38392,0.000102,0.030588,-0.289769,0.260702,408
11270,B00CFSM670,1.240655,-0.000272,0.02742,-0.315121,0.223271,652
11271,B00CFT28G8,1.297128,0.000439,0.028666,-0.315076,0.254197,1903
11272,B00CG2LGL2,1.305782,0.000356,0.028859,-0.24937,0.192054,222
11273,B00CG2X0F2,1.548594,0.000396,0.034225,-0.315165,0.31836,492
11274,B00CGKJ7QU,1.465378,0.000234,0.032388,-0.295126,0.162657,233
11275,B00CGN9LQ8,1.136357,0.000306,0.025114,-0.21217,0.161732,1815
11276,B00CGQECJ6,1.498626,0.000147,0.033123,-0.345561,0.250155,400
11277,B00CGR26B6,1.466746,-0.000318,0.032417,-0.33947,0.262203,354
11278,B00CH3OT4G,1.265656,-0.000145,0.027974,-0.276957,0.20988,376
11279,B00CH7JAS2,1.169157,0.000603,0.025834,-0.213165,0.140947,2117
11280,B00CHFRIDS,1.32843,0.000228,0.029361,-0.294314,0.206921,2304
11281,B00CHJDSUG,1.411109,7.1e-05,0.031189,-0.314777,0.18674,244
11282,B00CHMWAY8,1.258497,0.000274,0.027815,-0.240952,0.223221,2248
11283,B00CHOQK0Q,1.323614,-0.000147,0.029255,-0.299755,0.231107,473
11284,B00CHV3LNS,1.339888,0.000462,0.029611,-0.286025,0.201649,406
11285,B00CHWA1Q2,1.377144,0.000476,0.030435,-0.260257,0.169598,181
11286,B00CIUZ3BQ,1.258478,0.000186,0.027815,-0.26181,0.171584,1914
11287,B00CIX1SLW,1.29017,0.000538,0.028511,-0.249119,0.174566,2174
11288,B00CIZ0DNO,1.358156,0.000179,0.030018,-0.364589,0.250815,2070
11289,B00CJ01QT8,1.32669,1.4e-05,0.029323,-0.29188,0.230398,1220
11290,B00CJ0TZ1E,1.504546,0.000618,0.033248,-0.397663,0.212968,254
11291,B00CJ1YFZY,1.369078,0.00019,0.030259,-0.275651,0.255802,1643
11292,B00CJ3MDJW,1.69235,0.000311,0.037404,-0.323544,0.212273,173
11293,B00CJIOG0Q,1.216024,3.6e-05,0.026877,-0.29613,0.260188,1067
11294,B00CJQBTJE,1.45065,0.000656,0.032056,-0.272681,0.214537,252
11295,B00CKDEIVC,1.17362,0.000138,0.02594,-0.240956,0.232928,1028
11296,B00CKH38HI,1.156024,0.000182,0.02555,-0.25259,0.196374,559
11297,B00CLASIBU,1.60303,0.000778,0.035422,-0.284715,0.180365,118
11298,B00CLM5PEQ,1.292106,-0.000122,0.028558,-0.296636,0.256585,1463
11299,B00CM6Q6X0,1.253957,-0.000295,0.027714,-0.280314,0.207997,1776
11300,B00CM7YTO2,1.359632,0.000352,0.030049,-0.321548,0.215704,682
11301,B00CMJD43C,1.289404,0.000391,0.028496,-0.293106,0.191564,348
11302,B00CMK30ZS,1.519572,0.000628,0.03358,-0.27885,0.194314,116
11303,B00CNE2GOO,1.444166,0.000316,0.031918,-0.30256,0.260143,422
11304,B00CNOUZE2,1.118452,0.000334,0.024718,-0.186114,0.129046,167
11305,B00CNTJHQO,1.043143,0.000311,0.023054,-0.220267,0.167327,1998
11306,B00CNWY1YY,1.29789,0.000192,0.028686,-0.262159,0.243335,1975
11307,B00CNXJ9SQ,1.521204,0.000179,0.033622,-0.243166,0.162842,130
11308,B00CNXJND2,1.542858,0.000178,0.034101,-0.264853,0.177015,107
11309,B00CNXJYUO,1.435276,0.00017,0.031723,-0.229647,0.163647,120
11310,B00CNXK6WO,1.540775,0.000193,0.034054,-0.247349,0.199652,116
11311,B00CNXKLA6,1.476197,0.000307,0.032626,-0.26471,0.183848,128
11312,B00CO1VBDS,1.306615,0.00023,0.028879,-0.251378,0.252717,482
11313,B00CO94DDK,1.326111,-0.000305,0.029309,-0.278526,0.190727,467
11314,B00CO9MFAS,1.360513,0.000761,0.030061,-0.269051,0.22675,585
11315,B00COCY1DY,1.163459,0.000504,0.02571,-0.22994,0.166742,1335
11316,B00COVA5R6,1.325723,0.000398,0.029299,-0.261123,0.298285,737
11317,B00COVKCDS,1.174438,-4.2e-05,0.025958,-0.26369,0.19542,1633
11318,B00COVNG7W,1.431395,0.000586,0.031632,-0.335145,0.250589,558
11319,B00CP0R5LK,1.460734,0.000186,0.032285,-0.335869,0.177721,152
11320,B00CP1H1JU,1.525929,0.00111,0.033709,-0.309674,0.175473,153
11321,B00CP2IYU4,1.33847,0.000238,0.029583,-0.277342,0.169953,255
11322,B00CP4QKT4,1.299416,0.000101,0.02872,-0.273994,0.249453,514
11323,B00CP4QZ8U,1.319561,7.3e-05,0.029165,-0.274076,0.254303,527
11324,B00CPBIW9I,1.334463,0.000325,0.029493,-0.28271,0.219327,440
11325,B00CPHD29W,1.685948,0.000123,0.037263,-0.302282,0.2162,382
11326,B00CPISW7S,1.228473,-0.000194,0.027152,-0.249129,0.239284,1681
11327,B00CPS4F0Q,1.25031,0.000511,0.02763,-0.276495,0.238558,1587
11328,B00CQ05FES,1.478462,-9.9e-05,0.032678,-0.30142,0.224705,140
11329,B00CQ5C54G,1.26552,-5.3e-05,0.027971,-0.342791,0.300498,1365
11330,B00CQ7PM9E,1.363745,0.000381,0.03014,-0.299102,0.247414,569
11331,B00CQGUSZ8,1.363345,0.000232,0.030132,-0.267956,0.233971,417
11332,B00CRKHGUS,1.279489,0.00067,0.028272,-0.27576,0.218641,2192
11333,B00CRM2SUE,1.416861,7e-05,0.031316,-0.208543,0.247336,1959
11334,B00CRQPNX4,1.338652,0.000199,0.029587,-0.291528,0.242174,2115
11335,B00CS2W58I,1.296502,0.000286,0.028654,-0.310241,0.204669,1567
11336,B00CSEIFUS,1.131972,0.000163,0.025019,-0.272412,0.211992,1512
11337,B00CSS9ZHG,1.474194,0.000423,0.032581,-0.326368,0.25454,539
11338,B00CST4AS4,1.156889,-6.6e-05,0.02557,-0.301615,0.236497,1091
11339,B00CTIB0ZA,1.377386,0.000245,0.030443,-0.259306,0.18537,225
11340,B00CTKKE7I,1.454663,0.000387,0.032149,-0.307954,0.30513,612
11341,B00CTSQ6LI,1.756046,0.000692,0.038807,-0.294589,0.191489,74
11342,B00CTYIMQE,1.606896,0.000777,0.035508,-0.33708,0.188251,110
11343,B00CU5749S,1.213339,-0.000169,0.026817,-0.228933,0.274772,1068
11344,B00CWDBMSM,1.191243,0.000214,0.026329,-0.236949,0.159963,1996
11345,B00CWZ0BLE,1.366728,0.000904,0.030195,-0.246386,0.157417,166
11346,B00CXADQ4M,1.318232,0.000167,0.029136,-0.241591,0.204762,432
11347,B00CXDVRU4,1.464297,0.000393,0.032362,-0.344723,0.22326,2097
11348,B00CXN66M8,1.316971,0.00052,0.029104,-0.322421,0.208282,1149
11349,B00CY3BZGO,1.536634,0.000311,0.033962,-0.39278,0.241711,784
11350,B00CYA5E14,1.44177,4.8e-05,0.031867,-0.262987,0.198321,150
11351,B00CYA5E1O,1.563226,-2.4e-05,0.034551,-0.3001,0.156698,130
11352,B00CYDSAO4,1.560131,0.000557,0.034478,-0.207956,0.172197,97
11353,B00CYN6DYI,1.283938,0.000699,0.02837,-0.303707,0.226888,572
11354,B00CZCSU8K,1.358314,0.000103,0.030022,-0.275749,0.191345,179
11355,B00CZE85II,1.347552,0.000387,0.029782,-0.314982,0.25674,803
11356,B00CZE9YHO,1.31117,9.5e-05,0.02898,-0.285551,0.271416,523
11357,B00D06ARFO,1.407242,0.000221,0.031103,-0.28344,0.184012,252
11358,B00D0ANSAG,1.193473,0.000327,0.026377,-0.248348,0.24437,1823
11359,B00D0NLJM2,1.277681,0.00033,0.028238,-0.212452,0.159284,153
11360,B00D0NP5E0,1.74476,0.000856,0.038554,-0.310929,0.179646,122
11361,B00D13HSR6,1.194145,0.00043,0.02639,-0.260597,0.25457,804
11362,B00D18ZDM8,1.413048,0.000373,0.03123,-0.33904,0.259633,439
11363,B00D1G8XA4,1.289226,0.000498,0.028491,-0.337731,0.2297,601
11364,B00D2IFG8S,1.222499,0.000776,0.027009,-0.213685,0.18122,2053
11365,B00D3M0CRS,1.132113,-0.000481,0.025018,-0.26763,0.238634,1643
11366,B00D42C9IC,1.363211,0.000284,0.030129,-0.302632,0.292833,498
11367,B00D5KN5YA,1.326446,0.000518,0.029313,-0.262475,0.212251,316
11368,B00D5MQHCK,1.149454,-0.000183,0.025405,-0.235716,0.207034,1737
11369,B00D5TB1LK,1.360082,0.000245,0.03006,-0.329194,0.266661,749
11370,B00D62IU9M,1.373927,0.000261,0.030366,-0.28354,0.219215,1650
11371,B00D6DJGOE,1.456827,0.000287,0.032198,-0.330769,0.201221,215
11372,B00D6EDGYE,1.356105,0.000308,0.029972,-0.211547,0.161038,127
11373,B00D6EDGZI,1.354226,0.000258,0.029931,-0.21176,0.16201,128
11374,B00D6OEMBK,1.149605,0.000293,0.025407,-0.295958,0.217882,1424
11375,B00D76IPK6,1.419772,0.000362,0.031378,-0.345759,0.25125,541
11376,B00D76IQRI,1.348188,0.00072,0.02979,-0.285737,0.210898,399
11377,B00D76IR3G,1.357292,0.00064,0.029993,-0.285108,0.201676,385
11378,B00D76IRXQ,1.44838,0.00055,0.032008,-0.347644,0.274151,647
11379,B00D7BNGQO,1.576527,0.000751,0.034837,-0.325271,0.309638,378
11380,B00D7MZ224,1.555791,0.000774,0.034378,-0.248928,0.173034,109
11381,B00D7NDJTG,1.373267,0.000949,0.030338,-0.279764,0.17415,213
11382,B00D82KKPW,1.411279,8.8e-05,0.031193,-0.330126,0.246924,479
11383,B00D86VPHK,1.351088,0.001085,0.029843,-0.202126,0.183625,89
11384,B00D879BFW,1.459532,-0.000165,0.032259,-0.306916,0.259052,426
11385,B00D8K4JWY,1.28095,-1.9e-05,0.028312,-0.273647,0.251897,680
11386,B00D8U570W,1.51761,0.000253,0.033542,-0.277936,0.199693,246
11387,B00D9NV20C,1.307771,0.000405,0.028902,-0.264147,0.231847,1886
11388,B00DAGJ3JK,1.174044,0.000273,0.025948,-0.280889,0.284887,732
11389,B00DAYGJVW,1.446302,0.000597,0.031961,-0.336994,0.234932,737
11390,B00DBJX8K6,1.260745,0.000605,0.027859,-0.327184,0.207608,578
11391,B00DBNDS8Y,1.308695,0.000485,0.028921,-0.325438,0.211834,568
11392,B00DBRP3A6,1.202424,0.00038,0.026574,-0.289443,0.263683,1612
11393,B00DCBIYZ2,1.43059,0.000743,0.031611,-0.342492,0.23989,618
11394,B00DCF7QW0,1.170128,0.000222,0.025862,-0.183604,0.167848,1490
11395,B00DCNBST4,1.275881,-4.7e-05,0.0282,-0.276844,0.246119,1427
11396,B00DD94A4W,1.337305,-0.000262,0.029557,-0.318082,0.271778,1162
11397,B00DD96JVY,1.318062,3e-06,0.029132,-0.32878,0.248003,1177
11398,B00DDD3OB8,1.390874,0.000757,0.030732,-0.308263,0.250558,442
11399,B00DDMIVSA,1.58657,0.000185,0.035067,-0.276811,0.177471,93
11400,B00DEG8N9W,1.436187,0.000193,0.031743,-0.322009,0.297682,503
11401,B00DEWY1EC,1.199225,0.000356,0.026503,-0.255303,0.264566,835
11402,B00DEXA0LY,1.265824,0.000727,0.027968,-0.23886,0.229646,503
11403,B00DFEGDV8,1.509243,7.3e-05,0.033358,-0.334069,0.291786,424
11404,B00DG03Y7M,1.199469,0.000906,0.026496,-0.252759,0.225138,634
11405,B00DG1A2OY,1.279664,-7e-06,0.028284,-0.244645,0.266171,884
11406,B00DG1B6V2,1.304446,0.000169,0.028831,-0.296056,0.283405,881
11407,B00DG7YJQA,1.389914,8e-05,0.03072,-0.292055,0.224029,1783
11408,B00DGGG1IU,1.141853,0.0005,0.025233,-0.263001,0.180821,1381
11409,B00DGIVLPG,1.289394,0.000794,0.028488,-0.287007,0.23846,779
11410,B00DH0TRYA,1.155806,0.00067,0.025537,-0.241798,0.218567,1059
11411,B00DHG3KRY,1.125056,-3e-06,0.024867,-0.249303,0.18723,1421
11412,B00DHO7X8S,1.389427,-0.00021,0.030709,-0.308408,0.264462,327
11413,B00DHOET6W,1.236974,-0.000123,0.02734,-0.305816,0.240287,2133
11414,B00DHOUZ92,1.096753,0.000127,0.024241,-0.217201,0.173678,2035
11415,B00DHQCJTO,1.259952,0.000271,0.027847,-0.284227,0.236342,533
11416,B00DI7HW2Q,1.25692,5.1e-05,0.027781,-0.27426,0.206647,754
11417,B00DIH6CMW,1.232876,-3.1e-05,0.02725,-0.324863,0.227895,990
11418,B00DIJPH5I,1.157214,-6.6e-05,0.025577,-0.264522,0.194181,1689
11419,B00DJ4MQDI,1.33985,-0.000265,0.029613,-0.278386,0.244828,798
11420,B00DJKU1Y8,1.271708,0.000403,0.028105,-0.345952,0.242331,2055
11421,B00DJQQEGQ,1.331583,-0.000248,0.02943,-0.283318,0.196369,1918
11422,B00DJWNBXY,1.502192,0.000627,0.033196,-0.355085,0.261458,423
11423,B00DLAY0LQ,1.389589,0.000744,0.030704,-0.268167,0.186083,275
11424,B00DLRNSSK,1.149251,-0.000268,0.0254,-0.298066,0.215915,1849
11425,B00DM14TYC,1.207377,8.8e-05,0.026686,-0.262056,0.229557,523
11426,B00DM97OVO,1.177457,0.000226,0.026024,-0.262898,0.198288,947
11427,B00DMOWZQ8,1.521804,4e-05,0.033636,-0.285571,0.173714,92
11428,B00DNGVPZW,1.382586,0.000245,0.030558,-0.310413,0.260005,480
11429,B00DNK4YB0,1.5331,0.00075,0.033877,-0.354019,0.278967,802
11430,B00DNK4Z96,1.552769,0.000882,0.034309,-0.352517,0.284649,802
11431,B00DO40YXM,1.29262,0.00047,0.028566,-0.279124,0.224206,423
11432,B00DOOA6UI,1.213894,-0.000171,0.02683,-0.295117,0.258959,2302
11433,B00DOR4UEI,1.312304,-0.000113,0.029005,-0.329795,0.240457,1157
11434,B00DPICES0,1.250989,7.5e-05,0.02765,-0.239054,0.184025,300
11435,B00DPLSXG4,1.435859,0.000294,0.031735,-0.281778,0.197435,194
11436,B00DPTW8JY,1.465378,0.000234,0.032388,-0.295126,0.162657,233
11437,B00DPU6ZAG,1.465378,0.000234,0.032388,-0.295126,0.162657,233
11438,B00DPV1RSA,1.361708,0.00043,0.030094,-0.327475,0.220743,419
11439,B00DPVH87Y,1.290513,0.00044,0.02852,-0.292516,0.205266,370
11440,B00DQ1N1P6,1.504486,0.000713,0.033245,-0.340735,0.237582,246
11441,B00DQ28OQ6,1.781474,0.001263,0.039355,-0.41162,0.298999,434
11442,B00DQ2I0G0,1.534573,0.000566,0.033913,-0.348248,0.23832,225
11443,B00DQ2ILQY,1.28993,0.000182,0.02851,-0.302023,0.198397,904
11444,B00DQ2IMIQ,1.293722,0.000406,0.028592,-0.30411,0.208052,928
11445,B00DQ2IMRW,1.307492,0.000569,0.028893,-0.31831,0.204231,972
11446,B00DQ2IMVS,1.417979,0.000272,0.03134,-0.312816,0.23475,1015
11447,B00DQ47V3G,1.459014,0.000482,0.032244,-0.278288,0.247703,175
11448,B00DQ7THS0,1.282316,0.000354,0.02834,-0.239069,0.160958,194
11449,B00DQG0PJQ,1.21778,-4.7e-05,0.026916,-0.242246,0.230949,579
11450,B00DQL2TCW,1.513651,0.00072,0.033448,-0.31676,0.317028,461
11451,B00DQUVXPW,1.290438,-0.000129,0.028522,-0.297358,0.226026,443
11452,B00DR8UXD6,1.415494,0.00103,0.031269,-0.207021,0.159339,152
11453,B00DR8UYQW,1.470248,0.00019,0.032496,-0.365394,0.227771,450
11454,B00DRA91A0,1.366214,0.000169,0.030196,-0.291928,0.2896,460
11455,B00DS1R8U8,1.248994,0.000703,0.027597,-0.294252,0.191528,725
11456,B00DSLFNQ4,1.568034,-6.9e-05,0.034657,-0.276864,0.194259,278
11457,B00DSW9D7S,1.206075,0.000377,0.026655,-0.232244,0.172847,2148
11458,B00DT4757A,1.148956,0.000128,0.025394,-0.230628,0.16427,2091
11459,B00DTEYUEQ,1.142948,-0.000514,0.025257,-0.242501,0.222888,823
11460,B00DTEZIXI,1.077821,-0.000328,0.02382,-0.225928,0.215364,1228
11461,B00DTQ0AYS,1.212034,-0.000598,0.026782,-0.323805,0.255911,1681
11462,B00DU2MN5U,1.334046,6.5e-05,0.029486,-0.237755,0.215782,1568
11463,B00DU6VY3S,1.462542,0.000502,0.032322,-0.310589,0.27607,440
11464,B00DULW2YS,1.303612,-5.3e-05,0.028813,-0.278721,0.216521,391
11465,B00DUUGR72,1.184822,4.9e-05,0.026187,-0.282433,0.20986,1962
11466,B00DV76LU2,1.087064,0.000521,0.024021,-0.216823,0.240335,1787
11467,B00DV81430,1.545982,0.000482,0.034167,-0.3062,0.211617,188
11468,B00DWKRHNS,1.236843,0.00062,0.02733,-0.29973,0.24212,1069
11469,B00DWKRJ18,1.151846,0.00057,0.025452,-0.296107,0.188477,1387
11470,B00DWVBEIG,1.451871,0.000139,0.03209,-0.325598,0.264485,777
11471,B00DX02YE4,1.40325,0.000635,0.031009,-0.280602,0.194147,219
11472,B00DZBWU04,1.204362,0.000616,0.026612,-0.240897,0.24251,1110
11473,B00E00X3RS,1.14904,6.8e-05,0.025397,-0.270489,0.277005,828
11474,B00E0T1FOM,1.278038,0.000495,0.028243,-0.24581,0.16396,203
11475,B00E19GG8Q,1.328691,0.000915,0.029353,-0.317632,0.253739,573
11476,B00E19LRA8,1.662927,-6.3e-05,0.036755,-0.325758,0.219403,245
11477,B00E19S2II,1.598629,-2.3e-05,0.035334,-0.280386,0.208127,242
11478,B00E3G3770,1.178008,0.001059,0.026015,-0.243348,0.199486,472
11479,B00E4OUQ8O,1.26035,8.9e-05,0.027857,-0.31287,0.200252,603
11480,B00E4WWS46,1.327036,0.00091,0.029317,-0.256992,0.208845,332
11481,B00E4XRM6E,1.347975,0.000503,0.029789,-0.264159,0.173581,179
11482,B00E4YN7L2,1.384044,0.000874,0.030578,-0.265085,0.172321,186
11483,B00E51B39M,1.406405,0.001005,0.031069,-0.251288,0.179862,167
11484,B00E52F6G2,1.38657,0.000864,0.030634,-0.234978,0.183163,167
11485,B00E541OWU,1.2634,0.000552,0.027919,-0.175306,0.157637,174
11486,B00E56I6M4,1.522544,0.000387,0.03365,-0.322419,0.252612,459
11487,B00E5H3W2C,1.331504,0.000304,0.029428,-0.343498,0.264018,620
11488,B00E68NX60,1.20899,0.000177,0.026721,-0.255684,0.203235,1911
11489,B00E68O4JU,1.229632,0.000572,0.027172,-0.266487,0.289705,716
11490,B00E770EE4,1.343478,0.000228,0.029693,-0.287994,0.216463,332
11491,B00E7M0OTE,1.317798,0.000514,0.029122,-0.31102,0.252358,672
11492,B00E81GE84,1.418649,0.000717,0.031347,-0.337889,0.24858,443
11493,B00E8LUBZ6,1.265059,0.000396,0.027958,-0.253992,0.234505,340
11494,B00E8X79V8,1.335999,0.000489,0.029525,-0.263088,0.196781,179
11495,B00E94ZA4E,1.24118,0.000152,0.027433,-0.294371,0.238613,741
11496,B00E96XELS,1.246826,0.000164,0.027557,-0.257234,0.20182,1511
11497,B00E9SIR2C,1.466639,0.000547,0.032412,-0.362371,0.226355,533
11498,B00EA4MHN0,1.29731,0.000489,0.02867,-0.273089,0.236478,525
11499,B00EA5AC5E,1.182892,0.000297,0.026143,-0.252244,0.257241,776
11500,B00EA5AKLK,1.256729,0.000262,0.027776,-0.268026,0.251086,611
11501,B00EA5ASEE,1.213261,0.000479,0.026812,-0.245616,0.235032,831
11502,B00EA5AXD0,1.211458,0.000662,0.026768,-0.246794,0.226335,831
11503,B00EA5B2VW,1.161973,0.000241,0.025681,-0.24352,0.216572,831
11504,B00EABZTBU,1.242625,6.1e-05,0.027465,-0.227733,0.151282,2129
11505,B00EAJQOZC,1.371818,0.000432,0.030317,-0.322693,0.239095,529
11506,B00EATZYFI,1.697992,0.000831,0.037521,-0.305771,0.213093,102
11507,B00EB10Q1W,1.375663,0.000768,0.030396,-0.320052,0.256866,451
11508,B00EB1RQHO,1.330146,0.000526,0.029395,-0.274495,0.181262,230
11509,B00ECUPDYC,1.505696,0.000313,0.033278,-0.387257,0.2363,405
11510,B00ED38WDC,1.162725,0.000323,0.025697,-0.253514,0.179355,1335
11511,B00EDY0IJM,1.239633,-2.7e-05,0.027399,-0.246757,0.260962,679
11512,B00EEIM0OS,1.118365,-0.000111,0.024718,-0.25251,0.195016,1430
11513,B00EELSW9M,1.318744,0.000757,0.029138,-0.267395,0.294296,1120
11514,B00EF1QRMU,1.488067,0.000297,0.032889,-0.267058,0.199921,131
11515,B00EFGEZ3I,1.347485,0.000543,0.029778,-0.245231,0.165373,190
11516,B00EH6LTGM,1.272017,6.9e-05,0.028115,-0.220195,0.193633,2008
11517,B00EHMN8JM,1.348977,0.000215,0.029815,-0.285166,0.215497,1102
11518,B00EHWP67E,1.129883,-0.000156,0.024973,-0.215229,0.239921,645
11519,B00EIRG5IW,1.372927,0.000795,0.030335,-0.27912,0.224531,410
11520,B00EJSONGG,1.299046,0.000268,0.028711,-0.364011,0.234596,1858
11521,B00EL06HES,1.168218,0.000251,0.025819,-0.280992,0.266006,735
11522,B00EL1HZ34,1.333032,0.000909,0.029449,-0.291391,0.208873,417
11523,B00EL1N7DQ,1.446712,0.000515,0.031972,-0.303577,0.258101,445
11524,B00ELN94GS,1.147076,0.000461,0.025349,-0.27906,0.179906,1080
11525,B00ELNDKUY,1.484788,0.00047,0.032814,-0.265195,0.210904,201
11526,B00ELNHP14,1.644748,0.000158,0.036353,-0.383206,0.293222,385
11527,B00ENFS6IG,1.231559,0.000207,0.02722,-0.242998,0.137249,230
11528,B00ENFS6Q8,1.342772,-0.000535,0.029674,-0.284405,0.229067,449
11529,B00ENJN8S0,1.339946,-0.000101,0.029616,-0.328601,0.289128,1359
11530,B00ENS5CXA,1.234067,0.000165,0.027275,-0.268298,0.218413,1838
11531,B00ENU1SP4,1.459325,0.000483,0.032251,-0.246838,0.199096,287
11532,B00ENYB3IW,1.398293,6.7e-05,0.030906,-0.322681,0.28754,1073
11533,B00EOALHKY,1.211937,0.00031,0.026785,-0.267122,0.220406,427
11534,B00EOP3MJI,1.228954,0.000285,0.027161,-0.306083,0.255816,563
11535,B00EOP3O3C,1.307992,0.000301,0.028908,-0.322821,0.260373,569
11536,B00EP2P3ME,1.196724,-0.000188,0.02645,-0.245752,0.178723,1971
11537,B00EP49AX0,1.052278,5.3e-05,0.023258,-0.205827,0.184933,2000
11538,B00EPZCE78,1.306382,6.8e-05,0.028874,-0.321931,0.244254,914
11539,B00EQ2MGAA,1.173012,-2.9e-05,0.025926,-0.259232,0.171678,2209
11540,B00EQBYSH0,1.291011,-0.000428,0.028531,-0.350532,0.288781,625
11541,B00ES0Z206,1.20705,-0.000337,0.026677,-0.281449,0.24415,916
11542,B00ES2EZTS,1.16433,-0.000178,0.025734,-0.266089,0.257916,1178
11543,B00ESYBV34,1.535733,-0.000141,0.033943,-0.321161,0.194245,125
11544,B00ESYBV66,1.294818,-8.4e-05,0.028619,-0.278598,0.192304,484
11545,B00ETC25K8,1.306615,6.5e-05,0.028879,-0.342893,0.222008,1819
11546,B00EU6NK66,1.250454,0.000812,0.027626,-0.241571,0.213397,748
11547,B00EU7DBQ4,1.394971,0.00033,0.030831,-0.302826,0.274866,824
11548,B00EUPHWG6,1.318781,0.000703,0.02914,-0.292406,0.322265,625
11549,B00EUSZFMG,1.345915,0.00048,0.029744,-0.293644,0.243372,2042
11550,B00EUVG6OO,1.261894,0.000243,0.02789,-0.245524,0.220903,577
11551,B00EV8AS86,1.17141,0.000522,0.025886,-0.21498,0.161503,2204
11552,B00EV93BC0,1.42999,0.000223,0.031606,-0.338217,0.215981,283
11553,B00EVB1U9O,1.442247,0.000419,0.031874,-0.361629,0.242696,529
11554,B00EVM7OJS,1.430124,0.000218,0.031609,-0.279048,0.192713,399
11555,B00EWDKF06,1.445203,-5.9e-05,0.031943,-0.314637,0.191264,332
11556,B00EWDP45C,1.442451,0.000426,0.031879,-0.342029,0.219797,330
11557,B00EX6BVO6,1.167266,0.000198,0.025799,-0.243765,0.196301,725
11558,B00EXUJSWY,1.74391,0.000977,0.038532,-0.387429,0.216311,192
11559,B00EYGFFBU,1.216055,-0.00021,0.026877,-0.27275,0.236594,843
11560,B00EYMWQRA,1.26359,0.000757,0.027918,-0.263177,0.2158,514
11561,B00EYSNWXG,1.116865,0.000287,0.024684,-0.194633,0.186049,1601
11562,B00EYUZZVQ,1.209358,-0.000211,0.026729,-0.262785,0.264992,1952
11563,B00EYZY5TY,1.513008,8.5e-05,0.033441,-0.282458,0.215165,69
11564,B00EYZY5VC,1.425672,0.000428,0.031508,-0.239622,0.168314,72
11565,B00EYZY684,1.64544,-2.5e-05,0.036368,-0.325056,0.204322,78
11566,B00EYZY68Y,1.619952,0.000115,0.035805,-0.31109,0.204571,86
11567,B00EYZY6LQ,1.575106,0.000184,0.034813,-0.320398,0.204504,97
11568,B00EYZY6SY,1.514731,-0.000243,0.033478,-0.317411,0.190748,99
11569,B00EZ80KIU,1.110391,0.000203,0.024542,-0.27677,0.202057,1690
11570,B00EZMBD9Q,1.69876,9.3e-05,0.037547,-0.349977,0.240804,170
11571,B00F008GFQ,1.222311,0.000248,0.027015,-0.31269,0.237794,2021
11572,B00F029PWC,1.207581,0.000532,0.026685,-0.30973,0.232929,1944
11573,B00F029RNY,1.204881,0.000227,0.02663,-0.355029,0.210846,1699
11574,B00F0QVKEE,1.169957,0.000469,0.025855,-0.240717,0.213909,718
11575,B00F14XI6I,1.435534,0.000304,0.031727,-0.268952,0.251984,330
11576,B00F1D56HI,1.386407,0.000636,0.030636,-0.27566,0.265155,685
11577,B00F2AFCJM,1.375229,-0.000172,0.030395,-0.303802,0.197511,245
11578,B00F4TQ49I,1.638686,-9.4e-05,0.036219,-0.293872,0.174528,101
11579,B00F4VWXO6,1.181292,0.000215,0.026109,-0.246071,0.237058,610
11580,B00F4VX9G2,1.302659,0.000608,0.028786,-0.267325,0.236798,344
11581,B00F4W22Z0,1.183271,2.6e-05,0.026153,-0.254874,0.178134,489
11582,B00F4ZUU8I,1.225491,0.000117,0.027086,-0.25379,0.198858,604
11583,B00F5KDIC2,1.37478,-1.6e-05,0.030386,-0.308223,0.206834,381
11584,B00F5KDVDS,1.389625,0.000152,0.030714,-0.285397,0.259505,341
11585,B00F5KDWYQ,1.291112,-0.000425,0.028534,-0.269,0.208651,295
11586,B00F5KDZ4S,1.408941,0.00059,0.031135,-0.270703,0.24058,193
11587,B00F5KE5TM,1.367076,-3.9e-05,0.030216,-0.300805,0.2679,382
11588,B00F5KE8VM,1.304696,-0.000593,0.028831,-0.271611,0.229955,453
11589,B00F5VEBFY,1.657399,0.000178,0.036632,-0.326082,0.227935,129
11590,B00F6P3DTO,1.55302,0.001082,0.034309,-0.272254,0.137898,86
11591,B00F8OQR9Q,1.328582,0.000368,0.029363,-0.240658,0.213962,367
11592,B00F9Q6G5I,1.383824,0.000508,0.030582,-0.314473,0.19965,246
11593,B00F9SWMEA,1.298083,-7e-05,0.028691,-0.270031,0.19534,275
11594,B00FAEOCP0,1.127752,0.000199,0.024925,-0.271384,0.239581,763
11595,B00FAR3LP4,1.109316,0.000504,0.024513,-0.227999,0.226187,960
11596,B00FAVBKX0,1.40493,0.000367,0.03105,-0.322216,0.198783,306
11597,B00FCGKP5W,1.534193,0.000318,0.033908,-0.313524,0.215312,304
11598,B00FDK0V4M,1.214456,0.000567,0.026836,-0.263399,0.17814,1856
11599,B00FDMGOB4,1.534855,0.000745,0.033916,-0.334931,0.308735,642
11600,B00FEMO2I0,1.232833,-6.9e-05,0.027249,-0.297356,0.259364,688
11601,B00FEMQUKS,1.085446,-0.000273,0.02399,-0.22291,0.15652,1974
11602,B00FF5B31U,1.519798,2.4e-05,0.033591,-0.296626,0.2069,186
11603,B00FFANXMM,1.195697,0.000396,0.026425,-0.223129,0.165418,1896
11604,B00FFWQFCK,1.383261,0.000585,0.030568,-0.269649,0.200005,209
11605,B00FH692PQ,1.138059,0.000353,0.025151,-0.287435,0.159347,1130
11606,B00FI9BOE4,1.473557,0.000508,0.032565,-0.208937,0.172986,137
11607,B00FIUQ498,1.256804,-3.2e-05,0.027778,-0.301335,0.210975,1161
11608,B00FJE4K94,1.336326,0.00043,0.029533,-0.269951,0.205403,1998
11609,B00FJF5BXM,1.189212,0.000335,0.026282,-0.254087,0.178735,2184
11610,B00FKSWN8E,1.600695,-0.00012,0.035379,-0.310259,0.176877,112
11611,B00FKSWNPM,1.614539,-0.000205,0.035685,-0.28931,0.173708,91
11612,B00FLKP5UO,1.229461,0.000306,0.027172,-0.262393,0.163793,323
11613,B00FLRHYCE,1.33141,-1.2e-05,0.029427,-0.268872,0.213294,518
11614,B00FOGWSOG,1.261604,0.00055,0.027879,-0.297786,0.22116,691
11615,B00FP6OMRG,1.154472,0.00032,0.025515,-0.26201,0.231274,955
11616,B00FPROWWU,1.407868,0.000447,0.031114,-0.324355,0.234983,1397
11617,B00FQGNHBM,1.232282,0.000888,0.027222,-0.230993,0.179862,2039
11618,B00FRDPMQC,1.607904,0.000818,0.035529,-0.295164,0.219842,109
11619,B00FRDPNA2,1.533799,0.000354,0.033899,-0.275793,0.203741,87
11620,B00FRDPNM0,1.515846,0.000389,0.033502,-0.272279,0.21095,84
11621,B00FRDPOVU,1.518906,0.000241,0.033571,-0.291391,0.214979,75
11622,B00FRDPP6O,1.525412,0.00013,0.033715,-0.289406,0.196135,79
11623,B00FRDPR4O,1.511927,0.00043,0.033415,-0.279952,0.216963,83
11624,B00FRDPRBW,1.626336,0.000223,0.035945,-0.287045,0.207015,70
11625,B00FRDPRQ2,1.531428,0.000149,0.033848,-0.291914,0.208372,76
11626,B00FRDPSE8,1.601069,0.000246,0.035387,-0.273967,0.205441,78
11627,B00FRZ1DS6,1.32657,0.000224,0.02932,-0.312165,0.206001,653
11628,B00FS6SHUQ,1.677078,0.00072,0.037061,-0.240538,0.211351,90
11629,B00FSAT2CY,1.373691,0.000803,0.030351,-0.281991,0.197362,2317
11630,B00FU574H2,1.231747,0.000714,0.027215,-0.265473,0.198402,709
11631,B00FUV7JAI,1.20468,0.000769,0.026615,-0.221478,0.221726,758
11632,B00FW6ELDY,1.250323,0.00019,0.027635,-0.255245,0.201029,327
11633,B00FXH7YZ4,1.164041,0.000948,0.025711,-0.232793,0.19704,1315
11634,B00FXOPP08,1.561581,0.000112,0.034515,-0.283836,0.196191,105
11635,B00FXW4GFU,1.133267,-9.9e-05,0.025048,-0.267613,0.195112,1543
11636,B00FXXTEVA,1.249474,0.000383,0.027614,-0.248806,0.197775,345
11637,B00FYPL3N4,1.461465,0.000377,0.0323,-0.245924,0.18517,119
11638,B00FYQ6Y7I,1.480299,0.000499,0.032714,-0.264518,0.191801,200
11639,B00FZ1CGME,1.267643,0.000506,0.028013,-0.319756,0.192731,1806
11640,B00FZ84P7Q,1.211074,0.000946,0.026751,-0.250824,0.231707,1361
11641,B00FZESMKG,1.213028,0.000914,0.026795,-0.23568,0.202695,1321
11642,B00G052NFE,1.337458,5.3e-05,0.029561,-0.298659,0.187918,1356
11643,B00G053H6I,1.254033,0.000597,0.027711,-0.33568,0.222754,1096
11644,B00G08XZEE,1.085571,0.000555,0.023987,-0.186095,0.142427,1027
11645,B00G0EJYFW,1.18447,0.000803,0.026167,-0.215005,0.182087,2373
11646,B00G0K6ZQC,1.445628,0.001353,0.031923,-0.258197,0.167859,105
11647,B00G0NLXPM,1.50379,0.000744,0.033229,-0.335901,0.291602,464
11648,B00G0Q5V0M,1.296171,0.000542,0.028643,-0.268583,0.216273,1246
11649,B00G2GNKDK,1.430893,0.000272,0.031625,-0.33813,0.270004,550
11650,B00G2TQNZ4,1.148542,8.1e-05,0.025386,-0.227819,0.150763,1947
11651,B00G36TJKW,1.285026,0.000118,0.028402,-0.2557,0.174217,358
11652,B00G3HM9ZI,1.36534,0.00018,0.030177,-0.324783,0.205466,461
11653,B00G4900RO,1.143185,0.000114,0.025267,-0.213316,0.245583,1949
11654,B00G4SDPHC,1.277524,0.000234,0.028235,-0.244393,0.204754,1215
11655,B00G55LYS6,1.152614,0.000296,0.025474,-0.213313,0.255871,2110
11656,B00G5KZ7HU,1.130699,7.9e-05,0.024991,-0.223874,0.194203,2124
11657,B00G5WO2VK,1.244541,0.00025,0.027506,-0.268538,0.211862,2161
11658,B00G6119KM,1.19727,0.00067,0.026454,-0.210862,0.221439,1412
11659,B00G6TQSX2,1.325873,0.00045,0.029302,-0.276427,0.191339,2451
11660,B00G6Z5MP6,1.512517,0.000703,0.033423,-0.326682,0.24233,845
11661,B00G75X158,1.346655,0.000276,0.029763,-0.310255,0.198766,2133
11662,B00G7S424O,1.3374,0.000459,0.029556,-0.279541,0.218653,379
11663,B00G7U29KQ,1.260708,0.000462,0.027861,-0.259002,0.275561,298
11664,B00G7UPGZQ,1.193958,0.000137,0.026389,-0.218901,0.177129,1630
11665,B00G7ZC4AG,1.277141,6.7e-05,0.028228,-0.252222,0.225307,1399
11666,B00G8OQODY,1.172306,0.000254,0.02591,-0.242295,0.193715,1466
11667,B00G8WB8MI,1.119159,0.000581,0.024729,-0.240099,0.202668,1873
11668,B00G9MV6TM,1.257223,-0.000464,0.027784,-0.299971,0.200062,935
11669,B00G9TCKR2,1.423223,0.000152,0.031456,-0.320541,0.225877,236
11670,B00GA60U76,1.424725,0.000394,0.031487,-0.30526,0.159237,222
11671,B00GAS8616,1.32765,0.000351,0.029342,-0.28146,0.253572,334
11672,B00GAXJJYY,1.411135,5.6e-05,0.03119,-0.340999,0.197259,242
11673,B00GAXJLRE,1.326142,-6e-06,0.029311,-0.288561,0.242686,449
11674,B00GBL5GDS,1.252336,-0.000122,0.027679,-0.291419,0.181024,300
11675,B00GBL8VJY,1.432691,0.000954,0.031652,-0.27164,0.210324,301
11676,B00GBMTWDC,1.418835,8.6e-05,0.03136,-0.357073,0.210618,249
11677,B00GBQSS56,1.254917,0.000297,0.027735,-0.231263,0.241284,939
11678,B00GCQMSVA,1.17521,0.000128,0.025975,-0.242053,0.197006,1986
11679,B00GDJTN3M,1.431714,0.000311,0.031643,-0.320892,0.258633,506
11680,B00GDJZH5K,1.451391,0.000197,0.032079,-0.325075,0.262872,497
11681,B00GDKBUDM,1.210842,0.000511,0.026758,-0.257591,0.223235,558
11682,B00GDLML02,1.243193,0.000813,0.027466,-0.270624,0.240612,1519
11683,B00GDTVJ7A,1.216012,0.000386,0.026874,-0.204711,0.187017,2208
11684,B00GEG0FRM,1.498434,-0.000222,0.033118,-0.387145,0.256256,2048
11685,B00GFBWWWC,1.186324,0.000548,0.026215,-0.207413,0.171751,1907
11686,B00GG0THQ6,1.251924,-0.000164,0.02767,-0.222925,0.166014,346
11687,B00GGH84CW,1.124337,0.000134,0.02485,-0.209804,0.167647,1871
11688,B00GGR7YGO,1.199871,3.8e-05,0.02652,-0.248693,0.175086,1913
11689,B00GGXFJ7O,1.246191,-8e-06,0.027544,-0.263366,0.17465,1771
11690,B00GGZRC22,1.253987,0.000226,0.027715,-0.261013,0.198331,1719
11691,B00GHK20PK,1.370895,0.000592,0.030294,-0.304871,0.208071,291
11692,B00GHNOQ54,1.179293,0.000463,0.026061,-0.281876,0.24528,596
11693,B00GHODSES,1.221406,0.000363,0.026994,-0.298356,0.201789,538
11694,B00GHXHSPY,1.370093,0.000471,0.030279,-0.308099,0.213996,2122
11695,B00GJ1UK3G,1.37991,-0.000393,0.030497,-0.233522,0.2018,2000
11696,B00GJ1ZNXI,1.380649,-0.000258,0.030515,-0.235155,0.206545,2008
11697,B00GJ4X3MI,1.308062,0.000705,0.028903,-0.247398,0.157859,1825
11698,B00GJ7WV8M,1.475721,0.000497,0.032613,-0.257385,0.186048,127
11699,B00GJG9JBA,1.600646,0.000807,0.035369,-0.27396,0.237613,149
11700,B00GJG9JCY,1.631591,0.000192,0.036062,-0.318268,0.195774,116
11701,B00GJW40MW,1.216374,0.000464,0.026881,-0.218395,0.177828,2019
11702,B00GJX58PE,1.280708,-0.000209,0.028306,-0.271081,0.203985,1847
11703,B00GJYQCB2,1.130298,-4.1e-05,0.024982,-0.234366,0.152131,1756
11704,B00GLE8SNK,1.185678,0.000293,0.026205,-0.267513,0.237812,1679
11705,B00GLS519U,1.346678,0.000512,0.029761,-0.309021,0.223605,544
11706,B00GLS554Q,1.458644,0.000295,0.032238,-0.346692,0.298623,548
11707,B00GLS55DC,1.45134,0.000407,0.032076,-0.32652,0.301415,540
11708,B00GLS58OS,1.342931,0.000158,0.029682,-0.316641,0.269085,547
11709,B00GLS58SO,1.48672,0.000352,0.032858,-0.340793,0.302394,532
11710,B00GLS5938,1.464387,0.000286,0.032365,-0.32842,0.303685,529
11711,B00GLS593S,1.516994,0.000367,0.033527,-0.353132,0.314045,526
11712,B00GLS5DCU,1.355236,-2.2e-05,0.029954,-0.286152,0.266639,412
11713,B00GLS5DKM,1.522476,0.000609,0.033645,-0.257525,0.176802,106
11714,B00GLS5DVQ,1.471608,0.000323,0.032525,-0.265762,0.175109,114
11715,B00GLYUWKM,1.293855,0.000307,0.028596,-0.265804,0.162511,238
11716,B00GM31224,1.335784,0.000321,0.029522,-0.249894,0.233924,1640
11717,B00GM3G6WK,1.367753,-0.000403,0.030228,-0.327733,0.237855,727
11718,B00GM6H9BO,1.341124,0.000512,0.029638,-0.25621,0.196403,1548
11719,B00GMAWI66,1.268967,0.000131,0.028047,-0.242543,0.172581,2006
11720,B00GMCP1R2,1.333605,0.000544,0.029471,-0.335741,0.256627,1626
11721,B00GMDIKV0,1.550795,0.000807,0.034267,-0.283807,0.192279,270
11722,B00GMIXWTU,1.125646,0.000156,0.024879,-0.207304,0.194135,1616
11723,B00GMMJKUQ,1.113235,0.000595,0.024598,-0.239359,0.224163,1138
11724,B00GMQDN64,1.15876,0.00029,0.02561,-0.265671,0.271575,714
11725,B00GMRJWPY,1.27278,0.00035,0.028129,-0.249793,0.198551,2465
11726,B00GMWMMOC,1.647906,0.000558,0.036419,-0.314072,0.230984,87
11727,B00GMWMMOW,1.658965,0.000939,0.036655,-0.301649,0.207734,85
11728,B00GMZUS2M,1.442327,0.000916,0.031866,-0.319118,0.373312,729
11729,B00GN5L14A,1.098155,0.000171,0.024271,-0.235027,0.168186,1899
11730,B00GNA9K3E,1.175553,0.000683,0.025974,-0.243589,0.243246,2039
11731,B00GNA9KKM,1.256024,8e-05,0.027761,-0.273969,0.254714,2049
11732,B00GNA9W4G,1.443059,0.000399,0.031893,-0.298536,0.292772,323
11733,B00GNA9WG4,1.458096,0.000815,0.032217,-0.312365,0.304601,441
11734,B00GNAA2J0,1.436068,0.000632,0.031734,-0.310734,0.30154,455
11735,B00GNJCZ3M,1.256305,0.00023,0.027767,-0.255061,0.225527,1991
11736,B00GOJMIWO,1.048542,-0.000403,0.023172,-0.206274,0.198937,1513
11737,B00GP184WO,1.075748,0.000409,0.023773,-0.184711,0.129212,2095
11738,B00GP2N66W,1.375885,0.000861,0.030398,-0.308438,0.206594,1665
11739,B00GPDRFPO,1.1413,1.9e-05,0.025226,-0.223726,0.179213,1948
11740,B00GPHK1PQ,1.450367,0.000113,0.032057,-0.283545,0.188635,224
11741,B00GPQUFUI,1.171502,0.000116,0.025893,-0.252999,0.181375,1877
11742,B00GPWYF94,1.157637,0.000423,0.025583,-0.209609,0.158768,2249
11743,B00GQ0GD4A,1.254342,0.000429,0.027721,-0.277025,0.233055,2231
11744,B00GQ9I9IO,1.351747,0.000412,0.029874,-0.29348,0.204973,2033
11745,B00GQQAQJC,1.420154,0.000594,0.031383,-0.335694,0.208234,555
11746,B00GR4SSIY,1.208739,0.000412,0.026713,-0.32597,0.298059,1293
11747,B00GR4SSPW,1.224282,-9e-06,0.02706,-0.274512,0.227321,1384
11748,B00GR4TPW2,1.310064,0.000704,0.028947,-0.274731,0.228238,360
11749,B00GRBVM0S,1.175398,-0.000157,0.025979,-0.239545,0.193214,1933
11750,B00GRPROVA,1.338366,0.000284,0.02958,-0.307185,0.26203,1816
11751,B00GRPRRL2,1.37971,0.000511,0.030491,-0.295137,0.264477,1822
11752,B00GRTQBTM,1.530227,0.000243,0.033821,-0.31021,0.189603,198
11753,B00GS7OKHS,1.565069,0.000259,0.034591,-0.411374,0.230794,2093
11754,B00GSCDIFS,1.454044,0.000268,0.032137,-0.337368,0.234734,756
11755,B00GSKNOK4,1.405993,0.000694,0.031068,-0.313627,0.296704,747
11756,B00GSZNT04,1.418481,-0.00031,0.03135,-0.324848,0.206676,207
11757,B00GTAJB78,1.242654,0.000175,0.027465,-0.221312,0.183386,1901
11758,B00GTBZ7HA,1.445494,-0.000138,0.031949,-0.299307,0.206685,114
11759,B00GTBZ85Q,1.572367,9.1e-05,0.034753,-0.308441,0.200143,88
11760,B00GTBZ8B0,1.435274,0.000113,0.031723,-0.277964,0.195701,109
11761,B00GTBZHCA,1.600608,0.000212,0.035377,-0.303341,0.207473,112
11762,B00GTBZHUW,1.618299,0.000279,0.035767,-0.305618,0.175662,86
11763,B00GTBZI6A,1.57678,4.3e-05,0.034851,-0.317597,0.198751,126
11764,B00GTBZN4C,1.582213,0.000175,0.03497,-0.317047,0.189193,106
11765,B00GTBZNP6,1.643766,0.000962,0.036319,-0.298447,0.203786,98
11766,B00GTBZOVE,1.567422,-0.000262,0.034643,-0.329932,0.203679,127
11767,B00GTBZWPW,1.583686,-0.000149,0.035003,-0.321891,0.186755,127
11768,B00GTBZXA6,1.610085,-6.6e-05,0.035587,-0.331981,0.221291,119
11769,B00GTBZXTC,1.595804,4e-05,0.035271,-0.347514,0.225072,132
11770,B00GTC02LA,1.595279,0.000198,0.035259,-0.320684,0.223571,160
11771,B00GTC03AU,1.570075,-7.6e-05,0.034702,-0.319199,0.206575,114
11772,B00GTC03OG,1.543756,-0.000209,0.03412,-0.306019,0.16512,122
11773,B00GTC0DFK,1.565761,-0.000455,0.034604,-0.29875,0.178607,82
11774,B00GTC0DYQ,1.568471,-0.000364,0.034665,-0.283999,0.1564,90
11775,B00GTC0E1I,1.306327,-4.5e-05,0.028873,-0.30406,0.26262,483
11776,B00GTC0IY6,1.64345,0.000343,0.036323,-0.280313,0.170357,76
11777,B00GTC1FFW,1.632176,0.000767,0.036067,-0.290403,0.168853,70
11778,B00GTC1HB4,1.640566,0.000989,0.036247,-0.289236,0.236992,102
11779,B00GTC1HCI,1.616154,0.00094,0.035709,-0.292011,0.239362,100
11780,B00GTC1JHQ,1.561332,0.000815,0.0345,-0.254938,0.176332,81
11781,B00GTC1JVM,1.546616,0.000812,0.034174,-0.260785,0.171044,83
11782,B00GTC1KZ2,1.684956,0.001235,0.037221,-0.28743,0.195407,58
11783,B00GTXB51K,1.226026,-0.000179,0.027098,-0.288663,0.234325,627
11784,B00GUC7XAW,1.58423,0.000921,0.035003,-0.290305,0.227819,110
11785,B00GUDR34W,1.271965,0.000467,0.02811,-0.296623,0.241938,959
11786,B00GUTLC0C,1.202694,0.000285,0.026581,-0.210039,0.165884,1909
11787,B00GW1HKHW,1.110775,9.4e-05,0.024551,-0.228419,0.145413,2191
11788,B00GW61EB0,1.183545,0.000154,0.026159,-0.244031,0.174899,2231
11789,B00GWRAFD2,1.180762,-5.5e-05,0.026098,-0.227492,0.226006,1910
11790,B00GXBEV0A,1.185387,-0.000215,0.026199,-0.232559,0.197426,1860
11791,B00GXE29EM,1.233366,0.000609,0.027254,-0.256816,0.165595,2036
11792,B00GXE7JP6,1.260765,0.000233,0.027865,-0.249258,0.217028,577
11793,B00GXFRF8Q,1.243185,1.8e-05,0.027477,-0.228881,0.167719,1770
11794,B00GXFZHD6,1.198585,0.000547,0.026486,-0.281408,0.231544,1109
11795,B00GXZS5VW,1.333108,0.000502,0.029461,-0.266305,0.293717,661
11796,B00GXZS7AG,1.375178,-0.000113,0.030395,-0.255858,0.187148,425
11797,B00GY3ZOMG,1.255476,0.00033,0.027747,-0.300319,0.1979,1103
11798,B00GY5XVWY,1.650428,-0.000415,0.036476,-0.292382,0.163013,99
11799,B00GYB107Q,1.637201,0.000445,0.036183,-0.319504,0.186474,109
11800,B00GYB13OQ,1.376699,5.1e-05,0.030428,-0.305603,0.23476,356
11801,B00GYB17P6,1.553128,0.000676,0.034321,-0.279869,0.196186,122
11802,B00GYB17TC,1.532102,-9.5e-05,0.033863,-0.305274,0.171481,101
11803,B00GYB17XI,1.604321,0.000379,0.035457,-0.313107,0.180556,84
11804,B00GYB1AQM,1.602128,0.000312,0.03541,-0.307116,0.181417,81
11805,B00GYB1AUI,1.548738,4e-06,0.034231,-0.314824,0.168501,108
11806,B00GYB1ECW,1.562186,6.9e-05,0.034528,-0.292278,0.17682,89
11807,B00GYF65TK,1.230969,0.000595,0.027201,-0.238543,0.167991,1822
11808,B00GYJWL7G,1.358074,0.000404,0.030014,-0.285754,0.207767,2816
11809,B00GYN9A08,1.248432,-0.000389,0.027591,-0.241595,0.151789,2367
11810,B00GZ18LL8,1.387292,0.000186,0.030662,-0.285028,0.196593,273
11811,B00GZLTD2Y,1.217018,0.000165,0.026899,-0.26444,0.230057,1146
11812,B00H0CVFGO,1.215764,0.000172,0.026871,-0.261624,0.186337,2023
11813,B00H0LVCVI,1.26633,-0.000191,0.027988,-0.313773,0.226061,1344
11814,B00H167AT0,1.517797,0.00062,0.033541,-0.29134,0.167485,146
11815,B00H1EHTAC,1.051661,0.000248,0.023243,-0.216644,0.159765,842
11816,B00H28JKO0,1.247606,0.000355,0.027573,-0.270438,0.202585,2236
11817,B00H2B2RLK,1.606422,-0.000188,0.035505,-0.377689,0.320784,449
11818,B00H2TZ4F8,1.090902,0.000411,0.024108,-0.24702,0.207645,1838
11819,B00H345TXO,1.264883,0.000224,0.027956,-0.257201,0.18778,457
11820,B00H3AC2WE,1.602565,0.000381,0.035419,-0.323821,0.182693,144
11821,B00H3MATM2,1.349299,-9.8e-05,0.029823,-0.300715,0.246602,1413
11822,B00H3RAPKI,1.370093,0.000483,0.030279,-0.319044,0.238408,878
11823,B00H416L6U,1.192846,4e-06,0.026365,-0.272101,0.25075,1206
11824,B00H41LTL2,1.623471,0.000437,0.03588,-0.300162,0.194657,103
11825,B00H4FMGGA,1.091157,0.000239,0.024116,-0.202246,0.213416,558
11826,B00H56KCUU,1.487649,0.000341,0.032879,-0.281634,0.279318,289
11827,B00H594L1S,1.406216,0.000754,0.031072,-0.296428,0.229969,403
11828,B00H5A513O,1.172172,0.00013,0.025908,-0.231212,0.184288,1796
11829,B00H5V3T2I,1.594618,0.0004,0.035243,-0.323184,0.189123,125
11830,B00H5V3T8M,1.594538,0.000367,0.035241,-0.317808,0.190949,126
11831,B00H7NKNE6,1.259734,0.000355,0.027841,-0.247794,0.200023,1755
11832,B00H8C82IU,1.239152,0.0002,0.027388,-0.262013,0.271556,1220
11833,B00H8I424W,1.20118,0.000243,0.026548,-0.216241,0.171635,2157
11834,B00H8JPMX6,1.178446,-0.0,0.026047,-0.241722,0.188344,360
11835,B00H8Z2LNY,1.316228,0.000545,0.029087,-0.240374,0.202569,1712
11836,B00H8ZLVTE,1.198591,-8.6e-05,0.026492,-0.284455,0.204898,680
11837,B00H927WRG,1.414923,0.000776,0.031264,-0.245861,0.162788,144
11838,B00H92CA8M,1.332141,0.000564,0.029438,-0.193661,0.147654,164
11839,B00H93NJLS,1.22982,0.000274,0.027181,-0.214579,0.192296,1595
11840,B00H941PVS,1.354089,0.000297,0.029927,-0.326692,0.239635,797
11841,B00H997F6M,1.581055,0.000447,0.034942,-0.327599,0.199029,232
11842,B00H9BLUES,1.283956,0.000529,0.028374,-0.295079,0.260232,1852
11843,B00HADEHUO,1.35093,0.000553,0.029854,-0.254997,0.214931,156
11844,B00HAPQT7Q,1.298188,0.000175,0.028693,-0.319206,0.237359,875
11845,B00HAQAREQ,1.353161,-9.2e-05,0.029908,-0.306399,0.212543,446
11846,B00HAQH3NY,1.500332,0.000176,0.033161,-0.280701,0.192942,84
11847,B00HAT8EKW,1.330764,4.8e-05,0.029413,-0.231991,0.177111,257
11848,B00HAZ4MBQ,1.533534,0.000797,0.033886,-0.351418,0.277852,803
11849,B00HB2JQNM,1.305286,0.000502,0.028846,-0.276049,0.281266,830
11850,B00HB831SM,1.354094,-0.000167,0.029928,-0.292838,0.255166,494
11851,B00HD4F8DK,1.263994,0.000462,0.027934,-0.325671,0.21338,1978
11852,B00HD7SCLM,1.229399,0.000309,0.027171,-0.232179,0.235891,788
11853,B00HDL5VA8,1.415199,-0.000241,0.031278,-0.257021,0.176752,233
11854,B00HDPR7G0,1.309788,0.000145,0.028949,-0.24943,0.224005,1895
11855,B00HDZGF4K,1.248457,0.000357,0.027592,-0.234822,0.155097,1943
11856,B00HE1GYD0,1.252669,0.000298,0.027685,-0.235014,0.175171,1890
11857,B00HE88JMC,1.411431,0.000558,0.031191,-0.307292,0.253457,499
11858,B00HEBIDDO,1.23603,-2.2e-05,0.027319,-0.29719,0.203618,839
11859,B00HEQKY7M,1.262181,0.000441,0.027894,-0.325818,0.210202,1979
11860,B00HERKPXY,1.41951,0.000897,0.031362,-0.272698,0.236044,289
11861,B00HF8TAP6,1.149168,0.000617,0.025392,-0.223675,0.266288,662
11862,B00HFGDRPC,1.536781,0.001107,0.033949,-0.279357,0.207263,161
11863,B00HFP4JZU,1.524969,0.000236,0.033705,-0.286123,0.195803,189
11864,B00HG07W80,1.265028,-0.000134,0.02796,-0.23894,0.216771,1776
11865,B00HG4OC3Y,1.474248,0.000707,0.032577,-0.228466,0.168207,171
11866,B00HGZ2GJA,1.203143,4.5e-05,0.026592,-0.307681,0.218549,836
11867,B00HHECHLC,1.192913,-1.3e-05,0.026366,-0.293993,0.215112,670
11868,B00HHR0SYW,1.266533,0.000306,0.027992,-0.261519,0.214523,1921
11869,B00HI0OOT8,1.069286,0.000291,0.023632,-0.228607,0.224742,1582
11870,B00HI6FN3S,1.275345,0.000231,0.028187,-0.216521,0.194445,2412
11871,B00HIDT94U,1.207818,0.000541,0.02669,-0.261345,0.14987,947
11872,B00HJCC9BA,1.201245,0.000544,0.026545,-0.295873,0.222704,1332
11873,B00HJD8NLY,1.482744,9e-05,0.032772,-0.323169,0.23522,412
11874,B00HLV4EB2,1.244662,0.000608,0.027503,-0.271129,0.197519,328
11875,B00HM6IV6K,1.578674,0.000448,0.03489,-0.27192,0.197256,113
11876,B00HM6IVXI,1.593061,0.000452,0.035208,-0.294729,0.20523,111
11877,B00HM6IXH2,1.689564,-0.000131,0.037343,-0.315049,0.185365,69
11878,B00HM6JLNW,1.679549,-0.000138,0.037122,-0.280805,0.181431,77
11879,B00HM6K6XQ,1.726096,-0.000131,0.038151,-0.274148,0.181047,79
11880,B00HM8PWEM,1.255365,0.000332,0.027745,-0.296279,0.216185,1810
11881,B00HNKRWI8,1.269102,7.1e-05,0.02805,-0.272151,0.200047,388
11882,B00HNKRWII,1.279852,0.00025,0.028287,-0.285342,0.208905,375
11883,B00HNKRWX8,1.282045,4.1e-05,0.028336,-0.283629,0.188915,367
11884,B00HNKRYP4,1.551866,0.00038,0.034298,-0.298267,0.194535,121
11885,B00HNSS8X8,1.514616,0.000283,0.033476,-0.335201,0.260086,325
11886,B00HNSSHUC,1.382126,0.000755,0.030539,-0.332026,0.249873,526
11887,B00HNSSJR8,1.341057,-5.7e-05,0.029641,-0.281029,0.247621,1664
11888,B00HNTBTOC,1.231326,0.00046,0.027211,-0.205585,0.186114,1765
11889,B00HOHLKY2,1.217528,0.000254,0.026909,-0.245836,0.172594,2015
11890,B00HP49992,1.334412,0.000225,0.029493,-0.263781,0.291439,645
11891,B00HQ5K426,1.304709,0.000136,0.028837,-0.243077,0.209514,1759
11892,B00HRGBSYW,1.168384,0.000281,0.025823,-0.229028,0.149285,1745
11893,B00HRK1EDS,1.184927,0.000349,0.026188,-0.264268,0.211359,807
11894,B00HS68LNW,1.200161,0.00026,0.026525,-0.238367,0.265125,1909
11895,B00HSE4WJ6,1.330256,0.000145,0.029402,-0.367766,0.219427,1873
11896,B00HSNWXTI,1.350583,0.000202,0.029851,-0.298151,0.234335,346
11897,B00HSNWXV6,1.31646,0.000266,0.029096,-0.289864,0.225033,350
11898,B00HSNWXVQ,1.327153,9.5e-05,0.029333,-0.283803,0.262213,489
11899,B00HSNWXYI,1.318696,-3.9e-05,0.029146,-0.292424,0.224776,347
11900,B00HSNWXZM,1.341221,0.000129,0.029644,-0.298743,0.230785,345
11901,B00HSNWZFU,1.59367,-0.000128,0.035224,-0.34117,0.242317,119
11902,B00HSNWZKU,1.164017,0.000186,0.025727,-0.251371,0.200253,547
11903,B00HSNX1AS,1.569962,-1.3e-05,0.0347,-0.301124,0.22492,135
11904,B00HST6XPC,1.212794,0.000312,0.026804,-0.270649,0.171915,2012
11905,B00HV464QW,1.326365,0.000699,0.029308,-0.277153,0.242302,539
11906,B00HVKJCPG,1.600701,0.00086,0.035369,-0.329406,0.203987,185
11907,B00HVSQ4UE,1.191654,4.1e-05,0.026338,-0.31392,0.220398,780
11908,B00HZ7IRSI,1.405133,0.000664,0.03105,-0.310576,0.187514,2463
11909,B00HZDYHGI,1.263444,0.000194,0.027925,-0.274172,0.255593,1692
11910,B00HZHKTEI,1.433284,0.000605,0.031673,-0.217722,0.168466,129
11911,B00I073WLE,1.314291,0.000307,0.029047,-0.253531,0.293961,709
11912,B00I0N24TY,1.2309,-0.000234,0.027205,-0.254251,0.280166,1177
11913,B00I0YRA1U,1.423686,0.000296,0.031466,-0.303221,0.21753,330
11914,B00I134Y82,1.29397,0.000228,0.028599,-0.292056,0.19496,478
11915,B00I14O9C2,1.413055,-0.000177,0.031232,-0.315935,0.206982,2158
11916,B00I16BT4Q,1.521293,0.000183,0.033624,-0.360864,0.214299,349
11917,B00I1ISDZM,1.145343,0.000119,0.025315,-0.196977,0.168845,2171
11918,B00I2495QG,1.186176,5.1e-05,0.026217,-0.217823,0.183915,2064
11919,B00I2OR6YE,1.259154,0.000378,0.027828,-0.301326,0.239438,1213
11920,B00I32AN4K,1.262423,-6e-06,0.027903,-0.261352,0.235744,1963
11921,B00I33UL3W,1.111462,0.000779,0.024554,-0.23648,0.236042,590
11922,B00I3SOP0M,1.339639,0.000205,0.029609,-0.258399,0.281555,849
11923,B00I46E8DC,1.196635,0.000254,0.026447,-0.273354,0.196022,1058
11924,B00I48BHQG,1.577735,0.000625,0.034866,-0.25878,0.234771,145
11925,B00I49QTXG,1.709658,-8.2e-05,0.037788,-0.301114,0.157386,76
11926,B00I49QWPG,1.601325,-0.000159,0.035393,-0.315031,0.203346,94
11927,B00I4ZERGG,1.348556,0.000737,0.029797,-0.269317,0.268645,2215
11928,B00I5GGJ3S,1.299136,0.000479,0.02871,-0.248082,0.228403,1828
11929,B00I5U1ARE,1.25531,0.000559,0.02774,-0.269467,0.273175,835
11930,B00I6CRX04,1.499288,-4.4e-05,0.033138,-0.263319,0.161629,108
11931,B00I6R90Q4,1.157512,-0.000177,0.025583,-0.238977,0.217624,1713
11932,B00I6RD7DQ,1.309927,6e-06,0.028953,-0.285148,0.218526,1750
11933,B00I87ISH4,1.154715,3e-06,0.025522,-0.252038,0.173211,1901
11934,B00IALDHDI,1.59971,0.000481,0.035354,-0.324457,0.277363,208
11935,B00IAMTLS2,1.177929,0.000517,0.02603,-0.229254,0.182756,2098
11936,B00IBL1YU0,1.346894,0.000798,0.029759,-0.283601,0.196946,2172
11937,B00IBMV2ME,1.218878,0.00042,0.026937,-0.236703,0.176898,2592
11938,B00IBS9QC6,1.263588,0.000192,0.027928,-0.253366,0.200103,1163
11939,B00IC7L3JK,1.247022,0.000294,0.027561,-0.237699,0.194952,2543
11940,B00IC8JBIE,1.30652,0.0003,0.028876,-0.280726,0.186324,1859
11941,B00IC9AG5A,1.254556,-3.2e-05,0.027729,-0.263715,0.168911,2708
11942,B00ICQV260,1.433923,0.000475,0.03169,-0.280712,0.188579,183
11943,B00ICXI5QI,1.172157,6e-05,0.025908,-0.264645,0.163995,1152
11944,B00ID8H16W,1.371715,0.000222,0.030317,-0.308951,0.228049,502
11945,B00ID8H1WG,1.370193,0.000311,0.030283,-0.303361,0.246224,452
11946,B00ID8H4OG,1.336487,0.000398,0.029537,-0.303659,0.210616,442
11947,B00ID8H51S,1.358125,0.0003,0.030016,-0.304347,0.229081,438
11948,B00IDWP4IA,1.290134,0.000268,0.028514,-0.263555,0.182999,1979
11949,B00IF8KB8U,1.30049,-0.000571,0.028738,-0.276539,0.230129,775
11950,B00IFVHJBO,1.222575,6.5e-05,0.027022,-0.236896,0.294149,639
11951,B00IFVHJCI,1.214132,4.9e-05,0.026835,-0.231467,0.293893,653
11952,B00IFVHJDM,1.259505,-5e-06,0.027838,-0.241784,0.288779,642
11953,B00IFVHJE6,1.250546,6.7e-05,0.02764,-0.237531,0.282061,645
11954,B00IG8ZS1E,1.364667,-0.000133,0.030162,-0.344887,0.227416,598
11955,B00IG9L8QM,1.215487,-0.000326,0.026863,-0.26898,0.209761,929
11956,B00IH49VBU,1.155838,-0.000265,0.025546,-0.228582,0.148189,2320
11957,B00IIB82FS,1.248146,6.7e-05,0.027587,-0.265111,0.194228,2062
11958,B00IIBB7A0,1.197244,0.000272,0.026461,-0.233052,0.194318,1420
11959,B00IIFOEM4,1.491706,0.000717,0.032963,-0.27097,0.18411,204
11960,B00IJYHRAK,1.328471,0.000114,0.029362,-0.259762,0.214768,1690
11961,B00IJZJ9K0,1.366202,0.000284,0.030195,-0.295606,0.209983,456
11962,B00IJZMXT4,1.372141,0.00015,0.030327,-0.302391,0.212079,395
11963,B00IK5DICE,1.376858,0.000674,0.030425,-0.290326,0.249994,519
11964,B00IKD3MX6,1.206766,0.000498,0.026668,-0.259965,0.166928,1928
11965,B00IKKORVU,1.245804,0.000134,0.027535,-0.261953,0.175008,2560
11966,B00IKLGNOS,1.181944,0.000241,0.026123,-0.252038,0.23993,616
11967,B00IKTTZ4K,1.794072,0.001053,0.039639,-0.370076,0.248543,165
11968,B00IKTU2XS,1.664323,0.00041,0.036783,-0.328483,0.210306,119
11969,B00ILH0IE2,1.134021,-5.7e-05,0.025065,-0.226934,0.213934,1703
11970,B00IM7O15S,1.543732,0.000499,0.034117,-0.377355,0.278486,327
11971,B00IMHN0B4,1.245295,0.000294,0.027523,-0.24911,0.184193,1488
11972,B00IMLLW6A,1.191902,0.000333,0.026342,-0.229256,0.199481,1922
11973,B00IMWA4RC,1.204154,0.000399,0.026612,-0.28618,0.241605,1559
11974,B00IOZWC2M,1.379136,4.5e-05,0.030482,-0.302455,0.192,854
11975,B00IP42FBA,1.244598,0.000207,0.027508,-0.229549,0.193436,1848
11976,B00IR3DL9O,1.289097,5e-06,0.028492,-0.264058,0.169686,2203
11977,B00IRBY2R6,1.256197,-0.000501,0.027761,-0.243618,0.203838,1888
11978,B00IRMZ6S4,1.319998,0.00022,0.029174,-0.310257,0.212708,1818
11979,B00IROPDPS,1.297673,5.6e-05,0.028682,-0.270849,0.177073,1857
11980,B00IS6XPQY,1.413435,0.00053,0.031236,-0.285737,0.223964,1835
11981,B00IS8QXXO,1.145918,0.000485,0.025323,-0.225369,0.163012,2227
11982,B00ISDOYV2,1.133336,-0.000504,0.025044,-0.26117,0.199325,1992
11983,B00ISW8ZVS,1.156934,0.00033,0.025569,-0.262637,0.283535,775
11984,B00ISW91BG,1.304946,0.000191,0.028842,-0.262861,0.220139,469
11985,B00ISW92F6,1.41366,0.000147,0.031245,-0.3286,0.273229,477
11986,B00ISW92FG,1.358923,0.000299,0.030034,-0.299376,0.24048,493
11987,B00IT1HKV4,1.119118,0.000156,0.024735,-0.201452,0.147104,1681
11988,B00IT4POOG,1.137698,0.000364,0.025143,-0.215213,0.17913,1746
11989,B00IT69F62,1.200373,6.1e-05,0.026531,-0.247802,0.176835,1633
11990,B00IT97BI8,1.283791,0.000547,0.02837,-0.25475,0.188582,1979
11991,B00ITA41T4,1.32486,0.000369,0.02928,-0.291505,0.188778,1564
11992,B00ITA8HD0,1.28149,0.000217,0.028323,-0.282602,0.190695,1899
11993,B00ITAANDW,1.278335,0.000155,0.028254,-0.294561,0.200101,1916
11994,B00ITXVZK4,1.363483,0.000312,0.030135,-0.336445,0.22777,1499
11995,B00IU079YM,1.268726,0.000214,0.028041,-0.260058,0.204992,1848
11996,B00IU2C148,1.181504,0.000516,0.026109,-0.245371,0.192815,2286
11997,B00IX42NB4,1.322437,0.000296,0.029228,-0.286046,0.180524,2070
11998,B00IX4MF76,1.322437,0.000296,0.029228,-0.286046,0.180524,2061
11999,B00IXVY8HO,1.151404,-0.000122,0.025449,-0.246127,0.191126,1657
12000,B00IXX8YMM,1.241409,0.000582,0.027432,-0.265321,0.169541,228
12001,B00IZQ66V8,1.314827,0.000331,0.029059,-0.305307,0.184115,1078
12002,B00J2CXNLA,1.487209,0.000779,0.032862,-0.378523,0.241284,1983
12003,B00J3JDCH2,1.390469,0.000591,0.030727,-0.330939,0.239456,535
12004,B00J4JWLJG,1.321384,0.000381,0.029203,-0.349064,0.22726,621
12005,B00J4JWN2Q,1.264305,0.000609,0.027938,-0.302271,0.208659,604
12006,B00J4QYWUU,1.210699,-0.000661,0.026751,-0.337089,0.224672,951
12007,B00J4S3OO8,1.189814,-0.000738,0.026287,-0.298264,0.233145,894
12008,B00J4SCZFM,1.205606,0.000315,0.026645,-0.24567,0.232802,2070
12009,B00J5D8BY0,1.337392,0.000598,0.029554,-0.290619,0.192387,471
12010,B00J8UJNU6,1.331097,0.0005,0.029416,-0.310942,0.207516,1893
12011,B00J9E8MPS,1.209195,-0.000162,0.026726,-0.202979,0.193875,1791
12012,B00JC77VEK,1.170707,0.000135,0.025875,-0.215791,0.175681,1928
12013,B00JCE89SU,1.128043,-3.2e-05,0.024933,-0.213228,0.185111,1867
12014,B00JEIM6MY,1.179035,0.000575,0.026053,-0.214224,0.1902,2020
12015,B00JF3RYPM,1.183734,0.000634,0.026156,-0.227921,0.211891,531
12016,B00JFH095K,1.278148,7.3e-05,0.02825,-0.298474,0.25841,861
12017,B00JGCU60W,1.37117,0.000391,0.030304,-0.395358,0.275168,680
12018,B00JJ3QMFQ,1.212698,0.000144,0.026803,-0.281683,0.221963,879
12019,B00JJVG6HC,1.165011,-0.000243,0.025748,-0.240189,0.191862,1056
12020,B00JK09NEA,1.273743,0.000127,0.028153,-0.291549,0.259193,880
12021,B00JK3ZHIS,1.215235,0.000124,0.026859,-0.237118,0.18674,1463
12022,B00JK5ZN76,1.218674,0.000308,0.026934,-0.263797,0.164742,1977
12023,B00JKC4TIS,1.42163,0.000736,0.031413,-0.273777,0.228021,271
12024,B00JL2TURM,1.312403,0.00067,0.029,-0.243224,0.212033,478
12025,B00JMJ6E5A,1.388762,0.000144,0.030695,-0.308532,0.227914,504
12026,B00JNI1DZQ,1.162151,0.000675,0.025678,-0.244649,0.190259,1343
12027,B00JPK2K0Y,1.341832,0.000222,0.029657,-0.266366,0.192441,1691
12028,B00JPMJK7I,1.09991,4e-05,0.024311,-0.201031,0.170069,1690
12029,B00JQ12U0M,1.328836,0.000793,0.02936,-0.265479,0.209684,1152
12030,B00JQ2UXOQ,1.327305,0.000833,0.029325,-0.285197,0.195865,1001
12031,B00JQP1SP6,1.170364,-0.000302,0.025866,-0.245508,0.17537,1951
12032,B00JR4FKGY,1.393844,4.9e-05,0.030807,-0.312708,0.23154,501
12033,B00JR4FOLA,1.3368,0.000468,0.029543,-0.307526,0.217975,505
12034,B00JRGQ09S,1.368506,0.000326,0.030246,-0.297243,0.217868,1894
12035,B00JT74V1O,1.240499,0.000188,0.027417,-0.238591,0.18191,1341
12036,B00JTUOVAM,1.493752,0.000461,0.033012,-0.305389,0.19172,129
12037,B00JTY6WQ4,1.175405,0.000317,0.025977,-0.214166,0.175588,1564
12038,B00JX979CQ,1.227188,7.5e-05,0.027124,-0.250531,0.197413,1485
12039,B00JYKBZ3I,1.198798,0.000213,0.026496,-0.238934,0.208195,1802
12040,B00JYY576U,1.366616,0.00033,0.030204,-0.274301,0.201639,878
12041,B00JZ0L7VC,1.349438,0.000614,0.02982,-0.287778,0.221434,459
12042,B00JZVMTOU,1.068708,0.000241,0.02362,-0.209116,0.227073,2089
12043,B00K1GQW5K,1.226536,-9.2e-05,0.027109,-0.246794,0.301791,1872
12044,B00K1H6AY2,1.243756,0.000167,0.02749,-0.253088,0.330249,1882
12045,B00K2O3NV2,1.217153,0.000217,0.026901,-0.241206,0.181875,1985
12046,B00K4FD59E,1.259739,0.000205,0.027843,-0.271863,0.199172,1097
12047,B00K6NKJ3Y,1.047114,0.000362,0.023141,-0.190576,0.196253,1721
12048,B00K7ER6LU,1.520212,0.000628,0.033595,-0.348074,0.214801,2055
12049,B00K7PO996,1.230755,0.000335,0.027201,-0.220564,0.197631,1336
12050,B00K83VT5Y,1.486081,0.000409,0.032844,-0.367391,0.222415,2198
12051,B00K861Z4G,1.492126,0.000431,0.032977,-0.372066,0.226572,2145
12052,B00K86E9PI,1.401386,0.000447,0.030971,-0.33367,0.193339,1957
12053,B00KAL5JAU,1.268359,0.000326,0.028032,-0.245062,0.20035,973
12054,B00KBGHC9K,1.193177,6.3e-05,0.026372,-0.290731,0.220966,1803
12055,B00KBIX8MS,1.180149,0.000964,0.026066,-0.289074,0.213009,1599
12056,B00KCFAZTE,1.381193,0.000691,0.03052,-0.30034,0.215977,1873
12057,B00KCTER3U,1.319651,0.000394,0.029165,-0.241002,0.172667,1946
12058,B00KD73PBQ,1.295915,1.6e-05,0.028643,-0.258616,0.197425,1927
12059,B00KDOV8DG,1.231686,0.000355,0.027221,-0.230764,0.168894,2133
12060,B00KEGG6S0,1.148005,-0.000305,0.025372,-0.262307,0.202006,1939
12061,B00KFM16OW,1.30594,0.000502,0.02886,-0.270486,0.179831,2044
12062,B00KGDRCZW,1.190125,5.2e-05,0.026305,-0.251441,0.255975,1543
12063,B00KH6F6TM,1.311291,-0.000138,0.028982,-0.262141,0.197819,1055
12064,B00KHGIK54,1.372648,0.000386,0.030336,-0.301528,0.21334,369
12065,B00KHH2VOY,1.397161,4.8e-05,0.030881,-0.25322,0.19076,283
12066,B00KI5UL8I,1.170699,0.000258,0.025874,-0.233784,0.145752,1957
12067,B00KIEGBHE,1.218705,0.000406,0.026933,-0.257076,0.186737,2026
12068,B00KK1V28I,1.210431,0.000316,0.026752,-0.282696,0.208102,1516
12069,B00KK62714,1.181718,-0.000379,0.026116,-0.273336,0.251388,1055
12070,B00KKKW03U,1.138633,0.000347,0.025164,-0.228146,0.180009,1285
12071,B00KLA4INE,1.257452,-0.000114,0.027793,-0.264725,0.199446,1625
12072,B00KLJDYL2,1.378634,0.000261,0.03047,-0.315154,0.24301,1422
12073,B00KLZO2JE,1.18943,-7.2e-05,0.026289,-0.242029,0.226775,1861
12074,B00KNIL36E,1.259133,0.000396,0.027827,-0.208716,0.188301,1643
12075,B00KNJOLSA,1.159192,1.7e-05,0.025621,-0.192992,0.165974,1877
12076,B00KPKIV8I,1.328405,0.000138,0.029361,-0.27639,0.201699,2138
12077,B00KQ4PEBU,1.171934,0.000192,0.025902,-0.22337,0.19449,1820
12078,B00KQBR9FM,1.259974,0.000297,0.027847,-0.274117,0.152464,278
12079,B00KQVTX06,1.361504,0.000119,0.030092,-0.254843,0.203828,2305
12080,B00KTAJAIY,1.138229,-0.000122,0.025157,-0.216261,0.237153,1660
12081,B00KTLBDYM,1.351201,0.000195,0.029864,-0.273112,0.185438,215
12082,B00KTLBEEQ,1.356205,0.000213,0.029975,-0.275444,0.188052,215
12083,B00KTP8Q1G,1.219425,0.000533,0.026947,-0.210724,0.167559,1908
12084,B00KVE7R0Q,1.184785,0.000355,0.026184,-0.219409,0.155772,2192
12085,B00KVO2JWC,1.453113,0.000521,0.032113,-0.339904,0.212793,317
12086,B00KWE08Q0,1.27637,0.000509,0.028206,-0.311194,0.180409,2073
12087,B00KXG8JF4,1.390463,0.000406,0.03073,-0.294373,0.231048,475
12088,B00L0C529Q,1.245211,-2e-05,0.027522,-0.262232,0.202143,1696
12089,B00L2K53BS,1.226554,-0.000183,0.027109,-0.258984,0.220328,1770
12090,B00L2KVF9W,1.329112,0.00063,0.02937,-0.282128,0.233374,2101
12091,B00L3K91OW,1.425311,0.000653,0.031496,-0.323524,0.214858,292
12092,B00L3LB0IG,1.465903,0.000596,0.032395,-0.348379,0.202195,303
12093,B00L3LBUGI,1.459292,0.000533,0.03225,-0.350881,0.22018,401
12094,B00L5BXG36,1.128556,0.000774,0.024932,-0.199995,0.150579,1832
12095,B00L5JHZJO,1.42368,0.000484,0.031463,-0.282813,0.210469,2070
12096,B00L5KTZ0K,1.063415,0.000177,0.023503,-0.210836,0.226035,1950
12097,B00L6Q3BH6,1.290701,0.000469,0.028524,-0.248635,0.193741,177
12098,B00LCEROA2,1.400304,0.000273,0.030949,-0.236073,0.159769,66
12099,B00LG63DOM,1.258771,9e-05,0.027822,-0.250595,0.208597,1909
12100,B00LLPT4HI,1.298681,0.000259,0.028703,-0.295205,0.193657,1165
