sid_prefix,collision_group_size,dedup_last,item_id,asin,item_text
37-177-177-18,18,0,8879,B006GQ9G34,"REVLON Colorburst Lip Butter, Creamsicle, 0.09 Ounce Revlon Color burst lip butter combines beautiful color with a buttery balm to give you baby soft, healthy glowing lips. It has a pampering gel formula which glides on lips buttery smooth and instantly hydrates lips. Makeup Beauty Lipstick Lips"
37-177-177-18,18,1,8880,B006GQB6BE,"REVLON Colorburst Lip Butter, Sugar Plum, 0.09 Ounce Revlon Color burst lip butter combines beautiful color with a buttery balm to give you baby soft, healthy glowing lips. It has a pampering gel formula which glides on lips buttery smooth and instantly hydrates lips. Makeup Beauty Lipstick Lips"
37-177-177-18,18,2,8881,B006GQCMJO,"REVLON Colorburst Lip Butter, Fig Jam, 0.09 Ounce Revlon Color burst lip butter combines beautiful color with a buttery balm to give you baby soft, healthy glowing lips. It has a pampering gel formula which glides on lips buttery smooth and instantly hydrates lips. Makeup Beauty Lipstick Lips"
37-177-177-18,18,3,8882,B006GQE27E,"REVLON Colorburst Lip Butter, Candy Apple, 0.09 Ounce Revlon Color burst lip butter combines beautiful color with a buttery balm to give you baby soft, healthy glowing lips. It has a pampering gel formula which glides on lips buttery smooth and instantly hydrates lips. Makeup Beauty Lipstick Lips"
37-177-177-18,18,4,8883,B006GQEI0A,"REVLON Colorburst Lip Butter, Sweet Tart, 0.09 Ounce Revlon Color burst lip butter combines beautiful color with a buttery balm to give you baby soft, healthy glowing lips. It has a pampering gel formula which glides on lips buttery smooth and instantly hydrates lips. Makeup Beauty Lipstick Lips"
37-177-177-18,18,5,8884,B006GQEWEC,"REVLON Colorburst Lip Butter, Raspberry Pie, 0.09 Ounce Revlon Color burst lip butter combines beautiful color with a buttery balm to give you baby soft, healthy glowing lips. It has a pampering gel formula which glides on lips buttery smooth and instantly hydrates lips. Makeup Beauty Lipstick Lips"
37-177-177-18,18,6,8885,B006GQFHYG,"REVLON Colorburst Lip Butter, Red Velvet, 0.09 Ounce Revlon Color burst lip butter combines beautiful color with a buttery balm to give you baby soft, healthy glowing lips. It has a pampering gel formula which glides on lips buttery smooth and instantly hydrates lips. Makeup Beauty Lipstick Lips"
37-177-177-18,18,7,8886,B006GQG9GQ,"REVLON Colorburst Lip Butter, Pink Truffle, 0.09 Ounce Revlon Color burst lip butter combines beautiful color with a buttery balm to give you baby soft, healthy glowing lips. It has a pampering gel formula which glides on lips buttery smooth and instantly hydrates lips. Makeup Beauty Lipstick Lips"
37-177-177-18,18,8,8887,B006GQH096,"REVLON Colorburst Lip Butter, Lollipop, 0.09 Ounce Revlon Color burst lip butter combines beautiful color with a buttery balm to give you baby soft, healthy glowing lips. It has a pampering gel formula which glides on lips buttery smooth and instantly hydrates lips. Makeup Beauty Lipstick Lips"
37-177-177-18,18,9,8888,B006GQHYW4,"REVLON Colorburst Lip Butter, Cotton Candy, 0.09 Ounce Revlon Color burst lip butter combines beautiful color with a buttery balm to give you baby soft, healthy glowing lips. It has a pampering gel formula which glides on lips buttery smooth and instantly hydrates lips. Makeup Beauty Lipstick Lips"
37-177-177-18,18,10,8889,B006GQO2Z6,"REVLON Colorburst Lip Butter, Cupcake, 0.09 Ounce Revlon Color burst lip butter combines beautiful color with a buttery balm to give you baby soft, healthy glowing lips. It has a pampering gel formula which glides on lips buttery smooth and instantly hydrates lips. Makeup Beauty Lipstick Lips"
37-177-177-18,18,11,8890,B006GQPZ8E,"REVLON Colorburst Lip Butter, Peach Parfait, 0.09 Ounce Revlon Color burst lip butter combines beautiful color with a buttery balm to give you baby soft, healthy glowing lips. It has a pampering gel formula which glides on lips buttery smooth and instantly hydrates lips. Makeup Beauty Lipstick Lips"
37-177-177-18,18,12,8891,B006GQSBZS,"REVLON Colorburst Lip Butter, Creme Brulee, 0.09 Ounce Revlon Color burst lip butter combines beautiful color with a buttery balm to give you baby soft, healthy glowing lips. It has a pampering gel formula which glides on lips buttery smooth and instantly hydrates lips. Makeup Beauty Lipstick Lips"
37-177-177-18,18,13,8892,B006GQSH0C,"REVLON Colorburst Lip Butter, Sugar Frosting, 0.09 Ounce Revlon Color burst lip butter combines beautiful color with a buttery balm to give you baby soft, healthy glowing lips. It has a pampering gel formula which glides on lips buttery smooth and instantly hydrates lips. Makeup Beauty Lipstick Lips"
37-177-177-18,18,14,8893,B006GQSS7O,"REVLON Colorburst Lip Butter, Gumdrop, 0.09 Ounce Revlon Color burst lip butter combines beautiful color with a buttery balm to give you baby soft, healthy glowing lips. It has a pampering gel formula which glides on lips buttery smooth and instantly hydrates lips. Makeup Beauty Lipstick Lips"
37-177-177-18,18,15,8894,B006GQTZ8A,"REVLON Colorburst Lip Butter, Berry Smoothie, 0.09 Ounce Revlon Color burst lip butter combines beautiful color with a buttery balm to give you baby soft, healthy glowing lips. It has a pampering gel formula which glides on lips buttery smooth and instantly hydrates lips. Makeup Beauty Lipstick Lips"
37-177-177-18,18,16,9055,B006OZF74O,"REVLON Colorburst Lip Butter, Tutti Frutti, 0.09 Ounce Revlon Color burst lip butter combines beautiful color with a buttery balm to give you baby soft, healthy glowing lips. It has a pampering gel formula which glides on lips buttery smooth and instantly hydrates lips. Makeup Beauty Lipstick Lips"
37-177-177-18,18,17,9056,B006OZF7C6,"REVLON Colorburst Lip Butter, Brown Sugar, 0.09 Ounce Revlon Color burst lip butter combines beautiful color with a buttery balm to give you baby soft, healthy glowing lips. It has a pampering gel formula which glides on lips buttery smooth and instantly hydrates lips. Makeup Beauty Lipstick Lips"
26-200-186-28,15,0,8250,B005GCZ3YK,"New Design Jumbo Nail Art Image Plate (I2) over 42 Nailart Designs by Cheeky&reg; New Designs Nail Art Stamper Image PlateThese Cheeky stamping plates are fabulous and make a perfect addition to any nail art collection.The results are an eye catching, detailed and crisp nail design - probably impossible to implement in free hand or any other nail art technique.Helpful Hints:-Make sure you remove the protective plastic cover from the front of the plates before attempting to use.Wet a cotton ball w/ pure acetone and hold it with tweezers in order to avoid ruining the designs on your nails.Use the acetone soaked cotton ball to wipe nail polish off of the plates and stamper.The plate should be dry before applying more polish. Use a thick highly pigmented polish for stamping. Work fast!If you take too long the polish will dry on the plate or stamper and you will not get it to transfer.If you are working fast and the polish does not transfer try another type of polish, some polished are extra quick drying.Be gentle when you apply top coat or you may smear your design.Becoming an official ""Cheeky Chick""Cheeky is a lady's best friend!It is a one stop shop for ladies beauty needs such as: makeup, nails, personal care products or innovative beauty gadgets, all are only few clicks away when shopping on our Cheeky shop.Cheeky's famous high quality products and services are guaranteed with every purchase of one of our products.After the purchase of your first Cheeky item, you will become an official ""Cheeky Chick"" and most likely develop severe addiction to Cheeky's products.You will find that enjoyable shopping experience, excellent service and stylish high quality products can be bought at a fair price.Please note that we offer fast (from the UK) and slow (from China) shipping options for your convenience. Please select your most suitable shipping option according to your needs and budget. Beauty Tools & Accessories Nail Art Equipment Nail Tools"
26-200-186-28,15,1,8631,B005WTLB9S,"New Design Jumbo Nail Art Image Plate (K2) of Over Than 139 Designs by Cheeky&reg; New Designs Nail Art Stamper Image PlateThese Cheeky stamping plates are fabulous and make a perfect addition to any nail art collection.The results are an eye catching, detailed and crisp nail design - probably impossible to implement in free hand or any other nail art technique.Helpful Hints:-Make sure you remove the protective plastic cover from the front of the plates before attempting to use.Wet a cotton ball w/ pure acetone and hold it with tweezers in order to avoid ruining the designs on your nails.Use the acetone soaked cotton ball to wipe nail polish off of the plates and stamper.The plate should be dry before applying more polish. Use a thick highly pigmented polish for stamping. Work fast!If you take too long the polish will dry on the plate or stamper and you will not get it to transfer.If you are working fast and the polish does not transfer try another type of polish, some polished are extra quick drying.Be gentle when you apply top coat or you may smear your design.Becoming an official ""Cheeky Chick""Cheeky is a lady's best friend!It is a one stop shop for ladies beauty needs such as: makeup, nails, personal care products or innovative beauty gadgets, all are only few clicks away when shopping on our Cheeky shop.Cheeky's famous high quality products and services are guaranteed with every purchase of one of our products.After the purchase of your first Cheeky item, you will become an official ""Cheeky Chick"" and most likely develop severe addiction to Cheeky's products.You will find that enjoyable shopping experience, excellent service and stylish high quality products can be bought at a fair price.Please note that we offer fast (from the UK) and slow (from China) shipping options for your convenience. Please select your most suitable shipping option according to your needs and budget. Beauty Tools & Accessories Nail Art Equipment Nail Tools"
26-200-186-28,15,2,9039,B006OMHU4C,"New Design Jumbo Nail Art Image Plate (A) of 42 Full Nailart Designs by Cheeky&reg; New Designs Nail Art Stamper Image PlateThese Cheeky stamping plates are fabulous and make a perfect addition to any nail art collection.The results are an eye catching, detailed and crisp nail design - probably impossible to implement in free hand or any other nail art technique.Helpful Hints:-Make sure you remove the protective plastic cover from the front of the plates before attempting to use.Wet a cotton ball w/ pure acetone and hold it with tweezers in order to avoid ruining the designs on your nails.Use the acetone soaked cotton ball to wipe nail polish off of the plates and stamper.The plate should be dry before applying more polish. Use a thick highly pigmented polish for stamping. Work fast!If you take too long the polish will dry on the plate or stamper and you will not get it to transfer.If you are working fast and the polish does not transfer try another type of polish, some polished are extra quick drying.Be gentle when you apply top coat or you may smear your design.Becoming an official ""Cheeky Chick""Cheeky is a lady's best friend!It is a one stop shop for ladies beauty needs such as: makeup, nails, personal care products or innovative beauty gadgets, all are only few clicks away when shopping on our Cheeky shop.Cheeky's famous high quality products and services are guaranteed with every purchase of one of our products.After the purchase of your first Cheeky item, you will become an official ""Cheeky Chick"" and most likely develop severe addiction to Cheeky's products.You will find that enjoyable shopping experience, excellent service and stylish high quality products can be bought at a fair price.Please note that we offer fast (from the UK) and slow (from China) shipping options for your convenience. Please select your most suitable shipping option according to your needs and budget. Makeup Nails Beauty Nail Polish Remover"
26-200-186-28,15,3,9041,B006OMHUL0,"New Design Jumbo Nail Art Image Plate (B) of 42 Full Nailart Designs by Cheeky&reg; New Designs Nail Art Stamper Image PlateThese Cheeky stamping plates are fabulous and make a perfect addition to any nail art collection.The results are an eye catching, detailed and crisp nail design - probably impossible to implement in free hand or any other nail art technique.Helpful Hints:-Make sure you remove the protective plastic cover from the front of the plates before attempting to use.Wet a cotton ball w/ pure acetone and hold it with tweezers in order to avoid ruining the designs on your nails.Use the acetone soaked cotton ball to wipe nail polish off of the plates and stamper.The plate should be dry before applying more polish. Use a thick highly pigmented polish for stamping. Work fast!If you take too long the polish will dry on the plate or stamper and you will not get it to transfer.If you are working fast and the polish does not transfer try another type of polish, some polished are extra quick drying.Be gentle when you apply top coat or you may smear your design.Becoming an official ""Cheeky Chick""Cheeky is a lady's best friend!It is a one stop shop for ladies beauty needs such as: makeup, nails, personal care products or innovative beauty gadgets, all are only few clicks away when shopping on our Cheeky shop.Cheeky's famous high quality products and services are guaranteed with every purchase of one of our products.After the purchase of your first Cheeky item, you will become an official ""Cheeky Chick"" and most likely develop severe addiction to Cheeky's products.You will find that enjoyable shopping experience, excellent service and stylish high quality products can be bought at a fair price.Please note that we offer fast (from the UK) and slow (from China) shipping options for your convenience. Please select your most suitable shipping option according to your needs and budget. Beauty Tools & Accessories Nail Art Equipment Nail Tools"
26-200-186-28,15,4,9043,B006OMHV00,"New Design Jumbo Nail Art Image Plate (C) of 42 Full Nailart Designs by Cheeky&reg; New Designs Nail Art Stamper Image PlateThese Cheeky stamping plates are fabulous and make a perfect addition to any nail art collection.The results are an eye catching, detailed and crisp nail design - probably impossible to implement in free hand or any other nail art technique.Helpful Hints:-Make sure you remove the protective plastic cover from the front of the plates before attempting to use.Wet a cotton ball w/ pure acetone and hold it with tweezers in order to avoid ruining the designs on your nails.Use the acetone soaked cotton ball to wipe nail polish off of the plates and stamper.The plate should be dry before applying more polish. Use a thick highly pigmented polish for stamping. Work fast!If you take too long the polish will dry on the plate or stamper and you will not get it to transfer.If you are working fast and the polish does not transfer try another type of polish, some polished are extra quick drying.Be gentle when you apply top coat or you may smear your design.Becoming an official ""Cheeky Chick""Cheeky is a lady's best friend!It is a one stop shop for ladies beauty needs such as: makeup, nails, personal care products or innovative beauty gadgets, all are only few clicks away when shopping on our Cheeky shop.Cheeky's famous high quality products and services are guaranteed with every purchase of one of our products.After the purchase of your first Cheeky item, you will become an official ""Cheeky Chick"" and most likely develop severe addiction to Cheeky's products.You will find that enjoyable shopping experience, excellent service and stylish high quality products can be bought at a fair price.Please note that we offer fast (from the UK) and slow (from China) shipping options for your convenience. Please select your most suitable shipping option according to your needs and budget. Beauty Tools & Accessories Nail Art Equipment Nail Tools"
26-200-186-28,15,5,9753,B0082XRHGM,"New Design Jumbo Nail Art Image Plate (D) of 42 Full Nailart Designs by Cheeky&reg; New Designs Nail Art Stamper Image PlateThese Cheeky stamping plates are fabulous and make a perfect addition to any nail art collection.The results are an eye catching, detailed and crisp nail design - probably impossible to implement in free hand or any other nail art technique.Helpful Hints:-Make sure you remove the protective plastic cover from the front of the plates before attempting to use.Wet a cotton ball w/ pure acetone and hold it with tweezers in order to avoid ruining the designs on your nails.Use the acetone soaked cotton ball to wipe nail polish off of the plates and stamper.The plate should be dry before applying more polish. Use a thick highly pigmented polish for stamping. Work fast!If you take too long the polish will dry on the plate or stamper and you will not get it to transfer.If you are working fast and the polish does not transfer try another type of polish, some polished are extra quick drying.Be gentle when you apply top coat or you may smear your design.Becoming an official ""Cheeky Chick""Cheeky is a lady's best friend!It is a one stop shop for ladies beauty needs such as: makeup, nails, personal care products or innovative beauty gadgets, all are only few clicks away when shopping on our Cheeky shop.Cheeky's famous high quality products and services are guaranteed with every purchase of one of our products.After the purchase of your first Cheeky item, you will become an official ""Cheeky Chick"" and most likely develop severe addiction to Cheeky's products.You will find that enjoyable shopping experience, excellent service and stylish high quality products can be bought at a fair price.Please note that we offer fast (from the UK) and slow (from China) shipping options for your convenience. Please select your most suitable shipping option according to your needs and budget. Beauty Tools & Accessories Nail Art Equipment Nail Tools"
26-200-186-28,15,6,11013,B00B83G0OS,"New Nail Art Jumbo Stamp Stamping Manicure Image Plate 1 Viva Mexico by Cheeky&reg; New Designs Nail Art Stamper Image PlateThese Cheeky stamping plates are fabulous and make a perfect addition to any nail art collection.The results are an eye catching, detailed and crisp nail design - probably impossible to implement in free hand or any other nail art technique.Helpful Hints:-Make sure you remove the protective plastic cover from the front of the plates before attempting to use.Wet a cotton ball w/ pure acetone and hold it with tweezers in order to avoid ruining the designs on your nails.Use the acetone soaked cotton ball to wipe nail polish off of the plates and stamper.The plate should be dry before applying more polish. Use a thick highly pigmented polish for stamping. Work fast!If you take too long the polish will dry on the plate or stamper and you will not get it to transfer.If you are working fast and the polish does not transfer try another type of polish, some polished are extra quick drying.Be gentle when you apply top coat or you may smear your design.Becoming an official ""Cheeky Chick""Cheeky is a lady's best friend!It is a one stop shop for ladies beauty needs such as: makeup, nails, personal care products or innovative beauty gadgets, all are only few clicks away when shopping on our Cheeky shop.Cheeky's famous high quality products and services are guaranteed with every purchase of one of our products.After the purchase of your first Cheeky item, you will become an official ""Cheeky Chick"" and most likely develop severe addiction to Cheeky's products.You will find that enjoyable shopping experience, excellent service and stylish high quality products can be bought at a fair price.Please note that we offer fast (from the UK) and slow (from China) shipping options for your convenience. Please select your most suitable shipping option according to your needs and budget. Beauty Tools & Accessories Nail Art Equipment Nail Tools"
26-200-186-28,15,7,11014,B00B83H62I,"Nail Art Jumbo Stamp Stamping Manicure Image Plate 2 Tropical Holiday by Cheeky&reg; New Designs Nail Art Stamper Image PlateThese Cheeky stamping plates are fabulous and make a perfect addition to any nail art collection.The results are an eye catching, detailed and crisp nail design - probably impossible to implement in free hand or any other nail art technique.Helpful Hints:-Make sure you remove the protective plastic cover from the front of the plates before attempting to use.Wet a cotton ball w/ pure acetone and hold it with tweezers in order to avoid ruining the designs on your nails.Use the acetone soaked cotton ball to wipe nail polish off of the plates and stamper.The plate should be dry before applying more polish. Use a thick highly pigmented polish for stamping. Work fast!If you take too long the polish will dry on the plate or stamper and you will not get it to transfer.If you are working fast and the polish does not transfer try another type of polish, some polished are extra quick drying.Be gentle when you apply top coat or you may smear your design.Becoming an official ""Cheeky Chick""Cheeky is a lady's best friend!It is a one stop shop for ladies beauty needs such as: makeup, nails, personal care products or innovative beauty gadgets, all are only few clicks away when shopping on our Cheeky shop.Cheeky's famous high quality products and services are guaranteed with every purchase of one of our products.After the purchase of your first Cheeky item, you will become an official ""Cheeky Chick"" and most likely develop severe addiction to Cheeky's products.You will find that enjoyable shopping experience, excellent service and stylish high quality products can be bought at a fair price.Please note that we offer fast (from the UK) and slow (from China) shipping options for your convenience. Please select your most suitable shipping option according to your needs and budget. Beauty Tools & Accessories Nail Art Equipment Nail Tools"
26-200-186-28,15,8,11015,B00B83I86G,"Nail Art Jumbo Stamp Stamping Manicure Image Plate 3 European Romance by Cheeky&reg; New Designs Nail Art Stamper Image PlateThese Cheeky stamping plates are fabulous and make a perfect addition to any nail art collection.The results are an eye catching, detailed and crisp nail design - probably impossible to implement in free hand or any other nail art technique.Helpful Hints:-Make sure you remove the protective plastic cover from the front of the plates before attempting to use.Wet a cotton ball w/ pure acetone and hold it with tweezers in order to avoid ruining the designs on your nails.Use the acetone soaked cotton ball to wipe nail polish off of the plates and stamper.The plate should be dry before applying more polish. Use a thick highly pigmented polish for stamping. Work fast!If you take too long the polish will dry on the plate or stamper and you will not get it to transfer.If you are working fast and the polish does not transfer try another type of polish, some polished are extra quick drying.Be gentle when you apply top coat or you may smear your design.Becoming an official ""Cheeky Chick""Cheeky is a lady's best friend!It is a one stop shop for ladies beauty needs such as: makeup, nails, personal care products or innovative beauty gadgets, all are only few clicks away when shopping on our Cheeky shop.Cheeky's famous high quality products and services are guaranteed with every purchase of one of our products.After the purchase of your first Cheeky item, you will become an official ""Cheeky Chick"" and most likely develop severe addiction to Cheeky's products.You will find that enjoyable shopping experience, excellent service and stylish high quality products can be bought at a fair price.Please note that we offer fast (from the UK) and slow (from China) shipping options for your convenience. Please select your most suitable shipping option according to your needs and budget. Makeup Nails Beauty Nail Art"
26-200-186-28,15,9,11016,B00B83LNWC,"Nail Art Jumbo Stamp Stamping Manicure Image Plate 6 Happy Holidays by Cheeky&reg; New Designs Nail Art Stamper Image PlateThese Cheeky stamping plates are fabulous and make a perfect addition to any nail art collection.The results are an eye catching, detailed and crisp nail design - probably impossible to implement in free hand or any other nail art technique.Helpful Hints:-Make sure you remove the protective plastic cover from the front of the plates before attempting to use.Wet a cotton ball w/ pure acetone and hold it with tweezers in order to avoid ruining the designs on your nails.Use the acetone soaked cotton ball to wipe nail polish off of the plates and stamper.The plate should be dry before applying more polish. Use a thick highly pigmented polish for stamping. Work fast!If you take too long the polish will dry on the plate or stamper and you will not get it to transfer.If you are working fast and the polish does not transfer try another type of polish, some polished are extra quick drying.Be gentle when you apply top coat or you may smear your design.Becoming an official ""Cheeky Chick""Cheeky is a lady's best friend!It is a one stop shop for ladies beauty needs such as: makeup, nails, personal care products or innovative beauty gadgets, all are only few clicks away when shopping on our Cheeky shop.Cheeky's famous high quality products and services are guaranteed with every purchase of one of our products.After the purchase of your first Cheeky item, you will become an official ""Cheeky Chick"" and most likely develop severe addiction to Cheeky's products.You will find that enjoyable shopping experience, excellent service and stylish high quality products can be bought at a fair price.Please note that we offer fast (from the UK) and slow (from China) shipping options for your convenience. Please select your most suitable shipping option according to your needs and budget. Makeup Nails Beauty Nail Art"
26-200-186-28,15,10,11017,B00B83SVFY,"Nail Art Jumbo Stamp Stamping Manicure Image Plate 7 Home Sweet Home by Cheeky&reg; New Designs Nail Art Stamper Image PlateThese Cheeky stamping plates are fabulous and make a perfect addition to any nail art collection.The results are an eye catching, detailed and crisp nail design - probably impossible to implement in free hand or any other nail art technique.Helpful Hints:-Make sure you remove the protective plastic cover from the front of the plates before attempting to use.Wet a cotton ball w/ pure acetone and hold it with tweezers in order to avoid ruining the designs on your nails.Use the acetone soaked cotton ball to wipe nail polish off of the plates and stamper.The plate should be dry before applying more polish. Use a thick highly pigmented polish for stamping. Work fast!If you take too long the polish will dry on the plate or stamper and you will not get it to transfer.If you are working fast and the polish does not transfer try another type of polish, some polished are extra quick drying.Be gentle when you apply top coat or you may smear your design.Becoming an official ""Cheeky Chick""Cheeky is a lady's best friend!It is a one stop shop for ladies beauty needs such as: makeup, nails, personal care products or innovative beauty gadgets, all are only few clicks away when shopping on our Cheeky shop.Cheeky's famous high quality products and services are guaranteed with every purchase of one of our products.After the purchase of your first Cheeky item, you will become an official ""Cheeky Chick"" and most likely develop severe addiction to Cheeky's products.You will find that enjoyable shopping experience, excellent service and stylish high quality products can be bought at a fair price.Please note that we offer fast (from the UK) and slow (from China) shipping options for your convenience. Please select your most suitable shipping option according to your needs and budget. Beauty Tools & Accessories Nail Art Equipment Nail Tools"
26-200-186-28,15,11,11018,B00B83TVS0,"Nail Art Jumbo Stamp Polish Manicure Image Plate 8 Princess Charming by Cheeky&reg; New Designs Nail Art Stamper Image PlateThese Cheeky stamping plates are fabulous and make a perfect addition to any nail art collection.The results are an eye catching, detailed and crisp nail design - probably impossible to implement in free hand or any other nail art technique.Helpful Hints:-Make sure you remove the protective plastic cover from the front of the plates before attempting to use.Wet a cotton ball w/ pure acetone and hold it with tweezers in order to avoid ruining the designs on your nails.Use the acetone soaked cotton ball to wipe nail polish off of the plates and stamper.The plate should be dry before applying more polish. Use a thick highly pigmented polish for stamping. Work fast!If you take too long the polish will dry on the plate or stamper and you will not get it to transfer.If you are working fast and the polish does not transfer try another type of polish, some polished are extra quick drying.Be gentle when you apply top coat or you may smear your design.Becoming an official ""Cheeky Chick""Cheeky is a lady's best friend!It is a one stop shop for ladies beauty needs such as: makeup, nails, personal care products or innovative beauty gadgets, all are only few clicks away when shopping on our Cheeky shop.Cheeky's famous high quality products and services are guaranteed with every purchase of one of our products.After the purchase of your first Cheeky item, you will become an official ""Cheeky Chick"" and most likely develop severe addiction to Cheeky's products.You will find that enjoyable shopping experience, excellent service and stylish high quality products can be bought at a fair price.Please note that we offer fast (from the UK) and slow (from China) shipping options for your convenience. Please select your most suitable shipping option according to your needs and budget. Makeup Nails Beauty Nail Art"
26-200-186-28,15,12,11019,B00B83V0HK,"Nail Art Jumbo Stamp Stamping Manicure Image Plate 9 Wild At Heart by Cheeky&reg; New Designs Nail Art Stamper Image PlateThese Cheeky stamping plates are fabulous and make a perfect addition to any nail art collection.The results are an eye catching, detailed and crisp nail design - probably impossible to implement in free hand or any other nail art technique.Helpful Hints:-Make sure you remove the protective plastic cover from the front of the plates before attempting to use.Wet a cotton ball w/ pure acetone and hold it with tweezers in order to avoid ruining the designs on your nails.Use the acetone soaked cotton ball to wipe nail polish off of the plates and stamper.The plate should be dry before applying more polish. Use a thick highly pigmented polish for stamping. Work fast!If you take too long the polish will dry on the plate or stamper and you will not get it to transfer.If you are working fast and the polish does not transfer try another type of polish, some polished are extra quick drying.Be gentle when you apply top coat or you may smear your design.Becoming an official ""Cheeky Chick""Cheeky is a lady's best friend!It is a one stop shop for ladies beauty needs such as: makeup, nails, personal care products or innovative beauty gadgets, all are only few clicks away when shopping on our Cheeky shop.Cheeky's famous high quality products and services are guaranteed with every purchase of one of our products.After the purchase of your first Cheeky item, you will become an official ""Cheeky Chick"" and most likely develop severe addiction to Cheeky's products.You will find that enjoyable shopping experience, excellent service and stylish high quality products can be bought at a fair price.Please note that we offer fast (from the UK) and slow (from China) shipping options for your convenience. Please select your most suitable shipping option according to your needs and budget. Beauty Tools & Accessories Nail Art Equipment Nail Tools"
26-200-186-28,15,13,11020,B00B83VXYK,"Nail Art Jumbo Stamp Stamping Manicure Image Plate 10 - Happy Nails by Cheeky&reg; New Designs Nail Art Stamper Image PlateThese Cheeky stamping plates are fabulous and make a perfect addition to any nail art collection.The results are an eye catching, detailed and crisp nail design - probably impossible to implement in free hand or any other nail art technique.Helpful Hints:-Make sure you remove the protective plastic cover from the front of the plates before attempting to use.Wet a cotton ball w/ pure acetone and hold it with tweezers in order to avoid ruining the designs on your nails.Use the acetone soaked cotton ball to wipe nail polish off of the plates and stamper.The plate should be dry before applying more polish. Use a thick highly pigmented polish for stamping. Work fast!If you take too long the polish will dry on the plate or stamper and you will not get it to transfer.If you are working fast and the polish does not transfer try another type of polish, some polished are extra quick drying.Be gentle when you apply top coat or you may smear your design.Becoming an official ""Cheeky Chick""Cheeky is a lady's best friend!It is a one stop shop for ladies beauty needs such as: makeup, nails, personal care products or innovative beauty gadgets, all are only few clicks away when shopping on our Cheeky shop.Cheeky's famous high quality products and services are guaranteed with every purchase of one of our products.After the purchase of your first Cheeky item, you will become an official ""Cheeky Chick"" and most likely develop severe addiction to Cheeky's products.You will find that enjoyable shopping experience, excellent service and stylish high quality products can be bought at a fair price.Please note that we offer fast (from the UK) and slow (from China) shipping options for your convenience. Please select your most suitable shipping option according to your needs and budget. Beauty Tools & Accessories Nail Art Equipment Nail Tools"
26-200-186-28,15,14,11021,B00B840UKW,"Set 10 Nail Art Jumbo Polish Stamp Stamping Manicure Image Plates U1 by Cheeky&reg; New Designs Nail Art Stamper Image PlateThese Cheeky stamping plates are fabulous and make a perfect addition to any nail art collection.The results are an eye catching, detailed and crisp nail design - probably impossible to implement in free hand or any other nail art technique.Helpful Hints:-Make sure you remove the protective plastic cover from the front of the plates before attempting to use.Wet a cotton ball w/ pure acetone and hold it with tweezers in order to avoid ruining the designs on your nails.Use the acetone soaked cotton ball to wipe nail polish off of the plates and stamper.The plate should be dry before applying more polish. Use a thick highly pigmented polish for stamping. Work fast!If you take too long the polish will dry on the plate or stamper and you will not get it to transfer.If you are working fast and the polish does not transfer try another type of polish, some polished are extra quick drying.Be gentle when you apply top coat or you may smear your design.Becoming an official ""Cheeky Chick""Cheeky is a lady's best friend!It is a one stop shop for ladies beauty needs such as: makeup, nails, personal care products or innovative beauty gadgets, all are only few clicks away when shopping on our Cheeky shop.Cheeky's famous high quality products and services are guaranteed with every purchase of one of our products.After the purchase of your first Cheeky item, you will become an official ""Cheeky Chick"" and most likely develop severe addiction to Cheeky's products.You will find that enjoyable shopping experience, excellent service and stylish high quality products can be bought at a fair price.Please note that we offer fast (from the UK) and slow (from China) shipping options for your convenience. Please select your most suitable shipping option according to your needs and budget. Makeup Nails Beauty Nail Art"
209-250-221-199,11,0,6401,B003UH0528,"Sigma F80 - Flat Kabuki TM Sigma Beauty Unique Feature: Dense and flat head
Function: Buffed foundation application
Recommended Use: Blend liquid or cream products onto flat areas of the face such as the forehead and cheeks.
Bristle Type: Synthetic Sigmax

 2013 Sigma Enterprises, LLC Makeup Brushes & Tools Beauty Tools & Accessories Brushes & Applicators"
209-250-221-199,11,1,6783,B0045W22SW,"Sigma F82 - Round Kabuki TM Sigma Beauty Unique Feature: Dense and rounded head
Function: Buffed powder foundation application
Recommended Use: Blend mineral products onto the skin.
Bristle Type: Synthetic Sigmax

 2013 Sigma Enterprises, LLC Makeup Brushes & Tools Beauty Tools & Accessories Brushes & Applicators"
209-250-221-199,11,2,6785,B0045W4X16,"Sigma F84 - Angled Kabuki TM Sigma Beauty Unique Feature: Soft and angled head
Function: Blended cream product application
Recommended Use: Buff cream blush or bronzer onto the skin.
Bristle Type: Synthetic Sigmax

 2013 Sigma Enterprises, LLC Makeup Brushes & Tools Beauty Tools & Accessories Brushes & Applicators"
209-250-221-199,11,3,8493,B005OZZO5W,"Sigma F20 - Large Powder Sigma Beauty Unique Feature: Very soft and extra-large flat head
Function: Controlled bronzer application
Recommended Use: Bronzing of the cheekbones and temple area. Using the flat side gives definition and control. Bristle Type: Natural

 2013 Sigma Enterprises, LLC Makeup Brushes & Tools Beauty Tools & Accessories Brushes & Applicators"
209-250-221-199,11,4,8494,B005P00JRE,"Sigma F25 - Tapered Face Sigma Beauty Unique Feature: Large and tapered with a precise tip
Function: Exact product placement onto cheeks
Recommended Use: Apply powder, blush or contour shades onto the cheeks and temples. Tapered shape gives exact placement of product.
Bristle Type: Natural

 2012 Sigma Enterprises, LLC Makeup Brushes & Tools Beauty Tools & Accessories Brushes & Applicators"
209-250-221-199,11,5,8607,B005V1A05S,"Sigma F86 - Tapered Kabuki TM Sigma Beauty Unique Feature: Dense and tapered head 
Function: Precise application of concealer or foundation products 
Recommended Use: Best for concealing the under eye and hard to reach areas of the face. 
Bristle Type: Synthetic Sigmax 

 2013 Sigma Enterprises, LLC Makeup Brushes & Tools Beauty Tools & Accessories Brushes & Applicators"
209-250-221-199,11,6,8610,B005V1NPZU,"Sigma P80 - Precision Flat TM Sigma Beauty Unique Feature: Small, dense and flat head
Function: Precise concealer application
Recommended Use: Stipple concealer onto sun spots, blemishes, and other small imperfections.
Bristle Type: Synthetic Sigmax

 2013 Sigma Enterprises, LLC Makeup Brushes & Tools Beauty Tools & Accessories Brushes & Applicators"
209-250-221-199,11,7,8611,B005V1QLUG,"Sigma P82 - Precision Round TM Sigma Beauty Unique Feature: Small, dense and rounded head
Function: Fingertip-like application
Recommended Use: Apply shadow base or primer onto the lid.
Bristle Type: Synthetic Sigmax

 2013 Sigma Enterprises, LLC Makeup Brushes & Tools Beauty Tools & Accessories Brushes & Applicators"
209-250-221-199,11,8,8612,B005V1TL12,"Sigma P84 - Precision Angled TM Sigma Beauty Unique Feature: Small, dense and flat angled head
Function: Precise contouring
Recommended Use: Apply product to areas such as the sides of the nose and the hollows of the cheeks.
Bristle Type: Synthetic Sigmax

 2013 Sigma Enterprises, LLC Makeup Brushes & Tools Beauty Tools & Accessories Brushes & Applicators"
209-250-221-199,11,9,10041,B008K1YYM6,"Sigma F88 - Flat Angled Kabuki TM Sigma Beauty Unique Feature: Soft and angled head
Function: Blended cream product application
Recommended Use: Blends foundation easily onto hard-to-reach areas of the face. Angle fits all areas of the face seamlessly. Works especially well on cheekbones and contours of the nose.
Bristle Type: Synthetic Sigmax

 2013 Sigma Enterprises, LLC Makeup Brushes & Tools Beauty Tools & Accessories Brushes & Applicators"
209-250-221-199,11,10,10042,B008K21OSC,"Sigma P88 - Precision Flat Angled TM Sigma Beauty Unique Feature: Small, dense and flat angled head
Function: Precise contouring
Recommended Use: Use for precise application of concealer products anywhere on the face. Works particularly well around the eyes and nose.
Bristle Type: Synthetic Sigmax

 2013 Sigma Enterprises, LLC Makeup Brushes & Tools Beauty Tools & Accessories Brushes & Applicators"
47-127-190-47,11,0,10581,B00A2XU2X0,"China Glaze Nail Lacquer, Surreal Appeal, 0.5 Fluid Ounce China Glaze Express yourself online and off with amazing china glaze color. Select from over 300 high gloss colors that give the confidence of gorgeous nails wherever and whenever it's time to shine. Makeup Nails Beauty Nail Polish"
47-127-190-47,11,1,10584,B00A2Y02TI,"China Glaze Nail Lacquer, Escaping Reality, 0.5 Fluid Ounce China Glaze Express yourself online and off with amazing china glaze color. Select from over 300 high gloss colors that give the confidence of gorgeous nails wherever and whenever it's time to shine. Makeup Nails Beauty Nail Polish"
47-127-190-47,11,2,10586,B00A2Y3LD2,"China Glaze Nail Lacquer, Whirled Away, 0.5 Fluid Ounce China Glaze Express yourself online and off with amazing china glaze color. Select from over 300 high gloss colors that give the confidence of gorgeous nails wherever and whenever it's time to shine. Makeup Nails Beauty Nail Polish"
47-127-190-47,11,3,10589,B00A2Y6PG2,"China Glaze Nail Lacquer, Creative Fantasy, 0.5 Fluid Ounce China Glaze Express yourself online and off with amazing china glaze color. Select from over 300 high gloss colors that give the confidence of gorgeous nails wherever and whenever it's time to shine. Makeup Nails Beauty Nail Polish"
47-127-190-47,11,4,10987,B00B3TNLJE,"China Glaze Nail Lacquer, Keep Calm, Paint On, 0.5 Fluid Ounce China Glaze Express yourself online and off with amazing china glaze color. Select from over 300 high gloss colors that give the confidence of gorgeous nails wherever and whenever it's time to shine. Makeup Nails Beauty Nail Polish"
47-127-190-47,11,5,11092,B00BGAO4QE,"China Glaze Nail Lacquer, Neon and On and On, 0.5 Fluid Ounce China Glaze Express yourself online and off with amazing china glaze color. Select from over 300 high gloss colors that give the confidence of gorgeous nails wherever and whenever it's time to shine. Makeup Nails Beauty Nail Polish"
47-127-190-47,11,6,11093,B00BGAOJGY,"China Glaze Nail Lacquer, Highlight Of My Summer, 0.5 Fluid Ounce China Glaze Express yourself online and off with amazing china glaze color. Select from over 300 high gloss colors that give the confidence of gorgeous nails wherever and whenever it's time to shine. Makeup Nails Beauty Nail Polish"
47-127-190-47,11,7,11120,B00BKUHH50,"China Glaze Nail Lacquer, Sun Of A Peach, 0.5 Fluid Ounce China Glaze Express yourself online and off with amazing china glaze color. Select from over 300 high gloss colors that give the confidence of gorgeous nails wherever and whenever it's time to shine. Makeup Nails Beauty Nail Polish"
47-127-190-47,11,8,11121,B00BKUHIO0,"China Glaze Nail Lacquer, That's Shore Bright, 0.5 Fluid Ounce China Glaze Express yourself online and off with amazing china glaze color. Select from over 300 high gloss colors that give the confidence of gorgeous nails wherever and whenever it's time to shine. Makeup Nails Beauty Nail Polish"
47-127-190-47,11,9,11122,B00BKUHJ0S,"China Glaze Nail Lacquer, Too Yacht To Handle, 0.5 Fluid Ounce China Glaze Express yourself online and off with amazing china glaze color. Select from over 300 high gloss colors that give the confidence of gorgeous nails wherever and whenever it's time to shine. Makeup Nails Beauty Nail Polish"
47-127-190-47,11,10,11123,B00BKUHK98,"China Glaze Nail Lacquer, Are You Jelly?, 0.5 Fluid Ounce China Glaze Express yourself online and off with amazing china glaze color. Select from over 300 high gloss colors that give the confidence of gorgeous nails wherever and whenever it's time to shine. Makeup Nails Beauty Nail Polish"
104-78-12-88,8,0,2358,B000V8I38M,"Diane Hair Pins Assorted Size, Black, 100/card Diane Assorted size hair pins with ball tips. Great for up-dos. Black. 100 per card. Hair Care Beauty Hair Pins Styling Accessories Styling Tools"
104-78-12-88,8,1,2821,B0012NIXU8,"Diane 3&quot; Hair Pins, Black, 32/card Diane 3 inches hair pins with ball tips. Great for up-dos. Black. 32 per card. Hair Care Beauty Hair Pins Styling Accessories Styling Tools"
104-78-12-88,8,2,3336,B001A38Q52,"Diane 2&quot; Bobby Pins, Bronze, 300-pack Tub Diane 2 inches bob pins for hair. Great for up-dos. Simulated rubber tips. Crimped style. Bronze. 300 per tub. Hair Care Beauty Hair Pins Styling Accessories Styling Tools"
104-78-12-88,8,3,3337,B001A3ATP2,"Diane 2&quot; Bobby Pins, Black, 300-pack Tub Diane 2 inches bob pins for hair. Great for up-dos. Simulated rubber tips. Crimped style. Black. 300 per tub. Hair Care Beauty Hair Pins Styling Accessories Styling Tools"
104-78-12-88,8,4,4752,B002BDW2NW,"Diane 2.5&quot; Jumbo Bob Pins, Bronze, 100-pack Tub Diane 2.5 inches jumbo bob pins for hair. Great for up-dos. Simulated rubber tips. Flat style. Bronze. 100 per tub. Hair Care Beauty Hair Pins Styling Accessories Styling Tools"
104-78-12-88,8,5,4952,B002HWS7LS,"Diane Jumbo Bob Pins, Black, 40/card, 12-pack Diane 2.5"" black jumbo bob pins. Flat style with simulated rubber tips. 40-pack. Hair Care Beauty Hair Pins Styling Accessories Styling Tools"
104-78-12-88,8,6,9282,B00752ZINU,"Diane 2&quot; Bobby Pins, Black, 1lb Box Diane 2 inches bob pins for hair. Great for up-dos. Simulated rubber tips. Crimped style. Black. One pound box. Hair Care Beauty Hair Pins Styling Accessories Styling Tools"
104-78-12-88,8,7,9283,B00752ZKSS,"Diane 2.5&quot; Curved Jumbo Bob Pins, Black, 80-ct Bin Diane 2.5 inches curved jumbo bob pins for hair. Simulated rubber tips. Great for wrap styles and up-dos. Black. 80 per tub. Hair Care Beauty Hair Pins Styling Accessories Styling Tools"
104-97-228-22,8,0,242,B00011JI88,"Ardell Fashion Lashes - 120 Black Demi Ardell 100% Human hair. Fashion lashes look so real, so natural that others think you were born with beautiful, lush eyelashes. Made of 100% sterilized human hair, each lash strip is knotted and feathered by hand to achieve the highest quality. When used with eyelash adhesive, they are easy to apply, comfortable to wear, and stay secure until you take them off. Each pair can be re-used up to three weeks. Lashes made in Sri Lanka. Beauty Tools & Accessories Eyelash Tools Fake Eyelashes & Adhesives Makeup Brushes & Tools"
104-97-228-22,8,1,3895,B001FYZTEW,"Ardell Fashion Lashes Pair - 109 Demi (Pack of 4) Ardell Ardell fashion lashes look so real, so natural that others think you were born with beautiful, lush eyelashes.  made of 100% sterilized human hair, each lash strip is knotted and feathered by hand to achieve the highest quality.  when used with ardell lashgrip eyelash adhesive, they are easy to apply, comfortable to wear, and stay secure until you take them off.  each pair can be re-used up to three weeks.  application and care instructions inside package. Beauty Tools & Accessories Eyelash Tools Fake Eyelashes & Adhesives Makeup Brushes & Tools"
104-97-228-22,8,2,6604,B003ZS1O7W,"Ardell Fashion Lashes Pair - 113 (Pack of 4) Ardell Ardell fashion lashes look so real, so natural that others think you were born with beautiful, lush eyelashes.  made of 100% sterilized human hair, each lash strip is knotted and feathered by hand to achieve the highest quality.  when used with ardell lashgrip eyelash adhesive, they are easy to apply, comfortable to wear, and stay secure until you take them off.  each pair can be re-used up to three weeks.  application and care instructions inside package. Beauty Tools & Accessories Eyelash Tools Fake Eyelashes & Adhesives Makeup Brushes & Tools"
104-97-228-22,8,3,6605,B003ZS4WJY,"Ardell Fashion Lashes Pair - 110 Demi Lashes (Pack of 4) Ardell Ardell fashion lashes look so real, so natural that others think you were born with beautiful, lush eyelashes.  made of 100% sterilized human hair, each lash strip is knotted and feathered by hand to achieve the highest quality.  when used with ardell lashgrip eyelash adhesive, they are easy to apply, comfortable to wear, and stay secure until you take them off.  each pair can be re-used up to three weeks.  application and care instructions inside package. Beauty Tools & Accessories Eyelash Tools Fake Eyelashes & Adhesives Makeup Brushes & Tools"
104-97-228-22,8,4,6606,B003ZS6OJK,"Ardell Fashion Lashes Strip Lashes 120 Black -(4 Pack) Ardell Ardell fashion lashes look so real, so natural that others think you were born with beautiful, lush eyelashes.  made of 100% sterilized human hair, each lash strip is knotted and feathered by hand to achieve the highest quality.  when used with ardell lashgrip eyelash adhesive, they are easy to apply, comfortable to wear, and stay secure until you take them off.  each pair can be re-used up to three weeks.  application and care instructions inside package. Beauty Tools & Accessories Eyelash Tools Fake Eyelashes & Adhesives Makeup Brushes & Tools"
104-97-228-22,8,5,6608,B003ZS6ONQ,"Ardell Fashion Lashes Pair - 118 (Pack of 4) Ardell Ardell fashion lashes look so real, so natural that others think you were born with beautiful, lush eyelashes.  made of 100% sterilized human hair, each lash strip is knotted and feathered by hand to achieve the highest quality.  when used with ardell lashgrip eyelash adhesive, they are easy to apply, comfortable to wear, and stay secure until you take them off.  each pair can be re-used up to three weeks.  application and care instructions inside package. Beauty Tools & Accessories Eyelash Tools Fake Eyelashes & Adhesives Makeup Brushes & Tools"
104-97-228-22,8,6,6610,B003ZS8MNG,"Ardell Fashion Lashes Pair - 105 (Pack of 4) Ardell Ardell fashion lashes look so real, so natural that others think you were born with beautiful, lush eyelashes.  made of 100% sterilized human hair, each lash strip is knotted and feathered by hand to achieve the highest quality.  when used with ardell lashgrip eyelash adhesive, they are easy to apply, comfortable to wear, and stay secure until you take them off.  each pair can be re-used up to three weeks.  application and care instructions inside package. Beauty Tools & Accessories Eyelash Tools Fake Eyelashes & Adhesives Makeup Brushes & Tools"
104-97-228-22,8,7,6669,B0041R15AC,"Ardell Fashion Lashes Pair - Wispies (Pack of 4) Ardell Ardell fashion lashes look so real, so natural that others think you were born with beautiful, lush eyelashes.  made of 100% sterilized human hair, each lash strip is knotted and feathered by hand to achieve the highest quality.  when used with ardell lashgrip eyelash adhesive, they are easy to apply, comfortable to wear, and stay secure until you take them off.  each pair can be re-used up to three weeks.  application and care instructions inside package. Beauty Tools & Accessories Eyelash Tools Fake Eyelashes & Adhesives Makeup Brushes & Tools"
108-228-126-41,8,0,8346,B005J5TIYK,"Gelish Soak Off 0.5 oz Ooca Coocha Bing Bang Bam Gel Nail Color Harmony Polish Harmony These gels come in an array of fun colors. It applies like polish, with twist cap and applicator, but are cured in a LED lamp in 30 seconds or in 2 minutes in traditional UV lamps. Gelish stays on nails for three weeks with no chipping or peeling, and soak completely off in only 15 minutes. Makeup Nails Beauty Nail Polish"
108-228-126-41,8,1,9078,B006R3CORG,"Gelish Soak-Off Gel Polish by Nail Harmony - 01523 My Forbidden Love Gelish Gelish Soak-Off Gel Polish by Nail Harmony comes in 84 different colors to DAZZLE you!. These array of colors, apply like ordinary nail polish, with twist cap and applicator, but are cured in a LED lamp in 30 seconds or in two minutes in traditional UV lamps, just like gels. Gelish stays on nails for three weeks with no chipping or peeling, and soak completely off in only 15 minutes. Makeup Nails Beauty Nail Polish"
108-228-126-41,8,2,9600,B007S5A2K8,Gelish Candy Land Soak-Off Gel Polish - Sugar Daddy Gelish Nail Harmony Gelish Candy Land collection.The gel applies like polish but is cured under a UV light like gel nails.Cures in a LED lamp in 30 seconds and in two minutes with 36 watt or higher UV nail light.Gelish stays on nails for three weeks with no chipping or peeling.Soaks completely off in only 15 minutes. Makeup Nails Beauty Nail Polish
108-228-126-41,8,3,9601,B007S5BB8A,Gelish Candy Land Soak-Off Gel Polish - Orange Cream Dream Gelish Nail Harmony Gelish Candy Land collection.The gel applies like polish but is cured under a UV light like gel nails.Cures in a LED lamp in 30 seconds and in two minutes with 36 watt or higher UV nail light.Gelish stays on nails for three weeks with no chipping or peeling.Soaks completely off in only 15 minutes. Makeup Nails Beauty Nail Polish
108-228-126-41,8,4,9628,B007TXSLHU,"Gelish Soak Off .5 oz Sheek White Gel Nail Color UV Manicure Harmony Polish Pedi Harmony These gels come in an array of fun colors. It applies like polish, with twist cap and applicator, but are cured in a LED lamp in 30 seconds or in 2 minutes in traditional UV lamps. Gelish stays on nails for three weeks with no chipping or peeling, and soak completely off in only 15 minutes. Makeup Nails Beauty Nail Polish"
108-228-126-41,8,5,9629,B007TY3IAE,"Gelish Soak Off 0.5 oz Champagne Gel Nail Color UV Manicure Harmony Polish Pedi Gelish These gels come in an array of fun colors. It applies like polish, with twist cap and applicator, but are cured in a LED lamp in 30 seconds or in 2 minutes in traditional UV lamps. Gelish stays on nails for three weeks with no chipping or peeling, and soak completely off in only 15 minutes. Makeup Nails Beauty Nail Polish"
108-228-126-41,8,6,9650,B007V5CMJE,Gelish Candy Land Soak-Off Gel Polish - Sugar N' Spice &amp; Everything Nice Gelish Nail Harmony Gelish Candy Land collection.The gel applies like polish but is cured under a UV light like gel nails.Cures in a LED lamp in 30 seconds and in two minutes with 36 watt or higher UV nail light.Gelish stays on nails for three weeks with no chipping or peeling.Soaks completely off in only 15 minutes. Makeup Nails Beauty Nail Polish
108-228-126-41,8,7,9785,B0084OCSAE,Gelish Candy Land Soak-Off Gel Polish - You're So Sweet You're Giving Me A Toothache Gelish Nail Harmony Gelish Candy Land collection.The gel applies like polish but is cured under a UV light like gel nails.Cures in a LED lamp in 30 seconds and in two minutes with 36 watt or higher UV nail light.Gelish stays on nails for three weeks with no chipping or peeling.Soaks completely off in only 15 minutes. Makeup Nails Beauty Nail Polish
197-216-102-70,8,0,4281,B001P1ZC9M,"LOreal EverPure Volume Shampoo L&#39;Oreal Paris EverPure conditioners are creamy, protective formulas that help preserve and maintain color brilliance. Color-treated hair requires special care. The EverPure Sulfate-Free Color Care System protects and conditions hair for long-lasting color purity. The unique UV filters help protect color-treated hair against sun damage. Shampoos Beauty Hair Care"
197-216-102-70,8,1,4284,B001P1ZEL8,"L'Oreal Paris EverPure Sulfate-Free Color Care System Volume Conditioner, 8.5 Fluid Ounce L&#39;Oreal Paris EverPure conditioners are creamy, protective formulas that help preserve and maintain color brilliance. Color-treated hair requires special care. The EverPure Sulfate-Free Color Care System protects and conditions hair for long-lasting color purity. The unique UV filters help protect color-treated hair against sun damage. Beauty Hair Care Conditioners"
197-216-102-70,8,2,4285,B001P1ZELS,"L'Oreal Paris EverPure Sulfate-Free Color Care System Moisture Shampoo, 8.5 Fluid Ounce L&#39;Oreal Paris EverPure conditioners are creamy, protective formulas that help preserve and maintain color brilliance. Color-treated hair requires special care. The EverPure Sulfate-Free Color Care System protects and conditions hair for long-lasting color purity. The unique UV filters help protect color-treated hair against sun damage. Shampoos Beauty Hair Care"
197-216-102-70,8,3,4286,B001P1ZEMC,"L'Oreal Paris EverPure Sulfate-Free Color Care System Smooth Conditioner, 8.5 Fluid Ounce L&#39;Oreal Paris EverPure conditioners are creamy, protective formulas that help preserve and maintain color brilliance. Color-treated hair requires special care. The EverPure Sulfate-Free Color Care System protects and conditions hair for long-lasting color purity. The unique UV filters help protect color-treated hair against sun damage. Beauty Hair Care Conditioners"
197-216-102-70,8,4,4287,B001P24STG,"L'Oreal Paris EverPure Sulfate-Free Color Care System Moisture Restorative Hair Masque, 5.1 Fluid Ounce L&#39;Oreal Paris EverPure conditioners are creamy, protective formulas that help preserve and maintain color brilliance. Color-treated hair requires special care. The EverPure Sulfate-Free Color Care System protects and conditions hair for long-lasting color purity. The unique UV filters help protect color-treated hair against sun damage. Beauty Hair Care"
197-216-102-70,8,5,4288,B001P24STQ,"L'Oreal Paris EverPure Sulfate-Free Color Care System Smooth Shampoo, 8.5 Fluid Ounce L&#39;Oreal Paris EverPure conditioners are creamy, protective formulas that help preserve and maintain color brilliance. Color-treated hair requires special care. The EverPure Sulfate-Free Color Care System protects and conditions hair for long-lasting color purity. The unique UV filters help protect color-treated hair against sun damage. Shampoos Beauty Hair Care"
197-216-102-70,8,6,4290,B001P24VHK,"L'Oreal Paris EverPure Sulfate-Free Color Care System Moisture Conditioner, 8.5 Fluid Ounce L&#39;Oreal Paris EverPure conditioners are creamy, protective formulas that help preserve and maintain color brilliance. Color-treated hair requires special care. The EverPure Sulfate-Free Color Care System protects and conditions hair for long-lasting color purity. The unique UV filters help protect color-treated hair against sun damage. Beauty Hair Care Conditioners"
197-216-102-70,8,7,4291,B001P26BD2,"L'Oreal Paris EverPure Moisture Leave-In Conditioner, Rosemary Mint, 6 Ounce L&#39;Oreal Paris EverPure conditioners are creamy, protective formulas that help preserve and maintain color brilliance. Color-treated hair requires special care. The EverPure Sulfate-Free Color Care System protects and conditions hair for long-lasting color purity. The unique UV filters help protect color-treated hair against sun damage. Beauty Hair Care Conditioners"
246-37-112-68,8,0,7645,B004TSF8R4,"real Techniques Powder Brush Real Techniques Designed with pro makeup artist Samantha Chapman, Real Techniques brushes combine high-tech materials with innovative design to make creating a pixel-perfect look easier than ever: Taklon bristles are ultra plush and smoother than the hair you'll find in other brushes. Since taklon is synthetic, it's 100% cruelty-free. The soft fibers help create a flawless, high-definition finish in any type of light, from sunlight to harsh indoor lighting. The color-coded system corresponds to the key steps of makeup application so you can create a flawless base (copper), enhanced eyes (purple), and the perfect finish like a pro (pink). Each brush head is hand-cut to the perfect shape, allowing for precise application from dense coverage to a soft, delicate finish. The collection is suitable for a wide range of products and every makeup need &#x2013; from powders, creams, and liquids to mineral makeup, highlighter, and shimmer. Brush names on the handles make for easy reference when creating your favorite look. Makeup Brushes & Tools Beauty Tools & Accessories Brushes & Applicators"
246-37-112-68,8,1,7647,B004TSF996,"real Techniques Foundation Brush Real Techniques Designed with pro makeup artist Samantha Chapman, Real Techniques brushes combine high-tech materials with innovative design to make creating a pixel-perfect look easier than ever: Taklon bristles are ultra plush and smoother than the hair you'll find in other brushes. Since taklon is synthetic, it's 100% cruelty-free. The soft fibers help create a flawless, high-definition finish in any type of light, from sunlight to harsh indoor lighting. The color-coded system corresponds to the key steps of makeup application so you can create a flawless base (copper), enhanced eyes (purple), and the perfect finish like a pro (pink). Each brush head is hand-cut to the perfect shape, allowing for precise application from dense coverage to a soft, delicate finish. The collection is suitable for a wide range of products and every makeup need &#x2013; from powders, creams, and liquids to mineral makeup, highlighter, and shimmer. Brush names on the handles make for easy reference when creating your favorite look. Makeup Brushes & Tools Beauty Tools & Accessories Brushes & Applicators"
246-37-112-68,8,2,7651,B004TSFE28,"real Techniques Starter Set Real Techniques Designed with pro makeup artist Samantha Chapman, Real Techniques brushes combine high-tech materials with innovative design to make creating a pixel-perfect look easier than ever: Taklon bristles are ultra plush and smoother than the hair you'll find in other brushes. Since taklon is synthetic, it's 100% cruelty-free. The soft fibers help create a flawless, high-definition finish in any type of light, from sunlight to harsh indoor lighting. The color-coded system corresponds to the key steps of makeup application so you can create a flawless base (copper), enhanced eyes (purple), and the perfect finish like a pro (pink). Each brush head is hand-cut to the perfect shape, allowing for precise application from dense coverage to a soft, delicate finish. The collection is suitable for a wide range of products and every makeup need &#x2013; from powders, creams, and liquids to mineral makeup, highlighter, and shimmer. Brush names on the handles make for easy reference when creating your favorite look. Makeup Brushes & Tools Beauty Tools & Accessories Brushes & Applicators"
246-37-112-68,8,3,8941,B006J5V9IC,"real Techniques Shading Brush (Pack of 2) Designed with pro makeup artist Samantha Chapman, Real Techniques brushes combine high-tech materials with innovative design to make creating a pixel-perfect look easier than ever: Taklon bristles are ultra plush and smoother than the hair you'll find in other brushes. Since taklon is synthetic, it's 100% cruelty-free. The soft fibers help create a flawless, high-definition finish in any type of light, from sunlight to harsh indoor lighting. The color-coded system corresponds to the key steps of makeup application so you can create a flawless base (copper), enhanced eyes (purple), and the perfect finish like a pro (pink). Each brush head is hand-cut to the perfect shape, allowing for precise application from dense coverage to a soft, delicate finish. The collection is suitable for a wide range of products and every makeup need &#x2013; from powders, creams, and liquids to mineral makeup, highlighter, and shimmer. Brush names on the handles make for easy reference when creating your favorite look. Makeup Brushes & Tools Beauty Tools & Accessories Brushes & Applicators"
246-37-112-68,8,4,9528,B007O7AZ3O,"Real Techniques Fine Liner Brush Real Techniques Designed with pro makeup artist Samantha Chapman, Real Techniques brushes combine high-tech materials with innovative design to make creating a pixel-perfect look easier than ever: Taklon bristles are ultra plush and smoother than the hair you'll find in other brushes. Since taklon is synthetic, it's 100% cruelty-free. The soft fibers help create a flawless, high-definition finish in any type of light, from sunlight to harsh indoor lighting. The color-coded system corresponds to the key steps of makeup application so you can create a flawless base (copper), enhanced eyes (purple), and the perfect finish like a pro (pink). Each brush head is hand-cut to the perfect shape, allowing for precise application from dense coverage to a soft, delicate finish. The collection is suitable for a wide range of products and every makeup need &#x2013; from powders, creams, and liquids to mineral makeup, highlighter, and shimmer. Brush names on the handles make for easy reference when creating your favorite look. Makeup Brushes & Tools Beauty Tools & Accessories Brushes & Applicators"
246-37-112-68,8,5,9529,B007O7AZBG,"Real Techniques Expert Face Brush Real Techniques Designed with pro makeup artist Samantha Chapman, Real Techniques brushes combine high-tech materials with innovative design to make creating a pixel-perfect look easier than ever: Taklon bristles are ultra plush and smoother than the hair you'll find in other brushes. Since taklon is synthetic, it's 100% cruelty-free. The soft fibers help create a flawless, high-definition finish in any type of light, from sunlight to harsh indoor lighting. The color-coded system corresponds to the key steps of makeup application so you can create a flawless base (copper), enhanced eyes (purple), and the perfect finish like a pro (pink). Each brush head is hand-cut to the perfect shape, allowing for precise application from dense coverage to a soft, delicate finish. The collection is suitable for a wide range of products and every makeup need &#x2013; from powders, creams, and liquids to mineral makeup, highlighter, and shimmer. Brush names on the handles make for easy reference when creating your favorite look. Makeup Brushes & Tools Beauty Tools & Accessories Brushes & Applicators"
246-37-112-68,8,6,10634,B00A7H8ECW,"Real Techniques Lash Brow Groomer Real Techniques Designed with pro makeup artist Samantha Chapman, Real Techniques brushes combine high-tech materials with innovative design to make creating a pixel-perfect look easier than ever: Taklon bristles are ultra plush and smoother than the hair you'll find in other brushes. Since taklon is synthetic, it's 100% cruelty-free. The soft fibers help create a flawless, high-definition finish in any type of light, from sunlight to harsh indoor lighting. The color-coded system corresponds to the key steps of makeup application so you can create a flawless base (copper), enhanced eyes (purple), and the perfect finish like a pro (pink). Each brush head is hand-cut to the perfect shape, allowing for precise application from dense coverage to a soft, delicate finish. The collection is suitable for a wide range of products and every makeup need &#x2013; from powders, creams, and liquids to mineral makeup, highlighter, and shimmer. Brush names on the handles make for easy reference when creating your favorite look. Makeup Brushes & Tools Beauty Tools & Accessories Brushes & Applicators"
246-37-112-68,8,7,11794,B00GXFZHD6,"Real Techniques Silicone Liner Brush Real Techniques Designed with pro makeup artists Samantha and Nic Chapman, Real Techniques brushes combine high-tech materials with innovative design to make creating a pixel-perfect look easier than ever: synthetic bristles are ultra plush and smoother than the hair you'll find in other brushes. 100% cruelty-free. The color-coded system corresponds to the key steps of makeup application so you can create a flawless base (copper), enhanced eyes (purple), and the perfect finish like a pro (pink). The soft fibers help create a flawless, high-definition finish in any type of light, from sunlight to harsh indoor lighting. Each brush head is hand-cut to the perfect shape, allowing for precise application from dense coverage to a soft, delicate finish. The collection is suitable for a wide range of products and every makeup need - from powders, creams, and liquids to mineral makeup, highlighter, and shimmer. Brush names on the handles make for easy reference when creating your favorite look. Makeup Brushes & Tools Beauty Tools & Accessories Brushes & Applicators"
36-52-30-25,8,0,2704,B00112DUFS,"Maybelline New York Expert Wear Eyeshadow Quads, 40q Designer Chocolates Chic Naturals, 0.17 Ounce Maybelline Easy to use. lots to choose. Just sweep the brush x4. Four coordinating shades with step by step application guide makes shadow easier than ever. All day crease proof wear. Glides on effortlessly with superior smoothness. Velvet tip applicator blends without tugging or pulling. Safe for sensitive eyes and contact lens wearers, ophthalmologist tested. Makeup Eye Shadow Beauty Eyes"
36-52-30-25,8,1,2905,B0013N5XAU,"Maybelline New York Expert Wear Eyeshadow Duos, 80d Grey Matters Stylish Smokes, 0.08 Ounce Maybelline Easy to use. lots to choose. Just sweep the brush x2. Two complementary shades with step by step application guide makes shadow easier than ever. All day crease proof wear. Glides on effortlessly with superior smoothness. Velvet tip applicator blends without tugging or pulling. Safe for sensitive eyes and contact lens wearers, ophthalmologist tested. Makeup Eye Shadow Beauty Eyes"
36-52-30-25,8,2,2908,B0013N896U,"Maybelline New York Expert Wear Eyeshadow Duos, 40d Lasting Lilac Perfect Pastels, 0.08 Ounce Maybelline Easy to use. lots to choose. Just sweep the brush x2. Two complementary shades with step by step application guide makes shadow easier than ever. All day crease proof wear. Glides on effortlessly with superior smoothness. Velvet tip applicator blends without tugging or pulling. Safe for sensitive eyes and contact lens wearers, ophthalmologist tested. Makeup Eye Shadow Beauty Eyes"
36-52-30-25,8,3,3513,B001CJVP02,"Maybelline New York Expert Wear Eyeshadow Quads, 50q Sunlit Bronze Modern Metallics, 0.17 Ounce Maybelline Easy to use. lots to choose. Just sweep the brush x4. Four coordinating shades with step by step application guide makes shadow easier than ever. All day crease proof wear. Glides on effortlessly with superior smoothness. Velvet tip applicator blends without tugging or pulling. Safe for sensitive eyes and contact lens wearers, ophthalmologist tested. Makeup Eye Shadow Beauty Eyes"
36-52-30-25,8,4,4088,B001KYPZRS,"Maybelline New York Expert Wear Eyeshadow Quads, Chai Latte 22q, 0.17 Ounce Maybelline Easy to use. lots to choose. Just sweep the brush x4. Four coordinating shades with step by step application guide makes shadow easier than ever. All day crease proof wear. Glides on effortlessly with superior smoothness. Velvet tip applicator blends without tugging or pulling. Safe for sensitive eyes and contact lens wearers, ophthalmologist tested. Makeup Eye Shadow Beauty Eyes"
36-52-30-25,8,5,4565,B001ZD5HAY,"Maybelline New York Expert Wear Eyeshadow 8-Pan, Sunbaked Neutrals 10, 0.22 Ounce Maybelline Easy to use. Lots to choose. Just sweep the brush x8.Eight coordinating shades with all day crease proof wear. Glides on effortlessly with superior smoothness. Velvet tip applicator blends without tugging or pulling. Safe for sensitive eyes and contact lens wearers, ophthalmologist tested. Makeup Eye Shadow Beauty Eyes"
36-52-30-25,8,6,5032,B002L6PWZO,"Maybelline New York Expert Wear Eyeshadow Quads, Stylish Smokes, 08q Emerald Smokes, 0.17 Ounce Maybelline Easy to use. lots to choose. Just sweep the brush x4. Four coordinating shades with step by step application guide makes shadow easier than ever. All day crease proof wear. Glides on effortlessly with superior smoothness. Velvet tip applicator blends without tugging or pulling. Safe for sensitive eyes and contact lens wearers, ophthalmologist tested. Makeup Eye Shadow Beauty Eyes"
36-52-30-25,8,7,5264,B002SVIKLK,"Maybelline New York Expert Wear Eyeshadow Quads, 20q Velvet Crush Perfect Pastels, 0.17 Ounce Maybelline Easy to use. lots to choose. Just sweep the brush x4. Four coordinating shades with step by step application guide makes shadow easier than ever. All day crease proof wear. Glides on effortlessly with superior smoothness. Velvet tip applicator blends without tugging or pulling. Safe for sensitive eyes and contact lens wearers, ophthalmologist tested. Makeup Eye Shadow Beauty Eyes"
211-180-142-59,7,0,5374,B002VECKGU,"CoverGirl Clean Oil Control Pressed Powder, Classic Ivory (W) 510, 0.35-Ounce Pan (Pack of 2) COVERGIRL For fifty years, COVERGIRL has created must-have beauty products that bring out the best in women. We understand the transformative effect makeup can have not just on the outside, but the inside as well and have always been an advocate of women rocking their unique kind of beautiful. Since 1961, COVERGIRL has made it easy, breezy, and beautiful to be yourself. Makeup Beauty Powder Face"
211-180-142-59,7,1,5999,B003FBRVAS,"CoverGirl Clean Sensitive Skin Liquid Makeup, Ivory (N) 205, 1.0-Ounce COVERGIRL For fifty years, COVERGIRL has created must-have beauty products that bring out the best in women. We understand the transformative effect makeup can have not just on the outside, but the inside as well and have always been an advocate of women rocking their unique kind of beautiful. Since 1961, COVERGIRL has made it easy, breezy, and beautiful to be yourself. Makeup Foundation Beauty Face"
211-180-142-59,7,2,6733,B0043TUSME,"Covergirl Lip Perfection Lipstick Rich 295, 0.12-Ounce COVERGIRL For fifty years, COVERGIRL has created must-have beauty products that bring out the best in women. We understand the transformative effect makeup can have not just on the outside, but the inside as well and have always been an advocate of women rocking their unique kind of beautiful. Since 1961, COVERGIRL has made it easy, breezy, and beautiful to be yourself. Makeup Beauty Lipstick Lips"
211-180-142-59,7,3,6734,B0043TUVNU,"Covergirl Lip Perfection Lipliner Radiant 230, 0.04-Ounce COVERGIRL For fifty years, COVERGIRL has created must-have beauty products that bring out the best in women. We understand the transformative effect makeup can have not just on the outside, but the inside as well and have always been an advocate of women rocking their unique kind of beautiful. Since 1961, COVERGIRL has made it easy, breezy, and beautiful to be yourself. Makeup Lip Liners Beauty Lips"
211-180-142-59,7,4,6735,B0043TWOUI,"Covergirl Queen Collection Lipcolor Classy Coral Q500, 0.12-Ounce For fifty years, COVERGIRL has created must-have beauty products that bring out the best in women. We understand the transformative effect makeup can have not just on the outside, but the inside as well and have always been an advocate of women rocking their unique kind of beautiful. Since 1961, COVERGIRL has made it easy, breezy, and beautiful to be yourself.&nbsp; Makeup Beauty Lipstick Lips"
211-180-142-59,7,5,8529,B005SD1YVS,"COVERGIRL Blastflipstick Lipcolor Glimmer 0.134 Oz COVERGIRL For fifty years, COVERGIRL has created must-have beauty products that bring out the best in women. We understand the transformative effect makeup can have not just on the outside, but the inside as well and have always been an advocate of women rocking their unique kind of beautiful. Since 1961, COVERGIRL has made it easy, breezy, and beautiful to be yourself. Makeup Beauty Lipstick Lips"
211-180-142-59,7,6,8711,B0062GZB4Q,"COVERGIRL Lashblast 24 Hour Mascara, Black Brown 810, 0.44 Fluid Ounce COVERGIRL For fifty years, COVERGIRL has created must-have beauty products that bring out the best in women. We understand the transformative effect makeup can have not just on the outside, but the inside as well and have always been an advocate of women rocking their unique kind of beautiful. Since 1961, COVERGIRL has made it easy, breezy, and beautiful to be yourself. Makeup Beauty Eyes Mascara"
47-160-208-1,7,0,1108,B000CECSAO,"OPI: Lacquer NLS86 Bubble Bath, 0.5 oz OPI Nothing completes a look more beautifully than nails wearing the seasons most significant colors. Changing a Nail Lacquer shade can change a womans entire look _ and her outlook. With over 200 shades, you are sure to find what you're looking for. Makeup Nails Beauty Nail Polish"
47-160-208-1,7,1,1876,B000O3BDHW,"OPI: Lacquer NLW42 Lincoln Park After Dark, 0.5 oz OPI Nothing completes a look more beautifully than nails wearing the seasons most significant colors. Changing a Nail Lacquer shade can change a womans entire look _ and her outlook. With over 200 shades, you are sure to find what you're looking for. Makeup Nails Beauty Nail Polish"
47-160-208-1,7,2,2190,B000SJ9G0I,"OPI: Lacquer NLB59 My Private Jet, 0.5 oz OPI Nothing completes a look more beautifully than nails wearing the seasons most significant colors. Changing a Nail Lacquer shade can change a womans entire look _ and her outlook. With over 200 shades, you are sure to find what you're looking for. Makeup Nails Beauty Nail Polish"
47-160-208-1,7,3,5702,B0036UW5VS,"OPI: Lacquer NLH49 Meet Me On the Star Ferry, 0.5 oz OPI Nothing completes a look more beautifully than nails wearing the seasons most significant colors. Changing a Nail Lacquer shade can change a womans entire look _ and her outlook. With over 200 shades, you are sure to find what you're looking for. Makeup Nails Beauty Nail Polish"
47-160-208-1,7,4,7461,B004N0ULSO,"OPI: Lacquer Black Shatter, 0.5 oz OPI Nothing completes a look more beautifully than nails wearing the seasons most significant colors. Changing a Nail Lacquer shade can change a womans entire look _ and her outlook. With over 200 shades, you are sure to find what you're looking for. Makeup Nails Beauty Nail Polish"
47-160-208-1,7,5,9303,B0076HP5YG,"OPI: Lacquer H63 Vampsterdam Lacquer, 0.5 oz OPI Nothing completes a look more beautifully than nails wearing the seasons most significant colors. Changing a Nail Lacquer shade can change a womans entire look _ and her outlook. With over 200 shades, you are sure to find what you're looking for. Makeup Nails Beauty Nail Polish"
47-160-208-1,7,6,9323,B007736X86,"OPI: Lacquer H62 Thanks a Windmillion Lacquer, 0.5 oz OPI Nothing completes a look more beautifully than nails wearing the seasons most significant colors. Changing a Nail Lacquer shade can change a womans entire look _ and her outlook. With over 200 shades, you are sure to find what you're looking for. Makeup Nails Beauty Nail Polish"
78-198-177-203,7,0,5298,B002TTN7RS,"BH Cosmetics 88 Color Eye Shadow Palette, Matte BHCosmetics You'll fall in love with this irresistible matte eye shadow palette from BH Cosmetics. BH Cosmetics offers quality professional makeup products at amazing prices. Featuring the most brilliantly pigmented colors available. Highest quality ingredients for professional makeup products. 88 color palette. Makeup Eye Shadow Beauty Eyes"
78-198-177-203,7,1,5310,B002UBOFFI,BH Cosmetics 88 Color Shimmer Palette You'll fall in love with this irresistible shimmer eyeshadow palette from BH Cosmetics. BH Cosmetics offers quality professional makeup products at amazing prices. Featuring the most brilliantly pigmented colors available. Highest quality ingredients for professional makeup products. Makeup Makeup Palettes Beauty
78-198-177-203,7,2,5311,B002UBVZYC,BH Cosemetics 88 Color Neutral Palette BHCosmetics You'll fall in love with this irresistible neutral eyeshadow palette from BH Cosmetics. BH Cosmetics offers quality professional makeup products at amazing prices. Featuring the most brilliantly pigmented colors available. Highest quality ingredients for professional makeup products. Makeup Eye Shadow Beauty Eyes
78-198-177-203,7,3,6275,B003POFQ7K,120 Color Eyeshadow Palette 3rd Edition BH Cosmetics You'll fall in love with this irresistible 3rd Edition eye shadow palette from BH Cosmetics. BH Cosmetics offers quality professional makeup products at amazing prices. Featuring the most brilliantly pigmented colors available. Highest quality ingredients for professional makeup products. 120 color palette. Makeup Eye Shadow Beauty Eyes
78-198-177-203,7,4,6631,B003ZZQ2JA,BH Cosmetics 88 Color Cool Shimmer Palette BHCosmetics You'll fall in love with this irresistible cool shimmer eye shadow palette from BH Cosmetics. BH Cosmetics offers quality professional makeup products at amazing prices. Featuring the most brilliantly pigmented colors available. Highest quality ingredients for professional makeup products. 88 color palette. Makeup Makeup Palettes Beauty
78-198-177-203,7,5,9370,B007BSA5ZO,"BH Cosmetics 60 Color Eye Shadow Palette, Day and Night BHCosmetics You'll fall in love with this irresistible BH Day and Night eye shadow palette from BH Cosmetics. BH Cosmetics offers quality professional makeup products at amazing prices. Featuring the most brilliantly pigmented colors available. Highest quality ingredients for professional makeup products. 60 color palette. Makeup Eye Shadow Beauty Eyes"
78-198-177-203,7,6,9544,B007OX0RBS,"BH Cosmetics 120 Color Eyeshadow, 5th Edition BHCosmetics You'll fall in love with this irresistible 5th Edition eye shadow palette from BH Cosmetics. BH Cosmetics offers quality professional makeup products at amazing prices. Featuring the most brilliantly pigmented colors available. Highest quality ingredients for professional makeup products. 120 color palette. Makeup Makeup Palettes Beauty"
160-106-106-183,6,0,1126,B000CSDDDG,"Salux Nylon Japanese Beauty Skin Bath Wash Cloth/Towel - Blue SALUX Japanese Invention Award winner, and patented design. From Japan, this textured, extra long wash towel is softer and more sanitary than loofah, more effective than a washcloth.Product Size:28cm x 90cm (approx 11 x 35 inches) Bath Mitts & Cloths Beauty Bath & Body Bathing Accessories"
160-106-106-183,6,1,1223,B000EZOC1O,"Salux Nylon Japanese Beauty Skin Bath Wash Cloth/Towel - Pink SALUX Japanese Invention Award winner, and patented design. From Japan, this textured, extra long wash towel is softer and more sanitary than loofah, more effective than a washcloth.Product Size:28cm x 90cm (approx 11 x 35 inches) Bath Mitts & Cloths Beauty Bath & Body Bathing Accessories"
160-106-106-183,6,2,1224,B000EZQGU4,"Salux Nylon Japanese Beauty Skin Bath Wash Cloth/Towel - Peach Pink SALUX Japanese Invention Award winner, and patented design. From Japan, this textured, extra long wash towel is softer and more sanitary than loofah, more effective than a washcloth.Product Size:28cm x 90cm (approx 11 x 35 inches) Bath Mitts & Cloths Beauty Bath & Body Bathing Accessories"
160-106-106-183,6,3,1736,B000MZX6QI,"Salux Nylon Japanese Beauty Skin Bath Wash Cloth/Towel- Aquamarine Green SALUX Japanese Invention Award winner, and patented design. From Japan, this textured, extra long wash towel is softer and more sanitary than loofah, more effective than a washcloth.Product Size:28cm x 90cm (approx 11 x 35 inches) Bath Mitts & Cloths Beauty Bath & Body Bathing Accessories"
160-106-106-183,6,4,4060,B001KMR9WY,"Salux Nylon Japanese Beauty Skin Bath Wash Cloth/Towel - White SALUX Japanese Invention Award winner, and patented design. From Japan, this textured, extra long wash towel is softer and more sanitary than loofah, more effective than a washcloth.Product Size:28cm x 90cm (approx 11 x 35 inches) Bath Mitts & Cloths Beauty Bath & Body Bathing Accessories"
160-106-106-183,6,5,4753,B002BEHQWI,"Salux Nylon Japanese Beauty Skin Bath Wash Cloth/Towel - Turquoise Blue SALUX Japanese Invention Award winner, and patented design. From Japan, this textured, extra long wash towel is softer and more sanitary than loofah, more effective than a washcloth.Product Size:28cm x 90cm (approx 11 x 35 inches) Bath Mitts & Cloths Beauty Bath & Body Bathing Accessories"
210-117-232-178,6,0,830,B0009R16O8,"Dr. Bronner's Magic Soaps: Liquid Castile Soap, Tea Tree 32 oz Dr. Bronner&#39;s Magic Soaps Made with Organic Oils! No detergents. 100% Vegan. Health is our greatest wealth. Oregon Tilth Certified Organic. No foaming agents. Enjoy only 2 cosmetics, enough sleep and Dr. Bronner's Magic Soap to clean body-mind-soul-spirit instantly uniting One! All-One! Absolute cleanliness is Godliness! For facial packs, scalp and soothing body rub, add dash on bath towel in sink of hot water. Wring out. Soaps Beauty Bath & Body Cleansers"
210-117-232-178,6,1,3077,B0016BFD4K,"Dr. Bronner's Castile Liquid Soaps Pure-Castile Soap, 18-in-1 Hemp Eucalyptus, 32-Ounce Dr. Bronner&#39;s Magic Soaps Made with Organic Oils! No detergents. 100% Vegan. Health is our greatest wealth. Oregon Tilth Certified Organic. No foaming agents. Enjoy only 2 cosmetics, enough sleep and Dr. Bronner's Magic Soap to clean body-mind-soul-spirit instantly uniting One! All-One! Absolute cleanliness is Godliness! For facial packs, scalp and soothing body rub, add dash on bath towel in sink of hot water. Wring out. Lay over face and scalp. massage with fingertips. Repeat 3 or 4 times 'til arms, legs and all are rubbed, always towards the heart. Rinse towel in plain hot water and massage again. Breath deeply! Health is wealth. Within 9 minutes you feel fresh and clean, saving 90% of your hot water and soap, ready to help teach the whole human race the moral ABC of All-One-God-Faith! For we're All-One or None! Not animal tested. Dilute: Enjoy 1 soap for 18 different uses! Guaranteed no synthetic tea tree oils and 100% vegetarian. Super mild castile has outstanding water softening and cleansing powers. Preferable to harsh soap and defattening synthetics. It does no cut dirt, but dissolves it. It is the mildest pleasant soap you ever used. Enjoy body rub to stimulate body mind-soul-spirit and teach the essence moral ABC uniting all free in the shepherd. 100% Biodegradable! Made in U.S.A. Soaps Beauty Bath & Body Cleansers"
210-117-232-178,6,2,3416,B001B0TLYE,"Dr. Bronner's Magic Soaps Pure-Castile Soap, 18-in-1 Hemp Almond, 32-Ounce Dr. Bronner&#39;s Magic Soaps Supermild castile has outstanding water softening & cleansing powers. Preferable to harsh soap and defattening synthetics. It does not cut dirt, but dissolves it. It is the mildest, most pleasant soap you ever used or money back! Enjoy body rub to stimulate body-mind-soul-spirit. Hands & Nails Beauty Skin Care Hand Soaps"
210-117-232-178,6,3,3759,B001ET72C0,"Dr. Bronner's Magic Soaps Pure-Castile Soap, 18-in-1 Hemp Almond, 32-Ounce Bottles (Pack of 2) Dr. Bronner&#39;s Magic Soaps Made with Organic Oils! No detergents. 100% Vegan. Health is our greatest wealth. Oregon Tilth Certified Organic. No foaming agents. Enjoy only 2 cosmetics, enough sleep and Dr. Bronner's Magic Soap to clean body-mind-soul-spirit instantly uniting One! All-One! Absolute cleanliness is Godliness! For facial packs, scalp and soothing body rub, add dash on bath towel in sink of hot water. Wring out. Lay over face and scalp. massage with fingertips. Repeat 3 or 4 times 'til arms, legs and all are rubbed, always towards the heart. Rinse towel in plain hot water and massage again. Breath deeply! Health is wealth. Within 9 minutes you feel fresh and clean, saving 90% of your hot water and soap, ready to help teach the whole human race the moral ABC of All-One-God-Faith! For we're All-One or None! Not animal tested. Dilute: Enjoy 1 soap for 18 different uses! Guaranteed no synthetic tea tree oils and 100% vegetarian. Super mild castile has outstanding water softening and cleansing powers. Preferable to harsh soap and defattening synthetics. It does no cut dirt, but dissolves it. It is the mildest pleasant soap you ever used. Enjoy body rub to stimulate body mind-soul-spirit and teach the essence moral ABC uniting all free in the shepherd. 100% Biodegradable! Soaps Beauty Bath & Body Cleansers"
210-117-232-178,6,4,3772,B001ET77YI,"Dr. Bronner's Magic Soaps Pure-Castile Soap, 18-in-1 Hemp Peppermint, 32-Ounce Bottles (Pack of 2) Dr. Bronner&#39;s Magic Soaps Made with Organic Oils! No detergents. 100% Vegan. Health is our greatest wealth. Oregon Tilth Certified Organic. No foaming agents. Enjoy only 2 cosmetics, enough sleep and Dr. Bronner's Magic Soap to clean body-mind-soul-spirit instantly uniting One! All-One! Absolute cleanliness is Godliness! For facial packs, scalp and soothing body rub, add dash on bath towel in sink of hot water. Wring out. Lay over face and scalp. massage with fingertips. Repeat 3 or 4 times 'til arms, legs and all are rubbed, always towards the heart. Rinse towel in plain hot water and massage again. Breath deeply! Health is wealth. Within 9 minutes you feel fresh and clean, saving 90% of your hot water and soap, ready to help teach the whole human race the moral ABC of All-One-God-Faith! For we're All-One or None! Not animal tested. Dilute: Enjoy 1 soap for 18 different uses! Guaranteed no synthetic tea tree oils and 100% vegetarian. Super mild castile has outstanding water softening and cleansing powers. Preferable to harsh soap and defattening synthetics. It does no cut dirt, but dissolves it. It is the mildest pleasant soap you ever used. Enjoy body rub to stimulate body mind-soul-spirit and teach the essence moral ABC uniting all free in the shepherd. 100% Biodegradable! Soaps Beauty Bath & Body Cleansers"
210-117-232-178,6,5,3914,B001G7PIJ4,"Dr. Bronner's Magic Soaps Pure-Castile Soap, 18-in-1 Hemp Unscented Baby Mild, 32-Ounce Bottles (Pack of 2) Dr. Bronner Made with Organic Oils! No detergents. 100% Vegan. Health is our greatest wealth. Oregon Tilth Certified Organic. No foaming agents. Enjoy only 2 cosmetics, enough sleep and Dr. Bronner's Magic Soap to clean body-mind-soul-spirit instantly uniting One! All-One! Absolute cleanliness is Godliness! For facial packs, scalp and soothing body rub, add dash on bath towel in sink of hot water. Wring out. Lay over face and scalp. massage with fingertips. Repeat 3 or 4 times 'til arms, legs and all are rubbed, always towards the heart. Rinse towel in plain hot water and massage again. Breath deeply! Health is wealth. Within 9 minutes you feel fresh and clean, saving 90% of your hot water and soap, ready to help teach the whole human race the moral ABC of All-One-God-Faith! For we're All-One or None! Not animal tested. Dilute: Enjoy 1 soap for 18 different uses! Guaranteed no synthetic tea tree oils and 100% vegetarian. Super mild castile has outstanding water softening and cleansing powers. Preferable to harsh soap and defattening synthetics. It does no cut dirt, but dissolves it. It is the mildest pleasant soap you ever used. Enjoy body rub to stimulate body mind-soul-spirit and teach the essence moral ABC uniting all free in the shepherd. 100% biodegradable! Made in U.S.A. Soaps Beauty Bath & Body Cleansers"
37-75-127-138,6,0,9132,B006UEUGWM,"Maybelline New York Superstay 10 hour Stain Gloss, Pink Plush, 0.35 Fluid Ounce Maybelline Meet the first-ever stain gloss. MAYBELLINE's superstay 10hr stain gloss stays vibrant and shiny, yet transparent, and won&#x2019;t fade. The weightless formula glides on wet and smooth, and feels fresh and fabulous all day. Makeup Beauty Lips Lip Glosses"
37-75-127-138,6,1,9133,B006UEUHLC,"Maybelline New York Superstay 10 hour Stain Gloss, Berry Heavenly, 0.35 Fluid Ounce Maybelline Meet the first-ever stain gloss. MAYBELLINE's superstay 10 hour stain gloss stays vibrant and shiny, yet transparent, and won&#x2019;t fade. The weightless formula glides on wet and smooth, and feels fresh and fabulous all day. Makeup Beauty Lips Lip Glosses"
37-75-127-138,6,2,9134,B006UEUI8E,"Maybelline New York Superstay 10 hour Stain Gloss, Ruby Indulgence, 0.35 Fluid Ounce Maybelline Meet the first-ever stain gloss. MAYBELLINE's superstay 10 hour stain gloss stays vibrant and shiny, yet transparent, and won&#x2019;t fade. The weightless formula glides on wet and smooth, and feels fresh and fabulous all day. Makeup Beauty Lips Lip Glosses"
37-75-127-138,6,3,9135,B006UEUIJS,"Maybelline New York Superstay 10 hour Stain Gloss, Cool Coral, 0.35 Fluid Ounce Maybelline Meet the first-ever stain gloss. MAYBELLINE's superstay 10 hour stain gloss stays vibrant and shiny, yet transparent, and won&#x2019;t fade. The weightless formula glides on wet and smooth, and feels fresh and fabulous all day. Makeup Beauty Lips Lip Glosses"
37-75-127-138,6,4,9136,B006UEUJV0,"Maybelline New York Superstay 10 hour Stain Gloss, Mauve Dream, 0.35 Fluid Ounce Maybelline Meet the first-ever stain gloss. MAYBELLINE's superstay 10 hour stain gloss stays vibrant and shiny, yet transparent, and won&#x2019;t fade. The weightless formula glides on wet and smooth, and feels fresh and fabulous all day. Makeup Beauty Lips Lip Glosses"
37-75-127-138,6,5,9137,B006UEUK82,"Maybelline New York Superstay 10 hour Stain Gloss, Blissful Brown, 0.35 Fluid Ounce Maybelline Meet the first-ever stain gloss. MAYBELLINE's superstay 10 hour stain gloss stays vibrant and shiny, yet transparent, and won&#x2019;t fade. The weightless formula glides on wet and smooth, and feels fresh and fabulous all day. Makeup Beauty Lips Lip Glosses"
66-20-203-14,6,0,7958,B0052D4416,"Wet n Wild Mega Last Lip Color 908C Sugar Plum Fairy Wet &#39;n Wild Lips take center stage! This 4-hour, long wearing lip color leaves a semi-matte, creme finish in one stroke. Glides on easily with rich, velvety color that doesn't cake, feather, or bleed. Made with hydrating skin-care ingredients: Hyaluronic Microspheres provide extraordinary adhesion to lips, an exclusive polymer complex offers cushion-like feel and texture, and natural marine plant extracts Coenzyme Q10 and Vitamins A & E help smooth lips. Makeup Beauty Lipstick Lips"
66-20-203-14,6,1,8258,B005GMY8DC,"Wet n Wild Mega Last Lip Color 919B Vamp It Up Wet &#39;n Wild Lips take center stage! This 4-hour, long wearing lip color leaves a semi-matte, creme finish in one stroke. Glides on easily with rich, velvety color that doesn't cake, feather, or bleed. Made with hydrating skin-care ingredients: Hyaluronic Microspheres provide extraordinary adhesion to lips, an exclusive polymer complex offers cushion-like feel and texture, and natural marine plant extracts Coenzyme Q10 and Vitamins A & E help smooth lips. Makeup Beauty Lipstick Lips"
66-20-203-14,6,2,9295,B00766SG7A,"Wet n Wild Mega Last Lip Color 965 Cherry Picking Wet &#39;n Wild Lips take center stage! This 4-hour, long wearing lip color leaves a semi-matte, creme finish in one stroke. Glides on easily with rich, velvety color that doesn't cake, feather, or bleed. Made with hydrating skin-care ingredients: Hyaluronic Microspheres provide extraordinary adhesion to lips, an exclusive polymer complex offers cushion-like feel and texture, and natural marine plant extracts Coenzyme Q10 and Vitamins A & E help smooth lips. Makeup Beauty Lipstick Lips"
66-20-203-14,6,3,9297,B00766SGPM,"Wet n Wild Mega Last Lip Color 966 Don't Blink Pink Wet &#39;n Wild Lips take center stage! This 4-hour, long wearing lip color leaves a semi-matte, creme finish in one stroke. Glides on easily with rich, velvety color that doesn't cake, feather, or bleed. Made with hydrating skin-care ingredients: Hyaluronic Microspheres provide extraordinary adhesion to lips, an exclusive polymer complex offers cushion-like feel and texture, and natural marine plant extracts Coenzyme Q10 and Vitamins A & E help smooth lips. Makeup Beauty Lipstick Lips"
66-20-203-14,6,4,9298,B00766SH60,"Wet n Wild Mega Last Lip Color 970 Purty Persimmon Wet &#39;n Wild Lips take center stage! This 4-hour, long wearing lip color leaves a semi-matte, creme finish in one stroke. Glides on easily with rich, velvety color that doesn't cake, feather, or bleed. Made with hydrating skin-care ingredients: Hyaluronic Microspheres provide extraordinary adhesion to lips, an exclusive polymer complex offers cushion-like feel and texture, and natural marine plant extracts Coenzyme Q10 and Vitamins A & E help smooth lips. Makeup Beauty Lipstick Lips"
66-20-203-14,6,5,9641,B007UTZQO4,"Wet n Wild Mega Last Lip Color 968 Pinkerbell Wet &#39;n Wild Lips take center stage! This 4-hour, long wearing lip color leaves a semi-matte, creme finish in one stroke. Glides on easily with rich, velvety color that doesn't cake, feather, or bleed. Made with hydrating skin-care ingredients: Hyaluronic Microspheres provide extraordinary adhesion to lips, an exclusive polymer complex offers cushion-like feel and texture, and natural marine plant extracts Coenzyme Q10 and Vitamins A & E help smooth lips. Makeup Beauty Lipstick Lips"
80-23-117-168,6,0,8374,B005K49Y4Y,"Cool2day Ladies' Stunning Long Wave Wig+wig Cap (Dark Brown) (Model: Jf010039) cool2day *** Please kindly note it's not  REAL PERSON HAIR , the model wearing WIG is just for show ***Feature:*Excellent Quality straight 100%  Japanese Kanekalon (high quality one) made fiber wig*You will be amazed by the quality. Wearing it, it can bring you more confidence, and more charm!*It is both natural looking and soft touch. You can wear it to parties as well as for daily use.*The size is adjustable and no pins or tape should be required. It should be fit on most people. All you should need to do is adjust the hooks inside the cap to the correct size to suit your head.*The item is Easy to  wash and care just using a little mild shampoo in cold water.*This wig features a high-quality ""skin top"", which gives the wig a look of naturalness and reality.Specifications:*Hair material: 100% Japanese Kanekalon (high quality one) made fiber.*Top Material and design: Adjustable Monofilament Net.*Color: Dark Brown*length:Front To Back; 8 ""Nape: 31""*Weight: 0.4kg*Style: Wave* AAA High quality*Hair type: We GUARANTEE that the hair we sell is 100% kanekalon fiber.Package included:*1x  Stunning Long Ladies' Dark Brown wave curly Wig Hair Extensions & Wigs Hair Care Beauty Styling Products Wigs"
80-23-117-168,6,1,9065,B006QFM89Y,"Cool2day 25&quot; Sexy Wave Wig+wig Cap (Model: Jf010246) (Dark Brown) cool2day ***Please kindly note it's not  REAL PERSON HAIR , the model wearing WIG is just for show***Feature:*Excellent Quality straight 100% Korean Kanekalon (high quality one-) made fiber wig*You will be amazed by the quality. Wearing it, it can bring you more confidence, and more charm!It is both natural looking and soft touch. You can wear it to parties as well as for daily use.*The size is adjustable and no pins or tape should be required. It should be fit on most people. All you should need to do is adjust the hooks inside the cap to the correct size to suit your head.*The item is Easy to  wash and care just using a little mild shampoo in cold water.*This wig features a high-quality ""skin top"", which gives the wig a look of naturalness and reality.Specifications:*Hair material: 100% Japanese Kanekalon (high quality one) made fiber.*Top Material and design: Adjustable Monofilament Net.*Color: DARK BROWN*length: appr 25""*Shipping Weight: 0.18kg*Texture: straight*AAA High quality*Hair type: We GUARANTEE that the hair we sell is 100% kanekalon fiber.Package Included :*1 X Pretty natural women's wave curly full wig/wigs Hair Extensions & Wigs Hair Care Beauty Styling Products Wigs"
80-23-117-168,6,2,9652,B007V8VFEE,"BOB Stylish Mix Short Stright Wig (Model: Jf010332) (Dark Brown) Please kindly note it's not REAL PERSON HAIR , the model wearing WIG is just for showFeature:1.Excellent Quality straight 100% Japanese Kanekalon (high quality one) made fiber wig2.You will be amazed by the quality. Wearing it, it can bring you more confidence, and more charm!3.It is both natural looking and soft touch. You can wear it to parties as well as for daily use.4.The size is adjustable and no pins or tape should be required. It should be fit on most people.5.All you should need to do is adjust the hooks inside the cap to the correct size to suit your head.6.The item is Easy to wash and care just using a little mild shampoo in cold waterSpecifications:Hair material: 100% Japanese Kanekalon (high quality one) made fiber.Top Material and design: Adjustable Monofilament Net.Color:As the pictureLength:appr 13''Weight: 0.18kgStyle:StrightAAA High qualityHair type: We GUARANTEE that the hair we sell is 100% kanekalon fiber.Package included:1x Beautiful wig fashion long Wave wigsNote:The display pictures shown online were taken by our professional man using our own model.There would be slight difference on the model shape or colors from different person ,please contact us if it does not look like the picture Hair Extensions & Wigs Hair Care Beauty Styling Products Wigs"
80-23-117-168,6,3,9924,B008BDQKQQ,"Cool2day Western Women's Charming Long Curly Wig+wig Cap (Model: Jf010485) (Light Brown) cool2day Please kindly note it's not REAL PERSON HAIR , the model wearing WIG is just for showFeature:1.Excellent Quality straight 100% Japanese Kanekalon (high quality one) made fiber wig2.You will be amazed by the quality. Wearing it, it can bring you more confidence, and more charm!3.It is both natural looking and soft touch. You can wear it to parties as well as for daily use.4.The size is adjustable and no pins or tape should be required. It should be fit on most people.5.All you should need to do is adjust the hooks inside the cap to the correct size to suit your head.6.The item is Easy to wash and care just using a little mild shampoo in cold water.Specifications:Hair material: 100% Japanese Kanekalon (high quality one) made fiber.Top Material and design: Adjustable Monofilament Net.Color:As the pictureWeight: 0.18kgStyle:FullAAA High qualityHair type: We GUARANTEE that the hair we sell is 100% kanekalon fiber.Package included:1xBeautiful Brown wig fashion Wave WigNote:The display pictures shown online were taken by our professional man using our own model.There would be slight difference on the model shape or colors from different person ,please contact us if it does not look like the picture Hair Extensions & Wigs Hair Care Beauty Styling Products Wigs"
80-23-117-168,6,4,9986,B008FGSITQ,"Cool2day Long Classical Curly Dress Party Wig+wig Cap (Model: Jf010577us) (Light Brown) cool2day Please kindly note it's not REAL PERSON HAIR , the model wearing WIG is just for showFeature:1.Excellent Quality straight 100%  Japanese Kanekalon (high quality one-) made fiber wig2.With a wig-centering design, It was made of high temperature wire, Therefore ,it can be straightened by hair sticks3.You will be amazed by the quality. Wearing it, it can bring you more confidence, and more charm!4.It is both natural looking and soft touch. You can wear it to parties as well as for daily use.5.The size is adjustable and no pins or tape should be required. It should be fit on most people.6.All you should need to do is adjust the hooks inside the cap to the correct size to suit your head.7.The item is Easy to  wash and care just using a little mild shampoo in cold water.8.This wig features a high-quality ""skin to"";, which gives the wig a look of naturalness and reality.Specifications:Hair material: 100% Japanese Kanekalon (high quality one) made fiber.Top Material and design: Adjustable Monofilament Net.Color:As the pictureWeight: 0.18kgStyle: CurlyAAA High qualityHair type: We GUARANTEE that the hair we sell is 100% kanekalon fiber.Package included:1xBeautiful Brown/Black wig fashion Curly  WigNote:The display pictures shown online were taken by our professional man using our own model.There would be slight difference on the model shape or colors from different person ,please contact us if it does not look like the picture Hair Extensions & Wigs Hair Care Beauty Styling Products Wigs"
80-23-117-168,6,5,10028,B008J8PV4A,"Sexy Women's Long Wavy Wig (Model: Jf010577) (Dark Brown) cool2day Please kindly note it's not REAL PERSON HAIR , the model wearing WIG is just for showFeature:1.Excellent Quality straight 100%  Japanese Kanekalon (high quality one-) made fiber wig2.With a wig-centering design, It was made of high temperature wire, Therefore ,it can be straightened by hair sticks3.You will be amazed by the quality. Wearing it, it can bring you more confidence, and more charm!4.It is both natural looking and soft touch. You can wear it to parties as well as for daily use.5.The size is adjustable and no pins or tape should be required. It should be fit on most people.6.All you should need to do is adjust the hooks inside the cap to the correct size to suit your head.7.The item is Easy to  wash and care just using a little mild shampoo in cold water.8.This wig features a high-quality ""skin to"";, which gives the wig a look of naturalness and reality.Specifications:Hair material: 100% Japanese Kanekalon (high quality one) made fiber.Top Material and design: Adjustable Monofilament Net.Color:As the pictureWeight: 0.18kgStyle: curlyAAA High qualityHair type: We GUARANTEE that the hair we sell is 100% kanekalon fiber.Package included:1xBeautiful Brown/Black wig fashion straight WigNote:The display pictures shown online were taken by our professional man using our own model.There would be slight difference on the model shape or colors from different person ,please contact us if it does not look like the picture Hair Extensions & Wigs Hair Care Beauty Styling Products Wigs"
108-105-152-48,5,0,7367,B004KRV8MS,"Sally Hansen Hard as Nails Xtreme Wear, Black Out, 0.4 Fluid Ounce Sally Hansen Sally Hansen hard as nails xtreme wear offers extreme strength and shine. Match your manicure to your mood with fun, trendy shades. Easy grip, easy glide brush designed for complete control. Match your manicure to your mood. Fun, trendy shades-collect them all and change your nail polish as often as you like. Easy grip, easy glide brush designed for complete. Available in 30 of the hottest, most wanted shades. Makeup Nails Beauty Nail Polish"
108-105-152-48,5,1,7374,B004KS0ODG,"Sally Hansen Hard as Nails Xtreme Wear, Blue Me Away, 0.4 Fluid Ounce Sally Hansen Sally Hansen hard as nails xtreme wear offers extreme strength and shine. Match your manicure to your mood with fun, trendy shades. Easy grip, easy glide brush designed for complete control. Match your manicure to your mood. Fun, trendy shades-collect them all and change your nail polish as often as you like. Easy grip, easy glide brush designed for complete. Available in 30 of the hottest, most wanted shades. Makeup Nails Beauty Nail Polish"
108-105-152-48,5,2,7375,B004KS0QZW,"Sally Hansen Hard as Nails Xtreme Wear, Blue It, 0.4 Fluid Ounce Sally Hansen Sally Hansen hard as nails xtreme wear offers extreme strength and shine. Match your manicure to your mood with fun, trendy shades. Easy grip, easy glide brush designed for complete control. Match your manicure to your mood. Fun, trendy shades-collect them all and change your nail polish as often as you like. Easy grip, easy glide brush designed for complete. Available in 30 of the hottest, most wanted shades. Makeup Nails Beauty Nail Polish"
108-105-152-48,5,3,7378,B004KS2NZ8,"Sally Hansen Xtreme Wear Nail Color, Lacey Lilac, 0.4 Fluid Ounce Sally Hansen Sally Hansen hard as nails xtreme wear offers extreme strength and shine. Match your manicure to your mood with fun, trendy shades. Easy grip, easy glide brush designed for complete control. Match your manicure to your mood. Fun, trendy shades-collect them all and change your nail polish as often as you like. Easy grip, easy glide brush designed for complete. Available in 30 of the hottest, most wanted shades. Makeup Nails Beauty Nail Polish"
108-105-152-48,5,4,7379,B004KS2OD4,"Sally Hansen Xtreme Wear Nail Color, Mint Sorbet, 0.4 Fluid Ounce Sally Hansen Sally Hansen hard as nails xtreme wear offers extreme strength and shine. Match your manicure to your mood with fun, trendy shades. Easy grip, easy glide brush designed for complete control. Match your manicure to your mood. Fun, trendy shades-collect them all and change your nail polish as often as you like. Easy grip, easy glide brush designed for complete. Available in 30 of the hottest, most wanted shades. Makeup Nails Beauty Nail Polish"
108-6-125-255,5,0,6478,B003VMXNCG,"Harmony Gelish UV Soak Off Gel Polish High Bridge Gelish This color gel is conveniently designed by ""Gelish by Harmony"" with a twist cap and applicator brush, apply like polishes, and cured under UV lamp. Color gels are meant to use on natural nails. These products are made to satisfy natural-nail wearers who long wish their color would last for more than two weeks. Color gels will stay on nails for three weeks with no chipping or peeling, and soak completely off in only 15 minutes. Makeup Nails Beauty Nail Polish"
108-6-125-255,5,1,6484,B003VMZRYI,"Harmony Gelish UV Soak Off Gel Polish Sweet Chocolate Gelish This color gel is conveniently designed by ""Gelish by Harmony"" with a twist cap and applicator brush, apply like polishes, and cured under UV lamp. Color gels are meant to use on natural nails. These products are made to satisfy natural-nail wearers who long wish their color would last for more than two weeks. Color gels will stay on nails for three weeks with no chipping or peeling, and soak completely off in only 15 minutes. Makeup Nails Beauty Nail Polish"
108-6-125-255,5,2,6487,B003VN00YY,"Harmony Gelish UV Soak Off Gel Polish Silver Sand Gelish This color gel is conveniently designed by ""Gelish by Harmony"" with a twist cap and applicator brush, apply like polishes, and cured under UV lamp. Color gels are meant to use on natural nails. These products are made to satisfy natural-nail wearers who long wish their color would last for more than two weeks. Color gels will stay on nails for three weeks with no chipping or peeling, and soak completely off in only 15 minutes. Makeup Nails Beauty Nail Polish"
108-6-125-255,5,3,6615,B003ZUZCDC,"Harmony Gelish UV Soak Off Gel Polish Rose Garden Gelish This color gel is conveniently designed by ""Gelish by Harmony"" with a twist cap and applicator brush, apply like polishes, and cured under UV lamp. Color gels are meant to use on natural nails. These products are made to satisfy natural-nail wearers who long wish their color would last for more than two weeks. Color gels will stay on nails for three weeks with no chipping or peeling, and soak completely off in only 15 minutes. Makeup Nails Beauty Nail Polish"
108-6-125-255,5,4,6616,B003ZUZDD6,"Harmony Gelish UV Soak Off Gel Polish Sea Foam Gelish This color gel is conveniently designed by ""Gelish by Harmony"" with a twist cap and applicator brush, apply like polishes, and cured under UV lamp. Color gels are meant to use on natural nails. These products are made to satisfy natural-nail wearers who long wish their color would last for more than two weeks. Color gels will stay on nails for three weeks with no chipping or peeling, and soak completely off in only 15 minutes. Makeup Nails Beauty Nail Polish"
123-36-150-128,5,0,4888,B002F17ZXW,"Raw Unrefined Shea Butter Grade A From Ghana 3 Lbs The Top 10 Uses of Shea Butter

Moisturizer for dry skin

Eczema cream

Blemish cream

For softer smoother skin

For burns

Wrinkle reduction cream

Moisturizer for dry hair

Shaving cream

Anti-itch cream

Stretch mark prevention cream

 

The Shelf Life of Shea Butter

The shelf life of Shea butter is 18-24 months when kept in a cool dry place. After that time the healing properties of Shea butter are less effective but it is still a good moisturizer.

 

Application of the Shea Butter

Shea butter melts at body temperature. For easy application warm Shea butter onto palms until it is completely melted and smooth on. Shea Butter absorbs quickly, penetrates deeply and coats the skin with a fine film; thereby diminishing water loss and leaving the skin softened and protected.

The Amazing Properties of Shea Butter


Shea butter is the best natural product to protect, heal and improve skin. It is prized

because it contains a real cocktail of elements good for the skin. Among these, is first a

very high content of Essential Fatty Acids, more than in all other vegetable butter. These

fatty acids are oleic, stearic, linoleic and palmitic acid.



They play a very important moisturizing, softening, and anti-inflammatory role, and help

renew the cutaneous cells. Shea butter also contains vitamins A, D, E, and K that have a

recognized effect against skin aging. It is also rich in phytosterols with protecting and

regenerating virtues.


The manufacturing process has a great influence on the properties and efficiency of

Shea butter. If it is refined or processed, it loses its vitamins and part of its efficiency.

 The Organic Shea Butter Company brings you a handmade certified organic Shea butter

that is a guarantee of purity and higher quality. Moisturizers Beauty Body Butter Body Skin Care"
123-36-150-128,5,1,4997,B002K4YMIA,"Raw Unrefined Shea Butter Grade A From Ghana 7.5 Lbs The Top 10 Uses of Shea Butter Moisturizer for dry skin Eczema cream Blemish cream For softer smoother skin For burns Wrinkle reduction cream Moisturizer for dry hair Shaving cream Anti-itch cream Stretch mark prevention cream The Shelf Life of Shea Butter The shelf life of Shea butter is 18-24 months when kept in a cool dry place. After that time the healing properties of Shea butter are less effective but it is still a good moisturizer. Application of the Shea Butter Shea butter melts at body temperature. For easy application warm Shea butter onto palms until it is completely melted and smooth on. Shea Butter absorbs quickly, penetrates deeply and coats the skin with a fine film; thereby diminishing water loss and leaving the skin softened and protected. The Amazing Properties of Shea Butter Shea butter is the best natural product to protect, heal and improve skin. It is prized because it contains a real cocktail of elements good for the skin. Among these, is first a very high content of Essential Fatty Acids, more than in all other vegetable butter. These fatty acids are oleic, stearic, linoleic and palmitic acid. They play a very important moisturizing, softening, and anti-inflammatory role, and help renew the cutaneous cells. Shea butter also contains vitamins A, D, E, and K that have a recognized effect against skin aging. It is also rich in phytosterols with protecting and regenerating virtues. The manufacturing process has a great influence on the properties and efficiency of Shea butter. If it is refined or processed, it loses its vitamins and part of its efficiency. The Organic Shea Butter Company brings you a handmade certified organic Shea butter that is a guarantee of purity and higher quality. Maternity Beauty Skin Care"
123-36-150-128,5,2,5882,B003B1BWA2,"Raw Unrefined IVORY Shea Butter Grade A From Ghana 5 Lbs The Top 10 Uses of Shea Butter Moisturizer for dry skin Eczema cream Blemish cream For softer smoother skin For burns Wrinkle reduction cream Moisturizer for dry hair Shaving cream Anti-itch cream Stretch mark prevention cream The Shelf Life of Shea Butter The shelf life of Shea butter is 18-24 months when kept in a cool dry place. After that time the healing properties of Shea butter are less effective but it is still a good moisturizer. Application of the Shea Butter Shea butter melts at body temperature. For easy application warm Shea butter onto palms until it is completely melted and smooth on. Shea Butter absorbs quickly, penetrates deeply and coats the skin with a fine film; thereby diminishing water loss and leaving the skin softened and protected. The Amazing Properties of Shea Butter Shea butter is the best natural product to protect, heal and improve skin. It is prized because it contains a real cocktail of elements good for the skin. Among these, is first a very high content of Essential Fatty Acids, more than in all other vegetable butter. These fatty acids are oleic, stearic, linoleic and palmitic acid. They play a very important moisturizing, softening, and anti-inflammatory role, and help renew the cutaneous cells. Shea butter also contains vitamins A, D, E, and K that have a recognized effect against skin aging. It is also rich in phytosterols with protecting and regenerating virtues. The manufacturing process has a great influence on the properties and efficiency of Shea butter. If it is refined or processed, it loses its vitamins and part of its efficiency. The Body Butter Store brings you a handmade certified organic Shea butter that is a guarantee of purity and higher quality. Moisturizers Beauty Body Butter Body Skin Care"
123-36-150-128,5,3,5889,B003B9DWMA,"Raw Unrefined IVORY Shea Butter Grade A from Ghana 2 Lbs The Top 10 Uses of Shea Butter Moisturizer for dry skin Eczema cream Blemish cream For softer smoother skin For burns Wrinkle reduction cream Moisturizer for dry hair Shaving cream Anti-itch cream Stretch mark prevention cream The Shelf Life of Shea Butter The shelf life of Shea butter is 18-24 months when kept in a cool dry place. After that time the healing properties of Shea butter are less effective but it is still a good moisturizer. Application of the Shea Butter Shea butter melts at body temperature. For easy application warm Shea butter onto palms until it is completely melted and smooth on. Shea Butter absorbs quickly, penetrates deeply and coats the skin with a fine film; thereby diminishing water loss and leaving the skin softened and protected. The Amazing Properties of Shea Butter Shea butter is the best natural product to protect, heal and improve skin. It is prized because it contains a real cocktail of elements good for the skin. Among these, is first a very high content of Essential Fatty Acids, more than in all other vegetable butter. These fatty acids are oleic, stearic, linoleic and palmitic acid. They play a very important moisturizing, softening, and anti-inflammatory role, and help renew the cutaneous cells. Shea butter also contains vitamins A, D, E, and K that have a recognized effect against skin aging. It is also rich in phytosterols with protecting and regenerating virtues. The manufacturing process has a great influence on the properties and efficiency of Shea butter. If it is refined or processed, it loses its vitamins and part of its efficiency. Moisturizers Beauty Body Butter Body Skin Care"
123-36-150-128,5,4,6511,B003WOFAO2,"Raw Unrefined CREAMY FILTERED Shea Butter 16 Oz AND 1 Lb of Raw Black Soap The Top 10 Uses of Shea Butter Moisturizer for dry skin Eczema cream Blemish cream For softer smoother skin For burns Wrinkle reduction cream Moisturizer for dry hair Shaving cream Anti-itch cream Stretch mark prevention cream The Shelf Life of Shea Butter The shelf life of Shea butter is 18-24 months when kept in a cool dry place. Shea butter is a good moisturizer. Application of the Shea Butter Shea butter melts at body temperature. For easy application warm Shea butter onto palms until it is completely melted and smooth on. Shea Butter absorbs quickly, penetrates deeply and coats the skin with a fine film; thereby diminishing water loss and leaving the skin softened and protected. 

Some of the Benefits of black soap - Helps deep clean skin. - Works on most skin types including rough and dry or sensitive skin - Helps clear skin bumps and spots - Helps relieve acne, oily skin & other skin problems. - Great for removing makeup - Works against premature facial lines and wrinkles - Can be lathered and used as a shampoo. Usage of the Black African Soap Break off a bar-size piece from the bulk, then press it to shape with your hands, or use it as is. Rub the bar between your hands (or on a washcloth would also work), then rub your soapy hands on your skin and hair. (If you rub the bar on your hair, it will get hair stuck to the bar.) Black soap absorbs water easily, so keep it from sitting in water or it will dissolve away. How to Store the Black African Soap Pure traditional African black soap is a soft milled soap and has very high natural glycerin 
Ingredients: Traditional Black Soap contains mainly cocoa pod ashes, plantain skins ashes, and palm oil, processed together. Soaps Beauty Bath & Body Cleansers"
168-166-230-233,5,0,208,B0000CC64W,Olay Regenerist Daily Regenerating Serum - Fragrance Free Moisturizer 1.7 Fl Oz Olay Creams & Moisturizers Beauty Fluids & Lotions Fluids Face Skin Care
168-166-230-233,5,1,2806,B0012J30LY,Regenerist Micro-Sculpting Cream 1.7 Oz Olay Creams & Moisturizers Beauty Fluids & Lotions Lotions Face Skin Care
168-166-230-233,5,2,3846,B001F51TNQ,Olay Night Of Olay Firming Cream 2.0 Oz (Pack of 3) Olay Oil-free Creams & Moisturizers Beauty Fluids & Lotions Lotions Face Skin Care
168-166-230-233,5,3,7667,B004UDQ6GK,"Olay Regenerist Instant Fix Wrinkle Revolution Complex Primer Plus, 1.7 Fl Oz Olay Creams & Moisturizers Beauty Fluids & Lotions Lotions Face Skin Care"
168-166-230-233,5,4,9732,B0081NLR8M,Olay Regenerist Intensive Repair Treatment 1 Fl Oz Olay Creams & Moisturizers Beauty Fluids & Lotions Lotions Face Skin Care
3-106-237-121,5,0,8569,B005TT8Q4O,"Jasmin - 6ml (.2 oz) Perfume Oil by Al-Rehab (Crown Perfumes) Al-Rehab Product description by Sheriffsoncorp--Al-Rehab is one of Saudi Arabia's leading perfume manufacturer which creates fine traditional Arabian and oriental perfumes. The perfumes are made of precious natural essences (Oud, Rose of Taif, Incense, Musk, Sandalwood and rare spices). all perfume oils and solid perfumes are alcohol free Fragrance Women's Beauty Essential Oils"
3-106-237-121,5,1,8574,B005TT8TPU,"Roses - 6ml (.2 oz) Perfume Oil by Al-Rehab (Crown Perfumes) Al-Rehab Product description by Sheriffsoncorp--Al-Rehab is one of Saudi Arabia's leading perfume manufacturer which creates fine traditional Arabian and oriental perfumes. The perfumes are made of precious natural essences (Oud, Rose of Taif, Incense, Musk, Sandalwood and rare spices). all perfume oils and solid perfumes are alcohol free. Fragrance Women's Beauty Essential Oils"
3-106-237-121,5,2,8576,B005TT8VMG,"Africana - 6ml (.2 oz) Perfume Oil by Al-Rehab (Crown Perfumes) Al-Rehab Product description by Sheriffsoncorp--Al-Rehab is one of Saudi Arabia's leading perfume manufacturer which creates fine traditional Arabian and oriental perfumes. The perfumes are made of precious natural essences (Oud, Rose of Taif, Incense, Musk, Sandalwood and rare spices). all perfume oils and solid perfumes are alcohol free Fragrance Women's Beauty Essential Oils"
3-106-237-121,5,3,8577,B005TT8WPM,"Bakhour - 6ml (.2 oz) Perfume Oil by Al-Rehab (Crown Perfumes) Al-Rehab Product description by Sheriffsoncorp--Al-Rehab is one of Saudi Arabia's leading perfume manufacturer which creates fine traditional Arabian and oriental perfumes. The perfumes are made of precious natural essences (Oud, Rose of Taif, Incense, Musk, Sandalwood and rare spices). all perfume oils and solid perfumes are alcohol free Fragrance Women's Beauty Essential Oils"
3-106-237-121,5,4,11119,B00BKSPQNW,"White Musk - 6ml (.2 oz) Perfume Oil by Al-Rehab (Crown Perfumes) Al-Rehab Product description by Sheriffsoncorp--Al-Rehab is one of Saudi Arabia's leading perfume manufacturer which creates fine traditional Arabian and oriental perfumes. The perfumes are made of precious natural essences (Oud, Rose of Taif, Incense, Musk, Sandalwood and rare spices). all perfume oils and solid perfumes are alcohol free Fragrance Women's Beauty Essential Oils"
42-159-123-191,5,0,6241,B003OGT4KE,"Creative Nail Shellac Hot Chilis, 0.25 Fluid Ounce CND Cosmetics Patent-pending formulations of solvents, monomers and polymers goes on like polish and wears like gel. A UV-cured color coat featuring UV3 technology. Makeup Nails Beauty Nail Polish"
42-159-123-191,5,1,6242,B003OGUQS8,"Creative Nail Shellac Tropix, 0.25 Fluid Ounce CND Cosmetics Patent-pending formulations of solvents, monomers and polymers goes on like polish and wears like gel. A UV-cured color coat featuring UV3 technology. Makeup Nails Beauty Nail Polish"
42-159-123-191,5,2,6245,B003OGYO7W,"Creative Nail Shellac Negligee, 0.25 Fluid Ounce CND Cosmetics Patent-pending formulations of solvents, monomers and polymers goes on like polish and wears like gel. A UV-cured color coat featuring UV3 technology. Makeup Nails Beauty Nail Polish"
42-159-123-191,5,3,6246,B003OGZC2S,"Creative Nail Shellac Fedora, 0.25 Fluid Ounce CND Cosmetics Patent-pending formulations of solvents, monomers and polymers goes on like polish and wears like gel. A UV-cured color coat featuring UV3 technology. Makeup Nails Beauty Nail Polish"
42-159-123-191,5,4,6248,B003OH0KBA,"Creative Nail Shellac Wildfire, 0.25 Fluid Ounce CND Cosmetics Patent-pending formulations of solvents, monomers and polymers goes on like polish and wears like gel. A UV-cured color coat featuring UV3 technology. Makeup Nails Beauty Nail Polish"
47-155-174-17,5,0,7488,B004NYTR8U,"KLEANCOLOR What Girls Really Talk About - Glitter Nail Lacquer Mini Collection (NPC594) Kleancolor KleanColor presents its long wearing and chip-resistant Nail Lacquers in petite, travel-friendly size. The set features ultimate party accessory of holo effects in bold colours to complete the look of girl who knows her fashion statement is trendier than others. Makeup Nails Beauty Nail Polish"
47-155-174-17,5,1,7489,B004NYWR7S,"KLEANCOLOR Techno High - Metallic Nail Lacquer Mini Collection (NPC592) Kleancolor KleanColor presents its long wearing and chip-resistant Nail Lacquers in petite, travel-friendly size. The set features bold rich metallic colors to add twist and edge to complete the look of strong woman who loves to rock the world. Makeup Nails Beauty Nail Polish"
47-155-174-17,5,2,7490,B004NYZ5AE,"KLEANCOLOR Wicked Witch - Gothic Nail Lacquer Mini Collection (NPC595) Kleancolor KleanColor presents its long wearing and chip-resistant Nail Lacquers in petite, travel-friendly size. The set features gothic colors to complete the look of mystic woman who is not afraid to play with her dark side. Makeup Nails Beauty Nail Polish"
47-155-174-17,5,3,9420,B007H4HP7S,"Kleancolor Nail Lacquer Mini Collection - Blue Maniacs (NPC602) Kleancolor KleanColor presents its long wearing and chip-resistant Nail Lacquers in petite, travel-friendly size. The set features dazzling blues that spin off adventure to complete the look of girl who pursuits her heart and enjoys being herself. Makeup Nails Beauty Nail Polish"
47-155-174-17,5,4,9421,B007H4J832,"Kleancolor Nail Lacquer Mini Collection - Green Addicts (NPC603) Kleancolor KleanColor presents its long wearing and chip-resistant Nail Lacquers in petite, travel-friendly size. The set features vivid greens that spell out confidence to complete the look of girl who knows what is right for her and stands on her ground. Makeup Nails Beauty Nail Polish"
69-32-110-110,5,0,3956,B001GMOKWU,Konad Stamping Nail Art Image Plate - M54 Konad nail art stencil with 7 designs. Beauty Tools & Accessories Nail Art Equipment Nail Tools
69-32-110-110,5,1,4173,B001LTVF7G,Konad Stamping Nail Art Image Plate - M56 KONAD Nail Art Konad nail art stencil with 7 designs. Beauty Tools & Accessories Nail Art Equipment Nail Tools
69-32-110-110,5,2,4265,B001OBPFVS,Konad Stamping Nail Art Image Plate - M26 KONAD Nail Art Konad nail art stencil with 7 flower designs. Beauty Tools & Accessories False Nails Nail Tools
69-32-110-110,5,3,8902,B006H2Z58C,"Konad Stamping Nail Art Image Plate - M59 KONAD Nail Art Konad nail art stencil with bows, hearts and snow flakes. Beauty Tools & Accessories Nail Art Equipment Nail Tools"
69-32-110-110,5,4,8903,B006H2Z5KK,Konad Nail Art - Stamping Image Plate - M60 KONAD Nail Art Konad nail art stencil with 5 designs. Beauty Tools & Accessories Nail Art Equipment Nail Tools
80-67-117-168,5,0,8899,B006GXUMRG,"Sexy Long Full Wig (Model: Jf010031) (Black) cool2day *** Please kindly note it's not  REAL PERSON HAIR , the model wearing WIG is just for show ***Feature:*Excellent Quality straight 100%  Japanese Kanekalon (high quality one-) made fiber wig*You will be amazed by the quality. Wearing it, it can bring you more confidence, and more charm!*It is both natural looking and soft touch. You can wear it to parties as well as for daily use.*The size is adjustable and no pins or tape should be required. It should be fit on most people. All you should need to do is adjust the hooks inside the cap to the correct size to suit your head.*The item is Easy to  wash and care just using a little mild shampoo in cold water.*This wig features a high-quality ""skin top"", which gives the wig a look of naturalness and reality.Specifications:*Hair material: 100% Japanese Kanekalon (high quality one-) made fiber.*Top Material and design: Adjustable Monofilament Net.*Color: as the picture*length:Front To Back; 9""Nape: 31""*Weight: 0.18kg*Style: Wave*AAA High quality*Hair type: We GUARANTEE that the hair we sell is 100% kanekalon fiber.Package included:*1x sexy fashion DARK BROWN fashion Wave full wigs Hair Extensions & Wigs Hair Care Beauty Styling Products Wigs"
80-67-117-168,5,1,8900,B006GXUMSU,"Sexy Long Full Wig (Model: Jf010031) (Dark Brown) cool2day *** Please kindly note it's not  REAL PERSON HAIR , the model wearing WIG is just for show ***Feature:*Excellent Quality straight 100%  Japanese Kanekalon (high quality one-) made fiber wig*You will be amazed by the quality. Wearing it, it can bring you more confidence, and more charm!*It is both natural looking and soft touch. You can wear it to parties as well as for daily use.*The size is adjustable and no pins or tape should be required. It should be fit on most people. All you should need to do is adjust the hooks inside the cap to the correct size to suit your head.*The item is Easy to  wash and care just using a little mild shampoo in cold water.*This wig features a high-quality ""skin top"", which gives the wig a look of naturalness and reality.Specifications:*Hair material: 100% Japanese Kanekalon (high quality one-) made fiber.*Top Material and design: Adjustable Monofilament Net.*Color: as the picture*length:Front To Back; 9""Nape: 31""*Weight: 0.18kg*Style: Wave*AAA High quality*Hair type: We GUARANTEE that the hair we sell is 100% kanekalon fiber.Package included:*1x sexy fashion DARK BROWN fashion Wave full wigs Hair Extensions & Wigs Hair Care Beauty Styling Products Wigs"
80-67-117-168,5,2,9064,B006QFKDRI,"Cute Straight Natural Black Synthetic Wig (Model: Jf010249) cool2day ***Please kindly note it's not  REAL PERSON HAIR , the model wearing WIG is just for show***Feature:*Excellent Quality straight 100% Korean Kanekalon (high quality one-) made fiber wig*You will be amazed by the quality. Wearing it, it can bring you more confidence, and more charm!It is both natural looking and soft touch. You can wear it to parties as well as for daily use.*The size is adjustable and no pins or tape should be required. It should be fit on most people. All you should need to do is adjust the hooks inside the cap to the correct size to suit your head.*The item is Easy to  wash and care just using a little mild shampoo in cold water.*This wig features a high-quality ""skin top"", which gives the wig a look of naturalness and reality.Specifications:*Hair material: 100% Japanese Kanekalon (high quality one) made fiber.*Top Material and design: Adjustable Monofilament Net.*Color:BLACK*length: appr 25""*Shipping Weight: 0.18kg*Texture: straight*AAA High quality*Hair type: We GUARANTEE that the hair we sell is 100% kanekalon fiber.Package Included :*1 X Pretty women's wave curly full wig/wigs Hair Extensions & Wigs Hair Care Beauty Styling Products Wigs"
80-67-117-168,5,3,9626,B007TQBGCY,"Cool2day Fancy Long Healthy Hair Wig+wig Cap (Model: Jf010321) (Light Brown) cool2day Please kindly note it's not REAL PERSON HAIR , the model wearing WIG is just for showFeature:1.Excellent Quality straight 100% Japanese Kanekalon (high quality one) made fiber wig2.You will be amazed by the quality. Wearing it, it can bring you more confidence, and more charm!3.It is both natural looking and soft touch. You can wear it to parties as well as for daily use.4.The size is adjustable and no pins or tape should be required. It should be fit on most people.5.All you should need to do is adjust the hooks inside the cap to the correct size to suit your head.6.The item is Easy to wash and care just using a little mild shampoo in cold water.7.This wig features a high-quality ""skin top"", which gives the wig a look of naturalness and reality.Specifications:Hair material: 100% Japanese Kanekalon (high quality one) made fiber.Top Material and design: Adjustable Monofilament Net.Color:Light BrownLength:appr 25''Weight: 0.18kgStyle:WaveAAA High qualityHair type: We GUARANTEE that the hair we sell is 100% kanekalon fiber.Package included:1x Beautiful Light Brown wig fashion long Wave wigNote:The display pictures shown online were taken by our professional man using our own model.There would be slight difference on the model shape or colors from different person ,please contact us if it does not look like the picture Hair Extensions & Wigs Hair Care Beauty Styling Products Wigs"
80-67-117-168,5,4,9668,B007WNXLMM,"Cute Style Long Wavy Wig (Model: Jf010331) (Wine Red) cool2day Please kindly note it's not REAL PERSON HAIR , the model wearing WIG is just for showFeature:1.Excellent Quality straight 100% Japanese Kanekalon (high quality one) made fiber wig2.You will be amazed by the quality. Wearing it, it can bring you more confidence, and more charm!3.It is both natural looking and soft touch. You can wear it to parties as well as for daily use.4.The size is adjustable and no pins or tape should be required. It should be fit on most people.5.All you should need to do is adjust the hooks inside the cap to the correct size to suit your head.6.The item is Easy to wash and care just using a little mild shampoo in cold water.Specifications:Hair material: 100% Japanese Kanekalon (high quality one) made fiber.Top Material and design: Adjustable Monofilament Net.Color:Wine RedLength:appr 25''Weight: 0.18kgStyle:WaveAAA High qualityHair type: We GUARANTEE that the hair we sell is 100% kanekalon fiber.Package included:1x Beautiful Wine Red wig fashion long Wave wigNote:The display pictures shown online were taken by our professional man using our own model.There would be slight difference on the model shape or colors from different person ,please contact us if it does not look like the picture Hair Extensions & Wigs Hair Care Beauty Styling Products Wigs"
80-97-151-139,5,0,8792,B0067VXLFC,"10 Pairs Black Thick False Eyelashes Eye Lash with Glue Hr-30 Toogoo Features:1. Natural look eyelashes are simple to use and   comfortable to wear2. It is made of wonderfully soft synthetic fiber, never   make any damage to your eye3. 10 pairs of individual false eyelashes(1 pair   in each plastic box)4. Eyelashes can be trimmed to fit the contour of your   eyes5. With professional eyelash glue, can apply the lashes instantly6.   Easy to remove by eye make up remover.7. Can be used for many times if the   eyelashes are used and removed properly8. Carefull design,as natural as   your own eyelashes, make your eyes look bright and attractive9. Beautiful   eyelashes are a great way to enhance the look of your eyes10. Suitable for   professional use or home useSpecifications:1. Condition:New2. Material: Synthetic fiber(false eyelashes); Plastic(Box)3. Package size: 10.63 x 3.54   x 1.02inch/27 x 9 x 2.6cm4. Eyelashes length: 0.43inch/11 mm5. Eyelashes color: Black6. Quantity: 10 pairs7.Weight:4.55oz/129gPackage includes:10 x pairs of false eyelashes1 x Glue Beauty Tools & Accessories Eyelash Tools Fake Eyelashes & Adhesives Makeup Brushes & Tools"
80-97-151-139,5,1,9493,B007M6EALK,"Taobaopit New 10 Pair Reusable Charming Cross Fake False Eyelashes Glue Adhesives Eye Lashes Makeup Black 57 Evermarket Features: 1. Natural look eyelashes are simple to use and comfortable to wear 2. It is made of wonderfully soft synthetic fiber, never make any damage to your eyes 3. 10 pairs of individual false eyelashes(1 pair per plastic box) 4. Cross style design, make you more attractive, charming , fashion and chic 5. Eyelashes can be trimmed to fit the contour of your eyes 6. With professional eyelash glue, can apply the lashes instantly 7. Easy to remove by eye make up remover 8. Can be used for many times if the eyelashes are used and removed properly  9. Beautiful eyelashes are a great way to enhance the look of your eyes 10. Suitable for professional use or home use Specifications: 1. Condition:New 2. Material:  Synthetic fiber(false eyelashes); Plastic(Box) 3. Package size: 10.63 x 3.54 x 1.02inch/27 x 9 x 2.6cm 4. Eyelashes length: 0.43inch/11 mm 5. Eyelashes color: Black 6. Quantity: 10 pairs Package includes: 10 x Pairs of false eyelashes 1 x Glue How to use: Carefully remove the eyelashes from the case with tweezers. Compare false eyelashes with your eyeline length, trim to suitable length and width if neccessary. Add glue along the false eyelash root with cotton bud. Hold the eyelash on the root of your natural lashes with pressure  If neccessary, apply eye shadow or eyeliner to make your eyeline look more natural Beauty Tools & Accessories Eyelash Tools Fake Eyelashes & Adhesives Makeup Brushes & Tools"
80-97-151-139,5,2,9524,B007NTYUGG,"New 20 Pairs Fake False Eyelashes Eye Lash Black with Glue HR-117 Evermarket Features: 1. Natural look eyelashes are simple to use and comfortable to wear 2. It is made of wonderfully soft synthetic fiber, never make any damage to your eyes 3. 20 pairs of individual false eyelashes(2 pairs in each plastic box) 4. Eyelashes can be trimmed to fit the contour of your eyes 5. With professional eyelash glue, can apply the lashes instantly 6. Easy to remove by eye make up remover 7. Can be used for many times if the eyelashes are used and removed properly  8. Carefull design,as natural as your own eyelashes, make your eyes look bright and attractive 9. Beautiful eyelashes are a great way to enhance the look of your eyes 10. Suitable for professional use or home use Specifications: 1. Condition:New 2. Material:  Synthetic fiber(false eyelashes); Plastic(Box) 3. Package size: 10.63 x 3.54 x 1.02inch/27 x 9 x 2.6cm 4. Eyelashes length: 0.43inch/12 mm 5. Eyelashes color: Black 6. Quantity: 20 pairs Package includes: 20 x Pairs of false eyelashes 1 x Glue  How to use: Carefully remove the eyelashes from the case with tweezers. Compare false eyelashes with your eyeline length, trim to suitable length and width if neccessary. Add glue along the false eyelash root with cotton bud. Hold the eyelash on the root of your natural lashes with pressure  If neccessary, apply eye shadow or eyeliner to make your eyeline look more natural Beauty Tools & Accessories Eyelash Tools Fake Eyelashes & Adhesives Makeup Brushes & Tools"
80-97-151-139,5,3,10283,B0094DH1RE,"LTop eyelash 10 Pairs of Reusable Natural and Regular Long False Eyelashes LTop eyelash Features :- Carefully design, simple to use and comfortable to wear- Cross style, make you more attractive, charming , fashion and chic- 10 pairs of false eyelashes in one package- Easy to remove by eye make up remover- Suitable for professional use or nonprofessional useUsage Instructions :-Carefully remove the eyelashes from the case with tweezers.-Compare false eyelashes with your eyeliner length, trim to suitable length and width if necessary-Add glue along the false eyelash root with cotton bud.-Hold the eyelash on the root of your natural lashes with pressure-If necessary, apply eye shadow or eyeliner to make your eyeliner look more naturalCustomer Service :-Any questions, Freely contact LTop Team through Amazon message. Thank you!Please click on our storefront or search LTop Eyelashes for more choice of False Eyelashes. Beauty Tools & Accessories Eyelash Tools Fake Eyelashes & Adhesives Makeup Brushes & Tools"
80-97-151-139,5,4,11177,B00BUJU79Y,"10 Pairs Black Long Thick Reusable False Eyelashes Fake Eye Lash for Makeup Cosmetic Nails gaga Features :- Carefully design, simple to use and comfortable to wear- Cross style, make you more attractive, charming , fashion and chic- 10 pairs of false eyelashes in one package- Easy to remove by eye make up remover- Suitable for professional use or nonprofessional useUsage Instructions :-Carefully remove the eyelashes from the case with tweezers.-Compare false eyelashes with your eyeliner length, trim to suitable length and width if necessary-Add glue along the false eyelash root with cotton bud.-Hold the eyelash on the root of your natural lashes with pressure-If necessary, apply eye shadow or eyeliner to make your eyeliner look more naturalCustomer Service :-Any questions, Freely contact Nails gaga Team through Amazon message. Thank you!Please click on our storefront or search Nails gaga Eyelashes for more choice of False Eyelashes. Beauty Tools & Accessories Eyelash Tools Fake Eyelashes & Adhesives Makeup Brushes & Tools"
93-213-94-98,5,0,8910,B006HJPT7W,"O.P.I Gelcolor Collection Nail Gel Lacquer, Alpine Snow, 0.5 Fluid Ounce OPI OPI GelColor Collection is the new, polish on gel formula. Soak off gel lacquer. Makeup Nails Beauty Nail Polish"
93-213-94-98,5,1,8912,B006HJR2Q8,"Opi Gelcolor Collection Nail Gel Lacquer, Funny Bunny, 0.5 Fluid Ounce OPI Opi gelcolor collection is the new, polish-on gel formula. Soak off gel lacquer. Makeup Nails Beauty Nail Polish"
93-213-94-98,5,2,8914,B006HJRU6U,"OPI Gelcolor Collection Nail Gel Lacquer, Lincoln Park After Dark, 0.5 Fluid Ounce OPI Opi gelcolor collection is the new, polish-on gel formula. Soak off gel lacquer. Makeup Nails Beauty Nail Polish"
93-213-94-98,5,3,8915,B006HK7ECY,"OPI Gelcolor Collection Nail Gel Lacquer, Passion, 0.5 Fluid Ounce OPI Opi gelcolor collection is the new, polish-on gel formula. Soak off gel lacquer. Makeup Nails Beauty Nail Polish"
93-213-94-98,5,4,8919,B006HKE2TC,"OPI Gelcolor Collection Nail Gel Lacquer, Strawberry Margarita, 0.5 Fluid Ounce OPI Opi gelcolor collection is the new, polish-on gel formula. Soak off gel lacquer. Makeup Nails Beauty Nail Polish"
104-190-237-13,4,0,7227,B004GTIUBC,"Betty Dain Satin Pillowcase, King Size, White (Pack of 2) Betty Dain The satin pillowcase by Betty Dain is an essential for having healthy hair.  Sleeping on satin guarantees you won't have pulling and discomfort like sleeping on cotton.  The satin pillowcase has a concealed zipper closure and is made of the finest soft, sensuous satin. Braid Maintenance Beauty Styling Products Hair Care"
104-190-237-13,4,1,7268,B004HYJ3LW,"Betty Dain Satin Pillowcase, Pink (Pack of 2) Betty Dain The satin pillowcase by Betty Dain is an essential for having healthy hair.  Sleeping on satin guarantees you won't have pulling and discomfort like sleeping on cotton.  The satin pillowcase has a concealed zipper closure and is made of the finest soft, sensuous satin. Braid Maintenance Beauty Styling Products Hair Care"
104-190-237-13,4,2,7271,B004HYMJRC,"Betty Dain Satin Pillowcase, Black (Pack of 2) Betty Dain The satin pillowcase by Betty Dain is an essential for having healthy hair.  Sleeping on satin guarantees you won't have pulling and discomfort like sleeping on cotton.  The satin pillowcase has a concealed zipper closure and is made of the finest soft, sensuous satin. Braid Maintenance Beauty Styling Products Hair Care"
104-190-237-13,4,3,7272,B004HYOP7O,"Betty Dain Satin Pillowcase, Beige (Pack of 2) Betty Dain The satin pillowcase by Betty Dain is an essential for having healthy hair.  Sleeping on satin guarantees you won't have pulling and discomfort like sleeping on cotton.  The satin pillowcase has a concealed zipper closure and is made of the finest soft, sensuous satin. Braid Maintenance Beauty Styling Products Hair Care"
108-198-237-11,4,0,6464,B003VMM74Q,"Harmony Gelish Uv Soak Off Gel Polish -Midnight Caller (0.5 Oz) Gelish This color gel is conveniently designed by ""Gelish by Harmony"" with a twist cap and applicator brush, apply like polishes, and cured under UV lamp. Color gels are meant to use on natural nails. These products are made to satisfy natural-nail wearers who long wish their color would last for more than two weeks. Color gels will stay on nails for three weeks with no chipping or peeling, and soak completely off in only 15 minutes. Makeup Nails Beauty Nail Polish"
108-198-237-11,4,1,6467,B003VMOZE6,"Harmony Gelish Uv Soak Off Gel Polish -Mint Icing (0.5 Oz) Gelish This color gel is conveniently designed by ""Gelish by Harmony"" with a twist cap and applicator brush, apply like polishes, and cured under UV lamp. Color gels are meant to use on natural nails. These products are made to satisfy natural-nail wearers who long wish their color would last for more than two weeks. Color gels will stay on nails for three weeks with no chipping or peeling, and soak completely off in only 15 minutes. Makeup Nails Beauty Nail Polish"
108-198-237-11,4,2,6472,B003VMUIGK,"Harmony Gelish Uv Soak Off Gel Polish -Tumberline Violet (0.5 Oz) Harmony This color gel is conveniently designed by ""Gelish by Harmony"" with a twist cap and applicator brush, apply like polishes, and cured under UV lamp. Color gels are meant to use on natural nails. These products are made to satisfy natural-nail wearers who long wish their color would last for more than two weeks. Color gels will stay on nails for three weeks with no chipping or peeling, and soak completely off in only 15 minutes. Makeup Nails Beauty Nail Polish"
108-198-237-11,4,3,6482,B003VMXYLG,"Harmony Gelish Uv Soak Off Gel Polish -Night Reflection (0.5 Oz) Gelish This color gel is conveniently designed by ""Gelish by Harmony"" with a twist cap and applicator brush, apply like polishes, and cured under UV lamp. Color gels are meant to use on natural nails. These products are made to satisfy natural-nail wearers who long wish their color would last for more than two weeks. Color gels will stay on nails for three weeks with no chipping or peeling, and soak completely off in only 15 minutes. Makeup Nails Beauty Nail Polish"
18-252-241-94,4,0,9973,B008DZF58Q,"Harmony Gelish Sizzling Summer Nights Collection - Big City Siren .5 oz. Harmony 1. Sanitize, prep, and push back cuticles. Then wipe with Hand and Nail Harmony Cleanser using a lint-free wipe. Apply Hand & Nail Harmony PH Bond. 2. Apply Gelish Foundation Gel in a thin application and seal the edge of the nail. 3. Place hand in the LED light for 10 seconds or 1 minute in a UV light. 4. Lightly remove residue from the nail with a clean gel brush. 5. Apply Gelish color of choice in a thin application from cuticle to free edge. Be sure to seal the edges of the nail. 6. Place hand in LED light for 30 seconds or 2 minutes in a UV lamp. For darker coverage repeat steps 5 and 6. 7. Apply Gelish Top It Off Top Coat Sealer from cuticle to free edge using a light application. 8. Place hand in the LED light for 30 seconds or 2 minutes in a UV light. 9. Wipe off the Tacky layer with Hand & Nail Harmony Cleanser. Cure Time: - FOUNDATION GEL 10 SECONDS 1 MINUTE - STRUCTURE GEL 30 SECONDS 2 MINUTES - TOP IT OFF GEL 20-30 SECONDS 2 MINUTES - COLORS 20-30 SECONDS 2 MINUTES Makeup Nails Beauty Nail Polish"
18-252-241-94,4,1,9974,B008DZG02Q,"Harmony Gelish Sizzling Summer Nights Collection - Showstopping .5 oz. Harmony 1. Sanitize, prep, and push back cuticles. Then wipe with Hand and Nail Harmony Cleanser using a lint-free wipe. Apply Hand & Nail Harmony PH Bond. 2. Apply Gelish Foundation Gel in a thin application and seal the edge of the nail. 3. Place hand in the LED light for 10 seconds or 1 minute in a UV light. 4. Lightly remove residue from the nail with a clean gel brush. 5. Apply Gelish color of choice in a thin application from cuticle to free edge. Be sure to seal the edges of the nail. 6. Place hand in LED light for 30 seconds or 2 minutes in a UV lamp. For darker coverage repeat steps 5 and 6. 7. Apply Gelish Top It Off Top Coat Sealer from cuticle to free edge using a light application. 8. Place hand in the LED light for 30 seconds or 2 minutes in a UV light. 9. Wipe off the Tacky layer with Hand & Nail Harmony Cleanser. Cure Time: - FOUNDATION GEL 10 SECONDS 1 MINUTE - STRUCTURE GEL 30 SECONDS 2 MINUTES - TOP IT OFF GEL 20-30 SECONDS 2 MINUTES - COLORS 20-30 SECONDS 2 MINUTES Makeup Nails Beauty Nail Polish"
18-252-241-94,4,2,10227,B008Y9JRQM,"Gelish - House of Gelish Collection - My Favorite Accessory #01439 Nail Harmony 1. Sanitize, prep, and push back cuticles. Then wipe with Hand and Nail Harmony Cleanser using a lint-free wipe. Apply Hand & Nail Harmony PH Bond. 2. Apply Gelish Foundation Gel in a thin application and seal the edge of the nail. 3. Place hand in the LED light for 10 seconds or 1 minute in a UV light. 4. Lightly remove residue from the nail with a clean gel brush. 5. Apply Gelish color of choice in a thin application from cuticle to free edge. Be sure to seal the edges of the nail. 6. Place hand in LED light for 30 seconds or 2 minutes in a UV lamp. For darker coverage repeat steps 5 and 6. 7. Apply Gelish Top It Off Top Coat Sealer from cuticle to free edge using a light application. 8. Place hand in the LED light for 30 seconds or 2 minutes in a UV light. 9. Wipe off the Tacky layer with Hand & Nail Harmony Cleanser. Cure Time: - FOUNDATION GEL 10 SECONDS 1 MINUTE - STRUCTURE GEL 30 SECONDS 2 MINUTES - TOP IT OFF GEL 20-30 SECONDS 2 MINUTES - COLORS 20-30 SECONDS 2 MINUTES Makeup Nails Beauty Nail Polish"
18-252-241-94,4,3,11472,B00DZBWU04,"Harmony Gelish Sizzling Summer Nights Collection - Sunrise and the City .5 oz. Harmony 1. Sanitize, prep, and push back cuticles. Then wipe with Hand and Nail Harmony Cleanser using a lint-free wipe. Apply Hand & Nail Harmony PH Bond. 2. Apply Gelish Foundation Gel in a thin application and seal the edge of the nail. 3. Place hand in the LED light for 10 seconds or 1 minute in a UV light. 4. Lightly remove residue from the nail with a clean gel brush. 5. Apply Gelish color of choice in a thin application from cuticle to free edge. Be sure to seal the edges of the nail. 6. Place hand in LED light for 30 seconds or 2 minutes in a UV lamp. For darker coverage repeat steps 5 and 6. 7. Apply Gelish Top It Off Top Coat Sealer from cuticle to free edge using a light application. 8. Place hand in the LED light for 30 seconds or 2 minutes in a UV light. 9. Wipe off the Tacky layer with Hand & Nail Harmony Cleanser. Cure Time: - FOUNDATION GEL 10 SECONDS 1 MINUTE - STRUCTURE GEL 30 SECONDS 2 MINUTES - TOP IT OFF GEL 20-30 SECONDS 2 MINUTES - COLORS 20-30 SECONDS 2 MINUTES Makeup Nails Beauty Nail Polish"
198-245-61-252,4,0,1031,B000C1VWTA,"Armani Code By Giorgio Armani For Men. Eau De Toilette Spray 1.7 Ounces When&#xA0;applying&#xA0;any fragrance please consider that there are several factors which can affect the natural smell of your skin and, in turn, the way a scent smells on you.&#xA0; For instance, your mood, stress level, age, body chemistry,&#xA0;diet, and current medications may all alter the scents you wear.&#xA0;&#xA0;Similarly, factor such as dry or oily&#xA0;skin can even affect the amount of time a fragrance will last after being applied Fragrance Beauty Eau de Toilette Men's"
198-245-61-252,4,1,1101,B000C235A8,"Perry Ellis 360 White By Perry Ellis For Men. Eau De Toilette Spray 3.4 Ounces Perry Ellis When&#xA0;applying&#xA0;any fragrance please consider that there are several factors which can affect the natural smell of your skin and, in turn, the way a scent smells on you.&#xA0; For instance, your mood, stress level, age, body chemistry,&#xA0;diet, and current medications may all alter the scents you wear.&#xA0;&#xA0;Similarly, factor such as dry or oily&#xA0;skin can even affect the amount of time a fragrance will last after being applied Fragrance Beauty Eau de Toilette Men's"
198-245-61-252,4,2,4574,B0020MM61W,"Sensuous by Estee Lauder for Women. Eau De Parfum Spray 1-Ounce Estee Lauder When&#xA0;applying&#xA0;any fragrance please consider that there are several factors which can affect the natural smell of your skin and, in turn, the way a scent smells on you.&#xA0; For instance, your mood, stress level, age, body chemistry,&#xA0;diet, and current medications may all alter the scents you wear.&#xA0;&#xA0;Similarly, factor such as dry or oily&#xA0;skin can even affect the amount of time a fragrance will last after being applied Fragrance Women's Beauty Eau de Parfum"
198-245-61-252,4,3,5947,B003DL3YW4,"Halle Pure Orchid by Halle Berry Eau De Parfum Spray for Women, 1 Ounce Halle Berry When&#xA0;applying&#xA0;any fragrance please consider that there are several factors which can affect the natural smell of your skin and, in turn, the way a scent smells on you.&#xA0; For instance, your mood, stress level, age, body chemistry,&#xA0;diet, and current medications may all alter the scents you wear.&#xA0;&#xA0;Similarly, factor such as dry or oily&#xA0;skin can even affect the amount of time a fragrance will last after being applied Fragrance Women's Beauty Eau de Parfum"
204-41-203-120,4,0,8535,B005SPETGS,"Suave Professionals Keratin Infusion Smoothing Shampoo, 12.6 Ounce (Pack of 2) Suave Keratin Infusion Smoothing Shampoofrom the Suave Professionals&reg; line is a simple, at-home alternative to expensive salon keratin treatments. Natural keratin protein in hair depletes over time, resulting in hair that is unmanageable, frizzy, and harder to style. This lower sulfate, PH-balanced shampoo is formulated with Keralock&#8482; Technology to infuse hair fiber with lost keratin--while gently cleansing. Used regularly, this shampoo provides lasting smoothness and frizz control for up to 48 hours after each use.For best results, Suave&reg; recommends following with Suave Professionals&reg; Keratin Infusion Smoothing Conditioner. For enhanced smoothness, Suave&reg; recommends trying Keratin Infusion Leave-In Conditioner and Serum.Key Features and Benefits:Formulated with Keralock&#8482; TechnologyGently cleanses while infusing the hair fiber with lost keratin for lasting smoothnessControls frizz for up to 48 hoursMakes styling easierLower sulfate, pH-balanced shampoo*Salon proven to work as well as top salon brands including K&eacute;rastase&reg;***Versus current Suave Professionals&reg; Shampoos**Versus K&eacute;rastase&reg; Bain Olo-Relax Shampoo and Olo-Relax masque. K&eacute;rastase&reg; is a registered trademark of L'Oreal USA.Achieve Professional-Quality ResultsThe Suave Professionals&reg; line of hair care products has been completely reinvented from the inside out, with upgraded formulas, improved fragrances, and chic new packaging. Suave Professionals&reg; is salon proven to work as well as top salon brands, helping you achieve a variety of beautiful hairstyles--while caring for your hair. This line is developed to help you achieve naturally gorgeous, healthy locks.About Suave&reg;For over 70 years Suave&reg; has offered professional quality products for the entire family--that are proven to work as well as salon and specialty brands. Suave's mission is to make gold standard quality attainable to all, so everyone can look good, smell good, and feel good every day.What's in the Box?Pack of two, 12.6-ounce bottles of Suave Professionals&reg; Keratin Infusion Smoothing Shampoo. Shampoos Beauty Hair Care"
204-41-203-120,4,1,8536,B005SPETH2,"Suave Professionals Keratin Infusion Smoothing Conditioner, 12.6 Ounce (Pack of 2) Suave Keratin Infusion Smoothing Conditionerfrom the Suave Professionals&reg; line, is a simple, at-home alternative to expensive salon keratin treatments. Natural keratin protein in hair depletes over time, leaving it unmanageable, frizzy, and harder to style. This deep, nourishing conditioner is formulated with Keralock&#8482; Technology to infuse hair fiber with lost keratin and seal the hair cuticle from the outside--leaving hair soft, smooth, and shiny. Used regularly with Keratin Infusion Smoothing Shampoo, this treatment provides lasting smoothness and frizz control for up to 48 hours.For enhanced smoothness, Suave&reg; recommends trying Keratin Infusion Leave-In Conditioner and Serum.Color Care System contains keratin and seals hair cuticle for:Soft, smooth, and shiny hairFrizz control for up to 48 hoursSmooth and manageable hairEasy stylingKey Features and Benefits:Deep nourishing conditioner formulaFormulated with Keralock&#8482; TechnologyInfuses keratin and seals the hair cuticle from the outsideSalon proven to work as well as top salon brands including K&eacute;rastase&reg;** Shampoo and Conditioner system versus K&eacute;rastase&reg; Reflective Bain Miroir shampoo and Chroma Reflect Masque. K&eacute;rastase&reg; is a registered trademark of L'Oreal USAAchieve Professional-Quality ResultsThe Suave Professionals&reg; line of hair care products has been completely reinvented from the inside out, with upgraded formulas, improved fragrances, and chic new packaging. Suave Professionals&reg; is salon proven to work as well as top salon brands, helping you achieve a variety of beautiful hairstyles--while caring for your hair. This line is developed to help you achieve naturally gorgeous, healthy locks.About Suave&reg;For over 70 years Suave&reg; has offered professional quality products for the entire family--that are proven to work as well as salon and specialty brands. Suave's mission is to make gold standard quality attainable to all, so everyone can look good, smell good, and feel good every day.What's in the Box?Pack of two, 12.6-ounce bottles of Suave Professionals&reg; Keratin Infusion Smoothing Conditioner. Beauty Hair Care Conditioners"
204-41-203-120,4,2,8537,B005SPETHW,"Suave Professionals Keratin Infusion Color Care Conditioner, 12.6 Ounce (Pack of 2) Suave Keratin Infusion Color Care Conditionerfrom the Suave Professionals&reg; line, is a simple, at-home alternative to expensive salon keratin treatments. Natural keratin protein in hair depletes over time, leaving it unmanageable, frizzy, and harder to style. This deep, nourishing conditioner is formulated with Keralock&#8482; Technology to infuse hair fiber with lost keratin--and is enriched with a UV complex to help prevent color from fading. Used regularly with Keratin Infusion Color Care Shampoo, this treatment provides lasting smoothness and frizz control for up to 48 hours--all while maintaining the healthy luster of your color treatment.For enhanced smoothness, Suave&reg; recommends trying Keratin Infusion Leave-In Conditioner and Serum.Color Care System contains keratin and seals hair cuticle for:Long lasting vibrant colorFrizz control for up to 48 hoursSmooth and manageable hairEasy stylingKey Features and Benefits:For Color treated and/or frizzy hairEnriched with UV complex to help prevent color from fadingFormulated with Keralock&#8482; TechnologyInfuses hair fiber with keratin for lasting smoothnessSalon proven to work as well as top salon brands including K&eacute;rastase&reg;** Shampoo and Conditioner system versus K&eacute;rastase&reg; Reflective Bain Miroir shampoo and Chroma Reflect Masque. K&eacute;rastase&reg; is a registered trademark of L'Oreal USAAchieve Professional-Quality ResultsThe Suave Professionals&reg; line of hair care products has been completely reinvented from the inside out, with upgraded formulas, improved fragrances, and chic new packaging. Suave Professionals&reg; is salon proven to work as well as top salon brands, helping you achieve a variety of beautiful hairstyles--while caring for your hair. This line is developed to help you achieve naturally gorgeous, healthy locks.About Suave&reg;For over 70 years Suave&reg; has offered professional quality products for the entire family--that are proven to work as well as salon and specialty brands. Suave's mission is to make gold standard quality attainable to all, so everyone can look good, smell good, and feel good every day.What's in the Box?Pack of two, 12.6-ounce bottles of Suave Professionals&reg; Keratin Infusion Color Care Conditioner. Beauty Hair Care Conditioners"
204-41-203-120,4,3,8718,B0062W4T98,"Suave Professionals Keratin Infusion Smooth and Shine Serum, 2 Ounce (Pack of 3) Suave Keratin Infusion Smooth & Dry Serumfrom the Suave Professionals&reg; line offers a simple, at-home alternative to expensive salon keratin treatments. Natural keratin protein in hair depletes over time leaving it unmanageable, frizzy, and harder to style. Formulated with Keralock&#8482; Technology, this shine-perfecting serum infuses the hair with keratin protein and seals the hair cuticles, resulting in smoother, shinier hair. Offering up to 48 hours of frizz control, this serum also fights the plague of humidity without leaving a residue.Simple to use, dispense 2 to 3 pumps of serum into your palms and comb it through towel dried hair with your fingers from mid-shaft to ends. Then style as desired. Finish on dry hair to eliminate flyaways.Infuses Keratin and Seals Hair Fiber For:Lustrous shineFrizz control for up to 48 hoursSmoother, more manageable hairEasy stylingKey Features and Benefits:Makes hair shiny, smooth, and easier to styleInfuses keratin inside the hair fiber moisturizationProtects hair while heat stylingFights humidity without leaving residueSalon proven to prevent frizz as well as K&eacute;rastase&reg;**Versus K&eacute;rastase&reg; Elixir Ultime. K&eacute;rastase&reg; is a registered trademark of L'Oreal USA.Achieve Professional-Quality ResultsThe Suave Professionals&reg; line of hair care products has been completely reinvented from the inside out, with upgraded formulas, improved fragrances, and chic new packaging. Suave Professionals&reg; is salon proven to work as well as top salon brands, helping you achieve a variety of beautiful hairstyles--while caring for your hair. This line is developed to help you achieve naturally gorgeous, healthy locks.About Suave&reg;For over 70 years Suave&reg; has offered professional quality products for the entire family--that are proven to work as well as salon and specialty brands. Suave's mission is to make gold standard quality attainable to all, so everyone can look good, smell good, and feel good every day.What's in the Box?Three 2-ounce bottles of Suave Professionals&reg; Keratin Infusion Smooth & Shine Serum. Beauty Styling Products Hair Care Hair Styling Serums"
209-250-99-221,4,0,8476,B005OZEFKM,"Sigma E20 - Short Shader Sigma Beauty Unique Feature: Soft and precise flat head
Function: Concentrated color application
Recommended Use: Apply color onto small areas of the eye such as the outer eyelid. Also use to smudge the lower lash line.

 2013 Sigma Enterprises, LLC Makeup Brushes & Tools Beauty Tools & Accessories Brushes & Applicators"
209-250-99-221,4,1,8478,B005OZFV50,"Sigma E30 - Pencil Sigma Beauty Unique Feature: Soft and tapered pencil tip
Function: Soften and smoke out liner
Recommended Use: Soften pencil liners along the top and bottom lash lines, add shadow to line the eyes, or use to highlight inner corner of eyes.

 2013 Sigma Enterprises, LLC Makeup Brushes & Tools Beauty Tools & Accessories Brushes & Applicators"
209-250-99-221,4,2,8479,B005OZGDO8,"Sigma E35 - Tapered Blending Sigma Beauty Unique Feature: Longer, slightly firm bristles
Function: Controlled application of crease color
Recommended Use: Using just the tip of the brush to pick up color, apply product directly onto the crease and sweep through. Effect is blended, but defined.

 2013 Sigma Enterprises, LLC Makeup Brushes & Tools Beauty Tools & Accessories Brushes & Applicators"
209-250-99-221,4,3,8480,B005OZH88I,"Sigma E40 - Tapered Blending Sigma Beauty Unique Feature: Very tapered and pointed with precise tip
Function: Precise color application onto the crease
Recommended Use: Picking up color with just the tip of the brush, apply intense colors to the crease to add depth and dimension to the eye.

 2013 Sigma Enterprises, LLC Makeup Brushes & Tools Beauty Tools & Accessories Brushes & Applicators"
209-97-208-105,4,0,3902,B001G2B8NO,Red Cherry False Eyelashes #43 (Pack of 3) Red Cherry Great way to extend the length and thickness of your eyelashes in seconds. Beauty Tools & Accessories Eyelash Tools Fake Eyelashes & Adhesives Makeup Brushes & Tools
209-97-208-105,4,1,3903,B001G2GCO4,"Red Cherry False Eyelashes #747S, Black (Pack of 6) Red Cherry Great way to extend the length and thickness of your eyelashes in seconds.
(pack of 6 pairs) Beauty Tools & Accessories Eyelash Tools Fake Eyelashes & Adhesives Makeup Brushes & Tools"
209-97-208-105,4,2,8985,B006LFZTWC,Red Cherry #DW False Eyelashes (Pack of 3 Pairs) Red Cherry Great way to extend the length and thickness of your eyelashes in seconds. Beauty Tools & Accessories Eyelash Tools Fake Eyelashes & Adhesives Makeup Brushes & Tools
209-97-208-105,4,3,9076,B006R1FZLA,Red Cherry #WSP False Eyelashes (Pack of 6 Pairs) Red Cherry Great way to extend the length and thickness of your eyelashes in seconds. Beauty Tools & Accessories Eyelash Tools Fake Eyelashes & Adhesives Makeup Brushes & Tools
214-41-148-240,4,0,99,B0000535UA,"Jason Shampoo, Tea Tree, 17.5 Ounce Jason Natural In 1959, a group of independent thinkers drew upon the pioneering spirit that was so much a part of their California heritage and set out on a road of rediscovery. Theirs was a path back to safer, natural ingredients proven to work together in effective ways. And so the J&#x100;S&#xD6;N&#xA0;(which means ""healer"" in Greek) brand was born. The&#xA0;J&#x100;S&#xD6;N&#xA0;team meticulously created&#xA0;body loving products&#xA0;staying true to the&#xA0;J&#x100;S&#xD6;N&#xA0;Code of Honor: select safe, wholesome, natural ingredients, rigorously test every formula to ensure safety and efficacy, never test on animals, and constantly innovate and improve. As one generation has given way to the next,&#xA0;J&#x100;S&#xD6;N&#xA0;products have remained on the path forged by the brand&#x2019;s founders, committed to discovering even more ways to offer personal care solutions safer for us, our families and our planet. Shampoos Beauty Hair Care"
214-41-148-240,4,1,100,B0000535UM,"Jason Thin-To-Thick Extra Volume Shampoo, 8 Ounce Jason Natural In 1959, a group of independent thinkers drew upon the pioneering spirit that was so much a part of their California heritage and set out on a road of rediscovery. Theirs was a path back to safer, natural ingredients proven to work together in effective ways. And so the J&#x100;S&#xD6;N&#xA0;(which means ""healer"" in Greek) brand was born. The&#xA0;J&#x100;S&#xD6;N&#xA0;team meticulously created&#xA0;body loving products&#xA0;staying true to the&#xA0;J&#x100;S&#xD6;N&#xA0;Code of Honor: select safe, wholesome, natural ingredients, rigorously test every formula to ensure safety and efficacy, never test on animals, and constantly innovate and improve. As one generation has given way to the next,&#xA0;J&#x100;S&#xD6;N&#xA0;products have remained on the path forged by the brand&#x2019;s founders, committed to discovering even more ways to offer personal care solutions safer for us, our families and our planet. Shampoos Beauty Hair Care"
214-41-148-240,4,2,103,B0000535UX,"Jason Pure Natural Hand Soap, Purifying Tea Tree, 16 Ounce Jason Natural In 1959, a group of independent thinkers drew upon the pioneering spirit that was so much a part of their California heritage and set out on a road of rediscovery. Theirs was a path back to safer, natural ingredients proven to work together in effective ways. And so the J&#x100;S&#xD6;N&#xA0;(which means ""healer"" in Greek) brand was born. The&#xA0;J&#x100;S&#xD6;N&#xA0;team meticulously created&#xA0;body loving products&#xA0;staying true to the&#xA0;J&#x100;S&#xD6;N&#xA0;Code of Honor: select safe, wholesome, natural ingredients, rigorously test every formula to ensure safety and efficacy, never test on animals, and constantly innovate and improve. As one generation has given way to the next,&#xA0;J&#x100;S&#xD6;N&#xA0;products have remained on the path forged by the brand&#x2019;s founders, committed to discovering even more ways to offer personal care solutions safer for us, our families and our planet. Hands & Nails Beauty Skin Care Hand Soaps"
214-41-148-240,4,3,1277,B000FGC99Y,"Jason Pure Natural Shampoo, Restorative Biotin, 16 Ounce Jason Natural In 1959, a group of independent thinkers drew upon the pioneering spirit that was so much a part of their California heritage and set out on a road of rediscovery. Theirs was a path back to safer, natural ingredients proven to work together in effective ways. And so the J&#x100;S&#xD6;N&#xA0;(which means ""healer"" in Greek) brand was born. The&#xA0;J&#x100;S&#xD6;N&#xA0;team meticulously created&#xA0;body loving products&#xA0;staying true to the&#xA0;J&#x100;S&#xD6;N&#xA0;Code of Honor: select safe, wholesome, natural ingredients, rigorously test every formula to ensure safety and efficacy, never test on animals, and constantly innovate and improve. As one generation has given way to the next,&#xA0;J&#x100;S&#xD6;N&#xA0;products have remained on the path forged by the brand&#x2019;s founders, committed to discovering even more ways to offer personal care solutions safer for us, our families and our planet. Shampoos Beauty Hair Care"
226-125-180-152,4,0,9340,B0078VJ1OK,"100pcs Clear Acrylic French False Nail Half Tips Box Package Adored Adored is a brand and Trade Mark. The Adored package is unique!

More Beauty, Jewelery, Clothing&Accessaries;, Arts&Crafts; products, please click in the Brand Adored and search! Beauty Tools & Accessories False Nails Nail Tools"
226-125-180-152,4,1,10156,B008TNPXMK,"100pcs Zebra Pattern French Artificial Half False Nails Nail Art Tips + Glue + Box #D2 Come2Buy Adored is a brand and Trade Mark. The Adored package is unique!

More Beauty, Jewelery, Clothing&Accessaries;, Arts&Crafts; products, please click in the Brand Adored and search! Beauty Tools & Accessories False Nails Nail Tools"
226-125-180-152,4,2,10157,B008TNQ19E,"100 Pcs White Acrylic French Style Artificial Half False Nails Nail Art Tips + Box + Glue Adored Adored is a brand and Trade Mark. The Adored package is unique!

More Beauty, Jewelery, Clothing&Accessaries;, Arts&Crafts; products, please click in the Brand Adored and search! Beauty Tools & Accessories False Nails Nail Tools"
226-125-180-152,4,3,10158,B008TNQ3PQ,"100 Pcs Black Acrylic French Style Artificial Half False Nails Nail Art Tips + Box + Glue Adored Adored is a brand and Trade Mark. The Adored package is unique!

More Beauty, Jewelery, Clothing&Accessaries;, Arts&Crafts; products, please click in the Brand Adored and search! Beauty Tools & Accessories False Nails Nail Tools"
227-202-238-253,4,0,9743,B0082D69H0,"Revlon ColorBurst Balm Stain, Crush, 0.1 Ounce Revlon Revlon Just bitten kissing balm stain provides a gorgeous flush of color and the moisturizing comfort of a balm in a portable, self sharpening chubby crayon. Makeup Beauty Lips Lip Stains"
227-202-238-253,4,1,9744,B0082D9RYM,"Revlon Just Bitten Kissing Balm Stain, Lovestick, 0.1 Ounce Revlon Revlon Just bitten kissing balm stain provides a gorgeous flush of color and the moisturizing comfort of a balm in a portable, self sharpening chubby crayon. Makeup Beauty Lips Lip Stains"
227-202-238-253,4,2,9745,B0082D9SUK,"Revlon Just Bitten Kissing Balm Stain, Smitten, 0.1 Ounce Revlon Revlon Just bitten kissing balm stain provides a gorgeous flush of color and the moisturizing comfort of a balm in a portable, self sharpening chubby crayon. Makeup Beauty Lips Lip Stains"
227-202-238-253,4,3,9783,B0084FIET2,"Revlon Just Bitten Kissing Balm Stain, Adore, 0.1 Ounce Revlon Revlon Just bitten kissing balm stain provides a gorgeous flush of color and the moisturizing comfort of a balm in a portable, self sharpening chubby crayon. Makeup Beauty Lips Lip Stains"
232-180-62-153,4,0,5587,B0033AYPXC,"Z Palette Large Black Z Palette Our makeup palette is an exclusive custom designed palette perfect for display and for easy color comparison of makeups. They feature a sleek and clean design that offers the strength of a plastic palette, while using eco-friendly recyclable materials. You can fold the top portion completely under the bottom portion to save on space. The Z Palette is the makeup palette that includes both a clear window and an open magnetic base to fit any size shadow, blush, bronzer, and even some foundations. You can replace the colors in your makeup palette as often as you would like. Makeup Makeup Palettes Beauty"
232-180-62-153,4,1,6490,B003VPT9WQ,"Z Palette Small Zebra Z Palette Our makeup palette is an exclusive custom designed palette perfect for display and for easy color comparison of makeups. They feature a sleek and clean design that offers the strength of a plastic palette, while using eco-friendly recyclable materials. You can fold the top portion completely under the bottom portion to save on space. The Z Palette is the makeup palette that includes both a clear window and an open magnetic base to fit any size shadow, blush, bronzer, and even some foundations. You can replace the colors in your makeup palette as often as you would like. Makeup Makeup Palettes Beauty"
232-180-62-153,4,2,8131,B005BQWP74,"Z Palette Pro Makeup Palette, Extra Large, Black Z Palette This makeup palette is the largest Z Palette ever! Fitting 35 standard pans, it is still super slim and sleek making it a must have for pro&#x2019;s and beauty lovers alike. The patented Z Palette is an exclusive custom designed palette perfect for display and color comparison. They feature a sleek and clean design that offers the strength of a plastic palette. You can fold the top portion completely under the bottom portion to save on space. The Z Palette is the makeup palette that includes both a clear window and an open magnetic base to fit any size shadow, blush, bronzer, and even some foundations. You can replace the colors in your makeup palette as often as you would like. Makeup Eye Shadow Beauty Eyes"
232-180-62-153,4,3,9993,B008FXLRB0,"Z Palette Dome Makeup Palette, Black Z Palette The patented Z Palette is an exclusive custom palette perfect for display and color comparison. It features a sleek and clean design that offers the strength of a plastic palette, while using eco-friendly recyclable materials. Fold the top portion completely under the bottom portion for a space saving feature on your vanity or makeup station. The Z Palette is the only one of its kind that includes both a clear window and an open magnetic base to fit any size shadow, blush, bronzer, and even some foundations. The Dome palette is created deep enough to fit your mineralized and baked dome-shaped shadows. Mirrors Beauty Tools & Accessories"
25-133-102-62,4,0,9746,B0082D9U12,"Revlon Color Stay Whipped Cr&egrave;me Makeup, Buff, 0.8 Fluid Ounce Revlon Revlon color stay whipped cr&#xE8;me makeup is designed to move with your skin, this bouncy, mousse-like formula feels lightweight and comfortable, so makeup looks flawless and feels fresh throughout the day, without rubbing off. New time release technology formula helps keep skin looking flawless all day. Makeup Foundation Beauty Face"
25-133-102-62,4,1,9747,B0082D9UZS,"Revlon Color Stay Whipped Cr&egrave;me Makeup, Ivory, 0.8 Fluid Ounce Revlon Revlon color stay whipped cr&#xE8;me makeup is designed to move with your skin, this bouncy, mousse-like formula feels lightweight and comfortable, so makeup looks flawless and feels fresh throughout the day, without rubbing off. New time release technology formula helps keep skin looking flawless all day. Makeup Foundation Beauty Face"
25-133-102-62,4,2,9748,B0082D9VTS,"Revlon Color Stay Whipped Cr&egrave;me Makeup, Nude, 0.8 Fluid Ounce Revlon Revlon color stay whipped cr&#xE8;me makeup is designed to move with your skin, this bouncy, mousse-like formula feels lightweight and comfortable, so makeup looks flawless and feels fresh throughout the day, without rubbing off. New time release technology formula helps keep skin looking flawless all day. Makeup Foundation Beauty Face"
25-133-102-62,4,3,9749,B0082D9WEM,"Revlon Color Stay Whipped Cr&egrave;me Makeup, Warm Golden, 0.8 Fluid Ounce Revlon Revlon color stay whipped cr&#xE8;me makeup is designed to move with your skin, this bouncy, mousse-like formula feels lightweight and comfortable, so makeup looks flawless and feels fresh throughout the day, without rubbing off. New time release technology formula helps keep skin looking flawless all day. Makeup Foundation Beauty Face"
252-233-106-65,4,0,11563,B00EYZY5TY,Fekkai Apple Cider Shampoo 236ml/8oz Fekkai Shampoos Beauty Hair Care
252-233-106-65,4,1,11621,B00FRDPOVU,Fekkai Full Blown Volume Shampoo 236ml/8oz Fekkai Shampoos Beauty Hair Care
252-233-106-65,4,2,11622,B00FRDPP6O,Fekkai Technician Color Care Shampoo 236ml/8oz Fekkai Shampoos Beauty Hair Care
252-233-106-65,4,3,11625,B00FRDPRQ2,Fekkai Brilliant Glossing Shampoo 236ml/8oz Fekkai Shampoos Beauty Hair Care
32-1-189-59,4,0,6722,B0043OSHUY,"Covergirl Lashblast Fusion Water Resistant Mascara Black 890, 0.44-Ounce COVERGIRL Makeup Beauty Eyes Mascara"
32-1-189-59,4,1,10290,B0094GHGQM,"Covergirl Clump Crusher Mascara By Lashblast, Very Black 800, 0.44 Ounce COVERGIRL Makeup Beauty Eyes Mascara"
32-1-189-59,4,2,10291,B0094GHKFE,"Covergirl Clump Crusher Water Resistant Mascara By Lashblast, Very Black 825, 0.44 Ounce COVERGIRL Makeup Beauty Eyes Mascara"
32-1-189-59,4,3,11219,B00C67E3GW,"CoverGirl 300 Flamed Out Mascara, Very Black Blaze, 0.37 Fluid Ounce COVERGIRL Makeup Beauty Eyes Mascara"
34-90-177-209,4,0,9951,B008CZBZY0,"Axe Shower Gel, Snake Peel, 16 Fluid Ounce AXE Beauty Body Washes Bath & Body Cleansers"
34-90-177-209,4,1,9952,B008CZC1IE,"Axe Shower Gel, Cool Metal, 16 Fluid Ounce AXE Beauty Body Washes Bath & Body Cleansers"
34-90-177-209,4,2,10843,B00ARCQHBC,"Axe Shower Gel Deep Space, 16 Ounce AXE Beauty Body Washes Bath & Body Cleansers"
34-90-177-209,4,3,11781,B00GTC1JVM,"Axe Harmony Shower Gel, 16 Fluid Ounce AXE Beauty Body Washes Bath & Body Cleansers"
37-213-7-48,4,0,7808,B004Y9JWIO,"Maybelline New York Color Sensational High Shine Lipcolor, Mauvilous Shine 820, 0.12 Ounce Maybelline See the sumptuous side of high shine with Color Sensational's high shine lip color collection. Mirror-like pigments plus luxurious honey nectar combine for a lip color so rich, so reflective, it's sensational. Makeup Beauty Lipstick Lips"
37-213-7-48,4,1,7812,B004Y9LAW0,"Maybelline New York Color Sensational High Shine Lipcolor, Coral Lustre 840, 0.12 Ounce Maybelline See the sumptuous side of high shine with Color Sensational's high shine lip color collection. Mirror-like pigments plus luxurious honey nectar combine for a lip color so rich, so reflective, it's sensational. Makeup Beauty Lipstick Lips"
37-213-7-48,4,2,7813,B004Y9LM8C,"Maybelline New York Color Sensational High Shine Lipcolor, Fruit Punch 825, 0.12 Ounce Maybelline See the sumptuous side of high shine with Color Sensational's high shine lip color collection. Mirror-like pigments plus luxurious honey nectar combine for a lip color so rich, so reflective, it's sensational. Makeup Beauty Lipstick Lips"
37-213-7-48,4,3,7814,B004Y9LO1M,"Maybelline New York Color Sensational High Shine Lipcolor, Dazzling Plum 835, 0.12 Ounce Maybelline See the sumptuous side of high shine with Color Sensational's high shine lip color collection. Mirror-like pigments plus luxurious honey nectar combine for a lip color so rich, so reflective, it's sensational. Makeup Beauty Lipstick Lips"
42-159-232-100,4,0,9352,B007AAUXI2,"Creative Nail Shellac Rubble, 0.25 Fluid Ounce CND Cosmetics Patent-Pending formulations of solvents, monomers and polymers goes on like polish and wears like gel. Makeup Nails Beauty Nail Polish"
42-159-232-100,4,1,9354,B007AO3LJG,"Creative Nail Shellac Silver Vip Status, 0.25 Fluid Ounce CND Cosmetics Patent-Pending formulations of solvents, monomers and polymers goes on like polish and wears like gel. Makeup Nails Beauty Nail Polish"
42-159-232-100,4,2,9404,B007EZ0CC0,"Creative Nail Shellac Gold Vip Status, 0.25 Fluid Ounce CND Cosmetics Patent-Pending formulations of solvents, monomers and polymers goes on like polish and wears like gel. Makeup Nails Beauty Nail Polish"
42-159-232-100,4,3,9405,B007EZ2HI2,"Creative Nail Shellac Dark Lava, 0.25 Fluid Ounce CND Cosmetics Patent-Pending formulations of solvents, monomers and polymers goes on like polish and wears like gel. Makeup Nails Beauty Nail Polish"
42-92-100-243,4,0,8190,B005EH9ZY6,"China Glaze Nail Polish, Skyscraper, 0.5 Fluid Ounce China Glaze A medium to dark colored blue with blue and silver glitter, a super sparkly polish and lots of fun. Long-wearing nail lacquer. Flexible and will not chip. Non-thickening formula no thinner required. Makeup Nails Beauty Nail Polish"
42-92-100-243,4,1,8192,B005EHHWPA,"China Glaze Nail Polish, Concrete Catwalk, 0.5 Fluid Ounce China Glaze A dark steel grey and blue creme. A very slate colored polish with lots of shine. Long-wearing nail lacquer. Flexible and will not chip. Non-thickening formula no thinner required. Makeup Nails Beauty Nail Polish"
42-92-100-243,4,2,9895,B008A3ZN56,"China Glaze Nail Polish, Exotic Encounters, 0.5 Fluid Ounce China Glaze A rich teal green creme, has a slight depth to it, an almost dusty appearance with a brilliant shine. A rich fun and not a color you'll see every day. Long-wearing nail lacquer. Flexible and will not chip. Non-thickening formula no thinner required. Makeup Nails Beauty Nail Polish"
42-92-100-243,4,3,9897,B008A40ACQ,"China Glaze Nail Polish, Jungle Queen, 0.5 Fluid Ounce China Glaze A dusty violet with heavy purple shimmer. This color is rich and full of color and sparkle, great for those purple lovers. Long-wearing nail lacquer. Flexible and will not chip. Non-thickening formula no thinner required. Makeup Nails Beauty Nail Polish"
47-208-88-236,4,0,3942,B001GF7W0Y,"China Glaze Secrect Peri-Wink-Le 683/80895 China Glaze China Glaze's unique lacquers contain China Clay as a nail hardener, the same material that gives porcelain its shiny finish. These glossy lacquers are phenomenal for lasting strength, durability and overall gorgeous nails. For a flawless application every time, use these quality formulas with its optimized 440-strand brush. Nothing says the perfect nail like China Glaze. Makeup Nails Beauty Nail Polish"
47-208-88-236,4,1,5571,B0032H4FPO,"China Glaze up &amp; Away Collection: Light As Air #863/80933 China Glaze China Glaze's unique lacquers contain China Clay as a nail hardener, the same material that gives porcelain its shiny finish. These glossy lacquers are phenomenal for lasting strength, durability and overall gorgeous nails. For a flawless application every time, use these quality formulas with its optimized 440-strand brush. Nothing says the perfect nail like China Glaze. Makeup Nails Beauty Nail Polish"
47-208-88-236,4,2,9819,B0085YA6K2,"China Glaze Nail Polish LIQUID LEATHER Lacquer 70576 Salon Girlie .5 oz Manicure China Glaze China Glaze's unique lacquers contain China Clay as a nail hardener, the same material that gives porcelain its shiny finish. These glossy lacquers are phenomenal for lasting strength, durability and overall gorgeous nails. For a flawless application every time, use these quality formulas with its optimized 440-strand brush. Nothing says the perfect nail like China Glaze. Makeup Nails Beauty Nail Polish"
47-208-88-236,4,3,9820,B0085YKL70,"China Glaze Nail Polish Bahama Blues BAHAMIAN ESCAPE Lacquer 80875 Salon .5 oz China Glaze China Glaze's unique lacquers contain China Clay as a nail hardener, the same material that gives porcelain its shiny finish. These glossy lacquers are phenomenal for lasting strength, durability and overall gorgeous nails. For a flawless application every time, use these quality formulas with its optimized 440-strand brush. Nothing says the perfect nail like China Glaze. Makeup Nails Beauty Nail Polish"
66-250-122-220,4,0,8942,B006J5YANS,"Smashbox Camera Ready BB Cream SPF 35 Medium Smashbox Your go-to for flawless skin. Just let it BB.So what does BB do?PRIMES: Wear alone, or under your favorite foundation to create a smooth canvas.PERFECTS: Tinted formula in 5 shades evens out skin for a flawless finish.HYDRATES: Improves skin moisture in 4 weeks. Guaranteed.PROTECTS: SPF 35 guards against UVA/UVB rays.Tips:BB TIP 1: BB any way you want. Use it as a primer. Use it for light coverage. Use it however you see fit!BB TIP 2: Don't use too much! Just a pea size will do. (Hint: if you need more coverage, see tip #3. No need for lots of layers.)BB TIP 3: Looks great alone for quick, camera-ready skin. Or pair BB with your favorite foundation for more coverage. We adore it with Halo Hydrating Perfecting Powder.BB TIP 4: Have dry skin? Still moisturize first. Have oily/combination skin? BB is all you'll need.BB TIP 5: Regular use will improve your skin! BB is loaded with anti-aging peptides for a decrease in fine lines over time, plus it Creams & Moisturizers Beauty Skin Care Face"
66-250-122-220,4,1,8943,B006J5YB2I,"Smashbox Camera Ready BB Cream SPF 35 Fair Smashbox Your go-to for flawless skin. Just let it BB.So what does BB do?PRIMES: Wear alone, or under your favorite foundation to create a smooth canvas.PERFECTS: Tinted formula in 5 shades evens out skin for a flawless finish.HYDRATES: Improves skin moisture in 4 weeks. Guaranteed.PROTECTS: SPF 35 guards against UVA/UVB rays.Tips:BB TIP 1: BB any way you want. Use it as a primer. Use it for light coverage. Use it however you see fit!BB TIP 2: Don't use too much! Just a pea size will do. (Hint: if you need more coverage, see tip #3. No need for lots of layers.)BB TIP 3: Looks great alone for quick, camera-ready skin. Or pair BB with your favorite foundation for more coverage. We adore it with Halo Hydrating Perfecting Powder.BB TIP 4: Have dry skin? Still moisturize first. Have oily/combination skin? BB is all you'll need.BB TIP 5: Regular use will improve your skin! BB is loaded with anti-aging peptides for a decrease in fine lines over time, plus it Makeup Foundation Beauty Face"
66-250-122-220,4,2,8944,B006J5YBJG,"Smashbox Camera Ready BB Cream SPF 35 Dark Smashbox Your go-to for flawless skin. Just let it BB.So what does BB do?PRIMES: Wear alone, or under your favorite foundation to create a smooth canvas.PERFECTS: Tinted formula in 5 shades evens out skin for a flawless finish.HYDRATES: Improves skin moisture in 4 weeks. Guaranteed.PROTECTS: SPF 35 guards against UVA/UVB rays.Tips:BB TIP 1: BB any way you want. Use it as a primer. Use it for light coverage. Use it however you see fit!BB TIP 2: Don't use too much! Just a pea size will do. (Hint: if you need more coverage, see tip #3. No need for lots of layers.)BB TIP 3: Looks great alone for quick, camera-ready skin. Or pair BB with your favorite foundation for more coverage. We adore it with Halo Hydrating Perfecting Powder.BB TIP 4: Have dry skin? Still moisturize first. Have oily/combination skin? BB is all you'll need.BB TIP 5: Regular use will improve your skin! BB is loaded with anti-aging peptides for a decrease in fine lines over time, plus it Makeup Foundation Beauty Face"
66-250-122-220,4,3,9344,B0079HNKLI,"Smashbox Camera Ready BB Cream SPF 35 Light/Medium Smashbox Your go-to for flawless skin. Just let it BB.So what does BB do?PRIMES: Wear alone, or under your favorite foundation to create a smooth canvas.PERFECTS: Tinted formula in 5 shades evens out skin for a flawless finish.HYDRATES: Improves skin moisture in 4 weeks. Guaranteed.PROTECTS: SPF 35 guards against UVA/UVB rays.Tips:BB TIP 1: BB any way you want. Use it as a primer. Use it for light coverage. Use it however you see fit!BB TIP 2: Don't use too much! Just a pea size will do. (Hint: if you need more coverage, see tip #3. No need for lots of layers.)BB TIP 3: Looks great alone for quick, camera-ready skin. Or pair BB with your favorite foundation for more coverage. We adore it with Halo Hydrating Perfecting Powder.BB TIP 4: Have dry skin? Still moisturize first. Have oily/combination skin? BB is all you'll need.BB TIP 5: Regular use will improve your skin! BB is loaded with anti-aging peptides for a decrease in fine lines over time, plus it Creams & Moisturizers Beauty Skin Care Face"
67-161-0-11,4,0,3424,B001B2RX10,"WEN&reg; Lavender Styling Creme 6oz WEN&reg; by Chaz Dean Achieve all your styling options and the benefits of a leave-in conditioner, polishing gloss and gel in one product. This amazing styling creme works great on straight, wavy and curly hair types to give them rich moisture, gleaming shine and body with hold. The virtually weightless formula is used as a heat-protectant from damage caused by styling tools, and also to tame frizz when drying naturally. Beauty Styling Products Hair Care Creams, Gels & Lotions"
67-161-0-11,4,1,3627,B001E33FFY,"WEN&reg; Fig Styling Creme 6oz Achieve all your styling options and the benefits of a leave-in conditioner, polishing gloss and gel in one product. This amazing styling creme works great on straight, wavy and curly hair types to give them rich moisture, gleaming shine and body with hold. The virtually weightless formula is used as a heat-protectant from damage caused by styling tools, and also to tame frizz when drying naturally. Beauty Styling Products Hair Care Creams, Gels & Lotions"
67-161-0-11,4,2,9552,B007PKRMEU,"WEN&reg; Tea Tree Styling Creme 6oz Achieve all your styling options and the benefits of a leave-in conditioner, polishing gloss and gel in one product. This amazing styling creme works great on straight, wavy and curly hair types to give them rich moisture, gleaming shine and body with hold. The virtually weightless formula is used as a heat-protectant from damage caused by styling tools, and also to tame hair from frizz when drying naturally. Beauty Styling Products Hair Care Creams, Gels & Lotions"
67-161-0-11,4,3,9553,B007PKSWQM,"WEN&reg; Pomegranate Styling Creme 6oz Achieve all your styling options and the benefits of a leave-in conditioner, polishing gloss and gel in one product. This amazing styling creme works great on straight, wavy and curly hair types to give them rich moisture, gleaming shine and body with hold. The virtually weightless formula is used as a heat-protectant from damage caused by styling tools, and also to tame hair from frizz when drying naturally. Beauty Styling Products Hair Care Creams, Gels & Lotions"
72-42-211-154,4,0,3584,B001DKEW6O,"PRO EMU OIL (1oz) AEA Certified Progressive Emu Oil is triple refined emu oil making it the highest possible grade of oil on the market. Progressive Emu Oil is pure Emu Oil that has been tested by an AOCS (American Oil Chemist Society) certified chemist and has been certified to meet the stringent specifications for the Emu Oil Fully Refined Trade Rules to Be AEA (American Emu Association) certified. Progressive Emu Oil is an all natural, non toxic, non-comedogenic (does not clog the pores), hypoallergenic oil that is gentle for all types of skin.

Emu Oil is comprised of essential fatty acids (EFA's), with Omega 3 and 6 being the most prominent. This unique composition allows Emu Oil to penetrate the skin making it an excellent moisturizer with anti-inflammatory properties as well. Emu Oil has also demonstrated amazing results on severe skin conditions such as wind burn, sun burn and skin that has lost some of it's elasticity. The cosmetic industry and the medical community have begun to recognize the benefits of Emu Oil in recent years, so why not try some for your self today. Note: product contains .00022% Vitamin E as a stabilizer to increase shelf life.
              Progressive Emu is the largest producer of emu oil in the country, quite possibly the world. Our goal is to provide our customers with the highest possible quality of emu oil at the most competitive price available. Body Scrubs Beauty Scrubs & Body Treatments Bath & Body"
72-42-211-154,4,1,3585,B001DKF08S,"PRO EMU OIL (4oz) AEA Certified Progressive Emu OIl is triple refined emu oil making this oil the highest grade of emu oil on the market. Progressive Emu Oil is pure emu oil that has been tested by an AOCS (American Oil Chemist Society) certified chemist and has been certified to meet the stringent specifications for the Emu Oil Fully Refined Trade Rules to be AEA (American Emu Association) certified. Progressive Emu Oil is an all natural, non toxic, non-comedogenic (does not clog the pores), hypoallergenic oil that is gentle for all types of skin.

Emu Oil is comprised of essential fatty acids (EFA's), with Omega 3 and 6 being the most prominent. This unique composition allows Emu Oil to penetrate the skin making it an excellent moisturizer with anti-inflammatory properties as well. Emu Oil has also demonstrated amazing results on severe skin conditions such as wind burn, sun burn and skin that has lost some of it's elasticity. The cosmetic industry and the medical community have begun to recognize the benefits of Emu Oil in recent years, so why not try some for your self today. note: product contains .00022% Vitamin E as a stabilizer to increase shelf life.  
Progressive Emu is the largest producer of emu oil in the country, quite possibly the world. Our goal is to provide our customers with the highest possible quality of emu oil at the most competitive price available. Body Scrubs Beauty Scrubs & Body Treatments Bath & Body"
72-42-211-154,4,2,3586,B001DKGJQU,"PRO EMU OIL (8 oz) AEA Certified Progressive Emu oil is triple refined emu oil making this oil the highest grade of emu oil on the market. Progressive Emu Oil is pure Emu Oil that has been tested by an AOCS (American Oil Chemist Society) certified chemist and has been certified to meet the stringent specifications for the Emu Oil Fully Refined Trade Rules to be AEA (American Emu Association) certified. Pro Emu Oil is an all natural, non toxic, non-comedogenic (does not clog the pores), hypoallergenic oil that is gentle for all types of skin.

Emu Oil is comprised of essential fatty acids (EFA's), with Omega 3 and 6 being the most prominent. This unique composition allows Emu Oil to penetrate the skin without resistance giving it transdermal characteristics. Emu Oil is an excellent moisturizer and can actually re-hydrate the skin. Emu Oil is high in Omega 6 which gives it anti-inflammatory properties as well. Emu Oil has also demonstrated amazing results on severe skin conditions such as wind burn, sun burn and skin that has lost some of it's elasticity. Emu Oil combined with other ingredients have been used in topical pain products and cosmetics with great success. The cosmetic industry and the medical community have begun to recognize the benefits of Emu Oil in recent years, so why not try some for your self today. note: product contains .00022% Vitamin E as a stabilizer to increase shelf life.
 Progressive Emu is the largest producer of emu oil in the country, quite possibly the world. Our goal is to provide our customers with the highest possible quality of emu oil at the most competitive price available. Moisturizers Beauty Body Oils Skin Care"
72-42-211-154,4,3,3588,B001DKK7Y0,"PRO EMU OIL (2oz) AEA Certified Progressive Emu Oil is triple refined emu oil making this oil the highest possible grade of oil on the market. Progressive Emu Oil is pure emu oil that has been tested by an AOCS (American Oil Chemist Society) certified chemist and has been certified to meet the stringent specifications for the Emu Oil Fully Refined Trade Rules To be AEA ( American Emu Association) certified. Progressive Emu Oil is an all natural, non toxic, non-comedogenic (does not clog the pores), hypoallergenic oil that is gentle for all types of skin.

Emu Oil is comprised of essential fatty acids (EFA's), with Omega 3 and 6 being the most prominent. This unique composition allows Emu Oil to penetrate the skin making it an excellent moisturizer with anti-inflammatory properties as well. Emu Oil has also demonstrated amazing results on severe skin conditions such as wind burn, sun burn and skin that has lost some of it's elasticity. The cosmetic industry and the medical community have begun to recognize the benefits of Emu Oil in recent years, so why not try some for your self today. note: product contains .00022% Vitamin E as a stabilizer to increase shelf life.        
            Progressive Emu is the largest producer of emu oil is the country, quite possibly the world. Our goal is to provide our customers with the highest possible quality of emu oil at the most competitive price available. Moisturizers Beauty Body Oils Skin Care"
73-42-117-29,4,0,149,B00006598X,"Aquis Microfiber Hair Towel, Lisse Crepe, Pink (19 x 39-Inches) Aquis Aquis towels are made of Aquitex, a super absorbent material woven from ultrafine microfibers.  The technology behind our microfiber towel enables water to be drawn from hair and skin more quickly and thoroughly than other towels.  And it's especially gentle on hair and skin.  Designed to be lightweight, compact and durable, Aquis towels are ideal for everyday use at home, at the gym and while traveling. Hair Extensions & Wigs Hair Care Beauty Hair Extensions Styling Products"
73-42-117-29,4,1,213,B0000UTUS8,"Aquis Microfiber Hair Turban, Lisse Crepe, Patented Design, White Aquis Aquis towels are made of Aquitex, a super absorbent material woven from ultrafine microfibers.  The technology behind our microfiber towel enables water to be drawn from hair and skin more quickly and thoroughly than other towels.  And it's especially gentle on hair and skin.  Designed to be lightweight, compact and durable, Aquis towels are ideal for everyday use at home, at the gym and while traveling. Hair Care Beauty Styling Accessories Hair Drying Towels Styling Tools"
73-42-117-29,4,2,728,B0009ET3SC,"Aquis Microfiber Body Towel, Lisse Crepe, White (29 x 55-Inches) Aquis Aquis towels are made of Aquitex, a super absorbent material woven from ultrafine microfibers.  The technology behind our microfiber towel enables water to be drawn from hair and skin more quickly and thoroughly than other towels.  And it's especially gentle on hair and skin.  Designed to be lightweight, compact and durable, Aquis towels are ideal for everyday use at home, at the gym and while traveling. Hair Care Beauty Styling Accessories Hair Drying Towels Styling Tools"
73-42-117-29,4,3,912,B000AMA43Q,"Aquis Microfiber Hair Towel, Waffle, Linen (19 x 39-Inches) Aquis Aquis towels are made of Aquitex, a super absorbent material woven from ultrafine microfibers.  The technology behind our microfiber towel enables water to be drawn from hair and skin more quickly and thoroughly than other towels.  And it's especially gentle on hair and skin.  Designed to be lightweight, compact and durable, Aquis towels are ideal for everyday use at home, at the gym and while traveling. Hair Extensions & Wigs Hair Care Beauty Hair Extensions Styling Products"
104-158-231-15,3,0,8486,B005OZR0RC,"Sensationnel Bump Human Hair Wig - Mod Mohawk-1B Sensationnel It's creative salon ""bump"" style, right out of the package! Sensationnel's Premium Now Bum Collection Wig is the custom style you get from Bump, in an easy to wear full cap wig. We've mixed and matched it for you with professional pre-blended colors to inspire the Sensationnel in you! Hair Extensions & Wigs Hair Care Beauty Styling Products Wigs"
104-158-231-15,3,1,8487,B005OZRRAW,"Sensationnel Bump Human Hair Wig - Fab Fringe-1 Sensationnel It's creative salon ""bump"" style, right out of the package! Sensationnel's Premium Now Bum Collection Wig is the custom style you get from Bump, in an easy to wear full cap wig. We've mixed and matched it for you with professional pre-blended colors to inspire the Sensationnel in you! Hair Extensions & Wigs Hair Care Beauty Styling Products Wigs"
104-158-231-15,3,2,9184,B006YDJ71K,"Sensationnel Bump Human Hair Wig - Vogue Crop-1 Sensationnel It's creative salon ""bump"" style, right out of the package! Sensationnel's Premium Now Bum Collection Wig is the custom style you get from Bump, in an easy to wear full cap wig. We've mixed and matched it for you with professional pre-blended colors to inspire the Sensationnel in you! Hair Extensions & Wigs Hair Care Beauty Styling Products Wigs"
104-239-0-196,3,0,8619,B005VNQY2E,"Vidal Sassoon 2 Piece Side Combs, Clear, Medium Medium clear tuck combs hold hair firmly in place. Use to quickly create updos, pull back bangs, or to secure small pieces of hair. Color: clear plastic. Size: medium. Package includes 2 combs. Hair Care Decorative Combs Beauty Styling Accessories Styling Tools"
104-239-0-196,3,1,8972,B006L5XS8E,"Vidal Sassoon Flex Clincher Comb, Brown Large flex clincher comb has a wide tooth claw connected with a flew comb. The unique design stretches to hold back everything from bangs to large pieces of hair. Holds hair in place all day without stretching out or falling out. Color: tortoise. Package includes 1 comb. Hair Care Decorative Combs Beauty Styling Accessories Styling Tools"
104-239-0-196,3,2,9538,B007OT1RIY,"Vidal Sassoon Medium Side Combs, Tortoise, 2 Count Medium Tortoise Tuck Combs hold hair firmly in place. Use to quickly create updos, pull back bangs, or to secure small pieces of hair. Color: tortoise. Size: medium. Package includes 2 combs. Hair Care Decorative Combs Beauty Styling Accessories Styling Tools"
104-31-198-33,3,0,4435,B001T8M9RY,"Goody Ouchless Scrunchie, Black, 8 Count Goody Ouchless Goody Ouchless is a line of gentle and comfortable accessories that are inchesmetal free inches to minimize snags and reduce breakage. Hair Care Beauty Styling Accessories Ponytail Holders Styling Tools"
104-31-198-33,3,1,4515,B001UO9BGE,"Goody Ouchless Scrunchie, Chenille and Cotton, 5 Count Goody Ouchless Goody Ouchless is a line of gentle and comfortable accessories that are inchesmetal free inches to minimize snags and reduce breakage. Hair Care Beauty Styling Accessories Ponytail Holders Styling Tools"
104-31-198-33,3,2,8304,B005I03536,"Goody Ouchless Pillow Pack Black Elastics, 4mm, 70 Count Goody Ouchless Goody Ouchless is a line of gentle and comfortable accessories that are inchesmetal free inches to minimize snags and reduce breakage. Hair Care Beauty Styling Accessories Ponytail Holders Styling Tools"
105-166-66-191,3,0,2112,B000R4DZRE,"Euphoria by Calvin Klein for Women Eau De Toilette Spray, 3.4 Ounce Calvin Klein Euphoria by Calvin Klein for Women - 3.4 oz EDT Spray Moisturizers Beauty Body Lotions Skin Care"
105-166-66-191,3,1,8168,B005D2SFAC,"Jessica Simpson I Fancy You Women Eau De Parfum Spray, 3.4 Ounce Jessica Simpson I Fancy You by Jessica Simpson for Women - 3.4 oz EDP Spray Moisturizers Beauty Body Lotions Skin Care"
105-166-66-191,3,2,10368,B009F5GIHK,"Nicki Minaj Pink Friday Eau de Parfum Spray for Women, 3.4 Ounce Nicki Minaj Moisturizers Beauty Body Lotions Skin Care"
108-159-56-42,3,0,8401,B005LK6F58,"Shellac Black Pool Gel Nail Polish .25 Oz CND Cosmetics Shellac UV Color Coat Rock Royalty is formulated with a combination of solvents, monomers and polymers that allow it to go on like polish, wear like gel and remove in minutes A soft-touch cap and flat brush make polish-like application a snap Hypo-allergenic and lasts 14-days! Makeup Nails Beauty Nail Polish"
108-159-56-42,3,1,8656,B005YTYJSQ,"Shellac Asphalt Gel Nail Polish .25 Oz Good Deal CND Cosmetics Shellac UV Color Coat Rock Royalty is formulated with a combination of solvents, monomers and polymers that allow it to go on like polish, wear like gel and remove in minutes
A soft-touch cap and flat brush make polish-like application a snap
Hypo-allergenic and lasts 14-days! Makeup Nails Beauty Nail Polish"
108-159-56-42,3,2,8876,B006GK5NNW,"CND Shellac Gel Nail Polish &quot;Zillionaire .25 Oz&quot; High Quality CND Cosmetics Shellac UV Color Coat is formulated with a combination of solvents, monomers and polymers that allow it to go on like polish, wear like gel and remove in minutes
A soft-touch cap and flat brush make polish-like application a snap
Hypo-allergenic and lasts 14-days! Makeup Nails Beauty Nail Polish"
108-179-42-27,3,0,7609,B004SS8WWS,Harmony Gelish soak off Pink Smoothies 01408 Harmony The Hand & Nail Harmony Gelish Soak off Gel polish must be cured with LED Light or UV Light system. Must be applied over gelish Foundation or STRUCTRUE GEL . Do Not Apply Directly to the natural nail. Makeup Nails Beauty Nail Polish
108-179-42-27,3,1,7611,B004SSDH6E,Harmony Gelish Soak off Go Girl (15ml - 0.5oz) Harmony The Hand & Nail Harmony Gelish Soak off Gel polish must be cured with LED Light or UV Light system. Must  be applied over gelish Foundation or STRUCTRUE GEL . Do Not Apply Directly to the natural nail. Makeup Nails Beauty Nail Polish
108-179-42-27,3,2,7615,B004SSRSRS,Harmony Gelish UV Soak Off Gel Polish #418 Black Cherry Berry Harmony The Hand & Nail Harmony Gelish Soak off Gel polish must be cured with LED Light or UV Light system. Must be applied over gelish Foundation or STRUCTRUE GEL . Do Not Apply Directly to the natural nail. Makeup Nails Beauty Nail Polish
108-219-222-212,3,0,1777,B000NG84G8,"OPI Nail Lacquer, Brights Charged Up Cherry, 0.5 Ounce OPI New collection comes with an exclusive ProWide Laquer brush. Polish spreads quick, even, and leaves itself streak free. The brush also has stacked bristles which apply more polish than regularly spaced bristles. OPI polishes are designed with quality and excellence in mind, and almost exclusively sold only to nail professionals. Makeup Nails Beauty Nail Polish"
108-219-222-212,3,1,5282,B002TLT2TS,"OPI Nail Lacquer, Brights Significant Other Color, 0.5 Ounce OPI New collection comes with an exclusive ProWide Laquer brush. Polish spreads quick, even, and leaves itself streak free. The brush also has stacked bristles which apply more polish than regularly spaced bristles. OPI polishes are designed with quality and excellence in mind, and almost exclusively sold only to nail professionals. Makeup Nails Beauty Nail Polish"
108-219-222-212,3,2,5669,B0035Y9VOY,"OPI Nail Lacquer, Panda-Monium Pink, 0.5 Ounce OPI New collection comes with an exclusive ProWide Laquer brush. Polish spreads quick, even, and leaves itself streak free. The brush also has stacked bristles which apply more polish than regularly spaced bristles. OPI polishes are designed with quality and excellence in mind, and almost exclusively sold only to nail professionals. Makeup Nails Beauty Nail Polish"
108-241-126-117,3,0,8861,B006ER5ZN0,"Gelish Rio Collection Neon &quot;Ooba Ooba Blue&quot; #01472 New Color Harmony New from Hand & Nail Harmony comes Gelish Color Gels. The gels come in an array of colors, apply like polish, with twist cap and applicator, but are cured in a LED lamp in 30 seconds or in two minutes in traditional UV lamps, just like gels. Gelish stays on nails for three weeks with no chipping or peeling, and soak completely off in only 15 minutes. Makeup Nails Beauty Nail Polish"
108-241-126-117,3,1,8862,B006ER6KB6,"Gelish Rio Collection Neon &quot;Carnival Hangover&quot; #01477 New Color Zupishi New from Hand & Nail Harmony comes Gelish Color Gels. The gels come in an array of colors, apply like polish, with twist cap and applicator, but are cured in a LED lamp in 30 seconds or in two minutes in traditional UV lamps, just like gels. Gelish stays on nails for three weeks with no chipping or peeling, and soak completely off in only 15 minutes. Makeup Nails Beauty Nail Polish"
108-241-126-117,3,2,8863,B006ER7KM4,"Gelish Rio Collection Neon &quot;Tiki Tiki Laranga&quot; #01475 New Color Harmony New from Hand & Nail Harmony comes Gelish Color Gels. The gels come in an array of colors, apply like polish, with twist cap and applicator, but are cured in a LED lamp in 30 seconds or in two minutes in traditional UV lamps, just like gels. Gelish stays on nails for three weeks with no chipping or peeling, and soak completely off in only 15 minutes. Makeup Nails Beauty Nail Polish"
108-248-220-248,3,0,8736,B0063TFLG0,"Ibd Just Gel Polish &quot;Smokey Plum #56505&quot; New Color IBD IBD introduces just gel, the strong 100% pure gel formula that wears like a classic true gel. Apply it just like polish and be rewarded with richer, more even color. This versatile gel polish cures quickly under either LED or UV light. It also protects natural nails with stronger, long-lasting wear. Gel removal is simple as well. Remove Just Gel Polish easily in just 10 minutes with no mess and no fuss.Instructions:File and shape nailRemove and push back cuticleBuff nail to remove shine and dustApply foundation and cure 1 minuteApply thin coat of color to nails and cure for 2 minutesApply second coat of color and cure for 2 minutesApply top coat and cure for 2 minutesCleanse nail to ensure mirror finish Makeup Nails Beauty Top & Base Coats"
108-248-220-248,3,1,8737,B0063TVD94,"Ibd Just Gel Polish &quot;Plum Raven #56506&quot; New Color IBD IBD introduces just gel, the strong 100% pure gel formula that wears like a classic true gel. Apply it just like polish and be rewarded with richer, more even color. This versatile gel polish cures quickly under either LED or UV light. It also protects natural nails with stronger, long-lasting wear. Gel removal is simple as well. Remove Just Gel Polish easily in just 10 minutes with no mess and no fuss.Instructions:File and shape nailRemove and push back cuticleBuff nail to remove shine and dustApply foundation and cure 1 minuteApply thin coat of color to nails and cure for 2 minutesApply second coat of color and cure for 2 minutesApply top coat and cure for 2 minutesCleanse nail to ensure mirror finish Makeup Nails Beauty Top & Base Coats"
108-248-220-248,3,2,8766,B0065UOF28,"Ibd Just Gel Polish &quot;Fireworks #56509&quot; New Color IBD IBD introduces just gel, the strong 100% pure gel formula that wears like a classic true gel. Apply it just like polish and be rewarded with richer, more even color. This versatile gel polish cures quickly under either LED or UV light. It also protects natural nails with stronger, long-lasting wear. Gel removal is simple as well. Remove Just Gel Polish easily in just 10 minutes with no mess and no fuss.Instructions:File and shape nailRemove and push back cuticleBuff nail to remove shine and dustApply foundation and cure 1 minuteApply thin coat of color to nails and cure for 2 minutesApply second coat of color and cure for 2 minutesApply top coat and cure for 2 minutesCleanse nail to ensure mirror finish Makeup Nails Beauty Top & Base Coats"
108-27-237-183,3,0,6462,B003VMG3RI,"Harmony Gelish Uv Soak Off Gel Polish -Taffeta (0.5 Oz) Gelish This color gel is conveniently designed by ""Gelish by Harmony"" with a twist cap and applicator brush, apply like polishes, and cured under UV lamp. Color gels are meant to use on natural nails. These products are made to satisfy natural-nail wearers who long wish their color would last for more than two weeks. Color gels will stay on nails for three weeks with no chipping or peeling, and soak completely off in only 15 minutes. Makeup Nails Beauty Nail Polish"
108-27-237-183,3,1,6465,B003VMMMUK,"Harmony Gelish Uv Soak Off Gel Polish -Night Shimmer (0.5 Oz) Gelish This color gel is conveniently designed by ""Gelish by Harmony"" with a twist cap and applicator brush, apply like polishes, and cured under UV lamp. Color gels are meant to use on natural nails. These products are made to satisfy natural-nail wearers who long wish their color would last for more than two weeks. Color gels will stay on nails for three weeks with no chipping or peeling, and soak completely off in only 15 minutes. Makeup Nails Beauty Nail Polish"
108-27-237-183,3,2,6473,B003VMV7D8,"Harmony Gelish Uv Soak Off Gel Polish -Star Burst (0.5 Oz) Gelish This color gel is conveniently designed by ""Gelish by Harmony"" with a twist cap and applicator brush, apply like polishes, and cured under UV lamp. Color gels are meant to use on natural nails. These products are made to satisfy natural-nail wearers who long wish their color would last for more than two weeks. Color gels will stay on nails for three weeks with no chipping or peeling, and soak completely off in only 15 minutes. Makeup Nails Beauty Nail Polish"
108-6-125-212,3,0,6480,B003VMXSIK,"Harmony Gelish UV Soak Off Gel Polish Elegant Wish Harmony This color gel is conveniently designed by ""Gelish by Harmony"" with a twist cap and applicator brush, apply like polishes, and cured under UV lamp. Color gels are meant to use on natural nails. These products are made to satisfy natural-nail wearers who long wish their color would last for more than two weeks. Color gels will stay on nails for three weeks with no chipping or peeling, and soak completely off in only 15 minutes. Makeup Nails Beauty Nail Polish"
108-6-125-212,3,1,7478,B004NMVP82,"Harmony Gelish UV Soak Off Gel Polish Grand Jewels Harmony This color gel is conveniently designed by ""Gelish by Harmony"" with a twist cap and applicator brush, apply like polishes, and cured under UV lamp. Color gels are meant to use on natural nails. These products are made to satisfy natural-nail wearers who long wish their color would last for more than two weeks. Color gels will stay on nails for three weeks with no chipping or peeling, and soak completely off in only 15 minutes. Makeup Nails Beauty Nail Polish"
108-6-125-212,3,2,7483,B004NN0FIW,"Harmony Gelish UV Soak Off Gel Polish Champagne Harmony This color gel is conveniently designed by ""Gelish by Harmony"" with a twist cap and applicator brush, apply like polishes, and cured under UV lamp. Color gels are meant to use on natural nails. These products are made to satisfy natural-nail wearers who long wish their color would last for more than two weeks. Color gels will stay on nails for three weeks with no chipping or peeling, and soak completely off in only 15 minutes. Makeup Nails Beauty Nail Polish"
108-6-8-10,3,0,6481,B003VMXXVW,"Harmony Gelish Uv Soak Off Gel Polish Deep Sea (0.5 Oz) Gelish This color gel is conveniently designed by ""Gelish by Harmony"" with a twist cap and applicator brush, apply like polishes, and cured under UV lamp. Color gels are meant to use on natural nails. These products are made to satisfy natural-nail wearers who long wish their color would last for more than two weeks. Color gels will stay on nails for three weeks with no chipping or peeling, and soak completely off in only 15 minutes. Makeup Nails Beauty Nail Polish"
108-6-8-10,3,1,6486,B003VMZYSC,"Harmony Gelish Uv Soak Off Gel Polish -Water Field (0.5 Oz) Gelish This color gel is conveniently designed by ""Gelish by Harmony"" with a twist cap and applicator brush, apply like polishes, and cured under UV lamp. Color gels are meant to use on natural nails. These products are made to satisfy natural-nail wearers who long wish their color would last for more than two weeks. Color gels will stay on nails for three weeks with no chipping or peeling, and soak completely off in only 15 minutes. Makeup Nails Beauty Nail Polish"
108-6-8-10,3,2,8019,B0055E61KY,"Harmony Gelish Uv Soak Off Gel Polish -Black Shadow (0.5 Oz) Gelish This color gel is conveniently designed by ""Gelish by Harmony"" with a twist cap and applicator brush, apply like polishes, and cured under UV lamp. Color gels are meant to use on natural nails. These products are made to satisfy natural-nail wearers who long wish their color would last for more than two weeks. Color gels will stay on nails for three weeks with no chipping or peeling, and soak completely off in only 15 minutes. Makeup Nails Beauty Nail Polish"
115-146-252-58,3,0,638,B0006Q0HEC,Wen by Chaz Dean Tea Tree Cleansing Conditioner 16 oz. WEN&reg; by Chaz Dean WEN BY CHAZ DEAN by Chaz Dean WEN CLEANSING CONDITIONER TEA TREE 16 OZ Beauty Hair Care Conditioners
115-146-252-58,3,1,640,B0006Q3NTS,WEN by Chaz Dean Fig Cleansing Conditioner 16 oz WEN&reg; by Chaz Dean WEN BY CHAZ DEAN by Chaz Dean WEN CLEANSING CONDITIONER FIG 16 OZ Beauty Hair Care Conditioners
115-146-252-58,3,2,3207,B00188IFHS,WEN by Chaz Dean Lavender Cleansing Conditioner 16 oz WEN&reg; by Chaz Dean WEN BY CHAZ DEAN by Chaz Dean WEN CLEANSING CONDITIONER LAVENDER 16 OZ Beauty Hair Care Conditioners
115-208-66-22,3,0,2456,B000VXUUR4,"Mizani Smooth Guard Serum, Thermasmooth, 3.4 Ounce MIZANI 3.4 ounce serum. Thermasmooth smooth guard serum was launched by the design house of mizani. It is recommended for daily use. Please store in a cool dry place. Thermasmooth smooth guard serum by mizani for unisex, 3.4 ounce serum. Moisturizers Beauty Body Lotions Skin Care"
115-208-66-22,3,1,6922,B0049P5ZIY,"Mizani Moisturizing Leave-In Milk, D'tangle, 8.5 Ounce MIZANI 8.5 ounce moisturizer. Detangle moisturizing leave-in milk was launched by the design house of mizani. It is recommended for daily use. Please store in a cool dry place. Detangle moisturizing leave-in milk by mizani for unisex, 8.5 ounce moisturizer. Hair & Scalp Treatments Beauty Hair Care"
115-208-66-22,3,2,9387,B007CVGMAC,"Jergens Crema Deep-Conditioning Cream, Oatmeal, 8 Ounce Jergens 8 ounce cream crema deep-conditioning oatmeal was launched by the design house of jergens it is recommended for daily use. Please store in a cool dry place. Crema deep-conditioning oatmeal by jergens for unisex, 8 ounce cream. Moisturizers Beauty Body Lotions Skin Care"
118-5-178-90,3,0,3834,B001F51PWG,Aussie Moist Shampoo 13.5 Fl Oz (Pack of 6) Aussie Shampoos Beauty Hair Care
118-5-178-90,3,1,8251,B005GDAZ9W,Aussie Moist Shampoo With Pump 29.2 Fl Oz (Pack of 2) Aussie Shampoos Beauty Hair Care
118-5-178-90,3,2,8252,B005GDAZBK,Aussie Aussome Volume Shampoo With Pump 29.2 Fl Oz (Pack of 2) Aussie Shampoos Beauty Hair Care
118-91-135-192,3,0,1375,B000GCY2PG,Head &amp; Shoulders Classic Clean Dandruff Shampoo With Pump 33.8 Fl Oz (packaging may vary) Head &amp; Shoulders Shampoos Beauty Hair Care
118-91-135-192,3,1,3838,B001F51RNI,Head &amp; Shoulders Classic Clean Dandruff Shampoo 23.7 Fl Oz (Pack of 2) (packaging may vary) Head &amp; Shoulders Shampoos Beauty Hair Care
118-91-135-192,3,2,6723,B0043OSIVM,Head &amp; Shoulders Clinical Strength Dandruff Shampoo 14.2 Fl Oz (Pack of 2) (packaging may vary) Head &amp; Shoulders Shampoos Beauty Hair Care
123-174-0-195,3,0,5690,B0036LJ0HO,"Raw African Black Soap from Ghana 1 Lb Some of the Benefits of black soap - Helps deep clean skin. - Works on most skin types including rough and dry or sensitive skin - Helps clear skin bumps and spots - Helps relieve acne, oily skin & other skin problems. - Great for removing makeup - Works against premature facial lines and wrinkles - Can be lathered and used as a shampoo. Usage of the Black African Soap Break off a bar-size piece from the bulk, then press it to shape with your hands, or use it as is. Rub the bar between your hands (or on a washcloth would also work), then rub your soapy hands on your skin and hair. (If you rub the bar on your hair, it will get hair stuck to the bar.) Black soap absorbs water easily, so keep it from sitting in water or it will dissolve away. The soap holders covered with little vertical fingers work well. Because this soap is softer than commercial soap, it comes off the bar more easily, so less rubbing of the bar is needed to release enough soap. When you start another bar, just push the old soap sliver onto the new piece and the two will easily unite; leaving no waste. How to Store the Black African Soap Pure traditional African black soap is a soft milled soap and has very high natural glycerin content. As a result, it readily absorbs moisture from the air. It must be stored in a dry location or in a sealed plastic bag or it will become soft as it absorbs moisture. Black soap exposed to the air will have a thin white colored film. This film is not mold it is caused by absorption of water from the air. This can be avoided by keeping the soap in a dry location away from moisture until ready for use. Ingredients: Traditional Black Soap contains mainly cocoa pod ashes, plantain skins ashes, and palm oil, processed together.
Note: This Soap comes in a 1 Lb sealed in food grade plastic bag. Soaps Beauty Bath & Body Cleansers"
123-174-0-195,3,1,6263,B003PFBCTU,"Raw African Black Soap from Ghana 1 Lb Some of the Benefits of black soap - Helps deep clean skin. - Works on most skin types including rough and dry or sensitive skin - Helps clear skin bumps and spots - Helps relieve acne, oily skin & other skin problems. - Great for removing makeup - Works against premature facial lines and wrinkles - Can be lathered and used as a shampoo. Usage of the Black African Soap Break off a bar-size piece from the bulk, then press it to shape with your hands, or use it as is. Rub the bar between your hands (or on a washcloth would also work), then rub your soapy hands on your skin and hair. (If you rub the bar on your hair, it will get hair stuck to the bar.) Black soap absorbs water easily, so keep it from sitting in water or it will dissolve away. The soap holders covered with little vertical fingers work well. Because this soap is softer than commercial soap, it comes off the bar more easily, so less rubbing of the bar is needed to release enough soap. When you start another bar, just push the old soap sliver onto the new piece and the two will easily unite; leaving no waste. How to Store the Black African Soap Pure traditional African black soap is a soft milled soap and has very high natural glycerin content. As a result, it readily absorbs moisture from the air. It must be stored in a dry location or in a sealed plastic bag or it will become soft as it absorbs moisture. Black soap exposed to the air will have a thin white colored film. This film is not mold it is caused by absorption of water from the air. This can be avoided by keeping the soap in a dry location away from moisture until ready for use. Ingredients: Traditional Black Soap contains mainly cocoa pod ashes, plantain skins ashes, and palm oil, processed together. Soaps Beauty Bath & Body Cleansers"
123-174-0-195,3,2,7429,B004LY0X26,"Raw African Black Soap from Ghana - 1 Lb Some of the Benefits of black soap - Helps deep clean skin. - Works on most skin types including rough and dry or sensitive skin - Helps clear skin bumps and spots - Helps relieve acne, oily skin & other skin problems. - Great for removing makeup - Works against premature facial lines and wrinkles - Can be lathered and used as a shampoo. Usage of the Black African Soap Break off a bar-size piece from the bulk, then press it to shape with your hands, or use it as is. Rub the bar between your hands (or on a washcloth would also work), then rub your soapy hands on your skin and hair. (If you rub the bar on your hair, it will get hair stuck to the bar.) Black soap absorbs water easily, so keep it from sitting in water or it will dissolve away. The soap holders covered with little vertical fingers work well. Because this soap is softer than commercial soap, it comes off the bar more easily, so less rubbing of the bar is needed to release enough soap. When you start another bar, just push the old soap sliver onto the new piece and the two will easily unite; leaving no waste. How to Store the Black African Soap Pure traditional African black soap is a soft milled soap and has very high natural glycerin content. As a result, it readily absorbs moisture from the air. It must be stored in a dry location or in a sealed plastic bag or it will become soft as it absorbs moisture. Black soap exposed to the air will have a thin white colored film. This film is not mold it is caused by absorption of water from the air. This can be avoided by keeping the soap in a dry location away from moisture until ready for use. Ingredients: Traditional Black Soap contains mainly cocoa pod ashes, plantain skins ashes, and palm oil, processed together. Hands & Nails Beauty Skin Care Hand Soaps"
151-94-186-105,3,0,7623,B004SXTF38,Creative Nail Design Shellac UV Color Coat Tutti Frutti .25oz CND Cosmetics A UV-cured color coat featuring UV3 technology: on like polish; wears like gel; off in minutes. Provides a long-lasting color layer to nails. Makeup Nails Beauty Top & Base Coats
151-94-186-105,3,1,7625,B004SY3X3A,Creative Nail Design Shellac UV Color Coat Red Baroness .25oz CND Cosmetics A UV-cured color coat featuring UV3 technology: on like polish; wears like gel; off in minutes. Provides a long-lasting color layer to nails. Makeup Nails Beauty Top & Base Coats
151-94-186-105,3,2,7626,B004SY3X4Y,Creative Nail Design Shellac UV Color Coat Tropix .25oz CND Cosmetics A UV-cured color coat featuring UV3 technology: on like polish; wears like gel; off in minutes. Provides a long-lasting color layer to nails. Makeup Nails Beauty Top & Base Coats
168-133-253-132,3,0,10013,B008HBMRRS,"Burt's Bees Intense Hydration Day Lotion, 1.8 Ounce Burt&#39;s Bees Creams & Moisturizers Beauty Fluids & Lotions Lotions Face Skin Care"
168-133-253-132,3,1,10014,B008HBMVJW,"Burt's Bees Intense Hydration Treatment Mask, 4 Ounce Burt&#39;s Bees Creams & Moisturizers Beauty Fluids & Lotions Fluids Face Skin Care"
168-133-253-132,3,2,11699,B00GJG9JBA,"Burt's Bees Brightening Even-Tone Moisturizing Cream, 1.8 Ounces Burt&#39;s Bees Creams & Moisturizers Beauty Fluids & Lotions Lotions Face Skin Care"
168-133-253-233,3,0,58,B000052YQU,"POND'S Dry Skin Cream Facial Moisturizer, 3.9-Ounce (Packaging May Vary) Pond&#39;s Creams & Moisturizers Beauty Fluids & Lotions Lotions Face Skin Care"
168-133-253-233,3,1,4625,B0026IFLG2,"POND'S Rejuveness Anti-Wrinkle Cream, 7-oz. Pond&#39;s Creams & Moisturizers Beauty Fluids & Lotions Lotions Face Skin Care"
168-133-253-233,3,2,10983,B00B33Y2JI,"Pond's Luminous Moisture Day SPF 15 Lotion, 1.7 Ounce Pond&#39;s Creams & Moisturizers Beauty Fluids & Lotions Lotions Face Skin Care"
174-78-10-240,3,0,3197,B00182JYZ6,"Clairol Natural Instincts Hair Color 35, Ebony Mocha, Brown Black 1 Kit Clairol Beauty Hair Color Hair Care Chemical Hair Dyes"
174-78-10-240,3,1,6419,B003USIINU,Clairol Nice 'N Easy Hair Color 116b Natural Light Caramel Brown 1 Kit Clairol Beauty Hair Color Hair Care Chemical Hair Dyes
174-78-10-240,3,2,7072,B004D1NSYW,"Clairol Natural Instincts Vibrant Permanent Hair Color 8, Toasted Almond, Medium Blonde 1 Kit Clairol Beauty Hair Color Hair Care Chemical Hair Dyes"
177-228-40-179,3,0,654,B00076X0BS,"Alba Botanica Revitalizing Green Tea Hawaiian Eye Gel, 1 Ounce Bottles Alba Botanica Since 1979, Alba Botanica has offered natural, 100% vegetarian personal care products that do beautiful for you, your friends and the animals and Earth you love. This means we DON'T use parabens, sulfates, or phthalates. We make a full range of products packed with potent natural, botanical ingredients that are formulated to nourish the individualized needs of your skin and hair. Because the Alba Botanica is committed to the health and happiness of all furry friends, we never test our products, or the ingredients that go into them, on animals. We recognize the need to be good stewards of all natural resources. So we try to do beautiful by reducing our environmental impact in everything we do as a business, from the field to the final product. We hope that you join our do beautiful campaign. Together we can help to preserve and heal the planet, now and for future generations. Beauty Eyes Skin Care Puffiness Treatments"
177-228-40-179,3,1,1552,B000ILKUHY,"Alba Botanica Even Advanced Sea Mineral Cleansing Gel, 6 Ounce Bottles Alba Botanica Since 1979, Alba Botanica has offered natural, 100% vegetarian personal care products that do beautiful for you, your friends and the animals and Earth you love. This means we DON'T use parabens, sulfates, or phthalates. We make a full range of products packed with potent natural, botanical ingredients that are formulated to nourish the individualized needs of your skin and hair. Because the Alba Botanica is committed to the health and happiness of all furry friends, we never test our products, or the ingredients that go into them, on animals. We recognize the need to be good stewards of all natural resources. So we try to do beautiful by reducing our environmental impact in everything we do as a business, from the field to the final product. We hope that you join our do beautiful campaign. Together we can help to preserve and heal the planet, now and for future generations. Moisturizers Beauty Body Lotions Skin Care"
177-228-40-179,3,2,2943,B001441QCW,"Alba Botanica Unscented Very Emollient Body Lotion, 32 Ounce Bottle Alba Botanica Since 1979, Alba Botanica has offered natural, 100% vegetarian personal care products that do beautiful for you, your friends and the animals and Earth you love. This means we DON'T use parabens, sulfates, or phthalates. We make a full range of products packed with potent natural, botanical ingredients that are formulated to nourish the individualized needs of your skin and hair. Because the Alba Botanica is committed to the health and happiness of all furry friends, we never test our products, or the ingredients that go into them, on animals. We recognize the need to be good stewards of all natural resources. So we try to do beautiful by reducing our environmental impact in everything we do as a business, from the field to the final product. We hope that you join our do beautiful campaign. Together we can help to preserve and heal the planet, now and for future generations. Moisturizers Beauty Body Lotions Skin Care"
183-152-192-178,3,0,7205,B004G7XZTG,"Sally Hansen Insta-Dri Fast Dry Nail Color, Mint Sprint, 0.31 Fluid Ounce Sally Hansen Sally Hansen insta-dri fast dry nail color. Sally knows time is precious. The perfectionist brushtm contours to any nail, so color always glides on precisely, quickly, flawlessly. And, the exclusive flexiglass complex combines beautiful brilliant shine and super strong wear. So simple, so Sally. One stroke, one-stroke application. One-coat coverage. Dries in 60 seconds. Available in 32 instantly irresistible shades. Makeup Nails Beauty Nail Polish"
183-152-192-178,3,1,7371,B004KRYPZ0,"Sally Hansen Insta-Dri Fast Dry Nail Color, Expresso, 0.31 Fluid Ounce Sally Hansen Sally Hansen insta-dri fast dry nail color. Sally knows time is precious. The perfectionist brushtm contours to any nail, so color always glides on precisely, quickly, flawlessly. And, the exclusive flexiglass complex combines beautiful brilliant shine and super strong wear. So simple, so Sally. One stroke, one-stroke application. One-coat coverage. Dries in 60 seconds. Available in 32 instantly irresistible shades. Makeup Nails Beauty Nail Polish"
183-152-192-178,3,2,7377,B004KS2MZY,"Sally Hansen Insta-Dri Fast Dry Nail Color, Pronto Purple, 0.31 Fluid Ounce Sally Hansen Sally Hansen insta-dri fast dry nail color. Sally knows time is precious. The perfectionist brushtm contours to any nail, so color always glides on precisely, quickly, flawlessly. And, the exclusive flexiglass complex combines beautiful brilliant shine and super strong wear. So simple, so Sally. One stroke, one-stroke application. One-coat coverage. Dries in 60 seconds. Available in 32 instantly irresistible shades. Makeup Nails Beauty Nail Polish"
183-35-32-212,3,0,11706,B00GLS554Q,"John Frieda Precision Foam Hair Color, Glosser Warm Brunette, 6 Fluid Ounce John Frieda An in-shower, non-damaging weekly color extending treatment that adds back lost color pigments for true to tone, salon-fresh color in-between colorings. Instantly restore vibrant salon-fresh color and shine. Adds rich chocolate tones to eliminate dullness. An in-shower non-damaging weekly color extending treatment that adds back lost color pigments. Delivers true to tone salon-fresh color in-between colorings. Beauty Hair Color Hair Care Chemical Hair Dyes"
183-35-32-212,3,1,11707,B00GLS55DC,"John Frieda Precision Foam Hair Color, Glosser Warm Red, 6 Fluid Ounce John Frieda An in-shower, non-damaging weekly color extending treatment that adds back lost color pigments for true to tone, salon-fresh color in-between colorings. Instantly restore vibrant salon-fresh color and shine. Adds fiery copper tones to counteract fading. An in-shower non-damaging weekly color extending treatment that adds back lost color pigments. Delivers true to tone salon-fresh color in-between colorings. Beauty Hair Color Hair Care Chemical Hair Dyes"
183-35-32-212,3,2,11709,B00GLS58SO,"John Frieda Precision Foam Hair Color, Glosser Cool Blonde, 6 Fluid Ounce John Frieda An in-shower, non-damaging weekly color extending treatment that adds back lost color pigments for true to tone, salon-fresh color in-between colorings. Instantly restore vibrant salon-fresh color and shine. Neutralizes brassiness to brighten blonde. An in-shower non-damaging weekly color extending treatment that adds back lost color pigments. Delivers true to tone salon-fresh color in-between colorings. Highlights Beauty Hair Color Hair Care"
184-98-75-78,3,0,431,B000277N7Y,"Happy By Clinique For Men. Cologne Spray 1.7 Oz. Clinique Introduced in 1999. Fragrance notes: citrusy lemon, mandarin, orange and grapefruit. Recommended use: daytime. Fragrance Beauty Cologne Men's"
184-98-75-78,3,1,792,B0009OAHOG,"Mambo By Liz Claiborne For Men. Cologne Spray 1.7 Ounces Liz Claiborne Introduced in 2001. Fragrance notes: orange, bergamot, musk  and patchouli. Recommended use: casual. Fragrance Beauty Cologne Men's"
184-98-75-78,3,2,1013,B000C1UEGC,"Realm by Erox for Men - 3.3 Ounce EDC Spray Erox Introduced in 1993. Fragrance notes: mandarin, orange, berry, ginger and watery notes. Recommended use: casual. Fragrance Beauty Cologne Men's"
189-42-211-198,3,0,7592,B004S2FY7K,"Mogador Certified Organic 100% Pure Argan Oil 1 fl. oz (30 mL) Mogador Argan Oil is 100% pure certified organic skin care and hair treatment product. Our Moroccan partner Feminine Coop is certified by ECOCERT and is widely recognized as the best argan oil producer. Mogador Argan Oil is cosmetic grade with no solvents used during the extraction. It is not deodorized. Under the supervision of our company's chemist, Mogador is imported according to a rigorous quality assurance plan, thus ensuring maximum freshness and batch consistency.
Mogador Argan oil is a multi-purpose organic skincare product that is effective in treating acne, psoriasis, eczema, and cold sores, as well as for deep scarring and burns.
Mogador is super rich in anti-aging antioxidants and vitamin E. These components make the skin refined, radiant and diminish the appearance of wrinkles.
Mogador is rich in Omega-6 and Omega-9, two essential fatty acids for creating prostaglandin, a natural anti-inflammatory, which reduces pain, swelling and inflammation. Mogador is the perfect massage oil to relax tired, tense muscles by stimulating blood circulation.
Mogador can also be applied as a nourishing hair-conditioning mask, restoring the natural softness and shine of your hair, relieving dry scalps. 
Used as a nail treatment, Mogador Argan oil fortifies dry, brittle nails. Moisturizers Beauty Body Oils Skin Care"
189-42-211-198,3,1,7593,B004S2G4FG,"Mogador Certified Organic 100% Pure Argan Oil 2 fl. oz (60 mL) Mogador Argan Oil is 100% pure certified organic skin care and hair treatment product. Our Moroccan partner Feminine Coop is certified by ECOCERT and is widely recognized as the best argan oil producer. Mogador Argan Oil is cosmetic grade with no solvents used during the extraction. It is not deodorized. Under the supervision of our company's chemist, Mogador is imported according to a rigorous quality assurance plan, thus ensuring maximum freshness and batch consistency. Mogador is a multi-purpose organic skincare product that is effective in treating acne, psoriasis, eczema, and cold sores, as well as for deep scarring and burns. Mogador is super rich in anti-aging antioxidants and vitamin E. These components make the skin refined, radiant and diminish the appearance of wrinkles. Mogador is rich in Omega-6 and Omega-9, two essential fatty acids for creating prostaglandin, a natural anti-inflammatory, which reduces pain, swelling and inflammation. Mogador is the perfect massage oil to relax tired, tense muscles by stimulating blood circulation. Mogador can also be applied as a nourishing hair-conditioning mask, restoring the natural softness and shine of your hair, relieving dry scalps. Used as a nail treatment, Mogador Argan oil fortifies dry, brittle nails. Creams & Moisturizers Beauty Fluids & Lotions Fluids Face Skin Care"
189-42-211-198,3,2,11198,B00C0HF1J6,"Mogador Certified Organic 100% Pure Argan Oil 4 fl. oz (120 mL) Mogador Argan Oil is 100% pure certified organic skin care and hair treatment product. Our Moroccan partner Feminine Coop is certified by ECOCERT and is widely recognized as the best argan oil producer. Mogador Argan Oil is cosmetic grade with no solvents used during the extraction. It is not deodorized. Under the supervision of our company's chemist, Mogador is imported according to a rigorous quality assurance plan, thus ensuring maximum freshness and batch consistency. Mogador is a multi-purpose organic skincare product that is effective in treating acne, psoriasis, eczema, and cold sores, as well as for deep scarring and burns. Mogador is super rich in anti-aging antioxidants and vitamin E. These components make the skin refined, radiant and diminish the appearance of wrinkles. Mogador is rich in Omega-6 and Omega-9, two essential fatty acids for creating prostaglandin, a natural anti-inflammatory, which reduces pain, swelling and inflammation. Mogador is the perfect massage oil to relax tired, tense muscles by stimulating blood circulation. Mogador can also be applied as a nourishing hair-conditioning mask, restoring the natural softness and shine of your hair, relieving dry scalps. Used as a nail treatment, Mogador Argan oil fortifies dry, brittle nails. Moisturizers Beauty Body Oils Skin Care"
190-14-122-198,3,0,11950,B00IFVHJBO,"Aqua Spa Energize Bath Oil, 9.25 Fluid Ounce Aqua Spa gives you a hydrating beauty boost when you need it most. Slow down the stress-induced aging effects a 24/7 connected life can have on skin. Take an overdue self-love moment to soothe, relax and energize from head-to-toe. Enjoy guilt-free luxe for less with spa-quality products featuring anti-aging marine minerals and aromatherapy fragrances. Have greater peace of mind knowing the Aqua Spa products you use are made in the U.S.A. and thoughtfully formulated with quality ingredients and practices. No parabens. No formaldehyde donors. No animal testing. Oils Beauty Bath & Body Bath"
190-14-122-198,3,1,11952,B00IFVHJDM,"Aqua Spa Relax Body Cleanser, 12 Fluid Ounce Aqua Spa gives you a hydrating beauty boost when you need it most. Slow down the stress-induced aging effects a 24/7 connected life can have on skin. Take an overdue self-love moment to soothe, relax and energize from head-to-toe. Enjoy guilt-free luxe for less with spa-quality products featuring anti-aging marine minerals and aromatherapy fragrances. Have greater peace of mind knowing the Aqua Spa products you use are made in the U.S.A. and thoughtfully formulated with quality ingredients and practices. No parabens. No formaldehyde donors. No animal testing. Beauty Cleansers Skin Care Face"
190-14-122-198,3,2,11953,B00IFVHJE6,"Aqua Spa Energize Body Creme, 9 Ounce Aqua Spa gives you a hydrating beauty boost when you need it most. Slow down the stress-induced aging effects a 24/7 connected life can have on skin. Take an overdue self-love moment to soothe, relax and energize from head-to-toe. Enjoy guilt-free luxe for less with spa-quality products featuring anti-aging marine minerals and aromatherapy fragrances. Have greater peace of mind knowing the Aqua Spa products you use are made in the U.S.A. and thoughtfully formulated with quality ingredients and practices. No parabens. No formaldehyde donors. No animal testing. Moisturizers Beauty Body Skin Care Creams"
190-49-182-192,3,0,2459,B000VYHG9S,"Village Naturals Therapy Cold &amp; Allergy Mineral Bath Soak 20 oz Village Naturals Let Village Naturals TherapyTM Cold & 
Allergy Mineral Bath Soak make a house call. Soothe and comfort your body by soaking in a warm bath. Our therapeutic formula is enriched with vitamins, skin softening ingredients and aromatherapy vapors to help you feel better. Relax with ingredients that have been extracted from natural sources. This product contains echinacea to help suppress cold symptoms, ginseng to ease fatigue, and tea tree to stimulate the immune system. The Village Natural Therapy line includes Mineral Bath Soak, Liquid Mineral Bath, Mineral Shower Gel and Body Lotion. Minerals & Salts Beauty Bath & Body Bath"
190-49-182-192,3,1,2662,B00107BB82,"Village Naturals Therapy Aches &amp; Pains Mineral Bath Soak 20 oz Village Naturals Let Village Naturals TherapyTM Aches & Pains Mineral Bath Soak make a house call. Soothe and comfort your body by soaking in a warm bath. Our therapeutic formula is enriched with vitamins, skin softening ingredients and aromatherapy vapors to help you feel better. Relax with ingredients that have been extracted from natural sources. This product contains Eucalyptus to soothe and revitalize, chamomile to calm and relax, and rosehips to comfort and renew. 

This product has never been tested on animals and does not contain animal-derived ingredients. Minerals & Salts Beauty Bath & Body Bath"
190-49-182-192,3,2,4316,B001PN55KQ,"Village Naturals Therapy Stress and Tension Relief Mineral Bath Soak - Juniper and Menthol 20oz Village Naturals Let Village Naturals TherapyTM Stress & Tension Mineral Bath Soak make a house call. Soothe and comfort your body by soaking in a warm bath. Our therapeutic formula is enriched with vitamins, skin softening ingredients and aromatherapy vapors to help you feel better. Relax with ingredients that have been extracted from natural sources. This product contains juniper to balance ad restore, orange to renew and rejuvenate, and menthol to comfort and relax. The Village Natural Therapy line includes Mineral Bath Soak, Liquid Mineral Bath, Mineral Shower Gel and Body Lotion. Minerals & Salts Beauty Bath & Body Bath"
194-173-181-122,3,0,3576,B001DITLI0,"L'Oreal Paris Elnett Satin Hairspray Extra Strong Hold with UV filter for Color-Treated Hair, 11.0 Ounce L&#39;Oreal Paris Elnett offers long-lasting hold with a brilliant shine and a satin touch. Its micro-diffusor sprays ultra-fine and disappears at the stroke of a brush, leaving hair clean and shiny with a satin touch. Beauty Styling Products Hair Sprays Hair Care"
194-173-181-122,3,1,3579,B001DJ2V0E,"L'Oreal Paris Elnett Satin Hairspray Strong Hold, 11.0 Ounce L&#39;Oreal Paris Elnett offers long-lasting hold with a brilliant shine and a satin touch. Its micro-diffusor sprays ultra-fine and disappears at the stroke of a brush, leaving hair clean and shiny with a satin touch. Beauty Styling Products Hair Sprays Hair Care"
194-173-181-122,3,2,8855,B006DWF3F6,"L'Oreal Paris Elnett Satin Hairspray Extra Strong Hold Unscented, 11.0 Ounce L&#39;Oreal Paris Elnett offers long-lasting hold with a brilliant shine and satin touch. Its micro diffuser spray ultra-fine and disappears at the stroke of a brush, leaving hair clean and shiny with a satin touch. The finest hairspray used by the finest stylists. Beauty Styling Products Hair Sprays Hair Care"
195-72-3-107,3,0,112,B0000536P3,"Olay Total Effects 7-In-1 Anti-Aging Daily Moisturizer 1.7 Fl. Oz. Olay For those concerned about multiple signs of aging, this daily facial moisturizer provides the benefit of 7 anti-aging therapies in 1 formula. Line Minimization: Reduces the appearance of fine wrinkles. Nourishing Moisturization: For a radiant, healthy glow. Tone Enhancement: Balances color & reduces appearance of age spots. Gentle Exfoliation: Smoothes and evens skin texture. Pore Refinement: Minimizes the appearance of pores. Free Radical Defense: Helps prevent damage to skin&rsquo;s surface. Subtle Lifting: Hydrates for firmer skin appearance. Visibly younger-looking skin with an appearance that&rsquo;s more resilient to aging. It provides the total anti-aging power of moisture fused with vitamins and anti-oxidants. THIS EXCLUSIVE FORMULA IS: Dermatologically tested, Non-Comedogenic (won&rsquo;t clog pores), Oil-free and Fast-Absorbing. Moisturizers Beauty Body Oils Skin Care"
195-72-3-107,3,1,113,B0000536P4,"Olay Total Effects Anti-Aging Fragrance Free Moisturizer 1.7 Fl Oz Olay For those concerned about multiple signs of aging, this daily non-fragrance and non-color facial moisturizer provides the benefit of 7 anti-aging therapies in 1 formula. Line Minimization: Reduces the appearance of fine wrinkles. Nourishing Moisturization: For a radiant, healthy glow. Tone Enhancement: Balances color & reduces appearance of age spots. Gentle Exfoliation: Smoothes and evens skin texture. Pore Refinement: Minimizes the appearance of pores. Free Radical Defense: Helps prevent damage to skin&rsquo;s surface. Subtle Lifting: Hydrates for firmer skin appearance. Visibly younger-looking skin with an appearance that&rsquo;s more resilient to aging. It provides the total anti-aging power of moisture fused with vitamins and anti-oxidants. THIS EXCLUSIVE FORMULA IS: Color and Fragrance-Free, Dermatologically tested, Non-Comedogenic (won&rsquo;t clog pores), Oil-free and Fast-Absorbing. Creams & Moisturizers Beauty Skin Care Face"
195-72-3-107,3,2,166,B00006JT6O,"Olay Total Effects Anti-Aging Night Firming Treatment - 1.7 Fl Oz Olay For those concerned about accelerating signs of aging, especially lack of firmness, this nightly moisturizer provides the benefit of 7 anti-aging therapies in 1 essential product all while you sleep. Subtle Lifting: Hydration for firmer skin appearance. Line Minimization: Reduces the appearance of fine wrinkles. Nourishing Moisturization: For a radiant, healthy glow. Tone Enhancement: Balances color & reduces appearance of age spots. Gentle Exfoliation: Smoothes and evens skin texture. Pore Refinement: Minimizes the appearance of pores. Free Radical Defense: Helps prevent damage to skin&rsquo;s surface. Visibly firmer, younger-looking skin every morning. It provides the total anti-aging power of moisture with a complex of vitamins, anti-oxidants and wheat protein. THIS EXCLUSIVE FORMULA IS: Dermatologically tested, Non-Comedogenic (won&rsquo;t clog pores). Creams & Moisturizers Beauty Night Creams Face Skin Care"
198-72-246-252,3,0,1052,B000C1Z1HE,"Pink Sugar by Aquolina for Women - 3.4 Ounce EDT Spray Aquolina When&#xA0;applying&#xA0;any fragrance please consider that there are several factors which can affect the natural smell of your skin and, in turn, the way a scent smells on you.&#xA0; For instance, your mood, stress level, age, body chemistry,&#xA0;diet, and current medications may all alter the scents you wear.&#xA0;&#xA0;Similarly, factor such as dry or oily&#xA0;skin can even affect the amount of time a fragrance will last after being applied Fragrance Women's Beauty Eau de Toilette"
198-72-246-252,3,1,4580,B0020MMD0G,"Fairy Dust by Paris Hilton for Women - 3.4 Ounce EDP Spray Paris Hilton When&#xA0;applying&#xA0;any fragrance please consider that there are several factors which can affect the natural smell of your skin and, in turn, the way a scent smells on you.&#xA0; For instance, your mood, stress level, age, body chemistry,&#xA0;diet, and current medications may all alter the scents you wear.&#xA0;&#xA0;Similarly, factor such as dry or oily&#xA0;skin can even affect the amount of time a fragrance will last after being applied Fragrance Women's Beauty Eau de Parfum"
198-72-246-252,3,2,5317,B002UGO15M,"Michael Kors Very Hollywood Eau de Parfum Spray for Women, 1.0 Ounce Michael Kors When&#xA0;applying&#xA0;any fragrance please consider that there are several factors which can affect the natural smell of your skin and, in turn, the way a scent smells on you.&#xA0; For instance, your mood, stress level, age, body chemistry,&#xA0;diet, and current medications may all alter the scents you wear.&#xA0;&#xA0;Similarly, factor such as dry or oily&#xA0;skin can even affect the amount of time a fragrance will last after being applied Fragrance Women's Beauty Eau de Parfum"
204-241-166-207,3,0,6861,B0047ENQFQ,"L'Oreal Paris EverSleek Sulfate-Free Smoothing System Intense Smoothing Conditioner, 8.5 Fluid Ounce L&#39;Oreal Paris 48-Hour Frizz Control, Free of Heavy Silicones. The new standard of smooth has arrived. Ordinary smoothing shampoos can use harsh sulfates to cleanse hair, and have silicones that coat and weigh hair down. Free of harsh sulfates and heavy silicones, the EverSleek Sulfate-Free Smoothing System gently cleanses, and uses natural oils for weightless 48-Hour frizz control. EverSleek combines natural Argan, Sunflower, and Olive oils to penetrate and smooth hair, so that it stays weightlessly sleek through any weather. Beauty Hair Care Conditioners"
204-241-166-207,3,1,6862,B0047EPNZC,"L'Oreal Paris EverSleek Sulfate-Free Smoothing System Reparative Smoothing Conditioner, 8.5 Fluid Ounce L&#39;Oreal Paris 48-Hour Frizz Control, Free of Heavy Silicones. The new standard of smooth has arrived. Ordinary smoothing shampoos can use harsh sulfates to cleanse hair, and have silicones that coat and weigh hair down. Free of harsh sulfates and heavy silicones, the EverSleek Sulfate-Free Smoothing System gently cleanses, and uses natural oils for weightless 48-Hour frizz control. EverSleek combines natural Argan, Sunflower, and Olive oils to penetrate and smooth hair, so that it stays weightlessly sleek through any weather. Beauty Hair Care Conditioners"
204-241-166-207,3,2,6863,B0047EPOZ6,"L'Oreal Paris EverSleek Sulfate-Free Smoothing System Intense Smoothing Shampoo, 8.5 Fluid Ounce L&#39;Oreal Paris 48-Hour Frizz Control, Free of Heavy Silicones. The new standard of smooth has arrived. Ordinary smoothing shampoos can use harsh sulfates to cleanse hair, and have silicones that coat and weigh hair down. Free of harsh sulfates and heavy silicones, the EverSleek Sulfate-Free Smoothing System gently cleanses, and uses natural oils for weightless 48-Hour frizz control. EverSleek combines natural Argan, Sunflower, and Olive oils to penetrate and smooth hair, so that it stays weightlessly sleek through any weather. Shampoos Beauty Hair Care"
205-173-102-122,3,0,8283,B005HIGY46,"L'Oreal Paris EverStyle Smooth &amp; Shine Creme, Alcohol-Free, 5.1 Fluid Ounce L&#39;Oreal Paris Everstyle offers hold and style with out compromise. Free of drying effects of alcohol, everstyle uses high performance no-residue styling polymers for superior style without build-up. Beauty Styling Products Hair Care Creams, Gels & Lotions"
205-173-102-122,3,1,8284,B005HIGYYQ,"L'Oreal Paris EverStyle Curl Defining Gel, Alcohol-Free, 5.1 Fluid Ounce L&#39;Oreal Paris Everstyle offers hold and style with out compromise. Free of drying effects of alcohol, everstyle uses high performance no-residue styling polymers for superior style without build-up. Beauty Styling Products Hair Care Creams, Gels & Lotions"
205-173-102-122,3,2,8285,B005HIH1HA,"L'Oreal Paris EverStyle Curl Activating Mousse, Alcohol-Free, 8.0 Fluid Ounce L&#39;Oreal Paris Everstyle offers hold and style with out compromise. Free of drying effects of alcohol, everstyle uses high performance no-residue styling polymers for superior style without build-up. Mousses & Foams Beauty Styling Products Hair Care"
209-250-99-145,3,0,8483,B005OZN56M,"Sigma E60 - Large Shader Sigma Beauty Unique Feature: Firm, large and flat head 
Function: Uniformly cover the entire lid with product
Recommended Use: Apply eye shadow base or cream eye shadow for quick and even coverage.

 2013 Sigma Enterprises, LLC Makeup Brushes & Tools Beauty Tools & Accessories Brushes & Applicators"
209-250-99-145,3,1,8490,B005OZW3ZG,"Sigma F05 - Small Contour Sigma Beauty Unique Feature: Rounded, dense top
Function: Contouring cheeks
Recommended Use: Buff and blend contour shades under the cheekbone and jaw line for a chiseled look.

 2013 Sigma Enterprises, LLC Makeup Brushes & Tools Beauty Tools & Accessories Brushes & Applicators"
209-250-99-145,3,2,8501,B005P11F4O,"Sigma F70 - Concealer Sigma Beauty Unique Feature: Small and slightly tapered flat brush
Function: Conceal small areas
Recommended Use: Conceal the hardest to reach areas such as around the nose and eyes. 

 2013 Sigma Enterprises, LLC Makeup Brushes & Tools Beauty Tools & Accessories Brushes & Applicators"
209-42-10-165,3,0,7342,B004JZNKH2,"Revlon Double Ended Brow Brush, Premium Revlon All Revlon brushes are expertly crafted using ultra soft, premium fibers and natural birch wood handles for professional quality results Makeup Brushes & Tools Beauty Tools & Accessories Brushes & Applicators"
209-42-10-165,3,1,7343,B004JZRJMY,"Revlon Double Ended Smokey Eye Brush, Premium Revlon All Revlon brushes are expertly crafted using ultra soft, premium fibers and natural birch wood handles for professional quality results Makeup Brushes & Tools Beauty Tools & Accessories Brushes & Applicators"
209-42-10-165,3,2,7344,B004JZT328,"Revlon Covered Lip Brush, Premium Revlon All Revlon brushes are expertly crafted using ultra soft, premium fibers and natural birch wood handles for professional quality results Makeup Brushes & Tools Beauty Tools & Accessories Brushes & Applicators"
21-166-242-6,3,0,3307,B0019LTGBS,"NOW Foods Natural Vanilla (In Jojoba Oil), 1 ounce Now Foods Aroma:  Sweet, warm.  Benefits:  Comforting, relaxing, nurturing. Moisturizers Beauty Body Oils Skin Care"
21-166-242-6,3,1,3309,B0019LVFI0,"NOW Foods Oil Of Oregano 25%, 1 ounce Now Foods Aroma:  Spicy, camphoraceous.  Benefits:  Purifying, comforting, invigorating. Moisturizers Beauty Body Oils Skin Care"
21-166-242-6,3,2,6342,B003SSXV5C,"NOW Foods Cinnamon Cassia Oil, 1 ounce (Pack of 2) Aroma:  Warm, spicy.  Benefits:  Warming, stimulating, refreshing. Moisturizers Beauty Body Oils Skin Care"
211-137-155-6,3,0,3763,B001ET73QA,"Avalon Organics Thickening Conditioner, 14 Ounce (Pack of 3) Avalon Organics It's in our name: Avalon Organics. Our commitment to organic agriculture extends beyond personal care formulation to a passion for home-grown sustainability, a cleaner global environment and, of course, personal health. Our dedication to these ideals is summarized in our pledge,&#xA0;Consciousness in Cosmetics: To honor our bodies and the world we live in by creating an extraordinary range of truly effective personal care products that are inherently pure, safe and certified to the Standard for Personal Care Products Containing Organic Ingredients. Each of our products is made with organic ingredients, including botanicals, extracts and essential oils. We honor ourselves, our planet and our users with the Consciousness in Cosmetics promise. Shampoo & Conditioner Sets Beauty Hair Care"
211-137-155-6,3,1,3785,B001ET78RE,"Avalon Organics Vitamin C Renewal Cream, 2 Ounce (Pack of 2) Avalon Organics It's in our name: Avalon Organics. Our commitment to organic agriculture extends beyond personal care formulation to a passion for home-grown sustainability, a cleaner global environment and, of course, personal health. Our dedication to these ideals is summarized in our pledge,&#xA0;Consciousness in Cosmetics: To honor our bodies and the world we live in by creating an extraordinary range of truly effective personal care products that are inherently pure, safe and certified to the Standard for Personal Care Products Containing Organic Ingredients. Each of our products is made with organic ingredients, including botanicals, extracts and essential oils. We honor ourselves, our planet and our users with the Consciousness in Cosmetics promise. Creams & Moisturizers Beauty Skin Care Face"
211-137-155-6,3,2,4392,B001RVFUMY,"Avalon Organics CoQ10 Ultimate Firming Body Lotion, 8-Ounce Bottle Avalon Organics It's in our name: Avalon Organics. Our commitment to organic agriculture extends beyond personal care formulation to a passion for home-grown sustainability, a cleaner global environment and, of course, personal health. Our dedication to these ideals is summarized in our pledge,&#xA0;Consciousness in Cosmetics: To honor our bodies and the world we live in by creating an extraordinary range of truly effective personal care products that are inherently pure, safe and certified to the Standard for Personal Care Products Containing Organic Ingredients. Each of our products is made with organic ingredients, including botanicals, extracts and essential oils. We honor ourselves, our planet and our users with the Consciousness in Cosmetics promise. Moisturizers Beauty Body Lotions Skin Care"
213-40-177-27,3,0,9840,B00871KLEE,"12 type practical nail art star decoration tips HongNuo * 12 different color and pattern decorations for Nail Art Acrylic UV Gel Tips Design with case* 100% Brand new* Easy to apply on natural or artificial nails* Brush the base polish, fix the flowers on your nail tips and then seal with a clear topcoat* The combination of the decorations are determined by random selection. The design of each package may vary* Charms that makes you wonderful nail art Hands & Nails Beauty Skin Care Nail Treatments"
213-40-177-27,3,1,9841,B00871KLRQ,"12 type practical nail art hollow heart decoration tips HongNuo * 12 different color and pattern decorations for Nail Art Acrylic UV Gel Tips Design with case* 100% Brand new* Easy to apply on natural or artificial nails* Brush the base polish, fix the flowers on your nail tips and then seal with a clear topcoat* The combination of the decorations are determined by random selection. The design of each package may vary* Charms that makes you wonderful nail art Hands & Nails Beauty Skin Care Nail Treatments"
213-40-177-27,3,2,9851,B00871KOQO,"12 type practical nail art heart decoration tips HongNuo * 12 different color and pattern decorations for Nail Art Acrylic UV Gel Tips Design with case* 100% Brand new* Easy to apply on natural or artificial nails* Brush the base polish, fix the flowers on your nail tips and then seal with a clear topcoat* The combination of the decorations are determined by random selection. The design of each package may vary* Charms that makes you wonderful nail art Hands & Nails Beauty Skin Care Nail Treatments"
214-42-148-240,3,0,289,B00014D138,"Jason Pure Natural Moisturizing Creme, Anti-Aging Tea Time, 4 Ounce Jason Natural In 1959, a group of independent thinkers drew upon the pioneering spirit that was so much a part of their California heritage and set out on a road of rediscovery. Theirs was a path back to safer, natural ingredients proven to work together in effective ways. And so the J&#x100;S&#xD6;N&#xA0;(which means ""healer"" in Greek) brand was born. The&#xA0;J&#x100;S&#xD6;N&#xA0;team meticulously created&#xA0;body loving products&#xA0;staying true to the&#xA0;J&#x100;S&#xD6;N&#xA0;Code of Honor: select safe, wholesome, natural ingredients, rigorously test every formula to ensure safety and efficacy, never test on animals, and constantly innovate and improve. As one generation has given way to the next,&#xA0;J&#x100;S&#xD6;N&#xA0;products have remained on the path forged by the brand&#x2019;s founders, committed to discovering even more ways to offer personal care solutions safer for us, our families and our planet. Creams & Moisturizers Beauty Fluids & Lotions Lotions Face Skin Care"
214-42-148-240,3,1,1276,B000FGC99O,"Jason Pure Natural Conditioner, Restorative Biotin, 16 Ounce Jason Natural In 1959, a group of independent thinkers drew upon the pioneering spirit that was so much a part of their California heritage and set out on a road of rediscovery. Theirs was a path back to safer, natural ingredients proven to work together in effective ways. And so the J&#x100;S&#xD6;N&#xA0;(which means ""healer"" in Greek) brand was born. The&#xA0;J&#x100;S&#xD6;N&#xA0;team meticulously created&#xA0;body loving products&#xA0;staying true to the&#xA0;J&#x100;S&#xD6;N&#xA0;Code of Honor: select safe, wholesome, natural ingredients, rigorously test every formula to ensure safety and efficacy, never test on animals, and constantly innovate and improve. As one generation has given way to the next,&#xA0;J&#x100;S&#xD6;N&#xA0;products have remained on the path forged by the brand&#x2019;s founders, committed to discovering even more ways to offer personal care solutions safer for us, our families and our planet. Beauty Hair Care Conditioners"
214-42-148-240,3,2,3308,B0019LV2QU,"Jason Pure Natural Skin Oil, Vitamin E 45,000 I.U., 2 Ounce Jason In 1959, a group of independent thinkers drew upon the pioneering spirit that was so much a part of their California heritage and set out on a road of rediscovery. Theirs was a path back to safer, natural ingredients proven to work together in effective ways. And so the J&#x100;S&#xD6;N&#xA0;(which means ""healer"" in Greek) brand was born. The&#xA0;J&#x100;S&#xD6;N&#xA0;team meticulously created&#xA0;body loving products&#xA0;staying true to the&#xA0;J&#x100;S&#xD6;N&#xA0;Code of Honor: select safe, wholesome, natural ingredients, rigorously test every formula to ensure safety and efficacy, never test on animals, and constantly innovate and improve. As one generation has given way to the next,&#xA0;J&#x100;S&#xD6;N&#xA0;products have remained on the path forged by the brand&#x2019;s founders, committed to discovering even more ways to offer personal care solutions safer for us, our families and our planet. Moisturizers Beauty Body Oils Skin Care"
218-97-139-40,3,0,2146,B000RG2YFQ,Ardell LashGrip Adhesive for Strip Lashes - Clear 240465 Ardell Buy Ardell False Eyelashes - Ardell LashGrip Adhesive for Strip Lashes - Clear 240465 Beauty Tools & Accessories Eyelash Tools Fake Eyelashes & Adhesives Makeup Brushes & Tools
218-97-139-40,3,1,4210,B001MP471K,Ardell LashGrip Adhesive for Strip Lashes - Dark 240466 Ardell Buy Ardell False Eyelashes - Ardell LashGrip Adhesive for Strip Lashes - Dark 240466 Beauty Tools & Accessories Eyelash Tools Fake Eyelashes & Adhesives Makeup Brushes & Tools
218-97-139-40,3,2,6127,B003JN690U,Ardell Pro Lash Applicator 1 Applicator (Black) Ardell Buy Ardell False Eyelashes - Ardell Pro Lash Applicator 1 Applicator (Black) Beauty Tools & Accessories Eyelash Tools Fake Eyelashes & Adhesives Makeup Brushes & Tools
218-97-223-78,3,0,8086,B0058GW8HE,Red Cherry False Eyelashes #82 Black Pack of 3 (Red Cherry - Kim Kardashian's Choice) Red Cherry Get that wide awake look with the red cherry lashes Beauty Tools & Accessories Eyelash Tools Fake Eyelashes & Adhesives Makeup Brushes & Tools
218-97-223-78,3,1,8989,B006LRRQK8,Red Cherry #43 False Eyelashes (Pack of 6 Pairs) Red Cherry Red Cherry lashes are made from 100% human hair Beauty Tools & Accessories Eyelash Tools Fake Eyelashes & Adhesives Makeup Brushes & Tools
218-97-223-78,3,2,9111,B006TO529A,Red Cherry #117 False Eyelashes (Pack of 6) Red Cherry Red Cherry lashes are soft and made of 100% human hair. Beauty Tools & Accessories Eyelash Tools Fake Eyelashes & Adhesives Makeup Brushes & Tools
220-179-87-31,3,0,2839,B0012RWOB8,"Desperate Housewives Forbidden Fruit By Coty For Women. Eau De Parfum Spray 3.4-Ounces Coty Launched by the design house of Coty in 2007, DESPERATE HOUSEWIVES FORBIDDEN FRUIT is a women's fragrance that possesses a blend of Orange Apple, Flower, Peach, Pepper, Jasmine, Passion Lily, Sandalwood, Ylang, Cedarwood, VanillaWhen&#xA0;applying&#xA0;any fragrance please consider that there are several factors which can affect the natural smell of your skin and, in turn, the way a scent smells on you.&#xA0; For instance, your mood, stress level, age, body chemistry,&#xA0;diet, and current medications may all alter the scents you wear.&#xA0;&#xA0;Similarly, factor such as dry or oily&#xA0;skin can even affect the amount of time a fragrance will last after being applied Fragrance Women's Beauty Eau de Parfum"
220-179-87-31,3,1,2842,B0012RYDR6,"Ange Ou Demon By Givenchy For Women. Eau De Parfum Spray 1.7-Ounces Givenchy Launched by the design house of Givenchy in 2006, ANGE OU DEMON is a women's fragrance that possesses a blend of Tonka Bean, Vanilla, Mandarine, Orchidee, Safran, Ylang Ylang, Fleur de Lys, Pallisander wood, Oak Absolute, Thym BlancWhen&#xA0;applying&#xA0;any fragrance please consider that there are several factors which can affect the natural smell of your skin and, in turn, the way a scent smells on you.&#xA0; For instance, your mood, stress level, age, body chemistry,&#xA0;diet, and current medications may all alter the scents you wear.&#xA0;&#xA0;Similarly, factor such as dry or oily&#xA0;skin can even affect the amount of time a fragrance will last after being applied Fragrance Women's Beauty Eau de Parfum"
220-179-87-31,3,2,3886,B001FWXISS,"Euphoria Men Intense by Calvin Klein for Men, Eau De Toilette Spray, 3.4 Ounce Calvin Klein Launched by the design house of Calvin Klein in 2008, EUPHORIA MEN INTENSE is a men's fragrance that possesses a blend of Rain Water, Pepper, Ginger, Sage, Frosted Sudachi, Cedar leaf, Patchouli, Myrrh, Labdanum, Amber Solid, VetiverWhen&#xA0;applying&#xA0;any fragrance please consider that there are several factors which can affect the natural smell of your skin and, in turn, the way a scent smells on you.&#xA0; For instance, your mood, stress level, age, body chemistry,&#xA0;diet, and current medications may all alter the scents you wear.&#xA0;&#xA0;Similarly, factor such as dry or oily&#xA0;skin can even affect the amount of time a fragrance will last after being applied Fragrance Beauty Eau de Toilette Men's"
223-166-187-149,3,0,9291,B00762WE86,Harmony Gelish Magneto - Polar Attraction w/ Matching Magnet Lacquer Harmony health and beauty products Makeup Nails Beauty Nail Polish
223-166-187-149,3,1,9292,B00762X7QO,Harmony Gelish Magneto - Inseparable Forces w/ Matching Magnetic Lacquer Harmony health and beauty products Makeup Nails Beauty Nail Polish
223-166-187-149,3,2,9294,B00762XYKI,Harmony Gelish Magneto - Drawn Together w/ Matching Magnet Lacquer Kit Harmony health and beauty products Makeup Nails Beauty Nail Polish
223-219-106-98,3,0,6761,B0045EAMXW,"OPI Nail Lacquer, Take the Stage, 0.5-Fluid Ounce OPI OPI Burlesque Colors Makeup Nails Beauty Nail Polish"
223-219-106-98,3,1,6773,B0045M2SZY,"OPI Nail Lacquer, Glow Up Already, 0.5-Fluid Ounce OPI OPI Burlesque Colors Makeup Nails Beauty Nail Polish"
223-219-106-98,3,2,6845,B004756YJA,"OPI Nail Lacquer, Simmer and Shimmer, 0.5-Fluid Ounce OPI OPI Burlesque Colors Makeup Nails Beauty Nail Polish"
225-154-156-147,3,0,8584,B005UBN3L2,"Coastal Scents Go Makeup Palette, Cairo, 0.28 Ounce Coastal Scents Discover exotic beauty with our Cairo Go Palette. Containing twelve highly pigmented Egyptian themed jewel tone shadows to create an endless array of looks. All twelve shadows are included in our matte black Coastal Scents logo imprinted palette and equipped with a mirror for convenience. Makeup Makeup Palettes Beauty"
225-154-156-147,3,1,8586,B005UBN3NU,"Coastal Scents Go Makeup Palette, Beijing, 0.28 Oz Coastal Scents Reveal exquisite beauty with our Beijing Go Palette. Inspired by the Peking Opera in China&#x2019;s cultural epicenter this palette contains twelve highly pigmented shimmery shadows to create a variety of looks. All twelve shadows are housed in our matte black, Coastal Scents logo imprinted palette and equipped with a mirror for convenience. Makeup Makeup Palettes Beauty"
225-154-156-147,3,2,8587,B005UBN3O4,"Coastal Scents Go Makeup Palette, Moscow, 0.28 Oz Coastal Scents Journey to the heart of a bustling metropolis with our Moscow Go Palette. Inspired by Russia&#x2019;s vastly populated capital city this palette contains twelve highly pigmented shimmery eye shadows for an vibrant array of looks. All twelve shadows are contained in our matte black Coastal Scents logo imprinted palette and equipped with a mirror for convenience. Makeup Makeup Palettes Beauty"
227-172-64-6,3,0,2352,B000V5BXNM,"Maybelline New York Expert Wear Twin Brow and Eye Pencils, 101 Velvet Black, 0.03 Ounce Maybelline Dual purpose pencils work as defining brow filler and a precision eyeliner. Two pencils per pack.Waterproof formula lasts all day. Makeup Beauty Eyes Eyebrow Color"
227-172-64-6,3,1,2353,B000V5BXO6,"Maybelline New York Expert Wear Twin Brow and Eye Pencils, 103 Medium Brown, 0.06 Ounce Maybelline Dual purpose pencils work as defining brow filler and a precision eyeliner. Two pencils per pack.Waterproof formula lasts all day. Makeup Beauty Eyes Eyebrow Color"
227-172-64-6,3,2,2689,B001126XI4,"Maybelline New York Expert Wear Twin Brow and Eye Pencils, 104 Light Brown, 0.06 Ounce Maybelline Dual purpose pencils work as defining brow filler and a precision eyeliner. Two pencils per pack.Waterproof formula lasts all day. Makeup Beauty Eyes Eyebrow Color"
23-237-151-53,3,0,11828,B00H5A513O,"Royal Derma Roller 1.0mm Microneedle Includes FREE Protective Travel Case 540 Needles Made From Titanium - Great for Face, Neck, and Body - Stimulates Collagen Production - Effective for Scar Removal Including Acne Scars, Wrinkles Treatment, Stretch Marks Reduction, Getting Rid of Cellulite - Best Micro Needle for Skin Care Therapy The #1 at Home Treatment For a Beautiful, Healthy, and Young Looking SkinThe Best At Home Microneedle Roller For Your Face and BodyMicroneedle Roller System Is Great For:&#x2022;  Large Pore Reduction&#x2022;  Dark Spot Reduction&#x2022;  Treating Wrinkles&#x2022;  Repairing Damaged Tissue&#x2022;  Removing Surgical Scars&#x2022;  Removal of Stretch Marks&#x2022;  Acne Scars Treatment&#x2022;  Treating Hyper Pigemntation&#x2022;  Stimulates Collagen Production&#x2022;  Improves Skin Elasticity&#x2022;  Cellulite ReductionWhat Sets Royal Derma Roller Apart From The Rest?&#x2022;  Noticeable Improvements&#x2022;  Low Price For Long Term Results&#x2022;  Treats Every Skin Type&#x2022;  Easy To Use At Home&#x2022;  Does not bruise your skin&#x2022;  Does not discolor&#x2022;  No infections or complications&#x2022;  Comes In a Sealed Box And a Protective Kit&#x2022;  120 Day Money Back GuaranteeRoyal Derma Roller was designed to help women and men achieve great cost effective results at home. Micro needle is the best skintherapy to help improve your skin in just few days. This roller is 540 needles with 1.0mm length made of strong and sterilized Titanium.Royal Derma Roller is backed by 120 Day No Question Asked Money Back Guarantee if you are not satisfied with our product.Click the 'Add to Cart' button above and get your Royal Derma Roller TODAY!  You will not regret investing in a beautiful, healthy, young looking skin! Beauty Skin Care Face"
23-237-151-53,3,1,12012,B00JC77VEK,"Derma Roller 1.0-QMD  Titanium &amp; FREE Case -*FDA registered- 540 Micro Needles 1.0 mm Long - Medical Dermarolling Proven as The Best Acne Scar Removal Treatment Up to Date -Dermaroller Micro Needling Improves Wrinkles Scars Stretch Marks Cellulite and Hair Loss -Our Dermarollers are Supplied Sterile- Get Rid of Your Unwanted Marks, Get the Smooth Beautiful Skin You Deserve! (100% Guaranteed) The QMDTM Derma Roller Micro Needle Therapy SystemThe best proven treatment for Acne Scar RemovalStudies have demonstrated that rolling over an area of skin with a derma roller device, for around 8 to 15 times will produce hundreds of holes per cm2. Microneedling or ""Collagen induction therapy"" induces the release of growth factors. They stimulate the sinthesis of new natural collagen and elastin in the dermis. New capillaries are formed and all together, treatment leads to reduction of all scar types after therapy.  It is very effective for hard to heal acne, stretch marks and atrophic white scarringStretch marks, wrinkles, scars, cellulite, hair loss, uneven skin tone, acne scars, enlarged pores and photoageing are all due to a lack of collagen, so by using a dermaroller to replace the collagen you can help your skin renew and repair itself to a cosmetic level. Derma Roller skin therapy, is an all-natural cosmetic procedure which can be done in your own home, though we advise to consult with your dermatologist or physician. Also known as ""micro needle therapy"", ""non-surgical face lift"" and ""skin needle therapy"".It also helps ingredients and nutrients to be quickly absorbed through the skin, enhancing their efficacy so it can be used for transdermal medication delivery for Hair Loss treatments.***WARNING: Do not Share your Derma Roller -READ INSTRUCTIONS BEFORE USING AT DERMAROLLERQMD.COMBuy now with confidence with our 100% No hassle Guarantee - Click the ""Add to Cart"" Button Now! Beauty Skin Care Face"
23-237-151-53,3,2,12037,B00JTY6WQ4,"SALE 70% OFF, TODAY ONLY! - Derma Roller by Diva d'or - Titanium Micro Needle Roller - 540 Needles - Best Skin DermaRoller for Body and Face + FREE Travel Case - 1.0mm Needle Length - SAFE FOR HOME USE - Micro-Needles skin care therapy dermatology system - Use microneedling for Anti Ageing, Acne Scars, Stretch Marks, Wrinkles, Eyes pouches, body, Hair Loss, Cellulite, Scalp and Beauty enhancement - Incredible benefits for Beauty, Health, Personal Care. Multiplies the results of Skincare products like Vitamin C, anti ageing serum &amp; Hyaluronic Face Serum. 100% SATISFACTION GUARANTEE Do you want to give your skin it's natural glow back? Then get the best Diva d'or Derma Roller on the market and MAKES YOUR SKIN LOOKS YOUNGER AND HEALTHIER!The Diva d'or is the #1 professional's choice for skin treatment at homeGet the results and those benefits of Diva D'or Derma Roller:- Stimulates collagen formation.- Tightens skin and restores elasticity.- Softens fine lines.- Reduces the appearance of scarring.- Reduces cellulite.- Reduces pigmentation and sun damage.- Improves the skin's ability to absorb topical serums, gels and creams.Our Guarantee To YouYour satisfaction is our top priority. If for any reason you are not 100% happy with your purchase, 
we have a 90-day, money back guarantee. Let us know and we will refund the full price of your order. No questions asked.You have made the right choice with the Diva d'or Derma Roller.Click Add To Cart at the top of this page and get yours NOW. While It's Still In Stock Complexes Beauty Eyes Skin Care"
233-118-12-94,3,0,5713,B00373FPG6,"e.l.f. Blush, Peachy Keen, 0.168 Ounce e.l.f. Cosmetics The soft sheer texture blends into the skin for a silky finish. Designed to be worn alone or layered for more depth. Highlight your complexion with a subtle healthy glow. Makeup Blush Beauty Face"
233-118-12-94,3,1,5714,B00373MSNE,"e.l.f. Blush, Blushing Rose, 0.168 Ounce e.l.f. Cosmetics The soft sheer texture blends into the skin for a silky finish. Designed to be worn alone or layered for more depth. Highlight your complexion with a subtle healthy glow. Makeup Blush Beauty Face"
233-118-12-94,3,2,7755,B004X1QECA,"e.l.f. Blush, Fuchsia Fusion, 0.168 Ounce e.l.f. Cosmetics The soft sheer texture blends into the skin for a silky finish. Designed to be worn alone or layered for more depth. Highlight your complexion with a subtle healthy glow. Makeup Blush Beauty Face"
236-180-238-231,3,0,7800,B004Y9GTOO,"Maybelline New York Instant Age Rewind Eraser Dark Circles Treatment Concealer, Fair 10, 0.2-fluid Ounce Maybelline Instantly creates a radiant, refreshed looking eye area. Super concentrated formula with goji berry and haloxyl helps to erase the appearance of dark circles and fine lines, while visibly diminishing the appearance of puffiness around the eyes. Dark Circle Treatments Beauty Eyes Skin Care"
236-180-238-231,3,1,7803,B004Y9GVZG,"Maybelline New York Instant Age Rewind Eraser Dark Circles Treatment Concealer, Neutralizer 50, 0.2-fluid Ounce Maybelline Instantly creates a radiant, refreshed looking eye area. Super concentrated formula with goji berry and haloxyl helps to erase the appearance of dark circles and fine lines, while visibly diminishing the appearance of puffiness around the eyes. Dark Circle Treatments Beauty Eyes Skin Care"
236-180-238-231,3,2,7804,B004Y9GY44,"Maybelline New York Instant Age Rewind Eraser Dark Circles Treatment Concealer, Brightener 60, 0.2-fluid Ounce Instantly creates a radiant, refreshed looking eye area. Super concentrated formula with goji berry and haloxyl helps to erase the appearance of dark circles and fine lines, while visibly diminishing the appearance of puffiness around the eyes. Makeup Beauty Concealers & Neutralizers Face"
237-28-203-86,3,0,4650,B0027CT5SC,"Vaseline Sheer Infusion Body Lotion, Botanical Blend, 13.5-Ounce Bottles (Pack of 2) Some moisturizers only treat the top layers of your surface skin, leaving it feeling greasy. Others sink through quickly and your skin is not thoroughly moisturized. New Vaseline Sheer Infusion with Stratys-3 infuses and suspends superior* moisture across all layers of your skin.** Only Vaseline Sheer Infusion delivers superior moisture* and an unmatched silky feel. Moisturizers Beauty Body Lotions Skin Care"
237-28-203-86,3,1,4651,B0027CT5TG,"Vaseline Sheer Infusion Body Lotion, Vitamin Burst, 13.5-Ounce Bottles (Pack of 2) Some moisturizers only treat the top layers of your surface skin, leaving it feeling greasy. Others sink through quickly and your skin is not thoroughly moisturized. New Vaseline Sheer Infusion with Stratys-3 infuses and suspends superior* moisture across all layers of your skin**. Only Vaseline Sheer Infusion delivers superior moisture* and an unmatched silky feel. Moisturizers Beauty Body Lotions Skin Care"
237-28-203-86,3,2,4652,B0027CT5VO,"Vaseline Sheer Infusion Body Lotion, Mineral Renewal, 13.5-Ounce Bottles (Pack of 2) Some moisturizers only treat the top layers of your surface skin, leaving it feeling greasy. Others sink through quickly and your skin is not thoroughly moisturized. New Vaseline Sheer Infusion with Stratys-3 infuses and suspends superior* moisture across all layers of your skin.** Only Vaseline Sheer Infusion delivers superior moisture* and an unmatched silky feel. Moisturizers Beauty Body Lotions Skin Care"
238-84-122-152,3,0,11274,B00CGKJ7QU,"Lovely Vintage Jewelry Crystal Hair Clips Hairpins- For Hair Clip Beauty Tools Jolin If you have any question,Please feel free to contact me.thank you

Wish you happy every day Hair Care Beauty Styling Accessories Styling Tools Clips"
238-84-122-152,3,1,11436,B00DPTW8JY,"Lovely Vintage Jewelry Crystal Hair Clips Hairpins- For Hair Clip Beauty Tools Jolin If you have any question,Please feel free to contact me.thank you

Wish you happy every day Hair Care Beauty Styling Accessories Styling Tools Clips"
238-84-122-152,3,2,11437,B00DPU6ZAG,"Lovely Vintage Jewelry Crystal Hair Clips Hairpins- For Hair Clip Beauty Tools Jolin If you have any question,Please feel free to contact me.thank you

Wish you happy every day Hair Care Beauty Styling Accessories Styling Tools Clips"
25-252-197-254,3,0,10218,B008XWY8Y6,"READY&reg; SPF 20 Foundation in Fairly Light Bare Escentuals bareMinerals READY SPF 15 Touch Up Veil diffuses the look of imperfections while reducing shine for a flawless finish throughout the day. Powered by our proprietary SeaNutritive MineralTM Complex, this formula delivers incredible skin-nourishing benefits. Makeup Foundation Beauty Face"
25-252-197-254,3,1,10219,B008XWYA0S,"READY&reg; SPF 20 Foundation in Light Bare Escentuals bareMinerals READY SPF 15 Touch Up Veil diffuses the look of imperfections while reducing shine for a flawless finish throughout the day. Powered by our proprietary SeaNutritive MineralTM Complex, this formula delivers incredible skin-nourishing benefits. Makeup Foundation Beauty Face"
25-252-197-254,3,2,10220,B008XWYBF2,"READY&reg; SPF 20 Foundation in Medium Beige Bare Escentuals bareMinerals READY SPF 15 Touch Up Veil diffuses the look of imperfections while reducing shine for a flawless finish throughout the day. Powered by our proprietary SeaNutritive MineralTM Complex, this formula delivers incredible skin-nourishing benefits. Makeup Foundation Beauty Face"
25-7-63-86,3,0,4097,B001KYQ4VO,"Maybelline New York Mineral Power Powder Foundation, Pure Beige- 0.28 Ounce Maybelline Mineral power natural perfecting powder foundation with 100% micro minerals not only provides flawless coverage, but also makes your skin clearer, smoother and more radiant even when you&#x2019;re not wearing any. Results clinically proven after 8 weeks*: 52% improvement in skin smoothness; 49% improvement in skin luminosity; 43% reduction in redness. Buildable, even coverage. Tested on sensitive skin. won&#x2019;t clog pores. Contains 0% oil, 0% talc, 0% preservatives and 0% fragrance. spf 18. *based on a clinical study Makeup Foundation Beauty Face"
25-7-63-86,3,1,4117,B001KYTWZ4,"Maybelline New York Mineral Power Finishing Veil Translucent Powder, Translucent, 0.28 Ounce Maybelline Mineral power natural perfecting powder foundation with 100% micro minerals not only provides flawless coverage, but also makes your skin clearer, smoother and more radiant even when you&#x2019;re not wearing any. Results clinically proven after 8 weeks*: 52% improvement in skin smoothness; 49% improvement in skin luminosity; 43% reduction in redness. Buildable, even coverage. Tested on sensitive skin. won&#x2019;t clog pores. Contains 0% oil, 0% talc, 0% preservatives and 0% fragrance. spf 18. *based on a clinical study Makeup Beauty Powder Face"
25-7-63-86,3,2,4127,B001KYVPGI,"Maybelline New York Mineral Power Powder Foundation, Creamy Natural, 0.28 Ounce Maybelline Mineral power natural perfecting powder foundation with 100% micro minerals not only provides flawless coverage, but also makes your skin clearer, smoother and more radiant even when you&#x2019;re not wearing any. Results clinically proven after 8 weeks*: 52% improvement in skin smoothness; 49% improvement in skin luminosity; 43% reduction in redness. Buildable, even coverage. Tested on sensitive skin. won&#x2019;t clog pores. Contains 0% oil, 0% talc, 0% preservatives and 0% fragrance. spf 18. *based on a clinical study Makeup Foundation Beauty Face"
25-86-99-136,3,0,9052,B006OZF398,"REVLON Photoready Color Correcting Primer, 0.91 Fluid Ounce Revlon REVLON photoready perfecting prime is a revolutionary, lightweight primer that helps soften skin and diffuses light to help minimize flaws and even out skin texture. It creates a perfect canvas so that your foundation will glide on more evenly and smoothly. Can be worn alone or under foundation. Makeup Beauty Foundation Primers Face"
25-86-99-136,3,1,9053,B006OZF3DY,"REVLON Photoready Eye Primer plus Brightener, 0.08 Fluid Ounce Revlon REVLON photoready perfecting prime is a revolutionary, lightweight primer that helps soften skin and diffuses light to help minimize flaws and even out skin texture. It creates a perfect canvas so that your foundation will glide on more evenly and smoothly. Can be worn alone or under foundation. Makeup Beauty Eyes Concealer & Base"
25-86-99-136,3,2,9054,B006OZF4KG,"REVLON Photoready Perfecting Primer, 0.91 Fluid Ounce Revlon REVLON photoready perfecting prime is a revolutionary, lightweight primer that helps soften skin and diffuses light to help minimize flaws and even out skin texture. It creates a perfect canvas so that your foundation will glide on more evenly and smoothly. Can be worn alone or under foundation. Makeup Beauty Foundation Primers Face"
25-99-186-167,3,0,9501,B007MJKI5Y,"LA GIRL Pro Conceal - LGC981 Toast L.A. Girl Crease resistant, opaque coverage in a creamy yet light weight texture. The long wearing formula camouflages darkness under the eyes, redness and skin imperfections. Provides complete, natural looking coverage, evens skin tone, covers dark circles and minimizes fine lines around the eyes. Makeup Beauty Concealers & Neutralizers Face"
25-99-186-167,3,1,9503,B007MJKI9K,"LA GIRL Pro Conceal - LGC983 Fawn L.A. Girl Crease resistant, opaque coverage in a creamy yet light weight texture. The long wearing formula camouflages darkness under the eyes, redness and skin imperfections. Provides complete, natural looking coverage, evens skin tone, covers dark circles and minimizes fine lines around the eyes. Makeup Beauty Concealers & Neutralizers Face"
25-99-186-167,3,2,9504,B007MJKIC2,"LA GIRL Pro Conceal - LGC984 Toffee L.A. Girl Crease resistant, opaque coverage in a creamy yet light weight texture. The long wearing formula camouflages darkness under the eyes, redness and skin imperfections. Provides complete, natural looking coverage, evens skin tone, covers dark circles and minimizes fine lines around the eyes. Makeup Beauty Eyes Concealer & Base"
253-27-1-77,3,0,2716,B00117YN2C,"Fake Bake Face Self-Tanning Lotion, 2-Ounces Fake Bake Fake Bake Face Self-Tanning Lotion, 2oz Self-Tanners & Bronzers Sun Beauty Skin Care"
253-27-1-77,3,1,2719,B001183N8G,"Fake Bake Self-Tanning Lotion, 6-Ounces Fake Bake Fake Bake Self-Tanning Lotion, 6oz Self-Tanners & Bronzers Sun Beauty Skin Care"
253-27-1-77,3,2,2720,B001183N9K,"Fake Bake Instant Self-Tanning Spray, 7.1-Ounces Fake Bake Fake Bake Instant Self-Tanning Spray, 7oz Self-Tanners & Bronzers Sun Beauty Skin Care"
26-107-99-145,3,0,9489,B007M0S8KA,"Nail Art Stamping Image Plate KD1 *** Nail Art Stamping Image Plate KD1    ***Material : Stainless Steel ***Quantity: 1 ***Size: 6.4 cm ***Film: Blue film on the surface ( remove before use) ***Usage: * Apply base coat to nails (regular nail polish available) * Apply Special or thick nail polish to desired image * With scraper scrape off excessive polish from plate quickly * Press down softly with plastic stamp on image plate and lift up immediately * Stamp the image on your nail * For lasting wear,apply top coat Beauty Tools & Accessories Nail Art Equipment Nail Tools"
26-107-99-145,3,1,9490,B007M0STLI,"Nail Art Stamping Image Plate KD19 *** Nail Art Stamping Image Plate KD19   ***Material : Stainless Steel ***Quantity: 1 ***Size: 6.4 cm ***Film: Blue film on the surface ( remove before use) ***Usage: * Apply base coat to nails (regular nail polish available) * Apply Special or thick nail polish to desired image * With scraper scrape off excessive polish from plate quickly * Press down softly with plastic stamp on image plate and lift up immediately * Stamp the image on your nail * For lasting wear,apply top coat Beauty Tools & Accessories Nail Art Equipment Nail Tools"
26-107-99-145,3,2,9616,B007TF9FDW,"Nail Art Stamping Image Plate KD12 *** Nail Art Stamping Image Plate KD12  ***Material : Stainless Steel ***Quantity: 1 ***Size: 6.4 cm ***Film: Blue film on the surface ( remove before use) ***Usage: * Apply base coat to nails (regular nail polish available) * Apply Special or thick nail polish to desired image * With scraper scrape off excessive polish from plate quickly * Press down softly with plastic stamp on image plate and lift up immediately * Stamp the image on your nail * For lasting wear,apply top coat Beauty Tools & Accessories Nail Art Equipment Nail Tools"
26-200-156-28,3,0,9036,B006OMHTCK,"New Bundle 3 Nail Art Jumbo Image Plates Stamps (Z1) of 163 Designs by Cheeky&reg; New Designs Nail Art Stamper Image PlateThese Cheeky stamping plates are fabulous and make a perfect addition to any nail art collection.The results are an eye catching, detailed and crisp nail design - probably impossible to implement in free hand or any other nail art technique.Helpful Hints:-Make sure you remove the protective plastic cover from the front of the plates before attempting to use.Wet a cotton ball w/ pure acetone and hold it with tweezers in order to avoid ruining the designs on your nails.Use the acetone soaked cotton ball to wipe nail polish off of the plates and stamper.The plate should be dry before applying more polish. Use a thick highly pigmented polish for stamping. Work fast!If you take too long the polish will dry on the plate or stamper and you will not get it to transfer.If you are working fast and the polish does not transfer try another type of polish, some polished are extra quick drying.Be gentle when you apply top coat or you may smear your design.Becoming an official ""Cheeky Chick""Cheeky is a lady's best friend!It is a one stop shop for ladies beauty needs such as: makeup, nails, personal care products or innovative beauty gadgets, all are only few clicks away when shopping on our Cheeky shop.Cheeky's famous high quality products and services are guaranteed with every purchase of one of our products.After the purchase of your first Cheeky item, you will become an official ""Cheeky Chick"" and most likely develop severe addiction to Cheeky's products.You will find that enjoyable shopping experience, excellent service and stylish high quality products can be bought at a fair price.Please note that we offer fast (from the UK) and slow (from China) shipping options for your convenience. Please select your most suitable shipping option according to your needs and budget. Makeup Nails Beauty Nail Art"
26-200-156-28,3,1,9037,B006OMHTMK,"New Bundle 3 Nail Art Jumbo Image Plates Stamps (Z2) of 168 Designs by Cheeky&reg; New Designs Nail Art Stamper Image PlateThese Cheeky stamping plates are fabulous and make a perfect addition to any nail art collection.The results are an eye catching, detailed and crisp nail design - probably impossible to implement in free hand or any other nail art technique.Helpful Hints:-Make sure you remove the protective plastic cover from the front of the plates before attempting to use.Wet a cotton ball w/ pure acetone and hold it with tweezers in order to avoid ruining the designs on your nails.Use the acetone soaked cotton ball to wipe nail polish off of the plates and stamper.The plate should be dry before applying more polish. Use a thick highly pigmented polish for stamping. Work fast!If you take too long the polish will dry on the plate or stamper and you will not get it to transfer.If you are working fast and the polish does not transfer try another type of polish, some polished are extra quick drying.Be gentle when you apply top coat or you may smear your design.Becoming an official ""Cheeky Chick""Cheeky is a lady's best friend!It is a one stop shop for ladies beauty needs such as: makeup, nails, personal care products or innovative beauty gadgets, all are only few clicks away when shopping on our Cheeky shop.Cheeky's famous high quality products and services are guaranteed with every purchase of one of our products.After the purchase of your first Cheeky item, you will become an official ""Cheeky Chick"" and most likely develop severe addiction to Cheeky's products.You will find that enjoyable shopping experience, excellent service and stylish high quality products can be bought at a fair price.Please note that we offer fast (from the UK) and slow (from China) shipping options for your convenience. Please select your most suitable shipping option according to your needs and budget. Beauty Tools & Accessories Nail Art Equipment Nail Tools"
26-200-156-28,3,2,9038,B006OMHTXO,"New Bundle 3 Nail Art Jumbo Image Plates Stamps (Z3) of 168 Designs by Cheeky&reg; New Designs Nail Art Stamper Image PlateThese Cheeky stamping plates are fabulous and make a perfect addition to any nail art collection.The results are an eye catching, detailed and crisp nail design - probably impossible to implement in free hand or any other nail art technique.Helpful Hints:-Make sure you remove the protective plastic cover from the front of the plates before attempting to use.Wet a cotton ball w/ pure acetone and hold it with tweezers in order to avoid ruining the designs on your nails.Use the acetone soaked cotton ball to wipe nail polish off of the plates and stamper.The plate should be dry before applying more polish. Use a thick highly pigmented polish for stamping. Work fast!If you take too long the polish will dry on the plate or stamper and you will not get it to transfer.If you are working fast and the polish does not transfer try another type of polish, some polished are extra quick drying.Be gentle when you apply top coat or you may smear your design.Becoming an official ""Cheeky Chick""Cheeky is a lady's best friend!It is a one stop shop for ladies beauty needs such as: makeup, nails, personal care products or innovative beauty gadgets, all are only few clicks away when shopping on our Cheeky shop.Cheeky's famous high quality products and services are guaranteed with every purchase of one of our products.After the purchase of your first Cheeky item, you will become an official ""Cheeky Chick"" and most likely develop severe addiction to Cheeky's products.You will find that enjoyable shopping experience, excellent service and stylish high quality products can be bought at a fair price.Please note that we offer fast (from the UK) and slow (from China) shipping options for your convenience. Please select your most suitable shipping option according to your needs and budget. Beauty Tools & Accessories Nail Art Equipment Nail Tools"
34-106-107-249,3,0,1165,B000EEZAXO,"Method Gel Hand Wash 12oz, Sweet Water (Pack of 6) Method Hands & Nails Beauty Skin Care Hand Soaps"
34-106-107-249,3,1,5528,B0030T174Q,"Method Foaming Hand Wash Refill 28oz, Sweet Water (Pack of 6) Method Hands & Nails Beauty Skin Care Hand Soaps"
34-106-107-249,3,2,7513,B004O655DS,"Method Mickey Mouse Foaming Hand Wash 8.5oz, Lemonade (pack of 2) Method Hands & Nails Beauty Skin Care Hand Soaps"
36-1-147-184,3,0,2480,B000W9WZ34,"Maybelline New York Define-A-Lash Lengthening Washable Mascara, Very Black, 0.22 Fluid Ounce Maybelline This zero clump mascara elongates and accentuates for stunning length with clean definition. Patented shaped to the lash flexible brush. Ophthalmologist tested, contact lens safe. Makeup Beauty Eyes Mascara"
36-1-147-184,3,1,4113,B001KYRWP6,"Maybelline New York Define-A-Lash Lengthening Waterproof Mascara, Brownish Black 812, 0.22 Fluid Ounce Maybelline This zero clump mascara elongates and accentuates for stunning length with clean definition. Patented shaped-to-the-lash flexible brush. Ophthalmologist tested, contact lens safe. Makeup Beauty Eyes Mascara"
36-1-147-184,3,2,4124,B001KYVL2G,"Maybelline New York Define-A-Lash Lengthening Waterproof Mascara, Very Black 811, 0.22 Fluid Ounce Maybelline This zero clump mascara elongates and accentuates for stunning length with clean definition. Patented shaped-to-the-lash flexible brush. Ophthalmologist tested, contact lens safe. Makeup Beauty Eyes Mascara"
36-52-126-183,3,0,2178,B000S7ZTDI,"Maybelline New York Expert Wear Eyeshadow Singles, 30s Champagne Fizz Chic Naturals, 0.09 Ounce Maybelline Easy to use. Lots to choose. All day crease proof wear. Rich, velvety textures. Glides on effortlessly with superior smoothness. Velvet tip applicator blends without tugging or pulling. Safe for sensitive eyes and contact lens wearers, ophthalmologist tested. Sombra de ojos que dura todo el dia sin cuartearse. Makeup Eye Shadow Beauty Eyes"
36-52-126-183,3,1,2910,B0013NBW5A,"Maybelline New York Expert Wear Eyeshadow Singles, Vanilla 10S, 0.09 Ounce Maybelline Easy to use. Lots to choose. All day crease proof wear. Glides on effortlessly with superior smoothness. Velvet tip applicator blends without tugging or pulling. Safe for sensitive eyes and contact lens wearers, ophthalmologist tested. Sombra de ojos que dura todo el dia sin cuartearse. Makeup Eye Shadow Beauty Eyes"
36-52-126-183,3,2,6842,B0046VJU2I,"Maybelline New York Expert Wear Eyeshadow Singles, 225S Made for Mocha Stylish Smokes, 0.09 Ounce Maybelline Easy to use. Lots to choose. All day crease proof wear. Rich, velvety textures. Glides on effortlessly with superior smoothness. Velvet tip applicator blends without tugging or pulling. Safe for sensitive eyes and contact lens wearers, ophthalmologist tested. Sombra de ojos que dura todo el dia sin cuartearse. Makeup Eye Shadow Beauty Eyes"
37-206-12-179,3,0,6039,B003GYVTI4,"NYX Round Case Lipstick Lip Cream 595 Strawberry Milk NYX NYX Cosmetics Round Lipstick Lip Cream 595 Strawberry Milk.  A velvet-textured lipstick formulated with mineral oils to provide moisturizing benefits and rich colors.   NYX's top selling lipstick, the Round Lipstick offers long-lasting, non-smudging color. Makeup Beauty Lipstick Lips"
37-206-12-179,3,1,6066,B003HYMGJO,"NYX Round Case Lipstick Lip Cream 592 Baby Pink NYX NYX Cosmetics Round Lipstick Lip Cream 592 Baby Pink.  A velvet-textured lipstick formulated with mineral oils to provide moisturizing benefits and rich colors.   NYX's top selling lipstick, the Round Lipstick offers long-lasting, non-smudging color. Makeup Beauty Lipstick Lips"
37-206-12-179,3,2,6069,B003I3B3YI,"NYX Round Case Lipstick Lip Cream 529 Thalia NYX NYX Cosmetics Round Lipstick Lip Cream 529 Thalia.  A velvet-textured lipstick formulated with mineral oils to provide moisturizing benefits and rich colors.   NYX's top selling lipstick, the Round Lipstick offers long-lasting, non-smudging color. Makeup Beauty Lipstick Lips"
37-239-56-96,3,0,2245,B000TNOUA4,"Maybelline Dream Mousse Blush - Soft plum Maybelline Air soft formula provides luminous, long lasting color to cheeks. Glides on smoothly and blends easily for seamless color and a natural, radiant finish. Air whipped mousse delivers a satin soft feel on skin. Long wearing formula will not clog pores. Makeup Blush Beauty Face"
37-239-56-96,3,1,2246,B000TNQVJC,"Maybelline New York Dream Mousse Blush, 50 Cloud Wine, 0.2 Ounce Maybelline Air soft formula provides luminous, long lasting color to cheeks. Glides on smoothly and blends easily for seamless color and a natural, radiant finish. Air whipped mousse delivers a satin soft feel on skin. Long wearing formula will not clog pores. Makeup Blush Beauty Face"
37-239-56-96,3,2,4454,B001T8SBDK,"Maybelline New York Dream Mousse Blush, 60 Coffee Cake, 0.2 Ounce Maybelline Air soft formula provides luminous, long lasting color to cheeks. Glides on smoothly and blends easily for seamless color and a natural, radiant finish. Air whipped mousse delivers a satin soft feel on skin. Long wearing formula will not clog pores. Makeup Blush Beauty Face"
37-245-63-109,3,0,8257,B005GMY86O,"Wet N Wild Lipstick Red Velvet #910D Wet &#39;n Wild Wet N Wild Lipstick Red Velvet #910D. Lips take center stage! This 4-hour, longwearing lip color leaves a semi-matte, creme finish in one stroke, Glides on easily with rich, velvety color that doesn't cake, feather, or bleed. Made with hydrating skin-care ingredients, Hyaluronic Micro spheres. Wet n Wild silky-smooth conditioning lipstick formula is loaded with aloe and Vitamins A and E and glides on without feathering or bleeding. (0.11Oz) Makeup Beauty Lipstick Lips"
37-245-63-109,3,1,8259,B005GMYPJ4,"Wet N Wild Lipstick Cherry Bomb #918D Wet &#39;n Wild Wet N Wild Lipstick Cherry Bomb #918D. Lips take center stage! This 4-hour, longwearing lip color leaves a semi-matte, creme finish in one stroke, Glides on easily with rich, velvety color that doesn't cake, feather, or bleed. Made with hydrating skin-care ingredients, Hyaluronic Micro spheres. Wet n Wild silky-smooth conditioning lipstick formula is loaded with aloe and Vitamins A and E and glides on without feathering or bleeding. (0.11Oz) Makeup Beauty Lipstick Lips"
37-245-63-109,3,2,8262,B005GMYQ1Q,"Wet N Wild Lipstick Just Peachy #903C Wet &#39;n Wild Wet N Wild Lipstick Just Peachy #903C. Lips take center stage! This 4-hour, longwearing lip color leaves a semi-matte, creme finish in one stroke, Glides on easily with rich, velvety color that doesn't cake, feather, or bleed. Made with hydrating skin-care ingredients, Hyaluronic Micro spheres. Wet n Wild silky-smooth conditioning lipstick formula is loaded with aloe and Vitamins A and E and glides on without feathering or bleeding. (0.13 Oz) Makeup Beauty Lipstick Lips"
37-75-174-190,3,0,9127,B006UETC18,"Maybelline New York  Dream Bouncy Blush, Rose Petal, 0.19 Ounce Maybelline Dream bouncy blush's unique bouncy texture gives you the freshest flush ever the revolutionary powder-gel formula is lightweight like a powder, yet it melts seamlessly into skin like a cream, for a sheer wash of bouncy fresh color that lasts. Makeup Bronzers & Highlighters Beauty Face"
37-75-174-190,3,1,9129,B006UETDR6,"Maybelline New York Dream Bouncy Blush, Coffee Cake, 0.19 Ounce Maybelline Dream bouncy blush's unique bouncy texture gives you the freshest flush ever the revolutionary powder-gel formula is lightweight like a powder, yet it melts seamlessly into skin like a cream, for a sheer wash of bouncy fresh color that lasts. Makeup Bronzers & Highlighters Beauty Face"
37-75-174-190,3,2,9130,B006UETE5C,"Maybelline New York Dream Bouncy Blush, Candy Coral, 0.19 Oz Maybelline Dream bouncy blush's unique bouncy texture gives you the freshest flush ever the revolutionary powder-gel formula is lightweight like a powder, yet it melts seamlessly into skin like a cream, for a sheer wash of bouncy fresh color that lasts. Makeup Bronzers & Highlighters Beauty Face"
37-78-198-212,3,0,5087,B002MJG5T2,"Maybelline New York Colorsensational Lip Gloss, Born with It 015, 0.23 Fluid Ounce Maybelline Fall in love with color, all over again:  sophisticated color and shine from pure pigments.  Luxurious feel from nourishing honey nectar. Makeup Beauty Lips Lip Glosses"
37-78-198-212,3,1,5494,B00303STIY,"Maybelline New York Colorsensational Lip Gloss, Broadway Bronze 315, 0.23 Fluid Ounce Maybelline Fall in love with color, all over again:  sophisticated color and shine from pure pigments.  Luxurious feel from nourishing honey nectar. Makeup Beauty Lips Lip Glosses"
37-78-198-212,3,2,5512,B0030GTYM6,"Maybelline New York Colorsensational Lip Gloss, Plum-tastic 415, 0.23 Fluid Ounce Maybelline Fall in love with color, all over again:  sophisticated color and shine from pure pigments.  Luxurious feel from nourishing honey nectar. Makeup Beauty Lips Lip Glosses"
38-125-174-223,3,0,5324,B002UL10HO,Bdellium Tools Professional Antibacterial Makeup Brush Studio Line - Precision Kabuki Airbrushed Effect 957 Bdellium Tools This professional precision kabuki brush from Bdellium's studio line is hand-crafted with a yellow wood handle and an aluminum ferrule. Hand-crafted brushes. Professional anti-bacterial brushes. Eco-friendly products. Makeup Brushes & Tools Beauty Tools & Accessories Brushes & Applicators
38-125-174-223,3,1,5327,B002UL35B8,Bdellium Tools Professional Antibacterial Makeup Brush Studio Line - Large Natural Powder 980 Bdellium Tools This professional natural powder brush from Bdellium's studio line is hand-crafted with a yellow wood handle and an aluminum ferrule. Hand-crafted brushes. Professional anti-bacterial brushes. Eco-friendly products. Makeup Brushes & Tools Beauty Tools & Accessories Brushes & Applicators
38-125-174-223,3,2,5328,B002UL35I6,Bdellium Tools Professional Antibacterial Makeup Brush Studio Line - Contouring Face 945 This professional contour brush from Bdellium's studio line is hand-crafted with a yellow wood handle and an aluminum ferrule. Hand-crafted brushes. Professional anti-bacterial brushes. Eco-friendly products. Makeup Brushes & Tools Beauty Tools & Accessories Brushes & Applicators
38-125-22-173,3,0,5325,B002UL10HY,"Bdellium Tools Studio Line Duet Fiber Finishing Brush, Yellow This professional duet fiber finishing brush from Bdellium's studio line is hand-crafted with a yellow wood handle and an aluminum ferrule. Hand-crafted brushes. Professional anti-bacterial brushes. Eco-friendly products. Makeup Brushes & Tools Beauty Tools & Accessories Brushes & Applicators"
38-125-22-173,3,1,5330,B002UL53FO,"Bdellium Tools Studio Line Crease Brush, Yellow This professional crease brush from Bdellium's studio line is hand-crafted with a yellow wood handle and an aluminum ferrule. Hand-crafted brushes. Professional anti-bacterial brushes. Eco-friendly products. Makeup Brushes & Tools Beauty Tools & Accessories Brushes & Applicators"
38-125-22-173,3,2,7387,B004L0F4DS,"Bdellium Tools Studio Line Duet Fiber Foundation Brush, Yellow This professional duet fiber foundation brush from Bdellium's studio line is hand-crafted with a yellow wood handle and an aluminum ferrule. Hand-crafted brushes. Professional anti-bacterial brushes. Eco-friendly products. Makeup Brushes & Tools Beauty Tools & Accessories Brushes & Applicators"
40-44-61-180,3,0,5639,B0034RLFGE,"Bundle Monster 5 Nail Art Nailart Manicure Wheels w/ 3D Designs Glitters Rhinestones Beads - total over 7000pc Bundle Monster Our monster bundle includes 5 nail art wheels that contain a variety of glitters, rhinestones, and beads. Wheel contains 5 slots with glitters, 5 with rhinestones, and 2 with beads. Shapes and/or colors are mostly different in each slot; few designs might be repeated. Please expect substitution of colors/designs when the pictured ones are out of stock. Bigger monster bundle available in our Amazon storefront. Beauty Tools & Accessories Nail Art Equipment Nail Tools"
40-44-61-180,3,1,5640,B0034RNC7E,"Bundle Monster 10 Nail Art Nailart Manicure Wheels w/ 3D Designs Glitters Rhinestones Beads - total over 14000pc Bundle Monster Our monster bundle includes 10 nail art wheels that contain a variety of glitters, rhinestones, and beads. Wheel contains 5 slots with glitters, 5 with rhinestones, and 2 with beads. Shapes and/or colors are mostly different in each slot; few designs might be repeated. Please expect substitution of colors/designs when the pictured ones are out of stock. Beauty Tools & Accessories Nail Art Equipment Nail Tools"
40-44-61-180,3,2,5641,B0034RSNCS,"Bundle Monster 5 Nail Art Nailart Manicure Wheels w/ 3D Designs Glitters Rhinestones Beads - total over 7000pc Bundle Monster Our monster bundle includes 5 nail art wheels that contain a variety of glitters, rhinestones, and beads. Wheel contains 5 slots with glitters, 5 with rhinestones, and 2 with beads. Shapes and/or colors are mostly different in each slot; few designs might be repeated. Please expect substitution of colors/designs when the pictured ones are out of stock. Bigger monster bundle available in our Amazon storefront. Beauty Tools & Accessories Nail Art Equipment Nail Tools"
47-14-122-229,3,0,4383,B001RHZC26,"Nicole by OPI Nail Lacquer, Love Your Life, 0.5 Fluid Ounce OPI Nicole is the ultimate trendsetter's nail lacquer.  For the girl who wants the hottest colors and style, Nicole's long-wearing formula makes sure you're perfectly polished from head to toe!  Nicole is all about color and offers unique finishes and textures to nails.  An of course, it's from OPI, the world leader in nail care. Makeup Nails Beauty Nail Polish"
47-14-122-229,3,1,4985,B002JF4Q1S,"Nicole By Opi Nail Lacquer, It Starts With Me, 0.5-Fluid Ounce Nicole is the ultimate trendsetter's nail lacquer. For the girl who wants the hottest colors and style, Nicole's long-wearing formula makes sure you're perfectly polished from head to toe! Nicole is all about color and offers unique finishes and textures to nails. An of course, it's from OPI, the world leader in nail care. Makeup Nails Beauty Nail Polish"
47-14-122-229,3,2,5627,B0034JLST6,"Nicole by OPI Nail Lacquer, Make Mine Lime, 0.5 Fluid Ounce OPI Nicole is the ultimate trendsetter's nail lacquer.  For the girl who wants the hottest colors and style, Nicole's long-wearing formula makes sure you're perfectly polished from head to toe!  Nicole is all about color and offers unique finishes and textures to nails.  An of course, it's from OPI, the world leader in nail care. Makeup Nails Beauty Nail Polish"
47-14-125-203,3,0,2889,B0013GFECE,"Essie #280 Aruba Blue Essie Essie brings you a line of nail polish and effects that are the choice of celebrities and fashionistas everywhere. Her unique formula allows for chip resistant, long lasting, flawless coverage while delivering eye-popping colors and combinations. This polish is a fan favorite for models, celebrities, and even Princess Kate of England! Rock out your glamorous side with Essie! Makeup Nails Beauty Nail Polish"
47-14-125-203,3,1,9433,B007HSP5GC,"essie nail color polish, sure shot, .46 fl oz Essie Essie brings you a line of nail polish and effects that are the choice of celebrities and fashionistas everywhere. Her unique formula allows for chip resistant, long lasting, flawless coverage while delivering eye-popping colors and combinations. This polish is a fan favorite for models, celebrities, and even Princess Kate of England! Rock out your glamorous side with Essie! Makeup Nails Beauty Nail Polish"
47-14-125-203,3,2,9795,B00852JKK6,"Essie Summer Collection 2012 'Off the Shoulder'802 Essie Essie brings you a line of nail polish and effects that are the choice of celebrities and fashionistas everywhere. Her unique formula allows for chip resistant, long lasting, flawless coverage while delivering eye-popping colors and combinations. This polish is a fan favorite for models, celebrities, and even Princess Kate of England! Rock out your glamorous side with Essie! Makeup Nails Beauty Nail Polish"
47-169-68-1,3,0,1534,B000I4YTDW,"OPI: Lacquer NLB56 Mod About You, 0.5 oz OPI Nothing completes a look more beautifully than nails wearing the seasons most significant colors. Changing a Nail Lacquer shade can change a womans entire look _ and her outlook. With over 200 shades, you are sure to find what you're looking for.OPI Nail Lacquers contain everything you want, nothing you don't. OPI Nail Lacquers contain no DBP, toluene or formaldehyde and they are not tested on animals. Lacquers feature OPI's exclusive ProWide Brush. Makeup Nails Beauty Nail Polish"
47-169-68-1,3,1,1866,B000O1DHL4,"OPI: Lacquer NLL54 Big Apple Red, 0.5 oz OPI Nothing completes a look more beautifully than nails wearing the seasons most significant colors. Changing a Nail Lacquer shade can change a womans entire look _ and her outlook. With over 200 shades, you are sure to find what you're looking for.OPI Nail Lacquers contain everything you want, nothing you don't. OPI Nail Lacquers contain no DBP, toluene or formaldehyde and they are not tested on animals. Lacquers feature OPI's exclusive ProWide Brush. Makeup Nails Beauty Nail Polish"
47-169-68-1,3,2,2896,B0013K3G02,"OPI: Lacquer NLS63 Chicago Champagne Toast, 0.5 oz OPI Nothing completes a look more beautifully than nails wearing the seasons most significant colors. Changing a Nail Lacquer shade can change a womans entire look  and her outlook. With over 200 shades, you are sure to find what you're looking for.OPI Nail Lacquers contain everything you want, nothing you don't. OPI Nail Lacquers contain no DBP, toluene or formaldehyde and they are not tested on animals. Lacquers feature OPI's exclusive ProWide Brush. Makeup Nails Beauty Nail Polish"
47-98-73-117,3,0,11039,B00BAVOZYK,"OPI: Lacquer E74 You're Such A Budapest, 0.5 oz OPI Celebrating a region where history meets modern design, the Euro Centrale by OPI for Spring/Summer 2013 collection's 12 new lacquers offer a mix of glamorous metallic hues along with playful bright shades in periwinkle, aqua and pink and creamy blues in indigo, midnight and aubergine. Makeup Nails Beauty Nail Polish"
47-98-73-117,3,1,11040,B00BAVQZ5W,"OPI: Lacquer E75 Can't Find My Czechbook, 0.5 oz OPI Celebrating a region where history meets modern design, the Euro Centrale by OPI for Spring/Summer 2013 collection's 12 new lacquers offer a mix of glamorous metallic hues along with playful bright shades in periwinkle, aqua and pink and creamy blues in indigo, midnight and aubergine. Makeup Nails Beauty Nail Polish"
47-98-73-117,3,2,11042,B00BAY5T1K,"OPI: Lacquer E72 Eurso Euro, 0.5 oz OPI Celebrating a region where history meets modern design, the Euro Centrale by OPI for Spring/Summer 2013 collection's 12 new lacquers offer a mix of glamorous metallic hues along with playful bright shades in periwinkle, aqua and pink and creamy blues in indigo, midnight and aubergine. Makeup Nails Beauty Nail Polish"
69-18-198-144,3,0,10328,B009A0VMKI,Yesurprise Silver Rose Flower 10 pieces Silver 3D Alloy Nail Art Slices Glitters DIY Decorations Vip Beauty Shop Yesurprise Silver Rose Flower 10 pieces Silver 3D Alloy Nail Art Slices Glitters DIY Decorations Makeup Nails Beauty Nail Art
69-18-198-144,3,1,10329,B009A0VT1K,Yesurprise Special Silver White Bow Tie 10 pieces Silver 3D Alloy Nail Art Slices Glitters DIY Decorations Vip Beauty Shop Yesurprise Special Silver White Bow Tie 10 pieces Silver 3D Alloy Nail Art Slices Glitters DIY Decorations Makeup Nails Beauty Nail Art
69-18-198-144,3,2,10330,B009A0VXT8,Yesurprise Special Silver Black Bow Tie 10 pieces Silver 3D Alloy Nail Art Slices Glitters DIY Decorations Zupishi Yesurprise Special Silver Black Bow Tie 10 pieces Silver 3D Alloy Nail Art Slices Glitters DIY Decorations Makeup Nails Beauty Nail Art
69-32-31-177,3,0,2657,B000ZV5SLK,Konad Stamping Nail Art Image Plate - M19 KONAD Nail Art Konad Stamping Nail Art Image Plate - M19 Beauty Tools & Accessories Nail Art Equipment Nail Tools
69-32-31-177,3,1,6080,B003I810EQ,Konad Stamping Nail Art Image Plate - M79 KONAD Nail Art Konad Stamping Nail Art Image Plate - M79 Beauty Tools & Accessories Nail Art Equipment Nail Tools
69-32-31-177,3,2,8905,B006H2ZASC,Konad Stamping Nail Art Image Plate - M73 KONAD Nail Art Konad Stamping Nail Art Image Plate - M73 Beauty Tools & Accessories Nail Art Equipment Nail Tools
76-105-112-253,3,0,11896,B00HSNWXTI,"Caress Body Wash, Aqua Sparkle, 18 Ounce Caress Experience freshness like never before with caress aqua sparkle, infused with lilac blossom and aquamarine essence. Sparkling scents surprise your senses while lush, invigorating lather envelops your skin leaving it delicately scented and beautifully fresh. Beauty Body Washes Bath & Body Cleansers"
76-105-112-253,3,1,11897,B00HSNWXV6,"Caress Body Wash, Juicy Escape, 18 Ounce Caress Experience freshness like never before with caress juicy escape, infused with sun-kissed lily and pink grapefruit essence. Sparkling scents surprise your senses while lush, uplifting lather envelops your skin leaving it delicately scented and beautifully fresh. Beauty Body Washes Bath & Body Cleansers"
76-105-112-253,3,2,11900,B00HSNWXZM,"Caress Body Wash, Emerald Rush, 18 Ounce Caress Experience freshness like never before with caress emerald rush, infused with lush gardenia and white tea essence. Sparkling scents surprise your senses while lush, revitalizing lather envelops your skin leaving it delicately scented and beautifully fresh. Beauty Body Washes Bath & Body Cleansers"
80-144-177-251,3,0,9700,B007ZGM6A4,"niceEshop 1 Bag (100pcs)3D Mix Resin Rhinestone Glitter Bowknot Slice Nail Art Tips/Decals/Stickers DIY Decorations niceEshop Color: show as picture;niceEshop bulk packing with good quality new item.Package include:1 x bag (100pcs) of bow nail artPlease note:1> niceEshop(TM) is a worldwide registered trademark and the only authorized seller of niceEshop branded products.2> niceEshop(TM) items,packing,bar code and accessories are exclusive,any counterfeit niceEshop brand items and sellers should be prohibited.3> niceEshop provides various kinds of great products(Electronics,Home&Garden;,Beauty&Health;,Clothing,shoes& Sports outdoors...etc) at lowest prices, welcome to our store!!! Makeup Nails Beauty Nail Art"
80-144-177-251,3,1,10327,B009A0VGKY,"niceEshop Shiny Rhinestones Transparent Crystal Cross Shape Nail Stickers Decals Nail Art DIY Decorations niceEshop Color: show as picture;niceEshop bulk packing with good quality new item.Package include:1 x bag(10Pcs) of transparent crystal cross nail decals.Please note:1> niceEshop(TM) is a worldwide registered trademark and the only authorized seller of niceEshop branded products.2> niceEshop(TM) items,packing,bar code and accessories are exclusive,any counterfeit niceEshop brand items and sellers should be prohibited.3> niceEshop provides various kinds of great products(Electronics,Home&Garden;,Beauty&Health;,Clothing,shoes& Sports outdoors...etc) at lowest prices, welcome to our store!!! Makeup Nails Beauty Nail Art"
80-144-177-251,3,2,11443,B00DQ2ILQY,"niceEshop(TM) Stainless Steel Extension Eyelash Applicator Tool Fish Tail Clip-Silver niceEshop So useful:Extension Eyelash Applicator Clip is durable as made from stainless steel material.Very practical and easy to handle makeup Tools.Color:Silver Tone.(other similar Beauty Tools available, please visit our store for more )Package include:1 x Extension Eyelash Applicator ClipPlease note:1> niceEshop(TM) is a registered trademark and the only authorized seller of niceEshop branded products.2> niceEshop provide you various kinds of great products at the lowest possible prices, welcome to our store and get what you want !!!3> niceEshop highly appriciate all customers' opinions to improve the selling ,also if anything you unsatisfied, pls contact our customer service dapartment for probable best solution. Beauty Tools & Accessories Eyelash Tools Fake Eyelashes & Adhesives Makeup Brushes & Tools"
88-216-54-57,3,0,1269,B000FCY95A,"Vanicream Sunscreen Sport, Spf 35, 4-ounce Vanicream VanicreamTM Sunscreen Sport SPF 35 is a broad spectrum sunscreen that protects your skin throughout the UVA  spectrum and provides more protection than your natural sunburn protection (UVB). While all sunscreens protect your skin from the sun's burning UVB rays, VanicreamTM Sunscreen Sport SPF 35 contains zinc oxide, an ingredient that offers additional protection from the UVA rays which may contribute to skin damage and premature aging of the skin. This sunscreen also contains Vitamin E, a natural antioxidant which helps prevent damage to the skin by neutralizing free radicals produced when skin is exposed to the sun. Sun Beauty Sports Skin Protection Skin Care"
88-216-54-57,3,1,2332,B000V1QLEM,"Vanicream Sunscreen, Sensitive Skin, Spf 60, 4 Ounce VanicreamTM Sunscreen SPF 60 is a broad spectrum sunscreen that protect your skin throughout the UVA spectrum and provide more protection than your natural sunburn protection (UVB). While all sunscreens protect your skin from the sun's burning UVB rays, the SPF 60 sunscreen contain zinc oxide, an ingredient that offers additional protection from the UVA rays which may contribute to skin damage and premature aging of the skin. Antioxidants in the formulas help prevent damage to the skin by neutralizing free radicals produced when skin is exposed to the sun. Sun Beauty Sports Skin Protection Skin Care"
88-216-54-57,3,2,2642,B000ZJ2842,"Vanicream Sunscreen, Sensitive Skin, SPF 30, 4-Ounce, Vanicream VanicreamTM Sunscreen SPF 30 is a broad spectrum sunscreen that protect your skin throughout the UVA spectrum and provide more protection than your natural sunburn protection (UVB). While all sunscreens protect your skin from the sun's burning UVB rays, the SPF 30 sunscreen contain zinc oxide, an ingredient that offers additional protection from the UVA rays which may contribute to skin damage and premature aging of the skin. Antioxidants in the formulas help prevent damage to the skin by neutralizing free radicals produced when skin is exposed to the sun.                                                                                                                                                     Active Ingredients: SPF 30: titanium dioxide 5%, zinc oxide 5%                                                                                                             Inactive ingredients: alumina, C12-15 alkyl benzoate, caprylic/capric triglyceride, cetearyl isononanoate, cetyl alcohol, isopropyl titanium triisostearate/triethoxycaprylylsilane crosspolymer, magnesium sulfate, methylpropanediol, PEG-12 dimethicone, PEG-30 dipolyhydroxystearate, phenyl trimethicone, polyethylene, polyhydroxystearic acid, purified water, sodium ascorbyl phosphate, stearyl dimethicone, tetrasodium EDTA, tocopheryl acetate, triethoxycaprylylsilane Sun Beauty Sports Skin Protection Skin Care"
91-160-174-40,3,0,11048,B00BB5YHFC,Remington HC5850 Virtually Indestructible Haircut Kit Remington Beauty Styling Tools Hair Cutting Kits Hair Care
91-160-174-40,3,1,11049,B00BB5YHFW,Remington HC5950 Touch Control Haircut Kit Remington Beauty Styling Tools Hair Cutting Kits Hair Care
91-160-174-40,3,2,11352,B00CYDSAO4,TS-2 Millennium Professional Flat Iron TS-2 Hair Care Flattening Irons Beauty Irons Styling Tools
93-219-208-98,3,0,7871,B004ZT0CQO,"OPI Nail Lacquer, White Shatter, 0.5 Fluid Ounce OPI The OPI Shatter shades creates a two-texture finish when used over nail lacquer. Makeup Nails Beauty Nail Polish"
93-219-208-98,3,1,7950,B00521MTNS,"OPI Nail Lacquer, Navy Shatter, 0.5 Fluid Ounce OPI The OPI Shatter shades creates a two-texture finish when used over nail lacquer. Makeup Nails Beauty Nail Polish"
93-219-208-98,3,2,7951,B00521QSJY,"OPI Nail Lacquer, Turquoise Shatter, 0.5 Fluid Ounce OPI The OPI Shatter shades creates a two-texture finish when used over nail lacquer. Makeup Nails Beauty Nail Polish"
97-216-248-6,3,0,3948,B001GIOV8C,"Burt's Bees Naturally Ageless Night Creme, 2-Ounce Jar Burt&#39;s Bees How to determine the expiration date:The lot code is six to seven  digits long and starts with a 0, 1, 2 or 3. To read the lot code, the  first three numbers are the day of the year the product was made (aka  Julian Date). The next two digits are the year, and the last two digits  are a batch number we use internally for identification. For example,  lot code 0400901 translates to a product made on February 9, 2009 from  Batch Number 1. Beauty Skin Care Treatments & Masks Face"
97-216-248-6,3,1,4870,B002DPUY5Q,"Burt's Bees Radiance Eye Cream, 0.5 Ounces Burt&#39;s Bees How to determine the expiration date:The lot code is six to seven digits long and starts with a 0, 1, 2 or 3. To read the lot code, the first three numbers are the day of the year the product was made (aka Julian Date). The next two digits are the year, and the last two digits are a batch number we use internally for identification. For example, lot code 0400901 translates to a product made on February 9, 2009 from Batch Number 1. Beauty Eyes Skin Care Creams"
97-216-248-6,3,2,10015,B008HBMVZ6,"Burt's Bees Intense Hydration Night Cream, 1.8 Ounces Burt&#39;s Bees How to determine the expiration date:The lot code is six to seven  digits long and starts with a 0, 1, 2 or 3. To read the lot code, the  first three numbers are the day of the year the product was made (aka  Julian Date). The next two digits are the year, and the last two digits  are a batch number we use internally for identification. For example,  lot code 0400901 translates to a product made on February 9, 2009 from  Batch Number 1. Creams & Moisturizers Beauty Night Creams Face Skin Care"
0-78-10-11,2,0,10004,B008GSY7UM,"Jerdon JGL10W Euro Tabletop Tri-Fold Two-Sided Lighted Makeup Mirror with 5x Magnification and 4-Light Settings, White Finish Jerdon Mirrors Beauty Tools & Accessories Makeup Mirrors"
0-78-10-11,2,1,10762,B00AK4QS7A,"Jerdon JGL7W Euro Tabletop Two-Sided Lighted Makeup Mirror with 5x Magnification and 4-Light Settings, White Finish Jerdon Mirrors Beauty Tools & Accessories Makeup Mirrors"
1-228-227-67,2,0,781,B0009OAGT2,"Escape by Calvin Klein for Women, Eau De Parfum Spray, 1.7 Ounce Calvin Klein Introduced in 1991. Fragrance notes: apple, mandarin, rose, plum, peach, and finishes with musk and sandalwood. Recommended use: romantic.When&#xA0;applying&#xA0;any fragrance please consider that there are several factors which can affect the natural smell of your skin and, in turn, the way a scent smells on you.&#xA0; For instance, your mood, stress level, age, body chemistry,&#xA0;diet, and current medications may all alter the scents you wear.&#xA0;&#xA0;Similarly, factor such as dry or oily&#xA0;skin can even affect the amount of time a fragrance will last after being applied Fragrance Women's Beauty Eau de Parfum"
1-228-227-67,2,1,1082,B000C2105U,"Contradiction by Calvin Klein for Men, Eau De Toilette Spray, 1.7 Ounce Calvin Klein Introduced in 1998. Fragrance notes: lime, leaves, sage, nutmeg, vetiver and sandalwood. Recommended use: daytime.When&#xA0;applying&#xA0;any fragrance please consider that there are several factors which can affect the natural smell of your skin and, in turn, the way a scent smells on you.&#xA0; For instance, your mood, stress level, age, body chemistry,&#xA0;diet, and current medications may all alter the scents you wear.&#xA0;&#xA0;Similarly, factor such as dry or oily&#xA0;skin can even affect the amount of time a fragrance will last after being applied Fragrance Beauty Eau de Toilette Men's"
1-60-198-138,2,0,785,B0009OAH0A,"Jessica Mcclintock By Jessica Mcclintock For Women. Eau De Parfum Spray 1.7 Oz. Jessica McClintock Introduced in 1987. Fragrance notes: citrus notes of lemon, along with basil, white rose, and white jasmine. Recommended use: daytime.When&#xA0;applying&#xA0;any fragrance please consider that there are several factors which can affect the natural smell of your skin and, in turn, the way a scent smells on you.&#xA0; For instance, your mood, stress level, age, body chemistry,&#xA0;diet, and current medications may all alter the scents you wear.&#xA0;&#xA0;Similarly, factor such as dry or oily&#xA0;skin can even affect the amount of time a fragrance will last after being applied Fragrance Women's Beauty Eau de Parfum"
1-60-198-138,2,1,988,B000BTO6CI,"Jessica Mcclintock By Jessica Mcclintock For Women. Eau De Parfum Spray 3.4 Oz. Jessica McClintock Introduced in 1987. Fragrance notes: citrus notes of lemon, along with basil, white rose, and white jasmine. Recommended use: daytime.When&#xA0;applying&#xA0;any fragrance please consider that there are several factors which can affect the natural smell of your skin and, in turn, the way a scent smells on you.&#xA0; For instance, your mood, stress level, age, body chemistry,&#xA0;diet, and current medications may all alter the scents you wear.&#xA0;&#xA0;Similarly, factor such as dry or oily&#xA0;skin can even affect the amount of time a fragrance will last after being applied Fragrance Women's Beauty Eau de Parfum"
1-60-198-229,2,0,808,B0009OAIE0,"Pleasures by Estee Lauder for Women, Eau De Toilette Spray, 1.7 Ounce Estee Lauder Introduced in 1995. Fragrance notes: lilies and violets, roses and peonies, with other exotic blossoms and fragrant woods. Recommended use: daytime.When&#xA0;applying&#xA0;any fragrance please consider that there are several factors which can affect the natural smell of your skin and, in turn, the way a scent smells on you.&#xA0; For instance, your mood, stress level, age, body chemistry,&#xA0;diet, and current medications may all alter the scents you wear.&#xA0;&#xA0;Similarly, factor such as dry or oily&#xA0;skin can even affect the amount of time a fragrance will last after being applied Fragrance Women's Beauty Eau de Parfum"
1-60-198-229,2,1,1095,B000C231SE,"Claiborne by Liz Claiborne for Women, Eau De Toilette Spray, 3.4-Ounce Liz Claiborne Introduced in 1986. Fragrance notes: greens and white lily.  Accompanied by fruity notes of mandarin and fresh citrus. Recommended use: daytime.When&#xA0;applying&#xA0;any fragrance please consider that there are several factors which can affect the natural smell of your skin and, in turn, the way a scent smells on you.&#xA0; For instance, your mood, stress level, age, body chemistry,&#xA0;diet, and current medications may all alter the scents you wear.&#xA0;&#xA0;Similarly, factor such as dry or oily&#xA0;skin can even affect the amount of time a fragrance will last after being applied Fragrance Women's Beauty Eau de Toilette"
100-114-150-82,2,0,3339,B001A3RXN8,Nubian Heritage Raw Shea Butter Lotion 8 oz 8 oz Lotion Nubian Heritage Raw Shea Butter Lotion by Nubian Heritage 8 oz Lotion Raw Shea Butter Lotion The Nubian Heritage Raw Shea Butter Collection are recipes of essential vitamins skin and hair-nourishing ingredients including Vitamins E and B-5 Soy Milk Jojoba Oil Cocoa Butter and Macadamia Seed Oil. The unique formulas are infused with a special essential oil blend of Frankincense Myrrh Cardamom Ginger and Black Pepper that adds an aromatic experience and skin-healing properties. Frankincense is known for its toning and anti-aging properties and adds aroma therapeutic benefits promoting mental strength clarity and balance while Myrrh is known as a superior cosmetic in early remedies and helps to heal chapped skin. Key Ingredients Raw Shea Butter Soy milk Vitamin E Frankincense and Myrrh Benefits Shea Butter in its purest form has the highest level of healing and rejuvenating properties. Soy milk and Vitamin E help to regenerate damaged tissue and promote quick healing of skin cells. Usage Healing for all Moisturizers Beauty Body Butter Body Skin Care
100-114-150-82,2,1,3744,B001ESE2KG,Nubian Heritage Raw Shea Butter Infused Shea Butter 4 oz Nubian Heritage Raw Shea Infused Shea Butter by Nubian Heritage 4 oz Cream Raw Shea Infused Shea Butter The Nubian Heritage Raw Shea Butter Collection are recipes of essential vitamins skin and hair-nourishing ingredients including Vitamins E and B-5 Soy Milk Jojoba Oil Cocoa Butter and Macadamia Seed Oil. The unique formulas are infused with a special essential oil blend of Frankincense Myrrh Cardamom Ginger and Black Pepper that adds an aromatic experience and skin-healing properties. Frankincense is known for its toning and anti-aging properties and adds aroma therapeutic benefits promoting mental strength clarity and balance while Myrrh is known as a superior cosmetic in early remedies and helps to heal chapped skin. Key Ingredients Raw Shea Butter Soy milk Vitamin E Frankincense and Myrrh Benefits Shea Butter in its purest form has the highest level of healing and rejuvenating properties. Soy milk and Vitamin E help to regenerate damaged tissue and promote quick healing of skin cells. Usage heal Moisturizers Beauty Body Butter Body Skin Care
100-117-69-111,2,0,7567,B004R3TBEC,"Noble Formula 2% Pyrithione Zinc Bar Soap Noble Formula 2% Pyrithione Zinc Bar Soap - Original Formulawas especially formulated for those with psoriasis, eczema and dry skin, although it is an excellent cleansing bar for any skin type or condition.In addition to pyrithione zinc (ZnP) NF Bar Soap also contains a high percentage of nourishing olive oil, moisturizing emu oil and a gently exfoliating oatmeal.Noble Formula Bar Soap is handmade, hand shaped and may vary slightly in size and shape, but will always equal or exceed 3.25 oz. Soaps Beauty Bath & Body Cleansers"
100-117-69-111,2,1,8679,B00606RORK,"2% Pyrithione Zinc Bar Soap - Noble Formula 3.25 oz Noble Formula 2% Pyrithione Zinc Bar Soapwas especially formulated for those with psoriasis, eczema and dry skin, although it is an excellent cleansing bar for any skin type or condition.In addition to pyrithione zinc (ZnP) NF Bar Soap also contains a high percentage of nourishing olive oil, moisturizing mango and cocoa butter and a gently exfoliating oatmeal.Noble Formula Bar Soap is handmade, hand shaped and may vary slightly in size and shape, but will always equal or exceed 3.25 oz.Vegan formula. Soaps Beauty Bath & Body Cleansers"
101-144-77-89,2,0,921,B000ASDX3S,"BaByliss Pro BAB2590 Porcelain Ceramic Straightening Iron with Removable Comb, 1.5 Inch BaBylissPRO BaByliss PRO Professional Porcelain Ceramic Straightening Iron emits negative Ions that smooth and relax hair.  Porcelain generates far infrared heat to protect hair's luster. Antistatic removable comb securely guides hair. Hair Care Flattening Irons Beauty Irons Styling Tools"
101-144-77-89,2,1,4509,B001UHN0FE,"BaByliss Pro BABP75S Porcelain Ceramic Spring Curling Iron, 0.75 Inch BaBylissPRO BaByliss PRO Professional Porcelain Ceramic Curling Iron emits negative Ions that smooth and relax hair.  Porcelain generates far infrared heat to protect hair's luster. Curling Irons Hair Care Beauty Irons Styling Tools"
101-172-146-78,2,0,12025,B00JMJ6E5A,"Revlon Rose Gold Professional Curling Iron, 1 Inch Revlon Introducing the all new Revlon rose gold professional curling iron. Rose gold technology is a combination of gold and copper that gives you the ultimate styling surface to create longer lasting styles. Gold and copper are great conductors of heat resulting in instant recovery and fast heat up. Features: High heat up to 400 F, 30 heat settings, 30 second fast heat up, professional swivel cord. Curling Irons Hair Care Beauty Irons Styling Tools"
101-172-146-78,2,1,12032,B00JR4FKGY,"Revlon Rose Gold Professional Curling Iron, 1-1/4 Inch Introducing the all new Revlon rose gold professional curling iron. Rose gold technology is a combination of gold and copper that gives you the ultimate styling surface to create longer lasting styles. Gold and copper are great conductors of heat resulting in instant recovery and fast heat up. Features: High heat up to 400 F, 30 heat settings, 30 second fast heat up, professional swivel cord. Curling Irons Hair Care Beauty Irons Styling Tools"
101-177-189-21,2,0,7912,B0050QJ1HM,"Remington CI5219 Instant Curls Ceramic Hair Curling Iron, 3/4 Inches This instant curling iron delivers high ceramic heat and protects against damage. it provides smooth, shiny, long lasting curls with less damage. Curling Irons Hair Care Beauty Irons Styling Tools"
101-177-189-21,2,1,7913,B0050QJ1YU,"Remington CI5232 Instant Curls Ceramic Hair Curling Iron, 1 1/4 Inches This instant curling iron delivers high ceramic heat and protects against damage. It provides smooth, shiny, long lasting curls with less damage. Curling Irons Hair Care Beauty Irons Styling Tools"
101-7-228-76,2,0,5992,B003FBI9KY,"Bed Head 3/4&quot; Spiral Iron Bed Head Want frizz-free, bouncy curls that last all day and night, then you will love bed head's 3/4 inch tourmaline ceramic spiral iron. tourmaline technology leaves you with ultimate shine, volume and healthier looking styles. ceramic technology provides gentle heat for shinier gentle spiral curls, the high heat preserves hair&#x2019;s natural moisture for styles without &#x201C;frizz&#x201D;. Curling Irons Hair Care Beauty Irons Styling Tools"
101-7-228-76,2,1,5993,B003FBI9LS,"Bed Head Deep Waver Bed Head Want frizz-free, bouncy waves that last all day and night, then you will love bed head's 3/4 inch tourmaline ceramic deep waver. tourmaline technology leaves you with frizz-free shiny styles. ceramic technology provides high, even heat that penetrates hair from the inside-out, helping hair retain natural moisture for &#x201C;frizz-free&#x201D; styles. Curling Irons Hair Care Beauty Irons Styling Tools"
102-196-72-212,2,0,5414,B002WTC38E,"Macadamia Oil Rejuvenating Shampoo, 10 ounces Bottle Macadamia Oil Macadamia rejuvenating shampoo is a moisturizing shampoo for all hair types and is excellent for dry, damaged hair. the rejuvenating shampoo gently cleanses the hair while weightlessly replenishing moisture and protecting the hair from environmental elements. Shampoos Beauty Hair Care"
102-196-72-212,2,1,6380,B003TX0BX6,"Rejuvenating Shampoo Unisex Shampoo by Macadamia, 33.8 Ounce Macadamia Macadamia Natural Oil Rejuvenating Shampoo is a moisturising shampoo for all hair types and is excellent for dry, damaged hair. The Rejuvenating Shampoo gently cleanses the hair while weightlessly replenishing moisture and protecting the hair from environmental elements. Shampoos Beauty Hair Care"
104-186-107-33,2,0,4128,B001KYVRSY,"Goody Colour Collection Contour Clips, Brunette, 6 Count Goody Colour Collection Goody Colour Collection is a complete line of color-complimentary hair accessories designed to blend in so your hair stands our not your hair accessory. Hair Care Beauty Styling Accessories Styling Tools Clips"
104-186-107-33,2,1,4451,B001T8S7SO,"Goody Colour Collection Metallic Finish Bobby Pin, Blonde, 50 Count Goody Colour Collection Goody Colour Collection is a complete line of color-complimentary hair accessories designed to blend in so your hair stands our not your hair accessory. Hair Care Beauty Hair Pins Styling Accessories Styling Tools"
104-253-39-196,2,0,9537,B007OT1R7K,"Vidal Sassoon Memory Foam Jaw Clip, 2 Count 2 memory foam jaw clips with wide tooth claws and small grips. They have a strong grip and adjust to hold all hair types from thick to thin. The memory foam helps hold the clips in place. Includes 2 clips, one each in black and brown. Hair Care Beauty Styling Accessories Styling Tools Clips"
104-253-39-196,2,1,9539,B007OT1SNI,"Vidal Sassoon Large Barrel Claw Clips, 2 Count Large Barrel Clips have a s ideal for easy hairdos. Use to hold bangs or small pieces of hair back from your face. The teeth are interlocking for a secure grip. Package includes 2 clips, 1 each black and brown. Hair Care Beauty Styling Accessories Styling Tools Clips"
104-72-139-67,2,0,630,B0006PS3XU,"Marianna Bobby Pins 1 lb. - Black Marianna Crimped for fast, smooth insertion and removal, these double-coated, smooth finish, super grip pins are safe for all hair, including perms. Synthetic rubber tips protect hair and scalp. holds hair and hairpieces in place and can be used to create a base of support for such styles as a French Twist or Chignon Ratt. Hair Care Beauty Hair Pins Styling Accessories Styling Tools"
104-72-139-67,2,1,631,B0006PS3Y4,"Marianna Bobby Pins 1 lb. - Brown Marianna Crimped for fast, smooth insertion and removal, these double-coated, smooth finish, super grip pins are safe for all hair, including perms. Synthetic rubber tips protect hair and scalp. holds hair and hairpieces in place and can be used to create a base of support for such styles as a French Twist or Chignon Ratt. Hair Care Beauty Hair Pins Styling Accessories Styling Tools"
104-74-238-142,2,0,11322,B00CP4QKT4,"Turbie Twist Microfiber Hair Towel (2 Pack) Light Pink - Dark Pink The Turbie Twist is a revolutionary product that allows one to be the ultimate multi-tasker while drying their hair. It's unique twist and loop system makes it the hair towel that stays in place. Featuring a tapered design the Turbie Twist allows for a perfect fit on all head sizes. It allows users to get dressed, apply make-up, and check email - all while drying their hair. Hair Care Beauty Styling Accessories Hair Drying Towels Styling Tools"
104-74-238-142,2,1,11323,B00CP4QZ8U,"Turbie Twist Microfiber Super Absorbent Hair Towel (2 Pack) Pink Leopard Prints The Turbie Twist is a revolutionary product that allows one to be the ultimate multi-tasker while drying their hair. It's unique twist and loop system makes it the hair towel that stays in place. Featuring a tapered design the Turbie Twist allows for a perfect fit on all head sizes. It allows users to get dressed, apply make-up, and check email - all while drying their hair. Hair Care Beauty Styling Accessories Hair Drying Towels Styling Tools"
104-81-250-142,2,0,5762,B00385WMIM,"Betty Dain Stylish Design Mold Resistant Shower Cap, The Hipster Collection, &quot;Flower Power&quot; Betty Dain The Betty Dain Hipster Collection of Stylish Shower Caps shown here in the pattern ""Flower Power"" offers a waterproof and mold-resistant shower cap that is oversized to fit thick or long hair. The Hipster Collection of Stylish Shower Caps is made from  frosted PEVA and comes with a colorful elastic lace trim. Additional patterns ""Tough Love"" and ""Hippie Chick"" available separately. Beauty Bath & Body Shower Caps Bathing Accessories"
104-81-250-142,2,1,5763,B00385WMJ6,"Betty Dain Stylish Design Mold Resistant Shower Cap, The Hipster Collection, &quot;Tough Love&quot; Betty Dain The Betty Dain Hipster Collection of Stylish Shower Caps shown here in the pattern ""Tough Love"" offers a waterproof and mold-resistant shower cap that is oversized to fit thick or long hair. The Hipster Collection of Stylish Shower Caps is made from  frosted PEVA and comes with a colorful elastic lace trim. Additional patterns ""Hippie Chick"" and ""Flower Power"" available separately. Beauty Bath & Body Shower Caps Bathing Accessories"
105-130-66-15,2,0,5263,B002SV5MBQ,Sexy Little Things NOIR by Victoria's Secret Eau De Parfum Spray 3.4 oz for Women Victoria&#39;s Secret Buy Victoria's Secret Women's Perfumes - Sexy Little Things Noir by Victoria's Secret for Women 3.4 oz Eau de Parfum Spray Moisturizers Beauty Body Lotions Skin Care
105-130-66-15,2,1,10454,B009NI9R86,"Vince Camuto Eau De Parfume Spray for Women, 3.4 Ounce Vince Camuto Buy Vince Camuto Women's Perfumes - Vince Camuto by Vince Camuto for Women 3.4 oz Eau de Parfum Spray Moisturizers Beauty Body Lotions Skin Care"
105-166-66-78,2,0,6065,B003HUJQN2,"Marc Jacobs Honey Eau de Parfum Spray for Women, 1.7 Ounce MARC JACOBS Buy Marc Jacobs Women's Perfumes - Marc Jacobs Honey for Women 1.7 oz Eau de Parfum Spray Moisturizers Beauty Body Lotions Skin Care"
105-166-66-78,2,1,11085,B00BF27PGY,"Adam Levine Eau de Parfum Spray for Women, 3.4 Ounce Adam Levine Buy Adam Levine Women's Perfumes - Adam Levine by Adam Levine for Women 3.4 oz Eau de Parfum Spray Moisturizers Beauty Body Lotions Skin Care"
105-170-199-67,2,0,1091,B000C21AC8,Fire &amp; Ice by Revlon for Women - 1.7 Ounce Cologne Spray Revlon Fire & Ice by Revlon for Women - 1.7 oz Cologne Spray Fragrance Women's Beauty Cologne
105-170-199-67,2,1,10234,B008YS8F7A,Bath &amp; Body Works Sweet On Paris Fine Fragrance Mist 8 oz (236 ML) Bath &amp; Body Works Bath & Body Works Sweet On Paris Fine Fragrance Mist 8 oz (236 ML) Fragrance Women's Beauty Body Sprays
105-170-75-152,2,0,604,B0006IXSG4,John Varvatos by John Varvatos for Men - 7 ml EDT Splash John Varvatos by John Varvatos for Men - 7 ml EDT Splash Fragrance Beauty Eau de Toilette Men's
105-170-75-152,2,1,3220,B0018DAUDK,Yacht Man Metal by Myrurgia for Men - 3.4 oz EDT Spray Myrurgia Yacht Man Metal by Myrurgia for Men - 3.4 oz EDT Spray Fragrance Beauty Eau de Toilette Men's
108-228-126-176,2,0,8858,B006EOCS1U,"Gelish U V Gel Nail Polish &quot;Sea Foam&quot; #01341 Harmony New from Hand & Nail Harmony comes Gelish Color Gels. The gels come in an array of colors, apply like polish, with twist cap and applicator, but are cured in a LED lamp in 30 seconds or in two minutes in traditional UV lamps, just like gels. Gelish stays on nails for three weeks with no chipping or peeling, and soak completely off in only 15 minutes. Makeup Nails Beauty Nail Polish"
108-228-126-176,2,1,8859,B006EPIJTE,"Gelish U V Gel Nail Polish &quot;Taffeta&quot; #01359 Harmony New from Hand & Nail Harmony comes Gelish Color Gels. The gels come in an array of colors, apply like polish, with twist cap and applicator, but are cured in a LED lamp in 30 seconds or in two minutes in traditional UV lamps, just like gels. Gelish stays on nails for three weeks with no chipping or peeling, and soak completely off in only 15 minutes. Makeup Nails Beauty Nail Polish"
108-245-197-192,2,0,11501,B00EA5ASEE,"108 CND - VINYLUX CREAM PUFF Weekly Polish Bright White Nail Coat Manicure 0.5oz CND Cosmetics What Is It

From the makers of CND Shellac (The Original Power Polish!) comes VINYLUX Weekly Polish, the new breakthrough nail polish that provides 7+ days of high gloss, chip-free wear, without the use of a base coat!

How It Works

The innovative self-adhering color coat system, eliminates the need for a base coat and dries in under nine minutes, saving you time and hassle. While other polishes deteriorate on your nails over time, VINYLUX endures and strengthens in resistance. The ProLight technology of the VINYLUX Top Coat creates a network of cross-linked polymer bonds that build resistance when exposed to natural light, effortlessly securing shine and resistance while you go about your day! Makeup Nails Beauty Nail Polish"
108-245-197-192,2,1,11502,B00EA5AXD0,"115 CND - VINYLUX GILDED PLEASURE Weekly Polish Coat Nail Gold Blue Color 0.5 oz CND Cosmetics What Is It

From the makers of CND Shellac (The Original Power Polish!) comes VINYLUX Weekly Polish, the new breakthrough nail polish that provides 7+ days of high gloss, chip-free wear, without the use of a base coat!

How It Works

The innovative self-adhering color coat system, eliminates the need for a base coat and dries in under nine minutes, saving you time and hassle. While other polishes deteriorate on your nails over time, VINYLUX endures and strengthens in resistance. The ProLight technology of the VINYLUX Top Coat creates a network of cross-linked polymer bonds that build resistance when exposed to natural light, effortlessly securing shine and resistance while you go about your day! Makeup Nails Beauty Nail Polish"
108-248-8-151,2,0,10421,B009IROKBQ,"IBD Just Gel SOLAR RAYS Soak Off Yellow Nail Polish UV Manicure .5 oz Salon LED IBD IBD introduces just gel, the strong 100% pure gel formula that wears like a classic true gel. Apply it just like polish and be rewarded with richer, more even color. This versatile gel polish cures quickly under either LED or UV light. It also protects natural nails with stronger, long-lasting wear. Gel removal is simple as well. Remove Just Gel Polish easily in just 10 minutes with no mess and no fuss.Instructions:File and shape nailRemove and push back cuticleBuff nail to remove shine and dustApply foundation and cure 1 minuteApply thin coat of color to nails and cure for 2 minutesApply second coat of color and cure for 2 minutesApply top coat and cure for 2 minutesCleanse nail to ensure mirror finish Makeup Nails Beauty Nail Polish"
108-248-8-151,2,1,10426,B009IRONDG,"IBD Just Gel MOLLY Soak Off Neon Purple Nail Polish UV Manicure .5 oz Salon LED IBD IBD introduces just gel, the strong 100% pure gel formula that wears like a classic true gel. Apply it just like polish and be rewarded with richer, more even color. This versatile gel polish cures quickly under either LED or UV light. It also protects natural nails with stronger, long-lasting wear. Gel removal is simple as well. Remove Just Gel Polish easily in just 10 minutes with no mess and no fuss.Instructions:File and shape nailRemove and push back cuticleBuff nail to remove shine and dustApply foundation and cure 1 minuteApply thin coat of color to nails and cure for 2 minutesApply second coat of color and cure for 2 minutesApply top coat and cure for 2 minutesCleanse nail to ensure mirror finish Makeup Nails Beauty Nail Polish"
108-248-8-6,2,0,10420,B009IROJU8,"IBD Just Gel MAUI SUNSET Soak Off Red Shimmer Nail Polish UV Manicure .5oz Salon IBD IBD introduces just gel, the strong 100% pure gel formula that wears like a classic true gel. Apply it just like polish and be rewarded with richer, more even color. This versatile gel polish cures quickly under either LED or UV light. It also protects natural nails with stronger, long-lasting wear. Gel removal is simple as well. Remove Just Gel Polish easily in just 10 minutes with no mess and no fuss.Instructions:File and shape nailRemove and push back cuticleBuff nail to remove shine and dustApply foundation and cure 1 minuteApply thin coat of color to nails and cure for 2 minutesApply second coat of color and cure for 2 minutesApply top coat and cure for 2 minutesCleanse nail to ensure mirror finish Makeup Nails Beauty Nail Polish"
108-248-8-6,2,1,10423,B009IROLBU,"IBD Just Gel BLUE HAVEN Soak Off Blue Nail Polish UV Manicure .5oz Salon Quality IBD IBD introduces just gel, the strong 100% pure gel formula that wears like a classic true gel. Apply it just like polish and be rewarded with richer, more even color. This versatile gel polish cures quickly under either LED or UV light. It also protects natural nails with stronger, long-lasting wear. Gel removal is simple as well. Remove Just Gel Polish easily in just 10 minutes with no mess and no fuss.Instructions:File and shape nailRemove and push back cuticleBuff nail to remove shine and dustApply foundation and cure 1 minuteApply thin coat of color to nails and cure for 2 minutesApply second coat of color and cure for 2 minutesApply top coat and cure for 2 minutesCleanse nail to ensure mirror finish Makeup Nails Beauty Nail Polish"
108-6-187-139,2,0,6463,B003VMJ01Y,"Harmony Gelish UV Soak Off Gel Polish Rendezvous Gelish This color gel is conveniently designed by ""Gelish by Harmony"" with a twist cap and applicator brush, apply like polishes, and cured under UV lamp. Color gels are meant to use on natural nails. These products are made to satisfy natural-nail wearers who long wish their color would last for more than two weeks. Color gels will stay on nails for three weeks with no chipping or peeling, and soak completely off in only 15 minutes. Makeup Nails Beauty Nail Polish"
108-6-187-139,2,1,6477,B003VMXH1S,"Harmony Gelish UV Soak Off Gel Polish Exhale Gelish This color gel is conveniently designed by ""Gelish by Harmony"" with a twist cap and applicator brush, apply like polishes, and cured under UV lamp. Color gels are meant to use on natural nails. These products are made to satisfy natural-nail wearers who long wish their color would last for more than two weeks. Color gels will stay on nails for three weeks with no chipping or peeling, and soak completely off in only 15 minutes. Makeup Nails Beauty Nail Polish"
108-6-190-38,2,0,7477,B004NMTMUK,"Harmony Gelish UV Soak Off Gel Polish High Voltage Harmony This color gel is conveniently designed by ""Gelish by Harmony"" with a twist cap and applicator brush, apply like polishes, and cured under UV lamp. Color gels are meant to use on natural nails. These products are made to satisfy natural-nail wearers who long wish their color would last for more than two weeks. Color gels will stay on nails for three weeks with no chipping or peeling, and soak completely off in only 15 minutes. Makeup Nails Beauty Nail Polish"
108-6-190-38,2,1,7633,B004T49ZEK,"Harmony Gelish UV Soak Off Gel Polish Jet Set Harmony This color gel is conveniently designed by ""Gelish by Harmony"" with a twist cap and applicator brush, apply like polishes, and cured under UV lamp. Color gels are meant to use on natural nails. These products are made to satisfy natural-nail wearers who long wish their color would last for more than two weeks. Color gels will stay on nails for three weeks with no chipping or peeling, and soak completely off in only 15 minutes. Makeup Nails Beauty Nail Polish"
108-78-9-184,2,0,6460,B003VMF5S6,"Harmony Gelish Uv Soak Off Gel Polish -Bronzed (0.5 Oz) Gelish Gelish will last on the nails for up to 3 weeks with a shine, no chipping, no peeling, no maintenance! It looks completely natural while protecting the natural nail Makeup Nails Beauty Nail Polish"
108-78-9-184,2,1,6476,B003VMW2B4,"Harmony Gelish Uv Soak Off Gel Polish -Vegas Nights (0.5 Oz) Harmony Gelish will last on the nails for up to 3 weeks with a shine, no chipping, no peeling, no maintenance! I tlooks completely natural while protecting the natural nail Makeup Nails Beauty Nail Polish"
110-100-75-142,2,0,9573,B007ROCY2O,"Professional Salon Hair Steamer with Rolling Floor Stand Base This hair steamer is lightweight and economical, and is loaded with professional functions and features. Premium, stainless-steel coil and 650 watts of heating power produce superb steam vapor. Tank-style, heavy-duty water reservoir (capacity of 32 ounces) for easy filling; simply remove reservoir from top of steamer, unscrew the cap, fill the tank with water, replace the cap and set on top of the steamer. Water is automatically drawn into the high-strength, shatterproof acrylic heating chamber as needed (designed for operation with ordinary tap water; distilled water is not required). Two power levels; use the high setting when beginning treatment for fast, maximum steam production, then use the lower level to maintain a moderate amount of steam for the duration of the treatment. Bonnet hood is made from durable tinted acrylic and is generously sized (12"" diameter opening, 10"" deep). Located inside the hood is a 17"" long diffuser used to provide for even steam distribution throughout. Three vent holes with an adjustable control allow refinement of the steam level. Rolled lip along the lower edge of the hood collects condensate and deposits it into a removable collection jar (included) located at the base of the hood. Height is adjustable from 37"" to 49"" (measured from the floor to the top of the water reservoir). The hood swivels completely and tilts 90-degrees so it can be positioned as desired, accommodating all types of chairs. Easy-rolling casters/wheels allow smooth mobility. Thermal overload circuitry to turn off steamer if water level drops too low, however never allow any steamer to run dry or be operated while unattended. Includes complete hair steamer, grounded power cord (120 volt use only), reservoir, 26"" diameter rolling base and instructions. Minor assembly required. Hair Dryers Beauty Styling Tools Hair Care"
110-100-75-142,2,1,9576,B007ROD2P2,"Salon Facial Steamer with Ozone and Aromatherapy This portable facial steamer is lightweight and economical, yet it's loaded with professional functions and features. The steamer features two operating modes: steam only or steam with ozone. The steam and ozone (UV) functions have their own on/off switches with lighted indicators. The funnel-shaped water inlet and rubber plug at the top of the unit makes this steamer easy to refill without drips or splashes, and without needing to remove the shatterproof acrylic water reservoir (22 ounce capacity reservoir is removable for cleaning if needed). This steamer is designed to be used with ordinary tap water and automatic circuitry turns off the steamer if the water level drops too low. Premium stainless-steel coil and 750 watts of heating power provide for superb steam production, and the curved, venture-shaped nozzle allows for even misting. This facial machine houses a premium, long-life, germicidal ultraviolet bulb. This bulb outputs a disinfectant light that kills most micro-organisms. The UV rays (commonly referred to as ""ozone"") from this bulb sterilize the steam as it passes through the unit. The unit sits on 23"" diameter base with five smooth-rolling swivel casters and the height is adjustable from 35"" to 46"" (measured from the floor to the top of the steamer arm). Included is the complete steamer with stand and reservoir, grounded power cord (120 volt, 6 feet long) and instructions. Beauty Skin Care Face"
110-133-146-254,2,0,161,B00006IV22,"Conair 1875 Watt Dual Voltage Folding Handle Hair Dryer Conair The conair ion shine travel ionic styler is compact and lightweight for easy and convenient travel. featuring the patented &#x201C;twist it&#x201D; folding handle, this styler can fit just about anywhere. featuring ionic technology with 2 heat and speed settings this styler can provide ample and even heat. the cool shot button makes this a versatile styler for unique hairstyles. it even features dual voltage for travel around the world. so don&#x2019;t let a bulky hair styler get in the way between you and your travels with the conair ion shine travel ionic styler. Hair Dryers Beauty Styling Tools Hair Care"
110-133-146-254,2,1,565,B00065AFFE,"Conair 1875 Watt Ergonomic Handle Hair Dryer Conair The conair 1875 watt dryer is a full size styler with 2 heat and speed settings for versatile styling. the ergonomic handle with nonslip ridges provides comfortable and safe use while the 1875 watts provide ample and even heat. it&#x2019;s lightweight and convenient and features a cool shot button to lock your favorite style into place. with the handy slide switch, it&#x2019;s easy to interchange the hot, warm and cool settings. the conair&#xAE; 1875 watt dryer is perfect for all your hair styling needs. Hair Dryers Beauty Styling Tools Hair Care"
112-106-16-84,2,0,11961,B00IJZJ9K0,"Replacement Brush Head for Sensitive Cleansing - (Generic) Twin Pack - 100% Money Back Guarantee Love&#39;s Health Twin Pack Generic Sensitive brush heads are designed for sensitive skin but are great for all skin types. With daily use, these Generic Sensitive Skin Care Brush Heads leave the skin feeling and looking smoother while increasing circulation and product absorption for improved cleansing and nourishment of treated area. Beauty Skin Care Face"
112-106-16-84,2,1,11962,B00IJZMXT4,"Replacement Brush Head for Deep Pore Cleansing - (Generic) Twin Pack - 100% Money Back Guarantee Twin Pack Generic Deep Pore brush heads are designed for all skin types. With daily use, these Generic Deep Pore Brush Heads leave the skin feeling and looking smoother while increasing circulation and product absorption for improved cleansing and nourishment of treated area. Beauty Skin Care Face"
113-24-152-24,2,0,7473,B004NJ8WFO,"BriteLeafs Face and Body Ultra Clean Brush 4-in-1 SPA Cleansing System, Waterproof and Cordless This microdermabrasion rotating face and body cleaning system helps keep your skin looking younger and more vibrant.

This face and body SPA cleansing system uses a rotating brush to help keep your skin looking younger and healthier. The microdermabrasion spinning head removes embedded dirt and oil, resulting in healthier, more beautiful skin. Remarkably gentle for cleansing all skin types, including sensitive skin conditions such as rosacea and acne. Your pores appear smaller, fine lines and wrinkles appear reduced and your skin tone and texture improves . The rotating action polishes away aged skin and rejuvenates tissues while it smoothes away stress lines, sun and time. Helps reduce the appearance of fine lines, wrinkles, enlarged pores, superficial sun damage, superficial scars and age spots. Comes with 4 reusable applicators including a large brush, small brush, face sponge and pumice stone Beauty Skin Care Face"
113-24-152-24,2,1,11295,B00CKDEIVC,"Gurin Face and Body Ultra Clean Brush 4-in-1 SPA Cleansing System, Waterproof and Cordless&nbsp; This microdermabrasion rotating face and body cleaning system helps keep your skin looking younger and more vibrant. This face and body SPA cleansing system uses a rotating brush to help keep your skin looking younger and healthier. The microdermabrasion spinning head removes embedded dirt and oil, resulting in healthier, more beautiful skin. Remarkably gentle for cleansing all skin types, including sensitive skin conditions such as rosacea and acne. Your pores appear smaller, fine lines and wrinkles appear reduced and your skin tone and texture improves . The rotating action polishes away aged skin and rejuvenates tissues while it smoothes away stress lines, sun and time. Helps reduce the appearance of fine lines, wrinkles, enlarged pores, superficial sun damage, superficial scars and age spots. Comes with 4 reusable applicators including a large brush, small brush, face sponge and pumice stone. Beauty Skin Care Face"
113-24-228-50,2,0,4348,B001QOGXO6,"Clarisonic Pro Professional 4-Speed Skin Care System, White Clarisonic PRO Deluxe is a professional-caliber brush that uses gentle sonic micro-message action to helps keep your skin looking young, vibrant and healthy. Clarisonic gently removes embedded dirt and oil, resulting in healthier, more beautiful skin. Remarkably gentle for cleansing all skin types, including sensitive skin conditions such as rosacea and acne. It cleanses so well, that products absorb better, pores appear smaller, fine lines and wrinkles appear reduced and your skin tone and texture improves - Guaranteed Face Cleansing Brushes Beauty Tools & Accessories Makeup Brushes & Tools Treatment Tools"
113-24-228-50,2,1,10232,B008YQ0R9G,"Clarisonic Aria Sonic Skin Cleansing Kit, White Clarisonic new ARIA sonic cleansing system is a professional caliber cleansing brush that uses gentle sonic micro message action to helps keep your skin looking young, vibrant and healthy. Clarisonic gently removes embedded dirt and oil, resulting in healthier, more beautiful skin. Cleanses 6x better than with your hands alone. Great for makeup removal. Remarkably gentle for cleansing all skin types, including sensitive skin conditions such as rosacea and acne. It cleanses so well, that products absorb better, pores appear smaller, fine lines and wrinkles appear reduced and your skin tone and texture improves. Face Cleansing Brushes Beauty Tools & Accessories Makeup Brushes & Tools Treatment Tools"
113-24-49-50,2,0,4349,B001QOGXOG,"Clarisonic Pro For Face and Body 4 Speeds - White Clarisonic Pro Sonic Cleansing System is a professional-caliber brush that uses gentle sonic micro-message action to helps keep your skin looking young, vibrant and healthy. Clarisonic gently removes embedded dirt and oil, resulting in healthier, more beautiful skin. 6x more makeup removal. Remarkably gentle for cleansing all skin types, including sensitive skin conditions such as rosacea and acne. It cleanses so well, that products absorb better, pores appear smaller, fine lines and wrinkles appear reduced and your skin tone and texture improves. The Clarisonic Body Brush Head gently care the areas of the body needing extra attention including the decollette, hands, arms, elbow and feet. Face Cleansing Brushes Beauty Tools & Accessories Makeup Brushes & Tools Treatment Tools"
113-24-49-50,2,1,6916,B0049LRA2C,"Clarisonic Pro Sonic Skin Cleansing for Face and Body - Pink Clarisonic Pro Sonic Cleansing System is a professional-caliber brush that uses gentle sonic micro-message action to helps keep your skin looking young, vibrant and healthy. Clarisonic gently removes embedded dirt and oil, resulting in healthier, more beautiful skin. 6x more makeup removal. Remarkably gentle for cleansing all skin types, including sensitive skin conditions such as rosacea and acne. It cleanses so well, that products absorb better, pores appear smaller, fine lines and wrinkles appear reduced and your skin tone and texture improves. The Clarisonic Body Brush Head gently care the areas of the body needing extra attention including the decollette, hands, arms, elbow and feet. Face Cleansing Brushes Beauty Tools & Accessories Makeup Brushes & Tools Treatment Tools"
115-100-199-202,2,0,3302,B0019LP8UQ,Enjoy Luxury Duo (Shampoo and Conditioner) - 33.8 Oz EN Joy Enjoy Luxury Duo (Shampoo and Conditioner) - 33.8 Oz Shampoo & Conditioner Sets Beauty Hair Care
115-100-199-202,2,1,3304,B0019LRD9A,Enjoy Sulfate-Free Hydrating Duo (Shampoo and Conditioner) 33.8 oz Enjoy Enjoy Sulfate-Free Hydrating Duo (Shampoo and Conditioner) 33.8 oz Shampoo & Conditioner Sets Beauty Hair Care
115-100-63-202,2,0,6810,B0046D754G,"Agadir Argan Oil Daily Shampoo + Conditioner &quot;Combo Set&quot; 12.4oz/366ml Agadir Agadir Argan Oil Daily Shampoo + Conditioner ""Combo Set"" 12.4oz/366ml Shampoo & Conditioner Sets Beauty Hair Care"
115-100-63-202,2,1,8403,B005LNMHZM,DS Laboratories Revita Growth Stimulating Shampoo 6 oz &amp; Conditioner 6oz Duo Set DS Laboratories DS Laboratories Revita Shampoo 180ml///DS Laboratories Revita Conditioner 180ml Shampoo & Conditioner Sets Beauty Hair Care
115-180-192-78,2,0,1824,B000NOMDTY,"Christian Dior Black Out Mascara, # 099 Kohl Black, 0.33 Ounce Christian Dior 0.33 ounce mascara. Dior show black out mascara, # 099 kohl black was launched by the design house of Christian Dior. It is recommended for daily use. Please store in a cool dry place. Dior show black out mascara, # 099 kohl black by Christian Dior for women, 0.33 ounce mascara. Makeup Beauty Eyes Mascara"
115-180-192-78,2,1,6394,B003UA5ECQ,"Christian Dior Diorshow Maximizer Lash Plumping Serum 0.33 oz Christian Dior 0.33 ounce serum. Dior show maximize lash plumping serum was launched by the design house of Christian Dior. It is recommended for daily use. Please store in a cool dry place. Dior show maximize lash plumping serum by Christian Dior for women, 0.33 ounce serum. Makeup Beauty Eyes Mascara"
118-133-230-92,2,0,7238,B004H4VQ4Y,"Nexxus ProMend Leavein Treatment Cr&egrave;me, 4.8 Ounce Nexxus Hair & Scalp Treatments Beauty Hair Care"
118-133-230-92,2,1,7239,B004H53CW2,"Nexxus Pro Mend Overnight Treatment Cr&egrave;me, 1.9 Ounce Nexxus Hair & Scalp Treatments Beauty Hair Care"
118-134-186-240,2,0,3634,B001E5EDJY,Clairol Nice 'N Easy Hair Color 117 Natural Medium Golden Brown 1 Kit (Pack of 3) (packaging may vary) Clairol Beauty Hair Color Hair Care Chemical Hair Dyes
118-134-186-240,2,1,11637,B00FYPL3N4,"Clairol Age Defy Expert Collection 4 Dark Brown 1 Kit, 1.000-Kit Clairol Beauty Hair Color Hair Care Chemical Hair Dyes"
118-134-223-240,2,0,428,B000271KR8,Clairol Natural Instincts  02 Sahara Light Blonde 1 Kit  (Pack of 3) (packaging may vary) Clairol Beauty Hair Color Hair Care Chemical Hair Dyes
118-134-223-240,2,1,5487,B002ZNJU7Y,Clairol Nice 'n Easy Root Touch-Up 5A Medium Ash Brown 1 Kit (Pack of 3) Clairol Beauty Hair Color Hair Care Chemical Hair Dyes
118-5-58-192,2,0,5967,B003EH20ZO,Pantene Pro-V Volume Conditioner 25.4 Fl Oz (Pack of 3) (packaging may vary) Pantene Beauty Hair Care Conditioners
118-5-58-192,2,1,6115,B003JA5OJA,Pantene Pro-V Smooth Conditioner 12.6 Fl Oz (Pack of 6) (packaging may vary) Pantene Beauty Hair Care Conditioners
118-91-135-97,2,0,3837,B001F51RL0,Head &amp; Shoulders Classic Clean 2 in 1 Dandruff Shampoo &amp; Conditioner 23.7 Fluid ounce (Pack of 2) (packaging may vary) Head &amp; Shoulders Shampoos Beauty Hair Care
118-91-135-97,2,1,9005,B006MRPMMG,Head &amp; Shoulders Green Apple 2-In-1 Dandruff Shampoo And Conditioner 23.7 Fl Oz (packaging may vary) Head &amp; Shoulders Shampoos Beauty Hair Care
119-158-151-56,2,0,8806,B0068G8DTA,"Biore Deep Cleansing Pore Strips, 8 Nose Strips Biore Instantly removes pore-clogging dirt, oil and blackheads. Give yourself the confidence your crave and the looks you desire with the deep cleansing formula. Beauty Pore Cleansing Strips Treatments & Masks Face Skin Care"
119-158-151-56,2,1,8807,B0068G8EZ8,"Biore Deep Cleansing Pore Strips Combo Pack, 14 strips Biore Instantly removes pore-clogging dirt, oil and blackheads. Give yourself the confidence your crave and the looks you desire with the Deep Cleansing formula. Beauty Pore Cleansing Strips Treatments & Masks Face Skin Care"
119-78-39-74,2,0,6387,B003U4LGV0,"Blemish Control Green Tea Scrub by St. Ives, 4.5 Ounce St. Ives Beauty Scrubs Exfoliators & Scrubs Face Skin Care"
119-78-39-74,2,1,8560,B005TI7NQ2,"Simple Smoothing Facial Scrub, 5 Ounce (Pack of 2) Simple Beauty Scrubs Exfoliators & Scrubs Face Skin Care"
120-243-135-97,2,0,4566,B0020122ZS,"Suave Kids 2 in 1 Shampoo and Conditioner, Cowabunga Coconut, 22.5 Ounce (Packaging May Vary) Suave Shampoos Beauty Hair Care"
120-243-135-97,2,1,10644,B00A8G7TIC,"Suave Kids 3 in 1 Shampoo Conditioner and Body Wash, Razzle Dazzle Raspberry, 22.5 Ounce (Packaging May Vary) Suave Shampoos Beauty Hair Care"
120-90-98-97,2,0,10692,B00AE07B9O,"Axe 2 in 1 Shampoo Plus Conditioner Apollo, 12 Ounce AXE Shampoos Beauty Hair Care"
120-90-98-97,2,1,10693,B00AE07BC6,"Axe 3 in 1 Shampoo Plus Conditioner Plus Bodywash Total Fresh, 12 Ounce AXE Shampoos Beauty Hair Care"
122-7-233-142,2,0,2567,B000XU49MW,"Danielle Square Acrylic Cotton Ball Holder, Single Tier Danielle Enterprises Easy to clean and flatters any bathroom d&#xFFFD;cor. Single tier acrylic storage unit keeps your powder room tidy and organized. Refillable Containers Beauty Tools & Accessories Bags & Cases"
122-7-233-142,2,1,2568,B000XU49RW,Danielle Cylinder Acrylic Cotton Pad Dispenser Danielle Enterprises Easy to clean and flatters any bathroom d&#xFFFD;cor. Cylindrical unit keeps cotton pads neatly stacked and visible. Refillable Containers Beauty Tools & Accessories Bags & Cases
123-36-150-86,2,0,5835,B003A1W770,"African Ivory Shea Butter from Ghana - 32 Oz FILTERED &amp; CREAMY The Top 10 Uses of Shea Butter Moisturizer for dry skin Eczema cream Blemish cream For softer smoother skin For burns Wrinkle reduction cream Moisturizer for dry hair Shaving cream Anti-itch cream Stretch mark prevention cream The Shelf Life of Shea Butter The shelf life of Shea butter is 18-24 months when kept in a cool dry place. After that time the healing properties of Shea butter are less effective but it is still a good moisturizer. Application of the Shea Butter Shea butter melts at body temperature. For easy application warm Shea butter onto palms until it is completely melted and smooth on. Shea Butter absorbs quickly, penetrates deeply and coats the skin with a fine film; thereby diminishing water loss and leaving the skin softened and protected. The Amazing Properties of Shea Butter Shea butter is the best natural product to protect, heal and improve skin. It is prized because it contains a real cocktail of elements good for the skin. Among these, is first a very high content of Essential Fatty Acids, more than in all other vegetable butter. These fatty acids are oleic, stearic, linoleic and palmitic acid. They play a very important moisturizing, softening, and anti-inflammatory role, and help renew the cutaneous cells. Shea butter also contains vitamins A, D, E, and K that have a recognized effect against skin aging. It is also rich in phytosterols with protecting and regenerating virtues. The manufacturing process has a great influence on the properties and efficiency of Shea butter. If it is refined or processed, it loses its vitamins and part of its efficiency. The Organic Shea Butter Company brings you a handmade certified organic Shea butter that is a guarantee of purity and higher quality. Moisturizers Beauty Body Butter Body Skin Care"
123-36-150-86,2,1,6148,B003KDJ5KK,"32OZ. AFRICAN SHEA BUTTER FROM GHANA FILTERED &amp; CREAMY The Top 10 Uses of Shea Butter Moisturizer for dry skin Eczema cream Blemish cream For softer smoother skin For burns Wrinkle reduction cream Moisturizer for dry hair Shaving cream Anti-itch cream Stretch mark prevention cream The Shelf Life of Shea Butter The shelf life of Shea butter is 18-24 months when kept in a cool dry place. After that time the healing properties of Shea butter are less effective but it is still a good moisturizer. Application of the Shea Butter Shea butter melts at body temperature. For easy application warm Shea butter onto palms until it is completely melted and smooth on. Shea Butter absorbs quickly, penetrates deeply and coats the skin with a fine film; thereby diminishing water loss and leaving the skin softened and protected. The Amazing Properties of Shea Butter Shea butter is the best natural product to protect, heal and improve skin. It is prized because it contains a real cocktail of elements good for the skin. Among these, is first a very high content of Essential Fatty Acids, more than in all other vegetable butter. These fatty acids are oleic, stearic, linoleic and palmitic acid. They play a very important moisturizing, softening, and anti-inflammatory role, and help renew the cutaneous cells. Shea butter also contains vitamins A, D, E, and K that have a recognized effect against skin aging. It is also rich in phytosterols with protecting and regenerating virtues. The manufacturing process has a great influence on the properties and efficiency of Shea butter. If it is refined or processed, it loses its vitamins and part of its efficiency. The Organic Shea Butter Company brings you a handmade certified organic Shea butter that is a guarantee of purity and higher quality. Moisturizers Beauty Body Butter Body Skin Care"
125-36-99-27,2,0,7181,B004FKNYWW,"Skin Food Rice Mask Wash Off Skin Food A wash-off mask containing rice extract that moisturizes skin and brightens tone. With its texture of ground rice, it leaves skin bright, soft and lustrous.
* Use:
After washing, apply desired amount onto face, focusing on nose area while avoiding eye and mouth areas.
Wait 10 to 15 minutes, and then wash off with warm water. Face Beauty Treatments & Masks Masks Skin Care"
125-36-99-27,2,1,7182,B004FKPWWC,"Skin Food Black Sugar Mask Wash Off 100g/Made in Korea Skin Food SKINFOOD Black Sugar Mask Wash Off contains black sugar ingredient, which contains rich minerals, vitamins and glycolic acid, for removing aged cuticles. It ensures better absorption of the following skin care products. Skin is revitalized and hydrated. Bright and tight skin is resulted. How to use: After cleansing, apply the mask to lightly wet face (avoid eye and lip area). Gently press and massage. Leave it for 10-15 minutes and then rinse well with water. Face Beauty Treatments & Masks Masks Skin Care"
130-23-23-251,2,0,9395,B007DKV8OW,"#5279 Black Waterproof Precision Liquid Eyeliner Smudge Proof Makeup Pencil Eye Liner NEW Generation eyeliner is even better than beforeNew designThinner felt-tip brushThe pigment is more blackLast longerColor: Black The package will include: 1 x New Black Liquid Eyeliner.My own experience:I have been using this eyeliner and some other eyeliners from this collection for a couple of months, and they never disappointed me. After having this liquid eyeliner, I never need to take out my mirror every hour because my makeup always looked clean and perfect. I used to wear it for 12 hours and I didn't even use any powder under my eyes.Suggestion: When the eyeliner seems like it's going to be dried out soon, you might put a little bit water on the tip or use a wet towel, and please put the felt-tip brush downward for a while (shake it if needed), so the ink inside can go to the brush. & Do not recommend to use this kind of eyeliner over the powder or creamy eye shadow cause this will reduce its lifetime.Key feature for this eyeliner: Great for Daily Use- highly resistant to tears, sweat & sebum, keeping your beauty more long lasting;Perfect & Natural Black Finish- give you a pair of dramatic eyes & sexy lookQuick Drying Formula- Will be totally dry between 10-30 secondOne of the BEST liquid eyeliner I ever used. (especially good to use in waterline)Even this is not a name brand product, it will give you exactly what you need.(Smooth,Waterproof, Smudge proof, Without fading, Easy to use etc.)You won't be regret for your choice!Contact me if you have any other questions. Makeup Beauty Eyes Eyeliner"
130-23-23-251,2,1,11389,B00DAYGJVW,"YKS Black Professional Waterproof Long Lasting Eye Liner Eyeliner Eye Shadow Curd Gel Makeup Cosmetic Pro + Brush YKS Features:Black Pro Eye Liner Eyeliner Shadow Gel Makeup Cosmetic + Brush100% brand new and high qualityWaterproof Gel Eyeliner.Professional makeup eyeliner elbowed brush.Elbowed brush design, easy to use.Application is easy, has the ability to design and be creative,easy to match different make-up style.Lasts all day without smudging or creasing and are highly pigmented.Perfect for Professional Salon, Wedding, Parties & Home use.Brush Length: 9cm.Specifications:&#x3000;Original box: NOColor: BlackItem size: 30*30*17mmNet weight: 12g
&#x3000; 
Packing content:1 x Eyeliner Gel1 x Brush Makeup Beauty Eyes Eyeliner"
135-208-63-236,2,0,1227,B000F35R00,Seki Edge Stainless Steel Fingernail Clipper Seki Edge Stainless steel nail clipper with cast iron lever. The cutting edge is hand-grinded and honed for precise cutting.  Tempered-twice to be long lasting and have a sharp edge.  Little effort required to cut through the thickest nails. Beauty Tools & Accessories Nail Tools Clippers & Trimmers
135-208-63-236,2,1,1228,B000F37UNM,Seki Edge Toe Nail Clipper Seki Edge Stainless steel nail clipper with cast iron lever. The cutting edge is hand-grinded and honed for precise cutting.  Tempered twice-for to be long lasting and  sharp edge.  Little effort required to cut through the thickest nails. Beauty Tools & Accessories Nail Tools Clippers & Trimmers
135-84-197-71,2,0,4136,B001L2BEWE,"ALICE 10 Pcs Vogue Nail Care Personal Manicure &amp; Pedicure Set, Travel &amp; Grooming Kit BROWN Brand: ALICE10 items Professional Manicure Kit in the Case. Vogue design style.Surgical Quality Stainless Steel, hand crafted.Consists of: scissors, nail file, 3 nail clippers, toenail clipper, tweezers, ear cleaner, cuticle trimmer, cuticle pusher.Recommended features:1. Simple and elegant purse 10 pcs manicure set.2. Best quality as personal manicure / nail set.3. Great for travel and daily life.4. Inconceivable price to have this wonderful set.5. Great for traveling use, gifts, favors &amp; more.OurALICEmanicure set is great for vacations and business trips. Take ALICE kit with you anywhere, it has all the grooming tools you need to keep your nails and cuticles looking perfect. It is just the right size for your purse, carry-on or overnight bag.For other best sellers of ALICE manicure sets, pls reference toKMRX-EM10202ALICE 8 PCS Manicure / Pedicure Kit, Black Leather Travel & Grooming KitKMRX-EM10205ALICE 10 PCS Plaid Manicure Set / Pedicure Set, High Quality Travel & Grooming KitKMRX-EM10203ALICE (Price / 6 Sets) Premium Quality 8 PCS Manicure/Pedicure Kit, Leather Travel & Grooming Kit Sets & Kits Beauty Tools & Accessories Nail Tools"
135-84-197-71,2,1,6180,B003M1PY2S,"H:oter 11 Pcs Vogue Nail Care Personal Manicure &amp; Pedicure Set H:oter 11 items Professional Manicure Kit in the C1se. Vogue design style.Surgical Quality Stainless Steel, hand crafted.Consists of: scissors, nail file, 3 nail clippers, toenail clipper, tweezers, ear cleaner, cuticle trimmer, cuticle pusher and acne needle.Recommended features:1. Simple and elegant purse 11pc manicure set.2. Best quality as personal manicure / nail set.3. Great for travel and daily life.4. Inconceivable price to have this wonderful set.5. Great for traveling use, gifts, favors & more. Sets & Kits Beauty Tools & Accessories Nail Tools"
136-123-239-0,2,0,35,B000052YLX,"Purpose Gentle Cleansing Bar 6 oz (170 g) Purpose Dermatologist recommended. Oil-free. Hypoallergenic. Won't clog pores. Gentle Cleansing: This mild, effective lathering bar removes dirt and oil without over-drying. It Won't Clog Pores: Unlike some beauty bars, Purpose Gentle Cleansing Bar is 100% oil-free and non-comedogenic so it wont clog pores or leave residue. Hypoallergenic: Even those with sensitive skin can use it twice a day for a healthy looking, healthy feeling complexion. Beauty Face Skin Care Bars Cleansers"
136-123-239-0,2,1,3675,B001E96M58,"Purpose Gentle Cleansing Bar, 6-Ounce Bars (Pack of 6) Purpose Dermatologist recommended. Oil-free. Hypoallergenic. Won't clog pores. Gentle Cleansing: This mild, effective lathering bar removes dirt and oil without over-drying. It Won't Clog Pores: Unlike some beauty bars, Purpose Gentle Cleansing Bar is 100% oil-free and non-comedogenic so it wont clog pores or leave residue. Hypoallergenic: Even those with sensitive skin can use it twice a day for a healthy looking, healthy feeling complexion. Beauty Face Skin Care Bars Cleansers"
138-185-19-47,2,0,2320,B000UWDF0A,"Tresemme Tres Two Extra Hold Hair Spray, 11 Ounce TRESemme Beauty Styling Products Hair Sprays Hair Care"
138-185-19-47,2,1,10703,B00AE07FQI,"Tresemme Platinum Strength Heat Protect Spray, 8 Ounce TRESemme Beauty Styling Products Hair Sprays Hair Care"
138-70-199-151,2,0,9107,B006T8BYAM,"Dove Nourishing Curls Whipped Cream Mousse, 7 Ounce Dove Mousses & Foams Beauty Styling Products Hair Care"
138-70-199-151,2,1,11875,B00HM6IV6K,"Dove Hair Styling Oxygen Moisture Leave In Foam, 5.1 Ounce Dove Mousses & Foams Beauty Styling Products Hair Care"
139-108-117-118,2,0,9591,B007RTR9DS,"CLEAR SCALP &amp; HAIR BEAUTY THERAPY Ultra Shea Intense Scalp Nourishing Balm, 6.7 Fluid Ounce Clear Hair & Scalp Treatments Beauty Hair Care"
139-108-117-118,2,1,9594,B007RTR9G0,"CLEAR SCALP &amp; HAIR BEAUTY THERAPY Ultra Shea Nourishing Scalp &amp; Hair Oil, 3 Fluid Ounce Clear Hair & Scalp Treatments Beauty Hair Care"
139-166-199-74,2,0,10814,B00AO4EL34,"Simple Oil Balancing Wipes, 25 Count Simple Body Scrubs Beauty Scrubs & Body Treatments Bath & Body"
139-166-199-74,2,1,10815,B00AO4EMKQ,"Simple Radiance Wipes, 25 Count Simple Body Scrubs Beauty Scrubs & Body Treatments Bath & Body"
139-79-122-191,2,0,6369,B003TP9KTA,"Bosley Healthy Hair Vitality Supplement for Women, 60 Count Bosley Hair Loss Products Beauty Hair Regrowth Treatments Hair Care"
139-79-122-191,2,1,10244,B0090PHG7Q,"New Nordic Hair Volume,  30 Count New Nordic Hair Volume 30 tablets Hair Loss Products Beauty Hair Regrowth Treatments Hair Care"
14-158-211-128,2,0,1365,B000GCW1P4,"Aussie 3 Minute Miracle Moist Deeeeep Conditioner 8 Fl Oz Aussie Deeeeep Conditioning for Damaged 'Do's Super deep conditioning for simple fix to dry, damaged hair. Beauty Hair Care Conditioners"
14-158-211-128,2,1,7485,B004NU1NZE,"Aussie 3 Minute Miracle Moist Deeeeep Conditioner 8 fl oz (2 pack) Aussie Deeeeep Conditioning for Damaged 'Do's Super deep conditioning for simple fix to dry, damaged hair. Beauty Hair Care Conditioners"
14-241-232-239,2,0,7628,B004T19OKI,"Tigi Bed Head Urban Anti+dotes Resurrection Shampoo Damage Level 3, 8.45-Ounce Tigi Bed Head Urban Antidote #3: Admitting is the first step! Shampoos Beauty Hair Care"
14-241-232-239,2,1,7630,B004T19PBG,"Tigi Bed Head Urban Anti+dotes Resurrection Conditioner Damage Level 3, 25.36-Ounce Tigi Bed Head Urban Antidote #3: Admitting is the first step! Hair Loss Products Beauty Hair Care Conditioners"
15-106-238-76,2,0,10153,B008TGS9N2,Utopia Care 4&frac12; inch Ice Tempered Stainless Steel Styling Shears / Scissors Made of ice tempered stainless steel. Extra sharp long-lasting cutting edges Beauty Styling Tools Scissors Hair Care
15-106-238-76,2,1,10882,B00AVQ0JI6,Utopia 4&frac12; inch Ice Tempered Stainless Steel Styling Shears / Scissors Made of ice tempered stainless steel. Extra sharp long-lasting cutting edges Beauty Styling Tools Scissors Hair Care
15-143-237-187,2,0,2221,B000TBZJOM,Swissco Tortoise Perm Comb Wide Tooth Swissco This Swissco comb will glide smoothly without hurting the scalp. Handmade in India. Beauty Styling Tools Hair Care Combs
15-143-237-187,2,1,2253,B000TUFLIC,Swissco Tortoise Wet Comb Wide Tooth Swissco This Swissco comb will glide smoothly without hurting the scalp. Handmade in India. Beauty Styling Tools Hair Care Combs
15-15-70-15,2,0,3164,B0017PUPMK,Spornette DeVille 100% Boar Bristle Paddle Brush Spornette International Spornette's DeVille  100% boar bristle paddle brush. Beauty Styling Tools Hair Care Brushes
15-15-70-15,2,1,5221,B002RL8NGI,Spornette DeVille 100% Boar Bristle Oval Cushion Brush Spornette International Spornette's DeVille 100% boar bristle oval cushion brush. Beauty Styling Tools Hair Care Brushes
15-175-10-96,2,0,7914,B0050QKTE6,Remington B90V Pearl Ceramic Vent Hair Brush with Real Crushed Pearls Beauty Styling Tools Hair Care Brushes
15-175-10-96,2,1,7916,B0050QLE4U,Remington B90P Pearl Ceramic Paddle Hair Brush with Real Crushed Pearls Beauty Styling Tools Hair Care Brushes
15-98-98-111,2,0,4237,B001N444HW,"Mason Pearson Handy Mixture Bristle/nylon Mix Hair Brush-ruby Handle Mason Pearson Pure premium natural boar bristle with nylon ""spikes"", recommended for medium, normal to thick hair Beauty Styling Tools Hair Care Brushes"
15-98-98-111,2,1,4238,B001N444JK,"Mason Pearson Popular Mixture Bristle/nylon Mix Hair Brush-ruby Handle Mason Pearson Pure premium natural boar bristle with nylon ""spikes"", recommended for very long, normal to thick hair Beauty Styling Tools Hair Care Brushes"
151-159-177-105,2,0,6244,B003OGV7UO,"Creative Nail Shellac Rose Bud, 0.25 Fluid Ounce CND Cosmetics Patent-pending formulations provides the crucial foundation for the Shellac system. Makeup Nails Beauty Top & Base Coats"
151-159-177-105,2,1,6252,B003ONLAXQ,"Creative Nail Shellac, UV Base Coat, 0.25 Fluid Ounce CND Cosmetics Patent-pending formulations provides the crucial foundation for the Shellac system. Makeup Nails Beauty Top & Base Coats"
151-172-226-230,2,0,3072,B0016A8DT8,"Seche Restore, 2 Ounce Seche Seche Restore is the only thinner to thin a bottle of Seche Vite to its original consistency. Will not diminish shine or dull colors and only replaces those ingredients which have evaporated from the bottle. Includes dropper and holder. Makeup Nails Beauty Nail Polish"
151-172-226-230,2,1,3185,B0017ZDH52,"Seche Restore Nail Polish, 0.5 Fluid Ounce Seche Seche restore is the only thinner to thin a bottle of Seche vite to its original consistency. Will not diminish shine or dull colors. Only replaces those ingredients which have evaporated from the bottle. Makeup Nails Beauty Nail Polish"
151-201-139-67,2,0,2893,B0013JHGPO,"CND: Treatments/Prep Stickey Base Coat, 0.33 oz CND Cosmetics A soft, ""sticky"" base coat designed to anchor nail enamel to the nail. Acts as a gripping agent to prevent peeling and chipping. Ideal for both natural nails and enhancements. Makeup Nails Beauty Top & Base Coats"
151-201-139-67,2,1,9761,B0083HT86E,"CND: Treatments/Prep Stickey Base Coat, 0.33 oz CND Cosmetics A soft, ""sticky"" base coat designed to anchor nail enamel to the nail. Acts as a gripping agent to prevent peeling and chipping. Ideal for both natural nails and enhancements. Makeup Nails Beauty Top & Base Coats"
152-170-46-78,2,0,659,B0007CXWTW,Aveda Clove Conditioner 8.5 Ounces Aveda Aveda Clove Color conditioner Beauty Hair Care Conditioners
152-170-46-78,2,1,661,B0007CXWWY,Aveda Madder Root Conditioner 8.5 Ounces Aveda Aveda Madder Root Color Conditioner Beauty Hair Care Conditioners
152-193-199-192,2,0,10560,B00A0IWRU8,Suave Professionals Moroccan Infusion Shine Conditioner 28 oz Suave Beauty Hair Care Conditioners
152-193-199-192,2,1,10561,B00A0IWRUI,Suave Professionals Moroccan Infusion Color Care Conditioner 28 oz Suave Beauty Hair Care Conditioners
152-70-186-47,2,0,10895,B00AWLB9G6,"Dove Color Care Leave On Conditioner, 4 Ounce Dove Beauty Hair Care Conditioners"
152-70-186-47,2,1,10896,B00AWLB9I4,"Dove Color Care Daily Treatment Conditioner, 8 Ounce Dove Beauty Hair Care Conditioners"
152-70-229-127,2,0,3804,B001ET7KAY,Dove Damage Therapy Intensive Repair Conditioner 25.4 Ounce (Pack of 2) Dove Beauty Hair Care Conditioners
152-70-229-127,2,1,5354,B002VA4FWG,"Dove Damage Therapy Intensive Repair Daily Super Conditioner, 8 Ounce (Pack of 3) Dove Beauty Hair Care Conditioners"
155-74-66-150,2,0,36,B000052YM0,"Fruit Of The Earth 100% Aloe Vera 6oz. Gel Tube Fruit of the Earth Non-Oily Moisturizer Provides Effective Relief From Sunburn, Minor Burns, And Itching & Chafing Forms A Protective Barrier Which Helps Retain Moisture & Promotes Healing Cooling, Soothing Gel Made From Fresh Aloe Vera Leaves Fragrance Free With No Added Color Absorbs Quickly And Will Not Stain Contains No Alcohol Moisturizers Beauty Body Oils Skin Care"
155-74-66-150,2,1,853,B0009VNI40,"Fruit Of The Earth 100 % Aloe Vera Gel, 12 oz, 1-Pack Fruit of the Earth Non-Oily Moisturizer Provides Effective Relief From Sunburn, Minor Burns, And Itching & Chafing Forms A Protective Barrier Which Helps Retain Moisture & Promotes Healing Cooling, Soothing Gel Made From Fresh Aloe Vera Leaves Fragrance Free With No Added Color Absorbs Quickly And Will Not Stain Contains No Alcohol Moisturizers Beauty Body Oils Skin Care"
155-80-87-183,2,0,12091,B00L3K91OW,"Anti Aging Serum Vitamin C from CAMU CAMU 100% &#9733; Exclusive Formula &#9733; With Hyaluronic Acid, Pure Green Tea Extract , Acai, Noni, Pomegranate, Aloe, Mangosteen, Anti-Aging, Sun Damage Repair Helps reduce Fine Lines and Wrinkles, Brightens Skin .. Oils & Serums Beauty Skin Care Face"
155-80-87-183,2,1,12093,B00L3LBUGI,"Facial Mask VITAMIN C From CAMU CAMU &#9733; Exclusive Formula &#9733; Wet Mask With Coconut Oil, Zeolite, Acai, Noni, Pomegranate, Aloe, Pure Green Tea Extract, Mangosteen, Anti-Aging, Sun Damage Repair, Helps Reduce Fine Lines and Wrinkles, Brightens, Stimulates, Tones and Energizes Skin, Restores Luster and Renews the Look and Feel of your Face. ... Face Beauty Treatments & Masks Masks Skin Care"
157-106-208-244,2,0,8630,B005WTKB2Q,"Premium Nail Art Quality Manicure Crystal Glass Nail Files Set of 5 by Cheeky&reg; Set of 5 Crystal Glass Nail FilesThese Cheeky nail files are made with a tough Crystal Glass abrasive surface making them extremely long lasting.They can be cleaned using hot waterIdeal for natural or acrylic nails.Use to shape newly cut nails ensuring that movement is from the centre of the nail outwards to ensure a smooth finish.Becoming an official ""Cheeky Chick""Cheeky is a lady's best friend!It is a one stop shop for ladies beauty needs such as: makeup, nails, personal care products or innovative beauty gadgets, all are only few clicks away when shopping on our Cheeky shop.Cheeky's famous high quality products and services are guaranteed with every purchase of one of our products.After the purchase of your first Cheeky item, you will become an official ""Cheeky Chick"" and most likely develop severe addiction to Cheeky's products.You will find that enjoyable shopping experience, excellent service and stylish high quality products can be bought at a fair price.Please note that we offer fast (from the UK) and slow (from China) shipping options for your convenience. Please select your most suitable shipping option according to your needs and budget. Beauty Tools & Accessories Nail Tools Nail Files & Buffers"
157-106-208-244,2,1,10607,B00A4ZJSYK,"Premium Nail Art Quality Manicure Crystal Glass Nail Files Set of 3 by Cheeky&reg; Set of 3 Crystal Glass Nail FilesThese Cheeky nail files are made with a tough Crystal Glass abrasive surface making them extremely long lasting.They can be cleaned using hot waterIdeal for natural or acrylic nails.Use to shape newly cut nails ensuring that movement is from the centre of the nail outwards to ensure a smooth finish.Becoming an official ""Cheeky Chick""Cheeky is a lady's best friend!It is a one stop shop for ladies beauty needs such as: makeup, nails, personal care products or innovative beauty gadgets, all are only few clicks away when shopping on our Cheeky shop.Cheeky's famous high quality products and services are guaranteed with every purchase of one of our products.After the purchase of your first Cheeky item, you will become an official ""Cheeky Chick"" and most likely develop severe addiction to Cheeky's products.You will find that enjoyable shopping experience, excellent service and stylish high quality products can be bought at a fair price.Please note that we offer fast (from the UK) and slow (from China) shipping options for your convenience. Please select your most suitable shipping option according to your needs and budget. Beauty Tools & Accessories Nail Tools Nail Files & Buffers"
157-190-72-67,2,0,10482,B009S99Z8W,"The Wet Brush Happy Hair Peace- Rubberized Wet Detangle Shower Brush The Wet Brush From the makers of the wildly popular Wet Brush, comes the Wet Brush Happy Hair series! A brush designed with your child in mind. Eliminate tangles quickly and painlessly with this magnificent Detangling Shower Brush. This brush can be used on wet or dry hair and is perfect for all hair types. It features a soft, rubberized non-slip grip for a secure, comfortable hold. The unique, soft, flexible, nylon brush bristles create an entirely new brushing experience! Beauty Styling Tools Hair Care Brushes"
157-190-72-67,2,1,10483,B009S9BDJQ,"The Wet Brush Happy Hair Daisy - Rubberized Wet Detangle Shower Brush The Wet Brush From the makers of the wildly popular Wet Brush, comes the Wet Brush Happy Hair series! A brush designed with your child in mind. Eliminate tangles quickly and painlessly with this magnificent Detangling Shower Brush. This brush can be used on wet or dry hair and is perfect for all hair types. It features a soft, rubberized non-slip grip for a secure, comfortable hold. The unique, soft, flexible, nylon brush bristles create an entirely new brushing experience! Beauty Styling Tools Hair Care Brushes"
157-228-132-213,2,0,12016,B00JFH095K,"Hair Tamer &quot;No Knot&quot; Pink Detangling Hair Brush Teezer DescriptionHair Tamer&nbsp; professional detangling hairbrush is designed for professional hair salons. It's a super smooth operator that works the minute hair is lathered and rinsed. Glides through wet, vulnerable and color treated hair with no pulling, tugging or yanking. Hair peace at last!Try the Hair Tamer and you'll be amazed by the ease of brushing, as well as how it virtually stops breakage and split endsFeaturesErgonomic designs.Fits right into the palm of your hand.Detangles hair with ease.Works on even the curliest, most knotted hair.Hair slips through the unique bristle configuration.Gentle &amp; painless.Virtually stops breakage &amp; split ends.Conforms to shape of the head.Added control.SpecificationsLength: 5""Width: 2.25""Height: 2"" Beauty Styling Tools Hair Care Brushes"
157-228-132-213,2,1,12020,B00JK09NEA,"Hair Tamer Mini Pink &quot;Ergo&quot; Detangling Hair Brush Teezer DescriptionHair Tamer&nbsp; professional detangling hairbrush is designed for professional hair salons. It's a super smooth operator that works the minute hair is lathered and rinsed. Glides through wet, vulnerable and color treated hair with no pulling, tugging or yanking. Hair peace at last!Try the Hair Tamer and you'll be amazed by the ease of brushing, as well as how it virtually stops breakage and split ends.FeaturesErgonomic designs.Fits right into the palm of your hand.Detangles hair with ease.Works on even the curliest, most knotted hair.Hair slips through the unique bristle configuration.Gentle &amp; painless.Virtually stops breakage &amp; split ends.Conforms to shape of the head.Handle provides added control.SpecificationsHeight: 5.75""Length: 2""Width: 1"" Beauty Styling Tools Hair Care Brushes"
157-89-192-229,2,0,7773,B004XA81ZE,"The Wet Brush Detangle Shower Brush Blue, 3.5 Ounce The Wet Brush At first glance, The Wet Brush looks like an ordinary hair brush, but with just one use, women, men and children will learn why it's the world's best detangling brush. Used on wet or dry hair, The Wet Brush quickly and painlessly detangles even the thickest, most stubborn hair thanks to its revolutionary bristles. Specially formulated, The Wet Brush's intelliflex bristle is designed to be ultra thin and flexible, yet still have rapid recovery memory to instantly bounce back to its original form. In addition, the ball tip bristles provide a massaging action that stimulates circulation at the follicle and is a proven benefit for hair health. With a rubber coated non slip handle that feels great wet or dry, The Wet Brush is a favorite among women, men and children of all ages and can even be used on extensions and wigs. Perfect for use in the shower, after a shower, at a salon, on a beach or on children who cringe at the sight of a hair brush, The Wet Brush allows anybody to have beautiful, soft, healthy and tangle-free locks. Available in a variety of colors, there's a wet brush for everyone in the family, which is great because it's the brush everyone fights over. Thanks to The Wet Brush, detangling the toughest knot has never been so effortless. Beauty Styling Tools Hair Care Brushes"
157-89-192-229,2,1,9332,B0077S35WS,"The Wet Hair Brush, Metallic Green, 3.5 Ounce The Wet Brush At first glance, The Wet Brush looks like an ordinary hair brush, but with just one use, women, men and children will learn why it's the world's best detangling brush. Used on wet or dry hair, The Wet Brush quickly and painlessly detangles even the thickest, most stubborn hair thanks to its revolutionary bristles. Specially formulated, The Wet Brush's IntelliFlex bristle is designed to be ultra thin and flexible, yet still have rapid recovery memory to instantly bounce back to its original form. In addition, the ball tip bristles provide a massaging action that stimulates circulation at the follicle and is a proven benefit for hair health. With a rubber coated non slip handle that feels great wet or dry, The Wet Brush is a favorite among women, men and children of all ages and can even be used on extensions and wigs. Perfect for use in the shower, after a shower, at a salon, on a beach or on children who cringe at the sight of a hair brush, The Wet Brush allows anybody to have beautiful, soft, healthy and tangle-free locks. Available in a variety of colors, there's a Wet Brush for everyone in the family, which is great because it's the brush everyone fights over. Thanks to The Wet Brush, detangling the toughest knot has never been so effortless. Beauty Styling Tools Hair Care Brushes"
158-104-253-167,2,0,10547,B009Z3LOTE,"Hard Candy Glamoflauge HEAVY DUTY CONCEALER with pencil (Ultra Light shade 487) Zupishi A heavy duty, highly pigmented, blendable concealer that provides the ultimate coverage. Create a flawless surface by covering birth marks, freckles, dark circles and even tattoos! Makeup Beauty Concealers & Neutralizers Face"
158-104-253-167,2,1,10548,B009Z3MG0K,"Hard Candy Glamoflauge HEAVY DUTY CONCEALER with pencil (Medium Light shade 488) Zupishi A heavy duty, highly pigmented, blendable concealer that provides the ultimate coverage. Create a flawless surface by covering birth marks, freckles, dark circles and even tattoos! Makeup Beauty Concealers & Neutralizers Face"
158-208-102-46,2,0,7501,B004O3UDQK,"Revlon Colorstay Aquatm Mineral Finishing Powder (Project Mermaid), Tranlscuent, 0.35 Ounce Revlon Revlon colorstay aqua mineral finishing powder is a translucent finishing powder sets foundation and minimizes the look of pores and fine lines. A weightless loose powder made with coconut water, not oil, for a shine-free soft matte finish. Makeup Beauty Powder Face"
158-208-102-46,2,1,7503,B004O3UG4Y,"Revlon Colorstay Aquatm Mineral Finishing Powder (Project Mermaid), Translucent Light, 0.35 Ounce Revlon Revlon colorstay aqua mineral finishing powder is a translucent finishing powder sets foundation and minimizes the look of pores and fine lines. A weightless loose powder made with coconut water, not oil, for a shine-free soft matte finish. Makeup Beauty Powder Face"
158-255-99-103,2,0,842,B0009TNBVC,"Estee Lauder Double Wear Stay-In-Place Makeup SPF 10 18 Linen Estee Lauder Buy Estee Lauder Foundations - Estee Lauder Double Wear Stay-In-Place Makeup SPF 10 18 Linen. How-to-Use: Apply a dime-sized amount of foundation onto finger tips or makeup sponge and smooth onto face and neck, blending for color-match. Makeup Foundation Beauty Face"
158-255-99-103,2,1,5260,B002SPVA7M,"Clinique Even Better Makeup SPF 15 Evens and Corrects 02 Fair (VF-P) Clinique Buy Clinique Foundations - Clinique Even Better Makeup SPF 15 Evens and Corrects 02 Fair (VF-P). How-to-Use: Apply a dime-sized amount of foundation onto finger tips or makeup sponge and smooth onto face and neck, blending for color-match. Makeup Foundation Beauty Face"
160-190-250-117,2,0,5758,B00385WMH8,"Betty Dain Stylish Design Terry Lined Shower Cap, The Socialite Collection, &quot;safari Spots&quot; Betty Dain The Betty Dain Socialite Collection of Stylish Shower Caps shown here in the pattern ""Safari Spots"" offers a waterproof and mold resistant nylon shower cap with a plush terry lining that is oversized to fit thick or long hair. Additional pattern ""Puppy Love"" available separately. Beauty Bath & Body Shower Caps Bathing Accessories"
160-190-250-117,2,1,5759,B00385WMHI,"Betty Dain Stylish Design Terry Lined Shower Cap, The Socialite Collection, &quot;puppy Love&quot; Betty Dain The Betty Dain Socialite Collection of Stylish Shower Caps shown here in the pattern ""Puppy Love"" offers a waterproof and mold resistant nylon shower cap with a plush terry lining that is oversized to fit thick or long hair. Additional pattern ""Safari Spots"" available separately. Beauty Bath & Body Shower Caps Bathing Accessories"
163-75-94-232,2,0,838,B0009RFAPY,"Purpose Gentle Cleansing Wash, 6-Ounce Pump Bottle Purpose Clean, pure, soap-free Purpose Gentle Cleansing Wash removes dirt, oil, and make-up without stripping or drying your skin like soap can. And it won't sting your eyes, so it's ideal for removing eye make-up products available in 6.0 Fl. Oz. and 12.0 Fl. Oz. Purpose Gentle Cleansing Wash leaves your skin feeling clean and refreshed. Beauty Washes Face Skin Care Cleansers"
163-75-94-232,2,1,4766,B002BWOXXK,"Purpose Gentle Cleansing Wash, 12-Ounce Pump Bottles (Pack of 2) Purpose Clean, pure, soap-free Purpose Gentle Cleansing Wash removes dirt, oil, and make-up without stripping or drying your skin like soap can. And it won't sting your eyes, so it's ideal for removing eye make-up products available in 6.0 Fl. Oz. and 12.0 Fl. Oz. Purpose Gentle Cleansing Wash leaves your skin feeling clean and refreshed. Beauty Cleansers Skin Care Face"
166-41-98-22,2,0,716,B0009953JA,"Jerdon JP7507NB 8-Inch Two-Sided Swivel Wall Mount Mirror with 7x Magnification, 13.5-Inch Extension, Nickel Beaded Finish Jerdon The Jerdon JP7507NB 8-Inch Two-Sided Swivel Wall Mount Mirror is used in luxury hotels and spas because of its convenience, sleek look and magnification. This two-sided circular mirror has an 8-inch diameter and features a smooth 360-degree swivel design that provides 1x and 7x magnification options to make sure every detail of your hair and makeup are in place. The extension arm and smooth rotation adjusts to all angles for a dynamic point of view. The JP7507NB extends 13.5-inches from the wall and can be easily moved around, while still being firm enough to hold for odd angles. This mirror has an attractive nickel beaded finish that protects against moisture and condensation and is designed to be wall mounted. This item comes complete with mounting hardware. The Jerdon JP7507NB 8-Inch Two-Sided Swivel Wall Mount Mirror comes with a 1-year limited warranty that protects against any defects due to faulty material or workmanship. The Jerdon Style company has earned a reputation for excellence in the beauty industry with its broad range of quality cosmetic mirrors (including vanity, lighted and wall mount mirrors), hair dryers and other styling appliances. Since 1977, the Jerdon brand has been a leading provider to the finest homes, hotels, resorts, cruise ships and spas worldwide. The company continues to build its position in the market by both improving its existing line with the latest technology, developing new products and expanding its offerings to meet the growing needs of its customers. Beauty Skin Care Face"
166-41-98-22,2,1,1333,B000G666HE,"Jerdon JP2027N 8-Inch Two-Sided Swivel Wall Mount Mirror with 7x Magnification, 23-Inch Extension, Nickel Finish Jerdon The Jerdon JP2027N 8-Inch Two-Sided Swivel Wall Mount Mirror is used in luxury hotels and spas because of its convenience, sleek look and magnification. This two-sided circular mirror has an 8-inch diameter and features a smooth 360-degree swivel design that provides 1x and 7x magnification options to make sure every detail of your hair and makeup are in place. The extension arm and smooth rotation adjusts to all angles for a dynamic point of view. The JP2027N extends 20-inches from the wall and can be easily moved around, while still being firm enough to hold for odd angles. This mirror has an attractive nickel finish that protects against moisture and condensation and is designed to be wall mounted. This item comes complete with mounting hardware. The Jerdon JP2027N 8-Inch Two-Sided Swivel Wall Mount Mirror comes with a 1-year limited warranty that protects against any defects due to faulty material or workmanship. The Jerdon Style company has earned a reputation for excellence in the beauty industry with its broad range of quality cosmetic mirrors (including vanity, lighted and wall mount mirrors), hair dryers and other styling appliances. Since 1977, the Jerdon brand has been a leading provider to the finest homes, hotels, resorts, cruise ships and spas worldwide. The company continues to build its position in the market by both improving its existing line with the latest technology, developing new products and expanding its offerings to meet the growing needs of its customers. Mirrors Beauty Tools & Accessories Makeup Mirrors"
168-133-178-226,2,0,57,B000052YQN,"POND'S Cold Cream Cleanser, 3.5 oz. Pond&#39;s Moisturizers Beauty Body Oils Skin Care"
168-133-178-226,2,1,2929,B0013YXQ58,"Pond's Dry Skin Cream , 6.5 Ounce Pond&#39;s Moisturizers Beauty Body Oils Skin Care"
168-133-223-53,2,0,11372,B00D6EDGYE,"Pond's Luminous Finish BB Plus Cream with SPF 15, Light Shade, 1.5 Ounce Pond&#39;s Creams & Moisturizers Beauty Skin Care Face"
168-133-223-53,2,1,11373,B00D6EDGZI,"Pond's Luminous Finish BB Plus Cream with SPF 15, Medium Shade, 1.5 Ounce Pond&#39;s Creams & Moisturizers Beauty Skin Care Face"
168-166-187-233,2,0,7681,B004UQPCGM,Hydroxatone Intensive Anti-Wrinkle Complex Hydroxatone Creams & Moisturizers Beauty Fluids & Lotions Lotions Face Skin Care
168-166-187-233,2,1,8235,B005FPWORC,Hydroxatone 90 Second Wrinkle Reducer Hydroxatone Creams & Moisturizers Beauty Fluids & Lotions Lotions Face Skin Care
168-166-253-233,2,0,8554,B005TI7L6O,"Simple Replenishing Rich Moisturizer, 4.2 Ounce Simple Creams & Moisturizers Beauty Fluids & Lotions Lotions Face Skin Care"
168-166-253-233,2,1,8555,B005TI7L7I,"Simple Hydrating Light Moisturizer, 4.2 Ounce Simple Creams & Moisturizers Beauty Fluids & Lotions Lotions Face Skin Care"
168-166-55-233,2,0,183,B00008MNZH,"Eucerin Daily Protection Moisturizing Face Lotion, Broad Spectrum SPF 30 Eucerin Creams & Moisturizers Beauty Fluids & Lotions Lotions Face Skin Care"
168-166-55-233,2,1,10479,B009RNUH7M,"Simple Protecting Light Moisturizer Spf 15, 4.2 Ounce Simple Creams & Moisturizers Beauty Fluids & Lotions Lotions Face Skin Care"
168-166-98-233,2,0,3687,B001E96NIE,"Neutrogena Healthy Skin Anti-Wrinkle Anti-Blemish Treatment, Clear Skin Cream, 1 Ounce Creams & Moisturizers Beauty Fluids & Lotions Lotions Face Skin Care"
168-166-98-233,2,1,6374,B003TQU1Q0,"Cetaphil Restoraderm Skin Restoring Moisturizer, 10-Fluid Ounces Cetaphil Creams & Moisturizers Beauty Fluids & Lotions Fluids Face Skin Care"
168-172-255-57,2,0,1833,B000NSH2L4,"Cutemol Emollient Cream, 8-Ounce Cutemol Cutemol emollient cream for severe dry skin. Moisturizers Beauty Body Skin Care Creams"
168-172-255-57,2,1,2766,B00121TEQW,"Cutemol Emollient Cream, 2-Ounce Cutemol Cutemol emollient cream for severe dry skin. Moisturizers Beauty Body Skin Care Creams"
168-28-20-226,2,0,3708,B001ECQ4TO,"Vaseline 100% Pure Petroleum Jelly, Baby 13 oz (Pack of 3) Vaseline Moisturizers Beauty Body Lotions Skin Care"
168-28-20-226,2,1,6643,B0040PDKPI,"Vaseline Petroleum Jelly Deep Moisture, 4.5Ounce (Pack of 3) Vaseline Moisturizers Beauty Body Skin Care Creams"
168-28-20-253,2,0,10478,B009RNUH7C,"Vaseline Spray and Go Moisturizer in Aloe Fresh, 6.5 Ounce Vaseline Moisturizers Beauty Body Lotions Skin Care"
168-28-20-253,2,1,10480,B009RNUH8G,"Vaseline Spray and Go Moisturizer in Cocoa Radiant, 6.5 Ounce Vaseline Moisturizers Beauty Body Lotions Skin Care"
168-66-135-246,2,0,7027,B004BYUQG4,"Babyganics Mineral-Based Sunscreen SPF 50, 6 oz (Pack of 2), Packaging May Vary Babyganics Sun Beauty Sports Skin Protection Skin Care"
168-66-135-246,2,1,11328,B00CQ05FES,"Babyganics Mineral-Based Sunscreen Spray SPF 30, 6 oz (Pack of 2), Packaging May Vary BabyGanics Sun Beauty Sports Skin Protection Skin Care"
168-66-232-232,2,0,7047,B004CDV7EY,"Banana Boat Sport SPF 50 Family Size Sunscreen Lotion, 12-Fluid Ounce Banana Boat Sun Beauty Sports Skin Protection Skin Care"
168-66-232-232,2,1,7048,B004CDWZMC,"Banana Boat Kids SPF 50 Family Size Sunscreen Lotion, 12-Fluid Ounce Banana Boat Sun Beauty Sports Skin Protection Skin Care"
168-66-72-47,2,0,3720,B001EJOFA2,"Banana Boat Baby Sunscreen Lotion SPF 50, 8 Ounce Banana Boat Sun Beauty Skin Care Skin Protection"
168-66-72-47,2,1,8728,B0063A42GE,"Banana Boat Natural Reflect Sunscreen Lotion SPF 50, 4 Fluid Ounce Banana Boat Sun Beauty Sports Skin Protection Skin Care"
168-66-73-122,2,0,4676,B0028K3J7Q,"Olay Regenerist Regenerating Lotion With Sunscreen Broad Spectrum SPF 50 1.7 Fl Oz Olay With Vitamins E, B3 & Pro-vitamin B5; Oil-free Sunscreens Beauty Face Sunscreens & Self Tanners Skin Care"
168-66-73-122,2,1,11192,B00BYE9Y0I,"Image Prevention + Daily Matte Moisturizer Oil Free SPF 32,3.2oz Image Skin Care Physical sunscreen blockers 9% Zinc Oxide and 7.5% Octinoxate Creams & Moisturizers Beauty Skin Care Face"
168-8-111-78,2,0,3850,B001F51TVI,Olay Ultra Moisture Moisturizing Body Wash With Shea Butter 23.6 Oz (Pack of 3) Olay Moisturizers Beauty Body Butter Body Skin Care
168-8-111-78,2,1,10975,B00B22BCJS,Olay Ultra Moisture Moisturizing Body Wash With Shea Butter 13.5 Oz Olay Moisturizers Beauty Body Butter Body Skin Care
170-200-197-52,2,0,11851,B00HD4F8DK,"CICI&amp;SISI Nail Art Stamp Collection Set Jumbo1 - Set of 6 JUMBO Nailart Polish Stamping Manicure Image Plates Accessories Kit (Totaling 216 Images) All New Designs with FREE STAMPER &amp; SCRAPER TOOLS SET PROMOTIONAL OFFER Nail Art Stamper Image Plate - Jumbo Series 1 (#01-#06)These CICI&SISI; stamping plates are fabulous and make a perfect addition to any nail art collection.The results are an eye catching, detailed and crisp nail design - probably impossible to implement in free hand or any other nail art technique.Features:-- All designs are created by the CICI&SISI; design team which are so unique that you will not find it anywhere-- Our designs are very wide in selections, including fun, cute, chic, contemporary, elegant designs and much more
-- Each plate contains 24 full nail designs and 12 single designs, 6 plates are totaling of 216 unique designs-- Our full nail design images are jumbo in size, each measures 15x19cm so you may use it on your tips & toes-- Order now to secure this special offer: each set will includea FREE stamper & scraper tool set and a FREE water tattoo sticker(for a limited time only)Helpful Hints:Make sure you remove the protective plastic cover from the front of the plates before attempting to use.Wet a cotton ball w/ pure acetone and hold it with tweezers in order to avoid ruining the designs on your nails.Use the acetone soaked cotton ball to wipe nail polish off of the plates and stamper.The plate should be dry before applying more polish. Use a thick highly pigmented polish for stamping. Work fast!If you take too long the polish will dry on the plate or stamper and you will not get it to transfer.If you are working fast and the polish does not transfer try another type of polish, some polished are extra quick drying.Be gentle when you apply top coat or you may smear your design.Please visit our store for our other exciting Jumbo Series 2 (#07-#12)! Beauty Tools & Accessories Nail Art Equipment Nail Tools"
170-200-197-52,2,1,11859,B00HEQKY7M,"CICI&amp;SISI Nail Art Stamp Collection Set Jumbo 2 - Set of 6 JUMBO Nailart Polish Stamping Manicure Image Plates Accessories Kit (Totaling 216 Images) All New Designs with FREE STAMPER &amp; SCRAPER TOOLS SET PROMOTIONAL OFFER Nail Art Stamper Image Plate - Jumbo Series 2 (#07-#12)These CICI&SISI; stamping plates are fabulous and make a perfect addition to any nail art collection.The results are an eye catching, detailed and crisp nail design - probably impossible to implement in free hand or any other nail art technique.Features:-- All designs are created by the CICI&SISI; design team which are so unique that you will not find it anywhere-- Our designs are very wide in selections, including fun, cute, chic, contemporary, elegant designs and much more
-- Each plate contains 24 full nail designs and 12 single designs, 6 plates are totaling of 216 unique designs-- Our full nail design images are jumbo in size, each measures 15x19cm so you may use it on your tips & toes-- Order now to secure this special offer: each set will includea FREE stamper & scraper tool set and a FREE water tattoo sticker(for a limited time only)Helpful Hints:Make sure you remove the protective plastic cover from the front of the plates before attempting to use.Wet a cotton ball w/ pure acetone and hold it with tweezers in order to avoid ruining the designs on your nails.Use the acetone soaked cotton ball to wipe nail polish off of the plates and stamper.The plate should be dry before applying more polish. Use a thick highly pigmented polish for stamping. Work fast!If you take too long the polish will dry on the plate or stamper and you will not get it to transfer.If you are working fast and the polish does not transfer try another type of polish, some polished are extra quick drying.Be gentle when you apply top coat or you may smear your design.Please visit our store for our other exciting Jumbo Series 1 (#01-#06)! Beauty Tools & Accessories Nail Art Equipment Nail Tools"
170-215-30-4,2,0,9070,B006QO4BRM,Salon Edge 36W Nail UV Lamp Acrylic Gel Shellac Curing Light Timer 36 Watt Dryer With Slide Out Tray Salon Edge Branded 36 Watt Professional UV Curing Lamp for Fast Acrylic Gel DryingExcellent professional quality for the shop and light enough to take along with you. This unit uses 4 powerful UV bulbs and features a built in timer. Enjoy your FREE sanding file!Effectively and quickly cured all UV and gel based products.Reflective inside lining to ensure proper uniform drying.Fast curing of UV gels one hand at a time.Built in timer with 2 minute setting for perfect time management.Includes easy access panel on bottom to easily change bulbs.Simple fuse replacement compartment with single turn access.Features Salon Edge logo to ensure you recieve the quality you deserve. Beauty Tools & Accessories Nail Dryers Nail Tools
170-215-30-4,2,1,10241,B009062W9W,"Salon Edge 36W Nail UV Lamp Acrylic Gel Shellac CURING Light TIMER DRYER SPA Watt BLACK Salon Edge Salon Edge Brand 36 Watt Professional UV curing lamp for fast Acrylic & Gel polish dryingThis unit offers excellent professional quality for the shop and light enough to take along with you. This unit uses four 9W powerful UV bulbs and features a built in timer.Effectively & quickly cures gel based products.Reflective inside lining to ensure proper uniform drying.Built in timer with 2 minute setting for perfect drying management.Cures such items as IBD, Gelish, Axxium and many more others.INCLUDES 4 Bulbs to uniform curing/drying from top and sides.Easy access panel on bottom to easily change & replace bulbs.Simple fuse replacement compartment with single turn access. Beauty Tools & Accessories Nail Dryers Nail Tools"
173-78-135-249,2,0,7021,B004BYNLIO,"BabyGanics Fine and Handy Foaming Hand Soap, Apple, 250 Ml, 8.45-Ounce (Pack of 2), Packaging May Vary Hand washing not high on your &#x2018;family fun activities' list?  Get the gang together for a foamy giggle-fest! This non-toxic formula cleans, moisturizes and promises endless seconds of safe hilarity. (Maybe we don't get out enough?) Hands & Nails Beauty Skin Care Hand Soaps"
173-78-135-249,2,1,7026,B004BYUQAU,"BabyGanics Fine and Handy Foaming Hand Soap, Tangerine, 8.45-Ounce (Pack of 2), Packaging May Vary Hand washing not high on your &#x2018;family fun activities' list?  Get the gang together for a foamy giggle-fest! This non-toxic formula cleans, moisturizes and promises endless seconds of safe hilarity. (Maybe we don't get out enough?) Hands & Nails Beauty Skin Care Hand Soaps"
174-239-12-218,2,0,545,B0002Z8IV6,"Ardell Hair Color Bottle, Unred, 0.25 Ounce Ardell Eliminates unwanted red tones. Softens hi-lift tints. Decreases fading. Beauty Hair Color Hair Care Chemical Hair Dyes"
174-239-12-218,2,1,3219,B0018CW3IQ,"Ardell Hair Color Bottle, Unred, 1 Ounce Ardell Eliminates unwanted red tones. Softens hi-lift tints. Decreases fading. Beauty Hair Color Hair Care Chemical Hair Dyes"
176-92-148-176,2,0,1316,B000FVHS4U,Groganics Daily Topical Scalp Treatment 6 oz. Jar Groganics Natural herbal blends found only in the Brazilian Amazon and regulated by the FBHA to be used only to treat advance hair loss & severe thinning. These herbal extracts are available in limited quantities. You will feel the cool sensation as it freezes & blocks DHT to allow the follicle to grow thicker & stronger hair with consistent use. Hair & Scalp Treatments Beauty Hair Care
176-92-148-176,2,1,2551,B000XGA8U8,Groganics Deep Freeze Scalp Stimulant Conditioner Groganics Natural herbal blends found only in the Brazilian Amazon and regulated by the FBHA to be used only to treat advance hair loss & severe thinning. These herbal extracts are available in limited quantities. You will feel the cool sensation as it freezes & blocks DHT to allow the follicle to grow thicker & stronger hair with consistent use. Beauty Hair Care Conditioners
177-216-51-11,2,0,2757,B00120U5D4,"Alba Even Advanced Cream, Night Cream, 2 Ounce Package Alba Since 1979, Alba Botanica has offered natural, 100% vegetarian personal care products that do beautiful for you, your friends and the animals and Earth you love. This means we DON'T use parabens, sulfates, or phthalates. We make a full range of products packed with potent natural, botanical ingredients that are formulated to nourish the individualized needs of your skin and hair. Because the Alba Botanica is committed to the health and happiness of all furry friends, we never test our products, or the ingredients that go into them, on animals. We recognize the need to be good stewards of all natural resources. So we try to do beautiful by reducing our environmental impact in everything we do as a business, from the field to the final product. We hope that you join our do beautiful campaign. Together we can help to preserve and heal the planet, now and for future generations. Creams & Moisturizers Beauty Night Creams Face Skin Care"
177-216-51-11,2,1,3087,B0016J22EQ,"Alba Botanica Very Emollient Sunless Tanner, 4 Ounce Tube Alba Since 1979, Alba Botanica has offered natural, 100% vegetarian personal care products that do beautiful for you, your friends and the animals and Earth you love. This means we DON'T use parabens, sulfates, or phthalates. We make a full range of products packed with potent natural, botanical ingredients that are formulated to nourish the individualized needs of your skin and hair. Because the Alba Botanica is committed to the health and happiness of all furry friends, we never test our products, or the ingredients that go into them, on animals. We recognize the need to be good stewards of all natural resources. So we try to do beautiful by reducing our environmental impact in everything we do as a business, from the field to the final product. We hope that you join our do beautiful campaign. Together we can help to preserve and heal the planet, now and for future generations. Self-Tanners & Bronzers Sun Beauty Skin Care"
177-60-51-138,2,0,449,B00028F0NM,"Alba Botanica Maximum Very Emollient Body Lotion, 12 Ounce Bottle Alba Since 1979, Alba Botanica has offered natural, 100% vegetarian personal care products that do beautiful for you, your friends and the animals and Earth you love. This means we DON'T use parabens, sulfates, or phthalates. We make a full range of products packed with potent natural, botanical ingredients that are formulated to nourish the individualized needs of your skin and hair. Because the Alba Botanica is committed to the health and happiness of all furry friends, we never test our products, or the ingredients that go into them, on animals. We recognize the need to be good stewards of all natural resources. So we try to do beautiful by reducing our environmental impact in everything we do as a business, from the field to the final product. We hope that you join our do beautiful campaign. Together we can help to preserve and heal the planet, now and for future generations. Moisturizers Beauty Body Lotions Skin Care"
177-60-51-138,2,1,2728,B0011DL6R6,"Alba Botanica Leave-In Conditioner, 7 Ounce Tubes Alba Botanica Since 1979, Alba Botanica has offered natural, 100% vegetarian personal care products that do beautiful for you, your friends and the animals and Earth you love. This means we DON'T use parabens, sulfates, or phthalates. We make a full range of products packed with potent natural, botanical ingredients that are formulated to nourish the individualized needs of your skin and hair. Because the Alba Botanica is committed to the health and happiness of all furry friends, we never test our products, or the ingredients that go into them, on animals. We recognize the need to be good stewards of all natural resources. So we try to do beautiful by reducing our environmental impact in everything we do as a business, from the field to the final product. We hope that you join our do beautiful campaign. Together we can help to preserve and heal the planet, now and for future generations. Beauty Hair Care Conditioners"
177-66-59-212,2,0,2938,B00142DXVG,"Alba Botanica Fragrance Free SPF 30 Mineral Very Emollient Sunscreen, 4 Ounce Tube Alba Since 1979, Alba Botanica has offered natural, 100% vegetarian personal care products that do beautiful for you, your friends and the animals and Earth you love. This means we DON'T use parabens, sulfates, or phthalates. We make a full range of products packed with potent natural, botanical ingredients that are formulated to nourish the individualized needs of your skin and hair. Because the Alba Botanica is committed to the health and happiness of all furry friends, we never test our products, or the ingredients that go into them, on animals. We recognize the need to be good stewards of all natural resources. So we try to do beautiful by reducing our environmental impact in everything we do as a business, from the field to the final product. We hope that you join our do beautiful campaign. Together we can help to preserve and heal the planet, now and for future generations. Sun Beauty Sports Skin Protection Skin Care"
177-66-59-212,2,1,5918,B003CFB8OM,"Alba Botanica Revitalizing Green Tea SPF 45 Hawaiian Sunscreen, 4 Ounce Tubes (Pack of 2) Alba Since 1979, Alba Botanica has offered natural, 100% vegetarian personal care products that do beautiful for you, your friends and the animals and Earth you love. This means we DON'T use parabens, sulfates, or phthalates. We make a full range of products packed with potent natural, botanical ingredients that are formulated to nourish the individualized needs of your skin and hair. Because the Alba Botanica is committed to the health and happiness of all furry friends, we never test our products, or the ingredients that go into them, on animals. We recognize the need to be good stewards of all natural resources. So we try to do beautiful by reducing our environmental impact in everything we do as a business, from the field to the final product. We hope that you join our do beautiful campaign. Together we can help to preserve and heal the planet, now and for future generations. Sun Beauty Sports Skin Protection Skin Care"
178-158-99-105,2,0,7019,B004BVYT2Y,"Instant Face, Neck and Eye Lift (Dark Hair) CosmeSearch, Inc. Our Guarantee:  The most effective face lifting product you've ever used or your money back.  Try this simple self-test: Looking in a mirror, place index fingers in front of your ears, and thumbs at the end of your jaw, then push skin upward and back. Do you like what you see? That is what Instant Face and Neck Lift will do for you.

Cosmetic surgery results without the pain and expense. Instant Face and Neck Lift is simple to use, and you will get guaranteed results. You will look years younger instantly and feel great.

Instant Face and Neck Lift will take years off your appearance in just a few minutes. Not only will you look younger, but you will also feel great. 

This face and neck lift system will lift sagging skin, eliminate wrinkles from your face, neck jaw, and eye area. No one will know your secret! Instant Face and Neck Lift is the solution.

After extensive testing, CosmeSearch, Inc. has developed a simple hand made device which is highly effective, easy to use, and unnoticeable. It is ideal to use for special occasions, weddings, reunions, modeling, picture taking, travel, etc.

Each kit comes with Face and Neck Lifting Bands and 40 Hypoallergenic Tapes.

For best results and proper application, make sure that the area the tapes adhere to is clean and free of oil and makeup.

For an instructional video go to secretlift.com. Beauty Skin Care Treatments & Masks Face"
178-158-99-105,2,1,11298,B00CLM5PEQ,"Instant Face, Neck and Eye Lift (Light Hair) CosmeSearch, Inc. Our Guarantee:  The most effective face lifting product you've ever used or your money back.  Try this simple self-test: Looking in a mirror, place index fingers in front of your ears, and thumbs at the end of your jaw, then push skin upward and back. Do you like what you see? That is what Instant Face and Neck Lift will do for you.

Cosmetic surgery results without the pain and expense. Instant Face and Neck Lift is simple to use, and you will get guaranteed results. You will look years younger instantly and feel great.

Instant Face and Neck Lift will take years off your appearance in just a few minutes. Not only will you look younger, but you will also feel great. 

This face and neck lift system will lift sagging skin, eliminate wrinkles from your face, neck jaw, and eye area. No one will know your secret! Instant Face and Neck Lift is the solution.

After extensive testing, CosmeSearch, Inc. has developed a simple hand made device which is highly effective, easy to use, and unnoticeable. It is ideal to use for special occasions, weddings, reunions, modeling, picture taking, travel, etc.

Each kit comes with Face and Neck Lifting Bands and 40 Hypoallergenic Tapes.

For best results and proper application, make sure that the area the tapes adhere to is clean and free of oil and makeup.

For an instructional video go to secretlift.com. Beauty Skin Care Treatments & Masks Face"
178-190-203-223,2,0,11396,B00DD94A4W,"Beenigma Bee Venom Cream Beenigma Bee Venom Cream is the Anti-Aging sensation from New Zealand.  Beenigma Bee Venom Cream uses only the finest Active New Zealand Bee Venom and 20+ Manuka Honey.  Rejuvenate the youthful appearance of your skin to be smooth, glowing, and radiant with Beenigma Bee Venom Cream.  Beenigma Face Cream does not need to be washed away.  The skin reacts to the Bee Venom found in Beenigma as if it's been lightly stung, triggering an increase in our body's production of wrinkle-smoothing collagen and elastin to lift, plump and tighten the skin. Don't worry, this does not hurt at all... In fact, you may feel a mild tingling and the result is an anti-aging and rejuvenating effect that makes your skin more radiant and youthful by reducing the appearance of fine lines and wrinkles. Bee Venom has the ability to work within the epidermis and dermal levels of the skin to deeply nourish. It is comprised of 21 naturally occurring components such as replenishing proteins, peptides, amino acids, and key enzymes.  ***Please Note: DO NOT use this product if you have a known bee allergy.*** Face Beauty Treatments & Masks Masks Skin Care"
178-190-203-223,2,1,11397,B00DD96JVY,"Bee Venom Cream by Beenigma Bee Venom Face Cream by Beenigma is the Anti-Aging sensation from New Zealand.  Bee Venom Cream by Beenigma uses only the finest Active New Zealand Bee Venom and 20+ Manuka Honey.  Rejuvenate the youthful appearance of your skin to be smooth, glowing, and radiant with Bee Venom Cream by Beenigma. Beenigma Face Cream does not need to be washed away. The skin reacts to the Bee Venom found in Beenigma as if it's been lightly stung, triggering an increase in our body's production of wrinkle-smoothing collagen and elastin to lift, plump and tighten the skin. Don't worry, this does not hurt at all... In fact, you may feel a mild tingling and the result is an anti-aging and rejuvenating effect that makes your skin more radiant and youthful by reducing the appearance of fine lines and wrinkles. Bee Venom has the ability to work within the epidermis and dermal levels of the skin to deeply nourish. It is comprised of 21 naturally occurring components such as replenishing proteins, peptides, amino acids, and key enzymes.  ***Please Note: DO NOT use this product if you have a known bee allergy.*** Face Beauty Treatments & Masks Masks Skin Care"
178-49-106-144,2,0,3587,B001DKIFSA,"Vanish Extreme Under Eye Cream for Dark Circles and Puffiness / 1/2oz - 1 Month Supply -Watts Beauty This sale is for a 1/2 oz jar. Enough for several weeks. This product was formulated with the leading proven ingredients found in high end brand under eye creams to diminish dark circles and decrease puffiness. Chrysin is a granular product that releases into the cream leaving the small capsule behind. Do you know what actually ""causes"" serious dark circles? People think that dark circles are caused by hard partying, working late, being tired or simple allergies. But according to most research dermatologists, serious dark circles (the kind that make you look old, tired and exhausted) are about, of all things, the oxidation of hemoglobin (blood) in the capillary matrix of the 
peri-orbital eye area. These capillaries actually ""leak"" blood that begins to oxidize (through a process called hemoglobindegradation). creating a dark bluish-red pigmentation that looks distinctly like an ugly bruise.
What does all that mean in plain English? 
Tiny little capillaries deposit blood around your sensitive eye area. 
The blood turns deep purple and you end up looking like you just went 12 hard rounds in a boxing ring. Dark Circle Treatments Beauty Eyes Skin Care"
178-49-106-144,2,1,6703,B0042SX6RA,"Watts Beauty Extreme Under Eye Cream Max - Dark Circles, Puffiness &amp; Fine Lines This sale is for a 1/2 oz jar. Enough for several weeks. This product was formulated with the leading proven ingredients found in high end brand under eye creams to diminish dark circles and decrease puffiness. Chrysin is a granular product that releases into the cream leaving the small capsule behind. Do you know what actually ""causes"" serious dark circles? People think that dark circles are caused by hard partying, working late, being tired or simple allergies. But according to most research dermatologists, serious dark circles (the kind that make you look old, tired and exhausted) are about, of all things, the oxidation of hemoglobin (blood) in the capillary matrix of the peri-orbital eye area. These capillaries actually ""leak"" blood that begins to oxidize (through a process called hemoglobindegradation). creating a dark bluish-red pigmentation that looks distinctly like an ugly bruise. What does all that mean in plain English? Tiny little capillaries deposit blood around your sensitive eye area. The blood turns deep purple and you end up looking like you just went 12 hard rounds in a boxing ring. Beauty Eyes Skin Care Combinations"
178-72-166-53,2,0,1125,B000CRGS2A,"Bremenn Research Labs Hylexin, 78-ounce. Tube According to most research dermatologists, serious dark circles (the kind that make you look old, tired, and exhausted) are about the oxidation of hemoglobin (blood) in the capillary matrix of the peri-orbital eye area. These capillaries actually ""leak"" blood that begins to oxidize (through a process called hemoglobin degradation), creating a dark bluish-red pigmentation that looks distinctly like an ugly bruise. In scientific studies, Hylexin has been shown to help reduce hemoglobin degradation byproducts by optimizing enzymatic activity, causing the red-blue pigmentation to fade. Studies also confirm that Hylexin actually helps strengthen the capillary matrix to help stop the ""leaking,"" so your orbital eye area is protected against further damage. In a double-blind clinical trial more than 72% of women who had serious dark circles and used Hylexin's key compound saw an obvious, tangible, visible reduction in the color and severity of their dark circles. These results were confirmed with high-speed laboratory photography that clearly showed a significant reduction in the appearance of the blue and red color that makes dark eye circles so noticeable and so unattractive. Dark Circle Treatments Beauty Eyes Skin Care"
178-72-166-53,2,1,2199,B000SSG0EE,"Seki Edge Blackhead Remover Seki Edge These recurring pesky black spots that can be found on your nose, ears, chin or back usually occur in unsightly clusters. Blackheads, also known as open comedones, are follicles that have a wider than normal opening. They are filled with sebum and sloughed-off cells that have undergone a chemical reaction resulting in the oxidation of melanin. This oxidation is what makes the material in the follicle black in color. To remove blackheads you need to remove them correctly. Otherwise, this puts your skin at risk for scarring and infection. This blackhead remover is unique in design and enables the user to use 2 different size holes for different size blackheads. Get ready for blackhead free skin. Blemish Tools Beauty Tools & Accessories Makeup Brushes & Tools Treatment Tools"
18-120-209-78,2,0,7735,B004WDV2XA,"BONAMART &reg; Magic Hair Bun Sponge Maker Bonamart 1. Tie your hair into a ponytail. High ponytail recommended for a classy and girly look. 2. Place ponytail into hair sponge. 3. Tighten hair sponge and pull down to perhaps the last quarter of your ponytail. 4. Start rolling the hair sponge up towards the top of your head. 5. Bend the ends of the hair sponge down to secure bun. 6. Move your hair so it covers the sponge. 7. Bobby pin the loose strands in, give it a puff of hairspray (optional) and you're all set! Decorate with hair accessories (such as flowers or hairbands) if you like Beauty Styling Products Hair Sprays Hair Care"
18-120-209-78,2,1,10628,B00A73BVP8,"SODIAL(R) Magic Hair Bun Sponge Maker SODIAL(TM) * Tie your hair into a ponytail. High ponytail recommended for a classy and girly look.* Place ponytail into hair sponge.* Tighten hair sponge and pull down to perhaps the last quarter of your ponytail.* Start rolling the hair sponge up towards the top of your head.* Bend the ends of the hair sponge down to secure bun.* Move your hair so it covers the sponge.* Bobby pin the loose strands in, give it a puff of hairspray (optional) and you're all set!* Decorate with hair accessories (such as flowers or hairbands) if you like Hair Care Beauty Styling Accessories Ponytail Holders Styling Tools"
182-123-54-101,2,0,1186,B000EH0NEC,"Nutra Nail 5 to 7 Day Growth Calcium Formula Nutra Nail For soft, weak nails. Helps soft, weak nails grow stronger! Fast absorbing calcium, protein & vitamin formula. As seen on TV. Customized nail care. Nail Type: Soft, weak. Fragile edges split and crack. No strength. Bend and tear easily. Nail Needs: 5 to 7 Day Growth Calcium Formula: Unlike other products that just coat the nail, this calcium-rich growth formula with protein and multi-vitamins penetrates into soft, weak nails. It instantly provides vital nutrients your nails need for strong, healthy growth. You'll see soft, weak nails grow longer and stronger in just 5 to 7 days. Manufactured in the USA. Hands & Nails Beauty Nail Treatments Skin Care Growth Formula"
182-123-54-101,2,1,3809,B001ET7M98,"Nutra Nail 5 to 7 Day Growth Calcium Formula (13 ml), 0.45-OunceBottles (Pack of 4) For soft, weak nails. Helps soft, weak nails grow stronger! Fast absorbing calcium, protein & vitamin formula. As seen on TV. Customized nail care. Nail Type: Soft, weak. Fragile edges split and crack. No strength. Bend and tear easily. Nail Needs: 5 to 7 Day Growth Calcium Formula: Unlike other products that just coat the nail, this calcium-rich growth formula with protein and multi-vitamins penetrates into soft, weak nails. It instantly provides vital nutrients your nails need for strong, healthy growth. You'll see soft, weak nails grow longer and stronger in just 5 to 7 days. Manufactured in the USA. Hands & Nails Beauty Nail Treatments Skin Care Growth Formula"
183-130-32-212,2,0,11710,B00GLS5938,"John Frieda Precision Foam Hair Color, Glosser Cool Red, 6 Fluid Ounce John Frieda An in-shower, non-damaging weekly color extending treatment that adds back lost color pigments for true to tone, salon-fresh color in-between colorings. Instantly restore vibrant salon-fresh color and shine. Adds vivid red tones to counteract fading. An in-shower non-damaging weekly color extending treatment that adds back lost color pigments. Delivers true to tone salon-fresh color in-between colorings. Highlights Beauty Hair Color Hair Care"
183-130-32-212,2,1,11711,B00GLS593S,"John Frieda Precision Foam Hair Color, Glosser Warm Blonde, 6 Fluid Ounce John Frieda An in-shower, non-damaging weekly color extending treatment that adds back lost color pigments for true to tone, salon-fresh color in-between colorings. Instantly restore vibrant salon-fresh color and shine. Adds golden tones to freshen blonde. An in-shower non-damaging weekly color extending treatment that adds back lost color pigments. Delivers true to tone salon-fresh color in-between colorings. Highlights Beauty Hair Color Hair Care"
183-173-74-67,2,0,1364,B000GCVZSI,"L'Oreal Excellence Creme Haircolor, Medium Blonde 8 L&#39;Oreal Paris For soft, luminous streaks of light discover excellence cr&#xE8;me lights. The gentle, non-drip formula lets you create creamy, beautifully blended highlights in a few simple steps.  The result: rich, radiant highlights and not a gray in sight. Beauty Hair Color Hair Care Chemical Hair Dyes"
183-173-74-67,2,1,5160,B002PMLGOU,"L'Oreal Paris Healthy Look Hair Color, 8.5 Blonde/White Chocolate L&#39;Oreal Paris Healthy look gives you natural-looking color with glossy, healthy-looking shine in just 10 little minutes. The ammonia-free formula deeply nourishes hair while also helping to counter dullness and prevent damage.  The cr&#xE8;me formula softly blends away gray. Beauty Hair Color Color Refreshers Hair Care"
184-98-75-218,2,0,805,B0009OAI7C,"Passion by Elizabeth Taylor for Men, Cologne Spray, 4-Ounce Elizabeth Taylor Introduced in 1989. Fragrance notes: ginger, clove oil, nutmeg, jasmine and vanilla. Recommended use: evening. Fragrance Beauty Cologne Men's"
184-98-75-218,2,1,1008,B000C1UD4K,"Happy By Clinique For Men. Cologne Spray 3.4 Ounces Clinique Introduced in 1999. Fragrance notes: citrusy lemon, mandarin, orange and grapefruit. Recommended use: daytime. Fragrance Beauty Cologne Men's"
185-73-17-159,2,0,8655,B005YRD5PQ,"Jergens Extra Moisturizing Liquid Hand Wash, Soap Refill, 16 Ounce (Pack of 3) Jergens Jergens moisturizing cleanser with the classic cherry almond scent. Formulated with mild cleansers and soothing moisturizers, smoothes rough, dry skin as it cleans and moisturizes, leaving hands smelling fresh and looking beautiful. Hands & Nails Beauty Skin Care Hand Soaps"
185-73-17-159,2,1,8793,B0067YTJ0K,"Jergens Extra Moisturizing Liquid Hand Wash Pump, 7.5 Ounce (Pack of 4) Jergens Jergens moisturizing liquid hand wash pump with the classic cherry almond scent. Formulated with mild cleansers and soothing moisturizers, smoothes rough, dry skin as it cleans and moisturizes, leaving hands smelling fresh and looking beautiful. Hands & Nails Beauty Skin Care Hand Soaps"
186-134-87-78,2,0,9797,B008532DIG,"Hannah Natural 100% Chemical Free Hair Dye, Black, 100 Gram Hannah Natural Hannah Natural's herbal hair dyes are 100% natural and chemical free. Switch to our all natural product and see and feel the difference. Contains more than 10 natural herbs such as indigo, henna, amla, brahmi, and more that are well known for their herbal benefits in Ayurveda. This particular product gives a deep black hair color and long lasting results over a prolonged period. Beauty Hair Color Hair Care Chemical Hair Dyes"
186-134-87-78,2,1,9800,B008533SJ4,"Hannah Natural 100% Chemical Free Hair Dye, Dark Brown, 100 Gram Hannah Natural's herbal hair dyes are 100% natural and chemical free. Switch to our all natural product and see and feel the difference. Contains more than 10 natural herbs such as indigo, henna, amla, brahmi, and more that are well known for their herbal benefits in Ayurveda. This particular product gives a deep black hair color and long lasting results over a prolonged period. Beauty Hair Color Hair Care Chemical Hair Dyes"
186-230-135-145,2,0,4666,B00280M12A,"Garden of Life Vitamin Code Raw B-Complex, 60 Capsules Garden of Life The B group of vitamins is an eight-member family of water soluble vitamins which means they are not easily stored in the body and need to be replenished frequently. Their functions are so interrelated that it is suggested they be taken together so they can work harmoniously and perform at their peak levels. Cellular energy production is the most important function of the B complex vitamins and they are known as the catalytic spark plugs of our body. Providing mental and physical energy, supporting healthy blood, a healthy heart, immune system function and a healthy response to stress, the B complex vitamins are essential nutrients for the body. Beauty Skin Care"
186-230-135-145,2,1,10322,B0098U0SQO,"Garden of Life Vitamin Code Raw B-Complex, 120 Capsules Garden of Life The B group of vitamins is an eight-member family of water soluble vitamins which means they are not easily stored in the body and need to be replenished frequently. Their functions are so interrelated that it is suggested they be taken together so they can work harmoniously and perform at their peak levels. Cellular energy production is the most important function of the B complex vitamins and they are known as the catalytic spark plugs of our body. Providing mental and physical energy, supporting healthy blood, a healthy heart, immune system function and a healthy response to stress, the B complex vitamins are essential nutrients for the body. Beauty Skin Care"
186-232-213-20,2,0,7844,B004Z1O6U0,"AUSTRALIA NATURALS EMU OIL (2oz Bottle) The ancient Aborigines of Australia knew of the hydrating properties of Emu Oil and its ability to rejuvinate the skin even under the harshest conditions. A combination of essential oils (EFA's) and moisturizing properties, Australia Naturals helps the skin recover from many types of severe skin conditions.
note - Contains .00022% natural vitamin E for stability and shelf life Moisturizers Beauty Body Oils Skin Care"
186-232-213-20,2,1,7845,B004Z1ZRD0,"AUSTRALIA NATURALS EMU OIL (8oz bottle) The ancient Aborigines knew of the hydrating properties of Emu Oil and its ability to rejuvinate the skin even under the harshest conditions. A combination of essential oils ( EFA's ) and moisturizing properties, Australia Naturals helps the skin recover from many types of severe skin conditions.  Note - contains .00022% natural vitamin E for freshness and shelf life. Moisturizers Beauty Body Oils Skin Care"
189-136-201-89,2,0,3619,B001E0VBDK,"Bar Soap, African Blk with Al, 5 oz (6 Pack) Nubian Heritage Nubian Heritage African Black Bar Soap is deep cleansing with oats, aloe & vitamin E. African Black Soap, made from palm ash, tamarind extract, tar and plantain peel has been used in Africa for centuries to treat eczema, acne, oily skin, psoriasis, and other skin ailments. Historical references to Shea Butter, a staple of African pharmacology, date back to the reported Shea Butter caravans of Cleopatra's Egypt.Nubian Heritage's authentic African Black Soap combines Shea Butter's healing and hydrating properties with the ancient medicinal properties of palm ash, plantain peel, tar and tamarind to balance and resolve problem skin. Nubian Heritage's deep cleansing formula aids exfoliation and promotes new cell growth to reveal radiant, fresh, even and healthy skin.Nubian Heritage's natural, herbal and aromatic recipes help to bring balance to the body, physically, emotionally and spiritually. Nubian Heritage's natural ingredients and our customized fragrance profiles are designed to bring balance into our lives, balance is what Nubian Heritage believes is at the root of all healing, and Nubian Heritage delivers healing benefits through creating and establishing balance and harmony. Soaps Beauty Bath & Body Cleansers"
189-136-201-89,2,1,9151,B006VYG9YU,"Nubian Heritage: African Black Bar Soap, 5 oz Nubian Heritage Nubian Heritage African Black Bar Soap is deep cleansing with oats, aloe & vitamin E. African Black Soap, made from palm ash, tamarind extract, tar and plantain peel has been used in Africa for centuries to treat eczema, acne, oily skin, psoriasis, and other skin ailments. Historical references to Shea Butter, a staple of African pharmacology, date back to the reported Shea Butter caravans of Cleopatra's Egypt.Nubian Heritage's authentic African Black Soap combines Shea Butter's healing and hydrating properties with the ancient medicinal properties of palm ash, plantain peel, tar and tamarind to balance and resolve problem skin. Nubian Heritage's deep cleansing formula aids exfoliation and promotes new cell growth to reveal radiant, fresh, even and healthy skin.Nubian Heritage's natural, herbal and aromatic recipes help to bring balance to the body, physically, emotionally and spiritually. Nubian Heritage's natural ingredients and our customized fragrance profiles are designed to bring balance into our lives, balance is what Nubian Heritage believes is at the root of all healing, and Nubian Heritage delivers healing benefits through creating and establishing balance and harmony. Soaps Beauty Bath & Body Cleansers"
189-197-175-204,2,0,9451,B007JLU57G,"Jojoba Oil, Golden Organic 100% Pure 12 Oz Jojoba oil comes from the beans of the shrub like plant, simmondsia chinensis. This is the highest grade certified organic, cold pressed oil (actually a liquid plant wax). It is bright and golden in color and is regarded as the most favored in the carrier oil family because of its advanced molecular stability. Also makes a great scalp cleanser for the hair, and is equally wonderful for the skin because it has absorption properties that are similar to our skins own sebum. Moisturizers Beauty Body Oils Skin Care"
189-197-175-204,2,1,9452,B007JLUL1G,"Jojoba Oil, Golden Organic 100% Pure 16 Oz Jojoba oil comes from the beans of the shrub like plant, simmondsia chinensis. This is the highest grade certified organic, cold pressed oil (actually a liquid plant wax). It is bright and golden in color and is regarded as the most favored in the carrier oil family because of its advanced molecular stability. Also makes a great scalp cleanser for the hair, and is equally wonderful for the skin because it has absorption properties that are similar to our skins own sebum. Moisturizers Beauty Body Oils Skin Care"
189-237-197-234,2,0,8516,B005R3IPJI,"Kojie San Skin Lightening Soap(2 Pack) Bevi Beauty Elements Ventures The Kojic Acid soap you've always trusted, the one prescribed by your dermatologist is now availble in Kojie San Skin Lightening Soap. Kojie San has an all-natural kojic acid formula that helps lighten dark spots due to acne, age spots, freckles, sun-damaged skin, and other skin pigmentation.

Kojic Acid was discovered in Japan. It is a by-product of Koji, or Malted Rice, for use in the manufacture of rice wine. In cosmetics, Kojic Acid is popularly known for its excellent whitening effects and anti oxidant properties. This is a Pack of 2 Soaps Beauty Bath & Body Cleansers"
189-237-197-234,2,1,9233,B0071H5C76,"3 Kojie SAN Kojic Skin Lightening Soaps USA Seller 10.6oz (3.5oz/100g Each) Kojie San The Kojic Acid Soap you have always trusted, the one prescribed by your dermatologist is now available in Kojie San Skin Lightening Soap. It has all the natural kojic acid formula that helps lighten dark spots due to acne, age spots, freckles, sun damaged skin, and other skin pigmentations.
 
Kojic Acid was discovered in Japan. It is a by- product in the production of koji, or Malted Rice, for use in the manufacture of Japanese rice wine. In cosmetics, Kojic Acid is popularly known for its excellent whitening effects and anti-oxidant properties.
 
Directions: Use daily as a regular soap for the face and body. Beauty Face Skin Care Bars Cleansers"
189-41-199-6,2,0,288,B000146LKS,"Patchouli 100% Pure &amp; Natural Aromatherapy Herbal Soap- 4 oz (113g) Plantlife Our soaps are made the old-fashioned way. They are hand-crafted using natural ingredients and include pure essential oils and organic botanicals. Known as Castile soap, our base is one of the gentlest and moisturizing of all soaps. We employ the ""cold processing"" method and do not add heat or chemicals to the soap pots. This process produces a bar full of natural glycerin, which is a by-product of the soap making process. Unlike most soaps on the market today, we do not remove this glycerin from our soap because it is a humectant, which helps attract moisture to the skin and can be gentle enough for even the driest and most sensitive of skin. Additionally, we do not add preservatives, colorants or fragrance oils to our products. Our soap is made with your skins well-being in mind - no harmful synthetics, just pure ingredients from nature. From Ambrosia to Vanilla Orange, there is something for everyone. Try one of our wonderful 27 types today! Soaps Beauty Bath & Body Cleansers"
189-41-199-6,2,1,2703,B00112DRHY,"Sandalwood 100% Pure &amp; Natural Aromatherapy Herbal Soap- 4 oz (113g) Plantlife Our soaps are made the old-fashioned way. They are hand-crafted using natural ingredients and include pure essential oils and organic botanicals. Known as Castile soap, our base is one of the gentlest and moisturizing of all soaps. We employ the ""cold processing"" method and do not add heat or chemicals to the soap pots. This process produces a bar full of natural glycerin, which is a by-product of the soap making process. Unlike most soaps on the market today, we do not remove this glycerin from our soap because it is a humectant, which helps attract moisture to the skin and can be gentle enough for even the driest and most sensitive of skin. Additionally, we do not add preservatives, colorants or fragrance oils to our products. Our soap is made with your skins well-being in mind - no harmful synthetics, just pure ingredients from nature Soaps Beauty Bath & Body Cleansers"
189-42-78-191,2,0,4066,B001KPSO5M,"Organic Rose Water, Bulgarian - 500ml / 17 oz (USDA organic) For many years in the heart of the Bulgarian Rose Valley, Alteya has been growing and cherishing the beautiful Rosa damascena flower. By using a unique distillation technique embodying century-old traditions and modern technology, we have distilled a special grade rose water that preserves the biodynamic energy of the rose plant and increases its beautifying and rejuvenating powers.Imported from the Rose Valley in Bulgaria in Europe.Daily Care:- After cleansing- After shower- When sunburned- To set makeup- After shaving / waxing- During travelSuitable for all skin types.Benefits:-Restoring, toning and moisturizing-Anti-aging and rejuvenating-Uplifts emotional levels-Balances skin Ph level-Anti-inflammatory, acne-preventing-Protects and purifies skinSuggested Use:Skincare: Apply gently with a cotton ball onto face and neck morning and evening after cleansing to tone, balance and refresh skin.Body care/Personal fragrance: Mist it over your entire body after shower or to freshen up any time for a splash of gentle rose aroma.Haircare: Massage the roots of washed hair once or twice a week to improve manageability, softness and shine.Cooking: Add a teaspoon to your morning juice or tea or in any culinary creation.IngredientsContains only 100% pure steam-distilled Bulgarian Rose Water. Beauty Skin Care Toners & Astringents Face"
189-42-78-191,2,1,4882,B002EKD768,"USDA Organic Rose Water - Toner Mist - 8.5 oz. Alteya Organics For many years in the heart of the Bulgarian Rose Valley, Alteya has been growing and cherishing the beautiful Rosa damascena flower. By using a unique distillation technique embodying century-old traditions and modern technology, we have distilled a special grade rose water that preserves the biodynamic energy of the rose plant and increases its beautifying and rejuvenating powers.Imported from the Rose Valley in Bulgaria in Europe.Daily Care:- After cleansing- After shower- When sunburned- To set makeup- After shaving / waxing- During travelSuitable for all skin types.Benefits:-Restoring, toning and moisturizing-Anti-aging and rejuvenating-Uplifts emotional levels-Balances skin Ph level-Anti-inflammatory, acne-preventing-Protects and purifies skinSuggested Use:Skincare: Apply gently with a cotton ball onto face and neck morning and evening after cleansing to tone, balance and refresh skin.Body care/Personal fragrance: Mist it over your entire body after shower or to freshen up any time for a splash of gentle rose aroma.Haircare: Massage the roots of washed hair once or twice a week to improve manageability, softness and shine. Beauty Skin Care Toners & Astringents Face"
19-186-208-225,2,0,6012,B003FV82VA,"Goody Simple Styles Modern Updo Maker, Assorted Colors, Dark and Light GOODY SIMPLE STYLES Goody Simple Styles is a line of easy to use hair accessories that allow women to create trend-right looks at home, on their own. Hair Care Beauty Hair Pins Styling Accessories Styling Tools"
19-186-208-225,2,1,8035,B0055Y9AIY,"Goody Simple Styles Mini Spin Pins (assorted colors) Goody Goody Simple Styles is a line of easy to use hair accessories that allow women to create trend-right looks at home, on their own. Hair Care Beauty Hair Pins Styling Accessories Styling Tools"
191-106-231-103,2,0,7457,B004MTJJDE,"FreeTress Equal Amerie Color 1B Synthetic Lace Front Wig Equal Freetress Equal Lace FrontAll of the wigs are pre-cut and pre-styled into a variety of fashionable looks perfect for work, everyday and even when you want to be the ultimate diva! Simply shake out the wig to spring the curl pattern to life. This wig has the look and feel of natural human hair.-Sculpting tabs form a perfect fit-Premium quality lace-Natural invisible hair line-Longer lace from ear to ear-A one-size fits all adjustable cap-Securing with front & back placement combs-No fuss or mess, just perfect hairApplication Instructions1. Braid hair in cornrow or wrap to secure2. Trim lace according to hairline3. Secure lace front using hair pins4. Style as you desireOPTION A Using Lace Front Double Sided TapeOPTION B Using Lace Front GlueRemoving Adhesive1. Apply remover around the lace thoroughly2. Gently remove the lace when it softens Hair Extensions & Wigs Hair Care Beauty Styling Products Wigs"
191-106-231-103,2,1,7937,B0051OKLUO,"FreeTress Equal Nari Color 1 Synthetic Lace Front Wig Equal Freetress Equal Lace FrontAll of the wigs are pre-cut and pre-styled into a variety of fashionable looks perfect for work, everyday and even when you want to be the ultimate diva! Simply shake out the wig to spring the curl pattern to life. This wig has the look and feel of natural human hair.-Sculpting tabs form a perfect fit-Premium quality lace-Natural invisible hair line-Longer lace from ear to ear-A one-size fits all adjustable cap-Securing with front & back placement combs-No fuss or mess, just perfect hairInstruction Video:Application Instructions1. Braid hair in cornrow or wrap to secure2. Trim lace according to hairline3. Secure lace front using hair pins4. Style as you desireOPTION A Using Lace Front Double Sided TapeOPTION B Using Lace Front GlueRemoving Adhesive1. Apply remover around the lace thoroughly2. Gently remove the lace when it softens Hair Extensions & Wigs Hair Care Beauty Styling Products Wigs"
191-143-0-25,2,0,2425,B000VSYD4K,"Scunci Effortless Beauty Mini Slinky Black Twisters, 6-Count Scunci With scunci effortless beauty hair accessories a woman should never have a bad hair day. mini twisters are an essential for any woman with hair below chin length. keeps hair off the face while growing out or during sports. easily put hair up into a high ponytail or use low at the nape. wear one or mix for unique looks. good for quick casual style when you have to run out for errands. smooth black material won't damage hair. small enough for fine or thin hair. all in slinky black to quickly update from day looks to evening. Hair Care Beauty Styling Accessories Ponytail Holders Styling Tools"
191-143-0-25,2,1,6763,B0045H1JXQ,"Scunci Effortless Beauty Mini Waffle Twisters, 6-Count Scunci With scunci effortless beauty hair accessories a woman should never have a bad hair day. mini twisters are an essential for any woman with hair below chin length. keeps hair off the face while growing out or during sports. easily put hair up into a high ponytail or use low at the nape. wear one or mix for unique looks. good for quick casual style when you have to run out for errands. soft waffle material won't damage hair. small enough for fine or thin hair. neutral colors, red, black and blue. Hair Care Beauty Styling Accessories Ponytail Holders Styling Tools"
191-186-85-194,2,0,5944,B003DKO83E,"Scunci No-slip Grip Evolution Bright Jelly Ponytailers, 14-Count, Colors may vary Scunci With scunci scunci no-slip grip hair accessories a woman should never have a bad hair day. scunci no-slip grip technology takes a leap into the future with these jelly ponytailers. soft, stretchy, non-slip all-day hold that won't damage hair. a must have for sports or an active lifestyle. they give everyday dos a fashion boost and highlight your features by keeping hair off the face. 14 bright ponytailers mix and match for any outfit. Hair Care Beauty Styling Accessories Ponytail Holders Styling Tools"
191-186-85-194,2,1,5945,B003DKU3CY,"Scunci No-slip Grip Evolution Jelly Ponytailers, 14-Count, Colors may vary Scunci With scunci scunci no-slip grip hair accessories a woman should never have a bad hair day. scunci no-slip grip technology takes a leap into the future with these jelly ponytailers. soft, stretchy, non-slip all-day hold that won't damage hair. a must have for sports or an active lifestyle. they give everyday dos a fashion boost and highlight your features by keeping hair off the face. Multi-colored or opaque may ship, color cannot be chosen. Hair Care Beauty Styling Accessories Ponytail Holders Styling Tools"
191-67-9-157,2,0,5861,B003ATJNF6,"Outre Quick Weave Synthetic Halfwig - Zahra - S4/30 Outre Self Styled In 60 SecondsChoose from the selections of beautiful, trendy and popular styles. Close to 100 styles available and more to come ...-Blends with your own hair for fullness without bulk. Change styles as often as you like in just a minute-Better than a wig. Blends with your own hair quickly-Better than a weave. Can be done anywhere, anytime by you, without help-Lets you be you. Use quick weave to allow your hair to recover from braiding, weaving, stocking caps and wigs.Instructions1. Part the hair from ear to ear and comb forward. Insert front comb2. Push cap down and insert back comb3. Comb hair over part and blend hair to desired look Hair Extensions & Wigs Hair Care Beauty Styling Products Wigs"
191-67-9-157,2,1,8846,B006C7VS06,"Outre Quick Weave Synthetic Halfwig - Livia-1 Outre Self Styled In 60 SecondsChoose from the selections of beautiful, trendy and popular styles. Close to 100 styles available and more to come ...-Blends with your own hair for fullness without bulk. Change styles as often as you like in just a minute-Better than a wig. Blends with your own hair quickly-Better than a weave. Can be done anywhere, anytime by you, without help-Lets you be you. Use quick weave to allow your hair to recover from braiding, weaving, stocking caps and wigs.Instructions1. Part the hair from ear to ear and comb forward. Insert front comb2. Push cap down and insert back comb3. Comb hair over part and blend hair to desired look Hair Extensions & Wigs Hair Care Beauty Styling Products Wigs"
191-93-156-53,2,0,2572,B000XYD7CG,"Scunci No-slip Grip Oval Snap Clips, 8cm, 3-Count Scunci With scunci no-slip grip clippies at her fingertips a woman should never have a bad hair day. snap one of these oval clippies into place and your style stays all day. these easy to apply clips feature a rubber sleeve with our no-slip technology, so once you've put them in, they stay in. ideal for updos or side accents they secure stray strands with aplomb. 3 pack of neutral shades for casual style. Hair Care Beauty Styling Accessories Styling Tools Clips"
191-93-156-53,2,1,4363,B001QX7QIY,"Scunci No-slip Grip Auto Clasp Barrettes, 8.5cm, 2-Count, Colors may vary Scunci With scunci no-slip grip barrettes at her fingertips a woman should never have a bad hair day. snap one of these auto clip barrettes into place and your style stays all day. these easy to apply barrettes feature a rubber sleeve with our no-slip technology and an auto clasp closing feature so once you've put them in, they stay in. they hold especially well on fine hair and are ideal for updos or side accents. secure stray strands with aplomb. 2 pack in classic tortoise accents any hair shade. Hair Care Beauty Barrettes Styling Accessories Styling Tools"
193-173-212-86,2,0,6867,B0047F70B6,"L'Oreal Paris Youth Code Serum Intense, 1.0 Fluid Ounce L&#39;Oreal Paris This potent serum boosts skin's natural powers of regeneration so it regains the qualities of young skin. It's a lightweight yet powerful boost to your skincare routine. See immediate results by using alone or with other Youth Code products. Skin looks rested, smoother and youthfully luminous. Signs of stress, fatigue and aging are visibly diminished. Serums Beauty Eyes Skin Care"
193-173-212-86,2,1,6868,B0047F71SS,"L'Oreal Paris Youth Code Day/Night Cream, 1.7 Fluid Ounce L&#39;Oreal Paris This potent daily moisturizer boosts skin's natural powers of regeneration so it regains the qualities of young skin &#x2013; skin looks rested, smoother and youthfully luminous. Signs of stress, fatigue and aging are visibly diminished. This unique, luxurious formula leaves a light, velvety smooth finish. Apply in the morning to illuminate skin tone. Apply in the evening for overnight recovery. Creams & Moisturizers Beauty Fluids & Lotions Lotions Face Skin Care"
194-173-102-122,2,0,8282,B005HIGNGU,"L'Oreal Paris EverStyle Strong Hold Styling Spray, Alcohol-Free, 8.5 Ounce L&#39;Oreal Paris Everstyle offers hold and style with out compromise. Free of drying effects of alcohol, everstyle uses high performance no-residue styling polymers for superior style without build-up. Beauty Styling Products Hair Sprays Hair Care"
194-173-102-122,2,1,8292,B005HIHEMC,"L'Oreal Paris EverStyle Volume Lifting Root Spray, Alcohol-Free, 8.5 Fluid Ounce L&#39;Oreal Paris Everstyle offers hold and style with out compromise. Free of drying effects of alcohol, everstyle uses high performance no-residue styling polymers for superior style without build-up. Beauty Styling Products Hair Sprays Hair Care"
194-74-154-50,2,0,6413,B003UNPS0Q,"Kenra Platinum Blow-Dry Spray 3.4 oz Kenra Blow-Dry Spray dramatically decreases blow-dry time and provides intense heat protection from damage and breakage. This lightweight formulation detangles, smoothes, and softens while eliminating frizz and resisting humidity for long-lasting, healthy looking results. Beauty Styling Products Hair Sprays Hair Care"
194-74-154-50,2,1,8051,B0056MYSHI,"Kenra: Platinum Blow-Dry Spray, 3.4 oz Kenra Blow-Dry Spray dramatically decreases blow-dry time and provides intense heat protection from damage and breakage. This lightweight formulation detangles, smoothes, and softens while eliminating frizz and resisting humidity for long-lasting, healthy looking results. Beauty Styling Products Hair Sprays Hair Care"
197-245-255-189,2,0,8286,B005HIH67A,"L'Oreal Paris EverCreme Sulfate-Free Moisture System Intense Nourishing Shampoo, 8.5 Fluid Ounce L&#39;Oreal Paris Evercreme is the first sulfate-free moisture lock system that delivers lush 48-hour hydration without heavy coating waxes. Rich in natural omega 3-8. Shampoos Beauty Hair Care"
197-245-255-189,2,1,8287,B005HIH738,"L'Oreal Paris EverCreme Sulfate-Free Moisture System Intense Nourishing Conditioner, 8.5 Fluid Ounce L&#39;Oreal Paris Evercreme is the first sulfate-free moisture lock system that delivers lush 48-hour hydration without heavy coating waxes. Rich in natural omega 3-12. Beauty Hair Care Conditioners"
197-247-154-236,2,0,1660,B000KQ73J0,"JOICO K-PAK Reconstruct Deep-Penetrating Reconstructor, 8.5-Ounce Joico K-PAK Reconstructor contains the highest amount of Quadramine Complex than any other product in the Joico family.Hair is left shiny, strong and in a healthy, manageable state.K-PAK Reconstructor results in an immediately noticeable difference in strength, texture and appearance. Hair & Scalp Treatments Beauty Hair Care"
197-247-154-236,2,1,1869,B000O2O87U,"Joico K-Pak Deep-Penetrating Reconstructor (35.2 oz) Joico Joico - K-Pak Deep Penetrating Reconstructor contains the highest amount of Quadramine Complex than any other product in the Joico family. Hair is left shiny, strong and in a healthy, manageable state. K-PAK Reconstructor results in an immediately noticeable difference in strength, texture and appearance. Hair & Scalp Treatments Beauty Hair Care"
197-251-246-173,2,0,5139,B002PBACLY,"L'Oreal Paris EverStrong Sulfate-Free Fortify System Hydrate Conditioner, 8.5 Fluid Ounce L&#39;Oreal Paris Introducing formulas so gentle, yet so strengthening. Free of harsh sulfates, the EverStrong Sulfate-Free Fortify System contains our patented bio-ceramide complex, which strengthens the hair fiber after just one use, helping it resist breakage. A rich lather and natural aromatic properties from rosemary and mint help energize and invigorate the senses. Beauty Hair Care Conditioners"
197-251-246-173,2,1,5141,B002PBC9Y2,"L'Oreal Paris EverStrong Sulfate-Free Fortify System Reconstruct Conditioner, 8.5 Fluid Ounce L&#39;Oreal Paris Introducing formulas so gentle, yet so strengthening. Free of harsh sulfates, the EverStrong Sulfate-Free Fortify System contains our patented bio-ceramide complex, which strengthens the hair fiber after just one use, helping it resist breakage. A rich lather and natural aromatic properties from rosemary and mint help energize and invigorate the senses. Beauty Hair Care Conditioners"
197-255-125-86,2,0,10727,B00AF9D4JK,"L'Oreal Total Repair 5 Restoring Conditioner 12.6 FL OZ L&#39;Oreal Paris L'Oreal Total Repair 5 Restoring Conditioner 12.6 FL OZ. This new line of L'Oreal Advanced Hair care created for every hair type; with shampoos, conditioners and the best treatments ever to transform your hair. The Total Repair 5 Restoring Conditioner contains ceramide to rebuilt fibers, brings strength, vitality, silkiness and shine. Specially for damaged, overworked hair. Shampoo & Conditioner Sets Beauty Hair Care"
197-255-125-86,2,1,10728,B00AF9DGMA,"L'Oreal Total Repair 5 Restoring Shampoo 12.6 FL OZ L&#39;Oreal Paris L'Oreal Total Repair 5 Restoring Shampoo 12.6 FL OZ. This new line of L'Oreal Advanced Hair care created for every hair type; with shampoos, conditioners and the best treatments ever to transform your hair. The Total Repair 5 Restoring Shampoo contains ceramide to rebuilt fibers, brings strength, vitality, silkiness and shine. Specially for damaged, overworked hair. Shampoo & Conditioner Sets Beauty Hair Care"
197-78-205-145,2,0,1663,B000KQ9TME,"L'Oreal Professional Series Expert Absolut Repair Cellular with Lactic Acid, 6.7-Ounce Jar L&#39;Oreal Paris L'Oreal Absolut Repair Masque is a fortifying and restorative masque for hair that has lost structure and strength. Hair & Scalp Treatments Beauty Hair Care"
197-78-205-145,2,1,1664,B000KQ9TPG,"L'Oreal Professional Series Expert Absolut Repair Cellular Conditioner, Lactic Acid, 5-Ounce L&#39;Oreal Paris L'Oreal Professionnel Absolut Repair Conditioner is a fortifying and restorative conditioner for hair that has lost structure, volume and strength. Hair & Scalp Treatments Beauty Hair Care"
198-149-135-53,2,0,2403,B000VOLCPC,"Adidas Floral Dream by Adidas for Women - 1.7 Ounce EDT Spray adidas Launched by the design house of Adidas.When&#xA0;applying&#xA0;any fragrance please consider that there are several factors which can affect the natural smell of your skin and, in turn, the way a scent smells on you.&#xA0; For instance, your mood, stress level, age, body chemistry,&#xA0;diet, and current medications may all alter the scents you wear.&#xA0;&#xA0;Similarly, factor such as dry or oily&#xA0;skin can even affect the amount of time a fragrance will last after being applied Fragrance Women's Beauty Eau de Toilette"
198-149-135-53,2,1,2412,B000VOP79O,"Adidas Fruity Rhythm by Adidas for Women - 1.7 Ounce EDT Spray adidas Launched by the design house of Adidas.When&#xA0;applying&#xA0;any fragrance please consider that there are several factors which can affect the natural smell of your skin and, in turn, the way a scent smells on you.&#xA0; For instance, your mood, stress level, age, body chemistry,&#xA0;diet, and current medications may all alter the scents you wear.&#xA0;&#xA0;Similarly, factor such as dry or oily&#xA0;skin can even affect the amount of time a fragrance will last after being applied Moisturizers Beauty Body Lotions Skin Care"
198-228-171-160,2,0,1593,B000JL5V0E,"Euphoria Men by Calvin Klein for Men, Eau De Toilette Spray, 1.7 Ounce Calvin Klein Launched by the design house of Calvin Klein.When&#xA0;applying&#xA0;any fragrance please consider that there are several factors which can affect the natural smell of your skin and, in turn, the way a scent smells on you.&#xA0; For instance, your mood, stress level, age, body chemistry,&#xA0;diet, and current medications may all alter the scents you wear.&#xA0;&#xA0;Similarly, factor such as dry or oily&#xA0;skin can even affect the amount of time a fragrance will last after being applied Moisturizers Beauty Body Lotions Skin Care"
198-228-171-160,2,1,2411,B000VONB56,"Island Michael Kors By Michael Kors For Women, Eau De Parfum Spray, 1.7-Ounce Bottle Launched by the design house of Michael Kors.When&#xA0;applying&#xA0;any fragrance please consider that there are several factors which can affect the natural smell of your skin and, in turn, the way a scent smells on you.&#xA0; For instance, your mood, stress level, age, body chemistry,&#xA0;diet, and current medications may all alter the scents you wear.&#xA0;&#xA0;Similarly, factor such as dry or oily&#xA0;skin can even affect the amount of time a fragrance will last after being applied Fragrance Women's Beauty Eau de Parfum"
199-223-241-52,2,0,6412,B003UNP20W,"Sigma Essential Kit Sigma Beauty The Sigma Beauty Essential Kit contains twelve professional quality brushes for the face and eyes. This kit features all of the brushes needed to create a complete look at any level of artistry.

Brushes Included:

E05 - Eye Liner: Create smooth and even lines. Use with gel or liquid liners. 
E30 - Pencil: Soften and smoke out lines. Soften pencil liners along the top and bottom lash lines, add shadow to line the eyes, or use to highlight inner corner of eyes. 
E40 - Tapered Blending: Soft blended crease. Using just the tips to apply color, sweep back and forth through the crease for a diffused and blended finish. 
E55 - Eye Shading: Even application of color. Place color across the whole lid for an even and strong application of product. 
E60 - Large Shader: Uniformly cover the whole lid with product. Apply cream shadow base or cream shadow for quick and even coverage. 
E65 - Small Angle: Create precise lining. Moves fluidly and easily across the upper and lower lash lines. Use with gel, cream or powder liners. 
E70 - Medium Angled Shading: Soft application of color. Use for brow highlighting or to blend the crease. 
F30 - Large Powder: Even powder application. Uniform blending of powder products onto the face and body. 
F40 - Large Angled Contour: Subtle cheek application. Use the angle to softly contour the cheekbone. Can also be used to apply blush. 
F50 - Duo Fibre: Creates an airbrush effect onto the skin. Can be used with powder, liquid or cream products. Natural and Synthetic blend.
F60 - Foundation: Smooth foundation application. Apply liquid or cream products such as foundation and primer. 
F70 - Concealer: Conceal small areas. Conceal the hardest to reach areas such as around the nose and eyes. 

 2013 Sigma Enterprises, LLC Makeup Brushes & Tools Beauty Tools & Accessories Brushes & Applicators"
199-223-241-52,2,1,7550,B004Q1GCFG,"Sigma Basic Eyes Kit Sigma Beauty The Sigma Beauty Eyes Kit contains seven professional quality brushes for the eyes. Perfect for applying, shading and blending products, this kit is ideal for all over eye makeup application.
Brushes included:
E05 - Eye Liner: Create smooth and even lines. Use with gel or liquid liners.
E30 - Pencil: Soften and smoke out lines. Soften pencil liners along the top and bottom lash lines, add shadow to line the eyes, or use to highlight inner corner of the eyes.
E40 - Tapered: Blending Soft blended crease. Using just the tips to apply color, sweep back and forth through the crease for a diffused and blended finish.
E55 - Eye Shading: Even application of color. Place color across the whole lid for an even and strong application of product.
E60 - Large Shader: Uniformly cover the whole lid with product. Apply cream shadow base or cream shadow for quick and even coverage.
E65 - Small Angle: Create precise lining. Moves fluidly and easily across the upper and lower lash lines. Use with gel, cream or powder products.
E70 - Medium Angled Shading: Soft application of color. Use for brow highlighting or to blend the crease.

 2013 Sigma Enterprises, LLC Makeup Brushes & Tools Beauty Tools & Accessories Brushes & Applicators"
199-23-73-216,2,0,0,7806397051,"WAWO 15 Color Professionl Makeup Eyeshadow Camouflage Facial Concealer Neutral Palette COKA An extensive range of 15 multiple vibrant long wear concealer colour with different skin tones to create more than 10,000 amazing looks. Using the most commonly applied shades, ensures the best skin colour match and guarantees a traceless and natural finish. Enabling layering and mixing, provides total camouflage for almost any skin problem including blemishes, scars, birthmarks and black circles. It is also suitable to use as bronzer. The light colour is suitable for redness, acne and so on. The medium colour is perfect for dark shadows in the under-eye area. The dark colour provides exceptional camouflage and adheres well to the skin. Silky glossy colour and high quality ingredients together to care skin around and can last for all day long. It is perfect for Professional Salon, Wedding, Party and Home use. Size: 15.4 x 10.2 x 1.3cm. Each Diameter: 2.6cm. Concealer: 15 Color Concealer. Makeup Beauty Concealers & Neutralizers Face"
199-23-73-216,2,1,10002,B008GOR6O0,"Professional 15 Concealer Camouflage Makeup Palette BuyinCoins Kingmys An extensive range of 15 multiple vibrant long wear concealer colour with different skin tones to create more than 10,000 amazing looks. Using the most commonly applied shades, ensures the best skin colour match and guarantees a traceless and natural finish. Enabling layering and mixing, provides total camouflage for almost any skin problem including blemishes, scars, birthmarks and black circles. It is also suitable to use as bronzer. The light colour is suitable for redness, acne and so on. The medium colour is perfect for dark shadows in the under-eye area. The dark colour provides exceptional camouflage and adheres well to the skin. Silky glossy colour and high quality ingredients together to care skin around and can last for all day long. It is perfect for Professional Salon, Wedding, Party and Home use. Size: 15.4 x 10.2 x 1.3cm. Each Diameter: 2.6cm. Concealer: 15 Color Concealer. Makeup Beauty Concealers & Neutralizers Face"
20-216-166-86,2,0,1807,B000NKL3D0,"Curel Ultra Healing Lotion, 20 Ounce Curel Ceramides are naturally found in skin's vulnerable outer layer and help skin retain moisture. When skin's ceramide levels are low, skin hasdifficulty retaining moisture. While traditional lotions only hydrate skins surface, Cur&#xE9;l moisturizers work at the source of dryness to help replenish skin's ceramide levels, not just releiving symptoms, but actually, over time, preventing symptoms from recurring. Moisturizers Beauty Body Lotions Skin Care"
20-216-166-86,2,1,5839,B003A86J18,"Curel Daily Moisture Original Lotion, 20 Ounce Curel Ceramides are naturally found in skin's vulnerable outer layer and help skin retain moisture. When skin's ceramide levels are low, skin has difficulty retaining moisture. While traditional lotions only hydrate skins surface, Cur&#xE9;l moisturizers work at the source of dryness to help replenish skin's ceramide levels, not just relieving symptoms, but actually, over time, preventing symptoms from recurring. Moisturizers Beauty Body Lotions Skin Care"
20-40-31-6,2,0,3943,B001GGX0EK,"Proactiv Solution Revitalizing Toner 4 oz. Proactiv Step two of our Proactiv Solution daily essentials, this refreshing, alcohol-free toner helps balance skin tone and remove dead skin cells to reveal the vital, radiant skin beneath. 
Size: 4 oz.

Benefits: 
Our special formulation balances skin's natural acids

Witch hazel refines and purifies pores

Aloe and chamomile soothe and soften

Allantoin stimulates the grown of healthy tissue

Removes excess surface oil without drying Beauty Skin Care Toners & Astringents Face"
20-40-31-6,2,1,4409,B001SB9CL8,"Proactiv Solution Revitalizing Toner 6 oz. Kodiake Step two of Proactiv Solution's daily essentials, this refreshing, alcohol-free toner helps balance skin tone and remove dead skin cells to reveal the vital, radiant skin beneath. Size: 6 oz. Benefits: Our special formulation balances skin's natural acids Witch hazel refines and purifies pores Aloe and chamomile soothe and soften Allantoin stimulates the grown of healthy tissue Removes excess surface oil without drying Beauty Skin Care Toners & Astringents Face"
20-91-10-182,2,0,5496,B00306CISI,"Citron, Honey &amp; Coriander Ultra-Moisturising Hand Therapy Crabtree &amp; Evelyn Lock in lashings of moisture with our award-winning Citron, Honey & Coriander Hand Therapy. Infused with macadamia nut oil, shea butter and conditioning lemon, coriander and honey extracts, this intensive cream nourishes skin so it's noticeably smoother after each luxurious application. Hands & Nails Hand Creams & Lotions Beauty Skin Care"
20-91-10-182,2,1,8365,B005JVZGCW,"Pomegranate, Argan &amp; Grapeseed Ultra-Moisturising Hand Therapy Crabtree &amp; Evelyn Lock in lashings of moisture with our award-winning Hand Therapy. Infused with pomegranate, grapeseed and argan oils and fragrance notes of citrus and figs, this intensive macadamia nut oil- and shea butter-enriched cream nourishes skin so it's noticeably smoother after each luxurious application. Hands & Nails Hand Creams & Lotions Beauty Skin Care"
202-232-112-50,2,0,10684,B00ADR6L08,"OGX Conditioner, Anti-Breakage Keratin Oil, 13oz OGX Indulge in rich, fortifying keratin proteins that reinforce each strand, increasing elasticity to resist breakage caused by brushing and styling, while argan oil conditions and smoothes creating a luminescent shine. Strands are strengthened from within and nourished throughout for longer, stronger hair. Beauty Hair Care Conditioners"
202-232-112-50,2,1,10686,B00ADRGWNE,"OGX Shampoo, Anti-Breakage Keratin Oil, 13oz OGX Indulge in rich, fortifying keratin proteins that reinforce each strand, increasing elasticity to resist breakage caused by brushing and styling, while argan oil conditions and smoothes creating a luminescent shine. Strands are strengthened from within and nourished throughout for longer, stronger hair. Shampoos Beauty Hair Care"
202-238-48-131,2,0,1515,B000HLH758,"Dabur  Vatika Hair Oil, 300 ml Bottle Dabur Dabur Vatika is a premium coconut hair oil enriched with henna, amla, lemon, and six other trusted herbs. Vatika's unique natural formulation ensures deeper oil penetration to give your hair and scalp complete nourishment for problem-free, healthy hair. Hair & Scalp Treatments Beauty Hair Care"
202-238-48-131,2,1,4462,B001TI8XBU,"Dabur Vatika Enriched Coconut Hair Oil - 5.07fl oz Dabur Dabur Vatika is a premium coconut hair oil enriched with Henna, Amla, lemon and 6 other trusted herbs. Vatika's unique natural formulation ensures deeper oil penetration to give your hair and scalp complete nourishment for problem free, healthy hair. Hair & Scalp Treatments Beauty Hair Care"
202-247-27-53,2,0,11881,B00HNKRWI8,"Clear Scalp and Hair Intense Hydration Nourishing Conditioner, 12.7 Ounce Resilient, beautiful hair starts with the right foundation. Clear scalp and hair has a dual-action formulation: a white stripe of deep hydrating treatment, and an aqua stripe infused with cactus extract. It deeply hydrates the scalp and leaves hair resilient and beautiful. Hair & Scalp Treatments Beauty Hair Care"
202-247-27-53,2,1,11882,B00HNKRWII,"Clear Scalp and Hair Intense Hydration Nourishing Shampoo, 12.9 Ounce CLEAR Resilient, beautiful hair starts with the right foundation. Clear scalp and hair has a dual-action formulation: a white stripe of deep hydrating treatment, and an aqua stripe infused with cactus extract. It deeply hydrates the scalp and leaves hair resilient and beautiful. Shampoos Beauty Hair Care"
202-58-67-77,2,0,6743,B00449W12S,"Cantu Shea Butter Leave-In Conditioning Repair Cream, 16 Ounce Cantu Cantu shea butter leave in conditioning repair cream is an intensive deep penetrating leave in cream conditioning treatment that is made with pure shea butter and other natural oils to stop and mend breakage, repair split ends, and add manageability and shine with every application. When used daily, cantu shea butter leave in conditioning repair cream helps promote strong, long healthy hair. Beauty Hair Care Conditioners"
202-58-67-77,2,1,8334,B005IUGRBI,"Cantu Shea Butter Leave In Conditioning Repair Cream, 16 Ounce (Pack of 2) Cantu Cantu shea butter leave in conditioning repair cream is an intensive deep penetrating leave in cream conditioning treatment that is made with pure shea butter and other natural oils to stop and mend breakage, repair split ends, and add manageability and shine with every application. When used daily, cantu shea butter leave in conditioning repair cream helps promote strong, long healthy hair. Beauty Hair Care Conditioners"
202-78-203-227,2,0,8626,B005WKFHYC,"Peter Thomas Roth Mega Rich Shampoo, 8 Fluid Ounce Peter Thomas Roth Mega-Rich Shampoo is rich with Biotin B-7 Complex, Vitamins C, E and Pro Vitamin B5 for clean, shiny, nourished healthy-looking hair. Shampoos Beauty Hair Care"
202-78-203-227,2,1,8627,B005WKFS6E,"Peter Thomas Roth Mega Rich Conditioner, 8 Fluid Ounce Peter Thomas Roth This vitamin-infused conditioner nourishes with a mega-luxe Biotin B-7 Complex while Vitamins C, E and Pro Vitamin B5 leave hair soft, smooth, stylish and touchable. Beauty Hair Care Conditioners"
204-213-19-65,2,0,8080,B0058CJUIS,"Garnier Fructis Style Anti-Humidity Hairspray Extreme Control, Extreme Hold, 8.25 Ounce Garnier With natural bamboo extract. Provides bounce-back hold. 24-hour hold in 90% humidity. Garnier fructis style hairspray collection is our first ever hairspray with bamboo extract and anti-humidity protection for 24-hour, bounce-back hold and natural, healthy-looking movement, even in 90% humidity. Selected for its strength, suppleness and resilience, bamboo bends but never breaks. This formula keeps you in control of your style with frizz control and bounce-back hold that lasts all day. This versatile hairspray gives you the firmest hold over any style, even with moisture in the air for all day, every day. Control your style. Extreme control hairspray styles use any Garnier fructis style product with extreme control hairspray to create and control any style. Spray on dry hair to finish any style. Layer where it's needed most for added hold. Made in Canada. Beauty Styling Products Hair Sprays Hair Care"
204-213-19-65,2,1,8083,B0058CJV9G,"Garnier Fructis Style Anti-Humidity Hairspray UV Color Shield Ultra Strong Hold, 8.25 Ounce Garnier With UV filter and bamboo extract. Keeps color radiant and shiny. Provides bounce-back hold. 24-hour hold in 90% humidity. Garnier fructis style hairspray collection is our first ever hairspray with bamboo extract and anti-humidity protection for 24-hour, bounce-back hold and natural, healthy-looking movement - even in 90% humidity. Selected for its strength, suppleness and resilience, bamboo bends but never breaks. This formula keeps you in control of your style with frizz control and bounce-back hold that lasts all day. This color-protecting hairspray with a UV filter keeps your color radiant and shiny and gives you an ultra strong hold over any style, even with moisture in the air for all day, everyday. Create your style. UV color shield hairspray styles use any Garnier fructis style product before setting your style and helping to protect your color's radiance with UV color shield hairspray. Spray on dry hair to finish any style. Layer where it's needed most for added hold. Made in Canada. Beauty Styling Products Hair Sprays Hair Care"
204-41-150-207,2,0,6864,B0047ETODO,"L'Oreal Paris EverSleek Sulfate-Free Smoothing System Humidity Defying Leave-In Creme, 6.0 Fluid Ounce L&#39;Oreal Paris 48-Hour Frizz Control, Free of Heavy Silicones. The new standard of smooth has arrived. Ordinary smoothing shampoos can use harsh sulfates to cleanse hair, and have silicones that coat and weigh hair down. Free of harsh sulfates and heavy silicones, the EverSleek Sulfate-Free Smoothing System gently cleanses, and uses natural oils for weightless 48-Hour frizz control. EverSleek combines natural Argan, Sunflower, and Olive oils to penetrate and smooth hair, so that it stays weightlessly sleek through any weather. Beauty Styling Products Hair Care Hair Styling Serums"
204-41-150-207,2,1,7031,B004C1148K,"L'Oreal Paris EverSleek Sulfate-Free Smoothing System Frizz Taming Creme Serum, 1.9 Fluid Ounce L&#39;Oreal Paris 48-Hour Frizz Control, Free of Heavy Silicones. The new standard of smooth has arrived. Ordinary smoothing shampoos can use harsh sulfates to cleanse hair, and have silicones that coat and weigh hair down. Free of harsh sulfates and heavy silicones, the EverSleek Sulfate-Free Smoothing System gently cleanses, and uses natural oils for weightless 48-Hour frizz control. EverSleek combines natural Argan, Sunflower, and Olive oils to penetrate and smooth hair, so that it stays weightlessly sleek through any weather. Beauty Styling Products Hair Care Hair Styling Serums"
204-58-224-240,2,0,2325,B000V09TVK,"Garnier Nutrisse Haircolor, B3 Golden Brown Cafe Con Leche Garnier Rich, healthy-looking color- experience garnier nutrisse, a nourishing color treatment that gives you rich, healthy-looking color that really lasts. The exclusive color treatment, enriched with conditioners and fruit-oil concentrate, penetrates into the hair fibers to nourish deep down while delivering rich, long-lasting color. Nourishing avocado oil conditioner- enjoy the unique avocado-enriched conditioner that harnesses the restorative properties of avocado oil with vitamin e. It nourishes hair and protects against dryness, locking in color and moisture to keep your color rich and healthy-looking and your hair silky soft. Exclusively created for natural dark brown to black hair. Designed to lighten up to 4 levels lighter than your natural color with the brassiness. Not recommended for hair that has been colored to a black or dark brown shade. Not recommended or predominantly gray hair. Spreads easily, won't drip- love coloring your hair with the rich cr&#xE8;me formula enhanced with fragrant grape seed oil you can only get from garnier nutrisse. It spreads easily, won't drip, and the grape seed oil smells great while you color. Beauty Hair Color Hair Care Chemical Hair Dyes"
204-58-224-240,2,1,4156,B001LFK6RK,"Garnier Nutrisse Haircolor, 91 Light Ash Blonde Ginger Ale Garnier Rich, healthy-looking color- experience garnier nutrisse, a nourishing color treatment that gives you rich, healthy-looking color that really lasts. The exclusive color treatment, enriched with conditioners and fruit-oil concentrate, penetrates into the hair fibers to nourish deep down while delivering rich, long-lasting colornourishing avocado oil conditioner- enjoy the unique avocado-enriched conditioner that harnesses the restorative properties of avocado oil with vitamin e. It nourishes hair and protects against dryness, locking in color and moisture to keep your color rich and healthy-looking and your hair silky soft. Spreads easily, won't drip- love coloring your hair with the rich creme formula enhanced with fragrant grape seed oil you can only get from garnier nutrisse. It spreads easily, won't drip, and the grape seed oil smells great while you color. Beauty Hair Color Hair Care Chemical Hair Dyes"
205-144-28-93,2,0,736,B0009EXONC,"Big Sexy Hair Volumizing Hairspray, Spray &amp; Play, 10.0 oz (284 g) Big Sexy Property of Michael O'Rourke. No animal testing. Made in U.S.A. Beauty Styling Products Hair Sprays Hair Care"
205-144-28-93,2,1,1232,B000F41ZEG,"Big Sexy Hair Firm Volumizing Hairspray, Spray &amp; Play Harder, 10-oz (300 ml) 300 g Big Sexy Property of Michael O'Rourke. No animal testing. Made in U.S.A. Beauty Styling Products Hair Sprays Hair Care"
205-172-236-47,2,0,2083,B000QE6U54,Deva Curl Set it Free 6 oz. DevaCurl Put an end to frizz with this 24-48 hour moisture lock. Adds shine and defines curls with a long lasting hold. Scented with zesty lemon-lime. Not tested on animals. Made in USA. Curl Enhancers Beauty Styling Products Hair Care
205-172-236-47,2,1,3823,B001EWF3F0,"Deva  Curl Moisture Lock, Set it Free, 6-Ounces  (Pack of 2) DevaCurl Calling all curls. If you love your hair, set it free! Put an end to frizz with this 24-48 hour moisture lock. Adds shine and defines curls with a long lasting hold. Scented with zesty lemon-lime. Not tested on animals. Made in USA. Curl Enhancers Beauty Styling Products Hair Care"
207-239-85-114,2,0,3284,B0019CS6VI,"Styling Therapy - reduce+dandruff Cushion Brush Goody Kills 88% of bacteria and fungi that causes dandruff. Stops the itching, flaking and static. Ball-tipped bristles gently massage your scalp. Flexible cushion pad. Beauty Styling Tools Hair Care Brushes"
207-239-85-114,2,1,3287,B0019CU6T8,"Goody Styling Therapy Copper Paddle Brush Goody Maintain healthy hair and scalp with confidence; features ball-tipped bristles that gently massage the scalp. Infused with copper-plated bristles, this brush kills the fungus that causes dandruff and a dry flaky scalp. It also destroys bacteria and fungus associated with common scalp conditions. Copper kills the leading cause of dandruff. Beauty Styling Tools Hair Care Brushes"
208-175-158-40,2,0,6546,B003XUOLUO,100% Pure Honey Almond Nourishing Body Cream 8 oz 100% Pure Buy 100% Pure Body Lotion & Creams - 100% Pure Nourishing Body Cream - Honey Almond 236ml/8oz Moisturizers Beauty Body Skin Care Creams
208-175-158-40,2,1,6955,B004AVKP7I,100% Pure Pink Grapefruit Nourishing Body Cream (8 oz Tube) 100% Pure Buy 100% Pure Body Creams & Body Lotions - 100% Pure Nourishing Body Cream - Pink Grapefruit 236ml/8oz Moisturizers Beauty Body Skin Care Creams
209-118-112-145,2,0,10150,B008SYWGW0,"e.l.f. Angled Blush Brush e.l.f. Cosmetics The slanted shape of the angled blush brush offers precision application for a sculpted look. The soft dense bristles contours facial features easily. Use with cream, liquid or powder blush, bronzers or highlighters for a professional result. Makeup Brushes & Tools Beauty Tools & Accessories Brushes & Applicators"
209-118-112-145,2,1,10371,B009FIR05Q,e.l.f. Flawless Concealer Brush e.l.f. Cosmetics The unique rounded shape allows you to contour and cover areas easily. Create buildable coverage from light to heavy for a customizable look that is smooth and flawless. Makeup Brushes & Tools Beauty Tools & Accessories Brushes & Applicators
209-154-38-2,2,0,2575,B000XZSVQC,"Bare Escentuals Full Coverage Kabuki Brush Bare Escentuals Buff on your bareMinerals SPF 15 Foundation with speed and ease. The Kabuki's large, firm brush head allows for flawless, full-coverage application in record time. And it feels incredible on your skin. Makeup Brushes & Tools Beauty Tools & Accessories Brushes & Applicators"
209-154-38-2,2,1,3454,B001BBRPSW,"Bare Escentuals Maximum Coverage Concealer Brush - - [Health and Beauty] Bare Escentuals The smooth, synthetic bristles of this concealer brush allows full, concentrated coverage that blends into skin flawlessly. It holds more Multi-Tasking Bisque concealing bareMinerals, giving you extra coverage fast. Makeup Brushes & Tools Beauty Tools & Accessories Brushes & Applicators"
209-250-221-145,2,0,8491,B005OZXHEW,"Sigma F10 - Powder/Blush Sigma Beauty Unique Feature: Very soft and slightly beveled
Function: Precise placement of blush
Recommended Use: Use for powder application.

 2013 Sigma Enterprises, LLC Makeup Brushes & Tools Beauty Tools & Accessories Brushes & Applicators"
209-250-221-145,2,1,8500,B005P0YLIM,"Sigma F60 - Foundation Sigma Beauty Unique Feature: Firm and slightly tapered flat brush
Function: Smooth foundation application
Recommended Use: Apply liquid or cream products such as foundation and primer.

 2013 Sigma Enterprises, LLC Makeup Brushes & Tools Beauty Tools & Accessories Brushes & Applicators"
209-97-12-132,2,0,1898,B000OD31WW,"Ardell Lashgrip Strip Adhesive, Clear, 0.25 Ounce Ardell For strip lashes. Holds lashes securely in place. Easy to use. Beauty Tools & Accessories Eyelash Tools Fake Eyelashes & Adhesives Makeup Brushes & Tools"
209-97-12-132,2,1,2343,B000V2R3Y8,"Ardell Lashgrip Strip Adhesive, Dark, 0.25 Ounce Ardell For strip lashes. Holds lashes securely in place. Easy to use. Beauty Tools & Accessories Eyelash Tools Fake Eyelashes & Adhesives Makeup Brushes & Tools"
21-100-48-204,2,0,7440,B004MBJKRC,Muscle Soak Bath Salts 2 Lbs Our Muscle Soak Signature Bath Salts packaged in a 2lb premium luxury retail bag with peek-a-boo window and aroma valve. Salt Color: Natural white Grain Size: Standard Minerals & Salts Beauty Bath & Body Bath
21-100-48-204,2,1,7466,B004N7DQHA,"Epsoak Epsom Salt 19.75 Lbs Epsom Salt, a pure mineral compound (magnesium sulfate) in crystal form, packaged in a 19.75 pound re-sealable bulk bag. Color: natural/white Grain: Medium (standard) Minerals & Salts Beauty Bath & Body Bath"
21-141-129-78,2,0,4160,B001LNOCW2,"Pre de Provence 20% Shea Butter Hand Cream, Lavender, 2.5 -Ounce Tubes Pre de Provence Shea Butter is simply one of Natures richest moisturizers.  Rich in Vitamin F, deeply moisturizing and full of natural elastins.  Shea Butter is an essential ingredient for creating a rich moisturizing wash or cream. Hands & Nails Hand Creams & Lotions Beauty Skin Care"
21-141-129-78,2,1,4162,B001LNOCXQ,"Pre de Provence 20% Shea Butter Hand Cream, Verbena, 2.5 -Ounce Tubes Pre de Provence Shea Butter is simply one of Natures richest moisturizers.  Rich in Vitamin F, deeply moisturizing and full of natural elastins.  Shea Butter is an essential ingredient for creating a rich moisturizing wash or cream. Hands & Nails Hand Creams & Lotions Beauty Skin Care"
21-249-123-149,2,0,4402,B001S48IJC,"Organix Grapefruit Conditioner, Mango Butter, 13 Ounce Organix It's a tropical exotic sensation. Unique blend of Sulphate free product surfactants; Paraben free product. Beauty Hair Care Conditioners"
21-249-123-149,2,1,4404,B001S4C91K,"Organix Grapefruit Shampoo, Mango Butter, 13 Ounce Organix It's a tropical exotic sensation. Unique blend of Sulphate free product surfactants; Paraben free product. Shampoos Beauty Hair Care"
210-136-73-122,2,0,4597,B00239YCXM,"Dudu-Osun African Black Soap (100% Pure) Pack of 3 Tropical Naturals Specially formulated entirely from natural ingredients and herbs, this soap will have you feeling refreshed and silky smooth. Restores damaged skin and is helpful in healing chronic eczema, acne, freckles and dark spots. Scented with Osun (Camwood extract) citrus juices and native honey. Bio-degradable. No Preservatives, no preservatives and no artificial colors. Contains ingredients from natural plants and herbs from the tropical rain forest and Savannah regions such as Aloe Vera and natural vitamins. Pure Honey, Shea Butter, Osun (camwood), Palm kernel Oil, Cocoa Pod Ash, Palm Bunch Ash, Glycerine, Aloe Vera, Lime Juice & Oil, Lemon Juice & Oil, Water & Fragrance Soaps Beauty Bath & Body Cleansers"
210-136-73-122,2,1,4598,B0023A7JF4,"Dudu-Osun African Black Soap (100% Pure) 150g Pack of 4 Tropical Naturals Specially formulated entirely from natural ingredients and herbs, this soap will have you feeling refreshed and silky smooth. Restores damaged skin and is helpful in healing chronic eczema, acne, freckles and dark spots. Scented with Osun (Camwood extract) citrus juices and native honey. Bio-degradable. No Preservatives, no preservatives and no artificial colors. Contains ingredients from natural plants and herbs from the tropical rain forest and Savannah regions such as Aloe Vera and natural vitamins. Pure Honey, Shea Butter, Osun (camwood), Palm kernel Oil, Cocoa Pod Ash, Palm Bunch Ash, Glycerine, Aloe Vera, Lime Juice & Oil, Lemon Juice & Oil, Water & Fragrance Soaps Beauty Bath & Body Cleansers"
211-122-205-224,2,0,8386,B005KJ353U,"Own Products Rejuvenating Facial Cleanser The Own Difference: To truly solve a problem, you need a new approach. In the fight against aging, the same companies, same formulas and ways of thinking have persisted. For years, we've seen products with impossible claims, read lists of unrecognizable toxic and harsh ingredients, and heard a false dichotomy between ""natural"" and ""effective"". The Entrepreneurial people behind Own saw a need for a new way of thinking. They couldn't find clinically proven, quality, good-for-you anti-aging treatments so they started Own and created the products that they wanted for themselves. Own is a San Francisco based skin-health company that believes in the holistic (complete) approach towards healthy skin. Own believes that there are too many chemicals that are in our everyday lives - in our food, in our environment, and even in our skincare products. Own's foundation is in developing unique, innovative formulas that are effective in improving skin's overall health, but without the need for harsh chemicals. Beyond products, Own advocates for lifestyle changes to make real improvements in their skin health. Using SF Bay Area technology, Own created the first-to-market aging analysis app that empowers people to see their current aging situation. Now armed with personalized information about wellness, nutrition and beauty, people can make wiser choices for their healthiest skin. Own is the NEW way of looking at OLD. Beauty Washes Face Skin Care Cleansers"
211-122-205-224,2,1,8387,B005KJ35D0,"Own Products Refining Moisture Night Cream Own Products Inc The Own Difference: To truly solve a problem, you need a new approach. In the fight against aging, the same companies, same formulas and ways of thinking have persisted. For years, we've seen products with impossible claims, read lists of unrecognizable toxic and harsh ingredients, and heard a false dichotomy between ""natural"" and ""effective"". The Entrepreneurial people behind Own saw a need for a new way of thinking. They couldn't find clinically proven, quality, good-for-you anti-aging treatments so they started Own and created the products that they wanted for themselves. Own is a San Francisco based skin-health company that believes in the holistic (complete) approach towards healthy skin. Own believes that there are too many chemicals that are in our everyday lives - in our food, in our environment, and even in our skincare products. Own's foundation is in developing unique, innovative formulas that are effective in improving skin's overall health, but without the need for harsh chemicals. Beyond products, Own advocates for lifestyle changes to make real improvements in their skin health. Using SF Bay Area technology, Own created the first-to-market aging analysis app that empowers people to see their current aging situation. Now armed with personalized information about wellness, nutrition and beauty, people can make wiser choices for their healthiest skin. Own is the NEW way of looking at OLD. Creams & Moisturizers Beauty Night Creams Face Skin Care"
211-227-8-75,2,0,8214,B005F2AD3W,"AINHOA Luxe Gold Facial Serum, 1.05 Fluid Ounce AINHOA is an award-winning series of professional beauty products for use in the comfort of your home.  Pleasurable, convenient, made from the highest quality ingredients, these are Spa-quality products at affordable prices. Ainhoa has been available in the worlds&#x2019; finest hotels and spas for over 15 years, offering luxurious treatments using their products.   Whether you want daily use products or an intense treatment, whatever your skin type; the stunning Ainhoa range has the right products for you.  Treat yourself today and enter the exclusive world of Ainhoa. LUXE GOLD is a very special facial range containing Gold and highly sought-after Caviar Extract in even greater concentrations, to pamper the skin and this combination of innovative ingredients provides anti-wrinkle, regenerative, revitalizing, oxygenating and lifting actions. Caviar Extract is regenerative and nourishing while Gold stimulates cellular oxygenation, lifts and provides light reflection. Caviar Extract is rich in vitamins A, D, B1, B2, B6 and the elements Cobalt, Copper, Phosphorus, Silicon, Zinc; as well as Amino-Acids Glycine, Lysine, Histidine, Arginine and Asparagine. Additionally sources of marine DNA, key to skin cell regeneration.  This potent combination intensifies the processes inside the skin cells and moisturizes, slowing down the aging process.  You will not find higher Caviar Extract concentrations even in products that cost hundreds of dollars more than LUXE GOLD. LUXE GOLD Facial Serum offers regenerative and moisturizing properties. When used day and night before applying face cream this light, absorbent serum contributes to accelerating the skin's recovery, renewing skin cells and regenerating tissue.  A truly wonderful product to compliment your current day and night creams. dry/dehydrated skins / expression lines. Ainhoa products which compliment this range are: LUXE Cleansing Milk, LUXE Facial Tonic, SPECIFIC Glycolic Acid, PLASTIC MASK Lifting Mask, any AINHOA face cream. Oils & Serums Beauty Skin Care Face"
211-227-8-75,2,1,10282,B0094C5C3A,"AINHOA Men Vitality 24 Hours Cream, 1.7 Fluid Ounce AINHOA is an award-winning series of professional beauty products for use in the comfort of your home.  Pleasurable, convenient, made from the highest quality ingredients, these are Spa-quality products at affordable prices. Ainhoa has been available in the worlds&#x2019; finest hotels and spas for over 15 years, offering luxurious treatments using their products.  Whether you want daily use products or an intense treatment, whatever your skin type; the stunning Ainhoa range has the right products for you.  Treat yourself today and enter the exclusive world of Ainhoa. MEN is a complete range of products for face and body that have been designed just for Men. Formulated with Caviar Extract and natural plant extracts these products prepare and treat men's skin and their issues. The formulations are non-oily, gently and sensually fragranced, offering a smooth comfortable feel. MEN products are firming, calming, anti-aging, nourishing, rehydrating and help provide elasticity to the skin. Caviar Extract is rich in vitamins A, D, B1, B2, B6 and the elements Cobalt, Copper, Phosphorus, Silicon, Zinc; as well as Amino-Acids Glycine, Lysine, Histidine, Arginine and Asparagine. Additionally a source of marine DNA which is a key element to skin cell regeneration.  The potent combination of these ingredients intensifies the processes inside the skin cells and at the same time moisturizes, slowing down the aging process. MEN Vitality 24 Hours Cream is a daily use creamy gel moisturizer for applying at day and night. It is hydrating, nourishing, regenerative, protecting, anti-aging, firming, anti-oxidant and anti-wrinkle. It contains Caviar Extract, Vitamins, Glycosheres and Green Tea as well as Hyaluronic Acid.  Skin is left feeling smooth, firm and toned. The MEN range is recommended for all male skin types of all ages. Ainhoa products that compliment this range are:OXYGEN Oxygenating Cream, OXYGEN Oxygenating Facial Mask, SPECIFIC Glycolic Acid and SPECIFIC Hyaluronic Acid. Creams & Moisturizers Beauty Skin Care Face"
211-228-172-105,2,0,4601,B0023AT6R8,"Renpure Originals I Love My Hair! Body and Shine Shampoo, 13.5-Ounce Renpure Organics Our family has been making hair care products for over 40 years with over a billion bottles produced worldwide.  we became concerned about all the chemicals our family was exposed to on a daily basis, so we developed a new line of hair care products free from harmful chemicals.  we use only 100% certified organic extracts and safe, fresh, natural ingredients. Shampoos Beauty Hair Care"
211-228-172-105,2,1,4604,B0023AV31U,"Renpure Organics My Luscious Hair Needs Lift! Volumizing Shampoo, 13.5-Ounce Renpure Organics Our family has been making hair care products for over 40 years with over a billion bottles produced worldwide.  we became concerned about all the chemicals our family was exposed to on a daily basis, so we developed a new line of hair care products free from harmful chemicals.  we use only 100% certified organic extracts and safe, fresh, natural ingredients. Shampoos Beauty Hair Care"
211-229-132-74,2,0,904,B000ALCJR6,T3 Tourmaline 83808 Professional Featherweight Ceramic Ionic Hair Dryer T3 Tourmaline All T3 products that are purchased Direct from Amazon.com are covered by a 30 day Amazon warranty.  Applies only to products sold by Amazon.com. Does not apply to products sold on our site by third-party merchants or through third-party areas such as Amazon.com Marketplace or Auctions. Hair Dryers Beauty Styling Tools Hair Care
211-229-132-74,2,1,1625,B000K7JLGM,T3 Bespoke Labs 83808-SE Featherweight Professional Ionic Ceramic Tourmaline Hair Dryer Bespoke Labs All T3 products that are purchased Direct from Amazon.com are covered by a 30 day Amazon warranty.  Applies only to products sold by Amazon.com. Does not apply to products sold on our site by third-party merchants or through third-party areas such as Amazon.com Marketplace or Auctions. Hair Dryers Beauty Styling Tools Hair Care
211-245-155-76,2,0,128,B00005LBRT,"Avalon Organics Lavender Luminosity Daily Moisturizer, 2 Ounce Avalon Organics It's in our name: Avalon Organics. Our commitment to organic agriculture extends beyond personal care formulation to a passion for home-grown sustainability, a cleaner global environment and, of course, personal health. Our dedication to these ideals is summarized in our pledge,&#xA0;Consciousness in Cosmetics: To honor our bodies and the world we live in by creating an extraordinary range of truly effective personal care products that are inherently pure, safe and certified to the Standard for Personal Care Products Containing Organic Ingredients. Each of our products is made with organic ingredients, including botanicals, extracts and essential oils. We honor ourselves, our planet and our users with the Consciousness in Cosmetics promise. Creams & Moisturizers Beauty Skin Care Face"
211-245-155-76,2,1,2726,B0011DJICG,"Avalon Organics Bath and Shower Gel, Lavender, 32 Ounce Avalon It's in our name: Avalon Organics. Our commitment to organic agriculture extends beyond personal care formulation to a passion for home-grown sustainability, a cleaner global environment and, of course, personal health. Our dedication to these ideals is summarized in our pledge,&#xA0;Consciousness in Cosmetics: To honor our bodies and the world we live in by creating an extraordinary range of truly effective personal care products that are inherently pure, safe and certified to the Standard for Personal Care Products Containing Organic Ingredients. Each of our products is made with organic ingredients, including botanicals, extracts and essential oils. We honor ourselves, our planet and our users with the Consciousness in Cosmetics promise. Beauty Body Washes Bath & Body Cleansers"
213-146-251-67,2,0,11550,B00EUVG6OO,"500pc Crystal AB Round Rhinestone 3mm (10ss) 3D Acrylic Nail Art Decoration Cellphone Case USA SELLER! FAST SHIPPING! 2 large butterfly charms included High quality acrylic rhinestones. 

They can be used for card making,scrap-booking, wedding invitation, clothing, decorating you laptop, shoes, cell phone, iPad, nails, etc.

THESE ARE SO EASY TO USE AND WILL ADD BLING BLING TO YOUR NAILS FAST!

JUST APPLY YOUR TOP COAT WHEN ITS STILL TACKY  PLACE THE SHAPES WHERE YOU WANT THEM AND APPLY A SECOND TOP COAT TO SECURE. Beauty Tools & Accessories Nail Art Equipment Nail Tools"
213-146-251-67,2,1,11792,B00GXE7JP6,"600pc Crystal AB Round Rhinestone 3mm (10ss) 3D Acrylic Nail Art Decoration Cellphone Case USA SELLER! FAST SHIPPING! Includes 2 large butterfly charms High quality acrylic rhinestones. 

They can be used for card making,scrap-booking, wedding invitation, clothing, decorating you laptop, shoes, cell phone, iPad, nails, etc.

THESE ARE SO EASY TO USE AND WILL ADD BLING BLING TO YOUR NAILS FAST!

JUST APPLY YOUR TOP COAT WHEN ITS STILL TACKY  PLACE THE SHAPES WHERE YOU WANT THEM AND APPLY A SECOND TOP COAT TO SECURE. Beauty Tools & Accessories Nail Art Equipment Nail Tools"
213-172-5-136,2,0,2136,B000RBAPN4,"White color tip 550 pcs/box Nail Tips Natural curve, thin, easy apply with half-moon nail bed. Flexible, extremely durable, and easily attached to nails. Tips are sizes 0 thru.10. 50 pcs for each size. TOTAL 550 PCS IN BOX. Beauty Tools & Accessories"
213-172-5-136,2,1,3134,B0017BI80K,"Clear Tip 550pc/box, Box Include SAB nails Natural curve, thin, easy apply with half-moon nail bed. Flexible, extremely durable, and easily attached to nails. Tips are sizes 0 thru.10. 50 pcs for each size. TOTAL 550 PCS/BOX. Beauty Tools & Accessories Nail Art Equipment Nail Tools"
214-156-190-111,2,0,438,B00027D8IC,"Duo Lash Adhesive, Clear, 0.25 Ounce Duo Ask any makeup artist and they will tell you, &#x2018;it&#x2019;s not the lashes; it&#x2019;s the adhesive.&#x201D; For a perfect faux lash application, women look to duo, the world&#x2019;s best-selling waterproof lash adhesive. Duo adhesive is celebrated for its safe, gentle formula and the strong, sure hold it provides. One tube of duo (in both dark and clear tones) allows for countless applications because only a thin line of duo is required to create beautiful, eye-opening results. For both the lash expert and the faux phobic, duo adhesive ensures that lashes are easy to apply and they stay in place. Women who love their lashes incorporate them into their every day makeup routine. And women who want to experiment with the instant allure of lashes find that duo makes the difference between success and failure. Duo&#x2014;the makeup artist&#x2019;s best friend. Beauty Tools & Accessories Eyelash Tools Fake Eyelashes & Adhesives Makeup Brushes & Tools"
214-156-190-111,2,1,6611,B003ZS928U,"Duo Lash Adhesive - Clear, 0.25-Ounce (Pack of 2) Duo Ask any makeup artist and they will tell you, &#x2018;it&#x2019;s not the lashes; it&#x2019;s the adhesive.&#x201D;  for a perfect faux lash application, women look to duo, the world&#x2019;s best-selling waterproof lash adhesive.  duo adhesive is celebrated for its safe, gentle formula and the strong, sure hold it provides.  one tube of duo (in both dark and clear tones) allows for countless applications because only a thin line of duo is required to create beautiful, eye-opening results.  for both the lash expert and the faux phobic, duo adhesive ensures that lashes are easy to apply and they stay in place.  women who love their lashes incorporate them into their every day makeup routine.  and women who want to experiment with the instant allure of lashes find that duo makes the difference between success and failure. duo&#x2014;the makeup artist&#x2019;s best friend. Beauty Tools & Accessories Eyelash Tools Fake Eyelashes & Adhesives Makeup Brushes & Tools"
214-239-211-253,2,0,5146,B002PBEDT6,"L'Oreal Paris EverStrong Bodify Conditioner, 8.5-Fluid Ounce L&#39;Oreal Paris For hair that needs extra strength, now there is haircare that&#8217;s so gentle, yet so strong. The new EverStrong Sulfate-Free Fortify System&#8482; contains L&#8217;Or&#233;al&#8217;s patented Bio-Ceramide complex, which strengthens hair after just one wash. EverStrong Bodify Conditioner gently conditions and adds body to fine, limp hair, leaving it strong and silky. Natural aromatic properties from rosemary and mint help energize and invigorate the senses. Beauty Hair Care Conditioners"
214-239-211-253,2,1,5153,B002PBJLMU,"L'Oreal Paris EverStrong Bodify Shampoo, 8.5-Fluid Ounce L&#39;Oreal Paris For hair that needs extra strength, now there is haircare that&#8217;s so gentle, yet so strong. The new EverStrong Sulfate-Free Fortify System&#8482; contains L&#8217;Or&#233;al&#8217;s patented Bio-Ceramide complex, which strengthens hair after just one wash. EverStrong Bodify Shampoo gently cleanses and adds body to fine, limp hair, leaving it strong and silky. Rich lather and natural aromatic properties from rosemary and juniper help energize and invigorate the senses. Shampoos Beauty Hair Care"
214-42-237-240,2,0,98,B0000535U2,"Jason C-Effects Creme, 2 Ounces Jason Natural Cosmetics In 1959, a group of independent thinkers drew upon the pioneering spirit that was so much a part of their California heritage and set out on a road of rediscovery. Theirs was a path back to safer, natural ingredients proven to work together in effective ways. And so the J&#x100;S&#xD6;N&#xA0;(which means ""healer"" in Greek) brand was born. The&#xA0;J&#x100;S&#xD6;N&#xA0;team meticulously created&#xA0;body loving products&#xA0;staying true to the&#xA0;J&#x100;S&#xD6;N&#xA0;Code of Honor: select safe, wholesome, natural ingredients, rigorously test every formula to ensure safety and efficacy, never test on animals, and constantly innovate and improve. As one generation has given way to the next,&#xA0;J&#x100;S&#xD6;N&#xA0;products have remained on the path forged by the brand&#x2019;s founders, committed to discovering even more ways to offer personal care solutions safer for us, our families and our planet. Creams & Moisturizers Beauty Fluids & Lotions Lotions Face Skin Care"
214-42-237-240,2,1,2096,B000QUJ0IC,"Jason Quick Clean Pure Natural Makeup Remover, 75 Pads Jason Natural Cosmetics In 1959, a group of independent thinkers drew upon the pioneering spirit that was so much a part of their California heritage and set out on a road of rediscovery. Theirs was a path back to safer, natural ingredients proven to work together in effective ways. And so the J&#x100;S&#xD6;N&#xA0;(which means ""healer"" in Greek) brand was born. The&#xA0;J&#x100;S&#xD6;N&#xA0;team meticulously created&#xA0;body loving products&#xA0;staying true to the&#xA0;J&#x100;S&#xD6;N&#xA0;Code of Honor: select safe, wholesome, natural ingredients, rigorously test every formula to ensure safety and efficacy, never test on animals, and constantly innovate and improve. As one generation has given way to the next,&#xA0;J&#x100;S&#xD6;N&#xA0;products have remained on the path forged by the brand&#x2019;s founders, committed to discovering even more ways to offer personal care solutions safer for us, our families and our planet. Beauty Face Skin Care Cloths & Towelettes Cleansers"
217-28-122-253,2,0,260,B00013TQRE,"Rogaine for Women Hair Regrowth Treatment 3- 2 ounce bottles Rogaine What's your secret to thick, healthy-looking hair? ROGAINE. Women's ROGAINE Hair Regrowth Treatment is easy to use, and best of all, it works. That's why Women's ROGAINE is the number-one dermatologist-recommended brand for hair regrowth. Make ROGAINE part of your everyday beauty regimen and feel proud of your hair again.Women's ROGAINEUnscented Topical SolutionAt a Glance:Helps reverse the progression of hereditary hair lossContains minoxidil, the first FDA-approved ingredient clinically proven to regrow hair in womenThe #1 dermatologist-recommended brand for hair regrowthAvailable without a prescriptionView larger.ROGAINE is the #1 dermatologist-recommended brand for hair regrowth.View larger.Shampoo. Condition. ROGAINE.You may have hereditary hair loss, but you don't need to live with it forever. Women's ROGAINE contains topical minoxidil, the only FDA-approved over-the-counter ingredient clinically proven to regrow hair. ROGAINE works by getting inside your scalp to revitalize follicles and stimulate hair regrowth. That's why ROGAINE is the #1 dermatologist-recommended product for hereditary hair loss in women. The sooner you start, the better your chances of regrowing your hair.The Hair Growth Process: What Causes Hair Loss?Did you know the average woman is born with about 100,000 hair follicles on her head--and she keeps them for the rest of her life? Most women lose between 50 and 100 hairs a day. If your hair is healthy, it will grow back on its own. But if you're one of the 30 million women in America who experience hereditary hair loss, you may be losing 150 hairs or more a day--hair that doesn't grow back as thick and healthy as it once was.You may notice more hair on your brush, in your sink, or in the shower drain. As your hair begins to look thinner, it may become a challenge to style. The good news is, with ROGAINE, you can take control of hair loss and start regrowing beautiful, healthy hair--especially if you begin treatment at the very first signs of hair loss.Use Styling Products with ROGAINE? Sure!Using ROGAINE doesn't mean giving up your favorite styling products. So spray away. Gel it up and/or mousse around. Just make sure your styling aids don't interfere with letting ROGAINE become absorbed into your scalp. Always remember to wait until ROGAINE dries before you use your styling aids, and be sure to apply styling aids to your hair--not to your scalp.Waiting for ROGAINE to dry shouldn't slow you down one bit. Many women multitask. They apply ROGAINE and then, while ROGAINE dries, they put on makeup, have breakfast, or answer e-mail before they style their hair.A Pioneer in Hair RegrowthLike many great discoveries, the power of minoxidil to regrow hair came about by chance. In the 1980s, scientists discovered that minoxidil, being studied for other indications, actually showed signs of regrowing hair.ROGAINE applied this discovery to produce the first topical brand approved by the FDA to regrow hair. Since then, ROGAINE has empowered millions of people to take control of their hair loss with a series of breakthroughs.About ROGAINE: A History of Results and InnovationROGAINE is the first topical brand approved by the FDA to regrow hair--in both women and men. With more than 20 years of results and over 20,000 people in clinical trials, ROGAINE is the #1 dermatologist-recommended brand for hair regrowth. ROGAINE helps reverse the progression of hereditary hair loss.What's in the BoxWomen's ROGAINE Unscented Topical Solution (2-Ounce Bottles, Pack of 3).Once the formula completely dries, you can continue to use gel, hair spray, or mousse to style your hair. Hair Loss Products Beauty Hair Regrowth Treatments Hair Care"
217-28-122-253,2,1,836,B0009RF9OG,"Rogaine for Women Hair Regrowth Treatment, 2 Ounce Rogaine What's your secret to thick, healthy-looking hair? ROGAINE. Women's ROGAINE Hair Regrowth Treatment is easy to use, and best of all, it works. That's why Women's ROGAINE is the number-one dermatologist-recommended brand for hair regrowth. Make ROGAINE part of your everyday beauty regimen and feel proud of your hair again.Women's ROGAINEUnscented Topical SolutionAt a Glance:Helps reverse the progression of hereditary hair lossContains minoxidil, the first FDA-approved ingredient clinically proven to regrow hair in womenThe #1 dermatologist-recommended brand for hair regrowthAvailable without a prescriptionView larger.ROGAINE is the #1 dermatologist-recommended brand for hair regrowth.View larger.Shampoo. Condition. ROGAINE.You may have hereditary hair loss, but you don't need to live with it forever. Women's ROGAINE contains topical minoxidil, the only FDA-approved over-the-counter ingredient clinically proven to regrow hair. ROGAINE works by getting inside your scalp to revitalize follicles and stimulate hair regrowth. That's why ROGAINE is the #1 dermatologist-recommended product for hereditary hair loss in women. The sooner you start, the better your chances of regrowing your hair.The Hair Growth Process: What Causes Hair Loss?Did you know the average woman is born with about 100,000 hair follicles on her head--and she keeps them for the rest of her life? Most women lose between 50 and 100 hairs a day. If your hair is healthy, it will grow back on its own. But if you're one of the 30 million women in America who experience hereditary hair loss, you may be losing 150 hairs or more a day--hair that doesn't grow back as thick and healthy as it once was.You may notice more hair on your brush, in your sink, or in the shower drain. As your hair begins to look thinner, it may become a challenge to style. The good news is, with ROGAINE, you can take control of hair loss and start regrowing beautiful, healthy hair--especially if you begin treatment at the very first signs of hair loss.Use Styling Products with ROGAINE? Sure!Using ROGAINE doesn't mean giving up your favorite styling products. So spray away. Gel it up and/or mousse around. Just make sure your styling aids don't interfere with letting ROGAINE become absorbed into your scalp. Always remember to wait until ROGAINE dries before you use your styling aids, and be sure to apply styling aids to your hair--not to your scalp.Waiting for ROGAINE to dry shouldn't slow you down one bit. Many women multitask. They apply ROGAINE and then, while ROGAINE dries, they put on makeup, have breakfast, or answer e-mail before they style their hair.A Pioneer in Hair RegrowthLike many great discoveries, the power of minoxidil to regrow hair came about by chance. In the 1980s, scientists discovered that minoxidil, being studied for other indications, actually showed signs of regrowing hair.ROGAINE applied this discovery to produce the first topical brand approved by the FDA to regrow hair. Since then, ROGAINE has empowered millions of people to take control of their hair loss with a series of breakthroughs.About ROGAINE: A History of Results and InnovationROGAINE is the first topical brand approved by the FDA to regrow hair--in both women and men. With more than 20 years of results and over 20,000 people in clinical trials, ROGAINE is the #1 dermatologist-recommended brand for hair regrowth. ROGAINE helps reverse the progression of hereditary hair loss.What's in the BoxWomen's ROGAINE Unscented Topical Solution (2-Ounce Bottles, Single Pack).Once the formula completely dries, you can continue to use gel, hair spray, or mousse to style your hair. Hair Loss Products Beauty Hair Regrowth Treatments Hair Care"
218-190-207-236,2,0,5349,B002V4RRQI,"Wonder Wedge Cosmetic Wedges #1001 32 Count Wonder Wedges Buy Wonder Products Makeup Sponges & Puffs - Wonder Wedge Cosmetic Wedges #1001 32 Count Puffs, Sponges & Wedges Makeup Brushes & Tools Beauty Tools & Accessories"
218-190-207-236,2,1,5971,B003EIOWTA,"Wonder Wedge Cosmetic Wedges #06000 100 Count - Super Value Wonder Buy Wonder Products Makeup Sponges & Puffs - Wonder Wedge Cosmetic Wedges #06000 100 Count - Super Value Puffs, Sponges & Wedges Makeup Brushes & Tools Beauty Tools & Accessories"
218-255-66-29,2,0,270,B000142MGA,Fran Wilson Eye Tees Precision Makeup Applicators 80 Cotton Swabs Fran Wilson Buy Fran Wilson Makeup Brushes & Applicators - Fran Wilson Eye Tees Precision Makeup Applicators 80 Cotton Swabs Beauty Tools & Accessories Cotton Swabs Cotton & Swabs
218-255-66-29,2,1,312,B00015GWQU,Fran Wilson Nail Tees Precision Makeup Applicators 120 Cotton Swabs Fran Wilson Buy Fran Wilson Makeup Brushes & Applicators - Fran Wilson Nail Tees Precision Makeup Applicators 120 Cotton Swabs. How-to-Use: Makeup Brushes & Tools Beauty Tools & Accessories Brushes & Applicators
218-35-62-183,2,0,9120,B006U9D6D8,7pcs Brown Professional Cosmetic Makeup Make up Brush Brushes Set Kit with Silver Bag Case niceEshop niceEshop 7pcs Brown Professional Cosmetic Makeup Make up Brush Brushes Set Kit with Silver Bag Case Makeup Brushes & Tools Beauty Tools & Accessories Brushes & Applicators
218-35-62-183,2,1,10263,B00920R8QI,12pcs Professional Cosmetic Makeup Make up Brush Brushes Set With Purple Bag Case Generic 12pcs Professional Cosmetic Makeup Make up Brush Brushes Set With Purple Bag Case Makeup Brushes & Tools Beauty Tools & Accessories Brushes & Applicators
218-37-122-43,2,0,7650,B004TSFBNK,real Techniques Core Collection Set Real Techniques Makeup Brushes & Tools Beauty Tools & Accessories Brushes & Applicators
218-37-122-43,2,1,7653,B004TSFEBY,real Techniques Travel Essentials Set Real Techniques Makeup Brushes & Tools Beauty Tools & Accessories Brushes & Applicators
218-37-68-145,2,0,7646,B004TSF95U,real Techniques Kabuki Brush Real Techniques Makeup Brushes & Tools Beauty Tools & Accessories Brushes & Applicators
218-37-68-145,2,1,7652,B004TSFE6Y,real Techniques Stippling Brush Real Techniques Makeup Brushes & Tools Beauty Tools & Accessories Brushes & Applicators
220-60-41-152,2,0,1433,B000GIL12C,"Fahrenheit By Christian Dior For Men. Eau De Toilette Spray 6.8 Oz. Christian Dior Launched by the design house of Christian Dior in 1988, FAHRENHEIT is a Men's fragrance that possesses a blend of honeysuckle, sandalwood and balsam.  It is recommended for daytime wear.When&#xA0;applying&#xA0;any fragrance please consider that there are several factors which can affect the natural smell of your skin and, in turn, the way a scent smells on you.&#xA0; For instance, your mood, stress level, age, body chemistry,&#xA0;diet, and current medications may all alter the scents you wear.&#xA0;&#xA0;Similarly, factor such as dry or oily&#xA0;skin can even affect the amount of time a fragrance will last after being applied Fragrance Beauty Eau de Toilette Men's"
220-60-41-152,2,1,1960,B000P2528I,"Chantilly by Dana for Women - 3.5 Ounce EDT Spray Mist Dana Launched by the design house of Dana in 1941, CHANTILLY is a women's fragrance that possesses a blend of sandalwood, moss, and orange blossom.  It is recommended for evening wear.When&#xA0;applying&#xA0;any fragrance please consider that there are several factors which can affect the natural smell of your skin and, in turn, the way a scent smells on you.&#xA0; For instance, your mood, stress level, age, body chemistry,&#xA0;diet, and current medications may all alter the scents you wear.&#xA0;&#xA0;Similarly, factor such as dry or oily&#xA0;skin can even affect the amount of time a fragrance will last after being applied Fragrance Women's Beauty Eau de Toilette"
220-60-41-255,2,0,1079,B000C1ZFBG,"Versus Blue Jeans By Gianni Versace For Men, Eau De Toilette Spray 2.5-Ounces Versace By the design house of Gianni Versace, Versus is a oriental, woody fragrance with a blend of citrus, spices, woods, amber and musk. It is recommended for daytime wear.When&#xA0;applying&#xA0;any fragrance please consider that there are several factors which can affect the natural smell of your skin and, in turn, the way a scent smells on you.&#xA0; For instance, your mood, stress level, age, body chemistry,&#xA0;diet, and current medications may all alter the scents you wear.&#xA0;&#xA0;Similarly, factor such as dry or oily&#xA0;skin can even affect the amount of time a fragrance will last after being applied Fragrance Beauty Eau de Toilette Men's"
220-60-41-255,2,1,1958,B000P250NK,"Jewel by Alfred Sung for Women, Eau De Parfum Spray, 1.7-Ounce Alfred Sung Launched by the design house of Alfred Sung in 2005, JEWEL is a women's fragrance that possesses a blend of black currant, jasmine, and pear.  It is recommended for romantic wear.When&#xA0;applying&#xA0;any fragrance please consider that there are several factors which can affect the natural smell of your skin and, in turn, the way a scent smells on you.&#xA0; For instance, your mood, stress level, age, body chemistry,&#xA0;diet, and current medications may all alter the scents you wear.&#xA0;&#xA0;Similarly, factor such as dry or oily&#xA0;skin can even affect the amount of time a fragrance will last after being applied Fragrance Women's Beauty Eau de Parfum"
222-20-17-109,2,0,8256,B005GMY81O,"Wet 'n' Wild Lipstick, Think Pink 901B Wet &#39;n Wild Wet N Wild Megalast Matte Lip Color 901B. Lips take center stage! This 4-hour, longwearing lip color leaves a semi-matte, creme finish in one stroke, Glides on easily with rich, velvety color that doesn't cake, feather, or bleed. Made with hydrating skin-care ingredients, Hyaluronic Micro spheres. Wet n Wild silky-smooth conditioning lipstick formula is loaded with aloe and Vitamins A and E and glides on without feathering or bleeding. (0.13 Oz) Makeup Beauty Lipstick Lips"
222-20-17-109,2,1,8263,B005GMYQ52,"Wet N Wild Lipstick Bare It All #902C Wet &#39;n Wild Wet N Wild Lipstick Bare It All #902C. Lips take center stage! This 4-hour, longwearing lip color leaves a semi-matte, creme finish in one stroke, Glides on easily with rich, velvety color that doesn't cake, feather, or bleed. Made with hydrating skin-care ingredients, Hyaluronic Micro spheres. Wet n Wild silky-smooth conditioning lipstick formula is loaded with aloe and Vitamins A and E and glides on without feathering or bleeding. (0.13 Oz) Makeup Beauty Lipstick Lips"
223-183-106-147,2,0,7354,B004KATCFK,"OPI Katy Perry Collection Teenage Dream, 0.5 Fluid Ounce OPI Spring/Summer 2011 Katy Perry Collection. Dazzling, colorful & totally unique. Makeup Nails Beauty Nail Polish"
223-183-106-147,2,1,7555,B004Q8PE1C,"OPI Katy Perry Collection, Black Shatter, 0.5-Fluid Ounce OPI Spring/Summer 2011 Katy Perry Collection. Dazzling, colorful & totally unique. Makeup Nails Beauty Nail Polish"
223-208-223-192,2,0,6084,B003I8FQ6O,Nubar Sparkles Collection - Night Sparkle (G182) Nubar G182 Night Sparkle is a deep blue glitter in a deep blue tinted base Makeup Nails Beauty Nail Polish
223-208-223-192,2,1,6085,B003I8HJ96,"Nubar Sparkles Collection - Fire Sparkle (G181) Nubar G181 Fire Sparkle is a bright, fire red glitter in a red tinted base Makeup Nails Beauty Nail Polish"
223-208-223-245,2,0,6281,B003Q33DP2,Color Club Wild at Heart 871 Nail Polish Color Club Wild At Heart is a deep red-toned purple with slight holographic shimmer nail polish color. From the Color Club Wild At Heart Collection. Makeup Nails Beauty Nail Polish
223-208-223-245,2,1,8775,B0066SL56S,"Color Club Holiday Splendor ABM5129 Nail Polish Color Club Color Club Holiday Splendor is a green glitter with scattered holographic glitter in a transparent green jelly base nail polish color. From the Color Club Beyond the Mistletoe Collection, Winter 2011. Makeup Nails Beauty Nail Polish"
223-208-7-245,2,0,6280,B003Q332Y4,"Color Club Magic Attraction 843 Nail Polish Color Club Color Club Magic Attraction is a chunky holographic glitter in clear base nail polish color. From the Color Club Glitter Vixen Collection, Fall 2008. Makeup Nails Beauty Nail Polish"
223-208-7-245,2,1,8050,B0056L1JGM,"Color Club Revvvolution 852 (holographic) Color Club Color Club Revvvolution is a black holographic shimmer nail polish color. From the Color Club Femme Fatale Collection, Spring 2009. Makeup Nails Beauty Nail Polish"
223-78-106-22,2,0,2694,B0011294I0,"Revlon Sheer Nail Enamel, Sheer Rose 011 Revlon Nail Enamel .5 fl oz (14.7 ml) Makeup Nails Beauty Nail Polish"
223-78-106-22,2,1,9817,B0085XXNBC,Essie Summer 2012 Collection - Bikini So Teeny .5 fl oz Essie Makeup Nails Beauty Nail Polish
223-82-122-218,2,0,1864,B000O163JM,OPI Italian Love Affair OPI OPI Italian Love Affair amazing long lasting nail polish from OPI the world leader in professional nail care. Makeup Nails Beauty Nail Polish
223-82-122-218,2,1,5619,B0034E8XAS,OPI SOFT SHADES Samoan Sand NLP61 OPI OPI Samoan Sand amazing long lasting nail polish from OPI the world leader in professional nail care. Makeup Nails Beauty Nail Polish
224-78-132-67,2,0,1792,B000NJE0PO,Soft 'N Style Clear Spray Bottle 16 oz. (Pack of 6) Soft &#39;N Style Applicator Bottles Beauty Tools & Accessories Hair Coloring Tools
224-78-132-67,2,1,1797,B000NJG8B8,Soft 'N Style Fine Mist Spray Bottle 8 oz. (Pack of 6) Soft &#39;N Style Applicator Bottles Beauty Tools & Accessories Hair Coloring Tools
225-62-138-60,2,0,7938,B0051OKX98,"Wet n Wild Color Icon Eyeshadow Collection 737 Blue Had Me at Hello Wet &#39;n Wild Eight dynamic, perfectly color-coordinated shades with high pigment and pearl for ultra-impact color. Shades can be used together or individually to create an endless variety of looks. Makeup Eye Shadow Beauty Eyes"
225-62-138-60,2,1,9474,B007L51ET8,"Wet n Wild Color Icon Eyeshadow Collection 738 Comfort Zone Wet &#39;n Wild Eight dynamic, perfectly color-coordinated shades with high pigment and pearl for ultra-impact color. Shades can be used together or individually to create an endless variety of looks. Makeup Eye Shadow Beauty Eyes"
226-107-106-204,2,0,9290,B00761YIQ8,144 Pcs 12 Color 3D Butterfly Shaped Nail Art Fimo Slice Slices Decal Pieces Decoration w/ Wheel Vip Beauty Shop * FIMO shaped: Butterfly* Color: 12 Different Patterns* Quantity: More than 144 pcs* Box dimensions: 2.36 x 0.31 inch / 6 x 0.8 cm (Dia x H)* Weight:0.46oz/13g Makeup Nails Beauty Nail Art
226-107-106-204,2,1,10629,B00A73ZCP8,SODIAL- 120pcs 3D FIMO Slice Rose Flower Nail Art Tips Decoration SODIAL(TM) * Shaped: Rose* Color: 12 Different color* Material: FIMO* Quantity: 120pcs* Box dimensions: 2.56 x 0.43 inch / 6.5 x 1.1 cm (Dia x H)* Weight:16g/0.56oz Makeup Nails Beauty Nail Art
226-107-154-66,2,0,9139,B006UMU4NK,"World Pride&reg; Acrylic UV Gel False Nail Tip Clipper Cutter WorldPrideInc -100% brand new, never been used
-Suitable for Acrylic False Nails / Artificial Nails / Natural Nails
-Different cut styles: Well-cut/ Straight-edge/ Round edge
-Smooth cutting blade
-Suitable for professional use or home use

Package included:
1 x ACRYLIC UV GEL FALSE NAIL TIP CLIPPER CUTTER Beauty Tools & Accessories Nail Tools Clippers & Trimmers"
226-107-154-66,2,1,10133,B008RTNSJQ,"SODIAL(R) Acrylic Uv Gel False Nail Tip Clipper Cutter SODIAL(TM) * 100% brand new, never been used -Suitable for Acrylic False Nails / Artificial Nails / Natural Nails -Different cut styles: Well-cut/ Straight-edge/ Round edge -Smooth cutting blade -Suitable for professional use or home use* Contents: 1 x ACRYLIC UV GEL FALSE NAIL TIP CLIPPER CUTTER Beauty Tools & Accessories Nail Tools Clippers & Trimmers"
226-51-251-191,2,0,10459,B009OWLX8I,"World Pride Vintage Rhinestone Peacock Hair Clip -Pink Package included: 
1  Hair Clip. 

Gem color may appear darker due to monitor settings and light. 

Exquisite vintage style bronze metal hair comb. Great for wedding, parties, special occasions, gifting... or casual wearing... a wonderful addition to your collection! Hair Care Beauty Styling Accessories Styling Tools Clips"
226-51-251-191,2,1,10466,B009PVHU1W,"World Pride Vintage Rhinestone Peacock Hair Clip -Colorful Package included: 
1  Hair Clip. 

Gem color may appear darker due to monitor settings and light. 

Exquisite vintage style bronze metal hair comb. Great for wedding, parties, special occasions, gifting... or casual wearing... a wonderful addition to your collection! Hair Care Beauty Styling Accessories Styling Tools Clips"
227-130-99-213,2,0,764,B0009IMRLS,"Christian Dior Diorshow Waterproof Mascara, No. 090 Black, 0.38 Ounce Dior Buy Christian Dior Mascaras - Christian Dior DiorShow Waterproof Mascara 090 Black. How-to-Use: Apply mascara to clean and dry lashes. Begin with 2-3 coats and keep applying until the desired lash volume, length and separation is achieved. Makeup Beauty Eyes Mascara"
227-130-99-213,2,1,1930,B000OWHKMU,"CoverGirl Volume Exact Mascara 115 Brown Cover Girl Buy Cover Girl Mascaras - Cover Girl Volume Exact Mascara 115 Brown. How-to-Use: Apply mascara to clean and dry lashes. Begin with 2-3 coats and keep applying until the desired lash volume, length and separation is achieved. Makeup Beauty Eyes Mascara"
227-173-0-78,2,0,4970,B002ISV7B8,L'Oreal HiP Kohl Liner - Teal L&#39;Oreal Paris Iridescent looks for day or night this loose powder eyeshadow contains that extra pigment for peepers that pop. Makeup Beauty Eyes Eyeliner
227-173-0-78,2,1,4971,B002ISZ0CK,L'Oreal HiP Kohl Liner - Navy L&#39;Oreal Paris Iridescent looks for day or night this loose powder eyeshadow contains that extra pigment for peepers that pop. Makeup Beauty Eyes Eyeliner
227-173-197-105,2,0,9774,B0084A5N2S,"L'Oreal Paris Infallible Lacquer Eyeliner 24H, Bronze, 0.09 Ounces L&#39;Oreal Paris An intense lacquered look, now in a liner Makeup Beauty Eyes Eyeliner"
227-173-197-105,2,1,9775,B0084A5N5K,"L'Oreal Paris Infallible Lacquer Eyeliner 24H, Espresso, 0.09 Ounces L&#39;Oreal Paris An intense lacquered look, now in a liner Makeup Beauty Eyes Eyeliner"
227-202-98-97,2,0,7506,B004O3YCLC,"Revlon Just Bitten Lipstain Plus Balm, Victorian, 0.14 Ounce Revlon Revlon colorstay just bitten lipstain is a unique two-in-one lipstain plus balm for kiss-proof color with soft shine Makeup Beauty Lips Lip Stains"
227-202-98-97,2,1,7510,B004O3ZPMW,"Revlon Just Bitten Lipstain Plus Balm, Desire, 0.14 Ounce Revlon Revlon colorstay just bitten lipstain is a unique two-in-one lipstain plus balm for kiss-proof color with soft shine Makeup Beauty Lips Lip Stains"
227-243-15-251,2,0,7505,B004O3UIT2,"Almay Liquid Eyeliner Pen, Brown/Brun 0.056 Ounce smarttwarehouse Almay liquid eyeliner pen is Almay&#x2019;s first Flow-through liquid eyeliner pen that provides the precise look of a liquid with the easy application of a pencil. Makeup Beauty Eyes Liner & Shadow Combinations"
227-243-15-251,2,1,7508,B004O3YE2Y,"Almay Liquid Eyeliner Pen, Black, 0.056 Ounce Almay Almay liquid eyeliner pen is Almay&#x2019;s first Flow-through liquid eyeliner pen that provides the precise look of a liquid with the easy application of a pencil. Makeup Beauty Eyes Eyeliner"
23-237-151-117,2,0,12071,B00KLA4INE,"SALE 70% OFF TODAY | Best 1.0 mm 540 Needles Derma Microneedle Roller for Face and Body | Micro Needle Roller Titanium for Wrinkles, Crows Feet, Fine Lines and Scars, Stretch Marks, Large Pores, Cellulite Removal | COMES WITH FREE e-BOOK | Skin Care Therapy to Treat Hair Loss | Micro Derma Roller System Promotes Collagen Production to Discover Firmer Tighter and Smoother Skin in Just Days | Money Back Guarantee Tired of wrinkles and those unsightly acne scars and stretch marks? How about attaining a tighter skin?Do You Suffer From the Following Problems?:~ Superficial acne scarring~ Deep scars and stretch marks~ Sagging skin~ Wrinkles and fine lines~ Cellulite~ Large pores~ Hyperpigmentation~ Lax Skin & ElasticityOur Derma Micro Needle Roller is your best alternative to expensive surgeries and lasersWhat You Will Get Out Of Our Roller:~ Firmer and thicker skin~ Help smooth facial scars~ Stimulate collagen and elastin production~ Help with scar removal and stretch marks~ Stimulate hair growth~ Diminish the appearance of wrinkles and fine lines~ Save money from surgical and laser treatments~ Can be used on any part of the skin~ Creates multi micro-channels in the skin, allowing products more able to penetrate the skin at a deeper level than just surface application&#x2605;Contains 540 very fine medical grade stainless steel tiny needles.&#x2605;Receive a free e-Book when you purchase our serum.&#x2605;Petunia Skincare Derma Microneedle Roller has a 365 day money back guarantee - NO questions asked.Due to High Demand, Supplies Run Low - Click ""Add to Cart"" At The Top Of The Page! Beauty Skin Care Face"
23-237-151-117,2,1,12088,B00L0C529Q,"ONE DAY BLOWOUT SALE | Best 1.0 mm Derma Microneedle Roller for Face and Body | Micro Needle Roller Titanium for Wrinkles, Crows Feet, Fine Lines and Scars, Stretch Marks, Large Pores, Cellulite Removal | COMES WITH FREE e-BOOK | Skin Care Therapy to Treat Hair Loss | Micro Derma Roller System Promotes Collagen Production to Discover Firmer Tighter and Smoother Skin in Just Days | Money Back Guarantee Tired of wrinkles and those unsightly acne scars and stretch marks? How about attaining a tighter skin?Do You Suffer From the Following Problems?:~ Superficial acne scarring~ Deep scars and stretch marks~ Sagging skin~ Wrinkles and fine lines~ Cellulite~ Large pores~ Hyperpigmentation~ Lax Skin & ElasticityOur Derma Micro Needle Roller is your best alternative to expensive surgeries and lasersWhat You Will Get Out Of Our Roller:~ Firmer and thicker skin~ Help smooth facial scars~ Stimulate collagen and elastin production~ Help with scar removal and stretch marks~ Stimulate hair growth~ Diminish the appearance of wrinkles and fine lines~ Save money from surgical and laser treatments~ Can be used on any part of the skin~ Creates multi micro-channels in the skin, allowing products more able to penetrate the skin at a deeper level than just surface application&#x2605;Contains 200 very fine medical grade stainless steel tiny needles with 8 per row - the perfect balance to achieve safe optimal results.&#x2605;Receive a free e-Book when you purchase our serum.&#x2605;Petunia Skincare Derma Microneedle Roller has a 365 day money back guarantee - NO questions asked.Due to High Demand, Supplies Run Low - Click ""Add to Cart"" At The Top Of The Page! Sets & Kits Beauty Skin Care Face"
23-99-175-47,2,0,11997,B00IX42NB4,"Best Anti Aging Cream Reduces Wrinkels in Women and Men - Clinical Strength Bio-Peptide Wrinkle Cream Reduces Deep Wrinkles, Smooths Fine Lines and &quot;Crow's Feet&quot; - Tighten, Rejuvinate, and Rebuild Youthful, Healthy Skin - Boost Collagen and Ultra-Moisturize with Peptides Made For Your Skin - Great For Face, Under Eyes and Decolletage. You Love It Or We Buy It Back No Hassle Money Back Guarantee. [Reduced Price For Summer! Take 35% Off Automatically at Checkout!] &#9733; 1oz Concentrate (30ml) Amazing New Formula Is A Face Lift In A JarLiquere&#169; - the amazing formula isn't just for Hollywood stars. Now people all over are talking about what high tech Bio-Botanicals are doing for themWhat's the big discovery? Skin Repair In A Bottle.The answer is facinating. Its a mysterious formula from deep in your skin!  Skin Scientists have discovered the biological &quot;switch&quot; your skin uses to make or repair collagen.. Not a cover-up, this is actualskin repair in a bottle.Clinical studies at the University of Reading show Matrixyl can nearlydoublethe amount of collagen needed to give your skin a healthy wrinkle-free look!It's Easy To UseAll you do is apply the formula to your face and wait.  After it's absorbed, the collagen happens automatically.The Bio-Botanicals and Lipo-Peptides will deliver nourishing moisturizers deep into your skin and signal your cells to start building wrinkle-fighting collagen.Would You Like To Try This Remarkable Discovery?Wouldyoulike to look as young as you feel? If so, you can try this amazing formula without any risk at all: Simply click the orange &quot;Add To Cart&quot; button above. Then, as soon as it arrives, give it a try in the privacy of your own home... and  take a close look at the amazing change you see in the mirror!At the end of 30 days - or anytime before - if you're not 100% satisfied with the results... if your friends aren't accusing you of having a face-lift... Return the product and we will see that you get a refund with no hassles. Dark Circle Treatments Beauty Eyes Skin Care"
23-99-175-47,2,1,11998,B00IX4MF76,"Best Anti Aging Cream Reduces Wrinkels in Women and Men - Clinical Strength Bio-Peptide Wrinkle Cream Reduces Deep Wrinkles, Smooths Fine Lines and &quot;Crow's Feet&quot; - Tighten, Rejuvinate, and Rebuild Youthful, Healthy Skin - Boost Collagen and Ultra-Moisturize with Peptides Made For Your Skin - Great For Face, Under Eyes and Decolletage. You Love It Or We Buy It Back No Hassle Money Back Guarantee. [Reduced Price For Summer! Take 65% Off Automatically at Checkout!]&#9733; 2oz Jar (60ml) Amazing New Formula Is A Face Lift In A JarLiquere&#169; - the amazing formula isn't just for Hollywood stars. Now people all over are talking about what high tech Bio-Botanicals are doing for themWhat's the big discovery? Skin Repair In A Bottle.The answer is facinating. Its a mysterious formula from deep in your skin!  Skin Scientists have discovered the biological &quot;switch&quot; your skin uses to make or repair collagen.. Not a cover-up, this is actualskin repair in a bottle.Clinical studies at the University of Reading show Matrixyl can nearlydoublethe amount of collagen needed to give your skin a healthy wrinkle-free look!It's Easy To UseAll you do is apply the formula to your face and wait.  After it's absorbed, the collagen happens automatically.The Bio-Botanicals and Lipo-Peptides will deliver nourishing moisturizers deep into your skin and signal your cells to start building wrinkle-fighting collagen.Would You Like To Try This Remarkable Discovery?Wouldyoulike to look as young as you feel? If so, you can try this amazing formula without any risk at all: Simply click the orange &quot;Add To Cart&quot; button above. Then, as soon as it arrives, give it a try in the privacy of your own home... and  take a close look at the amazing change you see in the mirror!At the end of 30 days - or anytime before - if you're not 100% satisfied with the results... if your friends aren't accusing you of having a face-lift... Return the product and we will see that you get a refund with no hassles. Dark Circle Treatments Beauty Eyes Skin Care"
23-99-77-30,2,0,11695,B00GJ1UK3G,"Cellulite Massager Brush Mitt - Anti Cellulite Remover - Reduce Cellulite - Cellulite Brush - Remove Cellulite - Cellulite Cure - Anti Cellulite Treatment - Cellulite Reduction - Cellulite Removal - Lose Cellulite - Anti Cellulite Roller to Be Used with Cellulite Cream or Cellulite Oil. 100% NO Questions, NO Hassle Money Back/Replacement Guarantee for 90 Days! The Best Cellulite Massager You'll Need To Banish Bad Skin! Begin your Journey to Smoother, Flawless Skin Today!25 years and over 100 clinical studies validate massaging and its effect on cellulite and reducing the circumference of the fatty tissue at the area of the treated cellulite. Massage stimulation is regularly shown to significantly reduce the circumference of the thigh through lipolysis (fat reduction) and improve the appearance of cellulite.PROVEN AND EFFECTIVE- Replenish and repair your skin's smoothness and fights to reduce presence of unsightly fatty deposits- Re-activates cellular activity by mechanically stimulating your skin using a pleasant and non-aggressive technique- Vigorous massage increases blood flow, remove toxins and reduce excess fluid in cellulite-prone areas- Tightens, tones, restores and firms the appearance of your skinDURABLE AND DISTINCTIVE- Exclusively designed and patented handle is virtually indestructible, won't disintegrate over time, and allows wide variety of hand positions without slipping or falling- Specially-designed rubber nubs are firm yet pliable and won't easily break offRELAXING- Tackle tension, invigorate your skin, help stimulate circulation for a radiant glow and soothing relief to your whole bodyTREATMENT AND USAGEMake the Scala massage mitt a key part of your anti cellulite treatment plan along with a healthy, balanced diet and exercise to battle cellulite over time- Lather up body with cellulite cream or oil- Massage buttocks, thighs, or other body parts in a circular motion- Do not use on dry skin Bath Mitts & Cloths Beauty Bath & Body Bathing Accessories"
23-99-77-30,2,1,11696,B00GJ1ZNXI,"Cellulite Massager Roller -Anti Cellulite Remover - Reduce Cellulite - Cellulite Brush - Remove Cellulite - Cellulite Cure - Anti Cellulite Treatment - Cellulite Reduction - Cellulite Removal - Lose Cellulite - Anti Cellulite Roller To Be Used With Cellulite Cream or Cellulite Oil. 100% NO Questions, NO Hassle Money Back/Replacement Guarantee for 90 Days! The Best Cellulite Massager You'll Need To Banish Bad Skin! Begin your Journey to Smoother, Flawless Skin Today!25 years and over 100 clinical studies validate massaging and its effect on cellulite and reducing the circumference of the fatty tissue at the area of the treated cellulite. Massage stimulation is regularly shown to significantly reduce the circumference of the thigh through lipolysis (fat reduction) and improve the appearance of cellulite.PROVEN AND EFFECTIVE- Replenish and repair your skin's smoothness and fights to reduce presence of unsightly fatty deposits- Re-activates cellular activity by mechanically stimulating your skin using a pleasant and non-aggressive technique- Vigorous massage increases blood flow, remove toxins and reduce excess fluid in cellulite-prone areas- Tightens, tones, restores and firms the appearance of your skinDURABLE AND DISTINCTIVE- Exclusively designed and patented handle is virtually indestructible, won't disintegrate over time, and allows wide variety of hand positions without slipping or falling- Specially-designed roller balls are long-lasting and deliver a milder, more consistent feelRELAXING- Tackle tension, invigorate your skin, help stimulate circulation for a radiant glow and soothing relief to your whole bodyTREATMENT AND USAGEMake the Scala massage mitt a key part of your anti cellulite treatment plan along with a healthy, balanced diet and exercise to battle cellulite over time- Lather up body with cellulite cream or oil- Massage buttocks, thighs, or other body parts in a circular motion- Do not use on dry skin Bath Mitts & Cloths Beauty Bath & Body Bathing Accessories"
231-177-122-236,2,0,12081,B00KTLBDYM,"Curel Rough Skin Rescue, 13 Ounce Curel Rough Skin Rescue lotion gently loosens flakes without irritation, allowing essential hydration to reach the areas that need it most Moisturizers Beauty Body Lotions Skin Care"
231-177-122-236,2,1,12082,B00KTLBEEQ,"Curel Rough Skin Rescue, 20 Ounce Curel Rough Skin Rescue lotion gently loosens flakes without irritation, allowing essential hydration to reach the areas that need it most Moisturizers Beauty Body Lotions Skin Care"
231-208-203-233,2,0,5676,B00365DABC,"CeraVe Moisturizing Facial Lotion PM, 3 Ounce CeraVe CeraVe facial moisturizing lotion PM helps repair damaged skin and maintain the skin's natural protective function with ingredients not commonly found in other moisturizers. Its patented multivesicular emulsion (MVE) technology releases theses ingredients over time, penetrating deep into the skin to hydrate and nourish. Creams & Moisturizers Beauty Fluids & Lotions Lotions Face Skin Care"
231-208-203-233,2,1,6509,B003WN1ELQ,"CeraVe Moisturizing Facial Lotion AM, 3 Ounce CeraVe CeraVe facial moisturizing lotion AM helps repair damaged skin and maintain the skin's natural protective function with ingredients not commonly found in other moisturizers. Its patented multivesicular emulsion (MVE) technology releases theses ingredients over time, penetrating deep into the skin to hydrate and nourish. Creams & Moisturizers Beauty Fluids & Lotions Lotions Face Skin Care"
231-25-109-160,2,0,3856,B001FB5IEG,"Nivea Body Daily Lotion for Dry Skin, Smooth Sensation, 8.4 Fluid Ounce Bottle (Pack of 4) Nivea Triple action nourishes; revitalizes; absorbs quickly. With ginkgo, shea butter & Vitamin E. Moisturizers Beauty Body Lotions Skin Care"
231-25-109-160,2,1,4012,B001I90NN6,"Nivea Smooth Sensation Daily Lotion for Dry Skin, 13.5 Fluid Ounce (Pack of 3) Nivea Triple action, nourishes; revitalizes; absorbs quickly. With ginkgo, shea butter & Vitamin E. Moisturizers Beauty Body Lotions Skin Care"
231-78-199-229,2,0,914,B000AMBF5W,"Nivea Soft Refreshingly Soft Moisturizing Creme with Jojoba Oil &amp; Vitamin E, 6.8 Ounces Nivea For incredibly soft skin. Moisturizers Beauty Body Skin Care Creams"
231-78-199-229,2,1,3935,B001G7R3QK,"Palmer's Cocoa Butter Formula With Vitamin E Lotion Fragrance Free , 13.5-Ounce Bottle (Pack of 4) Palmer&#39;s Cocoa Butter Formula with Vitamin E  Softens, Smoothes and Relieves Dry Skin Moisturizers Beauty Body Lotions Skin Care"
233-118-61-107,2,0,10374,B009FNM67S,"e.l.f. Contouring Blush and Bronzing Powder, Turks and Caicos, 0.34 Ounce e.l.f. Cosmetics Create a healthy and natural glow all year long with the contouring blush and bronzing powder. The Blush highlights the cheeks to add a flush of color, while the bronzer accents and contours cheekbones for beautiful definition. This convenient compact has just what you need to achieve a gorgeous glow anytime, anywhere. Makeup Blush Beauty Face"
233-118-61-107,2,1,10512,B009WI5SPI,"e.l.f. Contouring Blush and Bronzing Powder, St. Lucia, 0.34 Ounce e.l.f. Cosmetics Create a healthy and natural glow all year long with the contouring blush and bronzing powder. The Blush highlights the cheeks to add a flush of color, while the bronzer accents and contours cheekbones for beautiful definition. This convenient compact has just what you need to achieve a gorgeous glow anytime, anywhere. Makeup Blush Beauty Face"
233-14-186-255,2,0,395,B00021CT10,"NARS Matte Eyeshadow, Thunderball Longwearing, crease resistant color in sheer wearable formulas. All NARS eyeshadows can be applied sheer or layered for a more dramatic effect. These richly pigmented powders blend effortlessly and can also be used wet for precisely lining the eyes. Makeup Eye Shadow Beauty Eyes"
233-14-186-255,2,1,396,B00021CT56,"NARS Shimmer Eyeshadow, Nepal Longwearing, crease resistant color in sheer wearable formulas. All NARS eyeshadows can be applied sheer or layered for a more dramatic effect. These richly pigmented powders blend effortlessly and can also be used wet for precisely lining the eyes. Makeup Eye Shadow Beauty Eyes"
233-216-23-38,2,0,8248,B005G9E98O,"NYX Mechanical Eye Pencil, White NYX Take your look to a whole new level of beautiful by emphasizing your eyes! The creamy texture of our mechanical pencil for eyes delivers intense pigmentation while it moisturizes. The formula is renowned for its lasting power. Illuminate your eyes with a variety of 15 mesmerizing eye shades! Makeup Beauty Eyes Eyeliner"
233-216-23-38,2,1,8249,B005G9LPAY,"NYX Mechanical Lip Pencil, Nectar NYX Take your look to a whole new level of beautiful by emphasizing your eyes! The creamy texture of our mechanical pencil for eyes delivers intense pigmentation while it moisturizes. The formula is renowned for its lasting power. Illuminate your eyes with a variety of 15 mesmerizing eye shades! Makeup Lip Liners Beauty Lips"
234-81-186-25,2,0,6966,B004BARCP6,Swissco Satin Sleep Mask Zebra Print Swissco Satin sleep mask in zebra print. sleep in style with this beautiful designed sleep mask Hands & Nails Beauty Skin Care Paraffin Baths
234-81-186-25,2,1,6967,B004BARCRY,Swissco Satin Sleep Mask Leopard Print Swissco Satin sleep mask in leopard print. sleep in style with this beautiful designed sleep mask Hands & Nails Beauty Skin Care Paraffin Baths
236-180-220-231,2,0,7801,B004Y9GTYE,"Maybelline New York Instant Age Rewind Eraser Dark Circles Treatment Concealer, Light 20, 0.2-fluid Ounce Maybelline Instantly creates a radiant, refreshed looking eye area. Super concentrated formula with goji berry and haloxyl helps to erase the appearance of dark circles and fine lines, while visibly diminishing the appearance of puffiness around the eyes. Makeup Beauty Concealers & Neutralizers Face"
236-180-220-231,2,1,7802,B004Y9GV60,"Maybelline New York Instant Age Rewind Eraser Dark Circles Treatment Concealer, Medium 30/130, 0.2-fluid Ounce Maybelline Instantly creates a radiant, refreshed looking eye area. Super concentrated formula with goji berry and haloxyl helps to erase the appearance of dark circles and fine lines, while visibly diminishing the appearance of puffiness around the eyes. Makeup Beauty Concealers & Neutralizers Face"
237-249-86-227,2,0,4822,B002D48QI4,"Glytone Mild Gel Wash, 6.7-Ounce Package Glytone Mild Gel WashTo cleanse.  Highly effective cleansers formulated with free glycolic acid to gently, yet thoroughly, rid skin of impurities.  4.7% glycolic acid. Beauty Cleansers Skin Care Face"
237-249-86-227,2,1,4823,B002D48QIE,"Glytone Mild Cream Wash, 6.7-Ounce Package Glytone Mild Cream WashTo cleanse.  Highly effective cleansers formulated with free glycolic acid to gently, yet thoroughly, rid skin of impurities.  3.4% glycolic acid. Beauty Cleansers Skin Care Face"
238-35-174-131,2,0,10877,B00AUV9GH2,Lovely Vintage Jewelry Crystal Butterfly Hairpins Hair stick - for hair Beauty Tools Oyang Lovely Vintage Jewelry Crystal Butterfly Hairpins Hair stick - for hair Beauty Tools Hair Care Beauty Styling Accessories Styling Tools Clips
238-35-174-131,2,1,11007,B00B7N7CTQ,Beautiful Jewelry Flowers Crystal Hair Clips - for hair clip Beauty Tools Oyang Color: multi Beautiful Jewelry Flowers Crystal Hair Clips - for hair clip Beauty Tools Hair Care Beauty Styling Accessories Styling Tools Clips
24-232-76-216,2,0,136,B00005R1H3,"Skin Success Eventone Fade Cream, For Oily Skin - 2.7 oz Skin Success With Vitamins C &amp; E, Alpha Hydroxy &amp; Sunscreen.Fades Dark Spots and FrecklesEvens Skin TonePalmer's Skin Success&reg; Eventone&reg; Fade Creamis specially formulated for oily skin with the most advanced skin care ingredients to give you a more radiant, balanced complexion.&nbsp; Our skin lightening formula is clinically proven to remove dark spots, freckles, and other skin discolorations that may be caused by age, the sun, minor scars, pregnancy or contraception use.&nbsp; Lightweight moisturizers combined with essential vitamins and Alpha Hydroxy soften skin's texture, eliminating any rough, flaky patches.&nbsp; Daily use will turn your skin to an even, natural tone.Palmer's Unconditional Guarantee...If not completely satisfied, simply return unused portion to manufacturer for full refund.Made in U.S.A. Creams & Moisturizers Beauty Fluids & Lotions Lotions Face Skin Care"
24-232-76-216,2,1,139,B00005S81T,"Skin Success Eventone Fade Cream, Regular - 2.7 oz Skin Success With Vitamins C &amp; E, Alpha Hydroxy &amp; Sunscreen.Fades Dark Spots and FrecklesEvens Skin TonePalmer's Skin Success&reg; Eventone&reg; Fade Creamis specially formulated for oily skin with the most advanced skin care ingredients to give you a more radiant, balanced complexion.&nbsp; Our skin lightening formula is clinically proven to remove dark spots, freckles, and other skin discolorations that may be caused by age, the sun, minor scars, pregnancy or contraception use.&nbsp; Special moisturizers combined with essential vitamins and Alpha Hydroxy soften skin's texture, eliminating any rough, flaky patches.&nbsp; Daily use will turn your skin to an even, natural tone.Palmer's Unconditional Guarantee...If not completely satisfied, simply return unused portion to manufacturer for full refund.Made in U.S.A. Creams & Moisturizers Beauty Skin Care Face"
241-111-18-184,2,0,7417,B004LUVN10,"Pearl Enterprises M.T. ROLLER .5mm Micro Needle Roller Skin Care Therapy Dermatology System (Dermaroller) The Microneedle works for various skin issues to make you look younger, more vibrant and with a healthy glow.  Best of all, it can be used almost on the entire body.  It rids stretch marks, cellulite, wrinkles, acne and promotes hair re-growth. Beauty Skin Care Face"
241-111-18-184,2,1,7418,B004LUZ956,"Pearl Enterprises M.T. ROLLER 1.0mm Micro Needle Roller Skin Care Therapy Dermatology System (Dermaroller) The Microneedle works for various skin issues to make you look younger, more vibrant and with a healthy glow.  Best of all, it can be used almost on the entire body.  It rids stretch marks, cellulite, wrinkles, acne and promotes hair re-growth. Beauty Skin Care Face"
241-225-75-53,2,0,1583,B000JGERAO,"Zeno Acne Clearing Device with 60-Count Cartridge Zeno Zeno is a hand-held battery-operated device designed with a tip that heats to a pre-set temperature.  The biocompatible tip is designed for direct contact with a blemish on the skin.  Once in contact with a blemish, the tip will transfer heat into the follicle.  An internal PID controller chip continually modulates the temperature to a fixed range even under different skin and circulation conditions by adjusting the flow of energy to match precisely the heat absorption of the individual user.  Zeno&#x92;s microprocessor adapts not only to your individual skin type but also to the heat absorption characteristics of the location of the pimple. Your Zeno adapts to you!  An integral digital timer controls the treatment time.  The level of heat does not cause skin damage.Specifically, Zeno stimulates a heat-shock response in p. acnes, the bacteria causing at least 90% of all acne blemishes. Heat shock proteins, activated by bacterial cells under heat stress, cause the self-destruction of p. acnes within the lesion, reducing inflammation and allowing the skin to return to a healthy state.What is Zeno?Zeno is a handheld, portable electronic medical device that is clinically proven to make pimples disappear fast. In fact, for treating acne pimples, it's the most scientifically advanced and effective device available without a prescription.What does it do?Zeno applies a precisely controlled heat dose directly to the pimple through a metal pad. One treatment lasts 2&#xBD; minutes. Two to three treatments spread over 24 hours clear up most pimples quickly. It's that simple.How does it work?Pimples occur when excess skin oil and flaking skin plug the opening of a hair follicle and create the ideal environment for acne bacteria to grow. Precisely controlled heat applied for a specific period of time causes the bacteria to self-destruct. When the bacteria die, the pimple goes away.How many treatments does it take?Two to three 2&#xBD;-minute treatments spread over 24 hours are sufficient for most pimples. Often, only one treatment is needed.Who should use Zeno?Zeno is for people with mild to moderate inflammatory acne. If in doubt, ask your doctor.When should Zeno be used?Use Zeno at the first sign of a pimple. It works best when used on a pimple in the early stages of development. Also, the sooner pimples are cleared up, the less chance they have to leave scars.How does Zeno compare with topical or oral treatments?Zeno can clear up a pimple in just hours. Most other medications can take days or even weeks to work. What's more, other than slight, temporary skin redness, Zeno has none of the side effects described by most topical or oral medications.Is Zeno safe and painless?Patients included in our clinical trials experienced little reaction to the low-level heat. Other than some temporary skin redness following a treatment cycle, no other adverse side effects were reported. But should you experience any discomfort when using Zeno, discontinue use and consult your skin care professional.Is Zeno all I need for acne?Zeno does not replace good skin hygiene or a doctor's care. It is designed to treat mild to moderate inflammatory acne. Your doctor may recommend other therapies, depending on the severity of your acne. Follow your doctor's advice and use Zeno for the occasional pimple. Beauty Skin Care Face"
241-225-75-53,2,1,1603,B000JQY2LI,"Zeno Pro Acne Clearing Device with 90 Count Cartridge, Pink Zeno is a hand-held battery-operated device designed with a tip that heats to a pre-set temperature.  The biocompatible tip is designed for direct contact with a blemish on the skin.  Once in contact with a blemish, the tip will transfer heat into the follicle.  An internal PID controller chip continually modulates the temperature to a fixed range even under different skin and circulation conditions by adjusting the flow of energy to match precisely the heat absorption of the individual user.  Zeno&#x92;s microprocessor adapts not only to your individual skin type but also to the heat absorption characteristics of the location of the pimple. Your Zeno adapts to you!  An integral digital timer controls the treatment time.  The level of heat does not cause skin damage.Specifically, Zeno stimulates a heat-shock response in p. acnes, the bacteria causing at least 90% of all acne blemishes. Heat shock proteins, activated by bacterial cells under heat stress, cause the self-destruction of p. acnes within the lesion, reducing inflammation and allowing the skin to return to a healthy state.What is Zeno?Zeno is a handheld, portable electronic medical device that is clinically proven to make pimples disappear fast. In fact, for treating acne pimples, it's the most scientifically advanced and effective device available without a prescription.What does it do?Zeno applies a precisely controlled heat dose directly to the pimple through a metal pad. One treatment lasts 2&#xBD; minutes. Two to three treatments spread over 24 hours clear up most pimples quickly. It's that simple.How does it work?Pimples occur when excess skin oil and flaking skin plug the opening of a hair follicle and create the ideal environment for acne bacteria to grow. Precisely controlled heat applied for a specific period of time causes the bacteria to self-destruct. When the bacteria die, the pimple goes away.How many treatments does it take?Two to three 2&#xBD;-minute treatments spread over 24 hours are sufficient for most pimples. Often, only one treatment is needed.Who should use Zeno?Zeno is for people with mild to moderate inflammatory acne. If in doubt, ask your doctor.When should Zeno be used?Use Zeno at the first sign of a pimple. It works best when used on a pimple in the early stages of development. Also, the sooner pimples are cleared up, the less chance they have to leave scars.How does Zeno compare with topical or oral treatments?Zeno can clear up a pimple in just hours. Most other medications can take days or even weeks to work. What's more, other than slight, temporary skin redness, Zeno has none of the side effects described by most topical or oral medications.Is Zeno safe and painless?Patients included in our clinical trials experienced little reaction to the low-level heat. Other than some temporary skin redness following a treatment cycle, no other adverse side effects were reported. But should you experience any discomfort when using Zeno, discontinue use and consult your skin care professional.Is Zeno all I need for acne?Zeno does not replace good skin hygiene or a doctor's care. It is designed to treat mild to moderate inflammatory acne. Your doctor may recommend other therapies, depending on the severity of your acne. Follow your doctor's advice and use Zeno for the occasional pimple. Beauty Skin Care Face"
242-140-137-131,2,0,2652,B000ZV0D9W,Konad Nail Art Stamping Polish - Black KONAD Nail Art Konad Nail Art Stamping Polish - Black Makeup Nails Beauty Nail Polish
242-140-137-131,2,1,7148,B004E2UO74,Konad Nail Art Stamping Polish - Green KONAD Nail Art Konad Nail Art Stamping Polish - Green Makeup Nails Beauty Nail Polish
242-229-74-124,2,0,11099,B00BIAKTMU,"gelish a mint of spring 467 2013 Gelish gelish a mint of spring 467 2013
 This item is non-returnable Makeup Nails Beauty Nail Polish"
242-229-74-124,2,1,11100,B00BIAPEV6,"gelish a petal for your thoughts 463 2013 Gelish gelish a petal for your thoughts 463 2013
This item is non-returnable Makeup Nails Beauty Nail Polish"
242-62-198-86,2,0,11483,B00E51B39M,Opi San Francisco Collection Fall &amp; Winter 2013 Lost on Lombard OPI Opi San Francisco Collection Fall & Winter 2013 Lost on Lombard Makeup Nails Beauty Nail Polish
242-62-198-86,2,1,11484,B00E52F6G2,Opi San Francisco Collection Fall &amp; Winter 2013 Dinng Al Frisco OPI Opi San Francisco Collection Fall & Winter 2013 Dinng Al Frisco Makeup Nails Beauty Nail Polish
243-23-94-121,2,0,8573,B005TT8T4G,"Balkis - 6ml (.2 oz) Perfume Oil by Al-Rehab (Crown Perfumes) Al-Rehab Balkis has a oriental feminine fragrance enriched with vanilla. Used by both men and women. Al-Rehab is one of Saudi Arabia's leading perfume manufacturer which creates fine traditional Arabian and oriental perfumes. The perfumes are made of precious natural essences (Oud, Rose of Taif, Incense, Musk, Sandalwood and rare spices). Al-Rehab produces liquid perfumes, perfume oils (or attars, which is a traditional name of Arabian perfumes), solid perfumes and fragrances. You can choose a fragrance concentration you prefer: all perfume oils and solid perfumes are alcohol free. Fragrance Women's Beauty Essential Oils"
243-23-94-121,2,1,8575,B005TT8UJK,"Lovely - 6ml (.2 oz) Perfume Oil by Al-Rehab (Crown Perfumes) Al-Rehab Description  by Al-Rashad Books: ""Lovely has a Delicate sweet creamy citrus and floral notes with slight overlapping tones of musk. Popular among women."" Al-Rehab is one of Saudi Arabia's leading perfume manufacturer which creates fine traditional Arabian and oriental perfumes. The perfumes are made of precious natural essences (Oud, Rose of Taif, Incense, Musk, Sandalwood and rare spices). Al-Rehab produces liquid perfumes, perfume oils (or attars, which is a traditional name of Arabian perfumes), solid perfumes and fragrances. You can choose a fragrance concentration you prefer: all perfume oils and solid perfumes are alcohol free. Fragrance Women's Beauty Essential Oils"
243-92-237-255,2,0,10069,B008M2ASBO,"Nemat Fragrances - Amber White Roll-on Perfume (5ml/.17fl Oz) Nemat fragrances are blended in USA using exotic essential oils and fragrance ingredients from around the world. Our perfume oil starts with a barely there fragrance and gently blooms as your body heat warms the fragrance, and because it contains no alcohol, the scent is in its purest form and lasts very long. Our products have earned great reviews and are now available at various chain stores and on-line outlets. Indulge in unique, exotic fragrances and be pleasantly surprised. Fragrance Women's Beauty Eau de Parfum"
243-92-237-255,2,1,10070,B008MAON08,"Nemat Fragrances - Amber White Perfume Oil (10ml / .34fl Oz) Nemat fragrances are blended in USA using exotic essential oils and fragrance ingredients from around the world. Our perfume oil starts with a barely there fragrance and gently blooms as your body heat warms the fragrance, and because it contains no alcohol, the scent is in its purest form and lasts very long. Our products have earned great reviews and are now available at various chain stores and on-line outlets. Indulge in unique, exotic fragrances and be pleasantly surprised. Fragrance Women's Beauty Eau de Parfum"
244-174-151-173,2,0,1491,B000H8UN3Y,"Biore Ultra Deep Cleansing Pore Strips, 6 Count Biore Offer maximum pore cleansing power to combat headstrong pore-clogging dirt and oil around the nose area. Formulated with tea tree oil, menthol and witch hazel, you can feel the strips working as they deep clean, refresh and purify pores. Beauty Pore Cleansing Strips Treatments & Masks Face Skin Care"
244-174-151-173,2,1,5469,B002YY3RT6,"Biore Ultra Deep Cleansing Pore Strips, 6 Nose Strips each Biore Biore ultre deep cleansing pore strips offer maximum pore cleansing power to combat headstrong pore-clogging dirt and oil around the nose area. Formulated with tea tree oil, menthol and witch hazel, you can feel the strips working as the deep clean, refresh and purify pores. Beauty Pore Cleansing Strips Treatments & Masks Face Skin Care"
246-158-213-55,2,0,7141,B004DN8F4S,"Ott-lite Natural Daylight Makeup Mirror, White/Chrome (26 Watt) OttLite Illuminate your natural beauty!  bring the accuracy and beauty of ottlite natural lighting indoors to help you apply makeup flawlessly for a confident look with no surprises once you go outside. the secret to the ottlite makeup mirror is the precise blend of light wavelengths &#x2013; ottlite 508 illumination. colors are true and vibrant. details are incredibly clear &#x2013; for a fresh, beautiful look every time.   includes two 13 watt ottlite bulbs. Mirrors Beauty Tools & Accessories Makeup Mirrors"
246-158-213-55,2,1,7142,B004DN8F7K,"Ott-lite Natural Daylight Makeup Mirror, Black/chrome (26 Watt) OttLite Illuminate your natural beauty!  bring the accuracy and beauty of ottlite natural lighting indoors to help you apply makeup flawlessly for a confident look with no surprises once you go outside. the secret to the ottlite makeup mirror is the precise blend of light wavelengths &#x2013; ottlite 508 illumination. colors are true and vibrant. details are incredibly clear &#x2013; for a fresh, beautiful look every time.   includes two 13 watt ottlite bulbs. Mirrors Beauty Tools & Accessories Makeup Mirrors"
246-228-231-213,2,0,6233,B003O52BHS,"Freetress Equal Lace Front Baby Hairline Wig - Abby - 1 Freetress Realistic Baby Hair Ultimate Natural LookEQUAL is the premium ""LUXURY INTEGRATION"" of most expensive synthetic hairs. It's called EQUAL because it looks and feels just like human hair. Boasting its most human-hair-like sheen, it is the most manageable and long-lasting synthetic hair product available. It's all in the fiber _ more natural | more manageable | longer lasting-Realistic ""Baby Hair"" for the ultimate NATURAL look.-Iron safe FUTURA fiber for Flexible ""Freedom Styling""-Hassle-Free secure fitting with No Glue, No Tape feature.-Silky Soft, Tangle-Free, Volumized texture with Easy Parting.Quick Style In A Minute ! - No Glue! No Tape! Necessary-Braid hair in cornrow or wrap to secure.-Trim lace according to hairline.-Secure lace front using hair pins.-Style as you desire.OPTION A. Using Lace Front Double Sided TapeOPTION B. Using Lace Front GlueREMOVING ADHESIVE-Apply remover around the lace thoroughly.-Gently remove the lace when it softens.Caring Instruction-Use lace adhesive remover to thoroughly remove the adhesive and oils from the lace.-Store your lace front wig on a wig stand or mannequin head or stuff with paper or towel to maintain its shape.-Refrain from the use of heavy oils or pomades.-To freshen up the wig, mist with water and shake out the curls. Hair Extensions & Wigs Hair Care Beauty Styling Products Wigs"
246-228-231-213,2,1,7597,B004S7X4OU,"Freetress Equal Lace Front Natural Hairline Wig - Jealousy Color 2 Equal Natural Hairline The Luxury IntegrationEQUAL is the premium ""LUXURY INTEGRATION"" of most expensive synthetic hairs. It's called EQUAL because it looks and feels just like human hair. Boasting its most human-hair-like sheen, it is the most manageable and long-lasting synthetic hair product available. It's all in the fiber _ more natural | more manageable | longer lasting-NEW!!! Front & Rear Realistic ""Baby Hair"" for the ultimate Natural look-Express your natural & glamorous updo-Iron Safe Futura Fiber for Flexible ""Freedom Styling""-Hassle-Free secure fitting with No Glue. No Tape featureQuick Style In A Minute! No Glue! No Tape! Necessary-Braid hair in cornrow or wrap to secure.-Trim lace according to hairline-Secure lace front using hair pins-Style as you desireOption A - Using Lace Front Double Sided TapeOption B - Using Lace Front GlueRemoving Adhesive-Apply remover around the lace thoroughly-Gently remove the lace when it softens Hair Extensions & Wigs Hair Care Beauty Hair Extensions Styling Products"
246-42-17-53,2,0,5331,B002UL5ZKC,"Bdellium Tools Professional Antibacterial Makeup Brush Studio Line - Pencil Shaped Blending 780 Bdellium Tools Studio Line of brushes are makeup tools designed from top grade materials and assembled by hand for a superior quality. Each and every brush showcases the flawless application medium that is Bdellium Tools. From precisely shaped brush heads to balanced mixtures of natural and/or synthetic hair bristles, the luxuriously lacquered long wooden handles of the Studio Line will give you optimum control and comfort resulting in a perfect application time after time. All of the Studio Line brushes are treated with an antibacterial agent on the bristles. Makeup Brushes & Tools Beauty Tools & Accessories Brushes & Applicators"
246-42-17-53,2,1,5333,B002ULA2VE,"Bdellium Tools Professional Antibacterial Makeup Brush Studio Line - Shading Blending Eye 776 Bdellium Tools Studio Line of brushes are makeup tools designed from top grade materials and assembled by hand for a superior quality. Each and every brush showcases the flawless application medium that is Bdellium Tools. From precisely shaped brush heads to balanced mixtures of natural and/or synthetic hair bristles, the luxuriously lacquered long wooden handles of the Studio Line will give you optimum control and comfort resulting in a perfect application time after time. All of the Studio Line brushes are treated with an antibacterial agent on the bristles. Makeup Brushes & Tools Beauty Tools & Accessories Brushes & Applicators"
248-172-83-243,2,0,2687,B001118AYU,"Dr. King's Natural Medicine Gout Symptom Formula, 2 Fluid Ounce Dr. King&#39;s Natural Medicine For fast relief of pain in the great toe, heel, foot, joints including swelling, burning, itching, tingling, tearing pains, throbbing, cramps, shooting pains. Safe and natural homeopathic formulas. No alcohol, dairy, glutens, sugar or yeast. Taste free, odor free, pure water base. Moisturizers Beauty Body Lotions Skin Care"
248-172-83-243,2,1,9170,B006X1INQI,"Dr. King's Natural Medicine Advanced Arnica , 2 Fluid Ounce Dr. King&#39;s Natural Medicine For temporary relief of symptoms due to injury or overexertion, bruises, muscle pain, inflammation, body aches, sprains, traumatic injury, redness and swelling, soreness after exercise and rheumatic pain. Safe and natural homeopathic formulas. No alcohol, dairy, glutens, sugar or yeast. Taste free, odor free, pure water base. Moisturizers Beauty Body Lotions Skin Care"
25-123-232-47,2,0,1475,B000H3EOLG,"Revlon ColorStay Makeup, Normal/Dry Skin, Natural Beige 220, 1 Ounce Revlon SoftFlex comfort technology. Looks fresh, feels great all day; Moisture-balanced, oil-free formula; Natural flawless look; Won't rub off with normal activity. Made in U.S.A. Makeup Foundation Beauty Face"
25-123-232-47,2,1,1680,B000LJ39TY,"Revlon ColorStay Makeup with SoftFlex, Normal/Dry Skin, Ivory 110, 1 Ounce Revlon SPF 15. Comfort Technology. Looks fresh, feels great all day. Moisture-balanced, oil-free formula. Natural flawless look. Won't rub off with normal activity. Made in U.S.A. with U.S. and Non-U.S. components. Makeup Foundation Beauty Face"
25-242-238-23,2,0,9930,B008BS9YNC,"L'Oreal Paris Youth Code BB Cream Illuminator, Light, 2.5 Fluid Ounce L&#39;Oreal Paris Experience 5 complexion-perfecting benefits in a single step. Youth Code BB Cream Illuminator instantly evens, illuminates, perfects, moisturizes, and protects skin. In one week, tone and texture are improved and skin is healthier looking. Contains Broad Spectrum UVA/UVB SPF 15. Available in 2 shades. Creams & Moisturizers Beauty Skin Care Face"
25-242-238-23,2,1,9931,B008BS9Z8G,"L'Oreal Paris Youth Code BB Cream Illuminator, Medium, 2.5 Fluid Ounce L&#39;Oreal Paris Experience 5 complexion-perfecting benefits in a single step. Youth Code BB Cream Illuminator instantly evens, illuminates, perfects, moisturizes, and protects skin. In one week, tone and texture are improved and skin is healthier looking. Contains Broad Spectrum UVA/UVB SPF 15. Available in 2 shades. Creams & Moisturizers Beauty Skin Care Face"
25-254-180-218,2,0,6839,B0046VGIRI,"Maybelline New York Fit Me! Concealer, 35 Deep, 0.23 Fluid Ounce Maybelline Flawless that lets the real you come through. It's makeup that doesn't mess with you. No oils. No waxes. No nonsense. Natural coverage that leaves skin the way it was meant to be: fresh, breathing, natural. Exclusive translucent base and lightweight pigments allow skin's natural highs and lows to show through. Non comedogenic, dermatologist tested, ophthalmologist tested, fragrance free. Makeup Beauty Concealers & Neutralizers Face"
25-254-180-218,2,1,6841,B0046VIGPU,"Maybelline New York Fit Me! Concealer, 30 Cafe, 0.23 Fluid Ounce Maybelline Flawless that lets the real you come through. It's makeup that doesn't mess with you. No oils. No waxes. No nonsense. Natural coverage that leaves skin the way it was meant to be: fresh, breathing, natural. Exclusive translucent base and lightweight pigments allow skin's natural highs and lows to show through. Non comedogenic, dermatologist tested, ophthalmologist tested, fragrance free. Makeup Beauty Concealers & Neutralizers Face"
25-45-74-160,2,0,10072,B008MAU8XY,"Jane Iredale Glow Time Full Coverage Mineral Cream Concealer BB 3, 1.7 Ounce Jane Iredale Glow time covers blemishes, minimizes pores, disguises wrinkles and smoothes and brightens skin. Our mineral-based formula nourishes your complexion and helps protect skin from UV and free radical damage. Makeup Beauty Concealers & Neutralizers Face"
25-45-74-160,2,1,10073,B008MAUMEO,"Jane Iredale Glow Time Full Coverage Mineral Cream Concealer BB 5, 1.7 Ounce Jane Iredale Glow time covers blemishes, minimizes pores, disguises wrinkles and smoothes and brightens skin. Our mineral-based formula nourishes your complexion and helps protect skin from UV and free radical damage. Makeup Beauty Concealers & Neutralizers Face"
25-75-216-157,2,0,1747,B000N36QHA,"Maybelline Dream Matte Mousse Foundation - Natural Ivory Maybelline Maybelline Dream Matte Mousse FoundationRevolutionary whipped formula provides an air-soft, perfect matte finish coverage, with a weightless feel.&bull;Color pigments offer superior coverage&bull;Blends effortlessly for a soft, natural-looking, even-toned result Makeup Foundation Beauty Face"
25-75-216-157,2,1,2367,B000VBH8MQ,"Maybelline Dream Matte Mousse Foundation, Toffee, Dark 0 .64 oz (18 g) Maybelline Maybelline Dream Matte Mousse FoundationRevolutionary whipped formula provides an air-soft, perfect matte finish coverage, with a weightless feel.&bull;Color pigments offer superior coverage&bull;Blends effortlessly for a soft, natural-looking, even-toned result Makeup Foundation Beauty Face"
252-134-105-240,2,0,825,B0009QZYO2,Clairol Pure White 30 Volume 16 oz. Clairol Beauty Hair Color Hair Care Chemical Hair Dyes
252-134-105-240,2,1,832,B0009R35GA,Clairol Pure White 40 Volume 16 oz. Clairol Beauty Hair Color Hair Care Chemical Hair Dyes
252-51-19-77,2,0,5509,B0030GFXOY,Fekkai Sheer Hold Hair Spray Hair Products 5.8 Oz Fekkai Beauty Styling Products Hair Sprays Hair Care
252-51-19-77,2,1,11727,B00GMWMMOW,Fekkai Sheer Hold Hair Spray 8oz Fekkai Beauty Styling Products Hair Sprays Hair Care
253-170-62-15,2,0,1587,B000JKEB38,Murad Acne Complex Kit - 60 Day Supply 4 Piece Set Murad Buy Murad Skin Care Sets - Murad Acne Complex Kit - 60 Day Supply 4 Piece Set Sets & Kits Beauty Skin Care
253-170-62-15,2,1,5936,B003D1YOCS,Murad Resurgence Evening Renewal Regimen - $56 Value 4 Piece Set Murad Buy Murad Skin Care Sets - Murad Resurgence Evening Renewal Regimen - $56 Value 4 Piece Set Sets & Kits Beauty Skin Care Face
253-66-135-229,2,0,7024,B004BYR13K,"Babyganics Mineral-Based Sunscreen 50 SPF, On-The-Go 2-Ounce Tube (Pack of 4), Packaging May Vary BabyGanics Sun Beauty Sports Skin Protection Skin Care"
253-66-135-229,2,1,7025,B004BYSOYK,"Babyganics Pure Mineral Sunscreen Stick SPF 50, 0.47-Ounce (Pack of 2), Packaging May Vary BabyGanics Sun Beauty Sports Skin Protection Skin Care"
26-155-78-123,2,0,8348,B005JD4NZQ,"Nailart NAIL TATTOO STICKER - blossom / ornament - pink / black DESIGN NAIL TATTOO STICKERQuality - Made in GermanyTheDesign Nail Art Tattoospermit, without much time and effort, a professional look of your nails. No longer complex painting.The foil is dermatologically tested, very thin and self-adhesive. The Nail Tattoo sticker are suitable for natural nails (including children) as well as artifical nails and toenails.You will find further details and size information in the article images above.Please note that the Nail Tattoos on the product images were used on French Nails (white background).APPLICATION NOTES:Step 1Buffer the nail surface with a fine sanding block (Buffer) lightly. The nail should be free of dust and grease.If you use the Nail Tattoos on artificial nails, we suggest the application between the building layer and the sealing layer.Step 2Cut out the desired image roughly.Step 3Use a pair of tweezers and pull off the foil from the brown substrate material.(Tipp: Choose a corner and grab the foil from the top.)Then stick the Nail Tattoo on the desired location on your nail and press it firmly. Overhanging corners can be filed off without any problems.Step 4Seal the Nail Tattoo with gel or with clear topcoat. Make sure that the whole Nail Tattoo is enclosed with Gel.(Tipp: Do not be sparingly with the gel. The Nail Tattoo has to soak up the Gel.)TIPP:During the summer months as well as solarium visits, we suggest an additional sealing with a Sun-blocking coat or the application with gel, which already included a Sun-blocker. Beauty Tools & Accessories Nail Art Equipment Nail Tools"
26-155-78-123,2,1,8691,B0060PBSSW,"Nailart NAIL TATTOO STICKER - butterfly / floral - purple DESIGN NAIL TATTOO STICKERQuality - Made in GermanyTheDesign Nail Art Tattoospermit, without much time and effort, a professional look of your nails. No longer complex painting.The foil is dermatologically tested, very thin and self-adhesive. The Nail Tattoo sticker are suitable for natural nails (including children) as well as artifical nails and toenails.You will find further details and size information in the article images above.Please note that the Nail Tattoos on the product images were used on French Nails (white background).APPLICATION NOTES:Step 1Buffer the nail surface with a fine sanding block (Buffer) lightly. The nail should be free of dust and grease.If you use the Nail Tattoos on artificial nails, we suggest the application between the building layer and the sealing layer.Step 2Cut out the desired image roughly.Step 3Use a pair of tweezers and pull off the foil from the brown substrate material.(Tipp: Choose a corner and grab the foil from the top.)Then stick the Nail Tattoo on the desired location on your nail and press it firmly. Overhanging corners can be filed off without any problems.Step 4Seal the Nail Tattoo with gel or with clear topcoat. Make sure that the whole Nail Tattoo is enclosed with Gel.(Tipp: Do not be sparingly with the gel. The Nail Tattoo has to soak up the Gel.)TIPP:During the summer months as well as solarium visits, we suggest an additional sealing with a Sun-blocking coat or the application with gel, which already included a Sun-blocker. Beauty Tools & Accessories Nail Art Equipment Nail Tools"
26-200-105-76,2,0,8227,B005FK3M46,"NEW 2013 Gals &quot;Princes Set&quot; of 25 Nail Art Nailart Polish Stamp Stamping Manicure Image Plates Accessories Set Kit. Set of Gals Nail Art Stamper Image PlatesThese stamping plates are fabulous and make a perfect addition to any nail art collection.The results are an eye catching, detailed and crisp nail design which is probably impossible to implement in free hand or any other nail art technique.Using our Nail Art Plates1. Make sure to remove the protective cover on the plate before using.2. Make sure you are using new and thick enough nail polish that is suitable for stamping.3. Please clean your nails and apply base coat for best results.4. Work fast in order to get the suitable result, otherwise the polish will get dry and will not stamp properly.5. Different designs require different stamping techniques the most important variable is the amount of force used to pick up the design on the stamper. In some designs it will pick up great using tiny bit of force and in some you will have to press a bit harder. Please use the stamper from side to side for best results.Becoming an official ""Cheeky Chick""Cheeky is a lady's best friend!It is a one stop shop for ladies beauty needs such as: makeup, nails, personal care products or innovative beauty gadgets, all are only few clicks away when shopping on our Cheeky shop.Cheeky's famous high quality products and services are guaranteed with every purchase of one of our products.After the purchase of your first Cheeky item, you will become an official ""Cheeky Chick"" and most likely develop severe addiction to Cheeky's products.You will find that enjoyable shopping experience, excellent service and stylish high quality products can be bought at a fair price.Please note that we offer fast (from the UK) and slow (from China) shipping options for your convenience. Please select your most suitable shipping option according to your needs and budget. Beauty Tools & Accessories Nail Art Equipment Nail Tools"
26-200-105-76,2,1,9755,B0082XRJXS,"NEW 2012 Cheeky Set of 26 Nail Art Nailart Polish Stamp Stamping Manicure Image Plates Accessories Set Kit With Total of 161 Nail Art Designs. New Designs Nail Art Stamper Image PlateThese Cheeky stamping plates are fabulous and make a perfect addition to any nail art collection.The results are an eye catching, detailed and crisp nail design which is probably impossible to implement in free hand or any other nail art technique.Helpful Hints:-Make sure you remove the protective plastic cover from the front of the plates before attempting to use.Wet a cotton ball w/ pure acetone and hold it with tweezers in order to avoid ruining the designs on your nails.Use the acetone soaked cotton ball to wipe nail polish off of the plates and stamper.The plate should be dry before applying more polish. Use a thick highly pigmented polish for stamping. Work fast!If you take too long the polish will dry on the plate or stamper and you will not get it to transfer.If you are working fast and the polish does not transfer try another type of polish, some polished are extra quick drying.Be gentle when you apply top coat or you may smear your design.Becoming an official ""Cheeky Chick""Cheeky is a lady's best friend!It is a one stop shop for ladies beauty needs such as: makeup, nails, personal care products or innovative beauty gadgets, all are only few clicks away when shopping on our Cheeky shop.Cheeky's famous high quality products and services are guaranteed with every purchase of one of our products.After the purchase of your first Cheeky item, you will become an official ""Cheeky Chick"" and most likely develop severe addiction to Cheeky's products.You will find that enjoyable shopping experience, excellent service and stylish high quality products can be bought at a fair price.Please note that we offer fast (from the UK) and slow (from China) shipping options for your convenience. Please select your most suitable shipping option according to your needs and budget. Beauty Tools & Accessories Nail Art Equipment Nail Tools"
26-60-135-244,2,0,8744,B00649P2VS,"Set of 10 Nail Art / Nailart Stamp Plates - Stamper and Scraper Kit by Cheeky&reg; Stunning pack of 10 nail stamp plates - different designs.These Cheeky stamping plates are fabulous and make a perfect addition to any nail art collection.These plates have a backing (unlike other plates) so you will not cut yourself with them.With long and wide designs to cover the full length of nail.Using our Nail Art Plates1. Make sure to remove the protective cover on the plate before using.2. Make sure you are using new and thick enough nail polish that is suitable for stamping.3. Please clean your nails and apply base coat for best results.4. Work fast in order to get the suitable result, otherwise the polish will get dry and will not stamp properly. GOOD LUCK!!!Becoming an official ""Cheeky Chick""Cheeky is a lady's best friend!It is a one stop shop for ladies beauty needs such as: makeup, nails, personal care products or innovative beauty gadgets, all are only few clicks away when shopping on our Cheeky shop.Cheeky's famous high quality products and services are guaranteed with every purchase of one of our products.After the purchase of your first Cheeky item, you will become an official ""Cheeky Chick"" and most likely develop severe addiction to Cheeky's products.You will find that enjoyable shopping experience, excellent service and stylish high quality products can be bought at a fair price.Please note that we offer fast (from the UK) and slow (from China) shipping options for your convenience. Please select your most suitable shipping option according to your needs and budget. Makeup Nails Beauty Nail Art"
26-60-135-244,2,1,8745,B00649P3H6,"Set of 10 Nail Art / Nailart Stamp Plates - Stamper and Scraper Kit by Cheeky&reg; Stunning pack of 10 nail stamp plates - different designs.These Cheeky stamping plates are fabulous and make a perfect addition to any nail art collection.These plates have a backing (unlike other plates) so you will not cut yourself with them.With long and wide designs to cover the full length of nail.Using our Nail Art Plates1. Make sure to remove the protective cover on the plate before using.2. Make sure you are using new and thick enough nail polish that is suitable for stamping.3. Please clean your nails and apply base coat for best results.4. Work fast in order to get the suitable result, otherwise the polish will get dry and will not stamp properly. GOOD LUCK!!!Becoming an official ""Cheeky Chick""Cheeky is a lady's best friend!It is a one stop shop for ladies beauty needs such as: makeup, nails, personal care products or innovative beauty gadgets, all are only few clicks away when shopping on our Cheeky shop.Cheeky's famous high quality products and services are guaranteed with every purchase of one of our products.After the purchase of your first Cheeky item, you will become an official ""Cheeky Chick"" and most likely develop severe addiction to Cheeky's products.You will find that enjoyable shopping experience, excellent service and stylish high quality products can be bought at a fair price.Please note that we offer fast (from the UK) and slow (from China) shipping options for your convenience. Please select your most suitable shipping option according to your needs and budget. Beauty Tools & Accessories Nail Art Equipment Nail Tools"
29-147-172-19,2,0,1506,B000HIYE0M,"DevaCurl No-Poo Zero Lather Conditioning Cleanser 12.0 oz DevaCurl Buy DevaConcepts Hair Conditioners - DevaCurl No-Poo Zero Lather Conditioning Cleanser 12.0 oz. How-to-Use: Wet hair thoroughly. Apply a generous amount directly tot he scalp to cleanse, stimulate and remove dirt particles. Shampoos Beauty Hair Care"
29-147-172-19,2,1,3105,B0016ZNWMG,"DevaCurl Low-Poo Mild Lather Cleanser, 12 oz DevaCurl Buy DevaConcepts Hair Shampoos - DevaCurl Low-Poo Daily Cleanser 12.0 oz. How-to-Use: Wet hair thoroughly. Apply to scalp using circular massaging motions. Follow with One Condition and for and intense moisture treatment use Heaven in Hair. Shampoos Beauty Hair Care"
29-152-139-223,2,0,6770,B0045JAPYI,"Hand &amp; Nail Harmony Gelish Soak Off Artificial Nail Remover - 4 oz Gelish Hand & Nail Harmony Gelish Soak Off Artificial Nail Remover For Soak Off Gels, Artificial Nails, and Tips Soak Off Gel Remover conditions nails and cuticles while gently removing artificial nails. Saturate a cotton pad with Artificial Nail Remover, place on nail and cover with foil. Remove and lightly buff the nail. Removal Times:Gelish - 12 minutesAcrylic - 20 minutes Makeup Nails Beauty Nail Polish Remover"
29-152-139-223,2,1,6808,B00469CIMO,"Hand &amp; Nail Harmony Gelish Soak Off Artificial Nail Remover - 16 oz Gelish Hand & Nail Harmony Gelish Soak Off Artificial Nail Remover For Soak Off Gels, Artificial Nails, and Tips Soak Off Gel Remover conditions nails and cuticles while gently removing artificial nails. Saturate a cotton pad with Artificial Nail Remover, place on nail and cover with foil. Remove and lightly buff the nail. Removal Times:Gelish - 12 minutesAcrylic - 20 minutes Makeup Nails Beauty Nail Polish"
3-23-237-121,2,0,8570,B005TT8RA2,"White Full - 6ml (.2 oz) Perfume Oil by Al-Rehab (Crown Perfumes) Al-Rehab Product description by Sheriffsoncorp--Al-Rehab is one of Saudi Arabia's leading perfume manufacturer which creates fine traditional Arabian and oriental perfumes. The perfumes are made of precious natural essences (Oud, Rose of Taif, Incense, Musk, Sandalwood and rare spices). all perfume oils and solid perfumes are alcohol free Fragrance Women's Beauty Eau de Parfum"
3-23-237-121,2,1,8571,B005TT8RPM,"Soft - 6ml (.2 oz) Perfume Oil by Al-Rehab (Crown Perfumes) Al-Rehab Product description by Sheriffsoncorp--Al-Rehab is one of Saudi Arabia's leading perfume manufacturer which creates fine traditional Arabian and oriental perfumes. The perfumes are made of precious natural essences (Oud, Rose of Taif, Incense, Musk, Sandalwood and rare spices). all perfume oils and solid perfumes are alcohol free. Fragrance Women's Beauty Eau de Parfum"
3-74-76-238,2,0,7631,B004T19R3W,"Flo Refillable Perfume Atomizer,Black Got vacation plans and wish you could carry your favorite fragrance with you? Pack your bag and fill this stylish, travel-ready atomizer with the perfume of your choice. The slim silhouette fits easily into your purse for scent touch-ups wherever your travels may take you. Fragrance Women's Beauty Eau de Parfum"
3-74-76-238,2,1,7690,B004V904J8,"Flo Refillable Perfume Atomizer - Pink FLO Got vacation plans and wish you could carry your favorite fragrance with you? Pack your bag and fill this stylish, travel-ready atomizer with the perfume of your choice. The slim silhouette fits easily into your purse for scent touch-ups wherever your travels may take you. Fragrance Women's Beauty Eau de Parfum"
32-1-135-59,2,0,3235,B0018QE47K,"CoverGirl Lashblast Mascara, Very Black 800,  0.44 - Ounce Packages (Pack of 3) COVERGIRL Makeup Beauty Eyes Mascara"
32-1-135-59,2,1,3236,B0018QE47U,"CoverGirl Lashblast Mascara, Black 805, 0.44 Ounce Package COVERGIRL Makeup Beauty Eyes Mascara"
32-1-23-166,2,0,2157,B000RO0I9M,"CoverGirl Professional All In One Straight Brush Mascara, Black Brown 005, 0.31 Ounce COVERGIRL Makeup Beauty Eyes Mascara"
32-1-23-166,2,1,2696,B00112AFHO,"CoverGirl Professional All In One Straight Brush Mascara, Black 010, 0.3 Ounce COVERGIRL Makeup Beauty Eyes Mascara"
32-61-142-251,2,0,5375,B002VECKK6,"CoverGirl &amp; Olay Simply Ageless Corrector 230, 0.3-Ounce Pan COVERGIRL Makeup Beauty Concealers & Neutralizers Face"
32-61-142-251,2,1,5376,B002VECKKG,"CoverGirl &amp; Olay Simply Ageless Concealer, Very Light 205, 0.3-Ounce Pan COVERGIRL Makeup Beauty Concealers & Neutralizers Face"
32-75-142-97,2,0,8710,B0062GYYSA,"COVERGIRL and Olay Tonerehab 2-In-1 Foundation, Creamy Natural 120, 1 Fluid Ounce COVERGIRL Makeup Foundation Beauty Face"
32-75-142-97,2,1,10286,B0094G3M6A,"Covergirl Outlast Stay Fabulous 3-in-1 Foundation, Ivory 805 COVERGIRL Makeup Foundation Beauty Face"
33-27-122-191,2,0,5216,B002RL8IU4,"Fran Wilson MoodMatcher Lipstick, 6-Pack Fran Wilson The ""Original"" mood-changing lipstick. Makeup Beauty Lipstick Lips"
33-27-122-191,2,1,5217,B002RL8IUE,"Fran Wilson MoodMatcher Lipstick, 10-Pack Fran Wilson The ""Original"" mood-changing lipstick. Makeup Beauty Lipstick Lips"
34-133-92-78,2,0,10012,B008HBMRIC,"Burt's Bees Intense Hydration Cream Cleanser, 6 Ounces Burt&#39;s Bees Beauty Cleansers Skin Care Face"
34-133-92-78,2,1,11824,B00H41LTL2,"Burt's Bees Brightening Daily Facial Cleanser, 6 Ounces Burt&#39;s Bees Beauty Cleansers Skin Care Face"
34-138-105-132,2,0,4482,B001U0ONNY,"Clearasil Ultra Acne Treatment Daily Face Wash, 6.78 Ounce (Pack of 3) Clearasil Beauty Washes Face Skin Care Cleansers"
34-138-105-132,2,1,4484,B001U0OQN6,"Clearasil Daily Clear Acne Treatment Face Wash, 6.5 Ounce (Pack of 4) Clearasil Beauty Washes Face Skin Care Cleansers"
34-166-183-74,2,0,3715,B001ECQ5FC,"Dove Ultimate go fresh Cool Essentials Anti-perspirant/Deodorant, 2.6 Ounce (Pack of 4) Dove Body Scrubs Beauty Scrubs & Body Treatments Bath & Body"
34-166-183-74,2,1,7113,B004DH1BQI,"Dove go fresh Revive Antiperspirant/Deodorant, Twin Pack, 5.2 Ounce Dove Body Scrubs Beauty Scrubs & Body Treatments Bath & Body"
34-5-199-122,2,0,3766,B001ET76E4,"Cetaphil Antibacterial Gentle Cleansing Bar, 4.5-Ounce Bar (Pack of 6) Cetaphil Soaps Beauty Bath & Body Cleansers"
34-5-199-122,2,1,4007,B001I45ZFC,"Cetaphil Gentle Cleansing Bar, 4.5-Ounce Bar (Pack of 6) Cetaphil Soaps Beauty Bath & Body Cleansers"
34-66-135-183,2,0,5459,B002Y26RUE,"Banana Boat Sport Performance Sunblock Lotion SPF 50, 8-Ounce Bottles (Pack of 2) Banana Boat Sun Beauty Sports Skin Protection Skin Care"
34-66-135-183,2,1,5488,B002ZNJYRA,"Banana Boat Sport Performance Sunblock Lotion SPF 30, 1fl.-Ounce Tubes (Pack of 24) Banana Boat Sun Beauty Sports Skin Protection Skin Care"
34-73-92-179,2,0,1908,B000OLE7V8,"Neutrogena Acne Stress Control, 3-in-1 Hydrating Acne Treatment, 2 Ounce (Pack of 3) Neutrogena Beauty Cleansers Skin Care Face"
34-73-92-179,2,1,2934,B001410OG4,"Neutrogena Oil-Free Acne Stress Control Power-Cream Wash, 6 Ounce (Pack of 3) Neutrogena Beauty Skin Care Toners & Astringents Face"
34-77-178-251,2,0,6654,B0041ERPPE,"Pond's Original Fresh Wet Cleansing Towelettes, 75 Count Pond&#39;s Beauty Face Skin Care Cloths & Towelettes Cleansers"
34-77-178-251,2,1,9882,B0089JVDPK,"Pond's Luminous Clean Wet Towelettes, 30Count Pond&#39;s Beauty Face Skin Care Cloths & Towelettes Cleansers"
34-77-198-76,2,0,6626,B003ZYL2DW,"POND'S Evening Soothe Wet Cleansing Towelettes, 30-Count (Pack of 2) Pond&#39;s Beauty Face Skin Care Cloths & Towelettes Cleansers"
34-77-198-76,2,1,6627,B003ZYM7EA,"POND'S Exfoliating Renewal Wet Cleansing Towelettes, 30-Count (Pack of 2) Pond&#39;s Beauty Face Skin Care Cloths & Towelettes Cleansers"
34-90-92-47,2,0,10810,B00AO4E9L8,"Axe Shower Gel Apollo, 16 Ounce AXE Beauty Cleansers Skin Care Face"
34-90-92-47,2,1,11777,B00GTC1FFW,"Axe Face Wash, Peace, 5 Ounce AXE Skin Care Beauty Face Gels Cleansers"
35-133-205-176,2,0,4518,B001UPMP3E,"Coppola Keratin Complex Smoothing Therapy, Clarifying Shampoo, 12 Fluid Ounce Coppola The latest buzz in the beauty industry is the Coppola Keratin treatment. It was recently showcased on &#x201C;The View&#x201D; as a great new keratin based solution to smooth dry, frizzy or curly hair. Shampoos Beauty Hair Care"
35-133-205-176,2,1,5717,B00375L8JC,"Coppola Keratin Complex Vanilla Bean Deep Conditioner, 7-Ounce Tube Coppola The latest buzz in the beauty industry is the Coppola Keratin treatment. It was recently showcased on &#x201C;The View&#x201D; as a great new keratin based solution to smooth dry, frizzy or curly hair. Hair & Scalp Treatments Beauty Hair Care"
35-175-203-33,2,0,6527,B003XFKACM,"CHI Silk Infusion, 6 Fluid Ounce CHI Infra is the first hair care line of its kind utilizing CHI 44 Ceramic and Cationic Hydration Interlink. It provides moisture and strength by interlocking it into the inner structure of the hair. Beauty Styling Products Hair Care Hair Styling Serums"
35-175-203-33,2,1,8313,B005I4QTJY,"CHI Silk Infusion, 12 Fluid Ounce CHI Infra is the first hair care line of its kind utilizing CHI 44 Ceramic and Cationic Hydration Interlink. It provides moisture and strength by interlocking it into the inner structure of the hair. Beauty Styling Products Hair Care Hair Styling Serums"
35-251-74-11,2,0,8759,B00658M1DU,"As I Am Twist Defining Cream, 16 Ounce As I Am Shiny smoothness is what you will get when you twist with this oneofakind rich creamy styler. Made especially for highly textured hair with nurturing natural oils, plus an organic extract that provides the ultimate in miniaturization. There's even a wondrous organic compound blended in that works to block DHT and stimulate healthy hair growth. Beauty Styling Products Hair Care Creams, Gels & Lotions"
35-251-74-11,2,1,9446,B007IVYL18,"As I Am Twist Defining Cream, 8 Ounce As I Am Shiny smoothness is what you will get when you twist with this oneofakind rich creamy styler. Made especially for highly textured hair with nurturing natural oils, plus an organic extract that provides the ultimate in moisturization. There's even a wondrous organic compound blended in that works to block DHT and stimulate healthy hair growth. Beauty Styling Products Hair Care Creams, Gels & Lotions"
35-52-69-138,2,0,227,B0000Y3GF2,"Free &amp; Clear Hairspray Firm Hold, 8 Ounce Free &amp; Clear Free & Clear soft, easy hold hair spray is a hair spray made for anyone wishing to avoid sensitizing chemicals. Perfect for anyone with eczema, psoraisis, seborrhea, atopic dermatitis. Has no chemical irritants found in ordinary hair sprays. Free of fragrance and masking fragrance. Beauty Styling Products Hair Sprays Hair Care"
35-52-69-138,2,1,1368,B000GCW9F6,"Free &amp; Clear Hairspray Soft Hold, 8 Ounce Free &amp; Clear Free & Clear soft, easy hold hair spray is a hair spray made for anyone wishing to avoid sensitizing chemicals. Perfect for anyone with eczema, psoraisis, seborrhea, atopic dermatitis. Has no chemical irritants found in ordinary hair sprays. Beauty Styling Products Hair Sprays Hair Care"
36-1-112-249,2,0,7807,B004Y9JURC,"Maybelline New York Volum' Express Falsies Flared Washable Mascara, Blackest Black 286, 0.31-fluid Ounce Maybelline Now, false lash glam goes flared. Up, out and over the top, instantly. Our exclusive spoon brush loads lashes with massive volume and presses them into a flared arch while our flexible-hold formula with pro-key fiber provides a lasting curve. Makeup Beauty Eyes Mascara"
36-1-112-249,2,1,7817,B004Y9M81W,"Maybelline New York Volum' Express Falsies Flared Waterproof Mascara, Very Black 295, 0.31-fluid Ounce Maybelline Now, false lash glam goes flared. Up, out and over the top, instantly. Our exclusive spoon brush loads lashes with massive volume and presses them into a flared arch while our flexible-hold formula with pro-key fiber provides a lasting curve. Makeup Beauty Eyes Mascara"
36-1-175-255,2,0,184,B00008MOQE,"Maybelline Great Lash Mascara, Very Black -.43 Fluid Ounce Maybelline Maybelline&#x92;s lash-doubling formula conditions as it thickens, making even tiny lashes 100% fuller and more healthy-looking. The lash-building brush builds full lashes with no clumps or globs. Available in five shades, in Washable, Waterproof, and Curved Brush. Makeup Beauty Eyes Mascara"
36-1-175-255,2,1,186,B00008MOQN,"Maybelline Great Lash Waterproof Mascara, Very Black- .43 Fluid Ounce Maybelline Maybelline&#x92;s lash-doubling formula conditions as it thickens, making even tiny lashes 100% fuller and more healthy-looking. The lash-building brush builds full lashes with no clumps or globs. Available in five shades, in Washable, Waterproof, and Curved Brush. Makeup Beauty Eyes Mascara"
36-1-198-251,2,0,7502,B004O3UE46,"Almay One Coat Get Up and Grow Waterproof Mascara, Black Brown, 0.21 Fluid Ounce Almay Almay One Coat get up and grow waterproof mascara is Almay&#x2019;s first waterproof anti-breakage pro-vitamin formula that instantly lengthens the look of lashes and defends against damage so lashes may grow to their healthiest, longest, shiniest best. Makeup Beauty Eyes Mascara"
36-1-198-251,2,1,7509,B004O3ZPAO,"Almay One Coat Get Up and Grow Waterproof Mascara, Black, 0.21 Fluid Ounce Almay Almay One Coat get up and grow waterproof mascara is Almay&#x2019;s first waterproof anti-breakage pro-vitamin formula that instantly lengthens the look of lashes and defends against damage so lashes may grow to their healthiest, longest, shiniest best. Makeup Beauty Eyes Mascara"
36-1-228-187,2,0,10828,B00AQ9QMQG,"Maybelline New York Volume' Express The Rocket Waterproof Mascara, Very Black, 0.3 Fluid Ounce Maybelline Explosive volume in rocket time. 6x bigger, smoother. Now, the most explosive, beautiful lashes ever. Volume' express the rocket mascara's patented supersonic brush with micro bristles loads on big, sleek volume instantly. The fast-glide formula keeps lashes smooth. Zero clumps guaranteed. Makeup Beauty Eyes Mascara"
36-1-228-187,2,1,10829,B00AQ9RTBS,"Maybelline New York Volume' Express The Rocket Washable Mascara, Very Black, 0.3 Fluid Ounce Maybelline Explosive volume in rocket time. 8x bigger, smoother. Now, the most explosive, beautiful lashes ever. Volume' express the rocket mascara's patented supersonic brush with micro bristles loads on big, sleek volume instantly. The fast-glide formula keeps lashes smooth. Zero clumps guaranteed. Makeup Beauty Eyes Mascara"
36-1-73-22,2,0,4333,B001Q854GK,"Maybelline New York Lash Stiletto Ultimate Length Washable Mascara, Brownish Black 952, 0.22 Fluid Ounce Maybelline The only mascara that does for lashes what stilettos do for legs. The grip and extend brush grasps each lash and coats from every angle. Eastic formula stretches lashes for provocative length. Pro vitamin b 5 formula conditions and smoothes for black patent shine. Contact lens safe and ophthalmologist tested. Makeup Beauty Eyes Mascara"
36-1-73-22,2,1,5088,B002MJOZTE,"Maybelline New York Lash Stiletto Ultimate Length Waterproof Mascara, Brownish Black 962, 0.22 Fluid Ounce Maybelline The only mascara that does for lashes what stilettos do for legs. The grip and extend brush grasps each lash and coats from every angle. Elastic formula stretches lashes for provocative length. Pro-vitamin b-5 formula conditions and smoothes for black-patent shine. Contact lens safe and ophthalmologist tested. Waterproof. Makeup Beauty Eyes Mascara"
36-123-12-194,2,0,5434,B002XHC484,"Maybelline New York XXL Curl Waterproof Mascara, Very Black 532, 0.28 Fluid Ounce Maybelline Step 1: curls to a 30&#xB0; angle. Step 2: provides 12-hour hold. Waterproof; also available in washable. Contact lens safe, ophthalmologist tested. Makeup Beauty Eyes Mascara"
36-123-12-194,2,1,5435,B002XHFIM8,"Maybelline New York XXL Curl Washable Mascara, Very Black 531, 0.34 Fluid Ounce Maybelline Step 1 curls to a 45&#xB0; angle. step 2 provides 12 hour hold. Washable  also available in waterproof. Contact lens safe, ophthalmologist tested. Makeup Beauty Eyes Mascara"
36-131-189-122,2,0,7118,B004DIUWY4,"e.l.f. Cream Eyeliner, Metallic Olive, 0.17 Ounce e.l.f. Cosmetics The cream formula creates smooth lines that are defined and precise. Smudge-proof, budge-proof and water-resistant coverage for all day wear to combat against sweat, tears or rain. Achieve thin or bold lines with ease. Slanted eyeliner brush included. Smudge-proof, budge-proof and water-resistant coverage for all day wear to combat against sweat, tears or rain. Makeup Beauty Eyes Eyeliner"
36-131-189-122,2,1,7119,B004DIUX16,"e.l.f. Cream Eyeliner, Coffee, 0.17 Ounce e.l.f. Cosmetics The cream formula creates smooth lines that are defined and precise. Smudge-proof, budge-proof and water-resistant coverage for all day wear to combat against sweat, tears or rain. Achieve thin or bold lines with ease. Slanted eyeliner brush included. Smudge-proof, budge-proof and water-resistant coverage for all day wear to combat against sweat, tears or rain. Makeup Beauty Eyes Eyeliner"
36-172-192-27,2,0,9123,B006UET8P8,"Maybelline New York Eye Studio Master Shape Brow Pencil, Soft Brown, 0.02 Fluid Ounce Maybelline Master the shapely brow. So natural, so easy. So now master shape brow pencil's unique, natural wax formula with subtle color pigments creates hair-like fine lines for the most natural definition, and for the perfect finishing touch, feather through with the soft grooming brush. Ophthalmologist tested. Safe for sensitive eyes. Contact lens safe. Makeup Beauty Eyes Eyebrow Color"
36-172-192-27,2,1,9124,B006UET92K,"Maybelline New York Eye Studio Master Shape Brow Pencil, Deep Brown, 0.02 Fluid Ounce Maybelline Master the shapely brow. So natural, so easy. So now master shape brow pencil's unique, natural wax formula with subtle color pigments creates hair-like fine lines for the most natural definition, and for the perfect finishing touch, feather through with the soft grooming brush. Ophthalmologist tested. Safe for sensitive eyes. Contact lens safe. Makeup Beauty Eyes Eyebrow Color"
36-177-130-148,2,0,7504,B004O3UG9E,"Revlon Grow Luscious Lash Liner, Onyx, 0.04 Ounce Revlon Revlon grow luscious lash liner is a conditioning eyeliner that helps support healthy lashes. The liner glides on smoothly and coats the base of lashes effortlessly &#x2013; helping lashes appear lusciously longer and fuller. Makeup Beauty Eyes Eyeliner"
36-177-130-148,2,1,7507,B004O3YD8Y,"Revlon Grow Luscious Lash Liner, Espresso, 0.04 Ounce Revlon Revlon grow luscious lash liner is a conditioning eyeliner that helps support healthy lashes. The liner glides on smoothly and coats the base of lashes effortlessly &#x2013; helping lashes appear lusciously longer and fuller. Makeup Beauty Eyes Eyeliner"
36-202-99-96,2,0,7944,B0051TSKTS,"New York Color Smooch Proof Lip Stain, Berry Long Time, 0.1 Fluid Ounce N.Y.C. Lasts up to 16 hours. Precise felt-tip applicator allow you to line and define your lips with precision, then fill in with color. Natural flush of color, buildable coverage when layered to your desire. Water based formula. Wear alone or layer under your favorite gloss or lip stick. Makeup Beauty Lips Lip Stains"
36-202-99-96,2,1,9178,B006XM9M58,"New York Color Smooch Proof Lip Stain, Orever Freesia, 0.1 Fluid Ounce N.Y.C. Lasts up to 16 hours. Precise felt-tip applicator allow you to line and define your lips with precision, then fill in with color. Natural flush of color, buildable coverage when layered to your desire. Water based formula. Wear alone or layer under your favorite gloss or lip stick. Makeup Beauty Lips Lip Stains"
36-242-247-76,2,0,3978,B001H928HQ,"L'Oreal Paris HiP Studio Secrets Professional Color Truth Cream Eyeliner, Brown, 0.159 Ounce L&#39;Oreal Paris Discover the secret to creamy, long-wearing definition with hip studio secrets professional color truth cream eyeliner. This rich, versatile liner comes in five pigment-packed shades to define any eye look. Includes professional brush for precise application. Makeup Beauty Eyes Eyeliner"
36-242-247-76,2,1,3983,B001H9657K,"L'Oreal Paris HiP Studio Secrets Professional Color Truth Cream Eyeliner, Black, 0.159 Ounce L&#39;Oreal Paris Discover the secret to creamy, long-wearing definition with hip studio secrets professional color truth cream eyeliner. This rich, versatile liner comes in five pigment-packed shades to define any eye look. Includes professional brush for precise application. Makeup Beauty Eyes Eyeliner"
36-249-15-53,2,0,413,B00021W26M,"Prestige Liquid Eyeliner, Legend, 0.1 Ounce Prestige Prestige cosmetics liquid eyeliner adds drama and definition with stunning results in just one stroke!  unique fiber tipped applicator provides maximum control. Makeup Beauty Eyes Eyeliner"
36-249-15-53,2,1,5901,B003BMJGL8,"Prestige Eyeliner, White, 0.04 Ounce Prestige Easy one stroke application glides on smoothly without tugging or pulling.  the prestige classic khol liner for eyes comes in a sleek silver barrel with quick-reference color matched end. Makeup Beauty Eyes Eyeliner"
36-251-197-213,2,0,9933,B008C12YYY,"Maybelline New York Volume Express Mega Plush Washable Mascara, Very Black, 0.3 Fluid Ounce Maybelline Introducing maybelline's first gel-mousse mascara:  volum' express mega plush contains 40% less hard waxes for massive, yet supple lashes.  The patented flexor brush gently coats every lash with mega volume that's never stiff and never brittle.  Opthalmologist tested and contact lens safe. Makeup Beauty Eyes Mascara"
36-251-197-213,2,1,9934,B008C12ZHK,"Maybelline New York Volume Express Mega Plush Waterproof Mascara, Very Black, 0.3 Fluid Ounce Maybelline Introducing maybelline's first gel-mousse mascara:  volum' express mega plush contains 40% less hard waxes for massive, yet supple lashes.  The patented flexor brush gently coats every lash with mega volume that's never stiff and never brittle.  Opthalmologist tested and contact lens safe. Makeup Beauty Eyes Mascara"
36-251-99-213,2,0,6802,B004675GL6,"Maybelline New York Volum' Express One By One Waterproof Mascara, Blackest Black 265, 0.3 Fluid Ounce Maybelline Finally, bold volume without any of the bulk. Patented lash catcher brush has 3 bristles per lash to make every lash count. It catches, coats and de-clumps each lash to make them all fatter and flirtier. Instant clump-free volume. Contact lens safe and ophthalmologist tested. Waterproof; also available in washable formula. Makeup Beauty Eyes Mascara"
36-251-99-213,2,1,6804,B0046797WK,"Maybelline New York Volum' Express One By One Washable Mascara, 255 Blackest Black, 0.3 Fluid Ounce Maybelline Finally, bold volume without any of the bulk. Patented lash catcher brush has 3 bristles per lash to make every lash count. It catches, coats and de clumps each lash to make them all fatter and flirtier. Instant clump free volume. Contact lens safe and ophthalmologist tested. Washable; also available in waterproof formula. Makeup Beauty Eyes Mascara"
36-52-99-213,2,0,145,B00005V5OW,"Maybelline Lash Discovery Washable Mascara, Very Black - .16 fl oz Maybelline Exclusive lash catching mini brush allows you to get hard to reach lashes from corner to corner, root to tip and the bottom, too. Lengthens and defines lashes. no clumps or globs. Contact lens safe and hypoallergenic. Washable; also available in waterproof formula. Makeup Beauty Eyes Mascara"
36-52-99-213,2,1,4108,B001KYRNAK,"Maybelline New York Lash Discovery Waterproof Mascara, Very Black 361, 0.16 Fluid Ounce Maybelline Exclusive lash-catching mini-brush allows you to get hard-to reach lashes - from corner to corner, root to tip and the bottom, too. Lengthens and defines lashes. No clumps or globs. Contact lens safe and hypoallergenic. Waterproof; also available in washable formula. Makeup Beauty Eyes Mascara"
36-65-56-100,2,0,2109,B000R1VH8Q,"L'Oreal Paris Voluminous Original Mascara, Black Brown, 0.28 Ounces L&#39;Oreal Paris Voluminous original volume building mascara is uniquely formulated to build lashes to 5x their natural thickness, for a full and dramatic lash look. The volume maximizing brush thickens lashes evenly and smoothly, leaving them soft with virtually no flaking. Makeup Beauty Eyes Mascara"
36-65-56-100,2,1,6997,B004BCXEF6,"L'Oreal Paris Voluminous Waterproof Mascara, Carbon Black, 0.28 Ounces L&#39;Oreal Paris Voluminous waterproof volume building mascara is uniquely formulated to resist clumping, soften and build lashes up to 4x their natural thickness. The unique maximizing formula quickly thickens and builds lashes in a single application. Makeup Beauty Eyes Mascara"
36-84-15-78,2,0,6919,B0049MFMXK,"Starry Long Lasting Waterproof Eyeliner Gel with Brush Choclate Brown Starry This innovative eyeliner offers the precision of liquid eyeliner and the ease of a gel based formula. The color is long-wearing and water resistant. Can be used to create subtle to dramatic looks. Every package comes with an brush.
It is available in 12 pretty colors. Makeup Beauty Eyes Eyeliner"
36-84-15-78,2,1,6953,B004AUA63M,Starry Long Lasting Waterproof Eyeliner Gel with Brush Midnight Sky Dark Navy Blue Starry This innovative eyeliner offers the precision of liquid eyeliner and the ease of a gel based formula. The color is long-wearing and water resistant. Can be used to create subtle to dramatic looks. Every package comes with an brush. It is available in 12 pretty colors. Makeup Beauty Eyes Eyeliner
37-118-62-236,2,0,8087,B0058H0GA4,"e.l.f. Matte Lip Color, Tea Rose, 0.06 Ounce e.l.f. Cosmetics This convenient jumbo sized lip pencil creates exact color application with twist up ease so you never have to sharpen. The pigment rich color glides on effortlessly and easily to provide long lasting matte color. The enriched vitamin A, C and E formula moisturizes and hydrates lips for beautiful healthy looking lips. Makeup Beauty Lipstick Lips"
37-118-62-236,2,1,9355,B007APTJ0U,"e.l.f. Matte Lip Color, Rich Red, 0.06 Ounce e.l.f. Cosmetics This convenient jumbo sized lip pencil creates exact color application with twist up ease so you never have to sharpen. The pigment rich color glides on effortlessly and easily to provide long lasting matte color. The enriched vitamin A, C and E formula moisturizes and hydrates lips for beautiful healthy looking lips. Makeup Beauty Lipstick Lips"
37-169-130-86,2,0,1468,B000H3CPNU,"Revlon Super Lustrous Lipstick Pearl, Copperglow Berry 470, 0.15 Ounce Revlon Revlon Super Lustrous&#x2122; Lipstick is as essential as the little black dress. With 72 fabulous, fashionable shades, Revlon Super Lustrous&#x2122; Lipstick offers the widest range of colors, so you are sure to find one that looks gorgeous on you! Packed with mega-moisturizers and vitamins C and E for soft, smooth, sexy lips. Your lips stay kissably conditioned for lasting smoothness while the color stays rich and true. Makeup Beauty Lipstick Lips"
37-169-130-86,2,1,1469,B000H3CPO4,"Revlon Super Lustrous Lipstick Pearl, Highbeam Tan 305, 0.15 Ounce Revlon Revlon Super Lustrous&#x2122; Lipstick is as essential as the little black dress. With 72 fabulous, fashionable shades, Revlon Super Lustrous&#x2122; Lipstick offers the widest range of colors, so you are sure to find one that looks gorgeous on you! Packed with mega-moisturizers and vitamins C and E for soft, smooth, sexy lips. Your lips stay kissably conditioned for lasting smoothness while the color stays rich and true. Makeup Beauty Lipstick Lips"
37-172-17-236,2,0,5201,B002R277E6,"NYX Slim Lip Liner Pencil 824 Orange NYX What is this product? Slim, trim but never prim, our lip pencils come in a variety of dashing shades?from auburn to orange and traffic-stopping red. The buttery, long-wearing lip liner formula goes on easily and resists bleeding. More info: Creamy formula glides on smoothly and blends easily Provides long-lasting wear that does not feather or bleed Contains Coconut Oils to hydrate and condition Works perfectly with any NYX lipstick or gloss Makeup Lip Liners Beauty Lips"
37-172-17-236,2,1,5202,B002R278YA,"NYX Slim Lip Liner Pencil 845 Hot Pink NYX What is this product? Slim, trim but never prim, our lip pencils come in a variety of dashing shades?from auburn to orange and traffic-stopping red. The buttery, long-wearing lip liner formula goes on easily and resists bleeding. More info: Creamy formula glides on smoothly and blends easily Provides long-lasting wear that does not feather or bleed Contains Coconut Oils to hydrate and condition Works perfectly with any NYX lipstick or gloss Makeup Lip Liners Beauty Lips"
37-173-186-15,2,0,10436,B009K7X26I,"Loreal Limited Edition Project Runway Colour Riche Lipstick - 286 The Queen's Kiss L&#39;Oreal Paris The first choice in luxury lipcolor, Colour Riche is deep, luminous color in a weightless, creamy texture. Dewy, botanical formulations moisturize, condition, and last for hours without flaking or splitting. Makeup Beauty Lipstick Lips"
37-173-186-15,2,1,10437,B009K7XLK0,"Loreal Limited Edition Project Runway Colour Riche Lipstick - 786 The Temptress' Kiss L&#39;Oreal Paris The first choice in luxury lipcolor, Colour Riche is deep, luminous color in a weightless, creamy texture. Dewy, botanical formulations moisturize, condition, and last for hours without flaking or splitting. Makeup Beauty Lipstick Lips"
37-254-122-97,2,0,6799,B0046753EG,"Maybelline New York Superstay 24, 2-step Lipcolor, Always Hot Chili 135 Maybelline Meet the 24hr lipcolor that stretches the limits of longwear. No other longwear lasts longer. Period. Micro-flex formula glides on and looks gorgeous all day. No crumbling, no caking, no fading, no feathering, no transferring. 2-steps in 1 convenient tube. Available in 30 long lasting shades. Makeup Beauty Lipstick Lips"
37-254-122-97,2,1,6837,B0046VESH0,"Maybelline New York Superstay 24, 2-step Lipcolor, Blush On 105 Maybelline Meet the 24hr lipcolor that stretches the limits of longwear. No other longwear lasts longer. Period. Micro-flex formula glides on and looks gorgeous all day. No crumbling, no caking, no fading, no feathering, no transferring. 2-steps in 1 convenient tube. Available in 30 long lasting shades. Makeup Beauty Lipstick Lips"
37-75-122-27,2,0,6835,B0046VC8KO,"Maybelline New York Fit Me! Blush, Medium Nude, 0.16 Ounce Maybelline Flawless that lets the real you come through. Lightweight pigments blend easily and wears evenly. Provides a natural, fade proof cheek color that leaves skin the way it was meant to be: fresh, breathing, and natural. Makeup Blush Beauty Face"
37-75-122-27,2,1,6836,B0046VEREY,"Maybelline New York Fit Me! Blush, Light Mauve, 0.16 Ounce Maybelline Flawless that lets the real you come through. Lightweight pigments blend easily and wears evenly. Provides a natural, fade proof cheek color that leaves skin the way it was meant to be: fresh, breathing, and natural. Makeup Blush Beauty Face"
37-98-162-225,2,0,8948,B006JKX5TS,"Almay Intense I Color Shadow Stick for Blue Eyes, 0.07 Ounce Almay Almay intense shadow stick is a dual ended shadow sticks, expertly coordinated shadow duos that contain highly saturated pigments for vibrantly rich color that enhances the unique color of your eyes. The silky, non-creasing formula is infused with a botanical blend of aloe, cucumber and green tea to soothe and pamper your lids while delivering vibrant lasting color. Makeup Eye Shadow Beauty Eyes"
37-98-162-225,2,1,8949,B006JKX5ZM,"Almay Intense I Color Shadow Stick for Hazel Eyes, 0.07 Ounce Almay Almay intense shadow stick is a dual ended shadow sticks, expertly coordinated shadow duos that contain highly saturated pigments for vibrantly rich color that enhances the unique color of your eyes. The silky, non-creasing formula is infused with a botanical blend of aloe, cucumber and green tea to soothe and pamper your lids while delivering vibrant lasting color. Makeup Eye Shadow Beauty Eyes"
40-200-150-192,2,0,10793,B00ANFYEQS,"PUEEN 2013 Nail Art Stamp Collection Set 25F - NEW Unique Set of 25 Nailart Polish Stamping Manicure Image Plates Accessories Kit (Totaling 150 Images) - New Batch with Display &amp; Storage Case PUEEN PUEEN 2013 Nail Art Collection 25F Sumptuous Gallery (with display & storage case)The hottest new set of image plates from the nail art experts at PUEEN!PUEEN Nail Art Stamping Image Plates #01-#25 were designed and created from the ground up to introduce exciting new designs to nail art stamping.There are very unique and no other nail art image plates look like them.Each plate measures about 1.8"" (5.5cm in diameter) with sanded edges for easy, comfortable handling and a protective nylon screen.All image plates are made from high grade stainless steel and are paper backed to prevent scratching during storage.This fantastic collection of plates comes with 25 plates ,each containing 6 designs per plate (total of 150 IMAGES!) .Use this variety pack to create show-stopping nails! This PUEEN collection will not disappoint you. Try it and we are so confident that you will like it! Beauty Tools & Accessories Nail Art Equipment Nail Tools"
40-200-150-192,2,1,11248,B00CDGR29G,"PUEEN 2013 Nail Art Stamp Collection Set 24E - LOVE ELEMENTS - NEW Unique Set of 24 Nailart Polish Stamping Manicure Image Plates Accessories Kit (Totaling 144 Images) with BONUS Storage Case PUEEN PUEEN 2013 Nail Art Collection 24E Love ElementsThe second set of image plates from the nail art experts at PUEEN!BONUS: FREE storage and display case/holder is included in each order!(color of case will be sent randomly)PUEEN Nail Art Stamping Image Plates #26-#49 were designed and created from the ground up to introduce exciting new designs to nail art stamping.There are very unique and no other nail art image plates look like them.Each plate measures about 1.8"" (5.5cm in diameter) with sanded edges for easy, comfortable handling and a protective nylon screen.All image plates are made from high grade stainless steel and are paper backed to prevent scratching during storage.This fantastic collection of plates comes with 24 plates ,each containing 6 designs per plate (total of 144 IMAGES!) .Use this variety pack to create show-stopping nails! This PUEEN collection will not disappoint you. Try it and we are so confident that you will like it! Beauty Tools & Accessories Nail Art Equipment Nail Tools"
40-42-122-33,2,0,8704,B0061YRVMO,"SHANY Cosmetics Urban Gal Collection Brush Kit (15 Piece Vegan Travel Brushes with Carry On Case), 13 Ounce SHANY Cosmetics Urban Gal collection is a new line of beauty accessories by Shany cosmetics, made for everyday life. They are affordable, durable design and high quality brushes. Compared to department store price and quality, Urban Gal collection is a must have and much better than those on the shelves. All brushes in this collection are treated with heat and anti-bacterial process, unlike all leading national brands. This collection features a easy to use, user friendly brush kits with a price that can't even get you a single brush in stores. Most of brushes come in a tiny case, easy to carry and great when you are on the go. These brushes have all you need for flawless makeup application. Try them once and you will be in love for ever. In these collection you will find large face brushes, concealer brushes, foundation brushes, eye and lip brushes, angled brushes, fan brushes and more. Makeup Brushes & Tools Beauty Tools & Accessories Brushes & Applicators"
40-42-122-33,2,1,8707,B0061YSLKA,"SHANY Cosmetics Urban Gal Collection Brush Kit (18 Piece Pro Brushes with Zebra Magnetic Pouch), 13 Ounce SHANY Cosmetics Urban Gal collection is a new line of beauty accessories by Shany cosmetics, made for everyday life. They are affordable, durable design and high quality brushes. Compared to department store price and quality, Urban Gal collection is a must have and much better than those on the shelves. All brushes in this collection are treated with heat and anti-bacterial process, unlike all leading national brands. This collection features a easy to use, user friendly brush kits with a price that can't even get you a single brush in stores. Most of brushes come in a tiny case, easy to carry and great when you are on the go. These brushes have all you need for flawless makeup application. Try them once and you will be in love for ever. In these collection you will find large face brushes, concealer brushes, foundation brushes, eye and lip brushes, angled brushes, fan brushes and more. Makeup Brushes & Tools Beauty Tools & Accessories Brushes & Applicators"
40-42-73-170,2,0,8697,B0061JQY40,"SHANY Cosmetics NY Collection Pro Brush Kit, 13 Ounce (22 Piece Mix Natural and Synthetic with Burgundy Faux Crocodile Case) SHANY Cosmetics NY collections by Shany, are a premium line of cosmetic brush kits which was designed back in 2011, and was manufactured in a high end factory with premium materials. All brushes went through a professional rinse with non-toxic chemicals to make anti-bacterial brushes, plus all brushes are treated with heat more than 3 times in 3 separate processes to deliver a high quality hair brushes. NY collection is one of Shany's best collection. All the brush kits come with 22 piece brushes and their differences are among their materials and pouches. Soft or firm, synthetic or natural and travel pouch for home use, they got them all. Since all brushes are treated, fibers distribute just the right amount of pigment for a perfect result every time. All NY collection includes large powder brush, foundation brush, large due fiber brushes, concealer brush, small and large angled brush, angled eyeliner brush, fan brush, pencil brush, blending brushes, shader brush and liner brushes. Makeup Brushes & Tools Beauty Tools & Accessories Brushes & Applicators"
40-42-73-170,2,1,8698,B0061JQY6S,"SHANY Cosmetics NY Collection Pro Brush Kit, 13 Ounce (22 Piece Natural ZGF Goat or Sable Bristles with Red Cotton Pouch) SHANY Cosmetics NY collections by Shany, are a premium line of cosmetic brush kits which was designed back in 2011, and was manufactured in a high end factory with premium materials. All brushes went through a professional rinse with non-toxic chemicals to make anti-bacterial brushes, plus all brushes are treated with heat more than 3 times in 3 separate processes to deliver a high quality hair brushes. NY collection is one of Shany's best collection. All the brush kits come with 22 piece brushes and their differences are among their materials and pouches. Soft or firm, synthetic or natural and travel pouch for home use, they got them all. Since all brushes are treated, fibers distribute just the right amount of pigment for a perfect result every time. All NY collection includes large powder brush, foundation brush, large due fiber brushes, concealer brush, small and large angled brush, angled eyeliner brush, fan brush, pencil brush, blending brushes, shader brush and liner brushes. Makeup Brushes & Tools Beauty Tools & Accessories Brushes & Applicators"
41-23-195-24,2,0,4646,B0027A7CLG,"MISSHA M Perfect Cover BB Cream No.23 Natural Beige SPF42 PA+++ (50ml) MISSHA 50 ml tubeThis M Perfect Cover BB Cream makes your skin tone clean and natural by concealing blemishes with excellent skin coverage.It is a multi functional makeup cream with blocking UV rays, whitening and wrinkle care effects and simplifies makeup formalities.It's moisturized application with W/S texture makes sleek skin tone while supplying moisture and nutrition at the same time.Directions: After basic skin care, apply an appropriate amount all over the face following the skin texture. Then, complete the makeup with powder.Do not need to apply Sun cream in addition. Makeup Beauty Foundation Primers Face"
41-23-195-24,2,1,4647,B0027A7CMK,"MISSHA M Perfect Cover BB Cream (No.21 Bright Beige) SPF42 PA+++ (50ml) MISSHA 50 ml tubeThis M Perfect Cover BB Cream makes your skin tone clean and natural by concealing blemishes with excellent skin coverage.It is a multi functional makeup cream with blocking UV rays, whitening and wrinkle care effects and simplifies makeup formalities.It's moisturized application with W/S texture makes sleek skin tone while supplying moisture and nutrition at the same time.Directions: After basic skin care, apply an appropriate amount all over the face following the skin texture. Then, complete the makeup with powder.Do not need to apply Sun cream in addition. Creams & Moisturizers Beauty Skin Care Face"
42-133-249-105,2,0,5314,B002UEF3OM,"Essie Nail Lacquer, Mint Candy Apple, 0.5 Fluid Ounce Essie Essie nail lacquer goes on smooth and last long Cr&#xE8;me de mint shade Chip-resistant DBP, Toluene and Formaldehyde free. Makeup Nails Beauty Nail Polish"
42-133-249-105,2,1,5984,B003F25CNK,"Essie Nail Lacquer, Mint Candy Apple, 0.5 Fluid Ounce Essie Essie nail lacquer goes on smooth and last long Cr&#xE8;me de mint shade Chip-resistant DBP, Toluene and Formaldehyde free. Makeup Nails Beauty Nail Polish"
42-143-100-78,2,0,340,B0001AQCII,"China Glaze Nail Polish, Jetstream, 0.5 Fluid Ounce China Glaze A very soft cotton candy pink with tiny flecks of blue and purple flecks that really make your nails shimmer and shine. A great spring and summer color. Long-wearing nail lacquer flexible and will not chip non-thickening formula no thinner required. Makeup Nails Beauty Nail Polish"
42-143-100-78,2,1,10261,B0091XPADY,"China Glaze Nail Polish, Street Chic, 0.5 Fluid Ounce China Glaze A medium warm beige taupe creme, almost the color of milk chocolate this is a fun and warm color for fall. Long-wearing nail lacquer. Flexible and will not chip. Non-thickening formula no thinner required. Makeup Nails Beauty Nail Polish"
42-179-177-86,2,0,4956,B002HY10J2,"Opi Nail Lacquer Limited Edition New York City Ballet Collection, Don't Touch My Tutu, 0.5 Fluid Ounce OPI Soft shade palette of six dreamy nail lacquer colors. Creamy white shade. Limited edition. Contains no DBP, toluene or formaldehyde. Makeup Nails Beauty Nail Polish"
42-179-177-86,2,1,9488,B007LSASW4,"Opi Nail Lacquer Limited Edition New York City Ballet Collection, Barre My Soul, 0.5 Fluid Ounce OPI Soft shade palette of six dreamy nail lacquer colors. Sheer beige shade. Limited edition. Contains no DBP, toluene or formaldehyde. Makeup Nails Beauty Nail Polish"
42-179-249-166,2,0,544,B0002Z8HAI,"Essie Nail Lacquer, Sugar Daddy, 0.5 Fluid Ounce Essie Essie nail lacquer goes on smooth and last long Shimmery pink shade Chip-resistant DBP, Toluene and Formaldehyde free. Makeup Nails Beauty Nail Polish"
42-179-249-166,2,1,5648,B0034ZHMRW,"Essie Nail Lacquer, Van D'go, 0.5 Fluid Ounce Essie Essie nail lacquer goes on smooth and last long Peachy shade Chip-resistant DBP, Toluene and Formaldehyde free. Makeup Nails Beauty Nail Polish"
42-179-249-47,2,0,548,B0002Z8NJS,"Essie Nail Lacquer, Blanc, 0.5 Fluid Ounce Essie Essie nail lacquer goes on smooth and last long Snowy white shade Chip-resistant DBP, Toluene and Formaldehyde free. Makeup Nails Beauty Nail Polish"
42-179-249-47,2,1,4969,B002IS6S62,"Essie Nail Lacquer, Midnight Cami, 0.5 Fluid Ounce Essie Essie nail lacquer goes on smooth and last long Deep blue shade Chip-resistant DBP, Toluene and Formaldehyde free. Makeup Nails Beauty Nail Polish"
42-85-72-144,2,0,6621,B003ZWX6TM,"Kleancolor Nail Lacquer Black 5 Kleancolor Kleancolor nail polish featuring long lasting pretty colors with new bottle design. It is pretty, it is good quality, yet affordable price. Makeup Nails Beauty Nail Polish"
42-85-72-144,2,1,6624,B003ZX4988,"Kleancolor Nail Lacquer White 4 Kleancolor Kleancolor nail polish featuring long lasting pretty colors with new bottle design. It is pretty, it is good quality, yet affordable price. Makeup Nails Beauty Nail Polish"
47-125-180-255,2,0,9676,B007XA7ZLM,"OPI Nail Polish 2012 Nicki Minaj Collection Color Pink Friday N16 0.5oz 15ml OPI OPI is renowned globally for its Nail Lacquers - a brilliant, chip-resistant, professional formula available in over 200 fashion-forward colors. With clever names that customers look forward to with each new Collection, OPI Nail Lacquers are beloved around the world, and trusted by professionals. Neither OPI Nail Lacquers nor any other OPI product or service is subject to animal testing. Makeup Nails Beauty Nail Polish"
47-125-180-255,2,1,9680,B007XBT0XW,"OPI Nail Polish France Collection Color Tickle My France-Y F16 0.5oz 15ml OPI OPI is renowned globally for its Nail Lacquers - a brilliant, chip-resistant, professional formula available in over 200 fashion-forward colors. With clever names that customers look forward to with each new Collection, OPI Nail Lacquers are beloved around the world, and trusted by professionals. Neither OPI Nail Lacquers nor any other OPI product or service is subject to animal testing. Makeup Nails Beauty Nail Polish"
47-140-107-17,2,0,7487,B004NYSL9Q,"Kleancolor Neon Nail Lacquer - Candy Cast - Mini Collection (NPC593) Kleancolor KleanColor presents its long wearing and chip-resistant Nail Lacquers in petite, travel-friendly size. The set features bright neon colors for playfulness to complete the look of sweet girl who enjoys her creativity. Makeup Nails Beauty Nail Polish"
47-140-107-17,2,1,7491,B004NZ3D66,"KLEANCOLOR French Bijou - French Manicure Nail Lacquer Mini Collection (NPC596) Kleancolor KleanColor presents its long wearing and chip-resistant Nail Lacquers in petite, travel-friendly size. The set features all the essentials for the perfect french nails to complete the look of girl-next-door who adores natural beauty. Makeup Nails Beauty Nail Polish"
47-169-49-1,2,0,3057,B001641KGM,"OPI: Lacquer NLM23 Strawberry Margarita, 0.5 oz OPI Nothing completes a look more beautifully than nails wearing the season&#x2022;s most significant colors. Changing a Nail Lacquer shade can change a woman&#x2022;s entire look ? and her outlook. With over 200 shades, you are sure to find what you're looking for.OPI Nail Lacquers contain everything you want, nothing you don't. OPI Nail Lacquers contain no DBP, toluene or formaldehyde and they are not tested on animals. Lacquers feature OPI's exclusive ProWide Brush. Makeup Nails Beauty Nail Polish"
47-169-49-1,2,1,3623,B001E23YV0,"OPI: Lacquer NLF16 Tickle My France-y, 0.5 oz OPI Nothing completes a look more beautifully than nails wearing the seasons most significant colors. Changing a Nail Lacquer shade can change a womans entire look _ and her outlook. With over 200 shades, you are sure to find what you're looking for.OPI Nail Lacquers contain everything you want, nothing you don't. OPI Nail Lacquers contain no DBP, toluene or formaldehyde and they are not tested on animals. Lacquers feature OPI's exclusive ProWide Brush. Makeup Nails Beauty Nail Polish"
47-216-180-225,2,0,5620,B0034EAEBY,"OPI Nail Polish An Affair In Red Square 0.5 oz. OPI OPI polishes have a great variety of colors. Over 450 different colors are available to satisfy your taste and fantasy. OPI pulls out new collections that have new colors, grouped thematically. To distinguish different colors and to help you choose a color by your mood the polishes have incredibly funny and catchy names, that relate to the theme of the collection. Makeup Nails Beauty Nail Polish"
47-216-180-225,2,1,5621,B0034EAKYA,"OPI Nail Polish Yoga-ta Get This Blue 0.5 oz. OPI OPI polishes have a great variety of colors. Over 450 different colors are available to satisfy your taste and fantasy. OPI pulls out new collections that have new colors, grouped thematically. To distinguish different colors and to help you choose a color by your mood the polishes have incredibly funny and catchy names, that relate to the theme of the collection. Makeup Nails Beauty Nail Polish"
47-78-123-212,2,0,281,B0001433OU,"OPI Nail Lacquer, Pirates of The Caribbean Collection, Stranger Tides, 0.5 Fluid Ounce OPI The Pirates of the Caribbean collection captures the bright colors and breathtaking adventure of the Disney release. Trend-settings shades of pink, lavender, sage and the new silver shatter. Makeup Nails Beauty Nail Polish"
47-78-123-212,2,1,7145,B004DQWIIO,"OPI Nail Lacquer, Pirates Of The Caribbean Collection, Planks A Lot, 0.5 Fluid Ounce OPI The Pirates of the Caribbean collection captures the bright colors and breathtaking adventure of the Disney release. Trend-settings shades of pink, lavender, sage and the new silver shatter. Makeup Nails Beauty Nail Polish"
47-78-177-212,2,0,7288,B004IFAJKE,"OPI Nail Lacquer, Ms Universe Collection, Crown Me Already, 0.5 Fluid Ounce OPI Limited edition pageant-pretty nail Lacquer is the new Miss Universe by OPI. Featuring four shades packed with shimmer and sparkle that captures the energy of the 2011 Miss Universe competition. Makeup Nails Beauty Nail Polish"
47-78-177-212,2,1,8104,B005A11VFM,"OPI Nail Lacquer, Ms Universe Collection, Congenality is My Middle Name, 0.5 Fluid Ounce OPI Limited edition pageant-pretty nail Lacquer is the new Miss Universe by OPI. Featuring four shades packed with shimmer and sparkle that captures the energy of the 2011 Miss Universe competition. Makeup Nails Beauty Nail Polish"
5-67-130-62,2,0,9784,B0084HCIHY,"32 oz African Shea Butter Ivory Shea Butter WE HAVE UNREFINED AFRICAN IVORY SHEA BUTTER 32oz (2 POUNDS) AND SUPER FRESH WE SHIP SAME DAY IN 24hrs. SEE OUR FEEDBACK!! IF YOUR UNHAPPY LET US KNOW WE ARE HERE TO MAKE YOU HAPPY AWESOME PRODUCT INTERNATIONAL ORDERS WELCOME. FRESH IN FROM GHANA ALWAYS SEE OUR OTHER LISTINGS USES OF SHEA BUTTER Shea butter can be used to treat: 1. Dry skin, eczema, infant eczema, Rashes 2. Treats dark spots, stretch mark , burns, lessens the irritation in psoriasis, wrinkles, blemishes, Diaper rash, scars & skin discolorations. 3. Moisturizes and Heals Skin - relieves symptoms of extreme dryness, eczema, dermatitis and skin allergies 4. Anti-inflammatory Properties .Provides Pain relief from swelling and arthritis. 5. In Nigeria, shea butter (popularly called ori in Yoruba) is used for the management of sinusitis and relief of nasal congestion. This is due to its hydrating properties which help in relaxing the tension in the facial skin, thus easing respiration. 6. Improves muscle relaxation and stiffness in joint aches/arthritis. 7. Strengthens Cuticles and Nails 8. Hair conditioner for dry and brittle hair. 9. Used for Chapped lips. 10. Used as a sun blocking lotion. Protects With a Natural Sunscreen (due to its rich content of vitamin E and D).It reduce the effects of UV damage on the skin. Product of Ghana Directly from the Importers ! Moisturizers Beauty Body Butter Body Skin Care"
5-67-130-62,2,1,10203,B008WG7X8Q,"32oz African Shea Butter smellgood SOFT & CREAMY 32oz WE HAVE  UNREFINED AFRICAN  SHEA BUTTER 32oz (2 POUNDS) AND SUPER FRESH . SEE OUR FEEDBACK!! IF YOUR UNHAPPY LET US KNOW WE ARE HERE TO MAKE YOU HAPPY AWESOME PRODUCT INTERNATIONAL ORDERS WELCOME. FRESH IN FROM GHANA ALWAYS SEE OUR OTHER LISTINGS USES OF SHEA BUTTER Shea butter can be used to treat: 1. Dry skin, eczema, infant eczema, Rashes 2. Treats dark spots, stretch mark , burns, lessens the irritation in psoriasis, wrinkles, blemishes, Diaper rash, scars & skin discolorations. 3. Moisturizes and Heals Skin - relieves symptoms of extreme dryness, eczema, dermatitis and skin allergies 4. Anti-inflammatory Properties .Provides Pain relief from swelling and arthritis. 5. In Nigeria, shea butter (popularly called ori in Yoruba) is used for the management of sinusitis and relief of nasal congestion. This is due to its hydrating properties which help in relaxing the tension in the facial skin, thus easing respiration. 6. Improves muscle relaxation and stiffness in joint aches/arthritis. 7. Strengthens Cuticles and Nails 8. Hair conditioner for dry and brittle hair. 9. Used for Chapped lips. 10. Used as a sun blocking lotion. Protects With a Natural Sunscreen (due to its rich content of vitamin E and D).It reduce the effects of UV damage on the skin. Product of Ghana Directly from the Importers ! Moisturizers Beauty Body Butter Body Skin Care"
5-67-150-229,2,0,9786,B0084PXVX6,"Raw Unrefined Ivory Shea Butter TOP Grade From Ghana 5 lbs-- SOFT smellgood WE HAVE!!  UNREFINED AFRICAN IVORY SHEA BUTTER 5LBS PERFECT FOR PRODUCING YOU OWN PRODUCTS AND SUPER FRESH WE SHIP SAME DAY IN 24hrs IT WILL COME PACKAGED IN A PLASTIC BAG TO GIVE YOU THE BEST COST SHIPPING NOT A JAR. SEE OUR FEEDBACK!! IF YOUR UNHAPPY LET US KNOW WE ARE HERE TO MAKE YOU HAPPY AWESOME PRODUCT INTERNATIONAL ORDERS WELCOME. FRESH IN FROM GHANA ALWAYS SEE OUR OTHER LISTINGS USES OF SHEA BUTTER Shea butter can be used to treat: 1. Dry skin, eczema, infant eczema, Rashes 2. Treats dark spots, stretch mark , burns, lessens the irritation in psoriasis, wrinkles, blemishes, Diaper rash, scars & skin discolorations. 3. Moisturizes and Heals Skin - relieves symptoms of extreme dryness, eczema, dermatitis and skin allergies 4. Anti-inflammatory Properties .Provides Pain relief from swelling and arthritis. 5. In Nigeria, shea butter (popularly called ori in Yoruba) is used for the management of sinusitis and relief of nasal congestion. This is due to its hydrating properties which help in relaxing the tension in the facial skin, thus easing respiration. 6. Improves muscle relaxation and stiffness in joint aches/arthritis. 7. Strengthens Cuticles and Nails 8. Hair conditioner for dry and brittle hair. 9. Used for Chapped lips. 10. Used as a sun blocking lotion. Protects With a Natural Sunscreen (due to its rich content of vitamin E and D).It reduce the effects of UV damage on the skin. Product of Ghana Directly from the Importers ! 

-------------------------------------------------------------------------------- Moisturizers Beauty Body Butter Body Skin Care"
5-67-150-229,2,1,11370,B00D62IU9M,"Raw Unrefined Ivory Shea Butter TOP Grade From Ghana 1 lb-- SOFT smellgood WE HAVE! RAW UNREFINED, AFRICAN IVORY SHEA BUTTER 1LB PERFECT FOR PRODUCING YOU OWN PRODUCTS AND SUPER FRESH WE SHIP ASAP!!. WILL COME PACKAGED IN PLASTIC BAG TO GIVE YOU THE BEST COST SHIPPING NOT A JAR SEE OUR FEEDBACK!! IF YOUR UNHAPPY LET US KNOW WE ARE HERE TO MAKE YOU HAPPY AWESOME PRODUCT INTERNATIONAL ORDERS WELCOME. FRESH IN FROM GHANA ALWAYS SEE OUR OTHER LISTINGS USES OF SHEA BUTTER Shea butter can be used to treat: 1. Dry skin, eczema, infant eczema, Rashes 2. Treats dark spots, stretch mark , burns, lessens the irritation in psoriasis, wrinkles, blemishes, Diaper rash, scars & skin discolorations. 3. Moisturizes and Heals Skin - relieves symptoms of extreme dryness, eczema, dermatitis and skin allergies 4. Anti-inflammatory Properties .Provides Pain relief from swelling and arthritis. 5. In Nigeria, shea butter (popularly called ori in Yoruba) is used for the management of sinusitis and relief of nasal congestion. This is due to its hydrating properties which help in relaxing the tension in the facial skin, thus easing respiration. 6. Improves muscle relaxation and stiffness in joint aches/arthritis. 7. Strengthens Cuticles and Nails 8. Hair conditioner for dry and brittle hair. 9. Used for Chapped lips. 10. Used as a sun blocking lotion. Protects With a Natural Sunscreen (due to its rich content of vitamin E and D).It reduce the effects of UV damage on the skin. Product of Ghana Directly from the Importers ! 

-------------------------------------------------------------------------------- Moisturizers Beauty Body Butter Body Skin Care"
50-102-148-183,2,0,11117,B00BKOL53Q,"Trichloroacetic Acid Solution TCA 30% Chemical Skin Peel (2 Ounce) Our additive free trichloroacetic acid solutions are ideal for use by skin care professionals, dermatologists, physicians, and experienced home consumers.  
Diluted TCA solutions are broadly used as a chemical peeling agent that when applied to the skin can help reduce acne scars, rejuvinate skin, obliterate age spots, smooth wrinkles, lift unwanted freckles, smooth stretch marks, drastically reduce scarring, and remove xanthelasma.  
Concentrated TCA solutions (50%-80%) are a very effective method of removing skin tags, moles, and warts.
This is a chemical solution and an acid which is corrosive to the skin and should only be applied to the skin at a controlled concentration and at the hands of one experienced in the proper usage and aftercare required to insure healthy and beneficial results.
Please consult a qualified dermatologist, oncologist, or physician prior to removing any questionable skin growths using a TCA solution.SAFETY WARNING:It's important to understand trichloroacetic acid will cause a chemical burn when applied to the skin.  Excessive applications or even a single application of a high concentration (usually 50% or higher), may cause scarring.   
The most commonly accepted concentrations for use as a chemical peel are between 10% and 30%.   If purchasing a higher concentration, dilution may be required depending on needs.   
Special care should be taken to avoid contact with healthy skin surrounding skin tags, warts, or moles when applying to avoid possible scarring and/or long lasting redness.
AVOID CONTACT WITH HEALTHY SKIN OR AREAS WHICH ARE NOT MEANT TO UNDERGO A CHEMICAL BURN.  
USER ASSUMES ALL RISK OF DAMAGE OR INJURY TO SKIN. HANDLE WITH CARE. KEEP OUT OF THE REACH OF CHILDREN. KEEP OUT OF THE EYES, NOSE, & MOUTH.ALWAYS PERFORM A TEST APPLICATION ON SKIN PRIOR TO CONTINUING USE TO BE CERTAIN NO ADVERSE REACTIONS ARE OBSERVED. Face Beauty Treatments & Masks Masks Skin Care"
50-102-148-183,2,1,11118,B00BKONH5U,"Trichloroacetic Acid Solution TCA 50% Chemical Skin Peel (8 ml) Our additive free trichloroacetic acid solutions are ideal for use by skin care professionals, dermatologists, physicians, and experienced home consumers.  
Diluted TCA solutions are broadly used as a chemical peeling agent that when applied to the skin can help reduce acne scars, rejuvinate skin, obliterate age spots, smooth wrinkles, lift unwanted freckles, smooth stretch marks, drastically reduce scarring, and remove xanthelasma.  
Concentrated TCA solutions (50%-80%) are a very effective method of removing skin tags, moles, and warts.
This is a chemical solution and an acid which is corrosive to the skin and should only be applied to the skin at a controlled concentration and at the hands of one experienced in the proper usage and aftercare required to insure healthy and beneficial results.
Please consult a qualified dermatologist, oncologist, or physician prior to removing any questionable skin growths using a TCA solution.SAFETY WARNING:It's important to understand trichloroacetic acid will cause a chemical burn when applied to the skin.  Excessive applications or even a single application of a high concentration (usually 50% or higher), may cause scarring.   
The most commonly accepted concentrations for use as a chemical peel are between 10% and 30%.   If purchasing a higher concentration, dilution may be required depending on needs.   
Special care should be taken to avoid contact with healthy skin surrounding skin tags, warts, or moles when applying to avoid possible scarring and/or long lasting redness.
AVOID CONTACT WITH HEALTHY SKIN OR AREAS WHICH ARE NOT MEANT TO UNDERGO A CHEMICAL BURN.  
USER ASSUMES ALL RISK OF DAMAGE OR INJURY TO SKIN. HANDLE WITH CARE. KEEP OUT OF THE REACH OF CHILDREN. KEEP OUT OF THE EYES, NOSE, & MOUTH.ALWAYS PERFORM A TEST APPLICATION ON SKIN PRIOR TO CONTINUING USE TO BE CERTAIN NO ADVERSE REACTIONS ARE OBSERVED. Beauty Cleansers Skin Care Face"
50-144-238-180,2,0,6447,B003VFI0XU,"TCA 15% Peel Enhanced with 5% Salicylic Acid - With USDA Certified Organic Extracts, Chemical Peel solution, 1 oz / 30mL - INTERNATIONAL SHIPPING AVAILABLE Trichloroacetic Acid (TCA) is used as an intermediate to deep peeling agent in concentrations ranging from 15-30%. Trichloroacetic Acid (TCA) is a well-known chemical acid which has been used for years by Dermatologists and Surgeons to improve the texture of your skin by removing the damaged outer layers and revealing the new smooth skin underneath. 

* TCA peels cost $300.00 - $1000.00 per peel at your local Dermatologists or Estheticians office. Save thousands of dollars with this product and safely take years off of your face at the same time. Get the same results you can get at a high end spa in the privacy of your own home. DO NOT being with the 20% or 30% TCA unless you have used 15% several times successfully. If this is your first peel, Ideal Peel Solutions recommends that you start with the lightest strength. We offer several strengths - 15%, 20%, 30%. NOTE: 20%, 30% are strong peels and should be used by individuals who have previously used 15% without any problems.

Full list of benefits of each active ingredients is listed at our website. Face Beauty Treatments & Masks Salicylic Acid Acids & Peels Skin Care"
50-144-238-180,2,1,6450,B003VHCXWW,"TCA 30% Peel Enhanced with 5% Salicylic Acid - With USDA Certified Organic Extracts, Chemical Peel solution, 1 oz / 30mL - INTERNATIONAL SHIPPING AVAILABLE Trichloroacetic Acid (TCA) is used as an intermediate to deep peeling agent in concentrations ranging from 15-30%. Trichloroacetic Acid (TCA) is a well-known chemical acid which has been used for years by Dermatologists and Surgeons to improve the texture of your skin by removing the damaged outer layers and revealing the new smooth skin underneath. 

* TCA peels cost $300.00 - $1000.00 per peel at your local Dermatologists or Estheticians office. Save thousands of dollars with this product and safely take years off of your face at the same time. Get the same results you can get at a high end spa in the privacy of your own home. DO NOT being with the 20% or 30% TCA unless you have used 15% several times successfully. If this is your first peel, Ideal Peel Solutions recommends that you start with the lightest strength. We offer several strengths - 15%, 20%, 30%. NOTE: 20%, 30% are strong peels and should be used by individuals who have previously used 15% without any problems.

Full list of benefits of each active ingredients is listed at our website. Face Beauty Treatments & Masks Salicylic Acid Acids & Peels Skin Care"
50-23-39-251,2,0,2027,B000PLUZL8,"Salicylic Acid 20% Gel Peel, 30ml (Professional) The outside layer of your skin is covered in oil, and being oil soluble, the Salicylic acid is able to penetrate this outer layer.Salicylic/20 peel breaks down the protein bonds between the layers of skin, which is why a much quicker peel can be achieved.For acne, the Salicylic acid has several properties that make it a very effective treatment for acne.Salicylic/20 peel acts as ananti-inflammatoryand helps toimmediately reduce acne spotsSalicylic/20 peel is effective at reducing the appearance of fine lines and wrinkles, and improving overall facial texture because it exfoliates both the skin surface and within pores.Great For AcneSalicylic acid is highly effective for acne and oily skins.Salicylic acid blends powerful skin exfoliation with skin soothing actions. It has ultraviolet absorbing properties that help to protect the skin from the damaging effects of the sun.Choosing the Best Peel:Skin Laboratory offers different types of chemical peels to help with things like exfoliating the skin and smoothing fine lines and wrinkles.Glycolic:Eczema & Dermatitis, Fine Lines & Wrinkles, Razor Bumps, Stretch Marks and General Toning & TextureLactic:Actinic Keratosis, Dark Circles Under Eyes, Dry Skin, Eczema & Dermatitis, Melasma, Psoriasis, Razor Bumps, Scarring, Sensitive Skin, Stretch Marks, Sun Damage and General Toning & TextureSalicylic:Acne, Acne Scars, Adolescent Skin, Large Pores & Blackheads, Oily Skin, Psoriasis, Razor Bumps and Warts Face Beauty Treatments & Masks Salicylic Acid Acids & Peels Skin Care"
50-23-39-251,2,1,2030,B000PNVSBW,"Salicylic Acid 20% Gel Peel, Roll-on (Professional) The outside layer of your skin is covered in oil, and being oil soluble, the Salicylic acid is able to penetrate this outer layer.Salicylic/20 peel breaks down the protein bonds between the layers of skin, which is why a much quicker peel can be achieved.For acne, the Salicylic acid has several properties that make it a very effective treatment for acne.Salicylic/20 peel acts as ananti-inflammatoryand helps toimmediately reduce acne spotSalicylic/20 peel is effective at reducing the appearance of fine lines and wrinkles, and improving overall facial texture because it exfoliates both the skin surface and within pores.Great For AcneSalicylic acid is highly effective for acne and oily skins.Salicylic acid blends powerful skin exfoliation with skin soothing actions. It has ultraviolet absorbing properties that help to protect the skin from the damaging effects of the sun.Choosing the Best Peel:Skin Laboratory offers different types of chemical peels to help with things like exfoliating the skin and smoothing fine lines and wrinkles. If you are looking for the BEST peel for your condition, the following list will help you select it. The peels effectiveness is not limited to these conditions:Glycolic:Eczema & Dermatitis, Fine Lines & Wrinkles, Razor Bumps, Stretch Marks and General Toning & TextureLactic:Actinic Keratosis, Dark Circles Under Eyes, Dry Skin, Eczema & Dermatitis, Melasma, Psoriasis, Razor Bumps, Scarring, Sensitive Skin, Stretch Marks, Sun Damage and General Toning & TextureSalicylic:Acne, Acne Scars, Adolescent Skin, Large Pores & Blackheads, Oily Skin, Psoriasis, Razor Bumps and WartsBHA+:Acne, Adolescent Skin, Large Pores & Blackheads, Oily Skin, Psoriasis and WartsHQ+:Acne Scars, Actinic Keratosis, Melasma, Oily Skin and Scarring Face Beauty Treatments & Masks Salicylic Acid Acids & Peels Skin Care"
58-84-177-13,2,0,10060,B008LQRMAQ,"BONAMART &reg; Double Layer Cosmetic Bag Black with Pink Dot Travel Toiletry Cosmetic Makeup Bag Organizer With Mirror Bonamart This makeup cosmetic bag is made of high quality material, and with durable handle,With fashionable dot pattern, the cosmetic bag looks elegant,The zipper closure makes this cosmetic bag very convenientSpecifications:1. Material: polyester fabric2. Size: 7.48 x 4.65 x 5.31 inch3. Color: Coffee, White4. Weight: 157 g/ 5.5 oz Beauty Tools & Accessories Cosmetic Bags Bags & Cases"
58-84-177-13,2,1,10061,B008LQSOJO,"BONAMART &reg; Double Layer Cosmetic Bag Black with White Dot Travel Toiletry Cosmetic Makeup Bag Organizer With Mirror Bonamart This makeup cosmetic bag is made of high quality material, and with durable handle,With fashionable dot pattern, the cosmetic bag looks elegant,The zipper closure makes this cosmetic bag very convenientSpecifications:1. Material: polyester fabric2. Size: 7.48 x 4.65 x 5.31 inch3. Color: Coffee, White4. Weight: 157 g/ 5.5 oz Beauty Tools & Accessories Cosmetic Bags Bags & Cases"
61-133-99-25,2,0,6749,B0044TIP0K,"Yes To Blueberries Eye Firming Treatment, 0.5-Fluid Ounce Yes To Yes to blueberries intensive skin repair serum can be used under daily repairing moisturizer (during the day) or under overnight hydrating cream (at night). Acts as a powerful &#x2018;vitamin layer&#x2019; applied directly to clean skin. This powerful blend combines organic cotton thistle which is clinically proven to restore and repair age-damaged skin in 7 days, along with anti-oxidant rich blueberries and blackcurrant, which are rich in essential fatty acids to help nourish and soothe skin. Beauty Eyes Skin Care Creams"
61-133-99-25,2,1,6750,B0044TNORO,"Yes To Blueberries Intensive Skin Repair Serum, 1-Fluid Ounce Yes To Yes to blueberries intensive skin repair serum can be used under daily repairing moisturizer (during the day) or under overnight hydrating cream (at night). Acts as a powerful &#x2018;vitamin layer&#x2019; applied directly to clean skin. This powerful blend combines organic cotton thistle which is clinically proven to restore and repair age-damaged skin in 7 days, along with anti-oxidant rich blueberries and blackcurrant, which are rich in essential fatty acids to help nourish and soothe skin. Oils & Serums Beauty Skin Care Face"
61-231-186-2,2,0,5498,B0030DE8F2,"Perfective Ceuticals Anti-imperfection Eye Therapy Cream with Growth Factor Anti-imperfection Eye Therapy Cream with Growth Factor is a highly concentrated anti-wrinkle eye cream formulated with collagen and elastin stimulators to battle against the four signs of aging eyes: fine lines, wrinkles, dark circles and puffiness. Epidermal Growth Factor (EGF) helps diminish the length and depth of fine lines, under eye wrinkles and crow's feet wrinkles. Matrixyl (Palmitoyl Pentapeptide-4) helps reduce eye puffiness by strengthening the elasticity of the eye skin area. Argireline (Acetyl Hexapeptide) helps under eye wrinkles and crow's feet wrinkles to become more resilient to the aging process. Combined with Retinol and Ginseng Extract to de-saturate dark circles, Anti-imperfection Eye Therapy Cream with Growth Factor is the path to youthful, luminous, and radiant eyes. Non-comedogenic. Fragrance-free. Scientifically proven. Beauty Eyes Skin Care Creams"
61-231-186-2,2,1,10911,B00AYARK2C,"Anti-aging Eye Cream - Perfective Ceuticals Anti-imperfection Eye Therapy Cream with Growth Factor (New Packaging) Anti-imperfection Eye Therapy Cream with Growth Factor is a highly concentrated anti-wrinkle eye cream formulated with collagen and elastin stimulators to battle against the four signs of aging eyes: fine lines, wrinkles, dark circles and puffiness.

Epidermal Growth Factor (EGF) helps diminish the length and depth of fine lines, under eye wrinkles and crow's feet wrinkles. Matrixyl (Palmitoyl Pentapeptide-4) helps reduce eye puffiness by strengthening the elasticity of the eye skin area. Argireline (Acetyl Hexapeptide) helps under eye wrinkles and crow's feet wrinkles to become more resilient to the aging process.

Combined with Retinol and Ginseng Extract to de-saturate dark circles, Anti-imperfection Eye Therapy Cream with Growth Factor is the path to youthful, luminous, and radiant eyes. Non-comedogenic. Fragrance-free. Scientifically proven. Beauty Eyes Skin Care Creams"
62-42-135-6,2,0,6025,B003GDDGQI,"EcoTools Flat Eyeliner Brush (Pack of 2) EcoTools EcoTools offers modern women the beautiful choice for eco-conscious indulgence everyday.  We combine beauty expertise with eco-innovation to offer a comprehensive line that looks beautiful, performs beautifully, and acts responsibly.  The iconic look of the sleek bamboo, gorgeous recycled aluminum and incredibly soft bristles are only part of what makes EcoTools, EcoTools. Our cosmetic brushes are beautiful and show respect for the earth. They have 100% cruelty-free bristles and a portion of sales is donated to environmental organizations. Specifically donating funds to organizations that represent a blend of green and beauty! Makeup Brushes & Tools Beauty Tools & Accessories Brushes & Applicators"
62-42-135-6,2,1,7712,B004W17O7A,"Ecotools Bamboo Finishing Kabuki, 0.15 Pounds (Pack of 2) EcoTools EcoTools offers modern women the beautiful choice for eco-conscious indulgence everyday.  We combine beauty expertise with eco-innovation to offer a comprehensive line that looks beautiful, performs beautifully, and acts responsibly.  The iconic look of the sleek bamboo, gorgeous recycled aluminum and incredibly soft bristles are only part of what makes EcoTools, EcoTools. Our cosmetic brushes are beautiful and show respect for the earth. They have 100% cruelty-free bristles and a portion of sales is donated to environmental organizations. Specifically donating funds to organizations that represent a blend of green and beauty! Makeup Brushes & Tools Beauty Tools & Accessories Brushes & Applicators"
66-86-135-99,2,0,7559,B004QLOFTG,"Skindinavia Bridal Makeup Finish, 4 Ounce Skindinavia makeup finishes holds makeup flawlessly for 16 hours. When your makeup has to look perfect all day and night, our sprays are for you. Skindinavia&#x2019;s makeup finishing sprays work expertly to prevent loss of color, melting, sliding, caking, excess shininess, fading eye shadow, blush, and foundation. Our hypoallergenic sprays are applied in a micro fine mist over makeup or directly on your makeup brush or sponge. 9 out of 10 women agree that Skindinavia holds makeup perfectly for 16 hours. Independent trials 6/2011. Tested by 35 women for one week in temperatures averaging 105 farenheit. The &#x201C;original makeup saver&#x201D; ultrafine makeup setting spray the Skindinavia makeup finishing spray was first used on movie sets to hold makeup under hot lights, to minimize the need for touchups and control excess shine. Skindinavia makeup finishing sprays are still used in hollywood and on broadway stages. This great year-round mist keeps makeup from melting in the summer and drying out in winter. Makeup Foundation Beauty Face"
66-86-135-99,2,1,7560,B004QLRW82,"Skindinavia Makeup Finishing Spray, 2 Ounce Skindinavia makeup finishes holds makeup flawlessly for 16 hours. When your makeup has to look perfect all day and night, our sprays are for you. Skindinavia&#x2019;s makeup finishing sprays work expertly to prevent loss of color, melting, sliding, caking, excess shininess, fading eye shadow, blush, and foundation. Our hypoallergenic sprays are applied in a micro fine mist over makeup or directly on your makeup brush or sponge. 9 out of 10 women agree that Skindinavia holds makeup perfectly for 16 hours. Independent trials 6/2011. Tested by 35 women for one week in temperatures averaging 105 farenheit. The &#x201C;original makeup saver&#x201D; ultrafine makeup setting spray the Skindinavia makeup finishing spray was first used on movie sets to hold makeup under hot lights, to minimize the need for touchups and control excess shine. Skindinavia makeup finishing sprays are still used in hollywood and on broadway stages. This great year-round mist keeps makeup from melting in the summer and drying out in winter. Makeup Beauty Foundation Primers Face"
67-197-145-237,2,0,3389,B001AO0WCG,"Moroccan Oil Hair Treatment 3.4 Oz Bottle with Blue Box Moroccanoil Moroccanoil is an ultra-light formula which is absorbed by the hair instantly, resulting in a natural, silky finish and brilliant shine.  Moroccanoil has the ability to restore over-processed hair damaged by environmental factors and chemical procedures - it also revives, hydrates and detangles hair, wigs and hair extensions. Hair & Scalp Treatments Beauty Hair Care"
67-197-145-237,2,1,6580,B003YM5RA4,"MOROCCANOIL The Original Oil Treatment 100ml/3.4fl.oz. Moroccanoil Moroccanoil is an ultra-light formula which is absorbed by the hair instantly, resulting in a natural, silky finish and brilliant shine. Moroccanoil has the ability to restore over-processed hair damaged by environmental factors and chemical procedures - it also revives, hydrates and detangles hair, wigs and hair extensions. Beauty Skin Care Face"
68-222-166-6,2,0,8307,B005I0JWGK,"Renpure Originals Argan Oil Shampoo, 16 Ounce (Pack of 2) Renpure Originals Organic argan oil has a unique structure that penetrates the hair cuticle, reducing friction and breakage during shampooing and provides a natural micro-barrier that protects from styling heat and UV rays. The result is amazing shine with a silky-soft feel for healthy, beautiful hair. How it works: Most damage to hair occurs during shampooing when individual hair strands are rubbed against each other breaking and cracking the cuticle layer. Argan oil lubricates and smoothes the cuticle layer reducing friction allowing hair to be cleaned while reducing damage. Shampoos Beauty Hair Care"
68-222-166-6,2,1,8311,B005I0JWWE,"Renpure Originals Brazilian Keratin Straightening Shampoo, 16 Ounce (Pack of 2) Renpure Originals This organic blend of ingredients includes coconut oil that has a tiny molecular structure that absorbs deep into the hair reducing friction and breakage during shampooing. The keratin protein helps repair damage and restore strength while shea butter conditions and smooths the cuticle layer. The result is beautiful, straight, silky-smooth hair. How it works: Most damage to hair occurs during shampooing when individual hair strands are rubbed against each other breaking and cracking the cuticle layer. Coconut oil lubricates and smooths the cuticle layer reducing friction, allowing hair to be cleaned while reducing damage. Shampoos Beauty Hair Care"
68-60-123-194,2,0,5869,B003AY949G,"Moroccanoil Treatment Light, 3.4 Ounce Moroccanoil Moroccanoil treatment light is specifically formulated for the delicate needs of ultra-fine and light-colored (including white) hair. Inspired by the original formula that pioneered the oil-infused hair care category, creating the worldwide buzz on argan oil. A versatile and multitasking product, it is an essential foundation for hairstyling that can be used as a conditioning, styling and finishing tool. It even speeds up drying time and helps restore and revive hair damaged from chemicals found in shampoos, color processes and perms, as well as environmental factors. Infused with antioxidant-rich argan oil, strengthening proteins and shine-boosting vitamins. A completely transformative treatment that leaves the hair healthy, shiny and more manageable. Hair & Scalp Treatments Beauty Hair Care"
68-60-123-194,2,1,7160,B004EFG4BG,"Moroccanoil Treatment Light, 0.85 Ounce Moroccanoil Moroccanoil treatment light is specifically formulated for the delicate needs of ultra-fine and light-colored (including white) hair. Inspired by the original formula that pioneered the oil-infused hair care category, creating the worldwide buzz on argan oil. A versatile and multitasking product, it is an essential foundation for hairstyling that can be used as a conditioning, styling and finishing tool. It even speeds up drying time and helps restore and revive hair damaged from chemicals found in shampoos, color processes and perms, as well as environmental factors. Infused with antioxidant-rich argan oil, strengthening proteins and shine-boosting vitamins. A completely transformative treatment that leaves the hair healthy, shiny and more manageable. Hair & Scalp Treatments Beauty Hair Care"
69-18-61-123,2,0,8966,B006L0XVEU,1200 Pcs Pearl 12 Color 2mm Nail Art Nailart Manicure Glitter Rhinestones Tips Decoration + Wheel Nails gaga 1200 Pcs Pearl 12 Color 2mm Nail Art Nailart Manicure Glitter Rhinestones Tips Decoration + Wheel Beauty Skin Care Face
69-18-61-123,2,1,10656,B00A9R0BXU,Vip Beauty Shop 6 Colors Nail Art Nailart Half Round Pearl Beads Rhinestones Tips Manicure 3d Decoration Wheel Vip Beauty Shop 6 Colors Nail Art Nailart Half Round Pearl Beads Rhinestones Tips Manicure 3D Decoration Wheel Makeup Nails Beauty Nail Art
69-18-98-125,2,0,8791,B0067VFWIQ,1800pcs 12 Color 1.5mm Nail Art Nailart Manicure Glitter Rhinestones Tips Round Shape Decoration + Wheel Lucky Electronics 1800pcs 12 Color 1.5mm Nail Art Nailart Manicure Glitter Rhinestones Tips Round Shape Decoration + Wheel Makeup Nails Beauty Nail Art
69-18-98-125,2,1,8999,B006MA94PO,3000pcs 2mm 12 Color Nail Art Nailart Heart Shape Rhinestones Glitter Tips Decoration + Wheel Nails gaga 3000pcs 2mm 12 Color Nail Art Nailart Heart Shape Rhinestones Glitter Tips Decoration + Wheel Makeup Nails Beauty Nail Art
69-32-31-57,2,0,5365,B002VCXIEK,Konad Stamping Nail Art Image Plate M71 KONAD Nail Art Konad Stamping Nail Art Image Plate M71 Beauty Tools & Accessories Nail Art Equipment Nail Tools
69-32-31-57,2,1,5366,B002VCXS36,Konad Stamping Nail Art Image Plate S6 KONAD Nail Art Konad Stamping Nail Art Image Plate S6 Beauty Tools & Accessories Nail Art Equipment Nail Tools
69-32-78-131,2,0,2658,B000ZV5SZ6,Konad Stamping Nail Art Image Plate - M45 KONAD Nail Art IMAGE PLATE Beauty Tools & Accessories Nail Art Equipment Nail Tools
69-32-78-131,2,1,8904,B006H2Z6T0,Konad Stamping Nail Art Image Plate - M25 KONAD Nail Art stamping plate Beauty Tools & Accessories Nail Art Equipment Nail Tools
7-190-112-145,2,0,11107,B00BJS9JEK,NYX Cosmetics Born to Glow Liquid Illuminator Sun Beam NYX Buy NYX Cosmetics Bronzers - NYX Cosmetics Born to Glow Liquid Illuminator Sun Beam Makeup Foundation Beauty Face
7-190-112-145,2,1,11108,B00BJSAJNA,NYX Cosmetics Born to Glow Liquid Illuminator Gleam NYX Buy NYX Cosmetics Bronzers - NYX Cosmetics Born to Glow Liquid Illuminator Gleam Makeup Foundation Beauty Face
7-206-162-131,2,0,10970,B00B1ZPFT4,NYX Cosmetics The Smokey Eyeshadow Palette NYX Buy NYX Cosmetics Eye Shadows - NYX Cosmetics The Smokey Eyeshadow Palette Makeup Eye Shadow Beauty Eyes
7-206-162-131,2,1,10971,B00B1ZRTP2,NYX Cosmetics The Natural Eyeshadow Palette NYX Buy NYX Cosmetics Eye Shadows - NYX Cosmetics The Natural Eyeshadow Palette Makeup Eye Shadow Beauty Eyes
7-206-178-181,2,0,11112,B00BKH3Q58,NYX Cosmetics Butter Lip Gloss Eclair NYX Buy NYX Cosmetics Lip Gloss - NYX Cosmetics Butter Lip Gloss Eclair Makeup Beauty Lips Lip Glosses
7-206-178-181,2,1,11114,B00BKHEFNA,NYX Cosmetics Butter Lip Gloss Apple Strudel NYX Buy NYX Cosmetics Lip Gloss - NYX Cosmetics Butter Lip Gloss Apple Strudel Makeup Beauty Lips Lip Glosses
7-206-62-11,2,0,11467,B00DV81430,NYX Cosmetics Enchanted Kiss Butter Lip Gloss Set 3 Piece Set NYX Buy NYX Cosmetics Lip Gloss - NYX Cosmetics Enchanted Kiss Butter Lip Gloss Set 3 Piece Set Makeup Beauty Lips Lip Glosses
7-206-62-11,2,1,11638,B00FYQ6Y7I,NYX Cosmetics Sweetest Temptations Butter Lip Gloss Set 3 Piece Set NYX Buy NYX Cosmetics Lip Gloss - NYX Cosmetics Sweetest Temptations Butter Lip Gloss Set 3 Piece Set Makeup Beauty Lips Lip Glosses
7-66-238-191,2,0,10884,B00AVUDDJO,Tarte BB Tinted Treatment 12-Hour Primer Broad Spectrum SPF 30 Sunscreen Light 1 oz Tarte Tarte BB Tinted Treatment 12-Hour Primer Broad Spectrum SPF 30 Sunscreen Light 1 oz Brand New in Box Makeup Beauty Foundation Primers Face
7-66-238-191,2,1,10885,B00AVUDDRQ,Tarte BB Tinted Treatment 12-Hour Primer Broad Spectrum SPF 30 Sunscreen Medium 1 oz Tarte Tarte BB Tinted Treatment 12-Hour Primer Broad Spectrum SPF 30 Sunscreen Medium 1 oz  Brand New In Box. Makeup Beauty Foundation Primers Face
7-85-154-137,2,0,7744,B004WPGXMI,Cameo Perfect Brow Makeup Dark Brown Cameo Buy Cameo Eye Brow Makeup - Cameo Perfect Brow Makeup Dark Brown Makeup Beauty Eyes Eyebrow Color
7-85-154-137,2,1,7745,B004WPGXSW,Cameo Perfect Brow Makeup Natural Cameo Buy Cameo Eye Brow Makeup - Cameo Perfect Brow Makeup Natural Makeup Beauty Eyes Eyebrow Color
73-106-80-0,2,0,11230,B00CA51RQE,"Skyroad Top Quality Exfoliating Scrub Bath Mitten -8 items per package- (Made in Korea) Skyroad Skyroad Korean Exfoliating Scrub Bath Mitten lasts, refreshes, and invigorates. It removes a dead skin layer along with any impurities to generate new and fresh skin for healthier and softer condition with boosted circulation. It's lightweight, bacteria resilient, and dries fast. Bath Mitts & Cloths Beauty Bath & Body Bathing Accessories"
73-106-80-0,2,1,11232,B00CA8ZEIS,"Skyroad Top Quality Exfoliating Scrub Bath Mitten -4 items per package- (Made in Korea) Skyroad Skyroad Korean Exfoliating Scrub Bath Mitten lasts, refreshes, and invigorates. It removes a dead skin layer along with any impurities to generate new and fresh skin for healthier and softer condition with boosted circulation. It's lightweight, bacteria resilient, and dries fast. Bath Mitts & Cloths Beauty Bath & Body Bathing Accessories"
73-225-174-212,2,0,5750,B0037ZH2T2,"Hair Therapy Wrap Cordless Thermal Turban Heat Wrap Hair Therapy Wrap Increase the efficacy of your hair treatments with this reusable, heated hair turban from Hair Therapy Wrap. The removable, microwaveable, gel heat packs offer cord-free heating that works with the durable insulation for maximized product penetration. A plastic cap seals in product and a layer of washable, terrycloth further insulates. Oil and reconstructive treatments are activated by the warmth to do their work, as the hair follicle of each strand is relaxed and open for diffusion. Hair Care Beauty Styling Accessories Hair Drying Towels Styling Tools"
73-225-174-212,2,1,7906,B0050OX4O0,"Hair Therapy Wrap / Cordless Heating Cap (white) Hair Therapy Wrap Increase the efficacy of your hair treatments with this reusable, heated hair turban from Hair Therapy Wrap. The removable, microwaveable, gel heat packs offer cord-free heating that works with the durable insulation for maximized product penetration. A plastic cap seals in product and a layer of washable, terrycloth further insulates. Oil and reconstructive treatments are activated by the warmth to do their work, as the hair follicle of each strand is relaxed and open for diffusion. Hair Care Beauty Styling Accessories Hair Drying Towels Styling Tools"
75-223-56-57,2,0,11187,B00BX7DGIC,"Premium 4 Piece Synthetic Kabuki Makeup Brush Set From Royal Care Cosmetics This Set Includes:
Small Flat Kabuki that can be used for liquid or cream foundation application.
Small Round Kabuki for application of powders and blending between the colors.
Small Angled Kabuki is perfect for application of bronzer and blush. The shape of this brush gives you a better control at contouring your face.
Small Tapered Kabuki can be used for application of concealer or liquid foundation. Makeup Brushes & Tools Beauty Tools & Accessories Brushes & Applicators"
75-223-56-57,2,1,11318,B00COVNG7W,"Gold Premium 4 Piece Synthetic Kabuki Makeup Brush Set From Royal Care Cosmetics This Set Includes:
Small Flat Kabuki that can be used for liquid or cream foundation application.
Small Round Kabuki for application of powders and blending between the colors.
Small Angled Kabuki is perfect for application of bronzer and blush. The shape of this brush gives you a better control at contouring your face.
Small Tapered Kabuki can be used for application of concealer or liquid foundation. Makeup Brushes & Tools Beauty Tools & Accessories Brushes & Applicators"
75-41-123-230,2,0,6915,B0049J7P3S,"The Brush Guard Variety Pack The Brush Guard is an entirely new brush care product which allows brushes to be washed and then dried in the best way possible: bristles down, and then stored with the vulnerable bristles protected.  The Brush Guard is a new, patented product which takes brush care to a whole new level of easy, effective hygiene.  Visit our website for more information: thebrushguard.com Makeup Brushes & Tools Beauty Tools & Accessories Brushes & Applicators"
75-41-123-230,2,1,7013,B004BOS5BM,"The Brush Guard--Foundation Pack The Brush Guard is an entirely new brush care product which allows brushes to be washed and then dried in the best way possible: bristles down, and then stored with the vulnerable bristles protected.  The Brush Guard is a new, patented product which takes brush care to a whole new level of easy, effective hygiene.  Visit our website for more information: thebrushguard.com Makeup Brushes & Tools Beauty Tools & Accessories Brushes & Applicators"
75-97-113-24,2,0,6321,B003S17772,"10 Pairs of Reusable Thick False Eyelashes EBOX Experience this thick and voluminous false eyelashes for your evening date, party, or prom! Make your eyes look bright and attractive! The eyelashes are long enough, which allows them to be cut and shaped to fit the contour for you eyes. The 100% hand made product is reusable when you remove it properly. Beauty Tools & Accessories Eyelash Tools Fake Eyelashes & Adhesives Makeup Brushes & Tools"
75-97-113-24,2,1,6828,B0046MPZ4E,"10 Pairs of Reusable Natural &amp; Regular Long False Eyelashes Toogoo Experience this natural looking false eyelashes for your evening date, party, or prom! Make your eyes look bright and attractive!The eyelashes are long enough, which allows them to be trimmed and shaped to fit the contour for you eyes. The 100% hand made product is reusable when you remove it properly. Beauty Tools & Accessories Eyelash Tools Fake Eyelashes & Adhesives Makeup Brushes & Tools"
76-197-196-150,2,0,6618,B003ZVYQRY,Auric Blends - Egyptian Goddess Body Oil Old Glory Auric Blends perfumes combine exotic ingredients with unique aromas for a fragrance experience unparalleled anywhere in the world. This gorgeously scented Egyptian Goddess body oil comes in a 1/3 oz. roll-on bottle and will delight the mind as well as the body. Fragrance Women's Beauty Essential Oils
76-197-196-150,2,1,7165,B004F0RIXS,"Auric Blends - Patchouli Amber Body Oil Old Glory Auric Blends perfumes combine exotic indgredients with unique aromas for a frangrance experience unparalleled anywhere in the world. This Patchouli Amber body oil comes in a 1/3 oz. roll-on bottle, and features a musky scent that will delight the senses and the soul alike. Fragrance Women's Beauty Essential Oils"
78-78-216-11,2,0,6659,B0041KLRYS,"Coastal Scents Winterberry Palette, 8.5-Ounce Coastal Scents 12 Berry inspired metallic shades Makeup Makeup Palettes Beauty"
78-78-216-11,2,1,6935,B004A8DJS8,"Coastal Scents Think Pink Palette, 8.5-Ounce Coastal Scents 12 Rose Petal inspired shades Makeup Makeup Palettes Beauty"
79-156-150-22,2,0,11429,B00DNK4YB0,"LIME CRIME Velvetines Liquid Lipstick - Red Velvet Liquid lipstick that goes on like a gloss and dries to a matte, touch proof finish. VEGAN CRUELTY FREE Made in U.S.A. Net Wt. 0.11 Oz 3 g Ingredients Isododecane, Dimethicone, Trimethylsiloxysilicate, Polybutene, Petrolatum, Mica, Synthetic Cera Alba Wax, Kaolin, Disteardimonium Hectorite, Persea Gratissima Avocado Oil, Silica Silylate, Silica, Cyclopentasiloxane, Phenoxyethanol, Caprylyl Glycol, Disteardimonium Hectorite, Propylene Carbonate, Ethylhexylglycerin, Alcohol Denat, Hexylene Glycol, Flavor. + Titanium Dioxide CI 77891, FDC Red 7 Calcium Lake CI 158501, Iron Oxides CI 77491, CI 77499, CI 77492, FDC Yellow No 5 Lake CI 19140, FDC Blue No 1 Aluminum Lake CI 420902, Red 6 Lake CI 15850, Tin Oxide CI 77861. Makeup Beauty Lipstick Lips"
79-156-150-22,2,1,11848,B00HAZ4MBQ,"LIME CRIME Velvetines Liquid Lipstick - Pink Velvet Liquid lipstick that goes on like a gloss and dries to a matte, touch proof finish. VEGAN CRUELTY FREE Made in U.S.A. Net Wt. 0.11 Oz 3 g Ingredients Isododecane, Dimethicone, Trimethylsiloxysilicate, Polybutene, Petrolatum, Mica, Synthetic Cera Alba Wax, Kaolin, Disteardimonium Hectorite, Persea Gratissima Avocado Oil, Silica Silylate, Silica, Cyclopentasiloxane, Phenoxyethanol, Caprylyl Glycol, Disteardimonium Hectorite, Propylene Carbonate, Ethylhexylglycerin, Alcohol Denat, Hexylene Glycol, Flavor. + Titanium Dioxide CI 77891, FDC Red 7 Calcium Lake CI 158501, Iron Oxides CI 77491, CI 77499, CI 77492, FDC Yellow No 5 Lake CI 19140, FDC Blue No 1 Aluminum Lake CI 420902, Red 6 Lake CI 15850, Tin Oxide CI 77861. Makeup Beauty Lipstick Lips"
79-36-78-62,2,0,2226,B000TDBJHQ,"Silicon MIX Intensive Hair Deep Treatment 36oz Silicon Mix Silicon Mix Intensive Hair Treatment

Hair treatment to restore the health, shine and the softness of dry, damaged and weak hair. 

DIRECTIONS : Wash hair and towel dry. Apply with massages. Leave on from 2 to 3 minutes depending on the condition of the hair. Rinse.

INGREDIENTS : Water, Mineral Oil, Cetyl Alcohol, Stearyl Alcohol, Glycerine, Citric Acid, Cetrimonium Chloride, Dimethycone Copolyol, Cyclomethicone, Keratin, Ceramide, Diazolidinyl Urea (and) Iodopropynyl Butylcarbamate, Fragrance.

SIZE : Net Wt. 36 oz / 1,020 g Hair & Scalp Treatments Beauty Hair Care"
79-36-78-62,2,1,2229,B000TDG2PU,"SILICON MIX Intensive Hair Treatment 60 oz Silicon Mix Silicon Mix Intensive Hair Treatment

Hair treatment to restore the health, shine and the softness of dry, damaged and weak hair. 

DIRECTIONS : Wash hair and towel dry. Apply with massages. Leave on from 2 to 3 minutes depending on the condition of the hair. Rinse.

INGREDIENTS : Water, Mineral Oil, Cetyl Alcohol, Stearyl Alcohol, Glycerine, Citric Acid, Cetrimonium Chloride, Dimethycone Copolyol, Cyclomethicone, Keratin, Ceramide, Diazolidinyl Urea (and) Iodopropynyl Butylcarbamate, Fragrance.

SIZE : Net Wt. 60 oz / 1,700 g Hair & Scalp Treatments Beauty Hair Care"
79-38-220-239,2,0,5213,B002RJUOVW,"Lime Crime My Beautiful Rocket Opaque Orange Lipstick Color description
Pure luminous orange without those annoying red undertones!

Ingredients: Ricinus Communis (Castor) Seed Oil, Diisostearyl Malate, Euphorbia Cerifera (Candelilla) Wax, Trioctyldodecyl Citrate, Castor Isostearate Succinate, Caprylic/Capric Triglyceride, Octyldodecanol, Ozokerite, Bis-Diglyceryl Polyacyladipate-2, Polyethylene, Microcrystalline Wax, Phenoxyethanol, Vanillin, Capryl Glycol, Ethylhexylglycerin, Hexylene Glycol, Tocopheryl Acetate, Vegetable Oil, BHT. [+/-] Mica, Titanium Dioxide (CI 77891), Iron Oxides (CI 77491, CI 77492, CI 77499), Yellow 5 Lake (CI19140), Red #7 Lake (CI45410, CI15850), D&C; Red #6 (CI15850), Blue #1 Lake (CI42090), Yellow #6 Lake (CI15985 Makeup Beauty Lipstick Lips"
79-38-220-239,2,1,7720,B004W4P7AI,"Lime Crime Opaque Nude Lipstick Coquette Lime Crime Ingredients: Ricinus Communis (Castor) Seed Oil, Diisostearyl Malate, Euphorbia Cerifera (Candelilla) Wax, Trioctyldodecyl Citrate, Castor Isostearate Succinate, Caprylic/Capric Triglyceride, Octyldodecanol, Ozokerite, Bis-Diglyceryl Polyacyladipate-2, Polyethylene, Microcrystalline Wax, Phenoxyethanol, Vanillin, Capryl Glycol, Ethylhexylglycerin, Hexylene Glycol, Tocopheryl Acetate, Vegetable Oil, BHT. [+/-] Mica, Titanium Dioxide (CI 77891), Iron Oxides (CI 77491, CI 77492, CI 77499), Yellow 5 Lake (CI19140), Red #7 Lake (CI45410, CI15850), D&C; Red #6 (CI15850), Blue #1 Lake (CI42090), Yellow #6 Lake (CI15985). Makeup Beauty Lipstick Lips"
80-111-189-192,2,0,11025,B00B8T3Y0U,"X&amp;Y ANGEL-2014 New Long Curly Half Fall Hairpiece Synthetic Wig KZ024 Color MismatchDifferences in color may be caused by some other reasons such as color reflection in the monitor, lighting, background etc.However, if you believe that the item received is in wrong color, please contact us to see if a return or refund is possible. Hair Extensions & Wigs Hair Care Beauty Styling Products Wigs"
80-111-189-192,2,1,11032,B00B97BCHI,"X&amp;Y ANGEL New Short Curly Synthetic Hair Fiber Wigs Toupee M123 Color Mismatch?Differences in color may be caused by some other reasons such as color reflection in the monitor, lighting, background etc.It is normal,please understand.?However, if you believe that the item received is in wrong color, please contact us to see if a return or refund is possible. Hair Extensions & Wigs Hair Care Beauty Styling Products Wigs"
80-143-132-83,2,0,10404,B009HULDYG,"Vakind Stretched Length 50CM Hair Curler Curl Formers Spiral Ringlets Magic Leverage Circle Pack of 24 Housweety Using these rollers/curlers is a simple way to lift up your hair and full of beautiful curls/waves, even if the hair you were born in straight. You will roll your hair quickly and easily to achieve movie star like hair style.Easy and fast to change your hairstyle for urgent party and occasionsRapid hair rollers create curly sexy hair style in minutesSuper wide opening curlers for big size curls and thick hair baseDIY at home and save money and time spending at the salonNo chemical damage effectHigh temperature resistant and washableOperation Steps:Control the hair at 60%-70% of humidity of the zone.Make stick according to the shape that your want.Count the stick with cirde that you wantSelect the stick flow direction of veinsSelect the stick according to the different flowered shape sizeSelect the liquid medicine adn the time according to the hairColding perm time: Healthy hair 15-25mins, Damaged hair 8-15mins.Hotting perm time: Healthy hair 8-15mins, Damaged hair 5-10mins.Wash and clean the hair.Dry the hair with towel after then fix the shape 8-15 mins.Remove the stick, washing hair and styling hair.Color: Blue+Green Curl Enhancers Beauty Styling Products Hair Care"
80-143-132-83,2,1,10406,B009HULKLW,"Vakind Hair Curler Magic Spiral Ringlets Former Leverage Stretched Length 50CM Circle Roller Pack of 40 Vakind Using these rollers/curlers is a simple way to lift up your hair and full of beautiful curls/waves, even if the hair you were born in straight. You will roll your hair quickly and easily to achieve movie star like hair style.Easy and fast to change your hairstyle for urgent party and occasionsRapid hair rollers create curly sexy hair style in minutesSuper wide opening curlers for big size curls and thick hair baseDIY at home and save money and time spending at the salonNo chemical damage effectHigh temperature resistant and washableOperation Steps:Control the hair at 60%-70% of humidity of the zone.Make stick according to the shape that your want.Count the stick with cirde that you wantSelect the stick flow direction of veinsSelect the stick according to the different flowered shape sizeSelect the liquid medicine adn the time according to the hairColding perm time: Healthy hair 15-25mins, Damaged hair 8-15mins.Hotting perm time: Healthy hair 8-15mins, Damaged hair 5-10mins.Wash and clean the hair.Dry the hair with towel after then fix the shape 8-15 mins.Remove the stick, washing hair and styling hair.Color: Pink+Yellow Curl Enhancers Beauty Styling Products Hair Care"
80-67-18-168,2,0,8364,B005JVFP0U,"Cool2day Cute Straight Bangs Long Wig+wig Cap (Model:jf010011) (Dark Brown). cool2day *** Please kindly note it's not  REAL PERSON HAIR , the model wearing WIG is just for show ***Feature:* Excellent Quality straight 100%  Japanese Kanekalon (high quality one) made fiber wig* You will be amazed by the quality. Wearing it, it can bring you more confidence, and more charm!* It is both natural looking and soft touch. You can wear it to parties as well as for daily use.* The size is adjustable and no pins or tape should be required. It should be fit on most people.* All you should need to do is adjust the hooks inside the cap to the correct size to suit your head.* The item is Easy to  wash and care just using a little mild shampoo in cold water.* This wig features a high-quality ""skin top"", which gives the wig a look of naturalness and reality.Specifications:* Hair material: 100% Japanese Kanekalon (high quality one) made fiber.* Top Material and design: Adjustable Monofilament Net.* Color: as the picture* length: appr 25''(65cm)* Weight: 0.18kg* Style: straight* AAA High quality* Hair type: We GUARANTEE that the hair we sell is 100% kanekalon fiber.Package included:* 1x Beautiful Brown fashion long straight wig Hair Extensions & Wigs Hair Care Beauty Styling Products Wigs"
80-67-18-168,2,1,9063,B006QFCDDK,"Pretty Girls' Natural Straight Synthetic Hair Wig (Model: Jf010261) (Light Brown) cool2day ***Please kindly note it's not  REAL PERSON HAIR , the model wearing WIG is just for show***Feature:*Excellent Quality straight 100% Korean Kanekalon (high quality one-) made fiber wig*You will be amazed by the quality. Wearing it, it can bring you more confidence, and more charm!It is both natural looking and soft touch. You can wear it to parties as well as for daily use.*The size is adjustable and no pins or tape should be required. It should be fit on most people. All you should need to do is adjust the hooks inside the cap to the correct size to suit your head.*The item is Easy to  wash and care just using a little mild shampoo in cold water.*This wig features a high-quality ""skin top"", which gives the wig a look of naturalness and reality.Specifications:*Hair material: 100% Japanese Kanekalon (high quality one) made fiber.*Top Material and design: Adjustable Monofilament Net.*Color: light brown*length: appr 25""*Shipping Weight: 0.18kg*Texture: straight*AAA High quality*Hair type: We GUARANTEE that the hair we sell is 100% kanekalon fiber.Package Included :*1 X Pretty women's wave curly full wig/wigs Hair Extensions & Wigs Hair Care Beauty Styling Products Wigs"
81-208-135-168,2,0,10379,B009G0OO7U,"32&quot; 80cm Spiral Curly Cosplay Wig--Light Blonde Tengs Our wigs are made of high quality synthetic fibers, and every wig is handmade by skillful workers, the quality is guaranteed. The wig is on an adjustable net-cap that fits most head sizes. The closest appearance and real human hair feeling. Hair Extensions & Wigs Hair Care Beauty Styling Products Wigs"
81-208-135-168,2,1,11331,B00CQGUSZ8,"Cosplay Inshop 28 &quot; Long Big Wavy Hair Heat Resistant Cosplay Wig Free Shipping (Light Blonde) COSPLAY INSHOP Our wigs are made of high quality synthetic fibers, and every wig is handmade by skillful workers, the quality is guaranteed. The wig is on an adjustable net-cap that fits most head sizes. The closest appearance and real human hair feeling. Hair Extensions & Wigs Hair Care Beauty Styling Products Wigs"
81-97-246-43,2,0,4714,B002ACKDU8,Darkness False Eyelashes K-ma 4 Darkness False Eyelashes Top Quality False Eyelashes New False Eyelashes Designs Variety of Fake Eyelash Designs Best Selling False Eyelash Include 2 False Eyelid Glue Beauty Tools & Accessories Eyelash Tools Fake Eyelashes & Adhesives Makeup Brushes & Tools
81-97-246-43,2,1,4715,B002ACKKMO,"Darkness False Eyelashes K-Ma 9 Darkness False Eyelashes Top Quality False Eyelashes
    New False Eyelashes Designs
    Variety of Fake Eyelash Designs
    Best Selling False Eyelash
    Include 2 False Eyelid Glue Beauty Tools & Accessories Eyelash Tools Fake Eyelashes & Adhesives Makeup Brushes & Tools"
82-78-116-103,2,0,2016,B000PIMUR8,"Thayer Lavender Witch Hazel, 12 Fluid Ounce Thayer Recommend: Apply with a cotton ball after cleansing or anytime throughout the day as a softening refresher. Does Not Contain: Alcohol. Beauty Skin Care Toners & Astringents Face"
82-78-116-103,2,1,3473,B001BR97A0,"Thayer Cucumber Witch Hazel, 12 Fluid Ounce Thayer Recommend: Apply with a cotton ball after cleansing or anytime throughout the day as a softening refresher. Does Not Contain: Alcohol. Beauty Skin Care Toners & Astringents Face"
83-41-174-227,2,0,4021,B001IMSIYY,"Hair One Cleanser and Conditioner with Olive Oil for Dry Hair 12 oz Hair One Hair One Hair Cleanser Conditioner is a salon quality sulfate-free product that leaves hair cleansed, conditioned and in optimum shape. Hair Loss Products Beauty Hair Care Conditioners"
83-41-174-227,2,1,10180,B008V0U33U,"Hair One Sweet Almond Oil Hair Cleanser Conditioner For All Hair Types Fiske Hair One Sweet Almond Oil Hair Cleanser Conditioner is a salon quality sulfate-free product that leaves hair cleansed, conditioned and in optimum shape. Shampoos Beauty Hair Care"
85-144-184-192,2,0,1423,B000GHWTLK,"Bvlgari Blv Notte By Bvlgari For Men. Eau De Toilette Spray 3.4 Ounces BVLGARI Launched by the design house of Bvlgari.When&#xA0;applying&#xA0;any fragrance please consider that there are several factors which can affect the natural smell of your skin and, in turn, the way a scent smells on you.&#xA0; For instance, your mood, stress level, age, body chemistry,&#xA0;diet, and current medications may all alter the scents you wear.&#xA0;&#xA0;Similarly, factor such as dry or oily&#xA0;skin can even affect the amount of time a fragrance will last after being applied Fragrance Beauty"
85-144-184-192,2,1,1948,B000P20RPQ,"Bvlgari Pour Homme Soir By Bvlgari For Men. Eau De Toilette Spray 3.4 oz Bvlgari Launched by the design house of Bvlgari.When&#xA0;applying&#xA0;any fragrance please consider that there are several factors which can affect the natural smell of your skin and, in turn, the way a scent smells on you.&#xA0; For instance, your mood, stress level, age, body chemistry,&#xA0;diet, and current medications may all alter the scents you wear.&#xA0;&#xA0;Similarly, factor such as dry or oily&#xA0;skin can even affect the amount of time a fragrance will last after being applied Fragrance Beauty Eau de Toilette Men's"
85-91-147-78,2,0,790,B0009OAHIW,"D &amp; G Light Blue By Dolce &amp; Gabbana For Women. Eau De Toilette Spray 1.6 Ounces Dolce &amp; Gabbana Introduced in 2001. Fragrance notes: rose, apple, musk and jasmine. Recommended use: casual.When&#xA0;applying&#xA0;any fragrance please consider that there are several factors which can affect the natural smell of your skin and, in turn, the way a scent smells on you.&#xA0; For instance, your mood, stress level, age, body chemistry,&#xA0;diet, and current medications may all alter the scents you wear.&#xA0;&#xA0;Similarly, factor such as dry or oily&#xA0;skin can even affect the amount of time a fragrance will last after being applied Moisturizers Beauty Body Lotions Skin Care"
85-91-147-78,2,1,917,B000AQF50Y,"D &amp; G Light Blue By Dolce &amp; Gabbana For Women. Eau De Toilette Spray 3.3 Ounces Dolce &amp; Gabbana Introduced in 2001. Fragrance notes: rose, apple, musk and jasmine. Recommended use: casual.When&#xA0;applying&#xA0;any fragrance please consider that there are several factors which can affect the natural smell of your skin and, in turn, the way a scent smells on you.&#xA0; For instance, your mood, stress level, age, body chemistry,&#xA0;diet, and current medications may all alter the scents you wear.&#xA0;&#xA0;Similarly, factor such as dry or oily&#xA0;skin can even affect the amount of time a fragrance will last after being applied Fragrance Women's Beauty Eau de Toilette"
88-60-55-62,2,0,56,B000052YQ2,"Olay Complete All Day Moisturizer With Sunscreen Broad Spectrum SPF 15 - Sensitive 4 Fl Oz Olay Caring for sensitive skin is simple  if you have the right moisturizer. Olay Complete All Day Moisturizer with Sunscreen for Sensitive Skin gently helps you maintain a healthy, beautiful-looking appearance. This lightweight, fast-absorbing lotion gives your skin 12 hours of long-lasting hydration. Plus, it contains broad-spectrum SPF sunscreen to provide protection from the sun's harmful rays. Your skin will even love its gentle, 100% oil-free, fragrance-free and PABA-free formula.Designed for sensitive skin by Olay skin experts to help prevent premature aging, Olay Complete All Day Moisturizer with Sunscreen for Sensitive Skin conditions your skins surface with vitamin E and Aloe, and provides 12 hours of moisturization. The formula is also non-comedogenic, which means it won't clog your pores.To keep your sensitive skin looking and feeling fresh and healthy, use Olay Complete All Day Moisturizer with Sunscreen for Sensitive Skin every day. And when youre planning to be out and about, just apply it liberally 15 minutes before sun exposure and reapply every 2 hours if you remain outdoors. Its that easy. Creams & Moisturizers Beauty Skin Care Face"
88-60-55-62,2,1,3844,B001F51TGI,"Olay Complete All Day UV Moisture Cream, SPF 15, Sensitive Skin, 2 Ounce (Pack of 3) Olay Caring for sensitive skin is simple  if you have the right moisturizer. Olay Complete All Day Moisture Cream with Sunscreen for Sensitive Skin helps you maintain a healthy, beautiful-looking appearance. This gentle, rich and creamy formula gives your skin 12 hours of long-lasting hydration. Plus, it contains broad spectrum SPF sunscreen to provide protection from the sun's harmful rays. Your skin will even love its gentle, 100% oil-free, fragrance-free and PABA-free formula. Designed for sensitive skin by Olay skin experts to help prevent premature aging, Olay Complete All Day Moisture Cream with Sunscreen for Sensitive Skin conditions your skins surface with vitamin E and Aloe, and provides 12 hours of moisturization. The formula is also non-comedogenic, which means it won't clog your pores. All this and such a luxurious, velvety feeling too!To keep your sensitive skin looking and feeling fresh and healthy, use Olay Complete All Day Moisture Cream with Sunscreen for Sensitive Skin every day. And when youre planning to be out and about, just apply it liberally 15 minutes before sun exposure and reapply every 2 hours if you remain outdoors. Its that easy. Creams & Moisturizers Beauty Fluids & Lotions Lotions Face Skin Care"
91-219-10-211,2,0,818,B0009PVV4A,Infiniti Pro by Conair Professional 1 Inch  Tourmaline Ceramic Straightener Conair Hair Care Flattening Irons Beauty Irons Styling Tools
91-219-10-211,2,1,7293,B004INQ65S,Infiniti Pro by Conair 1 Inch  Tourmaline Ceramic Flat Iron Conair Hair Care Flattening Irons Beauty Irons Styling Tools
91-27-10-237,2,0,7294,B004INUWX0,Infiniti Pro by Conair Spin Air Rotating Styler Conair Beauty Styling Tools Hair Care Hot-Air Brushes
91-27-10-237,2,1,8153,B005CE21YW,Infiniti Pro by Conair Instant Heat 20 Ceramic Flocked Rollers Conair Beauty Styling Tools Hair Care Hair Rollers
91-71-74-40,2,0,9397,B007E0FR84,Remington D8410 Keratin Therapy Dryer Remington Hair Dryers Beauty Styling Tools Hair Care
91-71-74-40,2,1,11055,B00BB8ZIW0,Remington Ac9096 Silk Ceramic Ionic AC Professional Hair Dryer Remington Hair Dryers Beauty Styling Tools Hair Care
92-138-220-132,2,0,4485,B001U0OQNG,"Clearasil Daily Clear Vanishing Acne Treatment Cream, 1 Ounce (Pack of 3) Clearasil Face Beauty Treatments & Masks Masks Skin Care"
92-138-220-132,2,1,5678,B00368R3JY,"Clearasil Ultra Rapid Action Vanishing Acne Treatment Gel, 1 Ounce Clearasil Face Beauty Treatments & Masks Masks Skin Care"
93-58-186-105,2,0,8913,B006HJRQ1O,"GelColor by OPI Soak-Off Gel Laquer nail polish - Kyoto Pearl - GC L03 OPI Opi gelcolor collection is the new, polish-on gel formula. Soak off gel lacquer. Makeup Nails Beauty Nail Polish"
93-58-186-105,2,1,8922,B006HL4KXO,"GelColor by OPI Soak-Off Gel Laquer nail polish - Pink Flamenco - GC E44 OPI Opi gelcolor collection is the new, polish-on gel formula. Soak off gel lacquer. Makeup Nails Beauty Nail Polish"
93-94-75-173,2,0,6239,B003OGQYC0,Shellac Cream Puff .25 oz. CND Cosmetics A UV-cured color coat featuring UV3 technology: on like polish; wears like gel; off in minutes. Provides a long-lasting color layer to nails. Makeup Nails Beauty Nail Polish
93-94-75-173,2,1,6240,B003OGSX4M,Shellac Romantique .25 oz. CND Cosmetics A UV-cured color coat featuring UV3 technology: on like polish; wears like gel; off in minutes. Provides a long-lasting color layer to nails. Makeup Nails Beauty Nail Polish
95-160-1-136,2,0,2374,B000VDYXT0,Body Drench Quick Tan Mist Body Drench Body Drench Quick Tan is a fast-drying fine-misting spray-on self tanner that provides immediate golden color. Ultra Bronzing formula gives the most natural-looking tan in a flash. Self-Tanners & Bronzers Sun Beauty Skin Care
95-160-1-136,2,1,8264,B005GQ1PD4,California Tan Instant Sunless Spray 6 Ounce California Tan Provides instant rich bronze color in a quick-dry formula that is sure to bring out the very best color-rich sunless tan. Self-Tanners & Bronzers Sun Beauty Skin Care
97-130-175-76,2,0,4205,B001MJT6IA,Natural Vitality Natural Calm Raspberry Lemon 30 count Natural Vitality Natural&#xA0;Calm&#xA0;is the&#xA0;solution to&#xA0;both restoring a&#xA0;healthy magnesium level and&#xA0;balancing your calcium intake-the result of&#xA0;which is&#xA0;natural&#xA0;stress&#xA0;relief. Moisturizers Beauty Body Lotions Skin Care
97-130-175-76,2,1,8622,B005VZA0KO,"Natural Vitality Natural Calm, Lemon, 16 Ounce Natural Vitality Natural&#xA0;Calm&#xA0;is the&#xA0;solution to&#xA0;both restoring a&#xA0;healthy magnesium level and&#xA0;balancing your calcium intake-the result of&#xA0;which is&#xA0;natural&#xA0;stress&#xA0;relief. Moisturizers Beauty Body Lotions Skin Care"
99-173-115-178,2,0,11579,B00F4VWXO6,"L'Oreal Paris Voluminous Butterfly Mascara, Blackest Black, 0.22 Ounces L&#39;Oreal Paris Stretch and extend your lashes like wings!  Introducing Voluminous Butterfly Mascara, one of our most-exciting mascara innovations, yet. It&#x2019;s revolutionary Butterfly Brush&#x2122; with asymmetrical lash line shape extends and lifts outer corner lashes to give you a winged-out effect, instantly volumizing lashes at the roots and stretching lashes outward. The unique Cocoon Fibers&#x2122; instantly wrap lashes in a soft, delicate veil to create silky, spectacular lashes that flutter. Makeup Beauty Eyes Mascara"
99-173-115-178,2,1,11966,B00IKLGNOS,"L'Oreal Paris Voluminous Butterfly Mascara Waterproof, Black, 0.21 Fluid Ounce L&#39;Oreal Paris Stretch and extend your lashes like wings! Introducing Voluminous Butterfly Mascara, one of our most-exciting mascara innovations, yet. It&#x2019;s revolutionary Butterfly Brush&#x2122; with asymmetrical lash line shape extends and lifts outer corner lashes to give you a winged-out effect, instantly volumizing lashes at the roots and stretching lashes outward. The unique Cocoon Fibers&#x2122; instantly wrap lashes in a soft, delicate veil to create silky, spectacular lashes that flutter. Makeup Beauty Eyes Mascara"
