sid_prefix,collision_group_size,dedup_last,item_id,asin,item_text
10-247-73-201,20,0,384,B00021AQCY,Fekkai Shea Butter Moisturizing Shampoo Hair Products 8 Fl Oz Fekkai Shampoos Beauty Hair Care
10-247-73-201,20,1,901,B000ALBJ40,Fekkai Glossing Hair Conditioner 2 Fl Oz Fekkai Beauty Hair Care Conditioners
10-247-73-201,20,2,2125,B000R8WOT0,Fekkai Technician Color Care Shampoo Hair Products 16 Fl Oz Shampoos Beauty Hair Care
10-247-73-201,20,3,2742,B0011S49IY,Fekkai Glossing Shampoo Hair Product 2 Fl Oz Fekkai Shampoos Beauty Hair Care
10-247-73-201,20,4,5508,B0030GFXO4,Fekkai Technician Color Care 3-Minute Hair Mask 7 Oz Fekkai Beauty Hair Care
10-247-73-201,20,5,5510,B0030GFY02,Fekkai Glossing Hair Products Starter 1 Kit Fekkai Beauty Hair Care
10-247-73-201,20,6,11563,B00EYZY5TY,Fekkai Apple Cider Shampoo 236ml/8oz Fekkai Shampoos Beauty Hair Care
10-247-73-201,20,7,11564,B00EYZY5VC,Fekkai Prx Oil 1.6 Fl Oz Fekkai Hair & Scalp Treatments Beauty Hair Care
10-247-73-201,20,8,11565,B00EYZY684,"Fekkai Prx Shampoo 8 Fl Oz, 8.000-Fluid Ounce Fekkai Shampoos Beauty Hair Care"
10-247-73-201,20,9,11566,B00EYZY68Y,"Fekkai Prx Conditioner 8 Fl Oz, 8.000-Fluid Ounce Fekkai Beauty Hair Care Conditioners"
10-247-73-201,20,10,11618,B00FRDPMQC,"Fekkai Brilliant Glossing Creme 4 Oz Frederic Fekkai Beauty Styling Products Hair Care Creams, Gels & Lotions"
10-247-73-201,20,11,11619,B00FRDPNA2,Fekkai Technician Color Care Conditioner 236ml/8oz Fekkai Beauty Hair Care Conditioners
10-247-73-201,20,12,11620,B00FRDPNM0,Fekkai Brilliant Glossing Conditioner 236ml/8oz Fekkai Beauty Hair Care Conditioners
10-247-73-201,20,13,11621,B00FRDPOVU,Fekkai Full Blown Volume Shampoo 236ml/8oz Fekkai Shampoos Beauty Hair Care
10-247-73-201,20,14,11622,B00FRDPP6O,Fekkai Technician Color Care Shampoo 236ml/8oz Fekkai Shampoos Beauty Hair Care
10-247-73-201,20,15,11623,B00FRDPR4O,Fekkai Full Blown Volume Conditioner 236ml/8oz Fekkai Beauty Hair Care Conditioners
10-247-73-201,20,16,11624,B00FRDPRBW,Fekkai Essential Shea Shampoo 8 Fl Oz Fekkai Shampoos Beauty Hair Care
10-247-73-201,20,17,11625,B00FRDPRQ2,Fekkai Brilliant Glossing Shampoo 236ml/8oz Fekkai Shampoos Beauty Hair Care
10-247-73-201,20,18,11626,B00FRDPSE8,Fekkai Essential Shea Conditioner 8 Fl Oz Fekkai Beauty Hair Care Conditioners
10-247-73-201,20,19,11727,B00GMWMMOW,Fekkai Sheer Hold Hair Spray 8oz Fekkai Beauty Styling Products Hair Sprays Hair Care
117-25-190-144,19,0,2657,B000ZV5SLK,Konad Stamping Nail Art Image Plate - M19 KONAD Nail Art Konad Stamping Nail Art Image Plate - M19 Beauty Tools & Accessories Nail Art Equipment Nail Tools
117-25-190-144,19,1,2658,B000ZV5SZ6,Konad Stamping Nail Art Image Plate - M45 KONAD Nail Art IMAGE PLATE Beauty Tools & Accessories Nail Art Equipment Nail Tools
117-25-190-144,19,2,3956,B001GMOKWU,Konad Stamping Nail Art Image Plate - M54 Konad nail art stencil with 7 designs. Beauty Tools & Accessories Nail Art Equipment Nail Tools
117-25-190-144,19,3,4172,B001LTVF2G,"Konad Stamping Nail Art Image Plate - M3 KONAD Nail Art Konad nail art stencil with stars, hearts and bows. Makeup Nails Beauty Nail Polish"
117-25-190-144,19,4,4173,B001LTVF7G,Konad Stamping Nail Art Image Plate - M56 KONAD Nail Art Konad nail art stencil with 7 designs. Beauty Tools & Accessories Nail Art Equipment Nail Tools
117-25-190-144,19,5,4265,B001OBPFVS,Konad Stamping Nail Art Image Plate - M26 KONAD Nail Art Konad nail art stencil with 7 flower designs. Beauty Tools & Accessories False Nails Nail Tools
117-25-190-144,19,6,5362,B002VCJHU4,Konad Stamping Nail Art Image Plate M64 KONAD Nail Art Konad Stamping Nail Art Image Plate - M64 Beauty Tools & Accessories Nail Art Equipment Nail Tools
117-25-190-144,19,7,5363,B002VCJI76,Konad Stamping Nail Art Image Plate M65 KONAD Nail Art Konad Stamping Nail Art Image Plate Beauty Tools & Accessories Nail Art Equipment Nail Tools
117-25-190-144,19,8,5364,B002VCV2AM,Konad Stamping Nail Art Image Plate - M66 KONAD Konad Stamping Nail Art Image Plate M66 Makeup Nails Beauty Nail Polish
117-25-190-144,19,9,5365,B002VCXIEK,Konad Stamping Nail Art Image Plate M71 KONAD Nail Art Konad Stamping Nail Art Image Plate M71 Beauty Tools & Accessories Nail Art Equipment Nail Tools
117-25-190-144,19,10,5366,B002VCXS36,Konad Stamping Nail Art Image Plate S6 KONAD Nail Art Konad Stamping Nail Art Image Plate S6 Beauty Tools & Accessories Nail Art Equipment Nail Tools
117-25-190-144,19,11,5514,B0030GZXPI,Konad Stamping Nail Art Image Plate M63 KONAD Konad Stamping Nail Art Image Plate M63 Beauty Tools & Accessories Nail Art Equipment Nail Tools
117-25-190-144,19,12,6080,B003I810EQ,Konad Stamping Nail Art Image Plate - M79 KONAD Nail Art Konad Stamping Nail Art Image Plate - M79 Beauty Tools & Accessories Nail Art Equipment Nail Tools
117-25-190-144,19,13,8901,B006H2Z564,Konad Stamping Nail Art Image Plate - M21 KONAD Nail Art Konad Stamping Nail Art Image Plate - M21 Beauty Tools & Accessories False Nails Nail Tools
117-25-190-144,19,14,8902,B006H2Z58C,"Konad Stamping Nail Art Image Plate - M59 KONAD Nail Art Konad nail art stencil with bows, hearts and snow flakes. Beauty Tools & Accessories Nail Art Equipment Nail Tools"
117-25-190-144,19,15,8903,B006H2Z5KK,Konad Nail Art - Stamping Image Plate - M60 KONAD Nail Art Konad nail art stencil with 5 designs. Beauty Tools & Accessories Nail Art Equipment Nail Tools
117-25-190-144,19,16,8904,B006H2Z6T0,Konad Stamping Nail Art Image Plate - M25 KONAD Nail Art stamping plate Beauty Tools & Accessories Nail Art Equipment Nail Tools
117-25-190-144,19,17,8905,B006H2ZASC,Konad Stamping Nail Art Image Plate - M73 KONAD Nail Art Konad Stamping Nail Art Image Plate - M73 Beauty Tools & Accessories Nail Art Equipment Nail Tools
117-25-190-144,19,18,9741,B008216IL4,Konad Stamping Nail Art Image Plate - M84 Konad Stamping Nail Art Image Plate Beauty Tools & Accessories Nail Art Equipment Nail Tools
69-184-218-77,17,0,10875,B00AUH172S,Lovely Vintage Jewelry Crystal Peacock Hair Clips - for hair clip Beauty Tools Multicolor Yang Jewelry You can choose which color do you want Hair Care Beauty Styling Accessories Styling Tools Clips
69-184-218-77,17,1,10877,B00AUV9GH2,Lovely Vintage Jewelry Crystal Butterfly Hairpins Hair stick - for hair Beauty Tools Oyang Lovely Vintage Jewelry Crystal Butterfly Hairpins Hair stick - for hair Beauty Tools Hair Care Beauty Styling Accessories Styling Tools Clips
69-184-218-77,17,2,10879,B00AUVPOLO,Beautiful Jewelry Flowers Hair Clips - for hair clip Beauty Tools Oyang Color: Black Hair Care Beauty Styling Accessories Styling Tools Clips
69-184-218-77,17,3,10923,B00AZ73YSS,Lovely Vintage Jewelry Crystal Butterfly bowknot Hairpins Hair stick - for hair Beauty Tools Oyang colorful butterfly Hair Care Beauty Styling Accessories Styling Tools Clips
69-184-218-77,17,4,10991,B00B4CYVBC,Fashion Vintage Jewelry Crystal Peacock Hair Clip E-for hair clips Beauty Tools Oyang Fashion Vintage Jewelry Crystal Peacock Hair Clip E-for hair clips Beauty Tools Hair Care Beauty Styling Accessories Styling Tools Clips
69-184-218-77,17,5,11089,B00BFTYX3K,Beautiful Jewelry Flowers Crystal Hair Clips - for hair clip Beauty Tools Oyang Hair Care Beauty Styling Accessories Styling Tools Clips
69-184-218-77,17,6,11102,B00BIFWYTG,Lovely Vintage Jewelry Crystal Peacock Hair Clips F- for hair clip Beauty Tools Oyang Lovely Vintage Jewelry Crystal Peacock Hair Clips F- for hair clip Beauty Tools Hair Care Beauty Styling Accessories Styling Tools Clips
69-184-218-77,17,7,11128,B00BM4GG9C,Free shipping-Oyang Lovely Vintage Jewelry Crystal Peacock Hair Clips - for hair clip Beauty Tools Oyang Free shipping-Oyang Lovely Vintage Jewelry Crystal Peacock Hair Clips - for hair clip Beauty Tools Hair Care Beauty Styling Accessories Styling Tools Clips
69-184-218-77,17,8,11162,B00BRW1AFO,GOYESTORE Lovely Vintage Jewelry Crystal Butterfly bowknot Hairpins Hair stick - for hair Beauty Tools GOYESTORE GOYESTORE Lovely Vintage Jewelry Crystal Butterfly bowknot Hairpins Hair stick - for hair Beauty Tools Hair Care Beauty Styling Accessories Styling Tools Clips
69-184-218-77,17,9,11251,B00CDQD1FA,Free shipping-Oyang Green Vintage Jewelry Crystal Butterfly Hairpins Hair stick - for hair Beauty Tools-Oyang Oyang Free shipping-Oyang Green Vintage Jewelry Crystal Butterfly Hairpins Hair stick - for hair Beauty Tools-Oyang Hair Care Beauty Styling Accessories Styling Tools Clips
69-184-218-77,17,10,11357,B00D06ARFO,Victorian Bronze Crystal Jewelry Butterfly With Flower Hair Clip Alligator Clip (Purple) Vintage style hair clip - good for daily wearing or party purpose.We pack all our product with great care. Hair Care Beauty Styling Accessories Styling Tools Clips
69-184-218-77,17,11,11436,B00DPTW8JY,"Lovely Vintage Jewelry Crystal Hair Clips Hairpins- For Hair Clip Beauty Tools Jolin If you have any question,Please feel free to contact me.thank you

Wish you happy every day Hair Care Beauty Styling Accessories Styling Tools Clips"
69-184-218-77,17,12,11437,B00DPU6ZAG,"Lovely Vintage Jewelry Crystal Hair Clips Hairpins- For Hair Clip Beauty Tools Jolin If you have any question,Please feel free to contact me.thank you

Wish you happy every day Hair Care Beauty Styling Accessories Styling Tools Clips"
69-184-218-77,17,13,11456,B00DSLFNQ4,Ibeauty(TM) Fashion Love heart Jewelry Crystal Hair Clips Hairpin - for hair clip hairpins Beauty Tools Oyang Free shipping-Oyang Fashion Love heart Jewelry Crystal Hair Clips Hairpin - for hair clip hairpins Beauty Tools Hair Care Beauty Styling Accessories Styling Tools Clips
69-184-218-77,17,14,11476,B00E19LRA8,Top Seller Purple Lovely Vintage Jewelry Crystal Butterfly Hairpins Hair stick- for hair clip Beauty Tools amtopseller The Package Content:1xButterfly Hairpins Hair stick for clip Antiqued Hair Care Beauty Styling Accessories Styling Tools Clips
69-184-218-77,17,15,11477,B00E19S2II,Top Seller Brown Lovely Vintage Jewelry Crystal Butterfly Hairpins Hair Stick- For Hair Clip Beauty Tools GOYESTORE The Package Content:1xButterfly Hairpins Hair stick for clip Antiqued Hair Care Beauty Styling Accessories Styling Tools Clips
69-184-218-77,17,16,11820,B00H3AC2WE,niceeshop(TM) Fashion Women Bohemia Style Wide Brim Hand Knit Straw Beach Hat niceEshop Hair Care Beauty Styling Accessories Styling Tools Clips
117-148-193-18,15,0,8250,B005GCZ3YK,"New Design Jumbo Nail Art Image Plate (I2) over 42 Nailart Designs by Cheeky&reg; New Designs Nail Art Stamper Image PlateThese Cheeky stamping plates are fabulous and make a perfect addition to any nail art collection.The results are an eye catching, detailed and crisp nail design - probably impossible to implement in free hand or any other nail art technique.Helpful Hints:-Make sure you remove the protective plastic cover from the front of the plates before attempting to use.Wet a cotton ball w/ pure acetone and hold it with tweezers in order to avoid ruining the designs on your nails.Use the acetone soaked cotton ball to wipe nail polish off of the plates and stamper.The plate should be dry before applying more polish. Use a thick highly pigmented polish for stamping. Work fast!If you take too long the polish will dry on the plate or stamper and you will not get it to transfer.If you are working fast and the polish does not transfer try another type of polish, some polished are extra quick drying.Be gentle when you apply top coat or you may smear your design.Becoming an official ""Cheeky Chick""Cheeky is a lady's best friend!It is a one stop shop for ladies beauty needs such as: makeup, nails, personal care products or innovative beauty gadgets, all are only few clicks away when shopping on our Cheeky shop.Cheeky's famous high quality products and services are guaranteed with every purchase of one of our products.After the purchase of your first Cheeky item, you will become an official ""Cheeky Chick"" and most likely develop severe addiction to Cheeky's products.You will find that enjoyable shopping experience, excellent service and stylish high quality products can be bought at a fair price.Please note that we offer fast (from the UK) and slow (from China) shipping options for your convenience. Please select your most suitable shipping option according to your needs and budget. Beauty Tools & Accessories Nail Art Equipment Nail Tools"
117-148-193-18,15,1,8631,B005WTLB9S,"New Design Jumbo Nail Art Image Plate (K2) of Over Than 139 Designs by Cheeky&reg; New Designs Nail Art Stamper Image PlateThese Cheeky stamping plates are fabulous and make a perfect addition to any nail art collection.The results are an eye catching, detailed and crisp nail design - probably impossible to implement in free hand or any other nail art technique.Helpful Hints:-Make sure you remove the protective plastic cover from the front of the plates before attempting to use.Wet a cotton ball w/ pure acetone and hold it with tweezers in order to avoid ruining the designs on your nails.Use the acetone soaked cotton ball to wipe nail polish off of the plates and stamper.The plate should be dry before applying more polish. Use a thick highly pigmented polish for stamping. Work fast!If you take too long the polish will dry on the plate or stamper and you will not get it to transfer.If you are working fast and the polish does not transfer try another type of polish, some polished are extra quick drying.Be gentle when you apply top coat or you may smear your design.Becoming an official ""Cheeky Chick""Cheeky is a lady's best friend!It is a one stop shop for ladies beauty needs such as: makeup, nails, personal care products or innovative beauty gadgets, all are only few clicks away when shopping on our Cheeky shop.Cheeky's famous high quality products and services are guaranteed with every purchase of one of our products.After the purchase of your first Cheeky item, you will become an official ""Cheeky Chick"" and most likely develop severe addiction to Cheeky's products.You will find that enjoyable shopping experience, excellent service and stylish high quality products can be bought at a fair price.Please note that we offer fast (from the UK) and slow (from China) shipping options for your convenience. Please select your most suitable shipping option according to your needs and budget. Beauty Tools & Accessories Nail Art Equipment Nail Tools"
117-148-193-18,15,2,9036,B006OMHTCK,"New Bundle 3 Nail Art Jumbo Image Plates Stamps (Z1) of 163 Designs by Cheeky&reg; New Designs Nail Art Stamper Image PlateThese Cheeky stamping plates are fabulous and make a perfect addition to any nail art collection.The results are an eye catching, detailed and crisp nail design - probably impossible to implement in free hand or any other nail art technique.Helpful Hints:-Make sure you remove the protective plastic cover from the front of the plates before attempting to use.Wet a cotton ball w/ pure acetone and hold it with tweezers in order to avoid ruining the designs on your nails.Use the acetone soaked cotton ball to wipe nail polish off of the plates and stamper.The plate should be dry before applying more polish. Use a thick highly pigmented polish for stamping. Work fast!If you take too long the polish will dry on the plate or stamper and you will not get it to transfer.If you are working fast and the polish does not transfer try another type of polish, some polished are extra quick drying.Be gentle when you apply top coat or you may smear your design.Becoming an official ""Cheeky Chick""Cheeky is a lady's best friend!It is a one stop shop for ladies beauty needs such as: makeup, nails, personal care products or innovative beauty gadgets, all are only few clicks away when shopping on our Cheeky shop.Cheeky's famous high quality products and services are guaranteed with every purchase of one of our products.After the purchase of your first Cheeky item, you will become an official ""Cheeky Chick"" and most likely develop severe addiction to Cheeky's products.You will find that enjoyable shopping experience, excellent service and stylish high quality products can be bought at a fair price.Please note that we offer fast (from the UK) and slow (from China) shipping options for your convenience. Please select your most suitable shipping option according to your needs and budget. Makeup Nails Beauty Nail Art"
117-148-193-18,15,3,9037,B006OMHTMK,"New Bundle 3 Nail Art Jumbo Image Plates Stamps (Z2) of 168 Designs by Cheeky&reg; New Designs Nail Art Stamper Image PlateThese Cheeky stamping plates are fabulous and make a perfect addition to any nail art collection.The results are an eye catching, detailed and crisp nail design - probably impossible to implement in free hand or any other nail art technique.Helpful Hints:-Make sure you remove the protective plastic cover from the front of the plates before attempting to use.Wet a cotton ball w/ pure acetone and hold it with tweezers in order to avoid ruining the designs on your nails.Use the acetone soaked cotton ball to wipe nail polish off of the plates and stamper.The plate should be dry before applying more polish. Use a thick highly pigmented polish for stamping. Work fast!If you take too long the polish will dry on the plate or stamper and you will not get it to transfer.If you are working fast and the polish does not transfer try another type of polish, some polished are extra quick drying.Be gentle when you apply top coat or you may smear your design.Becoming an official ""Cheeky Chick""Cheeky is a lady's best friend!It is a one stop shop for ladies beauty needs such as: makeup, nails, personal care products or innovative beauty gadgets, all are only few clicks away when shopping on our Cheeky shop.Cheeky's famous high quality products and services are guaranteed with every purchase of one of our products.After the purchase of your first Cheeky item, you will become an official ""Cheeky Chick"" and most likely develop severe addiction to Cheeky's products.You will find that enjoyable shopping experience, excellent service and stylish high quality products can be bought at a fair price.Please note that we offer fast (from the UK) and slow (from China) shipping options for your convenience. Please select your most suitable shipping option according to your needs and budget. Beauty Tools & Accessories Nail Art Equipment Nail Tools"
117-148-193-18,15,4,9038,B006OMHTXO,"New Bundle 3 Nail Art Jumbo Image Plates Stamps (Z3) of 168 Designs by Cheeky&reg; New Designs Nail Art Stamper Image PlateThese Cheeky stamping plates are fabulous and make a perfect addition to any nail art collection.The results are an eye catching, detailed and crisp nail design - probably impossible to implement in free hand or any other nail art technique.Helpful Hints:-Make sure you remove the protective plastic cover from the front of the plates before attempting to use.Wet a cotton ball w/ pure acetone and hold it with tweezers in order to avoid ruining the designs on your nails.Use the acetone soaked cotton ball to wipe nail polish off of the plates and stamper.The plate should be dry before applying more polish. Use a thick highly pigmented polish for stamping. Work fast!If you take too long the polish will dry on the plate or stamper and you will not get it to transfer.If you are working fast and the polish does not transfer try another type of polish, some polished are extra quick drying.Be gentle when you apply top coat or you may smear your design.Becoming an official ""Cheeky Chick""Cheeky is a lady's best friend!It is a one stop shop for ladies beauty needs such as: makeup, nails, personal care products or innovative beauty gadgets, all are only few clicks away when shopping on our Cheeky shop.Cheeky's famous high quality products and services are guaranteed with every purchase of one of our products.After the purchase of your first Cheeky item, you will become an official ""Cheeky Chick"" and most likely develop severe addiction to Cheeky's products.You will find that enjoyable shopping experience, excellent service and stylish high quality products can be bought at a fair price.Please note that we offer fast (from the UK) and slow (from China) shipping options for your convenience. Please select your most suitable shipping option according to your needs and budget. Beauty Tools & Accessories Nail Art Equipment Nail Tools"
117-148-193-18,15,5,9039,B006OMHU4C,"New Design Jumbo Nail Art Image Plate (A) of 42 Full Nailart Designs by Cheeky&reg; New Designs Nail Art Stamper Image PlateThese Cheeky stamping plates are fabulous and make a perfect addition to any nail art collection.The results are an eye catching, detailed and crisp nail design - probably impossible to implement in free hand or any other nail art technique.Helpful Hints:-Make sure you remove the protective plastic cover from the front of the plates before attempting to use.Wet a cotton ball w/ pure acetone and hold it with tweezers in order to avoid ruining the designs on your nails.Use the acetone soaked cotton ball to wipe nail polish off of the plates and stamper.The plate should be dry before applying more polish. Use a thick highly pigmented polish for stamping. Work fast!If you take too long the polish will dry on the plate or stamper and you will not get it to transfer.If you are working fast and the polish does not transfer try another type of polish, some polished are extra quick drying.Be gentle when you apply top coat or you may smear your design.Becoming an official ""Cheeky Chick""Cheeky is a lady's best friend!It is a one stop shop for ladies beauty needs such as: makeup, nails, personal care products or innovative beauty gadgets, all are only few clicks away when shopping on our Cheeky shop.Cheeky's famous high quality products and services are guaranteed with every purchase of one of our products.After the purchase of your first Cheeky item, you will become an official ""Cheeky Chick"" and most likely develop severe addiction to Cheeky's products.You will find that enjoyable shopping experience, excellent service and stylish high quality products can be bought at a fair price.Please note that we offer fast (from the UK) and slow (from China) shipping options for your convenience. Please select your most suitable shipping option according to your needs and budget. Makeup Nails Beauty Nail Polish Remover"
117-148-193-18,15,6,9040,B006OMHUGU,"New Bundle 3 Nail Art Jumbo Image Plates Stamps (Z4) of 168 Designs by Cheeky New Designs Nail Art Stamper Image PlateThese Cheeky stamping plates are fabulous and make a perfect addition to any nail art collection.The results are an eye catching, detailed and crisp nail design - probably impossible to implement in free hand or any other nail art technique.Helpful Hints:-Make sure you remove the protective plastic cover from the front of the plates before attempting to use.Wet a cotton ball w/ pure acetone and hold it with tweezers in order to avoid ruining the designs on your nails.Use the acetone soaked cotton ball to wipe nail polish off of the plates and stamper.The plate should be dry before applying more polish. Use a thick highly pigmented polish for stamping. Work fast!If you take too long the polish will dry on the plate or stamper and you will not get it to transfer.If you are working fast and the polish does not transfer try another type of polish, some polished are extra quick drying.Be gentle when you apply top coat or you may smear your design.Becoming an official ""Cheeky Chick""Cheeky is a lady's best friend!It is a one stop shop for ladies beauty needs such as: makeup, nails, personal care products or innovative beauty gadgets, all are only few clicks away when shopping on our Cheeky shop.Cheeky's famous high quality products and services are guaranteed with every purchase of one of our products.After the purchase of your first Cheeky item, you will become an official ""Cheeky Chick"" and most likely develop severe addiction to Cheeky's products.You will find that enjoyable shopping experience, excellent service and stylish high quality products can be bought at a fair price.Please note that we offer fast (from the UK) and slow (from China) shipping options for your convenience. Please select your most suitable shipping option according to your needs and budget. Makeup Nails Beauty Nail Art"
117-148-193-18,15,7,9041,B006OMHUL0,"New Design Jumbo Nail Art Image Plate (B) of 42 Full Nailart Designs by Cheeky&reg; New Designs Nail Art Stamper Image PlateThese Cheeky stamping plates are fabulous and make a perfect addition to any nail art collection.The results are an eye catching, detailed and crisp nail design - probably impossible to implement in free hand or any other nail art technique.Helpful Hints:-Make sure you remove the protective plastic cover from the front of the plates before attempting to use.Wet a cotton ball w/ pure acetone and hold it with tweezers in order to avoid ruining the designs on your nails.Use the acetone soaked cotton ball to wipe nail polish off of the plates and stamper.The plate should be dry before applying more polish. Use a thick highly pigmented polish for stamping. Work fast!If you take too long the polish will dry on the plate or stamper and you will not get it to transfer.If you are working fast and the polish does not transfer try another type of polish, some polished are extra quick drying.Be gentle when you apply top coat or you may smear your design.Becoming an official ""Cheeky Chick""Cheeky is a lady's best friend!It is a one stop shop for ladies beauty needs such as: makeup, nails, personal care products or innovative beauty gadgets, all are only few clicks away when shopping on our Cheeky shop.Cheeky's famous high quality products and services are guaranteed with every purchase of one of our products.After the purchase of your first Cheeky item, you will become an official ""Cheeky Chick"" and most likely develop severe addiction to Cheeky's products.You will find that enjoyable shopping experience, excellent service and stylish high quality products can be bought at a fair price.Please note that we offer fast (from the UK) and slow (from China) shipping options for your convenience. Please select your most suitable shipping option according to your needs and budget. Beauty Tools & Accessories Nail Art Equipment Nail Tools"
117-148-193-18,15,8,9042,B006OMHUZQ,"New Bundle of 6 Nail Art Jumbo Image Plates Stamps (X1) 331 Designs by Cheeky&reg; New Designs Nail Art Stamper Image PlateThese Cheeky stamping plates are fabulous and make a perfect addition to any nail art collection.The results are an eye catching, detailed and crisp nail design which is probably impossible to implement in free hand or any other nail art technique.Helpful Hints:-Make sure you remove the protective plastic cover from the front of the plates before attempting to use.Wet a cotton ball w/ pure acetone and hold it with tweezers in order to avoid ruining the designs on your nails.Use the acetone soaked cotton ball to wipe nail polish off of the plates and stamper.The plate should be dry before applying more polish. Use a thick highly pigmented polish for stamping. Work fast!If you take too long the polish will dry on the plate or stamper and you will not get it to transfer.If you are working fast and the polish does not transfer try another type of polish, some polished are extra quick drying.Be gentle when you apply top coat or you may smear your design.Becoming an official ""Cheeky Chick""Cheeky is a lady's best friend!It is a one stop shop for ladies beauty needs such as: makeup, nails, personal care products or innovative beauty gadgets, all are only few clicks away when shopping on our Cheeky shop.Cheeky's famous high quality products and services are guaranteed with every purchase of one of our products.After the purchase of your first Cheeky item, you will become an official ""Cheeky Chick"" and most likely develop severe addiction to Cheeky's products.You will find that enjoyable shopping experience, excellent service and stylish high quality products can be bought at a fair price.Please note that we offer fast (from the UK) and slow (from China) shipping options for your convenience. Please select your most suitable shipping option according to your needs and budget. Beauty Tools & Accessories Nail Art Equipment Nail Tools"
117-148-193-18,15,9,9043,B006OMHV00,"New Design Jumbo Nail Art Image Plate (C) of 42 Full Nailart Designs by Cheeky&reg; New Designs Nail Art Stamper Image PlateThese Cheeky stamping plates are fabulous and make a perfect addition to any nail art collection.The results are an eye catching, detailed and crisp nail design - probably impossible to implement in free hand or any other nail art technique.Helpful Hints:-Make sure you remove the protective plastic cover from the front of the plates before attempting to use.Wet a cotton ball w/ pure acetone and hold it with tweezers in order to avoid ruining the designs on your nails.Use the acetone soaked cotton ball to wipe nail polish off of the plates and stamper.The plate should be dry before applying more polish. Use a thick highly pigmented polish for stamping. Work fast!If you take too long the polish will dry on the plate or stamper and you will not get it to transfer.If you are working fast and the polish does not transfer try another type of polish, some polished are extra quick drying.Be gentle when you apply top coat or you may smear your design.Becoming an official ""Cheeky Chick""Cheeky is a lady's best friend!It is a one stop shop for ladies beauty needs such as: makeup, nails, personal care products or innovative beauty gadgets, all are only few clicks away when shopping on our Cheeky shop.Cheeky's famous high quality products and services are guaranteed with every purchase of one of our products.After the purchase of your first Cheeky item, you will become an official ""Cheeky Chick"" and most likely develop severe addiction to Cheeky's products.You will find that enjoyable shopping experience, excellent service and stylish high quality products can be bought at a fair price.Please note that we offer fast (from the UK) and slow (from China) shipping options for your convenience. Please select your most suitable shipping option according to your needs and budget. Beauty Tools & Accessories Nail Art Equipment Nail Tools"
117-148-193-18,15,10,9753,B0082XRHGM,"New Design Jumbo Nail Art Image Plate (D) of 42 Full Nailart Designs by Cheeky&reg; New Designs Nail Art Stamper Image PlateThese Cheeky stamping plates are fabulous and make a perfect addition to any nail art collection.The results are an eye catching, detailed and crisp nail design - probably impossible to implement in free hand or any other nail art technique.Helpful Hints:-Make sure you remove the protective plastic cover from the front of the plates before attempting to use.Wet a cotton ball w/ pure acetone and hold it with tweezers in order to avoid ruining the designs on your nails.Use the acetone soaked cotton ball to wipe nail polish off of the plates and stamper.The plate should be dry before applying more polish. Use a thick highly pigmented polish for stamping. Work fast!If you take too long the polish will dry on the plate or stamper and you will not get it to transfer.If you are working fast and the polish does not transfer try another type of polish, some polished are extra quick drying.Be gentle when you apply top coat or you may smear your design.Becoming an official ""Cheeky Chick""Cheeky is a lady's best friend!It is a one stop shop for ladies beauty needs such as: makeup, nails, personal care products or innovative beauty gadgets, all are only few clicks away when shopping on our Cheeky shop.Cheeky's famous high quality products and services are guaranteed with every purchase of one of our products.After the purchase of your first Cheeky item, you will become an official ""Cheeky Chick"" and most likely develop severe addiction to Cheeky's products.You will find that enjoyable shopping experience, excellent service and stylish high quality products can be bought at a fair price.Please note that we offer fast (from the UK) and slow (from China) shipping options for your convenience. Please select your most suitable shipping option according to your needs and budget. Beauty Tools & Accessories Nail Art Equipment Nail Tools"
117-148-193-18,15,11,11015,B00B83I86G,"Nail Art Jumbo Stamp Stamping Manicure Image Plate 3 European Romance by Cheeky&reg; New Designs Nail Art Stamper Image PlateThese Cheeky stamping plates are fabulous and make a perfect addition to any nail art collection.The results are an eye catching, detailed and crisp nail design - probably impossible to implement in free hand or any other nail art technique.Helpful Hints:-Make sure you remove the protective plastic cover from the front of the plates before attempting to use.Wet a cotton ball w/ pure acetone and hold it with tweezers in order to avoid ruining the designs on your nails.Use the acetone soaked cotton ball to wipe nail polish off of the plates and stamper.The plate should be dry before applying more polish. Use a thick highly pigmented polish for stamping. Work fast!If you take too long the polish will dry on the plate or stamper and you will not get it to transfer.If you are working fast and the polish does not transfer try another type of polish, some polished are extra quick drying.Be gentle when you apply top coat or you may smear your design.Becoming an official ""Cheeky Chick""Cheeky is a lady's best friend!It is a one stop shop for ladies beauty needs such as: makeup, nails, personal care products or innovative beauty gadgets, all are only few clicks away when shopping on our Cheeky shop.Cheeky's famous high quality products and services are guaranteed with every purchase of one of our products.After the purchase of your first Cheeky item, you will become an official ""Cheeky Chick"" and most likely develop severe addiction to Cheeky's products.You will find that enjoyable shopping experience, excellent service and stylish high quality products can be bought at a fair price.Please note that we offer fast (from the UK) and slow (from China) shipping options for your convenience. Please select your most suitable shipping option according to your needs and budget. Makeup Nails Beauty Nail Art"
117-148-193-18,15,12,11016,B00B83LNWC,"Nail Art Jumbo Stamp Stamping Manicure Image Plate 6 Happy Holidays by Cheeky&reg; New Designs Nail Art Stamper Image PlateThese Cheeky stamping plates are fabulous and make a perfect addition to any nail art collection.The results are an eye catching, detailed and crisp nail design - probably impossible to implement in free hand or any other nail art technique.Helpful Hints:-Make sure you remove the protective plastic cover from the front of the plates before attempting to use.Wet a cotton ball w/ pure acetone and hold it with tweezers in order to avoid ruining the designs on your nails.Use the acetone soaked cotton ball to wipe nail polish off of the plates and stamper.The plate should be dry before applying more polish. Use a thick highly pigmented polish for stamping. Work fast!If you take too long the polish will dry on the plate or stamper and you will not get it to transfer.If you are working fast and the polish does not transfer try another type of polish, some polished are extra quick drying.Be gentle when you apply top coat or you may smear your design.Becoming an official ""Cheeky Chick""Cheeky is a lady's best friend!It is a one stop shop for ladies beauty needs such as: makeup, nails, personal care products or innovative beauty gadgets, all are only few clicks away when shopping on our Cheeky shop.Cheeky's famous high quality products and services are guaranteed with every purchase of one of our products.After the purchase of your first Cheeky item, you will become an official ""Cheeky Chick"" and most likely develop severe addiction to Cheeky's products.You will find that enjoyable shopping experience, excellent service and stylish high quality products can be bought at a fair price.Please note that we offer fast (from the UK) and slow (from China) shipping options for your convenience. Please select your most suitable shipping option according to your needs and budget. Makeup Nails Beauty Nail Art"
117-148-193-18,15,13,11017,B00B83SVFY,"Nail Art Jumbo Stamp Stamping Manicure Image Plate 7 Home Sweet Home by Cheeky&reg; New Designs Nail Art Stamper Image PlateThese Cheeky stamping plates are fabulous and make a perfect addition to any nail art collection.The results are an eye catching, detailed and crisp nail design - probably impossible to implement in free hand or any other nail art technique.Helpful Hints:-Make sure you remove the protective plastic cover from the front of the plates before attempting to use.Wet a cotton ball w/ pure acetone and hold it with tweezers in order to avoid ruining the designs on your nails.Use the acetone soaked cotton ball to wipe nail polish off of the plates and stamper.The plate should be dry before applying more polish. Use a thick highly pigmented polish for stamping. Work fast!If you take too long the polish will dry on the plate or stamper and you will not get it to transfer.If you are working fast and the polish does not transfer try another type of polish, some polished are extra quick drying.Be gentle when you apply top coat or you may smear your design.Becoming an official ""Cheeky Chick""Cheeky is a lady's best friend!It is a one stop shop for ladies beauty needs such as: makeup, nails, personal care products or innovative beauty gadgets, all are only few clicks away when shopping on our Cheeky shop.Cheeky's famous high quality products and services are guaranteed with every purchase of one of our products.After the purchase of your first Cheeky item, you will become an official ""Cheeky Chick"" and most likely develop severe addiction to Cheeky's products.You will find that enjoyable shopping experience, excellent service and stylish high quality products can be bought at a fair price.Please note that we offer fast (from the UK) and slow (from China) shipping options for your convenience. Please select your most suitable shipping option according to your needs and budget. Beauty Tools & Accessories Nail Art Equipment Nail Tools"
117-148-193-18,15,14,11019,B00B83V0HK,"Nail Art Jumbo Stamp Stamping Manicure Image Plate 9 Wild At Heart by Cheeky&reg; New Designs Nail Art Stamper Image PlateThese Cheeky stamping plates are fabulous and make a perfect addition to any nail art collection.The results are an eye catching, detailed and crisp nail design - probably impossible to implement in free hand or any other nail art technique.Helpful Hints:-Make sure you remove the protective plastic cover from the front of the plates before attempting to use.Wet a cotton ball w/ pure acetone and hold it with tweezers in order to avoid ruining the designs on your nails.Use the acetone soaked cotton ball to wipe nail polish off of the plates and stamper.The plate should be dry before applying more polish. Use a thick highly pigmented polish for stamping. Work fast!If you take too long the polish will dry on the plate or stamper and you will not get it to transfer.If you are working fast and the polish does not transfer try another type of polish, some polished are extra quick drying.Be gentle when you apply top coat or you may smear your design.Becoming an official ""Cheeky Chick""Cheeky is a lady's best friend!It is a one stop shop for ladies beauty needs such as: makeup, nails, personal care products or innovative beauty gadgets, all are only few clicks away when shopping on our Cheeky shop.Cheeky's famous high quality products and services are guaranteed with every purchase of one of our products.After the purchase of your first Cheeky item, you will become an official ""Cheeky Chick"" and most likely develop severe addiction to Cheeky's products.You will find that enjoyable shopping experience, excellent service and stylish high quality products can be bought at a fair price.Please note that we offer fast (from the UK) and slow (from China) shipping options for your convenience. Please select your most suitable shipping option according to your needs and budget. Beauty Tools & Accessories Nail Art Equipment Nail Tools"
78-23-246-234,13,0,7958,B0052D4416,"Wet n Wild Mega Last Lip Color 908C Sugar Plum Fairy Wet &#39;n Wild Lips take center stage! This 4-hour, long wearing lip color leaves a semi-matte, creme finish in one stroke. Glides on easily with rich, velvety color that doesn't cake, feather, or bleed. Made with hydrating skin-care ingredients: Hyaluronic Microspheres provide extraordinary adhesion to lips, an exclusive polymer complex offers cushion-like feel and texture, and natural marine plant extracts Coenzyme Q10 and Vitamins A & E help smooth lips. Makeup Beauty Lipstick Lips"
78-23-246-234,13,1,8256,B005GMY81O,"Wet 'n' Wild Lipstick, Think Pink 901B Wet &#39;n Wild Wet N Wild Megalast Matte Lip Color 901B. Lips take center stage! This 4-hour, longwearing lip color leaves a semi-matte, creme finish in one stroke, Glides on easily with rich, velvety color that doesn't cake, feather, or bleed. Made with hydrating skin-care ingredients, Hyaluronic Micro spheres. Wet n Wild silky-smooth conditioning lipstick formula is loaded with aloe and Vitamins A and E and glides on without feathering or bleeding. (0.13 Oz) Makeup Beauty Lipstick Lips"
78-23-246-234,13,2,8257,B005GMY86O,"Wet N Wild Lipstick Red Velvet #910D Wet &#39;n Wild Wet N Wild Lipstick Red Velvet #910D. Lips take center stage! This 4-hour, longwearing lip color leaves a semi-matte, creme finish in one stroke, Glides on easily with rich, velvety color that doesn't cake, feather, or bleed. Made with hydrating skin-care ingredients, Hyaluronic Micro spheres. Wet n Wild silky-smooth conditioning lipstick formula is loaded with aloe and Vitamins A and E and glides on without feathering or bleeding. (0.11Oz) Makeup Beauty Lipstick Lips"
78-23-246-234,13,3,8258,B005GMY8DC,"Wet n Wild Mega Last Lip Color 919B Vamp It Up Wet &#39;n Wild Lips take center stage! This 4-hour, long wearing lip color leaves a semi-matte, creme finish in one stroke. Glides on easily with rich, velvety color that doesn't cake, feather, or bleed. Made with hydrating skin-care ingredients: Hyaluronic Microspheres provide extraordinary adhesion to lips, an exclusive polymer complex offers cushion-like feel and texture, and natural marine plant extracts Coenzyme Q10 and Vitamins A & E help smooth lips. Makeup Beauty Lipstick Lips"
78-23-246-234,13,4,8259,B005GMYPJ4,"Wet N Wild Lipstick Cherry Bomb #918D Wet &#39;n Wild Wet N Wild Lipstick Cherry Bomb #918D. Lips take center stage! This 4-hour, longwearing lip color leaves a semi-matte, creme finish in one stroke, Glides on easily with rich, velvety color that doesn't cake, feather, or bleed. Made with hydrating skin-care ingredients, Hyaluronic Micro spheres. Wet n Wild silky-smooth conditioning lipstick formula is loaded with aloe and Vitamins A and E and glides on without feathering or bleeding. (0.11Oz) Makeup Beauty Lipstick Lips"
78-23-246-234,13,5,8262,B005GMYQ1Q,"Wet N Wild Lipstick Just Peachy #903C Wet &#39;n Wild Wet N Wild Lipstick Just Peachy #903C. Lips take center stage! This 4-hour, longwearing lip color leaves a semi-matte, creme finish in one stroke, Glides on easily with rich, velvety color that doesn't cake, feather, or bleed. Made with hydrating skin-care ingredients, Hyaluronic Micro spheres. Wet n Wild silky-smooth conditioning lipstick formula is loaded with aloe and Vitamins A and E and glides on without feathering or bleeding. (0.13 Oz) Makeup Beauty Lipstick Lips"
78-23-246-234,13,6,8263,B005GMYQ52,"Wet N Wild Lipstick Bare It All #902C Wet &#39;n Wild Wet N Wild Lipstick Bare It All #902C. Lips take center stage! This 4-hour, longwearing lip color leaves a semi-matte, creme finish in one stroke, Glides on easily with rich, velvety color that doesn't cake, feather, or bleed. Made with hydrating skin-care ingredients, Hyaluronic Micro spheres. Wet n Wild silky-smooth conditioning lipstick formula is loaded with aloe and Vitamins A and E and glides on without feathering or bleeding. (0.13 Oz) Makeup Beauty Lipstick Lips"
78-23-246-234,13,7,9295,B00766SG7A,"Wet n Wild Mega Last Lip Color 965 Cherry Picking Wet &#39;n Wild Lips take center stage! This 4-hour, long wearing lip color leaves a semi-matte, creme finish in one stroke. Glides on easily with rich, velvety color that doesn't cake, feather, or bleed. Made with hydrating skin-care ingredients: Hyaluronic Microspheres provide extraordinary adhesion to lips, an exclusive polymer complex offers cushion-like feel and texture, and natural marine plant extracts Coenzyme Q10 and Vitamins A & E help smooth lips. Makeup Beauty Lipstick Lips"
78-23-246-234,13,8,9296,B00766SGE8,"Wet n Wild Mega Last Lip Color 967 Dollhouse Pink Wet &#39;n Wild Lips take center stage! This 4-hour, long wearing lip color leaves a semi-matte, creme finish in one stroke. Glides on easily with rich, velvety color that doesn't cake, feather, or bleed. Made with hydrating skin-care ingredients: Hyaluronic Microspheres provide extraordinary adhesion to lips, an exclusive polymer complex offers cushion-like feel and texture, and natural marine plant extracts Coenzyme Q10 and Vitamins A & E help smooth lips. Makeup Beauty Lipstick Lips"
78-23-246-234,13,9,9297,B00766SGPM,"Wet n Wild Mega Last Lip Color 966 Don't Blink Pink Wet &#39;n Wild Lips take center stage! This 4-hour, long wearing lip color leaves a semi-matte, creme finish in one stroke. Glides on easily with rich, velvety color that doesn't cake, feather, or bleed. Made with hydrating skin-care ingredients: Hyaluronic Microspheres provide extraordinary adhesion to lips, an exclusive polymer complex offers cushion-like feel and texture, and natural marine plant extracts Coenzyme Q10 and Vitamins A & E help smooth lips. Makeup Beauty Lipstick Lips"
78-23-246-234,13,10,9298,B00766SH60,"Wet n Wild Mega Last Lip Color 970 Purty Persimmon Wet &#39;n Wild Lips take center stage! This 4-hour, long wearing lip color leaves a semi-matte, creme finish in one stroke. Glides on easily with rich, velvety color that doesn't cake, feather, or bleed. Made with hydrating skin-care ingredients: Hyaluronic Microspheres provide extraordinary adhesion to lips, an exclusive polymer complex offers cushion-like feel and texture, and natural marine plant extracts Coenzyme Q10 and Vitamins A & E help smooth lips. Makeup Beauty Lipstick Lips"
78-23-246-234,13,11,9641,B007UTZQO4,"Wet n Wild Mega Last Lip Color 968 Pinkerbell Wet &#39;n Wild Lips take center stage! This 4-hour, long wearing lip color leaves a semi-matte, creme finish in one stroke. Glides on easily with rich, velvety color that doesn't cake, feather, or bleed. Made with hydrating skin-care ingredients: Hyaluronic Microspheres provide extraordinary adhesion to lips, an exclusive polymer complex offers cushion-like feel and texture, and natural marine plant extracts Coenzyme Q10 and Vitamins A & E help smooth lips. Makeup Beauty Lipstick Lips"
78-23-246-234,13,12,9642,B007UTZR0M,"Wet n Wild Mega Last Lip Color 969 24 Carrot Gold Wet &#39;n Wild Lips take center stage! This 4-hour, long wearing lip color leaves a semi-matte, creme finish in one stroke. Glides on easily with rich, velvety color that doesn't cake, feather, or bleed. Made with hydrating skin-care ingredients: Hyaluronic Microspheres provide extraordinary adhesion to lips, an exclusive polymer complex offers cushion-like feel and texture, and natural marine plant extracts Coenzyme Q10 and Vitamins A & E help smooth lips. Makeup Beauty Lipstick Lips"
231-43-68-70,11,0,340,B0001AQCII,"China Glaze Nail Polish, Jetstream, 0.5 Fluid Ounce China Glaze A very soft cotton candy pink with tiny flecks of blue and purple flecks that really make your nails shimmer and shine. A great spring and summer color. Long-wearing nail lacquer flexible and will not chip non-thickening formula no thinner required. Makeup Nails Beauty Nail Polish"
231-43-68-70,11,1,7729,B004WB892E,"China Glaze Nail Polish, Papaya Punch, 0.5 Fluid Ounce China Glaze A bright tangerine orange creme, a richer and darker color that is bright and fun and great for the fall season. Long-wearing nail lacquer. Flexible and will not chip. Non-thickening formula no thinner required. Makeup Nails Beauty Nail Polish"
231-43-68-70,11,2,8190,B005EH9ZY6,"China Glaze Nail Polish, Skyscraper, 0.5 Fluid Ounce China Glaze A medium to dark colored blue with blue and silver glitter, a super sparkly polish and lots of fun. Long-wearing nail lacquer. Flexible and will not chip. Non-thickening formula no thinner required. Makeup Nails Beauty Nail Polish"
231-43-68-70,11,3,8192,B005EHHWPA,"China Glaze Nail Polish, Concrete Catwalk, 0.5 Fluid Ounce China Glaze A dark steel grey and blue creme. A very slate colored polish with lots of shine. Long-wearing nail lacquer. Flexible and will not chip. Non-thickening formula no thinner required. Makeup Nails Beauty Nail Polish"
231-43-68-70,11,4,8193,B005EHID3U,"China Glaze Nail Polish, Westside Warrior, 0.5 Fluid Ounce China Glaze A medium camouflage green creme that is a rich toned and fun color. Great for those who love green but are tight of the light shades, tis color definitely gives your nails an edge. Long-wearing nail lacquer. Flexible and will not chip. Non-thickening formula no thinner required. Makeup Nails Beauty Nail Polish"
231-43-68-70,11,5,9895,B008A3ZN56,"China Glaze Nail Polish, Exotic Encounters, 0.5 Fluid Ounce China Glaze A rich teal green creme, has a slight depth to it, an almost dusty appearance with a brilliant shine. A rich fun and not a color you'll see every day. Long-wearing nail lacquer. Flexible and will not chip. Non-thickening formula no thinner required. Makeup Nails Beauty Nail Polish"
231-43-68-70,11,6,9896,B008A3ZYDM,"China Glaze Nail Polish, Elephant Walk, 0.5 Fluid Ounce China Glaze Want a silver but not too sparkly. Well this color is a grey with silver shimmer that adds a bit of sparkle and a lot of shine. Simple and classy. Long-wearing nail lacquer. Flexible and will not chip. Non-thickening formula no thinner required. Makeup Nails Beauty Nail Polish"
231-43-68-70,11,7,9897,B008A40ACQ,"China Glaze Nail Polish, Jungle Queen, 0.5 Fluid Ounce China Glaze A dusty violet with heavy purple shimmer. This color is rich and full of color and sparkle, great for those purple lovers. Long-wearing nail lacquer. Flexible and will not chip. Non-thickening formula no thinner required. Makeup Nails Beauty Nail Polish"
231-43-68-70,11,8,9898,B008A40KHG,"China Glaze Nail Polish, Purr-Fact Plum, 0.5 Fluid Ounce China Glaze A very dark plum color that gives you a rich and luscious color in just two coats. Long-wearing nail lacquer. Flexible and will not chip. Non-thickening formula no thinner required. Makeup Nails Beauty Nail Polish"
231-43-68-70,11,9,9899,B008A40SDM,"China Glaze Nail Polish, Prey Tell, 0.5 Fluid Ounce China Glaze A very dark red creme, almost black looking but not quite. You can layer for a darker appearance to really give your nails that vampire like look. Great color for Halloween and fall. Long-wearing nail lacquer. Flexible and will not chip. Non-thickening formula no thinner required. Makeup Nails Beauty Nail Polish"
231-43-68-70,11,10,10261,B0091XPADY,"China Glaze Nail Polish, Street Chic, 0.5 Fluid Ounce China Glaze A medium warm beige taupe creme, almost the color of milk chocolate this is a fun and warm color for fall. Long-wearing nail lacquer. Flexible and will not chip. Non-thickening formula no thinner required. Makeup Nails Beauty Nail Polish"
28-253-205-110,10,0,443,B00027DMI8,"RoC Retinol Correxion Deep Wrinkle Night Cream, 1-Ounce RoC &nbsp;&nbsp;&nbsp;RoC RETINOL CORREXION Deep Wrinkle Night Cream is a moisturizer that's clinically proven to give 10 years back to the look of your skin*. This exclusive combination contains pure RoC RETINOL plus an essential mineral complex and is clinically proven to visibly reduce wrinkles while you sleep. After 12 weeks, even deep wrinkles are diminished.How It WorksThe formula contains a combination of RoC RETINOL and a mineral complex of magnesium, zinc, and copper that has been optimized to improve the appearance of even deep wrinkles. RoC RETINOL CORREXION Deep Wrinkle Night Cream is formulated to work through the night when skin is believed to be most receptive. As you apply, the upper layers of your skin are firmed, leading to a visible reduction in expression lines. Then, throughout the night, the formula works to smooth even your deep wrinkles.What Results Can I Expect?After first application, skin looks smoother. After four weeks, skin is more radiant, the look of crow's feet is reduced and the signs of photodamage are diminished. After 12 weeks, even deep wrinkles are visibly diminished.Usage TipsApply this formula to the face and neck each night when skin is believed to be most receptive. Use alone or under your regular moisturizer.You may experience mild tingling or redness during use. This is normal and should be temporary until your skin adjusts. If applying an additional moisturizer, use one free of Retinol or Alpha Hydroxy Acid.How Can RoC RETINOL Improve My Skin?Retinol is one of the most effective ingredients for reducing the appearance of lines and wrinkles.When you are young, your skin cells continuously renew themselves, which keeps your skin looking smooth. As time passes, however, your skin's ability to renew itself gradually slows down. Skin loses its elasticity and wrinkles become more evident. What you need is something to help keep it looking younger and healthier.This is the benefit of Retinol. Retinol is a pure form of Vitamin A that works to reduce the appearance of wrinkles.RoC RETINOL CORREXIONDeep Wrinkle Night CreamAt a Glance:Diminishes the appearance of expression linesVisibly reduces even deep wrinklesMoisturizes skin through the nightLeaves skin smoother and younger-lookingAdvice for Getting the Most Out of Retinol ProductsStart Early:It is often recommended to begin using a Retinol product in your late twenties to early thirties. Early use of Retinol products can actually help to combat fine lines and wrinkles before they become apparent, so your skin stays looking younger and healthier.Start Slowly:Using Retinol is like exercising. You don't start out running a marathon. Begin by applying a small amount (a little goes a long way) every other day for about two weeks. After two weeks, you may begin applying more frequently until find the best routine for your skin.Stick with It:It is important to be consistent, as the benefits of Retinol are seen over time. If you happen to experience minor skin irritation, this may be temporary while your skin adjusts to the products. Just decrease usage for a few days and work your way back up after that.Protect your skin:Whether you use a Retinol product during the night or day, always remember to wear a sunscreen of SPF 15 or higher during the day.Clinically proven to reduce the appearance of lines and wrinkles.View larger.RoC: A History of Skincare ExpertiseRoC brand was founded in France in 1957 by pharmacist Jean-Charles Lissarrague and a collaboration of dermatologists. From the beginning, RoC developed strong partnerships with dermatologists, helping it become the skincare leader in France. In 1999, the makers of RoC brought its anti-aging expertise to the U.S.Since then, RoC has continued to build on its unique understanding of the skin aging process to develop the best and most effective skincare solutions for women in the U.S. RoC products in the U.S. are not only derived from extensive research and thorough clinical studies, but also from a proven track record of success with European women.What's in the BoxRoC RETINOL CORREXION Deep Wrinkle Night Cream (1 Fluid Ounce).* Diminished appearance of wrinkles after 12 weeks use of RoC RETINOL CORREXION Deep Wrinkle Night Cream in a clinical study. Results may vary.Deep Wrinkle FillerDeep Wrinkle SerumDeep Wrinkle DailyMoisturizer SPF 30Eye CreamDeep Wrinkle Night CreamSENSITIVE Eye CreamSENSITIVE Night CreamTrademark Information:RoC&reg; RETINOL CORREXION&reg; Deep Wrinkle Night Cream Moisturizers Beauty Body Oils Skin Care"
28-253-205-110,10,1,444,B00027DMJW,"Roc Retinol Correxion Deep Wrinkle Daily Moisturizer, SPF 30, 1-ounce Tube RoC RoC Retinol Correxion Deep Wrinkle Daily Moisturizer is an intensive anti-wrinkle moisturizing treatment that works all day long to visibly reduce expression lines and deep wrinkles. This exclusive combination of pure Retinol and an essential mineral complex is proven to visibly reduce deep wrinkles when used with retinol correxion deep wrinkle night cream. This Product: diminishes the appearance of expression lines, visibly reduces even deep wrinkles, moisturizes skin throughout the day, helps prevent UVA damage, one of the major causes of premature aging, and leaves skin soft, smooth and younger-looking.The Results After 12 Weeks: Beautiful skin, as young-looking as it was years ago. This Specific Formula is: hypoallergenic, oil-free, non-comedogenic (won't clog pores), and dermatologist tested. RoC has been a leading French skincare brand since 1957, devoted to developing anti-aging products that guarantee visible and lasting results for healthier, younger-looking skin. Strong partnerships with dermatologists have contributed to our expertise in understanding skincare and developing clinically proven products, which are highly effective, yet suitable for all skin types. Creams & Moisturizers Beauty Skin Care Face"
28-253-205-110,10,2,839,B0009RFB76,"RoC Retinol Correxion Eye Cream, 0.5 Ounce RoC &nbsp;&nbsp;&nbsp;Fight the look of deep wrinkles with RoC RETINOL CORREXION Eye Cream. Specially formulated for the delicate eye area, Retinol CORREXION Eye Cream visibly reduces wrinkles around the eyes and crow's feet in 12 weeks. In addition, it evens out the appearance of dark circles and reduces the appearance of puffiness in four weeks.Usage TipsApply the formula in small dots around the eye area and gently smooth until thoroughly absorbed. Use alone or under makeup in the morning and/or evening.How Can RoC RETINOL Improve My Skin?Retinol is one of the most effective ingredients for reducing the appearance of lines and wrinkles.When you are young, your skin cells continuously renew themselves, which keeps your skin looking smooth. As time passes, however, your skin's ability to renew itself gradually slows down. Skin loses its elasticity and wrinkles become more evident. What you need is something to help keep it looking younger and healthier.This is the benefit of Retinol. Retinol is a pure form of Vitamin A that works to reduce the appearance of wrinkles.Advice for Getting the Most Out of Retinol ProductsStart Early:It is often recommended to begin using a Retinol product in your late twenties to early thirties. Early use of Retinol products can actually help to combat fine lines and wrinkles before they become apparent, so your skin stays looking younger and healthier.Start Slowly:Using Retinol is like exercising. You don't start out running a marathon. Begin by applying a small amount (a little goes a long way) every other day for about two weeks. After two weeks, you may begin applying more frequently until find the best routine for your skin.RoC RETINOL CORREXIONEye CreamAt a Glance:Hypoallergenic2006 CEW Beauty Awards WinnerStick with It:It is important to be consistent, as the benefits of Retinol are seen over time. If you happen to experience minor skin irritation, this may be temporary while your skin adjusts to the products. Just decrease usage for a few days and work your way back up after that.Protect your skin:Whether you use a Retinol product during the night or day, always remember to wear a sunscreen of SPF 15 or higher during the day.RoC: A History of Skincare ExpertiseRoC brand was founded in France in 1957 by pharmacist Jean-Charles Lissarrague and a collaboration of dermatologists. From the beginning, RoC developed strong partnerships with dermatologists, helping it become the skincare leader in France. In 1999, the makers of RoC brought its anti-aging expertise to the U.S.Since then, RoC has continued to build on its unique understanding of the skin aging process to develop the best and most effective skincare solutions for women in the U.S. RoC products in the U.S. are not only derived from extensive research and thorough clinical studies, but also from a proven track record of success with European women.What's in the BoxRoC RETINOL CORREXION Eye Cream (0.5 Fluid Ounces).Deep Wrinkle FillerDeep Wrinkle SerumDeep Wrinkle DailyMoisturizer SPF 30Eye CreamDeep Wrinkle Night CreamSENSITIVE Eye CreamSENSITIVE Night CreamTrademark Information:RoC&reg; RETINOL CORREXION&reg; Deep Wrinkle Eye Cream Moisturizers Beauty Body Oils Skin Care"
28-253-205-110,10,3,3249,B0018S8NNE,"RoC Multi-Correxion Eye Treatment, 0.5 Ounce RoC &nbsp;&nbsp;&nbsp;RoC MULTI CORREXION Eye TreatmentRoC MULTI CORREXION Eye Treatment diminishes the look of dark circles and wrinkles for more luminous eyes.How It WorksThis breakthrough formula contains an exclusive fusion of age-fighting ingredients specially formulated for the delicate eye area. Antioxidants help defend against the look of aging that can be caused by skin-damaging free radicals. Pure RoC RETINOL smoothes wrinkles and complements skin's renewal process. And vitamin C helps rejuvenate skin tone.What Results Can I Expect?Dark circles and puffiness are noticeably diminished and wrinkles appear visibly smoothed in just eight weeks, revealing newer, younger-looking skin.Usage TipsApply in small dots around the eye area and gently smooth until thoroughly absorbed. Use alone or under makeup in the morning and in the evening.How Can RoC Retinol Improve My Skin?Retinol is one of the most effective ingredients for reducing the appearance of lines and wrinkles.When you are young, your skin cells continuously renew themselves, which keeps your skin looking smooth. As time passes, however, your skin's ability to renew itself gradually slows down. Skin loses its elasticity and wrinkles become more evident. What you need is something to help keep it looking younger and healthier.This is the benefit of Retinol. Retinol is a pure form of Vitamin A that works to reduce the appearance of wrinkles.RoC MULTI CORREXIONEye TreatmentAt a Glance:This advanced formula is clinically proven* to:Noticeably diminish the look of dark circles and puffinessVisibly smooth the appearance of wrinklesAdvice for Getting the Most Out of Retinol ProductsStart Early:It is often recommended to begin using a Retinol product in your late twenties to early thirties. Early use of Retinol products can actually help to combat fine lines and wrinkles before they become apparent, so your skin stays looking younger and healthier.Start Slowly:Using Retinol is like exercising. You don't start out running a marathon. Begin by applying a small amount (a little goes a long way) every other day for about two weeks. After two weeks, you may begin applying more frequently until you find the best routine for your skin.Stick with It:It is important to be consistent, as the benefits of Retinol are seen over time. If you happen to experience minor skin irritation, this may be temporary while your skin adjusts to the products. Just decrease usage for a few days and work your way back up after that.Protect your skin:Whether you use a Retinol product during the night or day, always remember to wear a sunscreen of SPF 15 or higher during the day.RoC: A History of Skincare ExpertiseRoC was founded in France in 1957 by pharmacist Jean-Charles Lissarrague and a collaboration of dermatologists. From the beginning, RoC developed strong partnerships with dermatologists, helping it become the skincare leader in France. In 1999, RoC brought its anti-aging expertise to the U.S.Since then, RoC has continued to build on its unique understanding of the skin aging process to develop the best and most effective skincare solutions for women in the U.S. RoC products in the U.S. are not only derived from extensive research and thorough clinical studies, but also from a proven track record of success with European women.What's in the BoxRoC MULTI CORREXION Eye Treatment (0.5 Fluid Ounces, 15 Milliliters).Skin Renewing Serum4-Zone Daily Moisturizer SPF 30Night TreatmentEye TreatmentLift Anti-Gravity SerumLift Anti-Gravity Daily Moisture SPF 30Lift Anti-Gravity Eye CreamLift Anti-Gravity Night CreamTrademark Information:RoC&reg; MULTI CORREXION&reg; Beauty Eyes Skin Care Creams"
28-253-205-110,10,4,4772,B002BWPXGQ,"RoC Multi-Correxion Skin Renewing Serum, 1 Ounce &nbsp;&nbsp;&nbsp;The ROC MULTI CORREXION line contains breakthrough products that diminish the appearance of multiple signs of aging with the exclusive fusion of pure RoC RETINOL and antioxidants. RoC MULTI CORREXION Skin Renewing Serum diminishes the appearance of the most noticeable signs of aging, including wrinkles, loss of firmness, and uneven skin tone. The result is beautiful, younger-looking skin.How It WorksThis breakthrough formula contains an exclusive complex that combines age-fighting ingredients. RoC RETINOL smoothes the look of wrinkles. Antioxidants help defend against the look of aging. And Vitamin C helps rejuvenate skin tone. The light, silky fluid glides on easily and absorbs quickly, leaving your skin feeling soft and velvety. This skin renewing serum is ideal for use under make-up.What Results Can I Expect?In just four weeks, fine lines and wrinkles appear diminished, uneven skin tone appears diminished, and luminescence is noticeably improved. After eight weeks, even deep wrinkles and crow's feet appear diminished. After 12 weeks, skin firmness is improved.Usage TipsBefore use, cleanse skin and allow time to dry. Gently smooth serum over face and neck. If you've never used Retinol before, begin by using once a day in the morning or evening. After two weeks, begin applying more frequently, up to twice a day, until you find the best routine for your skin.You may feel a slight tingling or tightening sensation. This is normal and is a sign that the product is working. Allow the silky fluid to dry completely before applying make-up. If applying an additional moisturizer, use one free of Retinol. Apply a sunscreen of SPF 15 or higher during the day while using this product. Continue using a sunscreen for one week after stopping use.How Can RoC RETINOL Improve My Skin?Retinol is one of the most effective ingredients for reducing the appearance of lines and wrinkles.When you are young, your skin cells continuously renew themselves, which keeps your skin looking smooth. As time passes, however, your skin's ability to renew itself gradually slows down. Skin loses its elasticity and wrinkles become more evident. What you need is something to help keep it looking younger and healthier.This is the benefit of Retinol. Retinol is a pure form of Vitamin A that works to reduce the appearance of wrinkles.RoC MULTI CORREXION Skin Renewing SerumAt a Glance:Diminishes the look of deep wrinkles and crow's feetDiminishes uneven skin toneBrightens skinAdvice for Getting the Most Out of Retinol ProductsStart Early:It is often recommended to begin using a Retinol product in your late twenties to early thirties. Early use of Retinol products can actually help to combat fine lines and wrinkles before they become apparent, so your skin stays looking younger and healthier.Start Slowly:Using Retinol is like exercising. You don't start out running a marathon. Begin by applying a small amount (a little goes a long way) every other day for about two weeks. After two weeks, you may begin applying more frequently until find the best routine for your skin.Stick with It:It is important to be consistent, as the benefits of Retinol are seen over time. If you happen to experience minor skin irritation, this may be temporary while your skin adjusts to the products. Just decrease usage for a few days and work your way back up after that.Protect your skin:Whether you use a Retinol product during the night or day, always remember to wear a sunscreen of SPF 15 or higher during the day.RoC: A History of Skincare ExpertiseRoC brand was founded in France in 1957 by pharmacist Jean-Charles Lissarrague and a collaboration of dermatologists. From the beginning, RoC developed strong partnerships with dermatologists, helping it become the skincare leader in France. In 1999, the makers of RoC brought its anti-aging expertise to the U.S.Since then, RoC has continued to build on its unique understanding of the skin aging process to develop the best and most effective skincare solutions for women in the U.S. RoC products in the U.S. are not only derived from extensive research and thorough clinical studies, but also from a proven track record of success with European women.What's in the BoxRoC MULTI CORREXION Skin Renewing Serum (1 Fluid Ounce).Skin Renewing Serum4-Zone Daily Moisturizer SPF 30Night TreatmentEye TreatmentLift Anti-Gravity SerumLift Anti-Gravity Daily Moisture SPF 30Lift Anti-Gravity Eye CreamLift Anti-Gravity Night CreamTrademark Information:RoC&reg; MULTI CORREXION&reg; Skin Renewing Serum Beauty Skin Care Face"
28-253-205-110,10,5,5098,B002MZM8O2,"ROC Retinol Correxion Deep Wrinkle Serum 1.0 oz RoC ROC Retinol Correxion Deep Wrinkle Serum 1.0 oz. Visibly reduces deep wrinkles. This serum complements your skin's renewal process and is clinically proven to visibly reduce both fine lines and deep wrinkles. The formula's technology combines pure ROC Retinol with magnesium, zinc and copper to complement skin's renewal process and bring newer, younger-looking skin. Non-comedogenic (won't clog pores). Sun Beauty Sports Skin Protection Skin Care"
28-253-205-110,10,6,5769,B00387F426,"RoC Deep Wrinkle Daily Moisturizer SPF30, 1 Ounce RoC &nbsp;&nbsp;&nbsp;Fight the look of deep wrinkles with RoC RETINOL CORREXION Deep Wrinkle Daily Moisturizer SPF 30. This formula helps visibly reduce expression lines and the appearance of deep wrinkles, while protecting your skin from the sun's harmful rays. Enriched with Vitamin E and SPF 30 UVA/UVB sunscreens, it also helps protect the skin from sun rays, which may contribute to premature aging.Usage TipsApply generously and evenly before sun exposure and as needed. Children under 6 months of age, ask a doctor.How Can RoC RETINOL Improve My Skin?Retinol is one of the most effective ingredients for reducing the appearance of lines and wrinkles.When you are young, your skin cells continuously renew themselves, which keeps your skin looking smooth. As time passes, however, your skin's ability to renew itself gradually slows down. Skin loses its elasticity and wrinkles become more evident. What you need is something to help keep it looking younger and healthier.This is the benefit of Retinol. Retinol is a pure form of Vitamin A that works to reduce the appearance of wrinkles.Advice for Getting the Most Out of Retinol ProductsStart Early:It is often recommended to begin using a Retinol product in your late twenties to early thirties. Early use of Retinol products can actually help to combat fine lines and wrinkles before they become apparent, so your skin stays looking younger and healthier.Start Slowly:Using Retinol is like exercising. You don't start out running a marathon. Begin by applying a small amount (a little goes a long way) every other day for about two weeks. After two weeks, you may begin applying more frequently until find the best routine for your skin.RoC RETINOL CORREXION Deep Wrinkle Daily Moisturizer SPF 30At a Glance:Helps prevent sunburnHigher SPF gives more sunburn protectionProvides high protection against sunburnFor skin highly sensitive to sunburnStick with It:It is important to be consistent, as the benefits of Retinol are seen over time. If you happen to experience minor skin irritation, this may be temporary while your skin adjusts to the products. Just decrease usage for a few days and work your way back up after that.Protect your skin:Whether you use a Retinol product during the night or day, always remember to wear a sunscreen of SPF 15 or higher during the day.RoC: A History of Skincare ExpertiseRoC brand was founded in France in 1957 by pharmacist Jean-Charles Lissarrague and a collaboration of dermatologists. From the beginning, RoC developed strong partnerships with dermatologists, helping it become the skincare leader in France. In 1999, the makers of RoC brought its anti-aging expertise to the U.S.Since then, RoC has continued to build on its unique understanding of the skin aging process to develop the best and most effective skincare solutions for women in the U.S. RoC products in the U.S. are not only derived from extensive research and thorough clinical studies, but also from a proven track record of success with European women.What's in the BoxRoC RETINOL CORREXION Deep Wrinkle Daily Moisturizer SPF 30 (1 Fluid Ounce).Deep Wrinkle FillerDeep Wrinkle SerumDeep Wrinkle DailyMoisturizer SPF 30Eye CreamDeep Wrinkle Night CreamSENSITIVE Eye CreamSENSITIVE Night CreamTrademark Information:RoC&reg; RETINOL CORREXION&reg; Deep Wrinkle Daily Moisturizer SPF 30 Creams & Moisturizers Beauty Skin Care Face"
28-253-205-110,10,7,5770,B00387F42G,"RoC Deep Wrinkle Serum, 1 Ounce RoC &nbsp;&nbsp;&nbsp;Fight the look of deep wrinkles with RoC RETINOL CORREXION Deep Wrinkle Serum. It is clinically proven to visibly reduce both fine lines and deep wrinkles. After four weeks, skin is more radiant, fine lines on the face and neck are smoothed, and skin firmness is improved. After eight weeks, crow's feet are visibly reduced and the appearance of the signs of photo-damage are diminished. After 12 weeks, deep wrinkles on the face and neck are visibly reduced.How It WorksThis light, silky formula glides on easily and absorbs quickly, leaving your skin feeling smooth and velvety. The formula's technology combines pure RoC RETINOL with magnesium, zinc, and copper to complement your skin's natural process and bring newer, younger-looking skin to the surface.Usage TipsUse RoC RETINOL CORREXION Deep Wrinkle Serum once or twice a day in the morning and/or evening. Cleanse skin and allow time to dry. Smooth product over face and neck allowing product to absorb completely.You may experience a slight tingling or tightness during use. This is normal and a sign that the product is working. Discontinue use if skin irritation develops and lasts. Follow with a gentle moisturizer or makeup if desired. If applying an additional moisturizer, use one free of Retinol or Alpha Hydroxy Acid. Apply a sunscreen of SPF 15 or higher during the day while using this product. Continue using a sunscreen for one week after stopping use.How Can RoC RETINOL Improve My Skin?Retinol is one of the most effective ingredients for reducing the appearance of lines and wrinkles.When you are young, your skin cells continuously renew themselves, which keeps your skin looking smooth. As time passes, however, your skin's ability to renew itself gradually slows down. Skin loses its elasticity and wrinkles become more evident. What you need is something to help keep it looking younger and healthier.This is the benefit of Retinol. Retinol is a pure form of Vitamin A that works to reduce the appearance of wrinkles.RoC RETINOL CORREXIONDeep Wrinkle SerumAt a Glance:After 4 Weeks:- Skin is more radiant- Fine lines on face and neck &nbsp;&nbsp;are smoothed- Skin firmness is improvedAfter 8 Weeks:- Crow's feet are visibly &nbsp;&nbsp;reduced- Signs of photodamage are &nbsp;&nbsp;diminishedAfter 12 Weeks:- Deep wrinkles on face and &nbsp;&nbsp;neck are visibly reducedAdvice for Getting the Most Out of Retinol ProductsStart Early:It is often recommended to begin using a Retinol product in your late twenties to early thirties. Early use of Retinol products can actually help to combat fine lines and wrinkles before they become apparent, so your skin stays looking younger and healthier.Start Slowly:Using Retinol is like exercising. You don't start out running a marathon. Begin by applying a small amount (a little goes a long way) every other day for about two weeks. After two weeks, you may begin applying more frequently until find the best routine for your skin.Stick with It:It is important to be consistent, as the benefits of Retinol are seen over time. If you happen to experience minor skin irritation, this may be temporary while your skin adjusts to the products. Just decrease usage for a few days and work your way back up after that.Protect your skin:Whether you use a Retinol product during the night or day, always remember to wear a sunscreen of SPF 15 or higher during the day.RoC: A History of Skincare ExpertiseRoC brand was founded in France in 1957 by pharmacist Jean-Charles Lissarrague and a collaboration of dermatologists. From the beginning, RoC developed strong partnerships with dermatologists, helping it become the skincare leader in France. In 1999, the makers of RoC brought its anti-aging expertise to the U.S.Since then, RoC has continued to build on its unique understanding of the skin aging process to develop the best and most effective skincare solutions for women in the U.S. RoC products in the U.S. are not only derived from extensive research and thorough clinical studies, but also from a proven track record of success with European women.What's in the BoxRoC RETINOL CORREXION Deep Wrinkle Serum (1 Fluid Ounce).Deep Wrinkle FillerDeep Wrinkle SerumDeep Wrinkle DailyMoisturizer SPF 30Eye CreamDeep Wrinkle Night CreamSENSITIVE Eye CreamSENSITIVE Night CreamTrademark Information:RoC&reg; RETINOL CORREXION&reg; Deep Wrinkle Serum Creams & Moisturizers Beauty Fluids & Lotions Lotions Face Skin Care"
28-253-205-110,10,8,7973,B005382C2I,"Roc Retinol Correxion Deep Wrinkle Daily Moisturizer - 1.1 fl. oz. (33ml) RoC RETINOL CORREXION Deep Wrinkle Daily Moisturizer SPF 30
Helps to visibly reduce expression lines and the appearance of deep wrinkles while protecting your skin from the sun's harmful rays. Enriched with Vitamin E and SPF 30 UVA/UVB 
sunscreens, it also helps protect the skin from UVA rays that may contribute to skin damage and premature aging. Creams & Moisturizers Beauty Skin Care Face"
28-253-205-110,10,9,7974,B00538B7CO,"RoC Retinol Correxion Deep Wrinkle Night Cream 1.1 fl. oz (33ml) RoC RoC RETINOL CORREXION Deep Wrinkle Night Cream
The only moisturizer clinically proven to give 10 years back to the look of your skin.* This exclusive combination contains pure RoCRetinol plus essential minerals, and is clinically proven to visibly reduce wrinkles while you sleep Creams & Moisturizers Beauty Night Creams Face Skin Care"
115-13-71-132,9,0,242,B00011JI88,"Ardell Fashion Lashes - 120 Black Demi Ardell 100% Human hair. Fashion lashes look so real, so natural that others think you were born with beautiful, lush eyelashes. Made of 100% sterilized human hair, each lash strip is knotted and feathered by hand to achieve the highest quality. When used with eyelash adhesive, they are easy to apply, comfortable to wear, and stay secure until you take them off. Each pair can be re-used up to three weeks. Lashes made in Sri Lanka. Beauty Tools & Accessories Eyelash Tools Fake Eyelashes & Adhesives Makeup Brushes & Tools"
115-13-71-132,9,1,3895,B001FYZTEW,"Ardell Fashion Lashes Pair - 109 Demi (Pack of 4) Ardell Ardell fashion lashes look so real, so natural that others think you were born with beautiful, lush eyelashes.  made of 100% sterilized human hair, each lash strip is knotted and feathered by hand to achieve the highest quality.  when used with ardell lashgrip eyelash adhesive, they are easy to apply, comfortable to wear, and stay secure until you take them off.  each pair can be re-used up to three weeks.  application and care instructions inside package. Beauty Tools & Accessories Eyelash Tools Fake Eyelashes & Adhesives Makeup Brushes & Tools"
115-13-71-132,9,2,6604,B003ZS1O7W,"Ardell Fashion Lashes Pair - 113 (Pack of 4) Ardell Ardell fashion lashes look so real, so natural that others think you were born with beautiful, lush eyelashes.  made of 100% sterilized human hair, each lash strip is knotted and feathered by hand to achieve the highest quality.  when used with ardell lashgrip eyelash adhesive, they are easy to apply, comfortable to wear, and stay secure until you take them off.  each pair can be re-used up to three weeks.  application and care instructions inside package. Beauty Tools & Accessories Eyelash Tools Fake Eyelashes & Adhesives Makeup Brushes & Tools"
115-13-71-132,9,3,6605,B003ZS4WJY,"Ardell Fashion Lashes Pair - 110 Demi Lashes (Pack of 4) Ardell Ardell fashion lashes look so real, so natural that others think you were born with beautiful, lush eyelashes.  made of 100% sterilized human hair, each lash strip is knotted and feathered by hand to achieve the highest quality.  when used with ardell lashgrip eyelash adhesive, they are easy to apply, comfortable to wear, and stay secure until you take them off.  each pair can be re-used up to three weeks.  application and care instructions inside package. Beauty Tools & Accessories Eyelash Tools Fake Eyelashes & Adhesives Makeup Brushes & Tools"
115-13-71-132,9,4,6606,B003ZS6OJK,"Ardell Fashion Lashes Strip Lashes 120 Black -(4 Pack) Ardell Ardell fashion lashes look so real, so natural that others think you were born with beautiful, lush eyelashes.  made of 100% sterilized human hair, each lash strip is knotted and feathered by hand to achieve the highest quality.  when used with ardell lashgrip eyelash adhesive, they are easy to apply, comfortable to wear, and stay secure until you take them off.  each pair can be re-used up to three weeks.  application and care instructions inside package. Beauty Tools & Accessories Eyelash Tools Fake Eyelashes & Adhesives Makeup Brushes & Tools"
115-13-71-132,9,5,6608,B003ZS6ONQ,"Ardell Fashion Lashes Pair - 118 (Pack of 4) Ardell Ardell fashion lashes look so real, so natural that others think you were born with beautiful, lush eyelashes.  made of 100% sterilized human hair, each lash strip is knotted and feathered by hand to achieve the highest quality.  when used with ardell lashgrip eyelash adhesive, they are easy to apply, comfortable to wear, and stay secure until you take them off.  each pair can be re-used up to three weeks.  application and care instructions inside package. Beauty Tools & Accessories Eyelash Tools Fake Eyelashes & Adhesives Makeup Brushes & Tools"
115-13-71-132,9,6,6609,B003ZS8MMW,"Ardell Fashion Lashes Pair - 102 Demi, Black (Pack of 4) Ardell Ardell fashion lashes look so real, so natural that others think you were born with beautiful, lush eyelashes.  made of 100% sterilized human hair, each lash strip is knotted and feathered by hand to achieve the highest quality.  when used with ardell lashgrip eyelash adhesive, they are easy to apply, comfortable to wear, and stay secure until you take them off.  each pair can be re-used up to three weeks.  application and care instructions inside package. Beauty Tools & Accessories Eyelash Tools Fake Eyelashes & Adhesives Makeup Brushes & Tools"
115-13-71-132,9,7,6610,B003ZS8MNG,"Ardell Fashion Lashes Pair - 105 (Pack of 4) Ardell Ardell fashion lashes look so real, so natural that others think you were born with beautiful, lush eyelashes.  made of 100% sterilized human hair, each lash strip is knotted and feathered by hand to achieve the highest quality.  when used with ardell lashgrip eyelash adhesive, they are easy to apply, comfortable to wear, and stay secure until you take them off.  each pair can be re-used up to three weeks.  application and care instructions inside package. Beauty Tools & Accessories Eyelash Tools Fake Eyelashes & Adhesives Makeup Brushes & Tools"
115-13-71-132,9,8,6669,B0041R15AC,"Ardell Fashion Lashes Pair - Wispies (Pack of 4) Ardell Ardell fashion lashes look so real, so natural that others think you were born with beautiful, lush eyelashes.  made of 100% sterilized human hair, each lash strip is knotted and feathered by hand to achieve the highest quality.  when used with ardell lashgrip eyelash adhesive, they are easy to apply, comfortable to wear, and stay secure until you take them off.  each pair can be re-used up to three weeks.  application and care instructions inside package. Beauty Tools & Accessories Eyelash Tools Fake Eyelashes & Adhesives Makeup Brushes & Tools"
132-63-136-247,9,0,5324,B002UL10HO,Bdellium Tools Professional Antibacterial Makeup Brush Studio Line - Precision Kabuki Airbrushed Effect 957 Bdellium Tools This professional precision kabuki brush from Bdellium's studio line is hand-crafted with a yellow wood handle and an aluminum ferrule. Hand-crafted brushes. Professional anti-bacterial brushes. Eco-friendly products. Makeup Brushes & Tools Beauty Tools & Accessories Brushes & Applicators
132-63-136-247,9,1,5325,B002UL10HY,"Bdellium Tools Studio Line Duet Fiber Finishing Brush, Yellow This professional duet fiber finishing brush from Bdellium's studio line is hand-crafted with a yellow wood handle and an aluminum ferrule. Hand-crafted brushes. Professional anti-bacterial brushes. Eco-friendly products. Makeup Brushes & Tools Beauty Tools & Accessories Brushes & Applicators"
132-63-136-247,9,2,5327,B002UL35B8,Bdellium Tools Professional Antibacterial Makeup Brush Studio Line - Large Natural Powder 980 Bdellium Tools This professional natural powder brush from Bdellium's studio line is hand-crafted with a yellow wood handle and an aluminum ferrule. Hand-crafted brushes. Professional anti-bacterial brushes. Eco-friendly products. Makeup Brushes & Tools Beauty Tools & Accessories Brushes & Applicators
132-63-136-247,9,3,5328,B002UL35I6,Bdellium Tools Professional Antibacterial Makeup Brush Studio Line - Contouring Face 945 This professional contour brush from Bdellium's studio line is hand-crafted with a yellow wood handle and an aluminum ferrule. Hand-crafted brushes. Professional anti-bacterial brushes. Eco-friendly products. Makeup Brushes & Tools Beauty Tools & Accessories Brushes & Applicators
132-63-136-247,9,4,5329,B002UL35IQ,Bdellium Tools Professional Antibacterial Makeup Brush Studio Line - Angled Contouring Face 942 This professional slanted contour brush from Bdellium's studio line is hand-crafted with a yellow wood handle and an aluminum ferrule. Hand-crafted brushes. Professional anti-bacterial brushes. Eco-friendly products. Makeup Brushes & Tools Beauty Tools & Accessories Brushes & Applicators
132-63-136-247,9,5,5330,B002UL53FO,"Bdellium Tools Studio Line Crease Brush, Yellow This professional crease brush from Bdellium's studio line is hand-crafted with a yellow wood handle and an aluminum ferrule. Hand-crafted brushes. Professional anti-bacterial brushes. Eco-friendly products. Makeup Brushes & Tools Beauty Tools & Accessories Brushes & Applicators"
132-63-136-247,9,6,6227,B003NZ1DM8,"Bdellium Tools Maestro Series Blending Brush, Black Bdellium Tools This professional blending brush from Bdellium's maestro series feature professional black wood handles and a nickel-plated brass ferrule. Hand-crafted brushes. Professional anti-bacterial brushes. Eco-friendly products. Makeup Brushes & Tools Beauty Tools & Accessories Brushes & Applicators"
132-63-136-247,9,7,7387,B004L0F4DS,"Bdellium Tools Studio Line Duet Fiber Foundation Brush, Yellow This professional duet fiber foundation brush from Bdellium's studio line is hand-crafted with a yellow wood handle and an aluminum ferrule. Hand-crafted brushes. Professional anti-bacterial brushes. Eco-friendly products. Makeup Brushes & Tools Beauty Tools & Accessories Brushes & Applicators"
132-63-136-247,9,8,7955,B00528M5IU,"Bdellium Tools Studio Line DF Large Tapered Blending Brush, Yellow This professional duet fiber large tall-purpose red blending brush from Bdellium's studio line is hand-crafted with a yellow wood handle and an aluminum ferrule. Hand-crafted brushes. Professional anti-bacterial brushes. Eco-friendly products. Makeup Brushes & Tools Beauty Tools & Accessories Brushes & Applicators"
37-96-137-137,8,0,6897,B0048CAUTC,"Splashing Pearl 90 Eyeshadow (Eye Shadow) Cosmetics Makeup Palette This 90 Eye shadow Markup kit is all you need to bring out the perfect look for your eyes. The Black Palette is approximate 10"" in lenght and 6"" in width.  All Colors comes  packed in a Black  Snap on Pallette Casing. Perfect for any road trip and Daily use. This palette .has all the colors you need to recreate sophisticated or edgy looks for day and night Makeup Eye Shadow Beauty Eyes"
37-96-137-137,8,1,7057,B004CQR9L6,32 Color Design Neon Glitter &amp; Plain Eyeshadow Makeup Kit Emori (TM) This 32 Eye shadow Markup kit is all you need to bring out the perfect look for your eyes. 1.13oz.  All Colors comes packed in a Black Snap on Pallette Casing. Perfect for any road trip and Daily use. This palette .has all the colors you need to recreate sophisticated or edgy looks for day and night Makeup Beauty Eyes Glitter & Shimmer
37-96-137-137,8,2,7169,B004FAJFDO,Elegant 100 Piece Glitter Eyeshadow Makeup kit in Black Palette This Stylish 100 Color Piece Glitter Eye shadow Markup kit is all you need to bring out the perfect look for your eyes. . All Colors comes packed in a Black Snap on Pallette Casing. Perfect for any road trip and Daily use. This palette .has all the colors you need to recreate sophisticated or edgy looks for day and night Makeup Beauty Eyes Glitter & Shimmer
37-96-137-137,8,3,7195,B004FPPVV4,Elegant 48 Color Eyeshadow Stylish Makeup kit This 48 Eye shadow Markup kit is all you need to bring out the perfect look for your eyes. 2.54 OZ. All Colors comes packed in a Black Snap on  Casing. Perfect for any road trip and Daily use. This palette .has all the colors you need to recreate sophisticated or edgy looks for day and night Makeup Eye Shadow Beauty Eyes
37-96-137-137,8,4,7640,B004TP9FHG,Dazzling 33 Color Neon Glitter Eyeshadow Makeup Kit This 33 Eye shadow Markup kit is all you need to bring out the perfect look for your eyes. All Colors comes packed in a Black Snap on Pallette Casing. Perfect for any road trip and Daily use. This palette .has all the colors you need to recreate sophisticated or edgy looks for day and night Makeup Beauty Eyes Glitter & Shimmer
37-96-137-137,8,5,7723,B004W5RCNM,Pearl Sparkle 64 Elegant Eyeshadow Colors Makeup Kit Palette This 64 Eye shadow Markup kit is all you need to bring out the perfect look for your eyes. 2.26 OZ. All Colors comes packed in a Black Snap on Pallette Casing. Perfect for any road trip and Daily use. This palette .has all the colors you need to recreate sophisticated or edgy looks for day and night Makeup Eye Shadow Beauty Eyes
37-96-137-137,8,6,7942,B0051SF376,48 Splashing Paint Design Color Eyeshadow Makeup Kit Palette This 48 Eye shadow Markup kit is all you need to bring out the perfect look for your eyes. 1.76 oz.  All Colors comes packed in a Black Snap on Pallette Casing. Perfect for any road trip and Daily use. This palette .has all the colors you need to recreate sophisticated or edgy looks for day and night Makeup Beauty Eyes Glitter & Shimmer
37-96-137-137,8,7,10651,B00A8WQKAO,Stylish 48 Color Eyeshadow Moon Style Design Makeup Kit Palette This 48 Eye shadow Markup kit is all you need to bring out the perfect look for your eyes. . All Colors comes packed in a Black Snap on Pallette Casing. Perfect for any road trip and Daily use. This palette .has all the colors you need to recreate sophisticated or edgy looks for day and night Makeup Eye Shadow Beauty Eyes
63-78-176-232,8,0,8488,B005OZS5TO,"Sigma E70 - Medium Angled Shading Sigma Beauty Unique Feature: Soft and angled beveled edges
Function: Soft application of color
Recommended Use: Use for brow highlighting or to blend the crease.

 2013 Sigma Enterprises, LLC Makeup Brushes & Tools Beauty Tools & Accessories Brushes & Applicators"
63-78-176-232,8,1,8491,B005OZXHEW,"Sigma F10 - Powder/Blush Sigma Beauty Unique Feature: Very soft and slightly beveled
Function: Precise placement of blush
Recommended Use: Use for powder application.

 2013 Sigma Enterprises, LLC Makeup Brushes & Tools Beauty Tools & Accessories Brushes & Applicators"
63-78-176-232,8,2,8492,B005OZYPNY,"Sigma F15 - Duo Fibre Powder/Blush Sigma Beauty Unique Feature: Fiber blend with deep beveled edges
Function: Soft application of powder and mineral product
Recommended Use: Generates a diffused blush application.

 2013 Sigma Enterprises, LLC Makeup Brushes & Tools Beauty Tools & Accessories Brushes & Applicators"
63-78-176-232,8,3,8498,B005P0QN56,"Sigma F50 - Duo Fibre Sigma Beauty Unique Feature: Fiber blend with large flat top
Function: Creates an airbrush-like effect onto the skin
Recommended Use: Can be used with powder, liquid or cream products.

 2013 Sigma Enterprises, LLC Makeup Brushes & Tools Beauty Tools & Accessories Brushes & Applicators"
63-78-176-232,8,4,8501,B005P11F4O,"Sigma F70 - Concealer Sigma Beauty Unique Feature: Small and slightly tapered flat brush
Function: Conceal small areas
Recommended Use: Conceal the hardest to reach areas such as around the nose and eyes. 

 2013 Sigma Enterprises, LLC Makeup Brushes & Tools Beauty Tools & Accessories Brushes & Applicators"
63-78-176-232,8,5,8611,B005V1QLUG,"Sigma P82 - Precision Round TM Sigma Beauty Unique Feature: Small, dense and rounded head
Function: Fingertip-like application
Recommended Use: Apply shadow base or primer onto the lid.
Bristle Type: Synthetic Sigmax

 2013 Sigma Enterprises, LLC Makeup Brushes & Tools Beauty Tools & Accessories Brushes & Applicators"
63-78-176-232,8,6,8612,B005V1TL12,"Sigma P84 - Precision Angled TM Sigma Beauty Unique Feature: Small, dense and flat angled head
Function: Precise contouring
Recommended Use: Apply product to areas such as the sides of the nose and the hollows of the cheeks.
Bristle Type: Synthetic Sigmax

 2013 Sigma Enterprises, LLC Makeup Brushes & Tools Beauty Tools & Accessories Brushes & Applicators"
63-78-176-232,8,7,9638,B007UQ90O4,"Sigma E75 - Angled Brow Sigma Beauty Unique Feature: Angled, firm edge
Function: Define brows
Recommended Use: Apply powder and gel products to brows using a sketching motion to achieve a hair-like effect. 

 2013 Sigma Enterprises, LLC Makeup Brushes & Tools Beauty Tools & Accessories Brushes & Applicators"
68-214-94-246,8,0,5758,B00385WMH8,"Betty Dain Stylish Design Terry Lined Shower Cap, The Socialite Collection, &quot;safari Spots&quot; Betty Dain The Betty Dain Socialite Collection of Stylish Shower Caps shown here in the pattern ""Safari Spots"" offers a waterproof and mold resistant nylon shower cap with a plush terry lining that is oversized to fit thick or long hair. Additional pattern ""Puppy Love"" available separately. Beauty Bath & Body Shower Caps Bathing Accessories"
68-214-94-246,8,1,5759,B00385WMHI,"Betty Dain Stylish Design Terry Lined Shower Cap, The Socialite Collection, &quot;puppy Love&quot; Betty Dain The Betty Dain Socialite Collection of Stylish Shower Caps shown here in the pattern ""Puppy Love"" offers a waterproof and mold resistant nylon shower cap with a plush terry lining that is oversized to fit thick or long hair. Additional pattern ""Safari Spots"" available separately. Beauty Bath & Body Shower Caps Bathing Accessories"
68-214-94-246,8,2,5761,B00385WMIC,"Betty Dain Stylish Design Mold Resistant Shower Cap, The Fashionista Collection, &quot;diva&quot; Betty Dain The Betty Dain Fashionista Collection of Stylish Shower Caps shown here in the pattern ""Diva"" offers a soft waterproof nylon exterior with a mold-resistant  PEVA lining. It's the perfect combination of style, comfort, and quality. The Fashionista Collection of Stylish Shower Caps comes with stylish ruching and is trimmed in colorful satin with a matching bow. Additional pattern ""Sassy Stripes"" available separately. Beauty Bath & Body Shower Caps Bathing Accessories"
68-214-94-246,8,3,5762,B00385WMIM,"Betty Dain Stylish Design Mold Resistant Shower Cap, The Hipster Collection, &quot;Flower Power&quot; Betty Dain The Betty Dain Hipster Collection of Stylish Shower Caps shown here in the pattern ""Flower Power"" offers a waterproof and mold-resistant shower cap that is oversized to fit thick or long hair. The Hipster Collection of Stylish Shower Caps is made from  frosted PEVA and comes with a colorful elastic lace trim. Additional patterns ""Tough Love"" and ""Hippie Chick"" available separately. Beauty Bath & Body Shower Caps Bathing Accessories"
68-214-94-246,8,4,5763,B00385WMJ6,"Betty Dain Stylish Design Mold Resistant Shower Cap, The Hipster Collection, &quot;Tough Love&quot; Betty Dain The Betty Dain Hipster Collection of Stylish Shower Caps shown here in the pattern ""Tough Love"" offers a waterproof and mold-resistant shower cap that is oversized to fit thick or long hair. The Hipster Collection of Stylish Shower Caps is made from  frosted PEVA and comes with a colorful elastic lace trim. Additional patterns ""Hippie Chick"" and ""Flower Power"" available separately. Beauty Bath & Body Shower Caps Bathing Accessories"
68-214-94-246,8,5,5764,B00385WMJQ,"Betty Dain Stylish Design Mold Resistant Shower Cap, The Hipster Collection, &quot;Hippie Chick&quot; Betty Dain The Betty Dain Hipster Collection of Stylish Shower Caps shown here in the pattern ""Hippie Chick"" offers a waterproof and mold-resistant shower cap that is oversized to fit thick or long hair. The Hipster Collection of Stylish Shower Caps is made from  frosted PEVA and comes with a colorful elastic lace trim. Additional patterns ""Tough Love"" and ""Flower Power"" available separately. Beauty Bath & Body Shower Caps Bathing Accessories"
68-214-94-246,8,6,9058,B006PKVYIQ,"Betty Dain Betty Dain Stylish Design Mold Resistant Shower Cap, The Fashionista Collection, Pink Peppermint, 2.88 Ounce The betty dain fashionista collection of stylish shower caps shown here in the pattern in pink peppermint offers a soft waterproof nylon exterior with a mold-resistant peva lining. It's the perfect combination of style, comfort, and quality. The fashionista collection of stylish shower caps comes with stylish ruching and is trimmed in colorful satin with a matching bow. Beauty Bath & Body Shower Caps Bathing Accessories"
68-214-94-246,8,7,9059,B006PKVYMC,"Betty Dain Betty Dain Stylish Design Terry Lined Shower Cap, The Socialite Collection, Boudoir, 4.32 Ounce Betty Dain The betty dain socialite collection of stylish shower caps shown here in the pattern boudoir offers a waterproof and mold resistant nylon shower cap with a plush terry lining that is oversized to fit thick or long hair. Additional pattern puppy love and safari spots available separately. Beauty Bath & Body Shower Caps Bathing Accessories"
111-191-100-177,7,0,4898,B002FQKKBQ,"Travalo Travel Spray by Travalo Mini Travel Refillable Spray with Cap Refills from Any Fragrance Bottle (Sleek Silver) .135 oz for Women Travalo Travalo Travel Spray by Travalo Mini Travel Refillable Spray with Cap Refills from Any Fragrance Bottle (Sleek Silver) .135 oz for Women We all wish we could take our favorite colognes and perfumes wherever we go, but decanting is just too messy. Now Travalo, a company based in the U.K. offers smaller travel-size flacons that are refillable. This is the perfect size for a pocket, for airport travel or a handbag. This great item is available in a wide range of colors and hold up to 50 sprays of your favorite scent. So now you are scent to go... Fragrance Women's Beauty Eau de Parfum"
111-191-100-177,7,1,5670,B00361DFQQ,"Travalo Travel Atomizer - Red Travalo The perfectly rounded fragrance spray, no corners, no edges. Strong light aluminum. Slips into the smallest pocket. 50 spays (.13 oz capacity). Works with most bottles with a removable nozzle. Refills in seconds. Aircraft approved. Shatterproof vial, no glass. Suitable for men or women. Fragrance not included. Fragrance Women's Beauty Eau de Parfum"
111-191-100-177,7,2,7631,B004T19R3W,"Flo Refillable Perfume Atomizer,Black Got vacation plans and wish you could carry your favorite fragrance with you? Pack your bag and fill this stylish, travel-ready atomizer with the perfume of your choice. The slim silhouette fits easily into your purse for scent touch-ups wherever your travels may take you. Fragrance Women's Beauty Eau de Parfum"
111-191-100-177,7,3,7690,B004V904J8,"Flo Refillable Perfume Atomizer - Pink FLO Got vacation plans and wish you could carry your favorite fragrance with you? Pack your bag and fill this stylish, travel-ready atomizer with the perfume of your choice. The slim silhouette fits easily into your purse for scent touch-ups wherever your travels may take you. Fragrance Women's Beauty Eau de Parfum"
111-191-100-177,7,4,7691,B004V928GA,"Flo Refillable Perfume Atomizer - Silver FLO Got vacation plans and wish you could carry your favorite fragrance with you? Pack your bag and fill this stylish, travel-ready atomizer with the perfume of your choice. The slim silhouette fits easily into your purse for scent touch-ups wherever your travels may take you. Refillable Containers Beauty Tools & Accessories Bags & Cases"
111-191-100-177,7,5,8342,B005IY2IHG,"Travalo Travel Spray By Travalo - Mini Travel Refillable Spray with Cap Refills From Any Fragrance Bottle (Hot Pink) .135 Oz We all wish we could take our favorite colognes and perfumes wherever we go, but decanting is just too messy. Now Travalo, a company based in the U.K. offers smaller travel-size flacons that are refillable. This is the perfect size for a pocket, for airport travel or a handbag. This great item is available in a wide range of colors and hold up to 50 sprays of your favorite scent. So now you are scent to go... Beauty Bath & Body Shower Caps Bathing Accessories"
111-191-100-177,7,6,10253,B0091JL3IO,"Travalo (iPump5 new! Zero Leaks!) (Silver) Wish you had an easier way to carry your favorite scent wherever you go? Now you do! The Travalo Classic Perfume Atomizer replaces the big, heavy, and potentially dangerous glass perfume or aftershave bottle in your bag, and is made with a sturdy aluminum exterior with an unbreakable fragrance reservoir to guarantee reliable pumps and travel convenience.The Classic Perfume Atomizer refills in seconds, holds at least a week's worth (50-60 sprays) of fragrance and is small enough to carry in a purse or pocket.Thanks to Travalo's Genie-S technology, the Atomizer fills directly from any normal atomizer fragrance bottle, won't leak in your bag, and is easy to fill without awkward funnels and messy spills. Take your own fragrance with you every time. Take Travalo. *perfectly rounded with no corners or edges and slips into a pocket easily *lightweight *full sized spray head *no leaking *quick to fill *fills directly from any normal atomizer fragrance bottle *works with most bottles with a removable nozzle *aircraft approved - safe in hand luggage *98% of Travalo is recyclable Refillable Containers Beauty Tools & Accessories Bags & Cases"
138-102-168-162,7,0,6039,B003GYVTI4,"NYX Round Case Lipstick Lip Cream 595 Strawberry Milk NYX NYX Cosmetics Round Lipstick Lip Cream 595 Strawberry Milk.  A velvet-textured lipstick formulated with mineral oils to provide moisturizing benefits and rich colors.   NYX's top selling lipstick, the Round Lipstick offers long-lasting, non-smudging color. Makeup Beauty Lipstick Lips"
138-102-168-162,7,1,6066,B003HYMGJO,"NYX Round Case Lipstick Lip Cream 592 Baby Pink NYX NYX Cosmetics Round Lipstick Lip Cream 592 Baby Pink.  A velvet-textured lipstick formulated with mineral oils to provide moisturizing benefits and rich colors.   NYX's top selling lipstick, the Round Lipstick offers long-lasting, non-smudging color. Makeup Beauty Lipstick Lips"
138-102-168-162,7,2,6067,B003I329EG,NYX Cosmetics Extra Creamy Round Lipstick Narcissus NYX Buy NYX Cosmetics Lipsticks - NYX Cosmetics Extra Creamy Round Lipstick Narcissus Makeup Beauty Lipstick Lips
138-102-168-162,7,3,6069,B003I3B3YI,"NYX Round Case Lipstick Lip Cream 529 Thalia NYX NYX Cosmetics Round Lipstick Lip Cream 529 Thalia.  A velvet-textured lipstick formulated with mineral oils to provide moisturizing benefits and rich colors.   NYX's top selling lipstick, the Round Lipstick offers long-lasting, non-smudging color. Makeup Beauty Lipstick Lips"
138-102-168-162,7,4,10508,B009WI0VFK,NYX Cosmetics Extra Creamy Round Lipstick Snow White NYX Buy NYX Cosmetics Lipsticks - NYX Cosmetics Extra Creamy Round Lipstick Snow White Makeup Beauty Lipstick Lips
138-102-168-162,7,5,10509,B009WI26RQ,NYX Cosmetics Extra Creamy Round Lipstick Summer Love NYX Buy NYX Cosmetics Lipsticks - NYX Cosmetics Extra Creamy Round Lipstick Summer Love Makeup Beauty Lipstick Lips
138-102-168-162,7,6,10510,B009WI2EZ0,NYX Cosmetics Extra Creamy Round Lipstick Power NYX Buy NYX Cosmetics Lipsticks - NYX Cosmetics Extra Creamy Round Lipstick Power Makeup Beauty Lipstick Lips
69-184-218-223,7,0,10852,B00ARX8GGA,BUYINHOUSE Lovely Vintage Jewelry Crystal Peacock Hair Clips Hairpins C- for hair clip Beauty Tools Yang Jewelry Hair Care Beauty Styling Accessories Styling Tools Clips
69-184-218-223,7,1,10853,B00ARX8SF4,Lovely Vintage Jewelry Crystal Peacock Hair Clips - for hair clip Beauty Tools Oyang Crystal Peacock Hair Care Beauty Styling Accessories Styling Tools Clips
69-184-218-223,7,2,10854,B00ARX98R6,Lovely Vintage Jewelry Crystal Green Peacock Hair Clips - for hair clip Beauty Tools Oyang 1 pc lovely hair clip. Color: Green Hair Care Beauty Styling Accessories Styling Tools Clips
69-184-218-223,7,3,10855,B00ARX9X6M,Lovely Vintage Jewelry Crystal Purple Peacock Hair Clips - for hair clip Beauty Tools Oyang Color: purple Hair Care Beauty Styling Accessories Styling Tools Clips
69-184-218-223,7,4,10876,B00AUV77TG,Lovely Vintage Jewelry Crystal Butterfly Hairpins Hair stick- for hair clip Beauty Tools Oyang Color: multicolor Lovely Vintage Jewelry Crystal Butterfly Hairpins Hair stick- for hair clip Beauty Tools Hair Care Beauty Styling Accessories Styling Tools Clips
69-184-218-223,7,5,11007,B00B7N7CTQ,Beautiful Jewelry Flowers Crystal Hair Clips - for hair clip Beauty Tools Oyang Color: multi Beautiful Jewelry Flowers Crystal Hair Clips - for hair clip Beauty Tools Hair Care Beauty Styling Accessories Styling Tools Clips
69-184-218-223,7,6,11292,B00CJ3MDJW,Oyang Fashion Butterfly Jewelry Crystal Hair Clips Hairpin H- for hair clip hairpins Beauty Tools Oyang Color: multi Hair Care Beauty Styling Accessories Styling Tools Clips
10-255-172-255,6,0,11766,B00GTBZOVE,"Suave Professionals Natural Infusion Macadamia Oil and White Orchid Conditioner, 12.6 Ounce Suave Beauty Hair Care Conditioners"
10-255-172-255,6,1,11767,B00GTBZWPW,"Suave Professionals Natural Infusion Awapuhi Ginger and Honeysuckle Conditioner, 12.6 Ounce Suave Beauty Hair Care Conditioners"
10-255-172-255,6,2,11768,B00GTBZXA6,"Suave Professionals Natural Infusion Awapuhi Ginger and Honeysuckle Shampoo, 12.6 Ounce Suave Shampoos Beauty Hair Care"
10-255-172-255,6,3,11771,B00GTC03AU,"Suave Professionals Natural Infusion Seaweed and Lotus Blossom Shampoo, 12.6 Ounce Suave Shampoos Beauty Hair Care"
10-255-172-255,6,4,11772,B00GTC03OG,"Suave Professionals Natural Infusion Seaweed and Lotus Blossom Conditioner, 12.6 Ounce Suave Beauty Hair Care Conditioners"
10-255-172-255,6,5,11901,B00HSNWZFU,"Suave Professionals Natural Infusion Macadamia Oil and White Orchid Shampoo, 12.6 Ounce Suave Shampoos Beauty Hair Care"
10-49-179-73,6,0,10694,B00AE07BDU,"Axe Spiking Glue Spiked Up Look, 3.2 Ounce AXE Beauty Styling Products Hair Care Creams, Gels & Lotions"
10-49-179-73,6,1,10695,B00AE07BI0,"Axe Wet Shine Gel Clean Cut Look, 3.2 Ounce AXE Beauty Styling Products Hair Care Creams, Gels & Lotions"
10-49-179-73,6,2,10696,B00AE07BMQ,"Axe Styling Gum Messy Look, 3.2 Ounce AXE Beauty Styling Products Hair Care Creams, Gels & Lotions"
10-49-179-73,6,3,10697,B00AE07CPM,"Axe Anti-dandruff Styling Cream, 3.2 Ounce AXE Beauty Styling Products Hair Care Creams, Gels & Lotions"
10-49-179-73,6,4,11778,B00GTC1HB4,"Axe Styling Messy Look Matte Gel, 6 Ounce AXE Beauty Styling Products Hair Care Creams, Gels & Lotions"
10-49-179-73,6,5,11779,B00GTC1HCI,"Axe Styling Spiked Up Look Gel, 6 Ounce AXE Beauty Styling Products Hair Care Creams, Gels & Lotions"
102-113-136-180,6,0,6241,B003OGT4KE,"Creative Nail Shellac Hot Chilis, 0.25 Fluid Ounce CND Cosmetics Patent-pending formulations of solvents, monomers and polymers goes on like polish and wears like gel. A UV-cured color coat featuring UV3 technology. Makeup Nails Beauty Nail Polish"
102-113-136-180,6,1,6242,B003OGUQS8,"Creative Nail Shellac Tropix, 0.25 Fluid Ounce CND Cosmetics Patent-pending formulations of solvents, monomers and polymers goes on like polish and wears like gel. A UV-cured color coat featuring UV3 technology. Makeup Nails Beauty Nail Polish"
102-113-136-180,6,2,6245,B003OGYO7W,"Creative Nail Shellac Negligee, 0.25 Fluid Ounce CND Cosmetics Patent-pending formulations of solvents, monomers and polymers goes on like polish and wears like gel. A UV-cured color coat featuring UV3 technology. Makeup Nails Beauty Nail Polish"
102-113-136-180,6,3,6246,B003OGZC2S,"Creative Nail Shellac Fedora, 0.25 Fluid Ounce CND Cosmetics Patent-pending formulations of solvents, monomers and polymers goes on like polish and wears like gel. A UV-cured color coat featuring UV3 technology. Makeup Nails Beauty Nail Polish"
102-113-136-180,6,4,6248,B003OH0KBA,"Creative Nail Shellac Wildfire, 0.25 Fluid Ounce CND Cosmetics Patent-pending formulations of solvents, monomers and polymers goes on like polish and wears like gel. A UV-cured color coat featuring UV3 technology. Makeup Nails Beauty Nail Polish"
102-113-136-180,6,5,9352,B007AAUXI2,"Creative Nail Shellac Rubble, 0.25 Fluid Ounce CND Cosmetics Patent-Pending formulations of solvents, monomers and polymers goes on like polish and wears like gel. Makeup Nails Beauty Nail Polish"
231-100-127-38,6,0,7488,B004NYTR8U,"KLEANCOLOR What Girls Really Talk About - Glitter Nail Lacquer Mini Collection (NPC594) Kleancolor KleanColor presents its long wearing and chip-resistant Nail Lacquers in petite, travel-friendly size. The set features ultimate party accessory of holo effects in bold colours to complete the look of girl who knows her fashion statement is trendier than others. Makeup Nails Beauty Nail Polish"
231-100-127-38,6,1,7489,B004NYWR7S,"KLEANCOLOR Techno High - Metallic Nail Lacquer Mini Collection (NPC592) Kleancolor KleanColor presents its long wearing and chip-resistant Nail Lacquers in petite, travel-friendly size. The set features bold rich metallic colors to add twist and edge to complete the look of strong woman who loves to rock the world. Makeup Nails Beauty Nail Polish"
231-100-127-38,6,2,7490,B004NYZ5AE,"KLEANCOLOR Wicked Witch - Gothic Nail Lacquer Mini Collection (NPC595) Kleancolor KleanColor presents its long wearing and chip-resistant Nail Lacquers in petite, travel-friendly size. The set features gothic colors to complete the look of mystic woman who is not afraid to play with her dark side. Makeup Nails Beauty Nail Polish"
231-100-127-38,6,3,8993,B006LUAYZO,"Kleancolor Glitter Nail Lacquer Mini Collection-jingle Splash Kleancolor KleanColor presents its long wearing and chip resistant Nail Lacquers in petite, travel friendly size. The set features colors with biggest spirit to complete the look of woman who outshines everyone with her heart. Makeup Nails Beauty Nail Polish"
231-100-127-38,6,4,9420,B007H4HP7S,"Kleancolor Nail Lacquer Mini Collection - Blue Maniacs (NPC602) Kleancolor KleanColor presents its long wearing and chip-resistant Nail Lacquers in petite, travel-friendly size. The set features dazzling blues that spin off adventure to complete the look of girl who pursuits her heart and enjoys being herself. Makeup Nails Beauty Nail Polish"
231-100-127-38,6,5,9421,B007H4J832,"Kleancolor Nail Lacquer Mini Collection - Green Addicts (NPC603) Kleancolor KleanColor presents its long wearing and chip-resistant Nail Lacquers in petite, travel-friendly size. The set features vivid greens that spell out confidence to complete the look of girl who knows what is right for her and stands on her ground. Makeup Nails Beauty Nail Polish"
231-32-149-167,6,0,8910,B006HJPT7W,"O.P.I Gelcolor Collection Nail Gel Lacquer, Alpine Snow, 0.5 Fluid Ounce OPI OPI GelColor Collection is the new, polish on gel formula. Soak off gel lacquer. Makeup Nails Beauty Nail Polish"
231-32-149-167,6,1,8912,B006HJR2Q8,"Opi Gelcolor Collection Nail Gel Lacquer, Funny Bunny, 0.5 Fluid Ounce OPI Opi gelcolor collection is the new, polish-on gel formula. Soak off gel lacquer. Makeup Nails Beauty Nail Polish"
231-32-149-167,6,2,8913,B006HJRQ1O,"GelColor by OPI Soak-Off Gel Laquer nail polish - Kyoto Pearl - GC L03 OPI Opi gelcolor collection is the new, polish-on gel formula. Soak off gel lacquer. Makeup Nails Beauty Nail Polish"
231-32-149-167,6,3,8914,B006HJRU6U,"OPI Gelcolor Collection Nail Gel Lacquer, Lincoln Park After Dark, 0.5 Fluid Ounce OPI Opi gelcolor collection is the new, polish-on gel formula. Soak off gel lacquer. Makeup Nails Beauty Nail Polish"
231-32-149-167,6,4,8915,B006HK7ECY,"OPI Gelcolor Collection Nail Gel Lacquer, Passion, 0.5 Fluid Ounce OPI Opi gelcolor collection is the new, polish-on gel formula. Soak off gel lacquer. Makeup Nails Beauty Nail Polish"
231-32-149-167,6,5,8916,B006HKAC6O,"OPI Gelcolor Nail Polish, GCR54 Russian Navy, 0.5 Fluid Ounce OPI An extremely dark blue polish with a subtle addition of purple/pink shimmer. The perfect navy blue nail color for the fall/winter season, now in OPI GelColor Soak-Off Gel Lacquer for long-lasting, chip-free nails. Makeup Nails Beauty Nail Polish"
231-43-245-82,6,0,10584,B00A2Y02TI,"China Glaze Nail Lacquer, Escaping Reality, 0.5 Fluid Ounce China Glaze Express yourself online and off with amazing china glaze color. Select from over 300 high gloss colors that give the confidence of gorgeous nails wherever and whenever it's time to shine. Makeup Nails Beauty Nail Polish"
231-43-245-82,6,1,10589,B00A2Y6PG2,"China Glaze Nail Lacquer, Creative Fantasy, 0.5 Fluid Ounce China Glaze Express yourself online and off with amazing china glaze color. Select from over 300 high gloss colors that give the confidence of gorgeous nails wherever and whenever it's time to shine. Makeup Nails Beauty Nail Polish"
231-43-245-82,6,2,11093,B00BGAOJGY,"China Glaze Nail Lacquer, Highlight Of My Summer, 0.5 Fluid Ounce China Glaze Express yourself online and off with amazing china glaze color. Select from over 300 high gloss colors that give the confidence of gorgeous nails wherever and whenever it's time to shine. Makeup Nails Beauty Nail Polish"
231-43-245-82,6,3,11121,B00BKUHIO0,"China Glaze Nail Lacquer, That's Shore Bright, 0.5 Fluid Ounce China Glaze Express yourself online and off with amazing china glaze color. Select from over 300 high gloss colors that give the confidence of gorgeous nails wherever and whenever it's time to shine. Makeup Nails Beauty Nail Polish"
231-43-245-82,6,4,11122,B00BKUHJ0S,"China Glaze Nail Lacquer, Too Yacht To Handle, 0.5 Fluid Ounce China Glaze Express yourself online and off with amazing china glaze color. Select from over 300 high gloss colors that give the confidence of gorgeous nails wherever and whenever it's time to shine. Makeup Nails Beauty Nail Polish"
231-43-245-82,6,5,11123,B00BKUHK98,"China Glaze Nail Lacquer, Are You Jelly?, 0.5 Fluid Ounce China Glaze Express yourself online and off with amazing china glaze color. Select from over 300 high gloss colors that give the confidence of gorgeous nails wherever and whenever it's time to shine. Makeup Nails Beauty Nail Polish"
3-239-243-125,6,0,11683,B00GDTVJ7A,"Virgin Argan Oil - Large 4 Oz - Superior Grade 100% Pure Organic Cold Pressed Argan Oil - Full Money Back Guarantee - Superior Quality Luxurious Daily Moisturizer for Hair, Face and Skin - Best All Natural Conditioner for Damaged or Dy Hair - Experience the Magic of the &quot;Tree of Life&quot; From Head to Toe with this Moroccan Anti-aging, Anti Wrinkle Secret - The Highest Quality Pure Oil Available - Protected By Our Lifetime No Questions Asked Money Back Guarantee The Secret to Soft, Silky Hair and SkinYour search for the best argan oil is finally over. When you purchase from us today, here is what you can look forward to...Argan Beauty Argan Oil is 100% pure argan oil, with no additives, fillers or toxic parabens.  Our all natural cold pressed argan oil from a small family farm in Morocco is produced under organic certified conditions to bring you what is quite simply the best and rarest oil on earth.- Great for dry or color treated hair.- Easily absorbed for the softest skin with no oily feel.- High in vitamin E, and antioxidants, it helps erase acne, scars and blemishes.  It improves elasticity, eliminating wrinkles and stretch marks.- Good for cracked or rough patches of skin on heels and elbows.- Certified organic and sustainable by USDA and international certification ECOCERT- Packaged in a dark amber glass bottle to keep it fresh.- Anti-aging properties due to its high level of Tocopherols, essential fatty acids, squalene, polyphenols, sterols and natural anti-oxidants.Argan Beauty Gives Back -We source from a Women's Collective and your purchase helps sustain their livelihood and the natural ecology of their environment. In addition, Argan Beauty  donates a portion of our proceeds to local projects that benefit their communities.Our GuaranteeWe believe in providing exceptional customer service. Give us a try and if for any reason you are not thrilled, you have 60 days to let us know and we will give you 100% of your money back - no questions asked.So get your bottle now.  And when you do, consider purchasing two and giving one as a beautiful gift. - But don't wait - We sometimes run out of stock!Click Add to Cart Now! Beauty Skin Care Treatments & Masks Face"
3-239-243-125,6,1,11741,B00GPQUFUI,"Virgin Argan Oil ~ 2 Fl Oz. ~ Certified Organic Moroccan Argan Oil ~ 100% Pure ~ Best Moisturizer and Conditioner for Hair, Skin, Face, Nails and Cuticles ~ Eco Certified ~ Highest Quality 3X Virgin ~ No Chemicals or Additives ~ No Hassle Guarantee! Pure, Organic, Highest Quality Argan Oil imported from Morocco and bottled in USA.  Produced by native Berber women's cooperatives using only organic and sustainable methods.Known as the ""Secret of Hollywood"" because of its amazing restorative, beautifying and anti-aging properties.Exceptionally rich in essential fatty acids and antioxidants such as Vitamin E, this Argan oil revitalizes your skin.The antioxidants in this oil penetrate deeply into the skin to help extinguish inflammation.The properties of Argan oil are like nothing else you can put on your body. Just some of the therapeutic properties of Argan oil are:Vitamin E: Argan oil is exceptionally rich in natural vitamin E (twice as much as olive oil) which helps neutralize free radicals and prevents skin damage.Phenolic acid: known for its anti-aging benefits.Carotenes: full of antioxidants and helps protect against sun damage and skin aging.Saponins: softens the skin, eases acne and eczema and restores the skin's water lipid layer, helping to minimize wrinklesOleic Acid: rich in antioxidants, acts as a moisturizer and provides soft and supple skin.Omega 6: helps prevent loss of moisture from skin.The purity and freshness of our Argan oil assures that you get the full benefit of this beauty secret. We show you the manufacturing date right on our label so that you know it is fresh, and has not been sitting and degrading in a warehouse for many months or years.We only use dark amber-colored glass containers to prevent degradation from sunlight or artificial light.Order now, this product sells out quickly! Moisturizers Beauty Body Oils Skin Care"
3-239-243-125,6,2,11749,B00GRBVM0S,"Virgin Argan Oil for Hair &amp; Face Treatment - 100% Cold Pressed Pure Organic Moroccan Oil - 4 Oz - Perfect for Dry Skin, Split Ends, Acne &amp; Damaged Nails - Get Beautiful Skin &amp; Hair Starting Today, Guaranteed! The Secret to Glowing Skin, Shiny, Soft Hair and Beautiful NailsRich in vitamin E, natural fatty acids, and omega 6, Argan oil is a natural antioxidant.Argan Oil is dry, non-greasy and easily absorbed. It doesn't clog your pores and can be directly applied to your face, skin, hair and cuticles. You can also add it to enhance your favorite beauty products.Top 5 Argan oil uses:Face Moisturizer:Twice a day, after cleansing your skin, massage a few drops directly into your face and neck, and experience glowing, vibrant, soft healthy skin.Leave-in Hair Conditioner:While your hair is still wet after washing it, add a few drops of Argan oil to your hair (ends and scalp), especially if you use a blow dryer, straight-iron or curling iron on a regular basis. Your hair will be soft, manageable, and tangle-free.Hair Styling Shine:Use as a styling product. Add a few drops of Argan oil to your hand, rub your hands together and run your fingers through your hair to create shine and tame frizz.Overnight Hair Treatment:For damaged hair, massage a generous amount of Argan oil into your hair, wrap your hair and leave the oil in overnight. In the morning, wash your hair as usual.Heel and Cuticle Softener:Don't suffer with painful cracked heels, and dry, peeling cuticles. Nourish your heels by massaging a generous amount of Argan oil, and then covering them up with socks overnight. For healthy cuticles, massage a few drops of Argan oil into your cuticles twice a day.Warning:Don't get fooled by cheap, diluted Argan oil! BebeLush Argan oil is 100% pure & certified organic.Save Over 50% Today During Our Limited Time Introductory Sale. Click the Add To Cart Button Now. Moisturizers Beauty Body Oils Skin Care"
3-239-243-125,6,3,11793,B00GXFRF8Q,"100% Pure Sweet Almond Oil 16oz - Carrier Oil for Essential Oils - One of Nature's Best Skin Care Products - Cold Pressed, Natural Moisturizer and Conditioner for Beautiful Hair, Skin, Face, Nails, Lips, and Hands - Massage Oil for Men &amp; Women - Promotes Healthy Hair Growth - Anti-Aging/Anti-Wrinkle Benefits - Satisfaction Guaranteed Sweet Almond Oil Might Be Nature's Best Kept SecretBeauty Doesn't Have To Be Complicated- Stronger, Shinier, More Healthy Looking Hair- Softer Skin, Unclogged Pores- Rejuvenated Nails, Softer Cuticles- All Natural Under Eye Dark Circle Treatment- Wonderful Eye Makeup Remover (especially for water-proof makeup)Our Chemical Free, Cosmetic Grade Sweet Almond Oil is 100% Pure and NaturalThis means it works with your body to restore skin, hair and nails to their natural state.We Take The Extra Step To Ensure Quality- Bodyality's(TM) Sweet Almond Oil is specially bottled in amber colored packaging, 
designed to protect and maintain the oil's nearly 2 year shelf life.- We specially double seal our bottles to make sure you product arrives 
free of any annoying leaks and spills- Even if the bottle gets slippery during use, our bottles and labels are oil 
resistant. Simply use a little soap and water to remove any excess oil quickly and 
easily to return the bottle back to normal.Our GuaranteeWe strive to create satisfied customers. If you're not completely happy with our product 
after 30 days, just let us know and we'll replace your product or refund 100% of 
your purchase price - NO questions asked.Purchase a bottle today and start seeing the improvement Bodyality's Sweet Almond 
Oil can make in your life. Then buy another bottle to share with a friend! Hands & Nails Beauty Nail Treatments Skin Care Growth Formula"
3-239-243-125,6,4,11864,B00HG07W80,"Virgin Argan Oil - Facial Moisturizer - 100% Pure Moroccan Argan Oil for Hair, Best Anti-aging Moisturizer - Hair Treatment Oil Repairs Hair, Restores Shine - Argan Oil Organic Certification By Ecocert and USDA - Natural Skin Care Product for Men and Women - Beard Oil - Cutical Softener, Nail Strengthener - 2 Oz Bottle - Satisfaction Guaranteed In The Next Minute You're Going To Learn How One Product Can Replace Many Of Your Skin & Hair Care BasicsWhere does Argan Oil Come From?Argan Oil comes exclusively from Morocco and is one of the rarest oils in the world. It takes from 16 to 18 hours to extract the oil from about 70 lbs. of nut kernels to produce one quart of oil.Benefits For Skin- Anti-aging effects so you stay looking young longer- Reduces and softens wrinkles- Produces moisture retention and evens skin texture- Softens and produces a radiant skin luster. No more tired looking skin- Minimizes scars and stretch marks- Non-greasy and absorbs quickly. Makeup can be applied immediately- Does not clog pores- Helps to control acne by reducing inflammation- Soothes dry skin, psoriasis and dry eczema- Calms razor burnBenefits For Hair- Strengthens hair so hair will grow rapidly- Makes hair manageable- Treats split ends and damage. Produces shiny hair, even when hair has been colored- Prevents dandruff and controls itchy scalp- Makes beards and mustaches soft and manageableBenefits for Hands and Nails- Moisturizes and softens hands for young looking hands- Softens cuticles for easy manicure- Rejuvenates dry cracked nails so they will grow strongGuaranteeTry EllaClaire Argan oil today. If you're not satisfied, return the product and enjoy
our hassle-free ""Money Back Guarantee."" No questions asked.Add To Cart Now! Oils & Serums Beauty Skin Care Face"
3-239-243-125,6,5,11976,B00IR3DL9O,"Pure Virgin Argan Oil: Best Hair Treatment Oil, Perfect Skin Care Oil--Repair Dry, Permed, Colored or Heat-Damaged Hair - Natural Moisturizer Beauty System - Moisturize, Smooth and Rejuvenate Dry, Rough Skin - Great Tool for Body and Face, NEVER Leaves a Greasy or Sticky Residue! Premier Nail Oil, Too! - Serious Anti-Aging Products - USDA Certified Organic Moroccan Argan Oil from Monaco - Add to Your Favorite Conditioner After Shampoo - 2oz Bottle - 1 YEAR, No Questions Asked Money-Back Guarantee! Grandma Knows Best?Our Grandma used to say,""If your hair looks good, and your shoes look good... you look good.""We can't help you with the shoes (sorry); but if you're constantly fighting-Frizzy, brittle hair,-Snake-dry skin, or-""Who'da thought it?"" fingernails,Naked Beauty Cosmetics'Pure Argan Oilis just what you need to ""de-uglify"" them.Discovering Charlize Theron's SecretCelebrities from Katy Perry, to Madonna, to Charlize Theron swear by Pure Argan Oil--and their beautiful skin and hair show why. Following in their footsteps is a smart idea... but! Have you been fooled by lesser products? Charlize knows: Pure Argan Oil has a unique nutty-tangy scent. If your oil doesnot, it could be because:-It's not Argan Oil at all (yes, sadly, there ARE fakes out there),-Modern, high-heat processing methods have destroyed the very elements that make Argan Oil so effective,-It's been diluted with lesser oils and chemicals.Naked Beauty Cosmetics'Pure Argan Oilcontainsonlythe highest-quality nuts from Morocco's Argan tree. It's cold-pressed, leaving its awesome qualities intact. Our Pure Argan Oil isAbsolutely Organic, Absolutely Cruelty-Free, and Absolutely Great for hair, skin and nails.Just a Little BitLike love, a little Pure Argan Oil does a lot of good. It absorbs quickly, so it never feels greasy. Just a few drops to a few droppers-full daily, and you'll soon proudly displayyourbeautiful hair, skin and nails.And if you don't, well... there's always our1 YEAR, No-Hassle Money-Back Guarantee.HUZZAH! Naked Beauty Cosmetics' Pure Argan Oil is only $24.75 each! That's 30% off our regular price! But only while supplies last--So order yours NOW! Moisturizers Beauty Body Oils Skin Care"
5-94-94-68,6,0,10924,B00AZBSBUU,"Nail Art 270 Pieces Gold &amp; Silver 4mm Square Metal Studs for Nails, Cellphones 3d nail art *** Nail Art 270 pieces Gold & Silver 4mm SQUARE Metal Studs for Nails, Cellphones ***  ***Quantity : 270 Pieces(135 gold + 135 Silver) Makeup Nails Beauty Nail Art"
5-94-94-68,6,1,10925,B00AZBSPQA,"Nail Art 300 Pieces Gold &amp; Silver 3mm Square Metal Studs for Nails, Cellphones 3d nail art *** Nail Art 300 pieces Gold & Silver 3mm SQUARE Metal Studs for Nails, Cellphones *** ***Quantity : 300 Pieces Beauty Tools & Accessories Nail Art Equipment Nail Tools"
5-94-94-68,6,2,10926,B00AZBTUNC,"Nail Art 300 Pieces Gold &amp; Silver 3mm Round Metal Studs for Nails, Cellphones 3d nail art *** Nail Art 300 pieces Mix Gold & Silver 3mm  ROUND Metal Studs for Nails, Cellphones ***  ***Quantity : 300 Pieces ( 150 Gold+ 150 Silver) Makeup Nails Beauty Nail Art"
5-94-94-68,6,3,10927,B00AZBUAP4,"Nail Art 300 Pieces Gold &amp; Silver 2mm Round Metal Studs for Nails, Cellphones 3d nail art *** Nail Art 300 pieces Mix Gold & Silver 2mm  ROUND Metal Studs for Nails, Cellphones ***  ***Quantity : 300 Pieces ( 150 Gold+ 150 Silver) Makeup Nails Beauty Nail Art"
5-94-94-68,6,4,10929,B00AZBWA5W,"Nail Art 250 Pieces Gold &amp; Silver 4mm TRIANGLE Metal Studs for Nails, Cellphones BTArtbox *** Nail Art 250 pieces Mix Gold & Silver 4mm TRIANGLE  Metal Studs for Nails, Cellphones ***  ***Quantity : 250 Pieces( 125 Gold + 125 Silver) Beauty Tools & Accessories Nail Art Equipment Nail Tools"
5-94-94-68,6,5,10998,B00B57TCA6,"Nail Art 600 Pieces Mix 3mm SQUARE Metal Studs for Nails, Cellphones 3d nail art *** Nail Art 600 pieces Mix 3mm SQUARE Metal Studs for Nails, Cellphones ***  ***Quantity : 600 Pieces( 100 black, 100 blue, 100 pink, 100 hot pink, 100 purple, 100 red) Beauty Tools & Accessories Nail Art Equipment Nail Tools"
63-204-241-253,6,0,4736,B002B4JP90,e.l.f. Studio Eyeshadow &quot;C&quot; Brush e.l.f. Cosmetics Creates the perfect smokey eye. The medium size brush gives more control for more specific blending needs. Use with any powder eyeshadow product for color blending. Makeup Brushes & Tools Beauty Tools & Accessories Brushes & Applicators
63-204-241-253,6,1,4740,B002B4LUFW,"e.l.f. Complexion Brush e.l.f. Cosmetics Expertly sweeps all types of powders across the entire face and sculpts features beautifully. Use with pressed, loose, or translucent powders, blush or bronzer. Makeup Brushes & Tools Beauty Tools & Accessories Brushes & Applicators"
63-204-241-253,6,2,4741,B002B4LUKM,"e.l.f. Studio Small Angled Brush e.l.f. Cosmetics Creates precise color application. Creates even, thin and straight lines every time. Use to apply lip color, eyebrow color, or to line eyes. Makeup Brushes & Tools Beauty Tools & Accessories Brushes & Applicators"
63-204-241-253,6,3,4790,B002CKYZMK,"e.l.f. Cosmetics Foundation Brush DDI Achieve an ultra smooth, poreless finish when applying foundation or tinted moisturizer. For best results use upward brush strokes. Makeup Brushes & Tools Beauty Tools & Accessories Brushes & Applicators"
63-204-241-253,6,4,5715,B00373OK3A,e.l.f. Blush Brush e.l.f. Cosmetics The tailored design allows for easy maneuvering and precise color application creates a beautifully defined and sculpted look can be used to apply blush or bronzer. Makeup Brushes & Tools Beauty Tools & Accessories Brushes & Applicators
63-204-241-253,6,5,10820,B00AP1BTZE,"e.l.f. Small Stipple Brush e.l.f. Cosmetics Use this brush with any liquid or powder face product such as foundation, blush or bronzer to build your coverage from sheer to heavy. Makeup Brushes & Tools Beauty Tools & Accessories Brushes & Applicators"
0-241-143-2,5,0,3848,B001F51TS6,Olay 2-In-1 Advanced Ribbons Firming Butter + Advanced Moisture Body Wash 18 Oz (Pack of 3) Olay Moisturizers Beauty Body Butter Body Skin Care
0-241-143-2,5,1,3850,B001F51TVI,Olay Ultra Moisture Moisturizing Body Wash With Shea Butter 23.6 Oz (Pack of 3) Olay Moisturizers Beauty Body Butter Body Skin Care
0-241-143-2,5,2,3865,B001FB5NTG,"Olay Moisturinse In-Shower Body Lotion w/ shea butter, 15.2 Ounce (Pack of 4) Olay Moisturizers Beauty Body Butter Body Skin Care"
0-241-143-2,5,3,4040,B001JQLNJ6,Olay 2-In-1 Advanced Ribbons Tone Brightening + Advanced Moisture Body Wash 18 Oz (Pack of 3) Olay Beauty Body Washes Bath & Body Cleansers
0-241-143-2,5,4,4041,B001JQLNJG,Olay Quench In-Shower Body Lotion 15.2 Oz (Pack of 2) Olay Beauty Body Washes Bath & Body Cleansers
10-255-70-79,5,0,73,B0000530LO,"Suave Naturals Shampoo, Daily Clarifying - 22.5oz. Suave Shampoos Beauty Hair Care"
10-255-70-79,5,1,74,B0000530LP,"Suave Shampoo, Daily Clarifying - 12oz. Suave Shampoos Beauty Hair Care"
10-255-70-79,5,2,2470,B000W30RP8,"Suave Naturals Gentle Cleansing Shampoo, Waterfall Mist, 12 oz Suave Shampoos Beauty Hair Care"
10-255-70-79,5,3,7259,B004HJI066,"Suave Professionals, shampoo, almond and shea butter, 28oz Suave Shampoos Beauty Hair Care"
10-255-70-79,5,4,10567,B00A0IWTDI,"Suave Suave Naturals Rainforest Fresh Shampoo, 22.5 Ounce Suave Shampoos Beauty Hair Care"
120-223-120-84,5,0,4359,B001QX2OIG,"Scunci Effortless Beauty Wide Stretch Basic Neon Headwraps Scunci With scunci effortless beauty hair accessories a woman should never have a bad hair day. scunci headwraps are a must have for sports or an active lifestyle. they give everyday dos an effortless fashion boost and highlight your features by keeping hair off the face. great when you're growing out bangs or layered styles. soft, stretchy and comfortable to wear headwraps stay in place. a fresh perspective on casual looks in neon colors plus black. Headbands Hair Care Beauty Styling Accessories Styling Tools"
120-223-120-84,5,1,4360,B001QX4O70,"Scunci Effortless Beauty Mixed No Damage Black Headwraps, 6-Count With scunci effortless beauty hair accessories a woman should never have a bad hair day. scunci no-damage headwraps are a must have for sports or an active lifestyle. they give everyday dos an effortless fashion boost and highlight your features by keeping hair off the face. great when you're growing out bangs or layered styles. soft, stretchy and comfortable to wear in a variety of sizes and styles. all in black. wear one or mix for chic, sleek style. as essential as the little black dress. Headbands Hair Care Beauty Styling Accessories Styling Tools"
120-223-120-84,5,2,4440,B001T8OEBI,"Scunci Effortless Beatuy Headbands, 1 Inch, 2-Count Scunci Fashion and function is mission possible with these scunci effortless beauty hairbands. your secret weapon on the war on boring hair, they keep your hair in its place on all life's adventures. accentuate a ponytail or bun for a polished profile. comfortable and stylish basic hairbands are as essential as the little black dress. mulitple mini teeth on the underside of the band prevent sliding. 2 pack with 1 brown shade for unobtrusive hold, 1 in basic black. Headbands Hair Care Beauty Styling Accessories Styling Tools"
120-223-120-84,5,3,5171,B002QA3130,"Scunci Effortless Beauty Wide Stretch Basic Neutral Headwraps, Colors may vary Scunci With scunci effortless beauty hair accessories a woman should never have a bad hair day. scunci headwraps are a must have for sports or an active lifestyle. they give everyday dos an effortless fashion boost and highlight your features by keeping hair off the face. great when you're growing out bangs or layered styles. soft, stretchy and comfortable to wear headwraps stay in place. soft neutral shades for a fresh natural look that complements any hair color. Headbands Hair Care Beauty Styling Accessories Styling Tools"
120-223-120-84,5,4,6765,B0045H31M8,"Scunci No-slip Grip Flat Jelly Basic Headwraps, 4-Count, Colors may vary Scunci With scunci no-slip grip hair accessories a woman should never have a bad hair day. scunci no-slip jelly headwraps are a must have for sports or an active lifestyle. they give everyday dos an effortless fashion boost and highlight your features by keeping hair off the face. great when you're growing out bangs or layered styles. soft, stretchy and comfortable to wear jelly no-slip grip headwraps absolutely stay in place. wear one or layer for glamor looks. Headbands Hair Care Beauty Styling Accessories Styling Tools"
211-147-119-229,5,0,57,B000052YQN,"POND'S Cold Cream Cleanser, 3.5 oz. Pond&#39;s Moisturizers Beauty Body Oils Skin Care"
211-147-119-229,5,1,2929,B0013YXQ58,"Pond's Dry Skin Cream , 6.5 Ounce Pond&#39;s Moisturizers Beauty Body Oils Skin Care"
211-147-119-229,5,2,3705,B001ECQ4R6,"POND'S Dry Skin Cream, 10.1-oz. (Pack of 3) Pond&#39;s Creams & Moisturizers Beauty Fluids & Lotions Lotions Face Skin Care"
211-147-119-229,5,3,3706,B001ECQ4RG,"POND'S Cold Cream Cleanser, 9.5-oz. Jars (Pack of 3) Pond&#39;s Beauty Cleansers Skin Care Face"
211-147-119-229,5,4,3709,B001ECQ4TY,"Pond's Deep Cleanser &amp; Make-Up Remover with Cucumber Extract, 10.1-Ounce Jars (Pack of 3) Pond&#39;s Beauty Cleansers Skin Care Face"
228-146-189-29,5,0,8571,B005TT8RPM,"Soft - 6ml (.2 oz) Perfume Oil by Al-Rehab (Crown Perfumes) Al-Rehab Product description by Sheriffsoncorp--Al-Rehab is one of Saudi Arabia's leading perfume manufacturer which creates fine traditional Arabian and oriental perfumes. The perfumes are made of precious natural essences (Oud, Rose of Taif, Incense, Musk, Sandalwood and rare spices). all perfume oils and solid perfumes are alcohol free. Fragrance Women's Beauty Eau de Parfum"
228-146-189-29,5,1,8572,B005TT8T46,"Nebras - 6ml (.2 oz) Perfume Oil by Al-Rehab (Crown Perfumes) Al-Rehab Description  by Al-Rashad Books: ""Nebras has a Fresh feminine fragrance with delicate Taif Rose and citrus note in the top, and a blend of jasmine, precious oudh, sandalwood and amber in its heart. It is the scent of a fresh morning breeze in a rose garden. Gentle, soft scent of fresh rose petals with accents of lemongrass mixed. Popular among women."" Al-Rehab is one of Saudi Arabia's leading perfume manufacturer which creates fine traditional Arabian and oriental perfumes. The perfumes are made of precious natural essences (Oud, Rose of Taif, Incense, Musk, Sandalwood and rare spices). Al-Rehab produces liquid perfumes, perfume oils (or attars, which is a traditional name of Arabian perfumes), solid perfumes and fragrances. You can choose a fragrance concentration you prefer: all perfume oils and solid perfumes are alcohol free. Fragrance Women's Beauty Essential Oils"
228-146-189-29,5,2,8573,B005TT8T4G,"Balkis - 6ml (.2 oz) Perfume Oil by Al-Rehab (Crown Perfumes) Al-Rehab Balkis has a oriental feminine fragrance enriched with vanilla. Used by both men and women. Al-Rehab is one of Saudi Arabia's leading perfume manufacturer which creates fine traditional Arabian and oriental perfumes. The perfumes are made of precious natural essences (Oud, Rose of Taif, Incense, Musk, Sandalwood and rare spices). Al-Rehab produces liquid perfumes, perfume oils (or attars, which is a traditional name of Arabian perfumes), solid perfumes and fragrances. You can choose a fragrance concentration you prefer: all perfume oils and solid perfumes are alcohol free. Fragrance Women's Beauty Essential Oils"
228-146-189-29,5,3,8575,B005TT8UJK,"Lovely - 6ml (.2 oz) Perfume Oil by Al-Rehab (Crown Perfumes) Al-Rehab Description  by Al-Rashad Books: ""Lovely has a Delicate sweet creamy citrus and floral notes with slight overlapping tones of musk. Popular among women."" Al-Rehab is one of Saudi Arabia's leading perfume manufacturer which creates fine traditional Arabian and oriental perfumes. The perfumes are made of precious natural essences (Oud, Rose of Taif, Incense, Musk, Sandalwood and rare spices). Al-Rehab produces liquid perfumes, perfume oils (or attars, which is a traditional name of Arabian perfumes), solid perfumes and fragrances. You can choose a fragrance concentration you prefer: all perfume oils and solid perfumes are alcohol free. Fragrance Women's Beauty Essential Oils"
228-146-189-29,5,4,8576,B005TT8VMG,"Africana - 6ml (.2 oz) Perfume Oil by Al-Rehab (Crown Perfumes) Al-Rehab Product description by Sheriffsoncorp--Al-Rehab is one of Saudi Arabia's leading perfume manufacturer which creates fine traditional Arabian and oriental perfumes. The perfumes are made of precious natural essences (Oud, Rose of Taif, Incense, Musk, Sandalwood and rare spices). all perfume oils and solid perfumes are alcohol free Fragrance Women's Beauty Essential Oils"
243-48-172-11,5,0,4888,B002F17ZXW,"Raw Unrefined Shea Butter Grade A From Ghana 3 Lbs The Top 10 Uses of Shea Butter

Moisturizer for dry skin

Eczema cream

Blemish cream

For softer smoother skin

For burns

Wrinkle reduction cream

Moisturizer for dry hair

Shaving cream

Anti-itch cream

Stretch mark prevention cream

 

The Shelf Life of Shea Butter

The shelf life of Shea butter is 18-24 months when kept in a cool dry place. After that time the healing properties of Shea butter are less effective but it is still a good moisturizer.

 

Application of the Shea Butter

Shea butter melts at body temperature. For easy application warm Shea butter onto palms until it is completely melted and smooth on. Shea Butter absorbs quickly, penetrates deeply and coats the skin with a fine film; thereby diminishing water loss and leaving the skin softened and protected.

The Amazing Properties of Shea Butter


Shea butter is the best natural product to protect, heal and improve skin. It is prized

because it contains a real cocktail of elements good for the skin. Among these, is first a

very high content of Essential Fatty Acids, more than in all other vegetable butter. These

fatty acids are oleic, stearic, linoleic and palmitic acid.



They play a very important moisturizing, softening, and anti-inflammatory role, and help

renew the cutaneous cells. Shea butter also contains vitamins A, D, E, and K that have a

recognized effect against skin aging. It is also rich in phytosterols with protecting and

regenerating virtues.


The manufacturing process has a great influence on the properties and efficiency of

Shea butter. If it is refined or processed, it loses its vitamins and part of its efficiency.

 The Organic Shea Butter Company brings you a handmade certified organic Shea butter

that is a guarantee of purity and higher quality. Moisturizers Beauty Body Butter Body Skin Care"
243-48-172-11,5,1,5835,B003A1W770,"African Ivory Shea Butter from Ghana - 32 Oz FILTERED &amp; CREAMY The Top 10 Uses of Shea Butter Moisturizer for dry skin Eczema cream Blemish cream For softer smoother skin For burns Wrinkle reduction cream Moisturizer for dry hair Shaving cream Anti-itch cream Stretch mark prevention cream The Shelf Life of Shea Butter The shelf life of Shea butter is 18-24 months when kept in a cool dry place. After that time the healing properties of Shea butter are less effective but it is still a good moisturizer. Application of the Shea Butter Shea butter melts at body temperature. For easy application warm Shea butter onto palms until it is completely melted and smooth on. Shea Butter absorbs quickly, penetrates deeply and coats the skin with a fine film; thereby diminishing water loss and leaving the skin softened and protected. The Amazing Properties of Shea Butter Shea butter is the best natural product to protect, heal and improve skin. It is prized because it contains a real cocktail of elements good for the skin. Among these, is first a very high content of Essential Fatty Acids, more than in all other vegetable butter. These fatty acids are oleic, stearic, linoleic and palmitic acid. They play a very important moisturizing, softening, and anti-inflammatory role, and help renew the cutaneous cells. Shea butter also contains vitamins A, D, E, and K that have a recognized effect against skin aging. It is also rich in phytosterols with protecting and regenerating virtues. The manufacturing process has a great influence on the properties and efficiency of Shea butter. If it is refined or processed, it loses its vitamins and part of its efficiency. The Organic Shea Butter Company brings you a handmade certified organic Shea butter that is a guarantee of purity and higher quality. Moisturizers Beauty Body Butter Body Skin Care"
243-48-172-11,5,2,5882,B003B1BWA2,"Raw Unrefined IVORY Shea Butter Grade A From Ghana 5 Lbs The Top 10 Uses of Shea Butter Moisturizer for dry skin Eczema cream Blemish cream For softer smoother skin For burns Wrinkle reduction cream Moisturizer for dry hair Shaving cream Anti-itch cream Stretch mark prevention cream The Shelf Life of Shea Butter The shelf life of Shea butter is 18-24 months when kept in a cool dry place. After that time the healing properties of Shea butter are less effective but it is still a good moisturizer. Application of the Shea Butter Shea butter melts at body temperature. For easy application warm Shea butter onto palms until it is completely melted and smooth on. Shea Butter absorbs quickly, penetrates deeply and coats the skin with a fine film; thereby diminishing water loss and leaving the skin softened and protected. The Amazing Properties of Shea Butter Shea butter is the best natural product to protect, heal and improve skin. It is prized because it contains a real cocktail of elements good for the skin. Among these, is first a very high content of Essential Fatty Acids, more than in all other vegetable butter. These fatty acids are oleic, stearic, linoleic and palmitic acid. They play a very important moisturizing, softening, and anti-inflammatory role, and help renew the cutaneous cells. Shea butter also contains vitamins A, D, E, and K that have a recognized effect against skin aging. It is also rich in phytosterols with protecting and regenerating virtues. The manufacturing process has a great influence on the properties and efficiency of Shea butter. If it is refined or processed, it loses its vitamins and part of its efficiency. The Body Butter Store brings you a handmade certified organic Shea butter that is a guarantee of purity and higher quality. Moisturizers Beauty Body Butter Body Skin Care"
243-48-172-11,5,3,6148,B003KDJ5KK,"32OZ. AFRICAN SHEA BUTTER FROM GHANA FILTERED &amp; CREAMY The Top 10 Uses of Shea Butter Moisturizer for dry skin Eczema cream Blemish cream For softer smoother skin For burns Wrinkle reduction cream Moisturizer for dry hair Shaving cream Anti-itch cream Stretch mark prevention cream The Shelf Life of Shea Butter The shelf life of Shea butter is 18-24 months when kept in a cool dry place. After that time the healing properties of Shea butter are less effective but it is still a good moisturizer. Application of the Shea Butter Shea butter melts at body temperature. For easy application warm Shea butter onto palms until it is completely melted and smooth on. Shea Butter absorbs quickly, penetrates deeply and coats the skin with a fine film; thereby diminishing water loss and leaving the skin softened and protected. The Amazing Properties of Shea Butter Shea butter is the best natural product to protect, heal and improve skin. It is prized because it contains a real cocktail of elements good for the skin. Among these, is first a very high content of Essential Fatty Acids, more than in all other vegetable butter. These fatty acids are oleic, stearic, linoleic and palmitic acid. They play a very important moisturizing, softening, and anti-inflammatory role, and help renew the cutaneous cells. Shea butter also contains vitamins A, D, E, and K that have a recognized effect against skin aging. It is also rich in phytosterols with protecting and regenerating virtues. The manufacturing process has a great influence on the properties and efficiency of Shea butter. If it is refined or processed, it loses its vitamins and part of its efficiency. The Organic Shea Butter Company brings you a handmade certified organic Shea butter that is a guarantee of purity and higher quality. Moisturizers Beauty Body Butter Body Skin Care"
243-48-172-11,5,4,6511,B003WOFAO2,"Raw Unrefined CREAMY FILTERED Shea Butter 16 Oz AND 1 Lb of Raw Black Soap The Top 10 Uses of Shea Butter Moisturizer for dry skin Eczema cream Blemish cream For softer smoother skin For burns Wrinkle reduction cream Moisturizer for dry hair Shaving cream Anti-itch cream Stretch mark prevention cream The Shelf Life of Shea Butter The shelf life of Shea butter is 18-24 months when kept in a cool dry place. Shea butter is a good moisturizer. Application of the Shea Butter Shea butter melts at body temperature. For easy application warm Shea butter onto palms until it is completely melted and smooth on. Shea Butter absorbs quickly, penetrates deeply and coats the skin with a fine film; thereby diminishing water loss and leaving the skin softened and protected. 

Some of the Benefits of black soap - Helps deep clean skin. - Works on most skin types including rough and dry or sensitive skin - Helps clear skin bumps and spots - Helps relieve acne, oily skin & other skin problems. - Great for removing makeup - Works against premature facial lines and wrinkles - Can be lathered and used as a shampoo. Usage of the Black African Soap Break off a bar-size piece from the bulk, then press it to shape with your hands, or use it as is. Rub the bar between your hands (or on a washcloth would also work), then rub your soapy hands on your skin and hair. (If you rub the bar on your hair, it will get hair stuck to the bar.) Black soap absorbs water easily, so keep it from sitting in water or it will dissolve away. How to Store the Black African Soap Pure traditional African black soap is a soft milled soap and has very high natural glycerin 
Ingredients: Traditional Black Soap contains mainly cocoa pod ashes, plantain skins ashes, and palm oil, processed together. Soaps Beauty Bath & Body Cleansers"
33-77-42-55,5,0,2178,B000S7ZTDI,"Maybelline New York Expert Wear Eyeshadow Singles, 30s Champagne Fizz Chic Naturals, 0.09 Ounce Maybelline Easy to use. Lots to choose. All day crease proof wear. Rich, velvety textures. Glides on effortlessly with superior smoothness. Velvet tip applicator blends without tugging or pulling. Safe for sensitive eyes and contact lens wearers, ophthalmologist tested. Sombra de ojos que dura todo el dia sin cuartearse. Makeup Eye Shadow Beauty Eyes"
33-77-42-55,5,1,2692,B0011292ZK,"Maybelline New York Expert Wear Eyeshadow Trios, 20 Crown Jewels, 0.13 Ounce Maybelline Easy to use. lots to choose. Just sweep the brush x3. Three coordinated shades with step by step application guide makes shadow easier than ever. All day crease proof wear. Glides on effortlessly with superior smoothness. Velvet tip applicator blends without tugging or pulling. Safe for sensitive eyes and contact lens wearers, ophthalmologist tested. 1 look sutil. 1+2 look de cada dia. 1+2+3 look clasico. Makeup Eye Shadow Beauty Eyes"
33-77-42-55,5,2,2907,B0013N895Q,"Maybelline New York Expert Wear Eyeshadow Singles, Night Sky 240s Stylish Smokes, 0.09 Ounce Maybelline Easy to use. Lots to choose. All day crease proof wear. Rich, velvety textures. Glides on effortlessly with superior smoothness. Velvet tip applicator blends without tugging or pulling.Safe for sensitive eyes and contact lens wearers, ophthalmologist tested. dura todo el dia sin cuartearse. Makeup Eye Shadow Beauty Eyes"
33-77-42-55,5,3,2910,B0013NBW5A,"Maybelline New York Expert Wear Eyeshadow Singles, Vanilla 10S, 0.09 Ounce Maybelline Easy to use. Lots to choose. All day crease proof wear. Glides on effortlessly with superior smoothness. Velvet tip applicator blends without tugging or pulling. Safe for sensitive eyes and contact lens wearers, ophthalmologist tested. Sombra de ojos que dura todo el dia sin cuartearse. Makeup Eye Shadow Beauty Eyes"
33-77-42-55,5,4,6842,B0046VJU2I,"Maybelline New York Expert Wear Eyeshadow Singles, 225S Made for Mocha Stylish Smokes, 0.09 Ounce Maybelline Easy to use. Lots to choose. All day crease proof wear. Rich, velvety textures. Glides on effortlessly with superior smoothness. Velvet tip applicator blends without tugging or pulling. Safe for sensitive eyes and contact lens wearers, ophthalmologist tested. Sombra de ojos que dura todo el dia sin cuartearse. Makeup Eye Shadow Beauty Eyes"
48-135-222-63,5,0,5907,B003BQ6QXK,"Fogless Shower Mirror with Squeegee by ToiletTree Products. Guaranteed Not to Fog, Designed Not to Fall. #1 Selling and Ranked by Amazon Customers. (Silver) ToiletTree Products Amazon's #1 Reviewed Fogless Shower MirrorLook your best by taking care of your face in your shower. This patented mirror is guaranteed not to fog in the shower. Other fogless shower mirrors just don't work. No more suction cups falling off the wall! Our removable silicone adhesive secures the mirror to all shower surfaces and will not damage tiles or shower walls! The mirror conveniently detaches from the bracket so you can easily fill the reservoir before each use. An included self-stored squeegee removes any excess water from the front of your mirror. An adjustable frame makes the mirror accommodating for multiple users and angles.To use: Simply slide the mirror off the bracket before each shower and fill with hot water. The hot water will keep the mirror the same temperature as the environment in your shower which makes it scientifically impossible for your mirror to ever fog. Filling the mirror each shower takes 5-7 seconds.Shatter proof high quality acrylic mirror that adheres to virtually any wall surface with removable silicone adhesive.Easily adjustable bracket accommodates multiple users and angles.Built in shelf to store your razor, sponge or tweezers.Squeegee included to wipe away excess water drops.Designed not to rust, discolor or damage bathroom surfaces.Measures 8.5in x 6.5in x 1.5in.If you are not satisfied with your purchase we offer a 100% 30-day money back guarantee. That's how confident we are that this will be the last fogless shower mirror you will ever have to buy. Mirrors Beauty Tools & Accessories Shower Mirrors"
48-135-222-63,5,1,6183,B003M6AS4C,"InterDesign Forma Brushed Stainless Steel Suction Fog Free Mirror with Razor Holder InterDesign Add a touch of elegance to your bathroom interiors with a multipurpose mirror stand that also serves as a shaving kit holder. The stylish Forma Mirror and Razor Holder blends with any shower or bathroom wall designs. This Forma line of mirror holder sports an immaculate shiny finish on its stainless steel body. This stainless steel body houses a high quality, fog-free mirror that is specially designed for use when shaving. You can even use this mirror holder in the shower area, or other grooming places where steam or humidity poses a problem. Its uniquely curved bar serves for hanging a washcloth, a razor, or even a toothbrush. Installing this bath accessory is a breeze using its 3 strong suction cups that instantly adhere to any nonporous surface. Mirrors Beauty Tools & Accessories Shower Mirrors"
48-135-222-63,5,2,8468,B005OSQGN8,"Deluxe LED Fogless Shower Mirror with Squeegee by ToiletTree Products. Guaranteed Not to Fog, Designed Not to Fall. 20% Larger Than Our #1 Selling Original Mirror. ToiletTree Products ""The Best Fogless Shower Mirror EVER! Just fill it with hot shower water and it's impossible for it to fog!""

ToiletTree Products now has a Deluxe Fogless Shower Mirror that is 20% larger than our original and the entire outside of the mirror is illuminated by LED lights. This patented shaving mirror is guaranteed not to fog in the shower.

To use: Simply slide the mirror off the bracket before each shower and fill with hot water. The hot water will keep the surface the same temperature as the environment in your shower which makes it scientifically impossible for your mirror to ever fog. It takes only 5-7 seconds.

No more suction cups falling off the wall! Our removable silicone adhesive secures the mirror to all shower surfaces and will not damage tiles or shower walls! It conveniently detaches from the bracket so you can easily fill the reservoir before each use. An included self-stored squeegee removes any excess water drops.

This lighted shower mirror is perfect for tweezing, removing makeup, applying facial masques and using our facial cleansing brush.  And it comes with a built-in shelf to store your razor, sponge or tweezers.

An easily adjustable bracket accommodates multiple users and angles.

This shatterproof mirror is made of high quality acrylic making it impact resistant, lighter and safer, while providing a brighter and sharper image.

Designed not to rust, discolor or damage bathroom surfaces.

Measures 9.5"" x 7.5"" x 1.5""

If you are not satisfied with your purchase we offer a 100% 30-day money back guarantee. That's how confident we are that this will be the last fog free shower mirror you will ever have to buy. Mirrors Beauty Tools & Accessories Shower Mirrors"
48-135-222-63,5,3,9767,B0083VCV1O,"The Shave Well Company Fog-Free Travel Mirror The Shave Well Company A close, comfortable shave requires a lot of moisture. What better place to get wet than in the shower...even when you are away from home! Simply by its unique design, The Shave Well Fog-Free Travel mirror will change the way you feel about shaving in the shower at the gym or on the road.Why a travel mirror?When you're away from home the last thing you want to do is be slowed down by shaving. Shaving in the shower is not only more comfortable, but because the warm hair relaxes your hair follicles, it actually makes shaving quicker and easier to perform.It sucks!Thanks to the former President's ""No Suction Cup Left Behind"" plan, the suction cup is easily removed from the wall when you're on the go.How is the Shave Well mirror truly fog free?The Shave Well Company shower shaving mirror is fog free simply by design! In the few seconds you hold it under the shower spray the temperature of the moist air and the mirror equalize to create a long lasting, truly fog free image for the duration of your shower. No more temperature difference - no more fog.As Goldilocks said...it's just right.The Shave Well Company fog free shower shave mirror measures 6"" tall, 4"" wide and is 1/8"" thick. Many (including the visually challenged among us) choose to hold the mirror while shaving. The Shave Well mirror fits well in your hand and provides a complete reflection of the entire face while shaving. The suction cup measures 1.78"" in diameter and will stick out from the wall roughly 0.5"". Mirrors Beauty Tools & Accessories Shower Mirrors"
48-135-222-63,5,4,10598,B00A3Q9LPG,"Zadro Z Fogless Water Mirror with LED Light Panel and Tri Accessory Holder, 6-Inch, Stainless Steel Zadro Looking our best requires reflecting the best. Get a brighter and clearer view with this 6"" Z Fogless Water Mirror with LED Light Panel & Tri Accessory Holder Stainless Steel from Zadro. These technologically advanced mirrors are fog resistant, making a mirror in the shower an absolute advantage to getting that clean shave because hot water opens pores making shaving smoother and faster. Zadro has been continually providing functional and award winning product designs for over 30 years. Zadro reflects the ever-changing lifestyles and needs of customers with a broad array of Personal Care Mirrors, Bath Accessories, Cosmetic Accessories and Health & Wellness Products!. Mirrors Beauty Tools & Accessories Shower Mirrors"
5-153-94-14,5,0,9615,B007TD761M,"Nail Art 3d 70 Pieces Mix Color Kitty/Bow /Rhinestone for Nails, Cellphones 3d nail art *** Nail Art 3d 70 Pieces Mix Color HKitty /Bow /Rhinestone for Nails, Cellphones ***Material : Resin ***Quantity : 70 Pieces Beauty Tools & Accessories Nail Art Equipment Nail Tools"
5-153-94-14,5,1,9619,B007TKL5UI,"Nail Art 3d 40 Pieces Mix Kitty Head Flower &amp; Bow for Nails, Cellphones 1.2cm 3d nail art ***Nail Art 3d 40 Pieces Mix HKH Head Flower & Bow  for Nails, Cellphones 1.2cm ***Material : Resin ***Quantity : 40 Pieces Beauty Tools & Accessories Nail Art Equipment Nail Tools"
5-153-94-14,5,2,9622,B007TL6JV2,"Nail Art 3d 55 Mix Pieces SKULL &amp; BOW/RHINESTONE for Nails, Cellphones 1.2cm 3d nail art *** Nail Art 3d 55 Pieces  Mix Skull & Bow/Rhinestones Nails, Cellphones 1.3cm*.9cm ***Material : Resin ***Quantity : 55 Pieces Beauty Tools & Accessories Nail Art Equipment Nail Tools"
5-153-94-14,5,3,9639,B007USPWS0,"Nail Art 3d 40 Piece White BOW TIE /RHINESTONE for Nails, Cellphones 1.1cm 3d nail art ***  Nail Art 3d 40 Piece White BOW TIE /RHINESTONE for Nails, Cellphones 1cm ***Material : Resin ***Quantity : 40 Pieces Makeup Nails Beauty Nail Art"
5-153-94-14,5,4,10007,B008H3YYA4,10pcs Pink 3D Alloy Rhinestones Nail/Phone Art Bow Tie DIY Decoration BTArtbox package :10*pink butterfly knot nail art decorations Makeup Nails Beauty Nail Art
75-133-60-88,5,0,548,B0002Z8NJS,"Essie Nail Lacquer, Blanc, 0.5 Fluid Ounce Essie Essie nail lacquer goes on smooth and last long Snowy white shade Chip-resistant DBP, Toluene and Formaldehyde free. Makeup Nails Beauty Nail Polish"
75-133-60-88,5,1,4969,B002IS6S62,"Essie Nail Lacquer, Midnight Cami, 0.5 Fluid Ounce Essie Essie nail lacquer goes on smooth and last long Deep blue shade Chip-resistant DBP, Toluene and Formaldehyde free. Makeup Nails Beauty Nail Polish"
75-133-60-88,5,2,5314,B002UEF3OM,"Essie Nail Lacquer, Mint Candy Apple, 0.5 Fluid Ounce Essie Essie nail lacquer goes on smooth and last long Cr&#xE8;me de mint shade Chip-resistant DBP, Toluene and Formaldehyde free. Makeup Nails Beauty Nail Polish"
75-133-60-88,5,3,5648,B0034ZHMRW,"Essie Nail Lacquer, Van D'go, 0.5 Fluid Ounce Essie Essie nail lacquer goes on smooth and last long Peachy shade Chip-resistant DBP, Toluene and Formaldehyde free. Makeup Nails Beauty Nail Polish"
75-133-60-88,5,4,5984,B003F25CNK,"Essie Nail Lacquer, Mint Candy Apple, 0.5 Fluid Ounce Essie Essie nail lacquer goes on smooth and last long Cr&#xE8;me de mint shade Chip-resistant DBP, Toluene and Formaldehyde free. Makeup Nails Beauty Nail Polish"
0-186-14-187,4,0,2131,B000R961M0,"Dove go fresh Cool Moisture Beauty Bar, 14 Count Dove Soaps Beauty Bath & Body Cleansers"
0-186-14-187,4,1,4877,B002DUOOXO,"Dove Beauty Bars Soap for Women, Pink/Rosa, 6 Count Dove Dove&#xAE; Pink Beauty Bars.Dermatologist #1 choice.Rosa.Beauty bar for deep moisture.1/4 moisturizing cream. Soaps Beauty Bath & Body Cleansers"
0-186-14-187,4,2,8299,B005HO0A1I,"Dove Bar Soap, White, 16 Count Dove Soaps Beauty Bath & Body Cleansers"
0-186-14-187,4,3,10710,B00AE07IEM,"Dove Bar Soap, Rebalance, 8 Count Dove Soaps Beauty Bath & Body Cleansers"
10-114-173-215,4,0,8975,B006L6A06Q,"Toni&amp;Guy Cleanse Shampoo for Damaged Hair, 8.5 Fluid Ounce Toni &amp; Guy Shampoos Beauty Hair Care"
10-114-173-215,4,1,8976,B006L6A10G,"Toni&amp;Guy Nourish Conditioner for Damaged Hair, 8.5 Fluid Ounce Toni &amp; Guy Beauty Hair Care Conditioners"
10-114-173-215,4,2,8978,B006L6AA8Y,"Toni&amp;Guy Prep Leave in Conditioner, 3.38 Fluid Ounce Toni &amp; Guy Beauty Hair Care Conditioners"
10-114-173-215,4,3,11698,B00GJ7WV8M,"Toni&amp;Guy Classic Smoothing Lotion, 3.56 Fluid Ounce Toni &amp; Guy Beauty Styling Products Hair Care Creams, Gels & Lotions"
10-236-5-30,4,0,9113,B006TURZA8,"NEXXUS Headress Luscious Volume LeaveIn Conditioner, 8.5 Fluid Ounce Nexxus Beauty Hair Care Conditioners"
10-236-5-30,4,1,10773,B00ALV8EJW,"Nexxus Hydralight Weightless Moisture Conditioner, 13.5 Ounce Nexxus Beauty Hair Care Conditioners"
10-236-5-30,4,2,10774,B00ALV8EKQ,"Nexxus Hydralight Weightless Moisture Leave-In Conditioning Foam, 5.5 Ounce Nexxus Beauty Hair Care Conditioners"
10-236-5-30,4,3,10775,B00ALV8EL0,"Nexxus Hydralight Weightless Moisture Shampoo, 13.5 Ounce Nexxus Shampoos Beauty Hair Care"
10-247-73-75,4,0,5506,B0030GFXMQ,"Fekkai Glossing Cream Hair Products 4 Oz Fekkai Beauty Styling Products Hair Care Creams, Gels & Lotions"
10-247-73-75,4,1,5509,B0030GFXOY,Fekkai Sheer Hold Hair Spray Hair Products 5.8 Oz Fekkai Beauty Styling Products Hair Sprays Hair Care
10-247-73-75,4,2,7391,B004L5FXIE,Fekkai Glossing Cream Hair Products 2 Oz Fekkai Shampoos Beauty Hair Care
10-247-73-75,4,3,11726,B00GMWMMOC,Fekkai Full Blown Volume Aerosol Styling Whip 6oz Fekkai Beauty Styling Tools Hair Care
10-49-70-4,4,0,3877,B001FSK8QM,"Axe Primed Just Clean Shampoo, 12-Ounce Bottle (Pack of 3) Axe Shampoos Beauty Hair Care"
10-49-70-4,4,1,10692,B00AE07B9O,"Axe 2 in 1 Shampoo Plus Conditioner Apollo, 12 Ounce AXE Shampoos Beauty Hair Care"
10-49-70-4,4,2,10693,B00AE07BC6,"Axe 3 in 1 Shampoo Plus Conditioner Plus Bodywash Total Fresh, 12 Ounce AXE Shampoos Beauty Hair Care"
10-49-70-4,4,3,11782,B00GTC1KZ2,"Axe Shampoo, Peace, 12 Ounce AXE Shampoos Beauty Hair Care"
102-95-136-208,4,0,9973,B008DZF58Q,"Harmony Gelish Sizzling Summer Nights Collection - Big City Siren .5 oz. Harmony 1. Sanitize, prep, and push back cuticles. Then wipe with Hand and Nail Harmony Cleanser using a lint-free wipe. Apply Hand & Nail Harmony PH Bond. 2. Apply Gelish Foundation Gel in a thin application and seal the edge of the nail. 3. Place hand in the LED light for 10 seconds or 1 minute in a UV light. 4. Lightly remove residue from the nail with a clean gel brush. 5. Apply Gelish color of choice in a thin application from cuticle to free edge. Be sure to seal the edges of the nail. 6. Place hand in LED light for 30 seconds or 2 minutes in a UV lamp. For darker coverage repeat steps 5 and 6. 7. Apply Gelish Top It Off Top Coat Sealer from cuticle to free edge using a light application. 8. Place hand in the LED light for 30 seconds or 2 minutes in a UV light. 9. Wipe off the Tacky layer with Hand & Nail Harmony Cleanser. Cure Time: - FOUNDATION GEL 10 SECONDS 1 MINUTE - STRUCTURE GEL 30 SECONDS 2 MINUTES - TOP IT OFF GEL 20-30 SECONDS 2 MINUTES - COLORS 20-30 SECONDS 2 MINUTES Makeup Nails Beauty Nail Polish"
102-95-136-208,4,1,9974,B008DZG02Q,"Harmony Gelish Sizzling Summer Nights Collection - Showstopping .5 oz. Harmony 1. Sanitize, prep, and push back cuticles. Then wipe with Hand and Nail Harmony Cleanser using a lint-free wipe. Apply Hand & Nail Harmony PH Bond. 2. Apply Gelish Foundation Gel in a thin application and seal the edge of the nail. 3. Place hand in the LED light for 10 seconds or 1 minute in a UV light. 4. Lightly remove residue from the nail with a clean gel brush. 5. Apply Gelish color of choice in a thin application from cuticle to free edge. Be sure to seal the edges of the nail. 6. Place hand in LED light for 30 seconds or 2 minutes in a UV lamp. For darker coverage repeat steps 5 and 6. 7. Apply Gelish Top It Off Top Coat Sealer from cuticle to free edge using a light application. 8. Place hand in the LED light for 30 seconds or 2 minutes in a UV light. 9. Wipe off the Tacky layer with Hand & Nail Harmony Cleanser. Cure Time: - FOUNDATION GEL 10 SECONDS 1 MINUTE - STRUCTURE GEL 30 SECONDS 2 MINUTES - TOP IT OFF GEL 20-30 SECONDS 2 MINUTES - COLORS 20-30 SECONDS 2 MINUTES Makeup Nails Beauty Nail Polish"
102-95-136-208,4,2,10226,B008Y9J17C,"Gelish - House of Gelish Collection - Cocktail Party Drama #01438 Nail Harmony 1. Sanitize, prep, and push back cuticles. Then wipe with Hand and Nail Harmony Cleanser using a lint-free wipe. Apply Hand & Nail Harmony PH Bond. 2. Apply Gelish Foundation Gel in a thin application and seal the edge of the nail. 3. Place hand in the LED light for 10 seconds or 1 minute in a UV light. 4. Lightly remove residue from the nail with a clean gel brush. 5. Apply Gelish color of choice in a thin application from cuticle to free edge. Be sure to seal the edges of the nail. 6. Place hand in LED light for 30 seconds or 2 minutes in a UV lamp. For darker coverage repeat steps 5 and 6. 7. Apply Gelish Top It Off Top Coat Sealer from cuticle to free edge using a light application. 8. Place hand in the LED light for 30 seconds or 2 minutes in a UV light. 9. Wipe off the Tacky layer with Hand & Nail Harmony Cleanser. Cure Time: - FOUNDATION GEL 10 SECONDS 1 MINUTE - STRUCTURE GEL 30 SECONDS 2 MINUTES - TOP IT OFF GEL 20-30 SECONDS 2 MINUTES - COLORS 20-30 SECONDS 2 MINUTES Makeup Nails Beauty Nail Polish"
102-95-136-208,4,3,11472,B00DZBWU04,"Harmony Gelish Sizzling Summer Nights Collection - Sunrise and the City .5 oz. Harmony 1. Sanitize, prep, and push back cuticles. Then wipe with Hand and Nail Harmony Cleanser using a lint-free wipe. Apply Hand & Nail Harmony PH Bond. 2. Apply Gelish Foundation Gel in a thin application and seal the edge of the nail. 3. Place hand in the LED light for 10 seconds or 1 minute in a UV light. 4. Lightly remove residue from the nail with a clean gel brush. 5. Apply Gelish color of choice in a thin application from cuticle to free edge. Be sure to seal the edges of the nail. 6. Place hand in LED light for 30 seconds or 2 minutes in a UV lamp. For darker coverage repeat steps 5 and 6. 7. Apply Gelish Top It Off Top Coat Sealer from cuticle to free edge using a light application. 8. Place hand in the LED light for 30 seconds or 2 minutes in a UV light. 9. Wipe off the Tacky layer with Hand & Nail Harmony Cleanser. Cure Time: - FOUNDATION GEL 10 SECONDS 1 MINUTE - STRUCTURE GEL 30 SECONDS 2 MINUTES - TOP IT OFF GEL 20-30 SECONDS 2 MINUTES - COLORS 20-30 SECONDS 2 MINUTES Makeup Nails Beauty Nail Polish"
117-234-246-184,4,0,7941,B0051SDC2Y,"Emori (TM) All About Nail 50 Piece Color Nail Lacquer (Nail Art Brush Style) Combo Set + 3 Sets of Scented Nail Polish Remover - Magical The perfect nail set for all your artistic need. This Nail Art polish set contains 50 colors each presents long wearing and chip-resistant nail lacquers. 

Colors include 1, Blue Glitter 2, Copper Glitter 3, Bronx Glitter 4, Armageddon 5, Crush Shell 6, Purple Glitter 7, Mermaid Tail 8, Cosmos 9, Pink Glitter 10, Silver Glitter, 11, Silver Glitz 12, Red Glitter 13, English Breakfast 14, Luscious Lilac 15, Lavender  16, Lover 17, Lock Down 18, Baby Blue 19, Bunny 20, Neon Yellow 21, Neon Fushia 22, Neon Purple 23, Evergreen 24, White 25, Funky Pink 26, Neon Orange 27, Retro Denim 28, Blue 29, Green 30, Sky Blue 31, Red 32, Love Plum 33, Socialite  34, Pink Lady 35, Barbie 36, Toyland 37, Black 38, Yellow 39, Sweet Sonnet 40, Copper 41, Silver 42, Mirror 43, Dream Girl 44, Cobalt 45, Atlantic 46, Brown 47, Subtle Flirt 48, Neon Green 49, Elegant 50, Vampire. Each bottle is 8ml/0.28 oz. 


Also comes with 3 Scented nail polish remover pads. Makeup Nails Beauty Nail Polish"
117-234-246-184,4,1,8280,B005H955YK,"Matte Style 16 Piece Color Nail Lacquer Combo Set + 6 Sets of Fruit Scented Nail Polish Remover The 16 color nail set presents long wearing and chip-resistant nail lacquers, with Special matte LOOK on the finish.  Colors include 1, Matte Lady 2, Matte Violet 3, Matte Evergeen 4, Matte Black 5, Matte Pearl 6, Matte Charcoal 7, Matte Holiday 8, Matte Scarlet 9, Matte Disco 10, Matte Tan 11, Matte Pink 12, Matte Blue 13, Matte Orange 14, Matte Yellow 15, Matte Green 16, Matte Red 17, Matte Brown 18, Matte Siver   Also Include 3 set of Scented Nail Polish Removers Makeup Nails Beauty Nail Polish"
117-234-246-184,4,2,10575,B00A11RCGI,"Emori (TM) 32 Piece Vibrant Color Nail Lacquer (Glitter, Metallic, Neon, Nail Polish) Combo Set + 3 Sets of Scented Nail Polish Remover - Xtreme The perfect nail set for all your unique Look. This Nail Art polish set contains 32 colors each presents long wearing and chip-resistant nail lacquers. 

Colors include 1, Brown 2, Lavendar 3, Pacific 4, Neon Purple 5, Neon Blue 6, Blue 7, Neon Yellow 8, Green 9, red 10, Pink Lady 11, Yellow 12, Orange 13, Baby blue 14, EverGreen 15, Metallic Gold, 16, Metallic Blue 17, Silver 18, Gold Glitz 19, Silver Glitter 20, Thunder 21, Blue Glitter 22, Purple Cosmos 23, Red Glitter 24, White 25, Black 26, Ruby 27, Dream Girl 28, Blue 29, Midnight Queen 30, Soft Bright 31, Pink 32, Wild Rose. Each bottle is 8ml/0.28 oz. 


Also comes with 3 Scented nail polish remover pads. Makeup Nails Beauty Nail Polish"
117-234-246-184,4,3,11349,B00CY3BZGO,"12 Color Glow In The Dark Nail Lacquer Nail Polish Combo Set + Scented Nail Polish Remover The perfect nail set for all your unique Look. This Nail Art polish set contains 12 colors each presents long wearing and chip-resistant nail lacquers. 

Colors include 1, Grape Light 2, Green Light 3, Lime Light 4, Purple Light 5, Blue Light 6, Boogie Light 7, Natural Light 8, Scarlet Light 9, Orange Light 10, Peach Light 11,Taquila Light 12, Halloween Light.

Also comes with 1 Scented nail polish remover pad.

Direction: 
Step 1, Apply Glow in the dark nail polish, wait for the color to dry. 
Step 2, Expose the applied nail underneath light or sun light for around 10-20 seconds to activate the glow.
Repeat step 2 when the glow diminish or when needed. Makeup Nails Beauty Nail Polish"
199-27-73-135,4,0,983,B000BRPMJG,"Sebamed moisturizing lotion, for sensitive skin, 6.8-Fluid Ounce Sebamed All Sebamed products are ""soap free"" and suitable for individuals even with the most sensitive skin.  Sebamed is recommended by dermatologists in over 85 countries and is supported by over 150 clinical studies Creams & Moisturizers Beauty Fluids & Lotions Lotions Face Skin Care"
199-27-73-135,4,1,984,B000BRSHXE,"Sebamed Moisturing Cream, Sensitive Skin, 2.6-Ounce Sebamed All Sebamed products are ""soap free"" and suitable for individuals even with the most sensitive skin.  Sebamed is recommended by dermatologists in over 85 countries and is supported by over 150 clinical studies. Apply to face and neck after cleansing. Creams & Moisturizers Beauty Fluids & Lotions Lotions Face Skin Care"
199-27-73-135,4,2,5752,B00381A7OC,"Sebamed Soap-free Cleansing Bar For Sensitive Skin, 3.5-Ounce Boxes (Pack of 4) Sebamed All Sebamed products are ""soap free"" and suitable for individuals even with the most sensitive skin.  Sebamed is recommended by dermatologists in over 85 countries and is supported by over 150 clinical studies Soaps Beauty Bath & Body Cleansers"
199-27-73-135,4,3,5753,B00381A7OW,"Sebamed Face and Body Wash, 33.8-Fluid Ounces Bottle Sebamed All Sebamed products are ""soap free"" and suitable for individuals even with the most sensitive skin.  Sebamed is recommended by dermatologists in over 85 countries and is supported by over 150 clinical studies Beauty Body Washes Bath & Body Cleansers"
222-15-114-166,4,0,640,B0006Q3NTS,WEN by Chaz Dean Fig Cleansing Conditioner 16 oz WEN&reg; by Chaz Dean WEN BY CHAZ DEAN by Chaz Dean WEN CLEANSING CONDITIONER FIG 16 OZ Beauty Hair Care Conditioners
222-15-114-166,4,1,6664,B0041P9J8Y,WEN Fig Cleansing Conditioner 6 Oz. WEN&reg; by Chaz Dean WEN Fig Cleansing Conditioner 6 Oz. Beauty Hair Care Conditioners
222-15-114-166,4,2,6665,B0041PFUV4,WEN Tea Tree Cleansing Conditioner 6 Oz. WEN&reg; by Chaz Dean WEN Tea Tree Cleansing Conditioner 6 Oz. Beauty Hair Care Conditioners
222-15-114-166,4,3,8394,B005KSZKTI,Wen Ginger Pumpkin Cleansing Conditioner By Chaz Dean 16 Oz WEN&reg; by Chaz Dean Beauty Hair Care Conditioners
231-135-78-153,4,0,10803,B00ANTDQL8,"Shipwreck Nail Polish - Custom Blended Blue Green Glitter Nail Lacquer by KBShimmer Ships lost at sea, churning waters, mythical creatures, and lost treasures, inspired this polish. I started with a base of a deep blue green color. Then, added several sized of hex glitters in teals, blues, greens, and purple. I can almost see these colors being on a beautiful mermaid. A hint of gold, and a pop of copper sparkle like hidden treasure and add depth to this polish.   For best application, shake polish before use to distribute glitters and get polish moving. This base seems thicker until shaken, and then it thins to the perfect consistency. A  We find that due to the thickness of the glitters, polish feels and looks best with a coat or two of quality top coat. Polish can feel rough if left without.   Nail pictures are shown with two or three coats and a coat of fast dry top coat. This listing is for a standard full-sized 15ml / .5oz bottle. A  Two stainless steel balls are included in every polish bottle. Makeup Nails Beauty Nail Polish"
231-135-78-153,4,1,10805,B00ANTYSY2,"Candy Cane Crush - Scented Holiday Polish by KBShimmer SCENTED!! This top coat is loaded with red and white hex glitters in many different sizes. This polish is scented with vanilla peppermint, for a classic sweet mint scent. Softly scented, this polish will not replace your perfume, but even when dry will leave a subtle scent. Layer over pink for a romantic Valentine's Day polish, or over blue for a rocking mani for the 4th. Please note, the vanilla scent adds slight tan tint to the base that may be noticeable when swatched over white. The tint does lighten as it dries.  This polish does look best in one layer, and due to the heavy glitter load, might appear thick.  This polish does have larger glitter in it that can be tricky to get out.  Shake, or roll polish well before use, pull brush straight up without touching the side, and if needed, put larger glitters on the rim of the bottle to position where you want them.  This polish is about 2/3 white glitter and 1/3 red glitter, you may not get large red glitters on every nail.  This listing is for a standard full-sized 15ml / .5oz bottle. Two stainless steel balls are included in every polish bottle. Makeup Nails Beauty Nail Polish"
231-135-78-153,4,2,11692,B00GHNOQ54,"Rollin' With The Chromies Linear Holographic Nail Polish- 0.5 oz Full Sized Bottle Similar in shift to Shade Shifter, this multi-chrome also has a linear holo! This polish changes from cyan, to blue, to red orange, to burgundy, and more.  I most often see a cyan blue shade. Best in 3 coats, or 1 coat over black, this polish is one you will have to see to believe!

Type: Multi-Chrome w/Linear Holo
 Glitter Load: None
 Glitter Size: None
 Recommended Coats: Best in 3 coats, or 1 coat over black, this polish is one you will have to see to believe!
 Notes:  None Makeup Nails Beauty Nail Polish"
231-135-78-153,4,3,11723,B00GMMJKUQ,"Snow Much Fun Nail Polish- 0.5 oz Full Sized Bottle Snow Much Fun  - Victoria from The Manicurator

Victoria wanted a polish that represented the first snow, and what better way than with snowflake glitter!  This light blue jelly sparkles with light blue holo glitter, white glitters in several sizes and finishes, a sprinkling of micro holographic glitter, and of course, white snowflake glitter. Best in 3 coats or 2 coats over I'd Rather Be With Blue.  Please note, the snowflakes are large and a heavier glitter, and though I added a large amount, there might be some fishing required to get multiple flakes on each nail.

Type: Jelly
 Glitter Load: Medium
 Glitter Size: Small to Extra Large
 Recommended Coats: 3 Coats
Notes:  Please note, the snowflakes are large and a heavier glitter, and though I added a large amount, there might be some fishing required to get multiple flakes on each nail as they like to hang toward the bottom of the bottle.  Give bottle a quick shake, then turn upside down for 5 -10 minutes before applying.  That will help the snowflakes move toward the top of the bottle. Makeup Nails Beauty Nail Polish"
231-138-78-155,4,0,6084,B003I8FQ6O,Nubar Sparkles Collection - Night Sparkle (G182) Nubar G182 Night Sparkle is a deep blue glitter in a deep blue tinted base Makeup Nails Beauty Nail Polish
231-138-78-155,4,1,6085,B003I8HJ96,"Nubar Sparkles Collection - Fire Sparkle (G181) Nubar G181 Fire Sparkle is a bright, fire red glitter in a red tinted base Makeup Nails Beauty Nail Polish"
231-138-78-155,4,2,6728,B0043SIQNI,Nubar Sparkles Collection Sky Sparkle G183 Nubar G183 Sky Sparkle is a light bright blue glitter in a clear base Makeup Nails Beauty Nail Polish
231-138-78-155,4,3,6729,B0043SM4CM,Nubar Sparkles Collection - Star Sparkles (G180) Nubar G180 Star Sparkle is silver and holographic glitter in a clear base Makeup Nails Beauty Nail Polish
231-171-157-209,4,0,9291,B00762WE86,Harmony Gelish Magneto - Polar Attraction w/ Matching Magnet Lacquer Harmony health and beauty products Makeup Nails Beauty Nail Polish
231-171-157-209,4,1,9292,B00762X7QO,Harmony Gelish Magneto - Inseparable Forces w/ Matching Magnetic Lacquer Harmony health and beauty products Makeup Nails Beauty Nail Polish
231-171-157-209,4,2,9293,B00762XOA8,Harmony Gelish Magneto - Electric Metal Lover w/ Matching Magnetic Lacquer Gelish health and beauty products Makeup Nails Beauty Nail Polish
231-171-157-209,4,3,9294,B00762XYKI,Harmony Gelish Magneto - Drawn Together w/ Matching Magnet Lacquer Kit Harmony health and beauty products Makeup Nails Beauty Nail Polish
234-196-207-125,4,0,5660,B0035LCUVS,"Lysol Healthy Touch No-Touch Hand Soap System,Soothing Cucumber Splash,1 kit (251 ml) Lysol Soaps Beauty Bath & Body Cleansers"
234-196-207-125,4,1,7566,B004QX68SK,"Lysol Healthy Touch Hand Soap, Starter Kit Stainless, Aloe, 8.50-Ounce Lysol Hands & Nails Beauty Skin Care Hand Soaps"
234-196-207-125,4,2,8657,B005YVI3UO,"Lysol No-Touch Kitchen System Dish Soap Dispenser Starter Kit, Tangerine, 8.5 Ounce Lysol Soaps Beauty Bath & Body Cleansers"
234-196-207-125,4,3,8936,B006IOYZ4E,"Lysol No-Touch Kitchen System Dish Soap, Sparkling Tangerine, 2 Refills, 8.5 Ounce Soaps Beauty Bath & Body Cleansers"
238-19-34-224,4,0,3561,B001D1648M,"DevaCurl One Condition (32 oz) DevaCurl DevaCurl One Condition Ultra Creamy Instant Conditioner - Keep curls shiny and manageable with this ultra-creamy super rich conditioner. DevaCurl One Condition restores, hydrates, neutralizes odor and eliminates product residue. Scented with Lemon Grass. For all hair types. (32 oz) Curl Enhancers Beauty Styling Products Hair Care"
238-19-34-224,4,1,4310,B001PHDT4Q,"DevaCurl B'Leave-In curl Boost and Volumizer 6 oz DevaCurl Infused with specially selected botanicals and enriching proteins. B'Leave-In delivers added moisture, vitality and brilliance to your precious locks. Ideal for all hair types, B'Leave-In maintains luster, silkiness and manageability. Beauty Styling Products Hair Care Creams, Gels & Lotions"
238-19-34-224,4,2,5954,B003E0Z3JQ,"Deva Curl Light Defining Gel (Formerly Angel) 32oz DevaCurl A lightweight, moisturizing curl defining gel for maximum frizz prevention that holds without feeling stiff or sticky. Curl Enhancers Beauty Styling Products Hair Care"
238-19-34-224,4,3,11038,B00BAK7JTE,"DevaCurl Get Started Curl Essentials Kit The DevaCurl Get Started Curl Essentials Kit is all curls need to easily achieve perfect hydration, conditioning and curl definition, whether curl type is s'wavy, wavy, botticelli or corkscrew. Save 41%! Curl Enhancers Beauty Styling Products Hair Care"
238-19-68-224,4,0,1770,B000NE6PCA,"Deva B'Leave In Curl Boost and Volumizer, 16 Ounce DevaCurl A botanically enriched. Curl volumizer that enhances fullness and strength. Ideal for fine, delicate curls. 100% sulfate, paraben and silicone free. Beauty Styling Products Hair Care Creams, Gels & Lotions"
238-19-68-224,4,1,2083,B000QE6U54,Deva Curl Set it Free 6 oz. DevaCurl Put an end to frizz with this 24-48 hour moisture lock. Adds shine and defines curls with a long lasting hold. Scented with zesty lemon-lime. Not tested on animals. Made in USA. Curl Enhancers Beauty Styling Products Hair Care
238-19-68-224,4,2,2242,B000TKH6FI,"Deva Care Arc Angel Firm Hold Defining Gel, 32-Ounce Bottle DevaCurl To have and to hold. Pure Heaven! - De-frizz your halo with this vitamin-C enriched, extra hold moisturizing defining gel. Dissolves instantly when applied to wet hair, yet holds to form curls without feeling sticky or stiff. Not tested on animals. Made in USA. Beauty Styling Products Hair Care Creams, Gels & Lotions"
238-19-68-224,4,3,8547,B005T4CNIO,"DevaCurl Frizz-Free Volumizing Foam 7.5 oz DevaCurl Alcohol free, humidity resistant conditioning foam for volume. Curl retention and shine Provides long lasting incredible soft, frizz-free curls For Curly hair Mousses & Foams Beauty Styling Products Hair Care"
241-165-182-77,4,0,8374,B005K49Y4Y,"Cool2day Ladies' Stunning Long Wave Wig+wig Cap (Dark Brown) (Model: Jf010039) cool2day *** Please kindly note it's not  REAL PERSON HAIR , the model wearing WIG is just for show ***Feature:*Excellent Quality straight 100%  Japanese Kanekalon (high quality one) made fiber wig*You will be amazed by the quality. Wearing it, it can bring you more confidence, and more charm!*It is both natural looking and soft touch. You can wear it to parties as well as for daily use.*The size is adjustable and no pins or tape should be required. It should be fit on most people. All you should need to do is adjust the hooks inside the cap to the correct size to suit your head.*The item is Easy to  wash and care just using a little mild shampoo in cold water.*This wig features a high-quality ""skin top"", which gives the wig a look of naturalness and reality.Specifications:*Hair material: 100% Japanese Kanekalon (high quality one) made fiber.*Top Material and design: Adjustable Monofilament Net.*Color: Dark Brown*length:Front To Back; 8 ""Nape: 31""*Weight: 0.4kg*Style: Wave* AAA High quality*Hair type: We GUARANTEE that the hair we sell is 100% kanekalon fiber.Package included:*1x  Stunning Long Ladies' Dark Brown wave curly Wig Hair Extensions & Wigs Hair Care Beauty Styling Products Wigs"
241-165-182-77,4,1,9064,B006QFKDRI,"Cute Straight Natural Black Synthetic Wig (Model: Jf010249) cool2day ***Please kindly note it's not  REAL PERSON HAIR , the model wearing WIG is just for show***Feature:*Excellent Quality straight 100% Korean Kanekalon (high quality one-) made fiber wig*You will be amazed by the quality. Wearing it, it can bring you more confidence, and more charm!It is both natural looking and soft touch. You can wear it to parties as well as for daily use.*The size is adjustable and no pins or tape should be required. It should be fit on most people. All you should need to do is adjust the hooks inside the cap to the correct size to suit your head.*The item is Easy to  wash and care just using a little mild shampoo in cold water.*This wig features a high-quality ""skin top"", which gives the wig a look of naturalness and reality.Specifications:*Hair material: 100% Japanese Kanekalon (high quality one) made fiber.*Top Material and design: Adjustable Monofilament Net.*Color:BLACK*length: appr 25""*Shipping Weight: 0.18kg*Texture: straight*AAA High quality*Hair type: We GUARANTEE that the hair we sell is 100% kanekalon fiber.Package Included :*1 X Pretty women's wave curly full wig/wigs Hair Extensions & Wigs Hair Care Beauty Styling Products Wigs"
241-165-182-77,4,2,9652,B007V8VFEE,"BOB Stylish Mix Short Stright Wig (Model: Jf010332) (Dark Brown) Please kindly note it's not REAL PERSON HAIR , the model wearing WIG is just for showFeature:1.Excellent Quality straight 100% Japanese Kanekalon (high quality one) made fiber wig2.You will be amazed by the quality. Wearing it, it can bring you more confidence, and more charm!3.It is both natural looking and soft touch. You can wear it to parties as well as for daily use.4.The size is adjustable and no pins or tape should be required. It should be fit on most people.5.All you should need to do is adjust the hooks inside the cap to the correct size to suit your head.6.The item is Easy to wash and care just using a little mild shampoo in cold waterSpecifications:Hair material: 100% Japanese Kanekalon (high quality one) made fiber.Top Material and design: Adjustable Monofilament Net.Color:As the pictureLength:appr 13''Weight: 0.18kgStyle:StrightAAA High qualityHair type: We GUARANTEE that the hair we sell is 100% kanekalon fiber.Package included:1x Beautiful wig fashion long Wave wigsNote:The display pictures shown online were taken by our professional man using our own model.There would be slight difference on the model shape or colors from different person ,please contact us if it does not look like the picture Hair Extensions & Wigs Hair Care Beauty Styling Products Wigs"
241-165-182-77,4,3,9668,B007WNXLMM,"Cute Style Long Wavy Wig (Model: Jf010331) (Wine Red) cool2day Please kindly note it's not REAL PERSON HAIR , the model wearing WIG is just for showFeature:1.Excellent Quality straight 100% Japanese Kanekalon (high quality one) made fiber wig2.You will be amazed by the quality. Wearing it, it can bring you more confidence, and more charm!3.It is both natural looking and soft touch. You can wear it to parties as well as for daily use.4.The size is adjustable and no pins or tape should be required. It should be fit on most people.5.All you should need to do is adjust the hooks inside the cap to the correct size to suit your head.6.The item is Easy to wash and care just using a little mild shampoo in cold water.Specifications:Hair material: 100% Japanese Kanekalon (high quality one) made fiber.Top Material and design: Adjustable Monofilament Net.Color:Wine RedLength:appr 25''Weight: 0.18kgStyle:WaveAAA High qualityHair type: We GUARANTEE that the hair we sell is 100% kanekalon fiber.Package included:1x Beautiful Wine Red wig fashion long Wave wigNote:The display pictures shown online were taken by our professional man using our own model.There would be slight difference on the model shape or colors from different person ,please contact us if it does not look like the picture Hair Extensions & Wigs Hair Care Beauty Styling Products Wigs"
28-55-63-215,4,0,1140,B000E793P2,"Boots No7 Protect &amp; Perfect Beauty Serum 1 fl oz (30 ml) Boots Reveal younger looking, beautifully refined skin with this powerful blend of caring and skin restoring ingredients. Light and non-greasy, it glides on instantly softening and smoothing your skin. Then, with regular use, it works to renew your complexion, restoring radiance and helping to reduce the appearance of pores, fine lines and wrinkles in just 4 weeks. With concentrated levels of our unique antioxidant complex and skin-firming pro-retinol complex to boost and maintain skin's elasticity. Known in the UK as No7 Protect &amp; Perfect, Britain's #1 anti-ageing sensation proven by independent scientists to really work.Created with Care. We've created this hypo-allergenic product using only ingredients we know and trust. It has been tried and tested by guests with even the most sensitive skin, so you'll know it will be good to yours.Dermatologically tested. Creams & Moisturizers Beauty Skin Care Face"
28-55-63-215,4,1,4704,B0029OAL86,"Boots No7 Protect &amp; Perfect Intense Beauty Serum 1 fl oz (30 ml) Boots Anti Aging is getting Intense... No7 Protect &amp; Perfect Intense Beauty Serum has been tested like no other cosmetic anti aging product in an independent 12 month trial. The findings clearly show that it has genuine, long term anti aging benefits. 70% of the volunteers using the product showed a marked improvement in the appearance of photo-aged skin after 12 months of use. This proven anti-aging formula contains retinyl palmitate, antioxidants, firming peptides and alfalfa extract to reduce the appearance of deep lines and wrinkles by up to 50% in just 4 weeks, the longer you use it the better it works.Made in the UK Makeup Eye Shadow Beauty Eyes"
28-55-63-215,4,2,7200,B004FS6X9U,"Boot's No7 Protect &amp; Perfect Intense Serum - 1 oz Boots Reveal younger looking, beautifully refined skin with this powerful blend of caring and skin restoring ingredients. Light and non-greasy, it glides on instantly softening and smoothing your skin. Then, with regular use, it works to renew your complexion, restoring radiance and helping to reduce the appearance of pores, fine lines and wrinkles in just 4 weeks. With concentrated levels of our unique antioxidant complex and skin-firming pro-retinol complex to boost and maintain skin's elasticity. Known in the UK as No7 Protect & Perfect, Britain's #1 anti-aging sensation proven by independent scientists to really work.Created with Care. We've created this hypo-allergenic product using only ingredients we know and trust. It has been tried and tested by guests with even the most sensitive skin, so you'll know it will be good to yours. Dermatologically tested. 1 U.S. fl. oz.How to Use: Use day and night to supplement a moisturizing regimen. Apply a small amount of serum to the palms of the hands and smooth over the face, avoiding the eye area. Finish with moisturizer. Creams & Moisturizers Beauty Skin Care Face"
28-55-63-215,4,3,10202,B008WA2K9O,"Boots No7 Lifting and Firming Night Cream, 1.6 Fl. Oz. Boots Bright, beautiful & uplifted. Firm, lift and brighten the look of your skin with this multitasking night cream. This rich and easily absorbed cream leaves your skin instantly feeling soft and more moisturized, chasing away the signs of aging and visibly reducing the appearance of lines and wrinkles. It evens skin tone, lifts & firms, for younger looking skin in just 4 weeks. Hypo-allergenic. 1.6 U.S. fl. oz. Creams & Moisturizers Beauty Night Creams Face Skin Care"
33-164-42-149,4,0,2704,B00112DUFS,"Maybelline New York Expert Wear Eyeshadow Quads, 40q Designer Chocolates Chic Naturals, 0.17 Ounce Maybelline Easy to use. lots to choose. Just sweep the brush x4. Four coordinating shades with step by step application guide makes shadow easier than ever. All day crease proof wear. Glides on effortlessly with superior smoothness. Velvet tip applicator blends without tugging or pulling. Safe for sensitive eyes and contact lens wearers, ophthalmologist tested. Makeup Eye Shadow Beauty Eyes"
33-164-42-149,4,1,4565,B001ZD5HAY,"Maybelline New York Expert Wear Eyeshadow 8-Pan, Sunbaked Neutrals 10, 0.22 Ounce Maybelline Easy to use. Lots to choose. Just sweep the brush x8.Eight coordinating shades with all day crease proof wear. Glides on effortlessly with superior smoothness. Velvet tip applicator blends without tugging or pulling. Safe for sensitive eyes and contact lens wearers, ophthalmologist tested. Makeup Eye Shadow Beauty Eyes"
33-164-42-149,4,2,5032,B002L6PWZO,"Maybelline New York Expert Wear Eyeshadow Quads, Stylish Smokes, 08q Emerald Smokes, 0.17 Ounce Maybelline Easy to use. lots to choose. Just sweep the brush x4. Four coordinating shades with step by step application guide makes shadow easier than ever. All day crease proof wear. Glides on effortlessly with superior smoothness. Velvet tip applicator blends without tugging or pulling. Safe for sensitive eyes and contact lens wearers, ophthalmologist tested. Makeup Eye Shadow Beauty Eyes"
33-164-42-149,4,3,5264,B002SVIKLK,"Maybelline New York Expert Wear Eyeshadow Quads, 20q Velvet Crush Perfect Pastels, 0.17 Ounce Maybelline Easy to use. lots to choose. Just sweep the brush x4. Four coordinating shades with step by step application guide makes shadow easier than ever. All day crease proof wear. Glides on effortlessly with superior smoothness. Velvet tip applicator blends without tugging or pulling. Safe for sensitive eyes and contact lens wearers, ophthalmologist tested. Makeup Eye Shadow Beauty Eyes"
37-223-108-136,4,0,5976,B003EO466S,"FASH Professional 120 Color Eyeshadow Palette (cosmetic , makeup) Are you ready to get that fresh trendy look that can impress anyone? Then, ladies the wait is over!!!FASH brings you an all new 120 color eye shadow palette .It&#xFFFD;s time to get that stylish bold and bright look with colors that brings life to your eyes and makes you stand out everywhere you go. This palette is worth owning. Along with matte warm colors there are shimmery shades that are expertly coordinated to make your eyes look beautiful. It is divided into 2 layers that make it comfortable to carry., the highly pigmented eye shadow applies evenly and blends well on your skin .the product is Made from natural mineral oil base that makes it last for hours ,until you wash it off. So what are you waiting for???Just grab the most affordable and value for money product. For best results use it with FASH professional brush sets. Makeup Eye Shadow Beauty Eyes"
37-223-108-136,4,1,6879,B0047TGS5G,"FASH Professional Bold, Bright and Vivid 120 Color Eyeshadow Palette Makeup Cosmetics Colorful is the trend and we have it right here for you ladies!!!Just be experimental with all your favorite bold and bright colors. FASH brings you an all new 120 color eye shadow palette .The colors  are highly pigmented therefore applies evenly and blends well on your skin .The product is Made from natural mineral oil base that makes it last for hours ,until you wash it off. So what are you waiting for???Just grab the most affordable and value for money product and add splash of colors to your life. For best results use it with FASH professional brush sets. Makeup Makeup Sets Beauty"
37-223-108-136,4,2,6880,B0047TMDCI,"FASH 42 Color Double Stack Shadow and Blush, Shimmer FASHbrings you an all new gorgeous ""32 color shimmer eye shadow palette"" not only that, but also ""10 blushes"" to give you a perfect look. Just gift this to your loved ones and see them smile, and it is affordable also!!This palette is worth gifting .It is comfortable to carry, the highly pigmented eye shadow applies evenly and blends well on skin .The product is Made from natural mineral oil base that makes it last for hours , until you wash it off. So what are you waiting for???Just grab the most affordable Christmas gift for your mom sister and friends.For best results use it with FASH professional brush sets. Makeup Eye Shadow Beauty Eyes"
37-223-108-136,4,3,9069,B006QHXDKK,"180 Color Eyeshadow - Matte and Shimmer This 180 multi-color professional eye shadow palette is a perfect mixture of vibrant and matte shades. Feel free to experiment with the wide range of color shades offered and find yourself lured towards this product. A definite winner its category, this product comes in three different layers of color palette which makes it easier to use and choose from the variety of shades offered. The shades made using mineral oils are non-greasy and give a gorgeous, long lasting effect to your eyes and the colors do not fade until you wash them off. All the shades have been thoroughly inspected by FASH, thus promising superior quality and guaranteed customer satisfaction. This high quality product is extremely cost effective compared to other brands available in the market and can be used for personal as well as professional use. For best results use it with b>FASHprofessional brush sets. Makeup Eye Shadow Beauty Eyes"
47-23-153-184,4,0,5581,B0032VJBXQ,"Sally Hansen Continuous Treatment, Clear, Hardening Formula Sally Hansen Sally Hansen continuous treatment hardener uses vita-release technology in a time-release formula that hardens soft, thin nails up to 10 days. The power of continuous treatment takes nails to an infinitely healthier, more beautiful place. Patented vita-release technology formula with a vitamin-mineral complex continuously strengthens and conditions nails. Exclusive coral calcium formula bonds nail layers together to harden and thicken for up to 10 continuous days to stop severe, problem nails from tearing and peeling. Hands & Nails Beauty Nail Treatments Skin Care Growth Formula"
47-23-153-184,4,1,6821,B0046MGLC4,"Sally Hansen Nailgrowth Miracle Trtmn 0.45ozclear Sally Hansen Sally Hansen nailgrowth miracle, is a professional-strength treatment that promotes speedy nail growth without brittleness, and protects nails against splitting, cracking and tearing. 30% longer nails in 5 days. Guaranteed. Exclusive protein complex prompts fast nail growth. Soy protein binds moisture to nails, strengthening and lengthening without brittleness. Keratin helps protect nails against splitting, cracking and breaking. Collagen and multi-vitamins stimulate healthy nail growth. Nail tip measurement. Hands & Nails Beauty Nail Treatments Skin Care Growth Formula"
47-23-153-184,4,2,6826,B0046MLZWU,"Sally Hansen Triple Strong Advanced Gel Nail Hardener-0.45 oz Sally Hansen Sally Hansen triple strong is a breakthrough gel formula that strengthens and protects nails. 3-in-1 protection. Formula with: epoxy polymer reinforces as it adds flexibility; protects against breaking, peeling, and splitting. Calcium complex with pro-vitamin b5 and iron helps strengthen to help natural nails grow longer and stronger. Titanium helps mend and bond weak, fragile nails. Instantly, nails become harder and more durable. Triple strong's quick,-drying, high-shine gel suspension protects nails as they grow longer, stronger and healthy. Hands & Nails Nail Strengthening Beauty Nail Treatments Skin Care"
47-23-153-184,4,3,7376,B004KS2LK0,"Sally Hansen Nailgrowth Miracle, Serum, 0.37 Fluid Ounce Sally Hansen Sally Hansen nailgrowth miracle, serum is a breakthrough nail treatment designed to support fast natural nail growth, as it perfects cuticles. Grow nails 59% longer. Instantly smooth cuticles. Guaranteed. Sally knows miracles happen. With a little help from science. Concentrated peptide serum formula enriched with biotin enhances natural nail growth without brittleness. Nails become resistant to damage as they grow and cuticles are miraculously softer and smoother. Hands & Nails Beauty Nail Treatments Skin Care Growth Formula"
5-153-34-35,4,0,10008,B008H42554,"10pcs Black 3D Alloy Rhinestones Nail Art Bow Tie DIY Decoration BTArtbox Great for both professional nail specialists or nail art learners.  Makes your nails look special
Easy to apply
Also can be used to decorate cell phone cases, invitation cards, etc. Makeup Nails Beauty Nail Art"
5-153-34-35,4,1,10105,B008PTPSF0,"Ladies Beauty Box 10x 3D Clear Alloy Rhinestones Bow Tie Nail Art DIY Decorations 350buy Clean the surface of your nails, brush and base polish, place it onto nails,then  used with nail polish, UV gel or acrylic nail, etc.10pcs Nail Art DIY Decorations (The false nail tips are not included) Makeup Nails Beauty Nail Art"
5-153-34-35,4,2,10118,B008QWW9GM,"350buy 10x Silver 3D Carve Alloy Rhinestones Bow Tie Nail Art DIY Decorations Vip Beauty Shop Package Includes:10 pcs Nail Art DIY Decorations (The False Nail Tips are not included)Clean the surface of your nails, brush and base polish, place it onto nails,used with nail polish, UV gel or acrylic nail, etc. Beauty Tools & Accessories Nail Art Equipment Nail Tools"
5-153-34-35,4,3,10265,B0092DUN6M,"350buy 10pcs Bow Tie Heart Alloy 3D Rhinestone Nail Art Slice DIY Decoration nail world365 Instructions: Can be used with nail polish, UV gel or acrylic nail, etc. Clean the surface of your nails, brush and base polish, place it onto nails Package Includes: 10 pcs Nail Art DIY Decorations (The False Nail Tips are not included) Makeup Nails Beauty Nail Art"
50-167-149-160,4,0,9743,B0082D69H0,"Revlon ColorBurst Balm Stain, Crush, 0.1 Ounce Revlon Revlon Just bitten kissing balm stain provides a gorgeous flush of color and the moisturizing comfort of a balm in a portable, self sharpening chubby crayon. Makeup Beauty Lips Lip Stains"
50-167-149-160,4,1,9744,B0082D9RYM,"Revlon Just Bitten Kissing Balm Stain, Lovestick, 0.1 Ounce Revlon Revlon Just bitten kissing balm stain provides a gorgeous flush of color and the moisturizing comfort of a balm in a portable, self sharpening chubby crayon. Makeup Beauty Lips Lip Stains"
50-167-149-160,4,2,9745,B0082D9SUK,"Revlon Just Bitten Kissing Balm Stain, Smitten, 0.1 Ounce Revlon Revlon Just bitten kissing balm stain provides a gorgeous flush of color and the moisturizing comfort of a balm in a portable, self sharpening chubby crayon. Makeup Beauty Lips Lip Stains"
50-167-149-160,4,3,9783,B0084FIET2,"Revlon Just Bitten Kissing Balm Stain, Adore, 0.1 Ounce Revlon Revlon Just bitten kissing balm stain provides a gorgeous flush of color and the moisturizing comfort of a balm in a portable, self sharpening chubby crayon. Makeup Beauty Lips Lip Stains"
63-78-241-113,4,0,8477,B005OZF1S2,"Sigma E25 - Blending Sigma Beauty Unique Feature: Wide and slightly flat, firmer bristle blender
Function: Controlled blending
Recommended Use: Blend colors together onto the lid with added control. Buff out harsh lines for a well-blended effect.

 2013 Sigma Enterprises, LLC Makeup Brushes & Tools Beauty Tools & Accessories Brushes & Applicators"
63-78-241-113,4,1,8478,B005OZFV50,"Sigma E30 - Pencil Sigma Beauty Unique Feature: Soft and tapered pencil tip
Function: Soften and smoke out liner
Recommended Use: Soften pencil liners along the top and bottom lash lines, add shadow to line the eyes, or use to highlight inner corner of eyes.

 2013 Sigma Enterprises, LLC Makeup Brushes & Tools Beauty Tools & Accessories Brushes & Applicators"
63-78-241-113,4,2,8480,B005OZH88I,"Sigma E40 - Tapered Blending Sigma Beauty Unique Feature: Very tapered and pointed with precise tip
Function: Precise color application onto the crease
Recommended Use: Picking up color with just the tip of the brush, apply intense colors to the crease to add depth and dimension to the eye.

 2013 Sigma Enterprises, LLC Makeup Brushes & Tools Beauty Tools & Accessories Brushes & Applicators"
63-78-241-113,4,3,8496,B005P0M69I,"Sigma F35 - Tapered Highlighter Sigma Beauty Unique Feature: Small and tapered with a precise tip
Function: Subtle highlighting
Recommended Use: Apply highlighting shades onto the upper contours of the face. Diffused finish gives skin a natural glow.

 2013 Sigma Enterprises, LLC Makeup Brushes & Tools Beauty Tools & Accessories Brushes & Applicators"
71-54-214-209,4,0,540,B0002Z1JJ4,"Acquarella Remover A great nail polish needs a great remover - one that's safe and water based. Conventional removers use oils and emollients to compensate for the extreme drying of Acetone or other harsh solvents. Those same oils and emollients hinder the binding properties of our nail polish because oil and water don't mix. 

Our new biodegradable, plant derived formula takes it one step further by removing stubborn residue. Acquarella Remover will leave your nails squeaky clean and ready for application. Plus, it wont harm you or the environment. Makeup Nails Beauty Nail Polish Remover"
71-54-214-209,4,1,541,B0002Z1JK8,"Acquarella Conditioner Acquarella Conditioner makes nail polish fun and hassle-free. It helps strengthen and moisturize your nails without the dreadful smell of toxic chemicals since it is the only truly safe, easy nail polish available that is both completely water-based and non-toxic. An easy preparation, no base or top coats with fast drying makes it a snap! Acquarella Conditioner is a CLEAR polish that hydrates the nail, helping to prevent nails from chipping, peeling and yellowing commonly associated with harsh conventional nail products. Since Acquarella is completely water based, it is non-flammable and free from toxic fumes making it a perfect companion for traveling, the office, or any other place. Makeup Nails Beauty Nail Polish"
71-54-214-209,4,2,2504,B000WQU5IE,"Acquarella Nail Polish, Gilded Acquarella makes nail polish fun and hassle-free. You can change nail color without the dreadful smell of toxic chemicals since it is the only truly safe, easy nail polish available that is both completely water-based and non-toxic. An easy preparation, no base or top coats with fast drying makes it a snap! Acquarella Nail Polish hydrates the nail, helping to prevent nails from chipping, peeling and yellowing commonly associated with harsh conventional nail products. The unique Acquarella Nail Polish and Conditioner system contains: - No Dibutyl Phthalate (DBP) or other phthalates - No Formaldehyde or Formaldehyde like derivatives - No Toluene, Ketones or petrochemical solvents - No Polyurethanes or Polyurethane film formers - No Parabens or Camphor - No Gluten or wheat by-products - No aromatic hydrocarbons Since Acquarella is completely water based, it is non-flammable and free from toxic fumes making it a perfect companion for traveling, the office, or any other place. Acquarella Nail Polish comes in a wide variety of playful shades that fit any occasion. Makeup Nails Beauty Nail Polish"
71-54-214-209,4,3,5138,B002PAJ8QA,"Karma Organic Nail Polish Remover with Soybean Oil and Tea Tree Oil (4 oz) Karma Organic brings in spa products such as non-toxic polishes, organic nail polish remover, organic scrubs, organic lotions, and essential oils which are free of toluene, formaldehyde, and phthalate (DBP). Our very own brand of Karma Organic nail polishes are 100 percent natural and are comprised of more than 90 colors, including glow-in-the-dark shades for children. Karma Organic is one of the first in the US to have a chemical-free organic soy mixture nail polish remover which comes in lavender, tea tree, or unscented. Our lotions and scrubs are homemade with recipes including mouth-watering ingredients such as ground almonds and brown sugar. We are dedicated to providing the healthiest non-toxic and organic products to our customers. Makeup Nails Beauty Nail Polish Remover"
75-196-49-251,4,0,10830,B00AQBDZLE,"OPI Mariah Carey Collection - Liquid Sand Nail Lacquer, Get Your Number 0.5 Fl. Oz. OPI OPI Mariah Carey Collection - Get Your Number Hands & Nails Beauty Skin Care Hand Soaps"
75-196-49-251,4,1,10834,B00AQH09DK,"OPI: Lacquer M45 Stay the Night, 0.5 oz OPI OPI Mariah Carey Collection - Stay The Night Liquid Sand Nail Lacquer Hands & Nails Beauty Skin Care Hand Soaps"
75-196-49-251,4,2,10835,B00AQH9F8U,"OPI: Lacquer M48 The Impossible, 0.5 oz OPI M48 The Impossible - a Chart-smashing shade inspired by musics glamorous icon Mariah Carey Hands & Nails Beauty Skin Care Hand Soaps"
75-196-49-251,4,3,10836,B00AQHE87S,"OPI: Lacquer M47 Can't Let Go, 0.5 oz OPI M47 Can't let go - Chart-smashing shade inspired by musics glamorous icon - Mariah Carey Hands & Nails Beauty Skin Care Hand Soaps"
88-139-211-78,4,0,1575,B000J3ZMQA,"Nubian Heritage Coconut &amp; Papaya Soap 5 Oz X 6 Bars Nubian Heritage The Coconut palm has touched all aspects of daily life for millions of tropical communities. Since the 1st Century B.C., the coconut tree has provided shelter,transportation and more importantly, food. Coconut Oil, high in vitamins, minerals and fatty acids, is an excellent skin softner and protector. Papaya contains papain, a natural occurring enzyme used for centuries to gently dissolve dead skin cells, loosen pore blockage and stimulate circulation. 

Nubian Heritage pays homage to the tropics with our blend of pure Shea Butter, nourshing Coconut Oil and vitamin-rich Papaya . Vanilla Beans gently buff the skin as the Papaya's enzymatic action deep cleanes and smooths. The rich Shea Butter and Coconut Oil combination re-hydrates the skin, improving suppleness and procting against moisture loss. 
Ingredients: Coconut Oil, Coconut Milk, Papaya Enzymes, Vanilla Beans, Shea Butter, Cocoa Butter, Vegetable Glycerin, Vitamin E, Soaps of Coconut & Palm Body Scrubs Beauty Scrubs & Body Treatments Bath & Body"
88-139-211-78,4,1,3619,B001E0VBDK,"Bar Soap, African Blk with Al, 5 oz (6 Pack) Nubian Heritage Nubian Heritage African Black Bar Soap is deep cleansing with oats, aloe & vitamin E. African Black Soap, made from palm ash, tamarind extract, tar and plantain peel has been used in Africa for centuries to treat eczema, acne, oily skin, psoriasis, and other skin ailments. Historical references to Shea Butter, a staple of African pharmacology, date back to the reported Shea Butter caravans of Cleopatra's Egypt.Nubian Heritage's authentic African Black Soap combines Shea Butter's healing and hydrating properties with the ancient medicinal properties of palm ash, plantain peel, tar and tamarind to balance and resolve problem skin. Nubian Heritage's deep cleansing formula aids exfoliation and promotes new cell growth to reveal radiant, fresh, even and healthy skin.Nubian Heritage's natural, herbal and aromatic recipes help to bring balance to the body, physically, emotionally and spiritually. Nubian Heritage's natural ingredients and our customized fragrance profiles are designed to bring balance into our lives, balance is what Nubian Heritage believes is at the root of all healing, and Nubian Heritage delivers healing benefits through creating and establishing balance and harmony. Soaps Beauty Bath & Body Cleansers"
88-139-211-78,4,2,6832,B0046UCYA4,"Shea Terra Authentic African Black Soap 5 oz. Shea Terra Organics Shea Terra Authentic African Black Soap 5 oz. Shea Terra Authentic African Black Soap 5 oz. 100% Natural. Genuine African black soap for smooth, blemish free skin. Ancient formula naturally breaks down dead skin revealing firmer, younger looking skin beneath. Ingredients: USDA certified organic, virgin coconut cream oil, African black soap (cocoa pod ash, plaintain peel ash, palm oil, camwood), 24% USDA certified organic shea butter, certified organic, extra virgin olive oil, spring water, sodium hydroxide Soaps Beauty Bath & Body Cleansers"
88-139-211-78,4,3,9151,B006VYG9YU,"Nubian Heritage: African Black Bar Soap, 5 oz Nubian Heritage Nubian Heritage African Black Bar Soap is deep cleansing with oats, aloe & vitamin E. African Black Soap, made from palm ash, tamarind extract, tar and plantain peel has been used in Africa for centuries to treat eczema, acne, oily skin, psoriasis, and other skin ailments. Historical references to Shea Butter, a staple of African pharmacology, date back to the reported Shea Butter caravans of Cleopatra's Egypt.Nubian Heritage's authentic African Black Soap combines Shea Butter's healing and hydrating properties with the ancient medicinal properties of palm ash, plantain peel, tar and tamarind to balance and resolve problem skin. Nubian Heritage's deep cleansing formula aids exfoliation and promotes new cell growth to reveal radiant, fresh, even and healthy skin.Nubian Heritage's natural, herbal and aromatic recipes help to bring balance to the body, physically, emotionally and spiritually. Nubian Heritage's natural ingredients and our customized fragrance profiles are designed to bring balance into our lives, balance is what Nubian Heritage believes is at the root of all healing, and Nubian Heritage delivers healing benefits through creating and establishing balance and harmony. Soaps Beauty Bath & Body Cleansers"
88-48-211-11,4,0,5690,B0036LJ0HO,"Raw African Black Soap from Ghana 1 Lb Some of the Benefits of black soap - Helps deep clean skin. - Works on most skin types including rough and dry or sensitive skin - Helps clear skin bumps and spots - Helps relieve acne, oily skin & other skin problems. - Great for removing makeup - Works against premature facial lines and wrinkles - Can be lathered and used as a shampoo. Usage of the Black African Soap Break off a bar-size piece from the bulk, then press it to shape with your hands, or use it as is. Rub the bar between your hands (or on a washcloth would also work), then rub your soapy hands on your skin and hair. (If you rub the bar on your hair, it will get hair stuck to the bar.) Black soap absorbs water easily, so keep it from sitting in water or it will dissolve away. The soap holders covered with little vertical fingers work well. Because this soap is softer than commercial soap, it comes off the bar more easily, so less rubbing of the bar is needed to release enough soap. When you start another bar, just push the old soap sliver onto the new piece and the two will easily unite; leaving no waste. How to Store the Black African Soap Pure traditional African black soap is a soft milled soap and has very high natural glycerin content. As a result, it readily absorbs moisture from the air. It must be stored in a dry location or in a sealed plastic bag or it will become soft as it absorbs moisture. Black soap exposed to the air will have a thin white colored film. This film is not mold it is caused by absorption of water from the air. This can be avoided by keeping the soap in a dry location away from moisture until ready for use. Ingredients: Traditional Black Soap contains mainly cocoa pod ashes, plantain skins ashes, and palm oil, processed together.
Note: This Soap comes in a 1 Lb sealed in food grade plastic bag. Soaps Beauty Bath & Body Cleansers"
88-48-211-11,4,1,6263,B003PFBCTU,"Raw African Black Soap from Ghana 1 Lb Some of the Benefits of black soap - Helps deep clean skin. - Works on most skin types including rough and dry or sensitive skin - Helps clear skin bumps and spots - Helps relieve acne, oily skin & other skin problems. - Great for removing makeup - Works against premature facial lines and wrinkles - Can be lathered and used as a shampoo. Usage of the Black African Soap Break off a bar-size piece from the bulk, then press it to shape with your hands, or use it as is. Rub the bar between your hands (or on a washcloth would also work), then rub your soapy hands on your skin and hair. (If you rub the bar on your hair, it will get hair stuck to the bar.) Black soap absorbs water easily, so keep it from sitting in water or it will dissolve away. The soap holders covered with little vertical fingers work well. Because this soap is softer than commercial soap, it comes off the bar more easily, so less rubbing of the bar is needed to release enough soap. When you start another bar, just push the old soap sliver onto the new piece and the two will easily unite; leaving no waste. How to Store the Black African Soap Pure traditional African black soap is a soft milled soap and has very high natural glycerin content. As a result, it readily absorbs moisture from the air. It must be stored in a dry location or in a sealed plastic bag or it will become soft as it absorbs moisture. Black soap exposed to the air will have a thin white colored film. This film is not mold it is caused by absorption of water from the air. This can be avoided by keeping the soap in a dry location away from moisture until ready for use. Ingredients: Traditional Black Soap contains mainly cocoa pod ashes, plantain skins ashes, and palm oil, processed together. Soaps Beauty Bath & Body Cleansers"
88-48-211-11,4,2,7429,B004LY0X26,"Raw African Black Soap from Ghana - 1 Lb Some of the Benefits of black soap - Helps deep clean skin. - Works on most skin types including rough and dry or sensitive skin - Helps clear skin bumps and spots - Helps relieve acne, oily skin & other skin problems. - Great for removing makeup - Works against premature facial lines and wrinkles - Can be lathered and used as a shampoo. Usage of the Black African Soap Break off a bar-size piece from the bulk, then press it to shape with your hands, or use it as is. Rub the bar between your hands (or on a washcloth would also work), then rub your soapy hands on your skin and hair. (If you rub the bar on your hair, it will get hair stuck to the bar.) Black soap absorbs water easily, so keep it from sitting in water or it will dissolve away. The soap holders covered with little vertical fingers work well. Because this soap is softer than commercial soap, it comes off the bar more easily, so less rubbing of the bar is needed to release enough soap. When you start another bar, just push the old soap sliver onto the new piece and the two will easily unite; leaving no waste. How to Store the Black African Soap Pure traditional African black soap is a soft milled soap and has very high natural glycerin content. As a result, it readily absorbs moisture from the air. It must be stored in a dry location or in a sealed plastic bag or it will become soft as it absorbs moisture. Black soap exposed to the air will have a thin white colored film. This film is not mold it is caused by absorption of water from the air. This can be avoided by keeping the soap in a dry location away from moisture until ready for use. Ingredients: Traditional Black Soap contains mainly cocoa pod ashes, plantain skins ashes, and palm oil, processed together. Hands & Nails Beauty Skin Care Hand Soaps"
88-48-211-11,4,3,10364,B009EE9JFK,"100% Pure Authentic Liquid African Black Soap From Ghana 16oz. Natural Cosmetics Black Soap Helps to remove scars caused by acne.Since acne is not caused by dirt, but due to the release of excessive oils within the skin, the soap cannot remove acne. But use of African black soap helps to remove scars cause due to acne. 
Helps to remove skin irritations.Use of black soap helps to remove skin irritations like rashes. 
Suitable for all skin types.Black soap can be used for the treatment of problems on all types of skin including the dry and rough, oily and moderate skins. 
Beneficial for skin diseases.Black soap is very beneficial for reducing the discomforts that are associated with skin diseases like psoriasis and eczema 
Delays ageing on the skin.Regular use of black soap helps to remove facial lines that are mostly early signs of ageing. Thus black soap can be used to delay ageing of skin Moisturizers Beauty Body Butter Body Skin Care"
91-76-204-100,4,0,3077,B0016BFD4K,"Dr. Bronner's Castile Liquid Soaps Pure-Castile Soap, 18-in-1 Hemp Eucalyptus, 32-Ounce Dr. Bronner&#39;s Magic Soaps Made with Organic Oils! No detergents. 100% Vegan. Health is our greatest wealth. Oregon Tilth Certified Organic. No foaming agents. Enjoy only 2 cosmetics, enough sleep and Dr. Bronner's Magic Soap to clean body-mind-soul-spirit instantly uniting One! All-One! Absolute cleanliness is Godliness! For facial packs, scalp and soothing body rub, add dash on bath towel in sink of hot water. Wring out. Lay over face and scalp. massage with fingertips. Repeat 3 or 4 times 'til arms, legs and all are rubbed, always towards the heart. Rinse towel in plain hot water and massage again. Breath deeply! Health is wealth. Within 9 minutes you feel fresh and clean, saving 90% of your hot water and soap, ready to help teach the whole human race the moral ABC of All-One-God-Faith! For we're All-One or None! Not animal tested. Dilute: Enjoy 1 soap for 18 different uses! Guaranteed no synthetic tea tree oils and 100% vegetarian. Super mild castile has outstanding water softening and cleansing powers. Preferable to harsh soap and defattening synthetics. It does no cut dirt, but dissolves it. It is the mildest pleasant soap you ever used. Enjoy body rub to stimulate body mind-soul-spirit and teach the essence moral ABC uniting all free in the shepherd. 100% Biodegradable! Made in U.S.A. Soaps Beauty Bath & Body Cleansers"
91-76-204-100,4,1,3416,B001B0TLYE,"Dr. Bronner's Magic Soaps Pure-Castile Soap, 18-in-1 Hemp Almond, 32-Ounce Dr. Bronner&#39;s Magic Soaps Supermild castile has outstanding water softening & cleansing powers. Preferable to harsh soap and defattening synthetics. It does not cut dirt, but dissolves it. It is the mildest, most pleasant soap you ever used or money back! Enjoy body rub to stimulate body-mind-soul-spirit. Hands & Nails Beauty Skin Care Hand Soaps"
91-76-204-100,4,2,3759,B001ET72C0,"Dr. Bronner's Magic Soaps Pure-Castile Soap, 18-in-1 Hemp Almond, 32-Ounce Bottles (Pack of 2) Dr. Bronner&#39;s Magic Soaps Made with Organic Oils! No detergents. 100% Vegan. Health is our greatest wealth. Oregon Tilth Certified Organic. No foaming agents. Enjoy only 2 cosmetics, enough sleep and Dr. Bronner's Magic Soap to clean body-mind-soul-spirit instantly uniting One! All-One! Absolute cleanliness is Godliness! For facial packs, scalp and soothing body rub, add dash on bath towel in sink of hot water. Wring out. Lay over face and scalp. massage with fingertips. Repeat 3 or 4 times 'til arms, legs and all are rubbed, always towards the heart. Rinse towel in plain hot water and massage again. Breath deeply! Health is wealth. Within 9 minutes you feel fresh and clean, saving 90% of your hot water and soap, ready to help teach the whole human race the moral ABC of All-One-God-Faith! For we're All-One or None! Not animal tested. Dilute: Enjoy 1 soap for 18 different uses! Guaranteed no synthetic tea tree oils and 100% vegetarian. Super mild castile has outstanding water softening and cleansing powers. Preferable to harsh soap and defattening synthetics. It does no cut dirt, but dissolves it. It is the mildest pleasant soap you ever used. Enjoy body rub to stimulate body mind-soul-spirit and teach the essence moral ABC uniting all free in the shepherd. 100% Biodegradable! Soaps Beauty Bath & Body Cleansers"
91-76-204-100,4,3,3772,B001ET77YI,"Dr. Bronner's Magic Soaps Pure-Castile Soap, 18-in-1 Hemp Peppermint, 32-Ounce Bottles (Pack of 2) Dr. Bronner&#39;s Magic Soaps Made with Organic Oils! No detergents. 100% Vegan. Health is our greatest wealth. Oregon Tilth Certified Organic. No foaming agents. Enjoy only 2 cosmetics, enough sleep and Dr. Bronner's Magic Soap to clean body-mind-soul-spirit instantly uniting One! All-One! Absolute cleanliness is Godliness! For facial packs, scalp and soothing body rub, add dash on bath towel in sink of hot water. Wring out. Lay over face and scalp. massage with fingertips. Repeat 3 or 4 times 'til arms, legs and all are rubbed, always towards the heart. Rinse towel in plain hot water and massage again. Breath deeply! Health is wealth. Within 9 minutes you feel fresh and clean, saving 90% of your hot water and soap, ready to help teach the whole human race the moral ABC of All-One-God-Faith! For we're All-One or None! Not animal tested. Dilute: Enjoy 1 soap for 18 different uses! Guaranteed no synthetic tea tree oils and 100% vegetarian. Super mild castile has outstanding water softening and cleansing powers. Preferable to harsh soap and defattening synthetics. It does no cut dirt, but dissolves it. It is the mildest pleasant soap you ever used. Enjoy body rub to stimulate body mind-soul-spirit and teach the essence moral ABC uniting all free in the shepherd. 100% Biodegradable! Soaps Beauty Bath & Body Cleansers"
0-162-69-229,3,0,6626,B003ZYL2DW,"POND'S Evening Soothe Wet Cleansing Towelettes, 30-Count (Pack of 2) Pond&#39;s Beauty Face Skin Care Cloths & Towelettes Cleansers"
0-162-69-229,3,1,6627,B003ZYM7EA,"POND'S Exfoliating Renewal Wet Cleansing Towelettes, 30-Count (Pack of 2) Pond&#39;s Beauty Face Skin Care Cloths & Towelettes Cleansers"
0-162-69-229,3,2,9882,B0089JVDPK,"Pond's Luminous Clean Wet Towelettes, 30Count Pond&#39;s Beauty Face Skin Care Cloths & Towelettes Cleansers"
0-186-170-255,3,0,5296,B002TSA94I,"Dove Purely Pampering Nourishing Body Wash, Coconut Milk with Jasmine Petals, 24 Ounce (Pack of 2) Dove Beauty Body Washes Bath & Body Cleansers"
0-186-170-255,3,1,5297,B002TSA94S,"Dove Purely Pampering Body Wash, Almond Cream with Hibiscus, 22 fl.oz. Dove Beauty Body Washes Bath & Body Cleansers"
0-186-170-255,3,2,7096,B004DBUAKM,"Dove Body Wash, go fresh, Rebalance, Plum and Sakura Blossom, 24 Ounce Dove Beauty Body Washes Bath & Body Cleansers"
0-186-170-55,3,0,3715,B001ECQ5FC,"Dove Ultimate go fresh Cool Essentials Anti-perspirant/Deodorant, 2.6 Ounce (Pack of 4) Dove Body Scrubs Beauty Scrubs & Body Treatments Bath & Body"
0-186-170-55,3,1,5387,B002VWK8HA,"Dove go fresh Revive Body Mist, 3 Ounce (Pack of 3) Dove Fragrance Women's Beauty Body Sprays"
0-186-170-55,3,2,6954,B004AUEVAG,"Dove go fresh Cool Moisture Body Wash, Value Pack, 24 Ounce, 3 Count Dove Body Scrubs Beauty Scrubs & Body Treatments Bath & Body"
0-49-76-47,3,0,10810,B00AO4E9L8,"Axe Shower Gel Apollo, 16 Ounce AXE Beauty Cleansers Skin Care Face"
0-49-76-47,3,1,11780,B00GTC1JHQ,"Axe Peace Shower Gel, 16 Fluid Ounce AXE Beauty Body Washes Bath & Body Cleansers"
0-49-76-47,3,2,11781,B00GTC1JVM,"Axe Harmony Shower Gel, 16 Fluid Ounce AXE Beauty Body Washes Bath & Body Cleansers"
0-49-76-82,3,0,9950,B008CZBZMM,"AXE Shower Gel, Shock, 16 oz AXE Beauty Body Washes Bath & Body Cleansers"
0-49-76-82,3,1,9951,B008CZBZY0,"Axe Shower Gel, Snake Peel, 16 Fluid Ounce AXE Beauty Body Washes Bath & Body Cleansers"
0-49-76-82,3,2,9952,B008CZC1IE,"Axe Shower Gel, Cool Metal, 16 Fluid Ounce AXE Beauty Body Washes Bath & Body Cleansers"
10-186-129-4,3,0,9103,B006T8BWRC,"Dove Nourishing Oil Conditioner, 25.4 Ounce Dove Beauty Hair Care Conditioners"
10-186-129-4,3,1,9104,B006T8BWUE,"Dove Nourishing Oil Shampoo, 25.4 Ounce Dove Shampoos Beauty Hair Care"
10-186-129-4,3,2,11879,B00HM6K6XQ,"Dove Pure Care Dry Oil Conditioner, 12 Ounce Dove Beauty Hair Care Conditioners"
102-113-136-186,3,0,8401,B005LK6F58,"Shellac Black Pool Gel Nail Polish .25 Oz CND Cosmetics Shellac UV Color Coat Rock Royalty is formulated with a combination of solvents, monomers and polymers that allow it to go on like polish, wear like gel and remove in minutes A soft-touch cap and flat brush make polish-like application a snap Hypo-allergenic and lasts 14-days! Makeup Nails Beauty Nail Polish"
102-113-136-186,3,1,8656,B005YTYJSQ,"Shellac Asphalt Gel Nail Polish .25 Oz Good Deal CND Cosmetics Shellac UV Color Coat Rock Royalty is formulated with a combination of solvents, monomers and polymers that allow it to go on like polish, wear like gel and remove in minutes
A soft-touch cap and flat brush make polish-like application a snap
Hypo-allergenic and lasts 14-days! Makeup Nails Beauty Nail Polish"
102-113-136-186,3,2,8876,B006GK5NNW,"CND Shellac Gel Nail Polish &quot;Zillionaire .25 Oz&quot; High Quality CND Cosmetics Shellac UV Color Coat is formulated with a combination of solvents, monomers and polymers that allow it to go on like polish, wear like gel and remove in minutes
A soft-touch cap and flat brush make polish-like application a snap
Hypo-allergenic and lasts 14-days! Makeup Nails Beauty Nail Polish"
102-215-103-82,3,0,11361,B00D13HSR6,"CND Vinylux #132 Negligee Nail Polish Lacquer 0.5floz CND Cosmetics What Is It

From the makers of CND Shellac (The Original Power Polish!) comes VINYLUX Weekly Polish, the new breakthrough nail polish that provides 7+ days of high gloss, chip-free wear, without the use of a base coat!

How It Works

The innovative self-adhering color coat system, eliminates the need for a base coat and dries in under nine minutes, saving you time and hassle. While other polishes deteriorate on your nails over time, VINYLUX endures and strengthens in resistance. The ProLight technology of the VINYLUX Top Coat creates a network of cross-linked polymer bonds that build resistance when exposed to natural light, effortlessly securing shine and resistance while you go about your day! Makeup Nails Beauty Nail Polish"
102-215-103-82,3,1,11499,B00EA5AC5E,"CND Vinylux: Romantique, 0.5 oz Vinylux What Is It

From the makers of CND Shellac (The Original Power Polish!) comes VINYLUX Weekly Polish, the new breakthrough nail polish that provides 7+ days of high gloss, chip-free wear, without the use of a base coat!

How It Works

The innovative self-adhering color coat system, eliminates the need for a base coat and dries in under nine minutes, saving you time and hassle. While other polishes deteriorate on your nails over time, VINYLUX endures and strengthens in resistance. The ProLight technology of the VINYLUX Top Coat creates a network of cross-linked polymer bonds that build resistance when exposed to natural light, effortlessly securing shine and resistance while you go about your day! Makeup Nails Beauty Nail Polish"
102-215-103-82,3,2,11501,B00EA5ASEE,"108 CND - VINYLUX CREAM PUFF Weekly Polish Bright White Nail Coat Manicure 0.5oz CND Cosmetics What Is It

From the makers of CND Shellac (The Original Power Polish!) comes VINYLUX Weekly Polish, the new breakthrough nail polish that provides 7+ days of high gloss, chip-free wear, without the use of a base coat!

How It Works

The innovative self-adhering color coat system, eliminates the need for a base coat and dries in under nine minutes, saving you time and hassle. While other polishes deteriorate on your nails over time, VINYLUX endures and strengthens in resistance. The ProLight technology of the VINYLUX Top Coat creates a network of cross-linked polymer bonds that build resistance when exposed to natural light, effortlessly securing shine and resistance while you go about your day! Makeup Nails Beauty Nail Polish"
102-220-71-232,3,0,9423,B007HKFE5C,"IBD Just Gel Nail Polish, Funny Bone, 0.5 Fluid Ounce IBD IBD introduces just gel, the strong 100% pure gel formula that wears like a classic true gel. Apply it just like polish and be rewarded with richer, more even color. This versatile gel polish cures quickly under either LED or UV light. It also protects natural nails with stronger, long-lasting wear. Gel removal is simple as well. Remove just gel polish easily in just 10 minutes with no mess and no fuss. Makeup Nails Beauty Nail Polish"
102-220-71-232,3,1,9424,B007HKO296,"IBD Just Gel Nail Polish, HRH, 0.5 Fluid Ounce IBD IBD introduces just gel, the strong 100% pure gel formula that wears like a classic true gel. Apply it just like polish and be rewarded with richer, more even color. This versatile gel polish cures quickly under either LED or UV light. It also protects natural nails with stronger, long-lasting wear. Gel removal is simple as well. Remove just gel polish easily in just 10 minutes with no mess and no fuss. Makeup Nails Beauty Nail Polish"
102-220-71-232,3,2,9425,B007HKO8P4,"IBD Just Gel Nail Polish, The Abyss, 0.5 Fluid Ounce IBD IBD introduces just gel, the strong 100% pure gel formula that wears like a classic true gel. Apply it just like polish and be rewarded with richer, more even color. This versatile gel polish cures quickly under either LED or UV light. It also protects natural nails with stronger, long-lasting wear. Gel removal is simple as well. Remove just gel polish easily in just 10 minutes with no mess and no fuss. Makeup Nails Beauty Nail Polish"
102-249-47-72,3,0,7472,B004NG3QB2,"36W Nail UV Lamp Acrylic Gel Shellac CURING Light TIMER DRYER SPA Equipment PNK 36 Watt Professional UV curing lamp for fast Acrylic & Gel polish dryingThis unit offers excellent professional quality for the shop and light enough to take along with you. This unit uses four 9W powerful UV bulbs and features a built in timer.Effectively & quickly cures gel based products.Reflective inside lining to ensure proper uniform drying.Built in timer with 2 minute setting for perfect drying management.Cures such items as  IBD, Gelish, Axxium and many more others.INCLUDES 4 Bulbs to uniform curing/drying from top and sides.Easy access panel on bottom to easily change & replace bulbs.Simple fuse replacement compartment with single turn access. Beauty Tools & Accessories Nail Dryers Nail Tools"
102-249-47-72,3,1,9071,B006QO4C1W,Salon Edge Top 36W UV Curing Lamp Acrylic Gel Nail Dryer Light TIMER Salon Supply Store 36 Watt Professional Salon Edge Branded UV curing lamp for fast acrylic gel dryingExcellent professional quality for the shop and light enough to take along with you. This unit uses 4 powerful UV bulbs and features a built in timer.Effectively and quickly cured all UV and gel based products.Reflective inside lining to ensure proper uniform drying.Fast curing of UV gels one hand at a time.Features Salon Edge logo to ensure you recieve the quality you deserve.Built in timer with 2 minute setting for perfect time management.Includes easy access panel on bottom to easily change bulbs.Simple fuse replacement compartment with single turn access. Beauty Tools & Accessories Nail Dryers Nail Tools
102-249-47-72,3,2,10241,B009062W9W,"Salon Edge 36W Nail UV Lamp Acrylic Gel Shellac CURING Light TIMER DRYER SPA Watt BLACK Salon Edge Salon Edge Brand 36 Watt Professional UV curing lamp for fast Acrylic & Gel polish dryingThis unit offers excellent professional quality for the shop and light enough to take along with you. This unit uses four 9W powerful UV bulbs and features a built in timer.Effectively & quickly cures gel based products.Reflective inside lining to ensure proper uniform drying.Built in timer with 2 minute setting for perfect drying management.Cures such items as IBD, Gelish, Axxium and many more others.INCLUDES 4 Bulbs to uniform curing/drying from top and sides.Easy access panel on bottom to easily change & replace bulbs.Simple fuse replacement compartment with single turn access. Beauty Tools & Accessories Nail Dryers Nail Tools"
104-196-78-195,3,0,5185,B002QFRFB4,Coastal Scents 66 Color Lip Palette Coastal Scents This lip palette comes with 66 colors in shimmer and matte. Each color is a little bit smaller than a dime. Makeup Makeup Sets Beauty
104-196-78-195,3,1,5186,B002QFSIW4,Coastal Scents 32 Lip Color Palette Coastal Scents This lip palette comes with 32 colors in matte and shimmer. A beautiful palette for those who love to go au nautral to luscious lips. Makeup Beauty Lipstick Lips
104-196-78-195,3,2,6023,B003GCWJFS,"Coastal Scents 88 Color Palette, Metal Mania Coastal Scents The metal mania palette comes with 88 vibrant satin colors. An amazing palette that is great for day and night use. Makeup Makeup Sets Beauty"
111-176-129-3,3,0,937,B000B9W3CI,White Plastic Jar with Dome Lid 4 Oz - 12 Per Bag Levine 4 oz white ointment jar Refillable Containers Beauty Tools & Accessories Bags & Cases
111-176-129-3,3,1,938,B000B9W4MC,White Plastic Jar with Flat Lid 8 Oz - 6 Per Bag Levine 8 oz white plastic jar with flat lid Refillable Containers Beauty Tools & Accessories Bags & Cases
111-176-129-3,3,2,1310,B000FU0U5U,White Plastic Jar with Dome Lid 2 Oz (12 Per Bag) Levine White plastic jar 2 oz with dome lid. Refillable Containers Beauty Tools & Accessories Bags & Cases
115-25-171-62,3,0,2146,B000RG2YFQ,Ardell LashGrip Adhesive for Strip Lashes - Clear 240465 Ardell Buy Ardell False Eyelashes - Ardell LashGrip Adhesive for Strip Lashes - Clear 240465 Beauty Tools & Accessories Eyelash Tools Fake Eyelashes & Adhesives Makeup Brushes & Tools
115-25-171-62,3,1,3188,B0017ZTV0W,"Ardell Adrell Duralash Naturals, Flare Short Black, 1 Pair Ardell Ardell Adrell Duralash Naturals, Flare Short Black Beauty Tools & Accessories Eyelash Tools Fake Eyelashes & Adhesives Makeup Brushes & Tools"
115-25-171-62,3,2,4210,B001MP471K,Ardell LashGrip Adhesive for Strip Lashes - Dark 240466 Ardell Buy Ardell False Eyelashes - Ardell LashGrip Adhesive for Strip Lashes - Dark 240466 Beauty Tools & Accessories Eyelash Tools Fake Eyelashes & Adhesives Makeup Brushes & Tools
115-25-43-73,3,0,4714,B002ACKDU8,Darkness False Eyelashes K-ma 4 Darkness False Eyelashes Top Quality False Eyelashes New False Eyelashes Designs Variety of Fake Eyelash Designs Best Selling False Eyelash Include 2 False Eyelid Glue Beauty Tools & Accessories Eyelash Tools Fake Eyelashes & Adhesives Makeup Brushes & Tools
115-25-43-73,3,1,4715,B002ACKKMO,"Darkness False Eyelashes K-Ma 9 Darkness False Eyelashes Top Quality False Eyelashes
    New False Eyelashes Designs
    Variety of Fake Eyelash Designs
    Best Selling False Eyelash
    Include 2 False Eyelid Glue Beauty Tools & Accessories Eyelash Tools Fake Eyelashes & Adhesives Makeup Brushes & Tools"
115-25-43-73,3,2,4716,B002ACQCC6,Darkness False Eyelashes K-ma 5 Darkness False Eyelashes Darkness False Eyelashes K-ma 5 Beauty Tools & Accessories Eyelash Tools Fake Eyelashes & Adhesives Makeup Brushes & Tools
117-25-190-239,3,0,2036,B000PQDKU6,Konad Nail Art Stamping Polish - White KONAD Nail Art Makeup Nails Beauty Nail Polish
117-25-190-239,3,1,2653,B000ZV1W6K,Konad Nail Art Stamping Polish - Clear Top Coat KONAD Nail Art For use with our nail stamping system. This clear top coat protects your nail art design. 10ml. Beauty Tools & Accessories Nail Art Equipment Nail Tools
117-25-190-239,3,2,4069,B001KWB85S,Konad Nail Art Stamping Polish - Red KONAD Nail Art Red special Nail Polish for use with Konad stamping nail art products. Makeup Nails Beauty Nail Polish
117-25-190-43,3,0,2652,B000ZV0D9W,Konad Nail Art Stamping Polish - Black KONAD Nail Art Konad Nail Art Stamping Polish - Black Makeup Nails Beauty Nail Polish
117-25-190-43,3,1,3957,B001GMUCUY,Konad Nail Art Stamping Polish - Silver Jubujub Konad Nail Art Stamping Polish - Silver Makeup Nails Beauty Nail Polish
117-25-190-43,3,2,7148,B004E2UO74,Konad Nail Art Stamping Polish - Green KONAD Nail Art Konad Nail Art Stamping Polish - Green Makeup Nails Beauty Nail Polish
117-3-126-250,3,0,6639,B0040BK082,"USpicy&reg; Nail Dryer UV Light for Acrylic Gel &amp; Shellac Curing (MACARON USND-3603 White, 36W) with Anti-UV Gloves, Upgraded with Sliding Tray + SPA Equipment USpicy-Fashion Meets TechnologyUSpicy was created by a very simple goal - to provide high quality health and beauty products at budget-friendly prices so that everyone can afford. Why ""U&#x2022;Spicy""? Because we put the sole focus on YOU, and dedicate ourselves to creating your own unique style, which allows YOU to feel SPICY whenever & wherever.Features:- They can be used with various kinds of nail beauty products, such as UV Top Coat, UV Builder Gel, etc. Work without brand requirements on nail polish- The wavelength is visible and harmless to eyes. But we do not recommend you stare at the bulb for a long time- Over voltage & current surge protection- Heat-exhausted chip to increase reliability and life span of the nail dryer- All in one - disinfection & drying.- The new sliding tray design makes it easy to cleanSpecifications:- Color: white- Auto timer control: 120s, 180s, up to infinite- Input Voltage Range: AC110-120V, 50/60HZ- Material: Molded ABS- Warranty: 1-Year Manufacturer WarrantyPackage includes:- 1* USpicy USND-3603 Professional UV Gel Lamp Nail Dryer (White, 36W)- 4*9W 365nm UV Bulb- 1 * Free Nail Sanding file- 1 * Free Anti-UV Gloves Beauty Tools & Accessories Nail Dryers Nail Tools"
117-3-126-250,3,1,7345,B004K0CRIY,"USpicy&reg; Nail Dryer UV light For Acrylic, Gelish &amp; Shellac Curing + Free USpicy Highly UV Protective Gloves, Nail SPA Equipment (MACARON USND-3602 White,36W) USpicy-Fashion Meets TechnologyUSpicy was created by a very simple goal - to provide high quality health and beauty products at budget-friendly prices so that everyone can afford. Why ""U&#x2022;Spicy""? Because we put the sole focus on YOU, and dedicate ourselves to creating your own unique style, which allows YOU to feel SPICY whenever & wherever.Features:- Can be used with various kinds of UV products, such as UV Top Coat / UV Builder Gel / etc- The wavelength is visible and harmless to eyes. Do not stare at the bulb for a long time.- Heat-exhausted chip to increase reliability and life span of the nail dryer.- One-Year Manufacturer Warranty.Specifications:- 36W UV Gel light-cured- Material: Environmental ABS- All in one - disinfection &amp; drying, etc.- Auto timer control: 120s &amp; 120s onwards- Over voltage &amp; current surge protectionSafety Rules:*Please replace the bulbs regularly for keeping the efficieny.*All tools must be stored in a dryer location when the machine is not in use.*Turn it off when changing the bulbs.Pacakge includes:- 1 * USpicy nail dryer gel curing UV Lamp- 4 * 9W 365mm UV Bulb- 1 * Free Nail Sanding file
- 1 * Free USpicy Highly UV Protective Gloves Beauty Tools & Accessories Nail Dryers Nail Tools"
117-3-126-250,3,2,10541,B009YSXB3M,"USpicy Anti-UV Gloves for UV Light / Lamp / Nail Dryer &amp; LED UV Nail Dryer Curing USpicy-Fashion Meets TechnologyUSpicy was created by a very simple goal - to provide high quality health and beauty products at budget-friendly prices so that everyone can afford. Why ""U&#x2022;Spicy""? Because we put the sole focus on YOU, and dedicate ourselves to creating your own unique style, which allows YOU to feel SPICY whenever & wherever.These gloves are designed To protect your skin from harmful UV lights. Put the gloves on before applying nail polish and make sure your skin is covered as much as possible, only finger tips and nails are left under the UV light.Highly recommend using this glove with the USpicy nail dryers.Features:- 98% UV protection during nail drying- Extended length for extra protection above your wirst- Lightweight and durable micro-fabric construction- One size fits most- Machine-washable- Gloves slip on and off easily.Specifications:- Color: white- Size: one size fits most- Processing Mode: Machine sewing- Material: Polyester fibre- Function: Anti-UV radiationPackage includes:- 1* Pair USpicy anti-UV gloves for UV Light / Lamp / nail dryer &amp; LED UV nail dryer Beauty Tools & Accessories Nail Dryers Nail Tools"
117-95-208-182,3,0,9489,B007M0S8KA,"Nail Art Stamping Image Plate KD1 *** Nail Art Stamping Image Plate KD1    ***Material : Stainless Steel ***Quantity: 1 ***Size: 6.4 cm ***Film: Blue film on the surface ( remove before use) ***Usage: * Apply base coat to nails (regular nail polish available) * Apply Special or thick nail polish to desired image * With scraper scrape off excessive polish from plate quickly * Press down softly with plastic stamp on image plate and lift up immediately * Stamp the image on your nail * For lasting wear,apply top coat Beauty Tools & Accessories Nail Art Equipment Nail Tools"
117-95-208-182,3,1,9490,B007M0STLI,"Nail Art Stamping Image Plate KD19 *** Nail Art Stamping Image Plate KD19   ***Material : Stainless Steel ***Quantity: 1 ***Size: 6.4 cm ***Film: Blue film on the surface ( remove before use) ***Usage: * Apply base coat to nails (regular nail polish available) * Apply Special or thick nail polish to desired image * With scraper scrape off excessive polish from plate quickly * Press down softly with plastic stamp on image plate and lift up immediately * Stamp the image on your nail * For lasting wear,apply top coat Beauty Tools & Accessories Nail Art Equipment Nail Tools"
117-95-208-182,3,2,9616,B007TF9FDW,"Nail Art Stamping Image Plate KD12 *** Nail Art Stamping Image Plate KD12  ***Material : Stainless Steel ***Quantity: 1 ***Size: 6.4 cm ***Film: Blue film on the surface ( remove before use) ***Usage: * Apply base coat to nails (regular nail polish available) * Apply Special or thick nail polish to desired image * With scraper scrape off excessive polish from plate quickly * Press down softly with plastic stamp on image plate and lift up immediately * Stamp the image on your nail * For lasting wear,apply top coat Beauty Tools & Accessories Nail Art Equipment Nail Tools"
119-77-117-183,3,0,4650,B0027CT5SC,"Vaseline Sheer Infusion Body Lotion, Botanical Blend, 13.5-Ounce Bottles (Pack of 2) Some moisturizers only treat the top layers of your surface skin, leaving it feeling greasy. Others sink through quickly and your skin is not thoroughly moisturized. New Vaseline Sheer Infusion with Stratys-3 infuses and suspends superior* moisture across all layers of your skin.** Only Vaseline Sheer Infusion delivers superior moisture* and an unmatched silky feel. Moisturizers Beauty Body Lotions Skin Care"
119-77-117-183,3,1,4651,B0027CT5TG,"Vaseline Sheer Infusion Body Lotion, Vitamin Burst, 13.5-Ounce Bottles (Pack of 2) Some moisturizers only treat the top layers of your surface skin, leaving it feeling greasy. Others sink through quickly and your skin is not thoroughly moisturized. New Vaseline Sheer Infusion with Stratys-3 infuses and suspends superior* moisture across all layers of your skin**. Only Vaseline Sheer Infusion delivers superior moisture* and an unmatched silky feel. Moisturizers Beauty Body Lotions Skin Care"
119-77-117-183,3,2,4652,B0027CT5VO,"Vaseline Sheer Infusion Body Lotion, Mineral Renewal, 13.5-Ounce Bottles (Pack of 2) Some moisturizers only treat the top layers of your surface skin, leaving it feeling greasy. Others sink through quickly and your skin is not thoroughly moisturized. New Vaseline Sheer Infusion with Stratys-3 infuses and suspends superior* moisture across all layers of your skin.** Only Vaseline Sheer Infusion delivers superior moisture* and an unmatched silky feel. Moisturizers Beauty Body Lotions Skin Care"
12-196-175-75,3,0,421,B00022WA9K,"Revlon Shine Enchancing Hot Air Kit Revlon The Revlon RV440C Ionic 1 and 1 1/2 inch hot air styler kit includes both a 1"" and 1-1/2"" hot air styling attachment that use Ion technology for faster, silkier results. Its two interchangeable aluminum barrels retain heat from the 1200 watts of power generated by the styler, and there are two heat settings for maximum flexibility. The styler kit works on all types and lengths of hair. Beauty Styling Tools Hair Care Hot-Air Brushes"
12-196-175-75,3,1,3371,B001AFGLSO,Revlon Curl Collections Quick Styling Hot Air Kit Revlon Revlon RVHA6002C 1 & 1-1/2 inch Hot Air Styler Brush has 1500 watts and Ionic Technology. The barrel is ceramic with two brush attachments to make styling your hair easier. Beauty Styling Tools Hair Care Hot-Air Brushes
12-196-175-75,3,2,5741,B0037MMES4,"Revlon Volume Stay Titanium Hot Air Kit Vidal Sassoon Revlon&#x2019;s 1200 watt titanium hot air kit creates smooth styles, curls and waves with gorgeous shine all without frizz. for styling flexibility 3 heat and 3 speed settings are offered. 3 attachments included: 1inch and 1-1/2 inch titanium thermal brush attachments and a concentrator attachment. Beauty Styling Tools Hair Care Hot-Air Brushes"
121-195-156-208,3,0,9,B00004U9V2,"Crabtree &amp; Evelyn - Gardener's Ultra-Moisturising Hand Therapy Pump - 250g/8.8 OZ After a long day of handling thorny situations, our new hand therapy pump is just the help you need. It contains shea butter as well as extracts of yarrow, clover and calendula to help soothe and condition work-roughened hands. Hands & Nails Hand Creams & Lotions Beauty Skin Care"
121-195-156-208,3,1,5496,B00306CISI,"Citron, Honey &amp; Coriander Ultra-Moisturising Hand Therapy Crabtree &amp; Evelyn Lock in lashings of moisture with our award-winning Citron, Honey & Coriander Hand Therapy. Infused with macadamia nut oil, shea butter and conditioning lemon, coriander and honey extracts, this intensive cream nourishes skin so it's noticeably smoother after each luxurious application. Hands & Nails Hand Creams & Lotions Beauty Skin Care"
121-195-156-208,3,2,8365,B005JVZGCW,"Pomegranate, Argan &amp; Grapeseed Ultra-Moisturising Hand Therapy Crabtree &amp; Evelyn Lock in lashings of moisture with our award-winning Hand Therapy. Infused with pomegranate, grapeseed and argan oils and fragrance notes of citrus and figs, this intensive macadamia nut oil- and shea butter-enriched cream nourishes skin so it's noticeably smoother after each luxurious application. Hands & Nails Hand Creams & Lotions Beauty Skin Care"
122-137-33-162,3,0,8811,B0068RM86S,NYX Cosmetics Butt Naked Makeup Palette NYX Buy NYX Cosmetics Makeup Kits & Makeup Eye Shadow Palettes - NYX Cosmetics Butt Naked Makeup Palette Makeup Eye Shadow Beauty Eyes
122-137-33-162,3,1,10970,B00B1ZPFT4,NYX Cosmetics The Smokey Eyeshadow Palette NYX Buy NYX Cosmetics Eye Shadows - NYX Cosmetics The Smokey Eyeshadow Palette Makeup Eye Shadow Beauty Eyes
122-137-33-162,3,2,10971,B00B1ZRTP2,NYX Cosmetics The Natural Eyeshadow Palette NYX Buy NYX Cosmetics Eye Shadows - NYX Cosmetics The Natural Eyeshadow Palette Makeup Eye Shadow Beauty Eyes
124-215-139-164,3,0,1370,B000GCWD6G,"Frizz Ease Daily Nourishment Leave-In Conditioning Spray by John Frieda for Unisex Hair Spray, 8 Ounce John Frieda Nurture your hair and see it shine. Fortifying and conditioning formula instantly detangles and improves manageability while nourishing dry, damaged hair with an infusion of vitamins and nutrients. With a protective blend of vitamins A, E, C and green tea extract, it helps safeguard hair from damage caused by heat-styling and sun exposure. Formula with wheat protein and glycerin helps repair and revitalize. The result: silky-smooth hair with improved strength and a healthy, vibrant shine. Beauty Hair Care Conditioners"
124-215-139-164,3,1,1988,B000P9DS4Q,"John Frieda Frizz-Ease Extra Strength 6 Effects Serum, 1.69 Ounces Frizz-Ease Frizz-ease extra strength serum instantly and dramatically transforms coarse, wiry, unruly frizz for ultra-sleek, purely polished, super-shiny results. It protects and prolongs the life of color treated hair. It has a high-potency blend of silicones infused with aloe and vitamin E which leaves dry, defiant hair extremely supple, easy to manage and healthy-looking. It contains sunscreen and repels humidity to help prevent weather-related frizz and blocks frizz all day. Beauty Styling Products Hair Care Hair Styling Serums"
124-215-139-164,3,2,2312,B000UUNY0I,"John Frieda Collection Frizz-Ease Secret Weapon Straight or Curly Styles Finishing Creme Frizz-Ease Exceptional crme, applied to dried hair, instantly transforms puffy, parched hair into a perfectly smooth, supple, shiny texture.Replaces natural oils lost to blow-drying and daily styling stress.Works instantly on dry hair to camouflage imperfections by smoothing away dullness, puffiness and frayed split ends.Immediately restores ""silkening"" moisture to ""quench"" parched hair.Creates ultra-glossy, supple hair with an incredibly healthy-looking finish. Beauty Styling Products Hair Care Creams, Gels & Lotions"
132-69-126-81,3,0,4125,B001KYVLSU,"EcoTools Large Powder Brush EcoTools Perfect for applying and setting your face makeup. The large, full head delivers an even, all-over dusting of powder, creating a great finish for your look, and a flawless, beautiful complexion. synthetic bristles are cruelty free. Experience the incredibly soft touch of cruelty-free bristles EcoTools beauty solutions promote Living Beautifully! We are inspired by beauty inside and out, and in the world around us. While we always want to look our best, we feel even better when we can make earth-conscious choices. EcoTools remains a favorite of celebrities, beauty editors and women around the world.  Best known for our incredibly soft cosmetic brushes, and  handles, we take pride in offering a collection of cosmetic makeup brushes, hairbrushes, lashes and bath products that feature innovative,  materials. Our includes natural materials, reusable pouches, post-consumer recycled paper and plastic, and recyclable packaging. The eco pouch is phthalate-free and PVC-free.  Cleaning your Makeup Brushes Unclean makeup brushes transfer old makeup, germs, and bacteria to your skin each time you use them. Ideally, you should wash them once a week, and here&#x2019;s the best way how:  Run the bristles of makeup brush under warm running water. Careful not to get the ferrules and handles wet. Apply a drop of gentle shampoo or clarifying cleanser to bristles and work into a light lather. Rinse bristles thoroughly under warm, running water. Continue rinsing until water runs clear. Use a cloth to absorb excess water and reshape the bristles Lay your makeup brushes flat or &#x201C;handles up&#x201D; to air dry Makeup Brushes & Tools Beauty Tools & Accessories Brushes & Applicators"
132-69-126-81,3,1,4230,B001MX89Y8,"EcoTools Retractable Kabuki EcoTools This versatile makeup brush can be used with powder, blush or bronzer for a fresh and flawless complexion anywhere! Use the cap to easily cover and bring along for on-the-go touchups. Synthetic bristles are cruelty free. Experience the incredibly soft touch of cruelty-free bristles EcoTools beauty solutions promote Living Beautifully! We are inspired by beauty inside and out, and in the world around us. While we always want to look our best, we feel even better when we can make earth-conscious choices. EcoTools remains a favorite of celebrities, beauty editors and women around the world.  Best known for our incredibly soft cosmetic brushes, and  handles, we take pride in offering a collection of cosmetic makeup brushes, hairbrushes, lashes and bath products that feature innovative,  materials. Our includes natural materials, reusable pouches, post-consumer recycled paper and plastic, and recyclable packaging. The eco pouch is phthalate-free and PVC-free.  Cleaning your Makeup Brushes Unclean makeup brushes transfer old makeup, germs, and bacteria to your skin each time you use them. Ideally, you should wash them once a week, and here&#x2019;s the best way how:  Run the bristles of makeup brush under warm running water. Careful not to get the ferrules and handles wet. Apply a drop of gentle shampoo or clarifying cleanser to bristles and work into a light lather. Rinse bristles thoroughly under warm, running water. Continue rinsing until water runs clear. Use a cloth to absorb excess water and reshape the bristles Lay your makeup brushes flat or &#x201C;handles up&#x201D; to air dry Makeup Brushes & Tools Beauty Tools & Accessories Brushes & Applicators"
132-69-126-81,3,2,6025,B003GDDGQI,"EcoTools Flat Eyeliner Brush (Pack of 2) EcoTools EcoTools offers modern women the beautiful choice for eco-conscious indulgence everyday.  We combine beauty expertise with eco-innovation to offer a comprehensive line that looks beautiful, performs beautifully, and acts responsibly.  The iconic look of the sleek bamboo, gorgeous recycled aluminum and incredibly soft bristles are only part of what makes EcoTools, EcoTools. Our cosmetic brushes are beautiful and show respect for the earth. They have 100% cruelty-free bristles and a portion of sales is donated to environmental organizations. Specifically donating funds to organizations that represent a blend of green and beauty! Makeup Brushes & Tools Beauty Tools & Accessories Brushes & Applicators"
138-102-33-162,3,0,4468,B001TOSRDI,NYX Cosmetics Jumbo Lip Pencil Pink Nude NYX Buy NYX Cosmetics Lip Liners - NYX Cosmetics Jumbo Lip Pencil Pink Nude Makeup Lip Liners Beauty Lips
138-102-33-162,3,1,11467,B00DV81430,NYX Cosmetics Enchanted Kiss Butter Lip Gloss Set 3 Piece Set NYX Buy NYX Cosmetics Lip Gloss - NYX Cosmetics Enchanted Kiss Butter Lip Gloss Set 3 Piece Set Makeup Beauty Lips Lip Glosses
138-102-33-162,3,2,11924,B00I48BHQG,NYX Cosmetics Butter Lipstick Hubba Hubba NYX Buy NYX Cosmetics Lipsticks - NYX Cosmetics Butter Lipstick Hubba Hubba Makeup Beauty Lipstick Lips
147-218-212-136,3,0,7773,B004XA81ZE,"The Wet Brush Detangle Shower Brush Blue, 3.5 Ounce The Wet Brush At first glance, The Wet Brush looks like an ordinary hair brush, but with just one use, women, men and children will learn why it's the world's best detangling brush. Used on wet or dry hair, The Wet Brush quickly and painlessly detangles even the thickest, most stubborn hair thanks to its revolutionary bristles. Specially formulated, The Wet Brush's intelliflex bristle is designed to be ultra thin and flexible, yet still have rapid recovery memory to instantly bounce back to its original form. In addition, the ball tip bristles provide a massaging action that stimulates circulation at the follicle and is a proven benefit for hair health. With a rubber coated non slip handle that feels great wet or dry, The Wet Brush is a favorite among women, men and children of all ages and can even be used on extensions and wigs. Perfect for use in the shower, after a shower, at a salon, on a beach or on children who cringe at the sight of a hair brush, The Wet Brush allows anybody to have beautiful, soft, healthy and tangle-free locks. Available in a variety of colors, there's a wet brush for everyone in the family, which is great because it's the brush everyone fights over. Thanks to The Wet Brush, detangling the toughest knot has never been so effortless. Beauty Styling Tools Hair Care Brushes"
147-218-212-136,3,1,9332,B0077S35WS,"The Wet Hair Brush, Metallic Green, 3.5 Ounce The Wet Brush At first glance, The Wet Brush looks like an ordinary hair brush, but with just one use, women, men and children will learn why it's the world's best detangling brush. Used on wet or dry hair, The Wet Brush quickly and painlessly detangles even the thickest, most stubborn hair thanks to its revolutionary bristles. Specially formulated, The Wet Brush's IntelliFlex bristle is designed to be ultra thin and flexible, yet still have rapid recovery memory to instantly bounce back to its original form. In addition, the ball tip bristles provide a massaging action that stimulates circulation at the follicle and is a proven benefit for hair health. With a rubber coated non slip handle that feels great wet or dry, The Wet Brush is a favorite among women, men and children of all ages and can even be used on extensions and wigs. Perfect for use in the shower, after a shower, at a salon, on a beach or on children who cringe at the sight of a hair brush, The Wet Brush allows anybody to have beautiful, soft, healthy and tangle-free locks. Available in a variety of colors, there's a Wet Brush for everyone in the family, which is great because it's the brush everyone fights over. Thanks to The Wet Brush, detangling the toughest knot has never been so effortless. Beauty Styling Tools Hair Care Brushes"
147-218-212-136,3,2,10840,B00AR03HRG,"The Wet Brush Metallics Collection 2 Pack , Metallics Green &amp; Purple Value Pack!! The Wet Brush At first glance, The Wet Brush looks like an ordinary hair brush, but with just one use, women, men and children will learn why it's the world's best detangling brush. Used on wet or dry hair, The Wet Brush quickly and painlessly detangles even the thickest, most stubborn hair thanks to its revolutionary bristles. Specially formulated, The Wet Brush's intelliflex bristle is designed to be ultra thin and flexible, yet still have rapid recovery memory to instantly bounce back to its original form. In addition, the ball tip bristles provide a massaging action that stimulates circulation at the follicle and is a proven benefit for hair health. With a rubber coated non slip handle that feels great wet or dry, The Wet Brush is a favorite among women, men and children of all ages and can even be used on extensions and wigs. Perfect for use in the shower, after a shower, at a salon, on a beach or on children who cringe at the sight of a hair brush, The Wet Brush allows anybody to have beautiful, soft, healthy and tangle-free locks. Available in a variety of colors, there's a wet brush for everyone in the family, which is great because it's the brush everyone fights over. Thanks to The Wet Brush, detangling the toughest knot has never been so effortless. Beauty Styling Tools Hair Care Brushes"
153-254-81-178,3,0,2588,B000YBNL2Y,"Jane Iredale Pure Pressed Base Mineral Foundation, Refill (Honey Bronze) Jane Iredale Purepressed base SPF 20 UVB/UVA medium protection, pressed mineral powder refill. Makeup Beauty Powder Face"
153-254-81-178,3,1,3496,B001CENUPU,"Jane Iredale Purepressed Base Mineral Powder, Golden Glow, .35 Ounce Jane Iredale Purepressed base mineral powder SPF 20 UVB/UVA medium protection Makeup Beauty Powder Face"
153-254-81-178,3,2,3871,B001FO2GW0,"Jane Iredale Amazing  Loose Mineral Powder, Golden Glow, .37 Ounce Jane Iredale Amazing base, loose mineral powder SPF 20 UVB/UVA medium protection .37 ounce. Makeup Beauty Powder Face"
159-239-226-227,3,0,11280,B00CHFRIDS,"BEST Vitamin C Serum For Face &amp; Skin ON SALE! Made In USA-Contains 18% Vitamin C + Amino Acid Complex + Hyaluronic Acid Serum-Natural &amp; Organic-Fade Your Age Spots-Helps Eliminate Fine Lines &amp; Wrinkles-Skin Will Glow With Radiance -Anti Aging Serum-Collagen Booster-Antioxidant Neutralizes Free Radicals-Repairs Skin-Helps Reverse Sun Damage-Highest Quality Formula-You Will Get Results Guaranteed-THERE IS NO BETTER C SERUM! Experience Xfacio Labs Powerful Anti Aging Vitamin C, Amino + Hyaluronic Acid Blend. Most Users Report Brighter More Radiant Skin Upon 1st Use!There Is No Higher Quality, More Potent & Effective Topical Vitamin C Serum Anywhere. This Is A Dermatologist Grade BlendOur Vitamin C Serum Will Amaze You And Provide Your Skin With The Following Benefits:- 18% Vitamin C Serum Proven to stimulate the synthesis of collagen which makes your skin appear years younger & more vibrant.- Antioxidant properties that will reduce skin damage caused by the sun, environmental pollution & cigarette smoke.- Helps to stimulate exfoliation of the skin for a much brighter, smoother complexion.- Diminishes the appearance of fine lines and wrinkles- Boosts Collagen Production For An Instant Youthful AppearanceXfacio Labs Vitamin C Serum Is Infused In an Amino Complex and Organic Botanical Hyaluronic Acid For The Ultimate Anti Aging EffectsBeware of Generic Or Cheap Vitamin C Serum Here on Amazon.There has been a large quantity of inferior Vitamin C serums flooding the market imported from overseasXfacio Labs Advanced Vitamin C Serum Is A Highly Potent Anti Aging Serum That Will Give You Dramatic Results & Help Your Skin Look & Feel 10 Years YoungerOur Vitamin C Is Manufactured In FDA Approved FacilitiesOur Vitamin C Serum Is Packaged In Biophotonic Violet Glass Which Not Only Preserves The Formula Longer Than Any Other, It Actually Scientifically Enhances The Potency Over Time. Other Vitamin C's Are Highly Unstable & Deteriorate QuicklyOur No Nonsense GuaranteeLove it Or Your Money Back. No Questions Asked, No hoops To Jump Thru! The Best Customer ServiceVery Important...Read This:Due To Popularity Of This Vitamin C Serum, We Sell Out Quickly. Order While Still In StockClick the yellow Add to Cart Button at the Top. ORDER NOW! Oils & Serums Beauty Skin Care Face"
159-239-226-227,3,1,11701,B00GJW40MW,"BEST Hyaluronic Acid Skin Serum With Vitamins C &amp; E - Potent Anti Aging Wrinkle Moisturizer Plumps &amp; Hydrates Filling Fine Lines &amp; Wrinkles - Superior Biophotonic Bottled Plant Based Natural &amp; Organic Solution- Mini Facelift In A Bottle - No Questions Asked MB Guarantee Discover How To Reverse The Signs Of Aging & Help Your Skin Look Younger & More Vibrant!There Is No Higher Quality, More Potent & Effective Hyaluronic Acid AnywhereMost Users Report Immediate Results Upon 1st Use!- Delivers a youthful,vibrant appearance to your skin- Reduces appearances of dark circles & puffiness- Lessens the appearance of fine lines & wrinkles- Uses the highest concentration of pharmaceutical HA- World's Most Expensive Brands Use The Same HA- Boosts Collagen Production For An Instant Youthful Appearance- Smooths Texture, Instantly Brighter Complexion- Extremely Moisturizing While Plumping Up The Skin- All Natural Ingredients, Botanically Derived & Highly Organic- Cruelty Free, No Animal Testing- Made in USA In our FDA Registered FacilityContains Vitamin C & Aminos For Superior Anti Aging EffectsBeware of Cheap Hyaluronic Acid Flooding The Market From Overseas Suppliers Here On AmazonXfacio's is the Highest Quality Hyaluronic Acid On The Market!Xfacio Labs Hyaluronic Acid Is A Maximum Effect Serum That Will Give You Dramatic Results & Help Your Skin Look & Feel YoungerOur HA Serum Is Packaged In Scientifically ProvenBiophotonic Violet GlassWhich Not Only Preserves The Formula Longer Than Any Other, It Actually Enhances The Potency Over Time. No Other Brand Goes To Such Length Or Expense To Ensure That You Are Getting The Highest Quality ProductSIMPLY THE BEST PERIODOur No Nonsense Guarantee:Love It Or Your Money Back. No Questions Asked, No Hoops To Jump Thru! The Best Customer ServiceVery Important...Read This:Due To Popularity Of This HA Serum, We Sell Out Quickly. Order While Still In StockClick the yellow Add to Cart Button at the Top. ORDER NOW! Oils & Serums Beauty Skin Care Face"
159-239-226-227,3,2,11833,B00H8I424W,"Best Anti Aging Toner &amp; Mist - Matrixyl 3000, Advanced Peptides &amp; Plant Extracts Will Flash Firm Your Face. All Skin Types. Increases Skins Permeability To Better Absorb Moisturizers &amp; Skin Products - Tighten Plump Up &amp; Promote Radiant Skin - Best Customer Service - Noticeable Results In 1 Week Guaranteed Experience Xfacio Labs Powerful Anti Aging Toner With Matrixyl 3000. Most Users Report A Flash Firming Effect Upon 1st Use!There Is No Higher Quality, More Potent & Effective Anti Aging Skincare Toner Anywhere. This Is A Dermatologist Grade Skin TreatmentOur Xtreme XT Toner Will Amaze You And Provide Your Skin With The Following Benefits:- An Immediate Tightening & Flash Firming Of Your Skin Reducing Fine Lines And Wrinkles.- Multi Peptide Infusion Will Tighten Skin, Hydrating, Smoothing & Firming For Younger Looking Skin.- Amino Acids, Vitamin C & Plant Extracts Will Help Repair Uneven Skin Tone & Discoloration.- Soothes Skin While Restoring Radiance To It Like Diamonds In The Light- Jojoba Oil Nourishes Increasing Moisture Levels For Softer Skin- Organic Sulfur Heals Skin Driving Toxins Out- Non Comedogenic, It Won't Clog Pores- Works On All Skin TypesThis Spray Treatment Won't Disappoint You! You'll See Results Within The First Week Of Daily UseNever Before Has There Been Such A Remarkable Product That Does It All. You Will Be Amazed At Just How Good This IsFresh And Soothing While Combining The Most Powerfully Known Anti Aging Ingredients In The IndustryEnhances Any Products Layered On Top Of ItXtreme XT Toner Is Packaged In Biophotonic Violet Glass Which Not Only Preserves The Formula Longer, It Actually Scientifically Enhances The Potency Over TimeAll Of Xfacio Labs Advanced Skin Care Products Are Manufactured In FDA Registered FacilitiesOur No Nonsense GuaranteeLove it Or Your Money Back. No Questions Asked, No hoops To Jump Thru! The Best Customer Service. Read Our Reviews.Very Important...Read This:Due To Popularity Of This Advanced Anti Aging Toner, We Sell Out Quickly. Order While Still In StockClick the yellow Add to Cart Button at the Top. ORDER NOW! Beauty Skin Care Treatments & Masks Face"
159-242-72-233,3,0,11936,B00IBL1YU0,"Best Vitamin C (15%) Anti Aging Face Wash Facial Cleanser with Wrinkle Reducer &amp; Prevention Antioxidant Combination + Organic Herbal Infusion &amp; 72% Organic Ingredients + Use Once a Day Alone or Along With Our Complete Anti Aging System: Treatment (Toner Replacement), Vitamin C Facial Serum, Botanical Hyaluronic Acid, Vitamin C Facial Creme, &amp; Vitamin C Eye Gel + SULFATE &amp; PARABEN FREE + No Animal Testing + Vegan Approved Ingredients! Great for sensitive and ACNE Prone skin! Get rid of the chemicals and delight in the results! A litle goes a long way with this product. ANNOUNCING THE VITAMIN C FACIAL CLEANSER & WASH YOU'VE BEEN WANTING!-Fades sun spots and discoloration-Refines skin texture-Reduces wrinkle formation-Minimizing existing wrinkles.Our Skin Absorbs Up To 60% Of What We Put On It & Toxins Can Cause Oxidation, Wrinkles & Disease!Replace the Toxins from Your Daily Facial Cleansing & Wash Regimen With An Organic & Natural Ingredient Antioxidant Protection Based Facial Wash!72% Organic Ingredients Including 15.0% Of The Best Vitamin C Available (Sodium Ascorbyl Phosphate) & Our Organic Herbal Infusion!An Organic Aloe Vera & Sugar Based Sulfate Free Wash That is gentle enough for daily use!Giving you and your skin...&#x2022;up to eight-fold antioxidant protection&#x2022;ninety-six percent reduction of sunburn cells&#x2022;prevention of the formation of free radicals in sun exposed skin.*These statements have not been evaluated by the FDA. This product is not intended to diagnose, treat, cure, or prevent any disease.Use daily alone or along with our complete Anti Aging System which includes the Perfect Body Harmony Anti Aging Treatment (Toner Replacement), Vitamin C Facial Serum, Botanical Hyaluronic Acid, Vitamin C Facial Creme,  & Vitamin C Eye Gel.&#x2022;Paraben & Sulfate Free!&#x2022;Vegan/Non Animal Based Botanical Ingredients!&#x2022;No Animal Testing!You Can Order Now With Confidence Because Of Our 30 Day 100% Customer Happiness/Satisfaction Guarantee!PRESS ""ADD TO CART"" NOW & ORDER YOUR 4.0 oz Bottle of Vitamin C Anti Aging Face Wash/Cleanser!** BECAUSE IT RUNS OUT FAST! Beauty Eyes Skin Care Combinations"
159-242-72-233,3,1,11939,B00IC7L3JK,"&quot;Cucumber Delight&quot; ANTI AGING EYE GEL with VITAMIN C (5%) + Wrinkle Reduction &amp; Prevention Antioxidant Combination Moisturizer Gel + 70% Organic Ingredients Including Organic Herbal Infusion &amp; Botanical Hyaluronic Acid (No Rooster Combs - Vegan Approved Source!)! + Use alone or along with our complete Anti Aging / Antioxidant Combination System which includes the Perfect Body Harmony Vitamin C Facial Cleanser/Wash, Anti Aging Treatment (Toner Replacement), Vitamin C Facial Serum, Botanical Hyaluronic Acid, &amp; Vitamin C Facial Creme + 1.0 oz Jar + NO SULFATES, NO PARABENS + NO ANIMAL TESTING! Enjoy This ""CUCUMBER DELIGHT"" Day or Night!A gentle and effective treatment for delicate eye area or your whole face to revitalize and turn back the clock!Imagine your eyes closed as you apply this cool cucumber scented gel (for an extra treat cool the jar first!)&#x2022;Refines Skin Texture&#x2022;Reduces Wrinkle Formation&#x2022;Minimizing Existing Wrinkles&#x2022;Fades Sun Spots & Discoloration&#x25CA;Up To Eight-Fold Antioxidant Protection&#x25CA;96% Reduction of Sunburn Cells&#x25CA;Prevention of the Formation of Free Radicals in Sun Exposed Skin.*Concentrated Delivery System for the Highest Form of Active, Bio-Available Vitamin C & Antioxidant Ingredients for Radiant Eyes!&#x2022;BOTANICAL HYALURONIC ACID For SUPER HYDRATION-(Not from Rooster Combs or Animal Parts!)&#x2022;70% Organic Ingredients&#x2022;Vitamin C (Sodium Ascorbyl Phosphate - 5.0%)&#x25CA;The Highest Quality Vitamin C Source Available (We will NOT Use L-Ascorbic Acid!)&#x25CA;A uniquely stabilized Vitamin C (Stay C 50.)&#x25CA;Is easily bio-converted to Vitamin C by Skin Enzymes!&#x25CA;Absorbed by & will benefit the skin almost immediately!*&#x25CA;Developed as a preventative treatment with the goal of protecting the skin from further environmental damage!*Safe to use morning & night!Use alone or along with our complete Anti Aging/Antioxidant Combination System (see our store for details.)Will take your facial skin care to the ultimate level of excellence.&#x2022;Paraben & Sulfate Free!&#x2022;Vegan/Non Animal Based Botanical Ingredients!&#x2022;No Animal Testing!Order Now With Confidence Because Of Our 30 Day 100% Customer Happiness/Satisfaction 
Guarantee!PRESS ""ADD TO CART"" & ORDER YOUR 1.0 oz Jar of ""CUCUMBER DELIGHT"" NOW!**BECAUSE IT RUNS OUT FAST!*These statements have not been evaluated by the FDA. This product is not intended to 
diagnose, treat, cure, or prevent any disease. Beauty Eyes Skin Care Combinations"
159-242-72-233,3,2,11941,B00IC9AG5A,"Anti Aging All In One Facial Treatment (Replaces Toner) + The Active Ingredients Heal &amp; Restore While Synergizing With Other Treatments &amp; Serums Layered On Top Of It + Amino Acids, Vitamin C, Matrixyl 3000, &amp; Active Plant Extracts Work Miracles With Existing Sun Damage, Fine Lines, &amp; Especially Skin Discoloration &amp; Uneven Skin Tone + Use Along With Our Complete Anti Aging / Antioxidant Combination System; Anti Aging Face Wash, Vitamin C Facial Serum, Botanical Hyaluronic Acid, Vitamin C Facial Creme, &amp; Vitamin C Eye Gel + Is Results Driven So Prepare To Be Amazed! Expect to See Results Within The First Seven Days of Daily Use!+ 2 oz (60 ml) Bottle + SULFATE &amp; PARABEN FREE! * No Animal Testing! * Vegan Approved Ingredients! Announcing a Dermatologist Grade Skin Treatment Spray Intended to Be Used As the Base Layer 
For Your Serums, Lotions, Cremes, & Makeup!A well designed facial skin care regimen is designed around 
layering your skin care products for optimal impact and results.Spray this one face and neck and chest AM and PM, before applying anything else.&#x2022; The active ingredients in this spray will heal and restore on their own while supporting a 
synergistic relationship with antioxidants layered on top of it.*&#x2022; Organic sulfur acts as a healing solvent, driving ingredients deep into your cells and 
creating permeability for nutrients to move in and toxins to move out.*&#x2022; Amino acids, vitamin c, and active plant extracts work miracles on existing sun damage, and 
fine lines - especially skin discoloration & uneven skin tone.*&#x2022; This treatment spray is results driven & you will not be disappointed!&#x2022; Expect to see results within the first seven to fourteen days of daily use.&#x2022; Use daily alone or along with our complete Perfect Body Harmony Anti Aging System:&#x221A; Facial Cleanser (Wash)&#x221A; Treatment (Toner Replacement)&#x221A; Vitamin C Facial Serum&#x221A; Botanical Hyaluronic Acid&#x221A; Vitamin C Facial Creme&#x221A; Vitamin C Eye Gel.This treatment as well as Perfect Body Harmony's complete Anti Aging Facial Skin Care 
System will take your facial skin care to the ultimate level of excellence!&#x2022;Paraben & Sulfate Free!&#x2022;Vegan/Non Animal Based Botanical Ingredients!&#x2022;No Animal Testing!Order Now With Confidence Because Of Our 30 Day 100% Customer Happiness/Satisfaction 
Guarantee!PRESS ""ADD TO CART"" NOW & ORDER YOUR 2.0 oz Bottle of Vitamin C Anti Aging Face Facial 
Treatment!**BECAUSE IT RUNS OUT FAST!*These statements have not been evaluated by the FDA. This product is not intended to 
diagnose, treat, cure, or prevent any disease. Beauty Eyes Skin Care Combinations"
162-11-102-198,3,0,2976,B0014UFYCO,"NOW Foods Bergamot Oil, 1 ounce Now Foods Aroma:  Sweet, fruity.  Benefits:  Lively, inspiring, uplifting. Moisturizers Beauty Body Lotions Skin Care"
162-11-102-198,3,1,3307,B0019LTGBS,"NOW Foods Natural Vanilla (In Jojoba Oil), 1 ounce Now Foods Aroma:  Sweet, warm.  Benefits:  Comforting, relaxing, nurturing. Moisturizers Beauty Body Oils Skin Care"
162-11-102-198,3,2,3310,B0019LVFO4,"NOW Foods, Rose Absolute, 5% oil blend, 1 Ounce Now Foods Aroma:  Pleasant rose.  Benefits:  Romantic, uplifting, comforting. Moisturizers Beauty Body Lotions Skin Care"
183-79-222-153,3,0,11429,B00DNK4YB0,"LIME CRIME Velvetines Liquid Lipstick - Red Velvet Liquid lipstick that goes on like a gloss and dries to a matte, touch proof finish. VEGAN CRUELTY FREE Made in U.S.A. Net Wt. 0.11 Oz 3 g Ingredients Isododecane, Dimethicone, Trimethylsiloxysilicate, Polybutene, Petrolatum, Mica, Synthetic Cera Alba Wax, Kaolin, Disteardimonium Hectorite, Persea Gratissima Avocado Oil, Silica Silylate, Silica, Cyclopentasiloxane, Phenoxyethanol, Caprylyl Glycol, Disteardimonium Hectorite, Propylene Carbonate, Ethylhexylglycerin, Alcohol Denat, Hexylene Glycol, Flavor. + Titanium Dioxide CI 77891, FDC Red 7 Calcium Lake CI 158501, Iron Oxides CI 77491, CI 77499, CI 77492, FDC Yellow No 5 Lake CI 19140, FDC Blue No 1 Aluminum Lake CI 420902, Red 6 Lake CI 15850, Tin Oxide CI 77861. Makeup Beauty Lipstick Lips"
183-79-222-153,3,1,11430,B00DNK4Z96,"LIME CRIME Velvetines Liquid Lipstick - Suedeberry Liquid lipstick that goes on like a gloss and dries to a matte, touch proof finish. VEGAN CRUELTY FREE Made in U.S.A. Net Wt. 0.11 Oz 3 g Ingredients Isododecane, Dimethicone, Trimethylsiloxysilicate, Polybutene, Petrolatum, Mica, Synthetic Cera Alba Wax, Kaolin, Disteardimonium Hectorite, Persea Gratissima Avocado Oil, Silica Silylate, Silica, Cyclopentasiloxane, Phenoxyethanol, Caprylyl Glycol, Disteardimonium Hectorite, Propylene Carbonate, Ethylhexylglycerin, Alcohol Denat, Hexylene Glycol, Flavor. + Titanium Dioxide CI 77891, FDC Red 7 Calcium Lake CI 158501, Iron Oxides CI 77491, CI 77499, CI 77492, FDC Yellow No 5 Lake CI 19140, FDC Blue No 1 Aluminum Lake CI 420902, Red 6 Lake CI 15850, Tin Oxide CI 77861. Makeup Beauty Lipstick Lips"
183-79-222-153,3,2,11848,B00HAZ4MBQ,"LIME CRIME Velvetines Liquid Lipstick - Pink Velvet Liquid lipstick that goes on like a gloss and dries to a matte, touch proof finish. VEGAN CRUELTY FREE Made in U.S.A. Net Wt. 0.11 Oz 3 g Ingredients Isododecane, Dimethicone, Trimethylsiloxysilicate, Polybutene, Petrolatum, Mica, Synthetic Cera Alba Wax, Kaolin, Disteardimonium Hectorite, Persea Gratissima Avocado Oil, Silica Silylate, Silica, Cyclopentasiloxane, Phenoxyethanol, Caprylyl Glycol, Disteardimonium Hectorite, Propylene Carbonate, Ethylhexylglycerin, Alcohol Denat, Hexylene Glycol, Flavor. + Titanium Dioxide CI 77891, FDC Red 7 Calcium Lake CI 158501, Iron Oxides CI 77491, CI 77499, CI 77492, FDC Yellow No 5 Lake CI 19140, FDC Blue No 1 Aluminum Lake CI 420902, Red 6 Lake CI 15850, Tin Oxide CI 77861. Makeup Beauty Lipstick Lips"
187-170-61-35,3,0,7609,B004SS8WWS,Harmony Gelish soak off Pink Smoothies 01408 Harmony The Hand & Nail Harmony Gelish Soak off Gel polish must be cured with LED Light or UV Light system. Must be applied over gelish Foundation or STRUCTRUE GEL . Do Not Apply Directly to the natural nail. Makeup Nails Beauty Nail Polish
187-170-61-35,3,1,7611,B004SSDH6E,Harmony Gelish Soak off Go Girl (15ml - 0.5oz) Harmony The Hand & Nail Harmony Gelish Soak off Gel polish must be cured with LED Light or UV Light system. Must  be applied over gelish Foundation or STRUCTRUE GEL . Do Not Apply Directly to the natural nail. Makeup Nails Beauty Nail Polish
187-170-61-35,3,2,7615,B004SSRSRS,Harmony Gelish UV Soak Off Gel Polish #418 Black Cherry Berry Harmony The Hand & Nail Harmony Gelish Soak off Gel polish must be cured with LED Light or UV Light system. Must be applied over gelish Foundation or STRUCTRUE GEL . Do Not Apply Directly to the natural nail. Makeup Nails Beauty Nail Polish
187-171-7-3,3,0,8861,B006ER5ZN0,"Gelish Rio Collection Neon &quot;Ooba Ooba Blue&quot; #01472 New Color Harmony New from Hand & Nail Harmony comes Gelish Color Gels. The gels come in an array of colors, apply like polish, with twist cap and applicator, but are cured in a LED lamp in 30 seconds or in two minutes in traditional UV lamps, just like gels. Gelish stays on nails for three weeks with no chipping or peeling, and soak completely off in only 15 minutes. Makeup Nails Beauty Nail Polish"
187-171-7-3,3,1,8862,B006ER6KB6,"Gelish Rio Collection Neon &quot;Carnival Hangover&quot; #01477 New Color Zupishi New from Hand & Nail Harmony comes Gelish Color Gels. The gels come in an array of colors, apply like polish, with twist cap and applicator, but are cured in a LED lamp in 30 seconds or in two minutes in traditional UV lamps, just like gels. Gelish stays on nails for three weeks with no chipping or peeling, and soak completely off in only 15 minutes. Makeup Nails Beauty Nail Polish"
187-171-7-3,3,2,8863,B006ER7KM4,"Gelish Rio Collection Neon &quot;Tiki Tiki Laranga&quot; #01475 New Color Harmony New from Hand & Nail Harmony comes Gelish Color Gels. The gels come in an array of colors, apply like polish, with twist cap and applicator, but are cured in a LED lamp in 30 seconds or in two minutes in traditional UV lamps, just like gels. Gelish stays on nails for three weeks with no chipping or peeling, and soak completely off in only 15 minutes. Makeup Nails Beauty Nail Polish"
191-195-133-216,3,0,5432,B002XHADBO,"Maybelline New York XXL Volume Waterproof Mascara, Very Black 523, 0.3 Fluid Ounce Maybelline 7x the volume. Step 1: builds lashes. Step 2: provides intense color. Waterproof also available in washable. Contact lens safe and ophthalmologist tested. Makeup Beauty Eyes Mascara"
191-195-133-216,3,1,5434,B002XHC484,"Maybelline New York XXL Curl Waterproof Mascara, Very Black 532, 0.28 Fluid Ounce Maybelline Step 1: curls to a 30&#xB0; angle. Step 2: provides 12-hour hold. Waterproof; also available in washable. Contact lens safe, ophthalmologist tested. Makeup Beauty Eyes Mascara"
191-195-133-216,3,2,5435,B002XHFIM8,"Maybelline New York XXL Curl Washable Mascara, Very Black 531, 0.34 Fluid Ounce Maybelline Step 1 curls to a 45&#xB0; angle. step 2 provides 12 hour hold. Washable  also available in waterproof. Contact lens safe, ophthalmologist tested. Makeup Beauty Eyes Mascara"
195-97-68-83,3,0,8062,B0057N3TPS,"Too Faced Matte Eye Collection, 0.39 Ounce Too Faced The modern way to wear matte is soft, sexy and sophisticated. Our Matte Eye Collection combines the best of both warm and cool tones in easy-to-wear, suede neutrals. It will have you looking polished and pretty in a flash, without the flash. Makeup Eye Shadow Beauty Eyes"
195-97-68-83,3,1,8951,B006JZ0IRA,"Too Faced Natural Radiance Face Palette, 0.65 Ounce Too Faced Our multi-tasking face palette contains everything you need to create a warm, all-over glow. A thoughtfully selected assortment of natural, sun-kissed shades delivers a healthy, no-makeup look that is irresistibly sexy. Makeup Beauty"
195-97-68-83,3,2,10912,B00AYCOLMC,"Too Faced The Secret to No Makeup Makeup Fresh and Flawless Face Palette, 0.65 Ounce Too Faced Why we love it: our new multitasking face palette is your answer to creating the illusion of flawlessness. The collection is dedicated to complexion perfection, for a flawless, ""I was born perfect"" look any time of the day. The kit has everything you need to create a complete look so it's great for traveling or sleepovers. Includes our signature how-to glamour guide with three looks to get you started. Makeup Beauty Powder Face"
200-146-200-217,3,0,5239,B002RUH3OM,"Peppermint 100% Pure Therapeutic Grade Essential Oil- 10 ml * The Peppermint plant is a summer-growing perennial with upright square stems reaching three feet in height at maturity.

* Botanical Name: Mentha piperita
* Aromatic Aroma: Has strong minty notes with herbaceous warm undertones.
* Consistency: Thin
* Note: Top
* Aroma Strength: Strong
* Extraction Method: Steam Distilled
* Plant Part: Herb
* Origin: India
* Color: Colorless to pale yellow
* Common Uses: It is widely credited with being a digestive aid. The leaves contain menthol, which is a proven aid to digestion. The familiar aroma of Peppermint is known for both its warming and cooling properties. Friendly to the sinuses, it is also useful to the muscular system, especially for women during monthly cycles or menopause. Properties include being refreshing, a mental stimulant and energizing. It relieves bad breath and is a good nerve tonic that helps with mental fatigue and nervous stress.
* Blends Well With: Basil, Bergamot, Cajeput, Cedarwood, Eucalyptus, Lemon, Lime, Mandarin, Pine, Rosemary, Spearmint, Sweet Marjoram and Thyme.
* History: Peppermint oil is one of the world's oldest medicinal herbs with documented use in ancient Egypt, Greece and Rome.
* Cautions: Should be used well diluted since high concentration can cause a burning sensation and sensitization. Avoid use during pregnancy. Fragrance Women's Beauty Essential Oils"
200-146-200-217,3,1,5242,B002RXK1UC,"Rosemary 100% Pure Therapeutic Grade Essential Oil- 10 ml * Rosemary is an aromatic shrub has scaly bark and dense, leathery needle-like leaves. Tiny pale blue blossoms abound from December through spring. Rosemary can grow to heights of five to six feet.

* Botanical Name: Rosmarinus Officinalis
* Aromatic Aroma: Rosemary has a strong, clear, penetrating, camphoraceous and herbaceous aroma.
* Consistency: Thin
* Note: Top
* Aroma Strength: Strong
* Extraction Method: Steam Distilled
* Plant Part: Herb
* Origin: Spain
* Color: Colorless to pale yellow
* Common Uses: It stimulates cell renewal and improves dry or mature skin, easing lines and wrinkles. It can also clear acne, blemishes or dull dry skin by fighting bacteria and regulating oil secretions. It improves circulation and can reduce the appearance of broken capillaries and varicose veins. Rosemary helps to overcome mental fatigue and sluggishness by stimulating and strengthening the entire nervous system. It enhances mental clarity while aiding alertness and concentration. Rosemary can help you cope with stressful conditions and see things from a clearer perspective.
* Blends Well With: Basil, Bergamot, Cedarwood, Frankincense, Ginger, Lemon, Orange and Peppermint.
* History: Rosemary was used in Roman burial rites, and that practice continued well into the middle ages when it was customary to lay branches of rosemary on the coffin at funerals. Because it grows in proximity to the sea, its name means Dew of the Sea. Its leaves were traditionally burned in hospitals to purify the air.
* Cautions: Generally non-toxic and non-sensitizing. It is not suitable for people with epilepsy or high blood pressure. Avoid in pregnancy since it is an emmenagogue. Fragrance Women's Beauty Essential Oils"
200-146-200-217,3,2,8152,B005CBI5BS,"Carrot 100% Pure Therapeutic Grade Essential Oil- 5 ml * Botanical Name: Daucus carota
* Plant Part: Seeds
* Extraction Method: Steam Distillation
* Origin: India
* Description: It is an annual or biennial herb with hairy leaves and umbels of white lacy flowers with purple centers.
* Color: Pale Yellow to amber liquid.
* Common Uses: Carrot Seed is fantastic for skin care (revitalizing and toning) and considered one of the best essential oils for mature skin. Carrot seed oil also assists in removing toxins and water build up in the skin giving it a fresher more firmer appearance. Carrot seed oil has a detoxifying effect on the liver and cleans the digestive system and the body as a whole. It is helpful for arthritis, gout, edema, rheumatism and the accumulation of toxins in muscles and joints.
* Consistency: Light
* Note: Middle
* Strength of Aroma: Medium
* Blends well with: Frankincense, Lavender, Rosewood, Blue Cypress, Geranium
* Aromatic Scent: Woody-earthy, slightly spicy, strong, fruity, warm, herbaceous and musky.
* History: The name is derived from the Greek 'Carotos' and had great medicinal value in ancient times, especially for its carminative properties.
* Cautions: Should be avoided during pregnancy. For external use only. Body Scrubs Beauty Scrubs & Body Treatments Bath & Body"
207-89-47-216,3,0,3337,B001A3ATP2,"Diane 2&quot; Bobby Pins, Black, 300-pack Tub Diane 2 inches bob pins for hair. Great for up-dos. Simulated rubber tips. Crimped style. Black. 300 per tub. Hair Care Beauty Hair Pins Styling Accessories Styling Tools"
207-89-47-216,3,1,4752,B002BDW2NW,"Diane 2.5&quot; Jumbo Bob Pins, Bronze, 100-pack Tub Diane 2.5 inches jumbo bob pins for hair. Great for up-dos. Simulated rubber tips. Flat style. Bronze. 100 per tub. Hair Care Beauty Hair Pins Styling Accessories Styling Tools"
207-89-47-216,3,2,9282,B00752ZINU,"Diane 2&quot; Bobby Pins, Black, 1lb Box Diane 2 inches bob pins for hair. Great for up-dos. Simulated rubber tips. Crimped style. Black. One pound box. Hair Care Beauty Hair Pins Styling Accessories Styling Tools"
218-17-70-11,3,0,9797,B008532DIG,"Hannah Natural 100% Chemical Free Hair Dye, Black, 100 Gram Hannah Natural Hannah Natural's herbal hair dyes are 100% natural and chemical free. Switch to our all natural product and see and feel the difference. Contains more than 10 natural herbs such as indigo, henna, amla, brahmi, and more that are well known for their herbal benefits in Ayurveda. This particular product gives a deep black hair color and long lasting results over a prolonged period. Beauty Hair Color Hair Care Chemical Hair Dyes"
218-17-70-11,3,1,9800,B008533SJ4,"Hannah Natural 100% Chemical Free Hair Dye, Dark Brown, 100 Gram Hannah Natural's herbal hair dyes are 100% natural and chemical free. Switch to our all natural product and see and feel the difference. Contains more than 10 natural herbs such as indigo, henna, amla, brahmi, and more that are well known for their herbal benefits in Ayurveda. This particular product gives a deep black hair color and long lasting results over a prolonged period. Beauty Hair Color Hair Care Chemical Hair Dyes"
218-17-70-11,3,2,10540,B009YSTOHY,"Hannah Natural Pure Herbal Henna Powder, 100 Gram Hannah Natural Our herbal henna is 100% natural and chemical free. Switch to our all natural product and see and feel the difference. Contains more than 10 natural herbs such as indigo, henna, amla, brahmi, and more that are well known for their herbal benefits in ayurveda. Beauty Hair Color Hennas Hair Care"
218-85-108-221,3,0,1515,B000HLH758,"Dabur  Vatika Hair Oil, 300 ml Bottle Dabur Dabur Vatika is a premium coconut hair oil enriched with henna, amla, lemon, and six other trusted herbs. Vatika's unique natural formulation ensures deeper oil penetration to give your hair and scalp complete nourishment for problem-free, healthy hair. Hair & Scalp Treatments Beauty Hair Care"
218-85-108-221,3,1,1612,B000JWM7FA,"Dabur Vatika Enriched Coconut Hair Oil 300ml (Pack of 2 Bottles) Dabur Vatika Hair Oil is a delicate mix of pure coconut oil with special hair care herbs including henna, amla and lemon. Blended together to strengthen each strand of hair from within. Vatika provides natural nourishment to your hair. Giving it body and radiance, taking care of the critical balance of nutrients. Hair & Scalp Treatments Beauty Hair Care"
218-85-108-221,3,2,5133,B002P3L08Q,"Dabur  Vatika Hair Oil, 300-ml Bottles (Pack of 4) Dabur Dabur Vatika is a premium coconut hair oil enriched with henna, amla, lemon, and six other trusted herbs. Vatika's unique natural formulation ensures deeper oil penetration to give your hair and scalp complete nourishment for problem-free, healthy hair. Hair & Scalp Treatments Beauty Hair Care"
225-113-192-14,3,0,6251,B003ONJH8Q,"CND Shellac Color Coat with UV3 Technology, Top Coat CND Cosmetics Patent-pending formulations provides the crucial foundation for the Shellac system. Makeup Nails Beauty Top & Base Coats"
225-113-192-14,3,1,6252,B003ONLAXQ,"Creative Nail Shellac, UV Base Coat, 0.25 Fluid Ounce CND Cosmetics Patent-pending formulations provides the crucial foundation for the Shellac system. Makeup Nails Beauty Top & Base Coats"
225-113-192-14,3,2,7321,B004JIDUWE,Creative CND Shellac UV top coat 0.25oz CND Cosmetics Shellac UV Top Coat 0.25oz Makeup Nails Beauty Top & Base Coats
225-5-0-192,3,0,280,B0001432S2,"OPI Natural Nail Strengthener Treatment, 0.5-Fluid Ounce OPI Builds in layers of protection on natural nails. helps natural nail grow stronger Hands & Nails Nail Strengthening Beauty Nail Treatments Skin Care"
225-5-0-192,3,1,2093,B000QTFT2Y,"OPI Nail Envy Original Natural Nail Strengthener 0.5oz/15ml OPI Maximum strength formula with Hydrolyzed Protein and Calcium helps nails grow harder, longer and stronger and resist peeling, cracking and splitting. Hands & Nails Nail Strengthening Beauty Nail Treatments Skin Care"
225-5-0-192,3,2,3330,B0019X2C3A,"OPI Nail Envy Dry &amp; Brittle, 0.5 Ounce OPI For dry, brittle nails that breaks instead of bend Makeup Nails Beauty Nail Polish"
230-31-61-181,3,0,2072,B000Q8LFX2,Spenco Polysorb Total Support Spa Slippers Beauty Tools & Accessories Nail Tools
230-31-61-181,3,1,7242,B004H85FTM,"Spenco Yumi - Women's Sandal - Caramel/Coffee Spa Slippers Beauty Tools & Accessories Clothing, Shoes & Jewelry Nail Tools Women"
230-31-61-181,3,2,7360,B004KG2XDW,"Spenco Men's Kholo Support Sandal Spa Slippers Men Beauty Tools & Accessories Clothing, Shoes & Jewelry Nail Tools"
231-164-0-74,3,0,7367,B004KRV8MS,"Sally Hansen Hard as Nails Xtreme Wear, Black Out, 0.4 Fluid Ounce Sally Hansen Sally Hansen hard as nails xtreme wear offers extreme strength and shine. Match your manicure to your mood with fun, trendy shades. Easy grip, easy glide brush designed for complete control. Match your manicure to your mood. Fun, trendy shades-collect them all and change your nail polish as often as you like. Easy grip, easy glide brush designed for complete. Available in 30 of the hottest, most wanted shades. Makeup Nails Beauty Nail Polish"
231-164-0-74,3,1,7374,B004KS0ODG,"Sally Hansen Hard as Nails Xtreme Wear, Blue Me Away, 0.4 Fluid Ounce Sally Hansen Sally Hansen hard as nails xtreme wear offers extreme strength and shine. Match your manicure to your mood with fun, trendy shades. Easy grip, easy glide brush designed for complete control. Match your manicure to your mood. Fun, trendy shades-collect them all and change your nail polish as often as you like. Easy grip, easy glide brush designed for complete. Available in 30 of the hottest, most wanted shades. Makeup Nails Beauty Nail Polish"
231-164-0-74,3,2,7379,B004KS2OD4,"Sally Hansen Xtreme Wear Nail Color, Mint Sorbet, 0.4 Fluid Ounce Sally Hansen Sally Hansen hard as nails xtreme wear offers extreme strength and shine. Match your manicure to your mood with fun, trendy shades. Easy grip, easy glide brush designed for complete control. Match your manicure to your mood. Fun, trendy shades-collect them all and change your nail polish as often as you like. Easy grip, easy glide brush designed for complete. Available in 30 of the hottest, most wanted shades. Makeup Nails Beauty Nail Polish"
231-171-194-135,3,0,10658,B00AA17N4U,Gelish - The Shadows Collection - Inner Vixen # 01461 Nail Harmony Gelish - The Shadows Collection - Inner Vixen # 01461 Makeup Nails Beauty Nail Polish
231-171-194-135,3,1,11837,B00H927WRG,Gelish - Trends Collection - Lots of Dots # 01859 Nail Harmony Gelish - Trends Collection - Lots of Dots # 01859 Makeup Nails Beauty Nail Polish
231-171-194-135,3,2,11838,B00H92CA8M,Gelish - Trends Collection - Getting Gritty with It # 01866 Nail Harmony Gelish - Trends Collection - Getting Gritty with It # 01866 Makeup Nails Beauty Nail Polish
231-171-194-33,3,0,11099,B00BIAKTMU,"gelish a mint of spring 467 2013 Gelish gelish a mint of spring 467 2013
 This item is non-returnable Makeup Nails Beauty Nail Polish"
231-171-194-33,3,1,11100,B00BIAPEV6,"gelish a petal for your thoughts 463 2013 Gelish gelish a petal for your thoughts 463 2013
This item is non-returnable Makeup Nails Beauty Nail Polish"
231-171-194-33,3,2,11101,B00BIAQ730,"gelish sweet morning dew 462 2013 Gelish gelish sweet morning dew 462 2013
This item is non-returnable Makeup Nails Beauty Nail Polish"
231-171-90-94,3,0,8069,B0057UQ8KE,2011 Summer New Collection RIO NEON by Harmony Gelish UV Soak Off - Tiki Tiki Laranga # 475 Nail Harmony Gel Polish by Harmony Makeup Nails Beauty Nail Polish
231-171-90-94,3,1,8070,B0057UR38A,2011 Summer New Collection RIO NEON by Harmony Gelish UV Soak Off - Shake It Til You Samba #476 Gelish Gel Polish by Harmony Makeup Nails Beauty Nail Polish
231-171-90-94,3,2,8071,B0057US3O8,2011 Summer New Collection RIO NEON by Harmony Gelish UV Soak Off - Carnaval Hangover #477 Gelish Gel Polish by Harmony Makeup Nails Beauty Nail Polish
231-43-172-153,3,0,8749,B0064ION50,"China Glaze Lorelei's Tiara 80774 Nail Polish China Glaze China Glaze Lorelei's Tiara is a silver with blue glitter in a clear base nail polish color. The silver glitter is small glitter, the blue is larger hex glitter. China Glaze Eye Candy Collection, Winter 2011. Makeup Nails Beauty Nail Polish"
231-43-172-153,3,1,9894,B008A3WGTM,"China Glaze Nail Polish I'm Not Lion 1080/80527 China Glaze China Glaze I'm Not Lion is a gold, silver and scattered holographic micro-glitter in clear base nail polish color.China Glaze Safari Collection, Fall 2012. Makeup Nails Beauty Nail Polish"
231-43-172-153,3,2,10295,B0094Q3P8K,"China Glaze Nail Polish - Cast A Spell - 0.5 oz China Glaze Dark swampy green with green and gold micro-glitter nail polish color. China Glaze Wicked Collection, Halloween 2012. Chip resistant formula. Gives long lasting manicures. Quick drying on nails Makeup Nails Beauty Nail Polish"
231-43-245-177,3,0,10581,B00A2XU2X0,"China Glaze Nail Lacquer, Surreal Appeal, 0.5 Fluid Ounce China Glaze Express yourself online and off with amazing china glaze color. Select from over 300 high gloss colors that give the confidence of gorgeous nails wherever and whenever it's time to shine. Makeup Nails Beauty Nail Polish"
231-43-245-177,3,1,10588,B00A2Y5KMM,"China Glaze Nail Lacquer, Def Defying, 0.5 Fluid Ounce China Glaze Express yourself online and off with amazing china glaze color. Select from over 300 high gloss colors that give the confidence of gorgeous nails wherever and whenever it's time to shine. Makeup Nails Beauty Nail Polish"
231-43-245-177,3,2,10988,B00B3TXURC,"China Glaze Nail Lacquer, Mimosa's Before Mani's, 0.5 Fluid Ounce China Glaze Express yourself online and off with amazing china glaze color. Select from over 300 high gloss colors that give the confidence of gorgeous nails wherever and whenever it's time to shine. Makeup Nails Beauty Nail Polish"
231-43-245-180,3,0,10586,B00A2Y3LD2,"China Glaze Nail Lacquer, Whirled Away, 0.5 Fluid Ounce China Glaze Express yourself online and off with amazing china glaze color. Select from over 300 high gloss colors that give the confidence of gorgeous nails wherever and whenever it's time to shine. Makeup Nails Beauty Nail Polish"
231-43-245-180,3,1,10987,B00B3TNLJE,"China Glaze Nail Lacquer, Keep Calm, Paint On, 0.5 Fluid Ounce China Glaze Express yourself online and off with amazing china glaze color. Select from over 300 high gloss colors that give the confidence of gorgeous nails wherever and whenever it's time to shine. Makeup Nails Beauty Nail Polish"
231-43-245-180,3,2,11120,B00BKUHH50,"China Glaze Nail Lacquer, Sun Of A Peach, 0.5 Fluid Ounce China Glaze Express yourself online and off with amazing china glaze color. Select from over 300 high gloss colors that give the confidence of gorgeous nails wherever and whenever it's time to shine. Makeup Nails Beauty Nail Polish"
231-43-98-216,3,0,10296,B0094Q77PW,China Glaze Nail Polish - Bizarre Blurple - 0.5 oz China Glaze Chip resistant formula. Gives long lasting manicures. Quick drying on nails Makeup Nails Beauty Nail Polish
231-43-98-216,3,1,10439,B009L0YD6M,China Glaze Nail Polish - Angel Wings - 8.5 oz China Glaze Chip resistant formula. Gives long lasting manicures. Quick drying on nails Makeup Nails Beauty Nail Polish
231-43-98-216,3,2,10587,B00A2Y4OS8,"China Glaze Nail Lacquer, It's A Trap-Eze! , 0.5 Fluid Ounce China Glaze Chip resistant formula. Gives long lasting manicures. Quick drying on nails Makeup Nails Beauty Nail Polish"
234-11-30-125,3,0,1165,B000EEZAXO,"Method Gel Hand Wash 12oz, Sweet Water (Pack of 6) Method Hands & Nails Beauty Skin Care Hand Soaps"
234-11-30-125,3,1,5528,B0030T174Q,"Method Foaming Hand Wash Refill 28oz, Sweet Water (Pack of 6) Method Hands & Nails Beauty Skin Care Hand Soaps"
234-11-30-125,3,2,7431,B004M2Y7RY,"Method Gel Dish Pump Refill 36oz, Cucumber (Pack of 2) Method Soaps Beauty Bath & Body Cleansers"
238-112-114-251,3,0,6666,B0041PFZZK,WEN Cucumber Aloe Cleansing Conditioner 6oz WEN&reg; by Chaz Dean WEN Cucumber Aloe Cleansing Conditioner 6 Oz. Body Scrubs Beauty Scrubs & Body Treatments Bath & Body
238-112-114-251,3,1,7709,B004VYHMU2,Wen Pomegranate (Gluten Free) Cleansing Conditioner 32oz. WEN Pomegranate Cleansing Conditioner 32oz. Body Scrubs Beauty Scrubs & Body Treatments Bath & Body
238-112-114-251,3,2,11525,B00ELNDKUY,WEN By Chaz Dean Fall Apple Spice Cleansing Conditioner 16 Oz WEN&reg; by Chaz Dean Wen by Chaz dean Fall Apple Spice Cleansing Conditioner 16 oz Body Scrubs Beauty Scrubs & Body Treatments Bath & Body
238-216-8-73,3,0,9201,B006ZAHBIS,Beautiful Textures Curl Control Defining Pudding Beautiful Textures Beautiful Textures Curl Control Defining Pudding for mixed textures. Curl Enhancers Beauty Styling Products Hair Care
238-216-8-73,3,1,9202,B006ZAHBLU,Beautiful Textures Tangle Taming Leave-in Conditioner Beautiful Textures Beautiful Textures Tangle Taming Leave-in Conditioner for mixed textures. Beauty Hair Care Conditioners
238-216-8-73,3,2,9203,B006ZAHBT2,Beautiful Textures Moisture Butter Whipped Curl Creme Beautiful Textures Beautiful Textures Moisture Butter Whipped Curl Creme for mixed textures. Curl Enhancers Beauty Styling Products Hair Care
24-175-227-53,3,0,8232,B005FO1S0W,"Slim Extreme 3d Super-concentrated Serum Shaping Buttocks, 200mL INTENSIVELY SHAPING TREATMENT BRINGING OUT THE BEAUTY OF FEMININE FIGURE! Buttocks regain rounded and seductive shape. Revolutionary formula based on unique Full-shape? complex and Volufiline?, makes the serum instantly fill in, shape and lift buttocks. Already after first application creates lifting micro grid, providing fast effect of rounded and firm buttocks. The serum makes buttocks full, perfectly shaped and maximally lifted. Prevents from skin flabbiness and protects against stretch marks formation. SELECTED INGREDIENTS: &#x2022; Volufiline? - Asian plant Gardenia Asiatica natural extract, used for ages in natural medicine. Stimulates lipids development in fatty cells (adipocytes), regulates the process of their storage. Makes the buttocks fuller and rounder. &#x2022; Full-shape? - complex based on Kigelia Africana improving elasticity of connective tissue fibers. Shapes the buttocks line and gives immediate push-up effect. &#x2022; Hyaluronic acid - acts like ""molecular sponge"", maximally moisturizing the skin. Its chain structure, interlacing spaces with collagen fibers, reinforces the buttocks and ensures their youthful resilience. &#x2022; Caffeine - stimulates microcirculation, accelerates cellular meta-bolism in the skin, at the same time increasing its firmness and elasticity. &#x2022; Laminaria Algae - contain several vitamins, mineral salts, antioxidants and amino acids, reinforce the structure of skin skeleton, improve metabolism in the skin, detoxicate and purify. Body Scrubs Beauty Scrubs & Body Treatments Bath & Body"
24-175-227-53,3,1,9013,B006NMY0MS,"Slim Extreme 3D Thermo Active Serum Shaping Waist, Abdomen and Buttocks - Fat Burner,8.8 fl. oz Tayongpo THREE-STEP SHAPING TREATMENT: Reduces adipose tissue, slims and shapes slim waist line Lifts buttocks and visibly corrects their contour Visibly reduces cellulite and improves skin elasticity and firmness Exceptionally intensive formula of Thermo Active Shaping Serum developed in Eveline Cosmetics laboratory, thanks to the combination of highly advanced active ingredients helps to perfect the shape of woman's body. Extremely effective THERMO FAT BURNER formula delicately warms up the skin, ensuring immediate penetration of active substances deep into epidermis, maximally accelerating reduction of adipose tissue. Serum rapidly slims abdomen, improving the waist shape, modeling and firming buttocks, bringing out their slim contour. Additionally, stimulates micro-circulation in areas covered by cellulite, which significantly accelerates smoothening unevenness, improving skin elasticity and firmness. SELECTED ACTIVE INGREDIENTS: Thermo Fat Burner - actively reduces deposits of fats, effectively removes stored lipids. MDL Complex - smoothens hypodermic unevenness as well as improves skin elasticity and firmness. Caffeine - stimulates metabolism and burning of fatty cells. Ivy and Horsetail Extract - support collagen and elastin production. Laminaria Algae - rich in mineral salts, deeply moisturize, soothe and eliminate toxins from tissues, additionally reinforcing the skin. EFFECTS*: Visible improvement of abdomen and buttocks firmness Tangible lifting and improvement in buttocks shape Reduction of unwanted roundness and waist slimming * self-evaluation test conducted on selected group of women for 4 weeks Moisturizers Beauty Body Skin Care Creams"
24-175-227-53,3,2,11419,B00DJ4MQDI,"EVELINE COSMETICS SLIM EXTREME 4D INTENSE SERUM REDUCING FATTY TISSUE Eveline Cosmetics Innovative formula, rich in advanced active ingredients acting in synergy with IntenslimTM complex, visibly reduces waist girth and slenderises silhouette. bioHyaluron Slim ComplexTM containing hyaluronic acid intensely moisturises, smoothens and firms. Plant milk Chufa Milk EC, laminaria algae and grape seed oil nourish and invigorate epidermis.

APPLICATION: twice a day vigorously massage the product with circular movements into problematic parts of the body (waist, abdomen, buttocks, thighs) until fully absorbed. Pleasant cooling sensation accompanying application is the guarantee of immediate action of the serum. Wash hands after application. Body Scrubs Beauty Scrubs & Body Treatments Bath & Body"
240-110-98-186,3,0,8141,B005C2O3PO,"Hard Candy Glamoflauge HEAVY DUTY CONCEALER with pencil (light color 312) Hard Candy Create a flawless surface by covering birth marks, freckles, dark circles and even tattoos! Makeup Beauty Concealers & Neutralizers Face"
240-110-98-186,3,1,8354,B005JPAZHE,Hard Candy Glamoflauge HEAVY DUTY CONCEALER with pencil (TAN color 314) Hard Candy Concealer Full Coverage Heavy Duty Makeup Beauty Concealers & Neutralizers Face
240-110-98-186,3,2,10547,B009Z3LOTE,"Hard Candy Glamoflauge HEAVY DUTY CONCEALER with pencil (Ultra Light shade 487) Zupishi A heavy duty, highly pigmented, blendable concealer that provides the ultimate coverage. Create a flawless surface by covering birth marks, freckles, dark circles and even tattoos! Makeup Beauty Concealers & Neutralizers Face"
240-204-141-222,3,0,5713,B00373FPG6,"e.l.f. Blush, Peachy Keen, 0.168 Ounce e.l.f. Cosmetics The soft sheer texture blends into the skin for a silky finish. Designed to be worn alone or layered for more depth. Highlight your complexion with a subtle healthy glow. Makeup Blush Beauty Face"
240-204-141-222,3,1,5714,B00373MSNE,"e.l.f. Blush, Blushing Rose, 0.168 Ounce e.l.f. Cosmetics The soft sheer texture blends into the skin for a silky finish. Designed to be worn alone or layered for more depth. Highlight your complexion with a subtle healthy glow. Makeup Blush Beauty Face"
240-204-141-222,3,2,7755,B004X1QECA,"e.l.f. Blush, Fuchsia Fusion, 0.168 Ounce e.l.f. Cosmetics The soft sheer texture blends into the skin for a silky finish. Designed to be worn alone or layered for more depth. Highlight your complexion with a subtle healthy glow. Makeup Blush Beauty Face"
241-210-51-48,3,0,10467,B009PZF7WM,"World Pride Gorgeous Long Curly Clip-on Hair Extension Wigs - Light Brown World Pride Package included:
1  Light Brown Hair Pieces. Hair Extensions & Wigs Hair Care Beauty Hair Extensions Styling Products"
241-210-51-48,3,1,10468,B009PZGYJM,World Pride Gorgeous Long Curly Clip-on Hair Extension Wigs - Black World Pride Package included:1  Black Hair Pieces /Hair Extenstions/Wigs Hair Extensions & Wigs Hair Care Beauty Hair Extensions Styling Products
241-210-51-48,3,2,10965,B00B1OOZU0,"Better Dealz 20&quot; 135g Long Curly Clip-on Hair Extension Wigs Chestnut Brown,chocolate Brown,light Blonde,medium Brown,brown,natural Black Six Color to Choose (Chestnut Brown) Better Dealz One Piece Curly Wavy Hair Extension
Size:20""L for Length,  9.5"" for width
Material:Synthetic Hair
Weight:135g Hair Extensions & Wigs Hair Care Beauty Hair Extensions Styling Products"
243-95-82-204,3,0,4495,B001U3QTRO,"Filtered Super Creamy Yellow Shea Butter - 8 Oz Why do we filter it? Raw Unrefined Shea Butter is shipped from Africa full of impurities and broken shells etc. We Systematically clean most of it, we pack it well and we sell it as such. However 10% of all the impurities cannot be removed unless we melt the Shea Butter at a controlled temperature. Then We mechanically filter it, add shea oil to it to increase the ratio of the fatty acids then restore it to its solid state through a process we ( Organic Herbal Essence ) mastered in our Lab so that the final product is nevrer grainy nor brittle but rather soft and creamy. Please Note that Shea Butter hardens in cool temperature and softens when slightly heated. The filtered shea butter is much superior at the unfiltered one although both are RAW AND UNREFINED, it also saves time and money since the filtered Shea butter is ready for use right away. Moisturizers Beauty Body Butter Body Skin Care"
243-95-82-204,3,1,5107,B002N6SBJ6,"32oz. Organic Yellow FILTERED CREAMY Shea Butter By SaaQin&reg; Why do we filter it? Raw Unrefined Shea Butter is shipped from Africa full of impurities and broken shells etc. We Systematically clean most of it, we pack it well and we sell it as such. However 10% of all the impurities cannot be removed unless we melt the Shea Butter at a controlled temperature. Then We mechanically filter it.

The final product is 100% Free of impurities, bacteria Free, in warm temperatures the butter is very soft and ready to use right away.

It comes sealed in a temper proof jar, the jar is impervious to light which protects the Shea butter from degradation and color change. Moisturizers Beauty Body Butter Body Skin Care"
243-95-82-204,3,2,7777,B004XL4IN2,"Authentic Organic African Shea Butter FILTERED &amp; CREAMY 32 Oz Why do we filter it? Raw Unrefined Shea Butter is shipped from Africa full of impurities and broken shells etc. We Systematically clean most of it, we pack it well and we sell it as such. However 10% of all the impurities cannot be removed unless we melt the Shea Butter at a controlled temperature. Then We mechanically filter it, add shea oil to it to increase the ratio of the fatty acids then restore it to its solid state through a process we ( Organic Herbal Essence ) mastered in our Lab so that the final product is nevrer grainy nor brittle but rather soft and creamy. Please Note that Shea Butter hardens in cool temperature and softens when slightly heated. The filtered shea butter is much superior at the unfiltered one although both are RAW AND UNREFINED, it also saves time and money since the filtered Shea butter is ready for use right away. Moisturizers Beauty Body Butter Body Skin Care"
245-195-214-245,3,0,2437,B000VUV9QI,"Classic Cotton Balls Jumbo Size, 100 Count Classic Classic cotton balls are soft and gentle to all skin types.  They are perfect for the removal of make-up and nail polish.  Use to apply oils, powders and lotions to baby's delicate skin.  Soft, safe care for cleaning baby's eyes, ears and nose.  Cotton rounds are useful for everyday clean up, polishing, and for use with hobbies and crafts.  U.S. cotton, 531 cotton blossom circle, gastonia, NC 28054-5245 T: 800-321-1029. Cotton Balls Beauty Tools & Accessories Cotton & Swabs"
245-195-214-245,3,1,5274,B002T5IN5I,"Swisspers Cotton Squares, 80 Count Swisspers Swisspers 100% cotton squares are perfect fo all your cosmetic needs. Made from 100% pure natural cotton and covered with a durable , yet soft surface. Dual textured pad fleece surface for nail care, embossed texture great for skin care, quilted for strength, can be used to control shine. Removes foundations, eye make-up and nail polish. Applies toners, astringents and lotion. U.S. cotton, 531 cotton blossom circle, gastonia, NC 28054-5245 T: 800-321-1029. Beauty Tools & Accessories Cotton Swabs Cotton & Swabs"
245-195-214-245,3,2,10334,B009ANKCOW,"Swisspers Organic Cotton Swabs On Wood Sticks, 180 Count Swisspers organic swabs use only virgin staple fiber that makes superior cotton rounds that are noticeably softer. The organic farming methods replenish the soil, protect the purity of air, water and food supplies, and preserve precious resources. Swisspers organic cotton is grown by a cooperative of small family-owned farms. Their fields are regularly inspected by independent certifiers to ensure the highest standards of organic practices. U.S. cotton, 531 cotton blossom circle, gastonia, NC 28054-5245 T: 800-321-1029. Beauty Tools & Accessories Cotton Swabs Cotton & Swabs"
248-145-117-117,3,0,8942,B006J5YANS,"Smashbox Camera Ready BB Cream SPF 35 Medium Smashbox Your go-to for flawless skin. Just let it BB.So what does BB do?PRIMES: Wear alone, or under your favorite foundation to create a smooth canvas.PERFECTS: Tinted formula in 5 shades evens out skin for a flawless finish.HYDRATES: Improves skin moisture in 4 weeks. Guaranteed.PROTECTS: SPF 35 guards against UVA/UVB rays.Tips:BB TIP 1: BB any way you want. Use it as a primer. Use it for light coverage. Use it however you see fit!BB TIP 2: Don't use too much! Just a pea size will do. (Hint: if you need more coverage, see tip #3. No need for lots of layers.)BB TIP 3: Looks great alone for quick, camera-ready skin. Or pair BB with your favorite foundation for more coverage. We adore it with Halo Hydrating Perfecting Powder.BB TIP 4: Have dry skin? Still moisturize first. Have oily/combination skin? BB is all you'll need.BB TIP 5: Regular use will improve your skin! BB is loaded with anti-aging peptides for a decrease in fine lines over time, plus it Creams & Moisturizers Beauty Skin Care Face"
248-145-117-117,3,1,8943,B006J5YB2I,"Smashbox Camera Ready BB Cream SPF 35 Fair Smashbox Your go-to for flawless skin. Just let it BB.So what does BB do?PRIMES: Wear alone, or under your favorite foundation to create a smooth canvas.PERFECTS: Tinted formula in 5 shades evens out skin for a flawless finish.HYDRATES: Improves skin moisture in 4 weeks. Guaranteed.PROTECTS: SPF 35 guards against UVA/UVB rays.Tips:BB TIP 1: BB any way you want. Use it as a primer. Use it for light coverage. Use it however you see fit!BB TIP 2: Don't use too much! Just a pea size will do. (Hint: if you need more coverage, see tip #3. No need for lots of layers.)BB TIP 3: Looks great alone for quick, camera-ready skin. Or pair BB with your favorite foundation for more coverage. We adore it with Halo Hydrating Perfecting Powder.BB TIP 4: Have dry skin? Still moisturize first. Have oily/combination skin? BB is all you'll need.BB TIP 5: Regular use will improve your skin! BB is loaded with anti-aging peptides for a decrease in fine lines over time, plus it Makeup Foundation Beauty Face"
248-145-117-117,3,2,9344,B0079HNKLI,"Smashbox Camera Ready BB Cream SPF 35 Light/Medium Smashbox Your go-to for flawless skin. Just let it BB.So what does BB do?PRIMES: Wear alone, or under your favorite foundation to create a smooth canvas.PERFECTS: Tinted formula in 5 shades evens out skin for a flawless finish.HYDRATES: Improves skin moisture in 4 weeks. Guaranteed.PROTECTS: SPF 35 guards against UVA/UVB rays.Tips:BB TIP 1: BB any way you want. Use it as a primer. Use it for light coverage. Use it however you see fit!BB TIP 2: Don't use too much! Just a pea size will do. (Hint: if you need more coverage, see tip #3. No need for lots of layers.)BB TIP 3: Looks great alone for quick, camera-ready skin. Or pair BB with your favorite foundation for more coverage. We adore it with Halo Hydrating Perfecting Powder.BB TIP 4: Have dry skin? Still moisturize first. Have oily/combination skin? BB is all you'll need.BB TIP 5: Regular use will improve your skin! BB is loaded with anti-aging peptides for a decrease in fine lines over time, plus it Creams & Moisturizers Beauty Skin Care Face"
248-214-209-63,3,0,10218,B008XWY8Y6,"READY&reg; SPF 20 Foundation in Fairly Light Bare Escentuals bareMinerals READY SPF 15 Touch Up Veil diffuses the look of imperfections while reducing shine for a flawless finish throughout the day. Powered by our proprietary SeaNutritive MineralTM Complex, this formula delivers incredible skin-nourishing benefits. Makeup Foundation Beauty Face"
248-214-209-63,3,1,10219,B008XWYA0S,"READY&reg; SPF 20 Foundation in Light Bare Escentuals bareMinerals READY SPF 15 Touch Up Veil diffuses the look of imperfections while reducing shine for a flawless finish throughout the day. Powered by our proprietary SeaNutritive MineralTM Complex, this formula delivers incredible skin-nourishing benefits. Makeup Foundation Beauty Face"
248-214-209-63,3,2,10220,B008XWYBF2,"READY&reg; SPF 20 Foundation in Medium Beige Bare Escentuals bareMinerals READY SPF 15 Touch Up Veil diffuses the look of imperfections while reducing shine for a flawless finish throughout the day. Powered by our proprietary SeaNutritive MineralTM Complex, this formula delivers incredible skin-nourishing benefits. Makeup Foundation Beauty Face"
248-57-129-220,3,0,7527,B004OFPH3W,"Bare Escentuals bareMinerals Purely Nourishing Moisturizer: Combination Skin Bare Escentuals Hydrate skin with this lightweight, remarkably effective moisturizer for improved firmness, elasticity, radiance and skin texture. Powered by our 100% pure RareMinerals ActiveSoil Complex with a unique electrolyte delivery system, it's formulated to provide the perfect amount of hydration for combination skin while potent antioxidants help protect skin from environmental stressors. The result? Naturally luminous, younger-looking skin day after day. Size: 50 mL / 1.7 Fl. Oz. Creams & Moisturizers Beauty Fluids & Lotions Lotions Face Skin Care"
248-57-129-220,3,1,7528,B004OFYMW4,"Bare Minerals Purely Nourishing Cream Dry Skin 1.7 oz Bare Escentuals Deeply nourish skin with this luxuriously rich cream for improved firmness, elasticity, radiance and skin texture. Powered by our 100% pure RareMinerals ActiveSoil Complex with a unique electrolyte delivery system, it's formulated to provide ultimate moisturization for dry skin while potent antioxidants help protect skin from environmental stressors. The result is skin that's soft, smooth and naturally luminous. Size: 50 mL / 1.7 Fl. Oz. Creams & Moisturizers Beauty Fluids & Lotions Lotions Face Skin Care"
248-57-129-220,3,2,8234,B005FPN0I4,"Bare Escentuals Purely Nourishing Moisturizer - Normal To Dry Skin 1.7 oz Bare Escentuals Fresh and youthful skin comes with Bare Escentuals bareMinerals Purely Nourishing Moisturizer - Normal to Dry Skin. Nourish skin with this remarkably effective moisturizer for improved firmness, elasticity, radiance and smoother skin texture. Powered by our ActiveSoil Complex with a unique electrolyte delivery system, its formulated to deliver the optimal amount of moisturization for normal to dry skin while potent antioxidants help protect skin from environmental stressors. The result is skin thats soft, smooth and incredibly luminous.... Creams & Moisturizers Beauty Fluids & Lotions Lotions Face Skin Care"
29-135-227-63,3,0,2215,B000TAV7VM,"Alter Ego Revitalizing Lotion (Lozione Rivitalizzante) 125ml Alter Ego Product Description:

&#x2022;Trace Elements and Soy Protein

-Professional Use 

-Revitalizing Lotion Treatment that restructures the hair and revitalizes the scalp. This lotion is an optimum natural energy restorative, that feeds both the hair and the scalp,putting back minerals salts,proteins and vitamins,thanks to the innovative use of seaweed extract and soy seeds. Hair & Scalp Treatments Beauty Hair Care"
29-135-227-63,3,1,2230,B000TF70J0,"Salerm Energy Hair Regenerator 4 Applications Big Sale! Salerm ENERGY HAIR REGENERATOR 

It's a hard hitting treatment which provides the active substances necessary for the correct working of the pilous follicle. It accelerates the normalization of the scalp and capillary bulb. Suitable as a fast acting treatment in the case of hair lacking in vitality or malnourished. Its formula has now been improved by the incorporation of not only the active stimulating Serenoa Serulata extract, but also natural liquid hair which effectively reconstructs the capillary keratin. Ceramides have also been added to maintain the cohesion between the hair's varous keratin layers, resulting in shinier, healthier, full bodied locks.

DIRECTIONS : Apply to recently washed hair massaging gently. Do not rinse. Style as usual. It can be used daily in cases where hair loss is severe.

INGREDIENTS : AQUA (WATER), ALCOHOL DENAT., CERAMIDE-3, HYDROLYZED KERATIN, SERENOA SERULATA EXTRACT, CYSTEINE, INOSITOL, BIOTIN, CUPRESSUS SEMPERVIRENS (CYPRESS) EXTRACT, SOYBEAN (GLYCINE SOJA) EXTRACT, CALCIUM PANTOTHENATE, METHIONINE, ALOE BARBADENSIS (ALOE) EXTRACT, LAURYL GLUCOSIDE, SODIUM METHYLPARABEN, PROPYLENE GLYCOL, PHENOXYETHANOL, METHYLPARABEN, C.I. 19140 (FD&C; YELLOW No.5), C.I. 42090 (FD&C; BLUE No.1).

CONTAINS : 4 Phials X 13 ml (0,44 .) Hair Loss Products Beauty Hair Regrowth Treatments Hair Care"
29-135-227-63,3,2,3118,B00175X9WI,"ALTER EGO NEQUAL ENERGIZING INTENSIVE LOTION FEMALE for Hair loss Product Description
neQual ANTI-HAIR LOSS INTENSIVE LOTION FEMALE Intenisve regenerating lotion useful in helping to prevent hair loss. The extracts of Coral Seaweed (Corallina Officinals) and specific herbs help restore equlibrium and purify the scalp. Its specific formula with Soya and Wheat Proteins, helps nourish the hair bulb, reactivate the microcirculation and increase the exchange of oxygen. Intensive treatment recommended for hair loss due to physiological and/or pathological causes. USE: after cleansing with Shampoo Active Therapy, apply to the scalp and gently massage. Do not rinse off. INGREDIENTI (INCI E.U./INCI U.S.A): Aqua (Water), Alcohol Den, (Alcohol), Hydrolized Soy Protein, Propylene Glycol, Menthol, PEG-40 Hydrogenated Castor Oil, Hydrolized Corallina Officinalis, Hydrolyzed Wheat Gluten Hydrolyzed Wheat Protein, Urtica Diolca Extract(Urtica Dioica (Nettle) Extracts), Diazolidinyl Urea, Methyl Nicotinate, limonene, Linalool, Methylparaben, Rosmarinus Officinalis Labiatae (Rosemary Extract), Hexyl Cinnmal, Butylphenyl Methylpropional, Tetrasodium Edta, Propylparaben, Citronellol, Citral, Simethicone, Puo Contenere / May Contain / Peut Contenir / Puede Contener / Pode Conter / Sie Kann Beinhalten. CONTAINS : 10 ml / 12 phials Made in Italy Hair Loss Products Beauty Hair Care Conditioners"
29-157-208-97,3,0,2226,B000TDBJHQ,"Silicon MIX Intensive Hair Deep Treatment 36oz Silicon Mix Silicon Mix Intensive Hair Treatment

Hair treatment to restore the health, shine and the softness of dry, damaged and weak hair. 

DIRECTIONS : Wash hair and towel dry. Apply with massages. Leave on from 2 to 3 minutes depending on the condition of the hair. Rinse.

INGREDIENTS : Water, Mineral Oil, Cetyl Alcohol, Stearyl Alcohol, Glycerine, Citric Acid, Cetrimonium Chloride, Dimethycone Copolyol, Cyclomethicone, Keratin, Ceramide, Diazolidinyl Urea (and) Iodopropynyl Butylcarbamate, Fragrance.

SIZE : Net Wt. 36 oz / 1,020 g Hair & Scalp Treatments Beauty Hair Care"
29-157-208-97,3,1,2227,B000TDFA3K,"Silicon MIX Intensive Hair Deep Treatment 16oz By Avanti[health and Beauty] Avanti Silicon Mix Intensive Hair Treatment Hair treatment to restore the health, shine and the softness of dry, damaged and weak hair. DIRECTIONS : Wash hair and towel dry. Apply with massages. Leave on from 2 to 3 minutes depending on the condition of the hair. Rinse. INGREDIENTS : Water, Mineral Oil, Cetyl Alcohol, Stearyl Alcohol, Glycerine, Citric Acid, Cetrimonium Chloride, Dimethycone Copolyol, Cyclomethicone, Keratin, Ceramide, Diazolidinyl Urea (and) Iodopropynyl Butylcarbamate, Fragrance. Hair & Scalp Treatments Beauty Hair Care"
29-157-208-97,3,2,2229,B000TDG2PU,"SILICON MIX Intensive Hair Treatment 60 oz Silicon Mix Silicon Mix Intensive Hair Treatment

Hair treatment to restore the health, shine and the softness of dry, damaged and weak hair. 

DIRECTIONS : Wash hair and towel dry. Apply with massages. Leave on from 2 to 3 minutes depending on the condition of the hair. Rinse.

INGREDIENTS : Water, Mineral Oil, Cetyl Alcohol, Stearyl Alcohol, Glycerine, Citric Acid, Cetrimonium Chloride, Dimethycone Copolyol, Cyclomethicone, Keratin, Ceramide, Diazolidinyl Urea (and) Iodopropynyl Butylcarbamate, Fragrance.

SIZE : Net Wt. 60 oz / 1,700 g Hair & Scalp Treatments Beauty Hair Care"
3-192-208-204,3,0,7592,B004S2FY7K,"Mogador Certified Organic 100% Pure Argan Oil 1 fl. oz (30 mL) Mogador Argan Oil is 100% pure certified organic skin care and hair treatment product. Our Moroccan partner Feminine Coop is certified by ECOCERT and is widely recognized as the best argan oil producer. Mogador Argan Oil is cosmetic grade with no solvents used during the extraction. It is not deodorized. Under the supervision of our company's chemist, Mogador is imported according to a rigorous quality assurance plan, thus ensuring maximum freshness and batch consistency.
Mogador Argan oil is a multi-purpose organic skincare product that is effective in treating acne, psoriasis, eczema, and cold sores, as well as for deep scarring and burns.
Mogador is super rich in anti-aging antioxidants and vitamin E. These components make the skin refined, radiant and diminish the appearance of wrinkles.
Mogador is rich in Omega-6 and Omega-9, two essential fatty acids for creating prostaglandin, a natural anti-inflammatory, which reduces pain, swelling and inflammation. Mogador is the perfect massage oil to relax tired, tense muscles by stimulating blood circulation.
Mogador can also be applied as a nourishing hair-conditioning mask, restoring the natural softness and shine of your hair, relieving dry scalps. 
Used as a nail treatment, Mogador Argan oil fortifies dry, brittle nails. Moisturizers Beauty Body Oils Skin Care"
3-192-208-204,3,1,7593,B004S2G4FG,"Mogador Certified Organic 100% Pure Argan Oil 2 fl. oz (60 mL) Mogador Argan Oil is 100% pure certified organic skin care and hair treatment product. Our Moroccan partner Feminine Coop is certified by ECOCERT and is widely recognized as the best argan oil producer. Mogador Argan Oil is cosmetic grade with no solvents used during the extraction. It is not deodorized. Under the supervision of our company's chemist, Mogador is imported according to a rigorous quality assurance plan, thus ensuring maximum freshness and batch consistency. Mogador is a multi-purpose organic skincare product that is effective in treating acne, psoriasis, eczema, and cold sores, as well as for deep scarring and burns. Mogador is super rich in anti-aging antioxidants and vitamin E. These components make the skin refined, radiant and diminish the appearance of wrinkles. Mogador is rich in Omega-6 and Omega-9, two essential fatty acids for creating prostaglandin, a natural anti-inflammatory, which reduces pain, swelling and inflammation. Mogador is the perfect massage oil to relax tired, tense muscles by stimulating blood circulation. Mogador can also be applied as a nourishing hair-conditioning mask, restoring the natural softness and shine of your hair, relieving dry scalps. Used as a nail treatment, Mogador Argan oil fortifies dry, brittle nails. Creams & Moisturizers Beauty Fluids & Lotions Fluids Face Skin Care"
3-192-208-204,3,2,11198,B00C0HF1J6,"Mogador Certified Organic 100% Pure Argan Oil 4 fl. oz (120 mL) Mogador Argan Oil is 100% pure certified organic skin care and hair treatment product. Our Moroccan partner Feminine Coop is certified by ECOCERT and is widely recognized as the best argan oil producer. Mogador Argan Oil is cosmetic grade with no solvents used during the extraction. It is not deodorized. Under the supervision of our company's chemist, Mogador is imported according to a rigorous quality assurance plan, thus ensuring maximum freshness and batch consistency. Mogador is a multi-purpose organic skincare product that is effective in treating acne, psoriasis, eczema, and cold sores, as well as for deep scarring and burns. Mogador is super rich in anti-aging antioxidants and vitamin E. These components make the skin refined, radiant and diminish the appearance of wrinkles. Mogador is rich in Omega-6 and Omega-9, two essential fatty acids for creating prostaglandin, a natural anti-inflammatory, which reduces pain, swelling and inflammation. Mogador is the perfect massage oil to relax tired, tense muscles by stimulating blood circulation. Mogador can also be applied as a nourishing hair-conditioning mask, restoring the natural softness and shine of your hair, relieving dry scalps. Used as a nail treatment, Mogador Argan oil fortifies dry, brittle nails. Moisturizers Beauty Body Oils Skin Care"
38-114-113-82,3,0,8685,B0060HOMHE,vbeaut&eacute; It Kit vbeaut&eacute; Beauty Cleansers Skin Care Face
38-114-113-82,3,1,8686,B0060HOMHY,"vbeaut&eacute; Buying Time Everyday Cr&egrave;me, 1.7 Ounce vbeaut&eacute; Creams & Moisturizers Beauty Fluids & Lotions Lotions Face Skin Care"
38-114-113-82,3,2,8687,B0060HOOA4,"vbeaut&eacute; Eye Never Nourishing DNA Repair Eye Cr&egrave;me, 0.5 Ounce vbeaut&eacute; Beauty Eyes Skin Care Creams"
45-0-126-20,3,0,8698,B0061JQY6S,"SHANY Cosmetics NY Collection Pro Brush Kit, 13 Ounce (22 Piece Natural ZGF Goat or Sable Bristles with Red Cotton Pouch) SHANY Cosmetics NY collections by Shany, are a premium line of cosmetic brush kits which was designed back in 2011, and was manufactured in a high end factory with premium materials. All brushes went through a professional rinse with non-toxic chemicals to make anti-bacterial brushes, plus all brushes are treated with heat more than 3 times in 3 separate processes to deliver a high quality hair brushes. NY collection is one of Shany's best collection. All the brush kits come with 22 piece brushes and their differences are among their materials and pouches. Soft or firm, synthetic or natural and travel pouch for home use, they got them all. Since all brushes are treated, fibers distribute just the right amount of pigment for a perfect result every time. All NY collection includes large powder brush, foundation brush, large due fiber brushes, concealer brush, small and large angled brush, angled eyeliner brush, fan brush, pencil brush, blending brushes, shader brush and liner brushes. Makeup Brushes & Tools Beauty Tools & Accessories Brushes & Applicators"
45-0-126-20,3,1,8704,B0061YRVMO,"SHANY Cosmetics Urban Gal Collection Brush Kit (15 Piece Vegan Travel Brushes with Carry On Case), 13 Ounce SHANY Cosmetics Urban Gal collection is a new line of beauty accessories by Shany cosmetics, made for everyday life. They are affordable, durable design and high quality brushes. Compared to department store price and quality, Urban Gal collection is a must have and much better than those on the shelves. All brushes in this collection are treated with heat and anti-bacterial process, unlike all leading national brands. This collection features a easy to use, user friendly brush kits with a price that can't even get you a single brush in stores. Most of brushes come in a tiny case, easy to carry and great when you are on the go. These brushes have all you need for flawless makeup application. Try them once and you will be in love for ever. In these collection you will find large face brushes, concealer brushes, foundation brushes, eye and lip brushes, angled brushes, fan brushes and more. Makeup Brushes & Tools Beauty Tools & Accessories Brushes & Applicators"
45-0-126-20,3,2,8717,B0062W4J6Q,"SHANY Cosmetics NY Collection Pro Brush Kit, 13 Ounce (22 Piece All Natural Bristles with Black Cotton Smooth Pouch) SHANY Cosmetics NY collections by Shany, are a premium line of cosmetic brush kits which was designed back in 2011, and was manufactured in a high end factory with premium materials. All brushes went through a professional rinse with non-toxic chemicals to make anti-bacterial brushes, plus all brushes are treated with heat more than 3 times in 3 separate processes to deliver a high quality hair brushes. NY collection is one of Shany's best collection. All the brush kits come with 22 piece brushes and their differences are among their materials and pouches. Soft or firm, synthetic or natural and travel pouch for home use, they got them all. Since all brushes are treated, fibers distribute just the right amount of pigment for a perfect result every time. All NY collection includes large powder brush, foundation brush, large due fiber brushes, concealer brush, small and large angled brush, angled eyeliner brush, fan brush, pencil brush, blending brushes, shader brush and liner brushes. Makeup Brushes & Tools Beauty Tools & Accessories Brushes & Applicators"
45-78-27-177,3,0,5587,B0033AYPXC,"Z Palette Large Black Z Palette Our makeup palette is an exclusive custom designed palette perfect for display and for easy color comparison of makeups. They feature a sleek and clean design that offers the strength of a plastic palette, while using eco-friendly recyclable materials. You can fold the top portion completely under the bottom portion to save on space. The Z Palette is the makeup palette that includes both a clear window and an open magnetic base to fit any size shadow, blush, bronzer, and even some foundations. You can replace the colors in your makeup palette as often as you would like. Makeup Makeup Palettes Beauty"
45-78-27-177,3,1,6490,B003VPT9WQ,"Z Palette Small Zebra Z Palette Our makeup palette is an exclusive custom designed palette perfect for display and for easy color comparison of makeups. They feature a sleek and clean design that offers the strength of a plastic palette, while using eco-friendly recyclable materials. You can fold the top portion completely under the bottom portion to save on space. The Z Palette is the makeup palette that includes both a clear window and an open magnetic base to fit any size shadow, blush, bronzer, and even some foundations. You can replace the colors in your makeup palette as often as you would like. Makeup Makeup Palettes Beauty"
45-78-27-177,3,2,9993,B008FXLRB0,"Z Palette Dome Makeup Palette, Black Z Palette The patented Z Palette is an exclusive custom palette perfect for display and color comparison. It features a sleek and clean design that offers the strength of a plastic palette, while using eco-friendly recyclable materials. Fold the top portion completely under the bottom portion for a space saving feature on your vanity or makeup station. The Z Palette is the only one of its kind that includes both a clear window and an open magnetic base to fit any size shadow, blush, bronzer, and even some foundations. The Dome palette is created deep enough to fit your mineralized and baked dome-shaped shadows. Mirrors Beauty Tools & Accessories"
46-80-5-81,3,0,9381,B007CMQ9B8,"ColorProof SuperRich Moisture Condition 8.5 oz Colorproof Designed for color-treated hair in need of hydration, ColorProof's Moisture System infuses hair with deep luxurious moisture and unsurpassed color protection. Hair is left nourished and vibrant with incredible shine. Your hair will love you. Beauty Hair Care Conditioners"
46-80-5-81,3,1,9383,B007CMT6TA,"ColorProof SuperRich Moisture Shampoo 10.1 oz Colorproof Designed for color-treated hair in need of hydration, ColorProof's Moisture System infuses hair with deep luxurious moisture and unsurpassed color protection. Hair is left nourished and vibrant with incredible shine. Your hair will love you. Shampoos Beauty Hair Care"
46-80-5-81,3,2,9385,B007CNDZIW,"ColorProof SuperPlump Volumizing Shampoo 10.1 oz Colorproof Designed for color-treated hair in need of body and fullness, ColorProof utilizes the next generation volumizing ingredients to deliver revolutionary, ultra-light formulas to boost hairs' volume while prolonging color life. In three words . . . voluminous, vibrant, stunning. Shampoos Beauty Hair Care"
47-164-241-11,3,0,1488,B000H88Q9M,"Sally Hansen Hard As Nails Wraps 0.44oz Sally Hansen Sally Hansen hard as nails hard as wraps powerful acrylic gel is a breakthrough patented gel that protects and strengthens fragile, soft or damaged nails. Powerful acrylic protection instantly seals and hardens nails in 1 easy step. Formula provides an instant, long-lasting, wrap-like surface for fragile, soft, torn, chipped or cracked nails. Provides a clear, smooth, shiny finish. Only one step-no mixing, no mess. Hands & Nails Beauty Nail Treatments Skin Care Growth Formula"
47-164-241-11,3,1,5591,B0033H00ZW,"Sally Hansen Hard as Nails Hard as Wraps, Clear, 0.4 Fluid Ounce Sally Hansen Powerful acrylic protection instantly seals and hardens nails in 1 easy step. Patented breakthrough formula provides an instant, long-lasting, wrap-like surface for fragile, soft, torn, chipped or cracked nails. Hands & Nails Beauty Nail Treatments Skin Care Growth Formula"
47-164-241-11,3,2,6446,B003VDGIQI,"Sally Hansen Mega Shine Nail Treatment-0.43 oz Sally Hansen Sally Hansen mega shine is an extended-wear top coat. Keeps manicures beautiful up to 10 days. Dries in just 60 seconds. Advanced formula dries your manicure from top to bottom in just 60 seconds-no more smudges. Fuses and seals all your manicure layers into one powerful protective shield that resists chipping, cracking, peeling and damaging moisture. Micro-diamonds add mirror shine and strength. Hands & Nails Beauty Skin Care Nail Treatments"
48-112-242-140,3,0,199,B0000AFUTL,"Jerdon JP7506CF 8-Inch Two-Sided Swivel Wall Mount Mirror with 5x Magnification, 13.5-Inch Extension, Chrome Finish Jerdon A sturdy yet highly mobile unit, this wall-mounted mirror from Jerdon lets you see yourself in close detail and from all angles. Perfect for makeup application and in-depth skincare sessions, the mirror swivels 360 degrees on its swing-out arm and revolves 360 degrees around its central axis. It features both regular reflection and 5X magnification and flips easily from one option to the other. Stray lashes and stubborn pores don&#x92;t stand a chance. Polished to a reflective gleam, the chrome finish on all the mirror's parts gives it a clean, professional look. It measures 8 inches in diameter and comes equipped with the necessary mounting hardware. Once secured, the mirror extends up to 13-1/2 inches away from the wall.--Emily Bedard Mirrors Beauty Tools & Accessories Makeup Mirrors"
48-112-242-140,3,1,716,B0009953JA,"Jerdon JP7507NB 8-Inch Two-Sided Swivel Wall Mount Mirror with 7x Magnification, 13.5-Inch Extension, Nickel Beaded Finish Jerdon The Jerdon JP7507NB 8-Inch Two-Sided Swivel Wall Mount Mirror is used in luxury hotels and spas because of its convenience, sleek look and magnification. This two-sided circular mirror has an 8-inch diameter and features a smooth 360-degree swivel design that provides 1x and 7x magnification options to make sure every detail of your hair and makeup are in place. The extension arm and smooth rotation adjusts to all angles for a dynamic point of view. The JP7507NB extends 13.5-inches from the wall and can be easily moved around, while still being firm enough to hold for odd angles. This mirror has an attractive nickel beaded finish that protects against moisture and condensation and is designed to be wall mounted. This item comes complete with mounting hardware. The Jerdon JP7507NB 8-Inch Two-Sided Swivel Wall Mount Mirror comes with a 1-year limited warranty that protects against any defects due to faulty material or workmanship. The Jerdon Style company has earned a reputation for excellence in the beauty industry with its broad range of quality cosmetic mirrors (including vanity, lighted and wall mount mirrors), hair dryers and other styling appliances. Since 1977, the Jerdon brand has been a leading provider to the finest homes, hotels, resorts, cruise ships and spas worldwide. The company continues to build its position in the market by both improving its existing line with the latest technology, developing new products and expanding its offerings to meet the growing needs of its customers. Beauty Skin Care Face"
48-112-242-140,3,2,2531,B000X2STQ2,"Jerdon HL65C 8-Inch Two-Sided Swivel Halo Lighted Wall Mount Mirror with 5x Magnification, 13-Inch Extension, Chrome Finish Jerdon The Jerdon HL65C 8-Inch Two-Sided Swivel Halo Lighted Wall Mount Mirror is used in luxury hotels and day spas because of its convenience, sleek look, lighting and magnification. This fog free, two-sided circular mirror has an 8-inch diameter and features a smooth 360-degree swivel design that provides 1x and 5x magnification options to make sure every detail of your hair and makeup are in place. The halo light design around the perimeter of the mirror and smooth rotation adjust to all angles for a dynamic point of view. An on/off rotary knob on the oval base will activate the halo lighting when you need it. The HL65C extends 14-inches from the wall and can be easily moved around, while still being firm enough to hold for odd angles. This mirror has an attractive chrome finish that protects against moisture and condensation and is designed to be wall mounted. This item comes complete with mounting hardware. The Jerdon HL65C 8-Inch Two-Sided Swivel Halo Lighted Wall Mount Mirror comes with a 1-year limited warranty that protects against any defects due to faulty material or workmanship. The Jerdon Style company has earned a reputation for excellence in the beauty industry with its broad range of quality cosmetic mirrors (including vanity, lighted and wall mount mirrors), hair dryers and other styling appliances. Since 1977, the Jerdon brand has been a leading provider to the finest homes, hotels, resorts, cruise ships and spas worldwide. The company continues to build its position in the market by both improving its existing line with the latest technology, developing new products and expanding its offerings to meet the growing needs of its customers. Mirrors Beauty Tools & Accessories Makeup Mirrors"
5-153-58-184,3,0,8791,B0067VFWIQ,1800pcs 12 Color 1.5mm Nail Art Nailart Manicure Glitter Rhinestones Tips Round Shape Decoration + Wheel Lucky Electronics 1800pcs 12 Color 1.5mm Nail Art Nailart Manicure Glitter Rhinestones Tips Round Shape Decoration + Wheel Makeup Nails Beauty Nail Art
5-153-58-184,3,1,8966,B006L0XVEU,1200 Pcs Pearl 12 Color 2mm Nail Art Nailart Manicure Glitter Rhinestones Tips Decoration + Wheel Nails gaga 1200 Pcs Pearl 12 Color 2mm Nail Art Nailart Manicure Glitter Rhinestones Tips Decoration + Wheel Beauty Skin Care Face
5-153-58-184,3,2,10616,B00A6O1A9A,3000 Pcs 2mm 12 Color Nail Art Manicure Round Glitter Rhinestones Tips Decoration + Tweezer Tool ClickONE 3000 Pcs 2mm 12 Color Nail Art Manicure Round Glitter Rhinestones Tips Decoration + Tweezer Tool Beauty Tools & Accessories Nail Art Equipment Nail Tools
5-153-61-214,3,0,9000,B006MAPN4K,144pcs Fimo Slice Lovely Animal Nail Art Decoration TOOGOO(R) Package includes: 1 x 144pcs Fimo Slice Lovely Animal Nail Art Decoration Makeup Nails Beauty Nail Art
5-153-61-214,3,1,9278,B0074FSFXI,144pcs 3D FIMO Slice Fresh Fruit Face Nail Art Decoration Crazy Cart Package includes: 1 x 144pcs 3D FIMO Slice Fresh Fruit Face Nail Art Decoration Makeup Nails Beauty Nail Art
5-153-61-214,3,2,9342,B0078YQ9BU,120pcs 3D FIMO Slice Rose Flower Nail Art Tips Decoration Toogoo 120pcs 3D FIMO Slice Rose Flower Nail Art Tips Decoration Makeup Nails Beauty Nail Art
5-25-162-223,3,0,3425,B001B488WG,500 WHITE French Acrylic False Artificial Tips Nail Art Eamee 500 FRENCH Acrylic False Artificial Tips Nail Art Beauty Tools & Accessories False Nails Nail Tools
5-25-162-223,3,1,10155,B008TNPX52,500 Pcs Clear French Acrylic Style Artificial Half False Nails Nail Art Tips Yesurprise 500 Pcs Clear French Acrylic Style Artificial Half False Nails Nail Art Tips Beauty Tools & Accessories False Nails Nail Tools
5-25-162-223,3,2,10749,B00AH4TKNC,5 Pcs Professional 3g/Bottle Acrylic Nail Art Glue For French False Tips Rhinestones Manicure Tools SAB nails 5 Pcs Professional 3g/Bottle Acrylic Nail Art Glue For French False Tips Rhinestones Manicure Tools Beauty Tools & Accessories False Nails Nail Tools
5-26-42-175,3,0,9840,B00871KLEE,"12 type practical nail art star decoration tips HongNuo * 12 different color and pattern decorations for Nail Art Acrylic UV Gel Tips Design with case* 100% Brand new* Easy to apply on natural or artificial nails* Brush the base polish, fix the flowers on your nail tips and then seal with a clear topcoat* The combination of the decorations are determined by random selection. The design of each package may vary* Charms that makes you wonderful nail art Hands & Nails Beauty Skin Care Nail Treatments"
5-26-42-175,3,1,9841,B00871KLRQ,"12 type practical nail art hollow heart decoration tips HongNuo * 12 different color and pattern decorations for Nail Art Acrylic UV Gel Tips Design with case* 100% Brand new* Easy to apply on natural or artificial nails* Brush the base polish, fix the flowers on your nail tips and then seal with a clear topcoat* The combination of the decorations are determined by random selection. The design of each package may vary* Charms that makes you wonderful nail art Hands & Nails Beauty Skin Care Nail Treatments"
5-26-42-175,3,2,9851,B00871KOQO,"12 type practical nail art heart decoration tips HongNuo * 12 different color and pattern decorations for Nail Art Acrylic UV Gel Tips Design with case* 100% Brand new* Easy to apply on natural or artificial nails* Brush the base polish, fix the flowers on your nail tips and then seal with a clear topcoat* The combination of the decorations are determined by random selection. The design of each package may vary* Charms that makes you wonderful nail art Hands & Nails Beauty Skin Care Nail Treatments"
5-27-162-222,3,0,9340,B0078VJ1OK,"100pcs Clear Acrylic French False Nail Half Tips Box Package Adored Adored is a brand and Trade Mark. The Adored package is unique!

More Beauty, Jewelery, Clothing&Accessaries;, Arts&Crafts; products, please click in the Brand Adored and search! Beauty Tools & Accessories False Nails Nail Tools"
5-27-162-222,3,1,10157,B008TNQ19E,"100 Pcs White Acrylic French Style Artificial Half False Nails Nail Art Tips + Box + Glue Adored Adored is a brand and Trade Mark. The Adored package is unique!

More Beauty, Jewelery, Clothing&Accessaries;, Arts&Crafts; products, please click in the Brand Adored and search! Beauty Tools & Accessories False Nails Nail Tools"
5-27-162-222,3,2,10158,B008TNQ3PQ,"100 Pcs Black Acrylic French Style Artificial Half False Nails Nail Art Tips + Box + Glue Adored Adored is a brand and Trade Mark. The Adored package is unique!

More Beauty, Jewelery, Clothing&Accessaries;, Arts&Crafts; products, please click in the Brand Adored and search! Beauty Tools & Accessories False Nails Nail Tools"
51-175-153-43,3,0,5927,B003CT35B2,"Slimquick Caffeine Free Clinical Strength, 72-count Box SlimQuick SLIMQUICK Ultra Caffeine Free Calorie Burner is designed to address six ways that women lose weight. It uses clinically researched key ingredients that work in a unique combination to BURN CALORIES and CARBS.* The SLIMQUICK Ultra Caffeine Free Calorie Burner formula offers 300% the weight-loss power vs. diet alone. Moisturizers Beauty Body Lotions Skin Care"
51-175-153-43,3,1,5931,B003CX2F96,"SlimQuick Fat Burner, Clinical Strength, Caplets - 72 caplets SlimQuick Get Six Great Freebies With Weight LossUltra Fat Burner Caps is a great formula that may provide 300% the weight-loss power than any other diet alone. Its each complex supports fat loss through unique mechanisms. It uses ingredients that have been clinically researched and all in all, it acts as a dietary supplement that may reduce weight up to as much as 25 lbs.Features six exclusive complexesOvercomes physiological and hormonal barriersMaximizes fat lossUltra Fat Burner Caps comes with diet and exercise program guide that may help you know what to eat and what exercises to perform for faster weight loss. It also contains few trademark complexes like cyclovite, nutratherm, estrotrim, cortifem, aquaplex and xtend.Just For You:For women who want to lose weightA Closer Look:Ultra Fat Burner Caps contains calcium, folic acid, vitamin B-12, vitamin B-6 and vitamin D that are important for women, their metabolism and their overall well being.Usage:Consume it twice dailyFDA disclaimer:These statements have not been evaluated by the FDA. This product is not intended to diagnose, treat, cure or prevent any disease. Moisturizers Beauty Body Lotions Skin Care"
51-175-153-43,3,2,7656,B004TWCIK0,"Slimquick Pure Weight Loss Extra Strength, 60 count SlimQuick Slimquick extra strength is the only extra strength fat burner that is designed specifically to help women lose weight fast and sculpt their best body for maximum results. Designed specifically for women. Scientifically formulated to address the six physiological barriers that women face when they want to lose weight. Moisturizers Beauty Body Lotions Skin Care"
55-11-119-131,3,0,7024,B004BYR13K,"Babyganics Mineral-Based Sunscreen 50 SPF, On-The-Go 2-Ounce Tube (Pack of 4), Packaging May Vary BabyGanics Sun Beauty Sports Skin Protection Skin Care"
55-11-119-131,3,1,7025,B004BYSOYK,"Babyganics Pure Mineral Sunscreen Stick SPF 50, 0.47-Ounce (Pack of 2), Packaging May Vary BabyGanics Sun Beauty Sports Skin Protection Skin Care"
55-11-119-131,3,2,7027,B004BYUQG4,"Babyganics Mineral-Based Sunscreen SPF 50, 6 oz (Pack of 2), Packaging May Vary Babyganics Sun Beauty Sports Skin Protection Skin Care"
55-91-143-82,3,0,8726,B00639DLV2,"Hawaiian Tropic Silk Hydration SPF 30 Sunscreen Lotion, 6 Fluid Ounce Hawaiian Tropic Sun Beauty Sports Skin Protection Skin Care"
55-91-143-82,3,1,8727,B00639DN92,"HAWAIIAN Tropic Silk Hydration SPF 50 Sunscreen Lotion, 6 Fluid Ounce Hawaiian Tropic Sun Beauty Sports Skin Protection Skin Care"
55-91-143-82,3,2,10373,B009FKNGRA,"Banana Boat Protect and Hydrate Sunscreen Lotion Spf 30, 6 Ounce Banana Boat Lightweight 2-in-1 sunscreen and moisturizer lotion combines Broad Spectrum UVA/UVB protection with aloe and antioxidants to maintain 100% of the skin's natural moisture during sun exposure. Sun Beauty Sports Skin Protection Skin Care"
6-166-71-142,3,0,1583,B000JGERAO,"Zeno Acne Clearing Device with 60-Count Cartridge Zeno Zeno is a hand-held battery-operated device designed with a tip that heats to a pre-set temperature.  The biocompatible tip is designed for direct contact with a blemish on the skin.  Once in contact with a blemish, the tip will transfer heat into the follicle.  An internal PID controller chip continually modulates the temperature to a fixed range even under different skin and circulation conditions by adjusting the flow of energy to match precisely the heat absorption of the individual user.  Zeno&#x92;s microprocessor adapts not only to your individual skin type but also to the heat absorption characteristics of the location of the pimple. Your Zeno adapts to you!  An integral digital timer controls the treatment time.  The level of heat does not cause skin damage.Specifically, Zeno stimulates a heat-shock response in p. acnes, the bacteria causing at least 90% of all acne blemishes. Heat shock proteins, activated by bacterial cells under heat stress, cause the self-destruction of p. acnes within the lesion, reducing inflammation and allowing the skin to return to a healthy state.What is Zeno?Zeno is a handheld, portable electronic medical device that is clinically proven to make pimples disappear fast. In fact, for treating acne pimples, it's the most scientifically advanced and effective device available without a prescription.What does it do?Zeno applies a precisely controlled heat dose directly to the pimple through a metal pad. One treatment lasts 2&#xBD; minutes. Two to three treatments spread over 24 hours clear up most pimples quickly. It's that simple.How does it work?Pimples occur when excess skin oil and flaking skin plug the opening of a hair follicle and create the ideal environment for acne bacteria to grow. Precisely controlled heat applied for a specific period of time causes the bacteria to self-destruct. When the bacteria die, the pimple goes away.How many treatments does it take?Two to three 2&#xBD;-minute treatments spread over 24 hours are sufficient for most pimples. Often, only one treatment is needed.Who should use Zeno?Zeno is for people with mild to moderate inflammatory acne. If in doubt, ask your doctor.When should Zeno be used?Use Zeno at the first sign of a pimple. It works best when used on a pimple in the early stages of development. Also, the sooner pimples are cleared up, the less chance they have to leave scars.How does Zeno compare with topical or oral treatments?Zeno can clear up a pimple in just hours. Most other medications can take days or even weeks to work. What's more, other than slight, temporary skin redness, Zeno has none of the side effects described by most topical or oral medications.Is Zeno safe and painless?Patients included in our clinical trials experienced little reaction to the low-level heat. Other than some temporary skin redness following a treatment cycle, no other adverse side effects were reported. But should you experience any discomfort when using Zeno, discontinue use and consult your skin care professional.Is Zeno all I need for acne?Zeno does not replace good skin hygiene or a doctor's care. It is designed to treat mild to moderate inflammatory acne. Your doctor may recommend other therapies, depending on the severity of your acne. Follow your doctor's advice and use Zeno for the occasional pimple. Beauty Skin Care Face"
6-166-71-142,3,1,3335,B0019ZMFYE,"Zeno Mini Acne Clearing Device, White Zeno Zeno is a hand-held battery-operated device designed with a tip that heats to a pre-set temperature.  The biocompatible tip is designed for direct contact with a blemish on the skin.  Once in contact with a blemish, the tip will transfer heat into the follicle.  An internal PID controller chip continually modulates the temperature to a fixed range even under different skin and circulation conditions by adjusting the flow of energy to match precisely the heat absorption of the individual user.  Zeno&#x92;s microprocessor adapts not only to your individual skin type but also to the heat absorption characteristics of the location of the pimple. Your Zeno adapts to you!  An integral digital timer controls the treatment time.  The level of heat does not cause skin damage.Specifically, Zeno stimulates a heat-shock response in p. acnes, the bacteria causing at least 90% of all acne blemishes. Heat shock proteins, activated by bacterial cells under heat stress, cause the self-destruction of p. acnes within the lesion, reducing inflammation and allowing the skin to return to a healthy state.What is Zeno?Zeno is a handheld, portable electronic medical device that is clinically proven to make pimples disappear fast. In fact, for treating acne pimples, it's the most scientifically advanced and effective device available without a prescription.What does it do?Zeno applies a precisely controlled heat dose directly to the pimple through a metal pad. One treatment lasts 2&#xBD; minutes. Two to three treatments spread over 24 hours clear up most pimples quickly. It's that simple.How does it work?Pimples occur when excess skin oil and flaking skin plug the opening of a hair follicle and create the ideal environment for acne bacteria to grow. Precisely controlled heat applied for a specific period of time causes the bacteria to self-destruct. When the bacteria die, the pimple goes away.How many treatments does it take?Two to three 2&#xBD;-minute treatments spread over 24 hours are sufficient for most pimples. Often, only one treatment is needed.Who should use Zeno?Zeno is for people with mild to moderate inflammatory acne. If in doubt, ask your doctor.When should Zeno be used?Use Zeno at the first sign of a pimple. It works best when used on a pimple in the early stages of development. Also, the sooner pimples are cleared up, the less chance they have to leave scars.How does Zeno compare with topical or oral treatments?Zeno can clear up a pimple in just hours. Most other medications can take days or even weeks to work. What's more, other than slight, temporary skin redness, Zeno has none of the side effects described by most topical or oral medications.Is Zeno safe and painless?Patients included in our clinical trials experienced little reaction to the low-level heat. Other than some temporary skin redness following a treatment cycle, no other adverse side effects were reported. But should you experience any discomfort when using Zeno, discontinue use and consult your skin care professional.Is Zeno all I need for acne?Zeno does not replace good skin hygiene or a doctor's care. It is designed to treat mild to moderate inflammatory acne. Your doctor may recommend other therapies, depending on the severity of your acne. Follow your doctor's advice and use Zeno for the occasional pimple. Beauty Skin Care Face"
6-166-71-142,3,2,7726,B004W8Z3IK,"Tanda Zap Acne Clearing Device, White Tanda Tanda zap is clinically proven to clear or fade blemishes within 24 hours. Tanda zap is the triple threat for pimples it uses powerful blue light to destroy acne causing bacteria while gentle vibration and warming help to open pores so bacteria has nowhere to hide. With 1000 uses, this device only costs 5 cents per treatment. With this device you'll get no pain, no dryness, no irritation and best of all no pimples. Starts clearing blemishes immediately. Eliminates acne causing bacteria. Can be used on all skin types and tones. This device comes with 3 aaa batteries. Beauty Skin Care Treatments & Masks Face"
62-103-214-206,3,0,3058,B00164DUY2,"Acne.org 16 oz. Cleanser Acne.org When treating acne, it is important to avoid irritation. This generously sized 16 oz. ultra-gentle liquid Cleanser is carefully designed with only the gentlest cleansing ingredients to be pH balanced so it doesn't overdry or strip the skin. It also produces a thick lather which cleanses just the right amount and rinses clean.This Cleanser was developed specifically for use with The Regimen (acne.org/regimen) but can also be used as a stand-alone cleanser for all skin types. Body Scrubs Beauty Scrubs & Body Treatments Bath & Body"
62-103-214-206,3,1,3060,B00164FVH6,"Acne.org 16 oz. Treatment (2.5% Benzoyl Peroxide) Acne.org This 2.5% benzoyl peroxide is gel-based so it goes on clear and spreads easily. It is pharmaceutical grade, pH balanced, fragrance-free, and dye-free. It won't ""clump up"" with moisturizers, and won't turn white when you perspire. This treatment works best when used as part of The Regimen (acne.org/regimen). The Regimen is a step-by-step guide to clear skin. Beauty Body Washes Bath & Body Cleansers"
62-103-214-206,3,2,3061,B00164FXYW,"Acne.org 16 oz. Moisturizer with licochalcone Generously sized 16 oz. bottle. Intensely hydrating, non-comedogenic lotion designed to eliminate dry, flaky skin. Goes on clear and absorbs quickly, leaving no residue. Super-light feel, fragrance-free and dye-free. This moisturizer was developed specifically for use with The Regimen (acne.org/regimen) but can also be used as a stand-alone moisturizer for all skin types. Contains licochalcone, a calming licorice root extract which powerfully soothes acne-prone skin.Tip: After dispensing Moisturizer into your palm, mix in a few drops (5-6) of jojoba oil for extra moisturization. Beauty Skin Care Treatments & Masks Face"
68-191-199-117,3,0,2257,B000TXIQJU,"TURBIE TWIST The Hair Towel (2-pack) Turbie Twist The Hair Towel that's specially designed for wrapping wet or dry hair. Simply slip over hair...then twist, loop and it's there to stay! Turbie Twist's tapered design fits on any head and is lightweight. This Microfiber Hair Towel is attractive, functional and so comfortable! One size fits all.
You'll never use a bath towel again! Hair Care Beauty Styling Accessories Hair Drying Towels Styling Tools"
68-191-199-117,3,1,11322,B00CP4QKT4,"Turbie Twist Microfiber Hair Towel (2 Pack) Light Pink - Dark Pink The Turbie Twist is a revolutionary product that allows one to be the ultimate multi-tasker while drying their hair. It's unique twist and loop system makes it the hair towel that stays in place. Featuring a tapered design the Turbie Twist allows for a perfect fit on all head sizes. It allows users to get dressed, apply make-up, and check email - all while drying their hair. Hair Care Beauty Styling Accessories Hair Drying Towels Styling Tools"
68-191-199-117,3,2,11323,B00CP4QZ8U,"Turbie Twist Microfiber Super Absorbent Hair Towel (2 Pack) Pink Leopard Prints The Turbie Twist is a revolutionary product that allows one to be the ultimate multi-tasker while drying their hair. It's unique twist and loop system makes it the hair towel that stays in place. Featuring a tapered design the Turbie Twist allows for a perfect fit on all head sizes. It allows users to get dressed, apply make-up, and check email - all while drying their hair. Hair Care Beauty Styling Accessories Hair Drying Towels Styling Tools"
68-191-199-136,3,0,213,B0000UTUS8,"Aquis Microfiber Hair Turban, Lisse Crepe, Patented Design, White Aquis Aquis towels are made of Aquitex, a super absorbent material woven from ultrafine microfibers.  The technology behind our microfiber towel enables water to be drawn from hair and skin more quickly and thoroughly than other towels.  And it's especially gentle on hair and skin.  Designed to be lightweight, compact and durable, Aquis towels are ideal for everyday use at home, at the gym and while traveling. Hair Care Beauty Styling Accessories Hair Drying Towels Styling Tools"
68-191-199-136,3,1,728,B0009ET3SC,"Aquis Microfiber Body Towel, Lisse Crepe, White (29 x 55-Inches) Aquis Aquis towels are made of Aquitex, a super absorbent material woven from ultrafine microfibers.  The technology behind our microfiber towel enables water to be drawn from hair and skin more quickly and thoroughly than other towels.  And it's especially gentle on hair and skin.  Designed to be lightweight, compact and durable, Aquis towels are ideal for everyday use at home, at the gym and while traveling. Hair Care Beauty Styling Accessories Hair Drying Towels Styling Tools"
68-191-199-136,3,2,912,B000AMA43Q,"Aquis Microfiber Hair Towel, Waffle, Linen (19 x 39-Inches) Aquis Aquis towels are made of Aquitex, a super absorbent material woven from ultrafine microfibers.  The technology behind our microfiber towel enables water to be drawn from hair and skin more quickly and thoroughly than other towels.  And it's especially gentle on hair and skin.  Designed to be lightweight, compact and durable, Aquis towels are ideal for everyday use at home, at the gym and while traveling. Hair Extensions & Wigs Hair Care Beauty Hair Extensions Styling Products"
68-216-95-183,3,0,7268,B004HYJ3LW,"Betty Dain Satin Pillowcase, Pink (Pack of 2) Betty Dain The satin pillowcase by Betty Dain is an essential for having healthy hair.  Sleeping on satin guarantees you won't have pulling and discomfort like sleeping on cotton.  The satin pillowcase has a concealed zipper closure and is made of the finest soft, sensuous satin. Braid Maintenance Beauty Styling Products Hair Care"
68-216-95-183,3,1,7271,B004HYMJRC,"Betty Dain Satin Pillowcase, Black (Pack of 2) Betty Dain The satin pillowcase by Betty Dain is an essential for having healthy hair.  Sleeping on satin guarantees you won't have pulling and discomfort like sleeping on cotton.  The satin pillowcase has a concealed zipper closure and is made of the finest soft, sensuous satin. Braid Maintenance Beauty Styling Products Hair Care"
68-216-95-183,3,2,7272,B004HYOP7O,"Betty Dain Satin Pillowcase, Beige (Pack of 2) Betty Dain The satin pillowcase by Betty Dain is an essential for having healthy hair.  Sleeping on satin guarantees you won't have pulling and discomfort like sleeping on cotton.  The satin pillowcase has a concealed zipper closure and is made of the finest soft, sensuous satin. Braid Maintenance Beauty Styling Products Hair Care"
69-165-120-84,3,0,10353,B009CS493U,"BONAMART &reg; Stylish Hollow Out Braided Stretch Hair Head Band Accessories Headband Hairband for Women Bonamart Attention: 1st picture color is for this listing selling. other colors are for reference only.1.100% Brand New2.Material: Alloy3.Color:As the picture show4.Size:length 46cm5.Fashion and stylish design.6.Eye-catching when wear it in the street.7.Give you special feeling.8.Great accessory and decoration for girls, women.9.A good choice as a gift for your friends.Package includes :1HeadbandListing Key: 15501 Headbands Hair Care Beauty Styling Accessories Styling Tools"
69-165-120-84,3,1,11131,B00BMIY7F8,"Ezsports 1pc Lady women girls Elegent Lace Elastic Hair head band hoop accessory tie hairbands headbands turban Fashionwu CONDITION:Perfect, with no scratches or repairsQUANTITY :1 pc for this lotMaterial:Alloy&Elastic; RopeSize(about):Length:46cm/18.1""You can see from the picture,the headband is very pretty and lovely.This lot only for 1 pc.If you wear it,you can easily catch people's eyes.Every detail be made carefully.All pics make by ourselves,all the real items.NOTE:Some pics look like larger size,please notice the items size above.Maybe pics have a little color differ,hope you can understand. Headbands Hair Care Beauty Styling Accessories Styling Tools"
69-165-120-84,3,2,11750,B00GRPROVA,"Womdee(TM) Lovely Rabbit Ear White Polka Dot Bowknot Bow Design Alice Headband Headwrap-Black With Womdee Accessory Necklace Womdee Very trendy pop hair accessory following with the hot style,works great with any hair styles.It is not only a hair band,but also a useful face-wash tool for your fringe and keeps you in a sweet look even sleeping,every girl would like it so much at the first sight.Beautiful accessory to embellish fashion apparel,sweet hair style and your facial contour.With cloth pad to prevent from stuck hair and show a very elegant young and vigorous girl appearance.Great gifts to friends and female playmates.Color:show as pictures(other colors available,pls visit our store for more).Notice: Color of pictures may vary by different monitor setting. All pictures are real stock photos.Womdee accessory necklace specification:Material: wooden cross+bronze tag+nylon cord; Cord circumference: 70~80cm; Retro Style,Suitable to match any dressPackage include:1 x Womdee-designed bow alice hair band.1 x Womdee-designed special wooden cross necklace (with WOMDEE logo)Womdee &lt;u&gt;Clothing, Shoes & Jewelry&lt;/u&gt;:Exquisite, Top grade, AffordableWomdee &lt;u&gt;Accessory &lt;/u&gt;:Compact, Special, FashionableWomdee &lt;u&gt;Quality warranty&lt;/u&gt;:30-days money-back guaranteeWomdee &lt;u&gt;Delivery &lt;/u&gt;:Dispatched in 1-2 business days; Very fast shippingDeclaration:1, Womdee(TM) is a worldwide registered trademark and the ONLY authorized seller of WOMDEE branded products.2, Only placing your order from WOMDEE Amazon store could get our perfect customer service and product quality warranty.3, Womdee highly appriciate each customer'sproduct reviewandfeedback, pls help to recommend WOMDEE brand to more friends. Headbands Hair Care Beauty Styling Accessories Styling Tools"
69-165-218-140,3,0,10412,B009IIL45A,BONAMART &reg; Vintage Handmade Bling Beaded Comb Crystal Girls' Hair Clip Barrette Hairpin Champagne Bonamart 1.100% Brand New.2.Weight: 40g(Approx)3.Material: Alloy & Beads4.Colors:As the picture show5.Size: 9 x 4cm(L x  W) (Approx)6.Wonderful gift for a loved one (or yourself!)Packing include:1 x Women's HairpinListing key : 15617 Hair Care Beauty Barrettes Styling Accessories Styling Tools
69-165-218-140,3,1,11164,B00BRWA92Y,"Free shipping-Oyang Beautiful Jewelry Blue Flowers Crystal Hair Clips - for hair clip Beauty Tools-Oyang Nicky&#39;s Gift Condition: NewColor:pink (choose the one you like)Material: Alloy,RhinestoneSize: app 7 X 4 cmWeight: About 53gPackage includes:1 X Hair PinNotes:1. The real color of the item may be slightly different from the pictures shown on websitecaused by many factors such as brightness of your monitor and light brightness.2. Please allow slight deviation for the measurement data. Hair Care Beauty Styling Accessories Styling Tools Clips"
69-165-218-140,3,2,11497,B00E9SIR2C,"Charm Fashion Lady Girl Flower Pattern Alloy Rhinestone Barrette Hair Clip Comb Pink Nicky&#39;s Gift Condition: NewColor: pink (choose the one you like)Material: Alloy,RhinestoneSize: app 7 X 4 cmWeight: About 53gPackage includes:1 X Hair PinNotes:1. The real color of the item may be slightly different from the pictures shown on websitecaused by many factors such as brightness of your monitor and light brightness.2. Please allow slight deviation for the measurement data. Hair Care Beauty Styling Accessories Styling Tools Claws"
69-165-218-84,3,0,10357,B009D7V4WO,"BONAMART &reg; Vintage Bling Phoenix Wing Angel Beads HairBand Hoop Claw Handmade Headband for Women Bonamart Attention: 1st picture color is for this listing selling. other colors are for reference only.1.100%Brand new and high quality.2.Color:As the picture show3.Material: Alloy and beads4.This is a new fine fashionable jewelry with unbeatable price.5.Suitable for personal wearing or gift idea for friends and your love one.6.Great to match any fashion style. Trendy angel wing design7.Easy to wear for an instant style.8.Safe and Comfortable, provide you the most charming look.Package includes :1 Handmade HeadbandListing Key: 15502 Headbands Hair Care Beauty Styling Accessories Styling Tools"
69-165-218-84,3,1,11398,B00DDD3OB8,"New Lovely Metallic Sweet Lady Hollow Rose Flower Elastic Hair Band Fashion Headband - Gold (Gloden Flower) eFuture This item Elegant rose design, special and sweetAlloy hollow rose flowerWith elastic band to fit mostEasy and comfortable to wearShip by ePacket with a Tracking number,The tracking number will be make the buyer get the item safety.   :)Package include&#xFF1B; 2 Pcs Headbands Hair Care Beauty Styling Accessories Styling Tools"
69-165-218-84,3,2,11575,B00F14XI6I,HuaYang Korean Fashion Sweet Girls Small Imitation Pearls Headband Hairpin Hair Band HuaYang The special design is popular and stylish fit for a lot of occasions that you will like it so much. A good decoration for fashion & Wonderful gift for a loved one (or yourself) Hair Care Beauty Hair Pins Styling Accessories Styling Tools
69-184-218-157,3,0,10459,B009OWLX8I,"World Pride Vintage Rhinestone Peacock Hair Clip -Pink Package included: 
1  Hair Clip. 

Gem color may appear darker due to monitor settings and light. 

Exquisite vintage style bronze metal hair comb. Great for wedding, parties, special occasions, gifting... or casual wearing... a wonderful addition to your collection! Hair Care Beauty Styling Accessories Styling Tools Clips"
69-184-218-157,3,1,10466,B009PVHU1W,"World Pride Vintage Rhinestone Peacock Hair Clip -Colorful Package included: 
1  Hair Clip. 

Gem color may appear darker due to monitor settings and light. 

Exquisite vintage style bronze metal hair comb. Great for wedding, parties, special occasions, gifting... or casual wearing... a wonderful addition to your collection! Hair Care Beauty Styling Accessories Styling Tools Clips"
69-184-218-157,3,2,10878,B00AUVJ8W0,Lovely Jewelry Crystal butterfly Hair Clips - for hair clip Beauty Tools Oyang Color: pink Condition: New Material: Alloy Package includes:1 pc Notes: The real color of the item may be slightly different from the pictures shown on website caused by many factors such as brightness of your monitor and light brightness. Hair Care Beauty Styling Accessories Styling Tools Clips
7-232-91-218,3,0,2290,B000ULRD1S,"Skinceuticals Retinol 0.5 Refining Night Cream, 1-Fluid Ounce SkinCeuticals Retinol 0.5 contains .5% pure retinol and is enhanced with the latest stabilization and delivery technologies to provide maximum efficacy. Retinol 0.5 is recommended for more sensitive skin or to help condition skin not acclimated to retinoids as a prerequisite to SkinCeuticals Retinol 1.0. Our retinol products help stimulate cell regeneration and build collagen to diminish the appearance of fine lines, wrinkles, and age spots from both photo- and intrinsic- aging. Additionally, they help minimize the appearance of pore size, while correcting blemishes and blotchiness often associated with problematic skin Beauty Skin Care Treatments & Masks Face"
7-232-91-218,3,1,4799,B002CML1JI,"SkinCeuticals Retinol 1.0 Maximum Strength Refining Night Cream, 1-Ounce Tube SkinCeuticals Perfect for problematic and photo-damaged skin, Retinol 1.0 contains 1% pure retinol, the highest concentration currently available, and should be used for advanced treatment of pre-conditioned skin. Designed for maximum efficacy and stability, SkinCeuticals Retinol is formulated with highest concentrations of pure retinol available and enhanced with the latest stabilization and delivery technologies. Our retinol products help stimulate cell regeneration and build collagen to diminish the appearance of fine lines, wrinkles, and age spots from both photo- and intrinsic- aging. Additionally, they help minimize the appearance of pore size, while correcting blemishes and blotchiness often associated with problematic skin. Beauty Skin Care Treatments & Masks Face"
7-232-91-218,3,2,9599,B007S2CJY8,"Skinceuticals Retinol 1 Maximum Strength Refining Night Cream, 1 Fluid Ounce SkinCeuticals Perfect for problematic and photo-damaged skin, Retinol 1.0 contains 1% pure retinol, the highest concentration currently available, and should be used for advanced treatment of pre-conditioned skin. Designed for maximum efficacy and stability, SkinCeuticals Retinol is formulated with highest concentrations of pure retinol available and enhanced with the latest stabilization and delivery technologies. Our retinol products help stimulate cell regeneration and build collagen to diminish the appearance of fine lines, wrinkles, and age spots from both photo- and intrinsic- aging. Additionally, they help minimize the appearance of pore size, while correcting blemishes and blotchiness often associated with problematic skin. Beauty Skin Care Treatments & Masks Face"
75-123-7-112,3,0,11039,B00BAVOZYK,"OPI: Lacquer E74 You're Such A Budapest, 0.5 oz OPI Celebrating a region where history meets modern design, the Euro Centrale by OPI for Spring/Summer 2013 collection's 12 new lacquers offer a mix of glamorous metallic hues along with playful bright shades in periwinkle, aqua and pink and creamy blues in indigo, midnight and aubergine. Makeup Nails Beauty Nail Polish"
75-123-7-112,3,1,11040,B00BAVQZ5W,"OPI: Lacquer E75 Can't Find My Czechbook, 0.5 oz OPI Celebrating a region where history meets modern design, the Euro Centrale by OPI for Spring/Summer 2013 collection's 12 new lacquers offer a mix of glamorous metallic hues along with playful bright shades in periwinkle, aqua and pink and creamy blues in indigo, midnight and aubergine. Makeup Nails Beauty Nail Polish"
75-123-7-112,3,2,11042,B00BAY5T1K,"OPI: Lacquer E72 Eurso Euro, 0.5 oz OPI Celebrating a region where history meets modern design, the Euro Centrale by OPI for Spring/Summer 2013 collection's 12 new lacquers offer a mix of glamorous metallic hues along with playful bright shades in periwinkle, aqua and pink and creamy blues in indigo, midnight and aubergine. Makeup Nails Beauty Nail Polish"
75-13-28-87,3,0,2889,B0013GFECE,"Essie #280 Aruba Blue Essie Essie brings you a line of nail polish and effects that are the choice of celebrities and fashionistas everywhere. Her unique formula allows for chip resistant, long lasting, flawless coverage while delivering eye-popping colors and combinations. This polish is a fan favorite for models, celebrities, and even Princess Kate of England! Rock out your glamorous side with Essie! Makeup Nails Beauty Nail Polish"
75-13-28-87,3,1,9795,B00852JKK6,"Essie Summer Collection 2012 'Off the Shoulder'802 Essie Essie brings you a line of nail polish and effects that are the choice of celebrities and fashionistas everywhere. Her unique formula allows for chip resistant, long lasting, flawless coverage while delivering eye-popping colors and combinations. This polish is a fan favorite for models, celebrities, and even Princess Kate of England! Rock out your glamorous side with Essie! Makeup Nails Beauty Nail Polish"
75-13-28-87,3,2,10721,B00AEU3E3G,"Essie Winter Collection BUTLER PLEASE Blue Nail Polish 819 Lacquer Salon Mani Essie Essie brings you a line of nail polish and effects that are the choice of celebrities and fashionistas everywhere. Her unique formula allows for chip resistant, long lasting, flawless coverage while delivering eye-popping colors and combinations. This polish is a fan favorite for models, celebreties, and even Princess Kate of England! Rock out your glamourous side with Essie! Makeup Nails Beauty Nail Polish"
75-206-149-167,3,0,8917,B006HKAF3Y,"OPI Gelcolor Princesses Rule OPI A light, baby pink sheer gel polish with glitter. The lovely, soft pink sparkle works well on all complexions. Originally from the OPI Princess Charming Collection, now an OPI GelColor Soak-Off Gel Lacquer for long-lasting, chip-free nails. Makeup Nails Beauty Nail Polish"
75-206-149-167,3,1,8920,B006HKODSC,"OPI Gelcolor Suzi Says Feng Shui OPI A serene cobalt blue to balance your yin yang. This vivid blue polish is perfect for the bright days of spring and summer. Beautiful on darker skin tones. Now an OPI Soak-Off GelColor for long-lasting, chip-free nails. Makeup Nails Beauty Nail Polish"
75-206-149-167,3,2,8922,B006HL4KXO,"GelColor by OPI Soak-Off Gel Laquer nail polish - Pink Flamenco - GC E44 OPI Opi gelcolor collection is the new, polish-on gel formula. Soak off gel lacquer. Makeup Nails Beauty Nail Polish"
75-40-198-60,3,0,10367,B009ERIUNY,OPI Mini Collection Skyfall OPI Enjoy the adorable mini versions of OPI's color Makeup Nails Beauty Nail Polish
75-40-198-60,3,1,10409,B009I0KVOI,OPI Skyfall Bond-ettes OPI OPI Skyfall Bond-ettes Makeup Nails Beauty Nail Polish
75-40-198-60,3,2,11341,B00CTSQ6LI,OPI Mini Disney Couture De Minnie 2013 OPI Makeup Nails Beauty Nail Polish
75-91-149-159,3,0,7871,B004ZT0CQO,"OPI Nail Lacquer, White Shatter, 0.5 Fluid Ounce OPI The OPI Shatter shades creates a two-texture finish when used over nail lacquer. Makeup Nails Beauty Nail Polish"
75-91-149-159,3,1,7951,B00521QSJY,"OPI Nail Lacquer, Turquoise Shatter, 0.5 Fluid Ounce OPI The OPI Shatter shades creates a two-texture finish when used over nail lacquer. Makeup Nails Beauty Nail Polish"
75-91-149-159,3,2,8271,B005GSWUY0,"Opi Shatter Collection Nail lacquer, Gold Shatter, 0.5 Fluid Ounce OPI The Opi shatter shades creates a two-texture finish when used over nail lacquer. Makeup Nails Beauty Nail Polish"
77-103-51-205,3,0,6861,B0047ENQFQ,"L'Oreal Paris EverSleek Sulfate-Free Smoothing System Intense Smoothing Conditioner, 8.5 Fluid Ounce L&#39;Oreal Paris 48-Hour Frizz Control, Free of Heavy Silicones. The new standard of smooth has arrived. Ordinary smoothing shampoos can use harsh sulfates to cleanse hair, and have silicones that coat and weigh hair down. Free of harsh sulfates and heavy silicones, the EverSleek Sulfate-Free Smoothing System gently cleanses, and uses natural oils for weightless 48-Hour frizz control. EverSleek combines natural Argan, Sunflower, and Olive oils to penetrate and smooth hair, so that it stays weightlessly sleek through any weather. Beauty Hair Care Conditioners"
77-103-51-205,3,1,6862,B0047EPNZC,"L'Oreal Paris EverSleek Sulfate-Free Smoothing System Reparative Smoothing Conditioner, 8.5 Fluid Ounce L&#39;Oreal Paris 48-Hour Frizz Control, Free of Heavy Silicones. The new standard of smooth has arrived. Ordinary smoothing shampoos can use harsh sulfates to cleanse hair, and have silicones that coat and weigh hair down. Free of harsh sulfates and heavy silicones, the EverSleek Sulfate-Free Smoothing System gently cleanses, and uses natural oils for weightless 48-Hour frizz control. EverSleek combines natural Argan, Sunflower, and Olive oils to penetrate and smooth hair, so that it stays weightlessly sleek through any weather. Beauty Hair Care Conditioners"
77-103-51-205,3,2,6863,B0047EPOZ6,"L'Oreal Paris EverSleek Sulfate-Free Smoothing System Intense Smoothing Shampoo, 8.5 Fluid Ounce L&#39;Oreal Paris 48-Hour Frizz Control, Free of Heavy Silicones. The new standard of smooth has arrived. Ordinary smoothing shampoos can use harsh sulfates to cleanse hair, and have silicones that coat and weigh hair down. Free of harsh sulfates and heavy silicones, the EverSleek Sulfate-Free Smoothing System gently cleanses, and uses natural oils for weightless 48-Hour frizz control. EverSleek combines natural Argan, Sunflower, and Olive oils to penetrate and smooth hair, so that it stays weightlessly sleek through any weather. Shampoos Beauty Hair Care"
78-97-91-25,3,0,2610,B000YT4TYK,"Urban Decay Deluxe Shadow Box What it is:A Deluxe Shadow palette featuring nine decadent Urban Decay eyeshadow shades and a vial of Primer Potion.What else you need to know:The new and improved Deluxe Shadow Box includes a wide selection of Urban Decay's velvety pigment-rich Deluxe Eyeshadows ranging from bold brights to classic neutrals. The box also comes with the classic Eyeshadow Primer Potion-a tried and tested product to keep eyeshadow looking fresh for hours. The gorgeous compact is wrapped in luxe purple faux suede, and features a decorative shiny silver mesh window. Shades include: Fishnet, Honey, Ransom, Graffiti, Zero, Peace, Shag, Scratch, and Underground. Makeup Eye Shadow Beauty Eyes"
78-97-91-25,3,1,8297,B005HNXJOY,"Urban Decay Book of Shadows IV Limited Edition Eyeshadow Palette Book Of Shadows IV
What it is:
A mirrored compact of 16 eye shadows, including 10 new shades and ""QR"" codes that let you use your phone to access Urban Decay's exclusive how-to videos.

What it does:
This much-awaited collection of 16 eye shadows includes never-boring neutrals, provocative hits of shimmer and vibrant hues, as well as a Book of Shadows first-a portable speaker and how-to videos that reveal Urban Decay's five newest looks. All you need is a phone with a camera and a web browser to scan their QR (quick response) codes and instantly download videos. Pick your look, scan the corresponding QR code, plug your smart phone into the speaker, and drop your phone in the cradle. Then, open the drawer of shadows and recreate the look right along with the how-to video. This kit also include a full-size 24/7 Waterproof Liquid Eyeliner, a travel-size Eyeshadow Primer Potion, and a travel-size Supercurl Curling Mascara.

This set contains:
- 16 x 0.03 oz eye shadows in Blue Bus (periwinkle blue sheen), Gunmetal (gunmetal gray with silver glitter), Cobra (smoky green with gold shimmer), Baked (rich golden bronze shimmer), Bender (moss green sheen), Gravity (violet with silver glitter), Lost (neutral brown shimmer), Hijack (metallic muted teal), Midnight Cowgirl (golden beige with gold glitter), Sin (light shimmering champagne), Midnight Rodeo (beige shimmer with silver glitter), Crystal (pale icy blue shimmer), Bust (taupe sheen), Missionary (light taupe sheen), Skimp (ivory peach sheen), Zephyr (pearly cream sheen)
- 0.25 oz 24/7 Waterproof Liquid Eyeliner in Perversion (carbon black)
- 0.18 oz SuperCurl Mascara in black
- 0.13 oz Eyeshadow Primer Potion
- Mini Keychain Speaker Makeup Makeup Sets Beauty"
78-97-91-25,3,2,8377,B005K85R5A,"Urban Decay 24/7 Glide-On Shadow Pencil Stash It's like a box of ridiculously chic crayons... for your eyes. 5 travel-sized Shadow Pencils in a shade assortment that lets you play boldly with color or create softly smudged effects. You get all the creamy, waterproof, vibrant color of their 24/7 Glide-On Eye Pencils in a fat shape that's super-versatile: use the wide side of the pencil to shadow larger areas with ease or use the thin tip to line your eyes. This set makes achieving dramatic washes of color and precise lines SO EASY, in hues that run the gamut from soft and shimmery to deep and bright. The range of looks you can create with this set is endless.  Juju, a frosted taupe, is brand new and only available in this set! And each pencil barrel is color-matched so it's easier to grab exactly what you're looking for in the depths of your handbag. This kit will change the lives of lazy shadow appliers and wannabe makeup artists who can now achieve flawlessly shaded and/or lined eyes. 
Included in this kit:
Clash (bright turquoise w/silver sparkle)Delinquent (dark purple w/bright purple sparkle)
Juju (frosted taupe)
Rehab (taupe)
Sin (shimmering champagne) Makeup Eye Shadow Beauty Eyes"
8-207-145-135,3,0,2403,B000VOLCPC,"Adidas Floral Dream by Adidas for Women - 1.7 Ounce EDT Spray adidas Launched by the design house of Adidas.When&#xA0;applying&#xA0;any fragrance please consider that there are several factors which can affect the natural smell of your skin and, in turn, the way a scent smells on you.&#xA0; For instance, your mood, stress level, age, body chemistry,&#xA0;diet, and current medications may all alter the scents you wear.&#xA0;&#xA0;Similarly, factor such as dry or oily&#xA0;skin can even affect the amount of time a fragrance will last after being applied Fragrance Women's Beauty Eau de Toilette"
8-207-145-135,3,1,2412,B000VOP79O,"Adidas Fruity Rhythm by Adidas for Women - 1.7 Ounce EDT Spray adidas Launched by the design house of Adidas.When&#xA0;applying&#xA0;any fragrance please consider that there are several factors which can affect the natural smell of your skin and, in turn, the way a scent smells on you.&#xA0; For instance, your mood, stress level, age, body chemistry,&#xA0;diet, and current medications may all alter the scents you wear.&#xA0;&#xA0;Similarly, factor such as dry or oily&#xA0;skin can even affect the amount of time a fragrance will last after being applied Moisturizers Beauty Body Lotions Skin Care"
8-207-145-135,3,2,3884,B001FWXI6U,"Adidas Deep Energy by Adidas For Men. Eau De Toilette Spray 3.4-Ounces adidas Launched by the design house of Adidas.When&#xA0;applying&#xA0;any fragrance please consider that there are several factors which can affect the natural smell of your skin and, in turn, the way a scent smells on you.&#xA0; For instance, your mood, stress level, age, body chemistry,&#xA0;diet, and current medications may all alter the scents you wear.&#xA0;&#xA0;Similarly, factor such as dry or oily&#xA0;skin can even affect the amount of time a fragrance will last after being applied Moisturizers Beauty Body Lotions Skin Care"
88-176-211-11,3,0,7978,B0053L2E1O,"Raw African Black Soap Imported From Ghana 1lb 16oz Plant Guru African Black Soap is hand-made in West africa. The aroma and deep rich color result from the CENTURIES OLD extraction process that blends the great ingredients together producing the FINEST SKIN CLEANSER available. Black soap is also known as African Black Soap and is simply referred as ABS. It is an excellent cleanser that is composed of numerous soothing and beneficial ingredients that are abundantly found in nature. Although these ingredients are found all through the world, ABS is traditionally made by hand in Africa. Research has revealed that black soaps might contain many different ingredients, but majority of black soaps contain various oils, like the coconut oil, palm oil, palm kernel oil, shea butter and cocoa butter. They also contain ashes from different plants, like shea tree bark, banana trees, cocoa pods, and plantain leaves. Along with these water is used as a base for producing these soaps. Soaps Beauty Bath & Body Cleansers"
88-176-211-11,3,1,7979,B0053MNL5G,"Raw African Black soap Imported From Ghana 4oz Natural Cosmetics RAW African Black Soap African traditional black soap is one of the most beneficial yet unheard of soaps you will ever find. Made from dried plantain skins, palm leaves, cocoa pod powder, and kernel oil for an all-natural cleansing process. Plantains skins are largely what make this soap so effective. Plantain is a fruit that grows in Africa and South America that looks similar to a banana, except it is much larger and tastes altogether different. You can find plantains at many ethnic or international grocery stores. It is a natural source of vitamins A, E and iron. When black soap is made, the skin of the plantain is gingerly dried to a precise texture under the sun. Afterwards it is roasted in a clay oven. The heat must be constant in order to achieve the perfect brownish black color, texture and smell. Afterwards, cocoa pod powder is added. Cocoa pod is the shell of the cocoa fruit and also has natural healing properties Soaps Beauty Bath & Body Cleansers"
88-176-211-11,3,2,8090,B0058NANJC,"Handmade RAW ORGANIC African Black Soap 1lb. 16oz. From Ghana Natural Cosmetics Black soap is also known as African Black Soap and is simply referred as ABS. It is an excellent cleanser that is composed of numerous soothing and beneficial ingredients that are abundantly found in nature. Although these ingredients are found all through the world, ABS is traditionally made by hand in Africa. 

 

Research has revealed that black soaps might contain many different ingredients, but majority of black soaps contain various oils, like the coconut oil, palm oil, palm kernel oil, shea butter and cocoa butter. They also contain ashes from different plants, like shea tree bark, banana trees, cocoa pods, and plantain leaves. Along with these water is used as a base for producing these soaps. Body Scrubs Beauty Scrubs & Body Treatments Bath & Body"
89-206-150-33,3,0,3789,B001ET7AYA,"Jergens Natural Glow Firming Moisturizer, Fair to Medium Skin Tones 7.5-Ounces (Pack of 3) Jergens Jergens&#xFFFD; natural glow Firming Daily Moisturizer formula with collagen & elastin delivers clinically proven firming benefits to improve skin elasticity and a subtle skin darkening complex to create a natural-looking, summer glow. Begin to see a firmer appearance after just two weeks of daily use. Creams & Moisturizers Beauty Skin Care Face"
89-206-150-33,3,1,4522,B001UTI7ZK,"Jergens Natural Glow Foaming Body Lotion, Fair to Medium, 5 Ounce Jergens Jergens natural glow foaming daily moisturizer, fair to medium. 5 ounce gradually creates natural-looking color. Dries in seconds with no sunless tanner odor. Moisturizers Beauty Body Lotions Skin Care"
89-206-150-33,3,2,4561,B001YTD3BE,"Jergens Glow Face Daily Moisturizer Sunscreen SPF 20, Fair to Med, 2 Ounce Jergens Jergens natural glow healthy complexion face spy daily facial moisturizer, fair to medium, 2 ounce. Creams & Moisturizers Beauty Fluids & Lotions Fluids Face Skin Care"
91-223-107-163,3,0,329,B00016X68Q,"J.R. Liggett Bar Shampoo, Original Formula, 3.5 Ounce J.R. Liggett Refresh your shower and shave routine with this amazing bar shampoo original formula from J.R. Liggett. This old-fashioned formula was discovered in an old New England cookbook by the Liggett family who has since been creating these all-natural, safe-to-use bath products. Its unique formulation lathers and quickly cleans, leaving you with healthy, beautiful results. This sulfate-free product is safe to use on all hair and skin types with no risk of irritation. Enjoy this old-fashioned recipe with your family. Shampoos Beauty Hair Care"
91-223-107-163,3,1,1436,B000GJL22K,"J.R.Liggett's Old-Fashioned Bar Shampoo The Original Formula - 3.5 oz J.R. Liggett The formula for this incredible and unique bar of shampoo was discovered loosely placed in and old New England Cookbook many years ago by J.R.LIGGETT. This is the cornerstone of our fine line of bar shampoos that over the years has proven itself over and over to a countless number of loyal users. This is attested to by the number of years it has been on the market. Its 100% vegetable oil formulation lathers quickly, cleans well, and rinses out and easily, leaving you with healthy, beautiful, and clean hair. It will not strip the natural oils from your hair (there are no detergents) for this reason most people do not need a conditioner! It just smells clean. Shampoos Beauty Hair Care"
91-223-107-163,3,2,10274,B00937VAQE,"J.R. Liggett Bar Shampoo, Virgin Coconut Aragan Oil, 3.5 Ounce J.R. Liggett Refresh your shower and shave routine with this amazing bar shampoo virgin coconut aragan oil from J.R. Liggett. This old-fashioned formula was discovered in an old New England cookbook by the Liggett family who has since been creating these all-natural, safe-to-use bath products. Its unique formulation lathers and quickly cleans, leaving you with healthy, beautiful results. This sulfate-free product is safe to use on all hair and skin types with no risk of irritation. Enjoy this old-fashioned recipe with your family. Soaps Beauty Bath & Body Cleansers"
97-156-72-50,3,0,4350,B001QOGXP0,"Clarisonic Replacement Brush Head for Body Cleansing Clarisonic Spot Therapy replacement brush is used with the Clarisonic Pro or Plus models to  gently exfoliate, smooth rough dry patches and prepare the skin to better absorb skin care products. Not intended for facial cleansing. For use on the body only. Used with the Refining Skin Polish for gentle exfoliation and increased skin firmness and skin brightness. Beauty Skin Care Face"
97-156-72-50,3,1,8653,B005YB36O2,"Clarisonic Mia 2 Sonic Cleansing System - White clarisonic&#x2019;s patented micro-massage motion works within skin&#x2019;s natural elasticity to gently remove the impurities traditional cleansing methods leave behind. Cleanses 6 times better than with your hands alone in just 60 seconds. Skin is softer, smoother and more beautiful. Prepares skin for better absorption of creams, serums and moisturizers. Gentle enough to use 2 times a day. Face Cleansing Brushes Beauty Tools & Accessories Makeup Brushes & Tools Treatment Tools"
97-156-72-50,3,2,8654,B005YB36RY,"Clarisonic Skin Care Mia 2 Sonic Skin Cleansing System, Pink Clarisonic&#x2019;s patented micro-massage motion works within skin&#x2019;s natural elasticity to gently remove the impurities traditional cleansing methods leave behind. Cleanses 6x better than with your hands alone in just 60 seconds. Skin is softer, smoother and more beautiful. Prepares skin for better absorption of creams, serums and moisturizers. Gentle enough to use 2x a day Face Cleansing Brushes Beauty Tools & Accessories Makeup Brushes & Tools Treatment Tools"
97-169-180-112,3,0,11961,B00IJZJ9K0,"Replacement Brush Head for Sensitive Cleansing - (Generic) Twin Pack - 100% Money Back Guarantee Love&#39;s Health Twin Pack Generic Sensitive brush heads are designed for sensitive skin but are great for all skin types. With daily use, these Generic Sensitive Skin Care Brush Heads leave the skin feeling and looking smoother while increasing circulation and product absorption for improved cleansing and nourishment of treated area. Beauty Skin Care Face"
97-169-180-112,3,1,11962,B00IJZMXT4,"Replacement Brush Head for Deep Pore Cleansing - (Generic) Twin Pack - 100% Money Back Guarantee Twin Pack Generic Deep Pore brush heads are designed for all skin types. With daily use, these Generic Deep Pore Brush Heads leave the skin feeling and looking smoother while increasing circulation and product absorption for improved cleansing and nourishment of treated area. Beauty Skin Care Face"
97-169-180-112,3,2,11963,B00IK5DICE,"Replacement Brush Head for Acne Prone Skin - (Generic) Twin Pack - 100% Money Back Guarantee Love&#39;s Health Twin Pack Generic Acne brush heads are designed for sensitive skin with Acne but are great for all skin types. With daily use, these Generic Acne Skin Care Brush Heads leave the skin feeling and looking smoother while increasing circulation and product absorption for improved cleansing and nourishment of treated area. Face Cleansing Brushes Beauty Tools & Accessories Makeup Brushes & Tools Treatment Tools"
0-112-237-82,2,0,4262,B001O8KJ4E,"St. Ives Mineral Therapy Moisturizing Body Wash Unisex, 13.5 Ounce St. Ives Beauty Body Washes Bath & Body Cleansers"
0-112-237-82,2,1,7257,B004HJ1QGC,"St. Ives Body Wash Creamy Coconut Triple Butters, 24 Ounce (Pack of 2) St. Ives Beauty Body Washes Bath & Body Cleansers"
0-162-200-55,2,0,8557,B005TI7LD2,"Simple Exfoliating Wipes, 25 Count (Pack of 2) Simple Beauty Face Skin Care Cloths & Towelettes Cleansers"
0-162-200-55,2,1,8558,B005TI7LHS,"Simple Cleansing Facial Wipes, 25 Count (Pack of 2) Simple Beauty Face Skin Care Cloths & Towelettes Cleansers"
0-173-76-82,2,0,10669,B00AAJTDLI,Dove Men+Care Fresh Clean Fortifying 2 in 1 (12oz) Dove Shampoos Beauty Hair Care
0-173-76-82,2,1,11761,B00GTBZHCA,"Suave Professionals Men 2 In 1 Shampoo and Conditioner, Alpine Fresh, 12.6 Ounce Suave Shampoos Beauty Hair Care"
0-201-130-47,2,0,7092,B004DBPT2G,"Vaseline Body Lotion, Total Moisture, Pure Oat Extract, 32 Ounce Vaseline Moisturizers Beauty Body Lotions Skin Care"
0-201-130-47,2,1,7104,B004DBXLU8,"Vaseline Vaseline Body Lotion, Intensive Repair, Repairing Moisture, 32 Ounce Vaseline Moisturizers Beauty Body Lotions Skin Care"
0-201-73-47,2,0,7095,B004DBUAGG,"Vaseline Body Lotion, Cocoa Butter, 32Ounce Vaseline Moisturizers Beauty Body Butter Body Skin Care"
0-201-73-47,2,1,11884,B00HNKRYP4,"Vaseline Men Spray and Go Body Lotion Fast Absorbing Spray, 6.5 Ounce Vaseline Moisturizers Beauty Body Lotions Skin Care"
0-203-228-140,2,0,4201,B001MIZMNE,"Nivea Touch Of Smoothness Moisturizing Body Wash, Tea Rose Blossom, 16.9-Ounce Bottles (Pack of 3) Nivea Nivea&#x2122; Touch of Smoothness&#xAE; Moisturizing Body Wash.Smoothes & soothes.Tea rose blossom scent & almond essence. Beauty Body Washes Bath & Body Cleansers"
0-203-228-140,2,1,4202,B001MIZMNY,"Nivea Touch Of Sparkle Moisturizing Body Wash ,Diamond Powder &amp; White Calla Blossom, 16.9-Ounce Bottles (Pack of 3) Nivea Nivea&#x2122; Diamond Powder & White Calla Blossom Scent Touch Of Sparkle&#xAE; Moisturizing Body Wash.Moisturizes & illuminates. Beauty Body Washes Bath & Body Cleansers"
0-211-237-179,2,0,8504,B005PWB64M,"St. Ives Skin Renewing Body Lotion, 21 Ounce St. Ives Moisturizers Beauty Body Lotions Skin Care"
0-211-237-179,2,1,9093,B006RU9WO2,"St. Ives Deep Replenishing Mineral Therapy Body Lotion, 21 Ounce St. Ives Moisturizers Beauty Body Lotions Skin Care"
0-211-237-3,2,0,8462,B005OKQ1A4,"St. ives body lotion, deep restoring 24 hour moisture, 21oz St. Ives Moisturizers Beauty Body Lotions Skin Care"
0-211-237-3,2,1,8971,B006L5BPCU,"St. Ives Intensive Healing Body Lotion, cranberry seed &amp; grape seed oil 21 Ounce St. Ives Moisturizers Beauty Body Lotions Skin Care"
0-212-14-206,2,0,9518,B007N4D4ZO,"Ivory Original 10-Count: Bath Size Bars (4 Oz), 38.8 Ounce Ivory Soaps Beauty Bath & Body Cleansers"
0-212-14-206,2,1,10731,B00AFCP6F2,Old Spice High Endurance Pure Sport Scent Bar Soap Pack Of 6 - 24 Oz Old Spice Soaps Beauty Bath & Body Cleansers
0-62-111-53,2,0,3866,B001FB5TLI,"Caress Daily Silk Body Wash with White Peach and Silky Orange Blossom, 18 Ounce Bottles (Pack of 6) Caress Body Scrubs Beauty Scrubs & Body Treatments Bath & Body"
0-62-111-53,2,1,4364,B001QXC8B4,"Caress Evenly Gorgeous Exfoliating Body Wash, 18Ounce Bottle (Pack of 3) Caress Beauty Body Washes Bath & Body Cleansers"
1-202-202-113,2,0,7825,B004YJNK3W,"Nifty Cosmetic Organizing Carousel, Cream Nifty Home Products The Nifty cosmetic organizing carousel is an elegant way to organize your cosmetics and vanity. The lazy susan base rotates 360 degrees, which makes finding each of your cosmetic products extremely easy. The cosmetic organizer will hold each of your cosmetic accessories, from the larger sized brushes to the smaller hard to find bobby pins and hair pieces. The cosmetic organizer's space saving design takes up very little of your precious counter space, while holding all of your beauty products. Beauty Tools & Accessories Travel Cases & Holders Bags & Cases"
1-202-202-113,2,1,10614,B00A6AK6SK,"Nifty Cosmetic Organizing Carousel, Black The Nifty cosmetic organizing carousel is an elegant way to organize your cosmetics and vanity. The lazy susan base rotates 360 degrees, which makes finding each of your cosmetic products extremely easy. The cosmetic organizer will hold each of your cosmetic accessories from the larger sized brushes to the smaller hard to find bobby pins and hair pieces. The cosmetic organizer's space saving design takes up very little of your precious counter space, while holding all of your beauty products. Beauty Tools & Accessories Cosmetic Bags Bags & Cases"
1-26-255-79,2,0,9645,B007UZO2DO,"SHANY Cosmetics Makeup Trolley Case, Silver Black Leopard Trolley case is the most innovative case ever made by our team, Light weight aluminum case with durable print and ABS plastic. 360"" spinning wheel allows you to pull or push your case in any direction. The case comes with 4 wheels and multiple layers of storage with adjustable grids. Train Cases Beauty Tools & Accessories Bags & Cases"
1-26-255-79,2,1,9649,B007UZO2N4,"SHANY Cosmetics Makeup Trolley Case, Leopard Black Leopard Trolley case is the most innovative case ever made by our team, Light weight aluminum case with durable print and ABS plastic. 360"" spinning wheel allows you to pull or push your case in any direction. The case comes with 4 wheels and multiple layers of storage with adjustable grids. Train Cases Beauty Tools & Accessories Bags & Cases"
10-128-44-220,2,0,9458,B007JT7AIK,"CLEAR SCALP &amp; HAIR BEAUTY THERAPY Anti-Dandruff Shampoo, 12.9 Fluid Ounce Clear Shampoos Beauty Hair Care"
10-128-44-220,2,1,9583,B007RTR8A2,"CLEAR SCALP &amp; HAIR BEAUTY Moisturizing Dry Scalp Nourishing Shampoo, 12.9 Fluid Ounce Clear Shampoos Beauty Hair Care"
10-128-61-88,2,0,9587,B007RTR8TS,"CLEAR SCALP &amp; HAIR BEAUTY Damage &amp; Color Repair Nourishing Conditioner, 12.7 Fluid Ounce Clear Beauty Hair Care"
10-128-61-88,2,1,9592,B007RTR9E2,"CLEAR SCALP &amp; HAIR BEAUTY Ultra Shea Smooth &amp; Nourish Conditioner, 12.7 Fluid Ounce Beauty Hair Care Conditioners"
10-128-73-223,2,0,10668,B00AAIOP44,"Clear Scalp and Hair Beauty Therapy Frizz Control Nourishing Shampoo, 12.9 Fluid Ounce Clear Shampoos Beauty Hair Care"
10-128-73-223,2,1,10688,B00AE078TM,"Clear Scalp and Hair Beauty Therapy Frizz Control Nourishing Daily Conditioner, 12.7 Fluid Ounce Clear Beauty Hair Care Conditioners"
10-151-179-55,2,0,10566,B00A0IWTBA,"Suave Suave Kids Cherry Vanilla Bop Mousse, 7 Ounce Suave Mousses & Foams Beauty Styling Products Hair Care"
10-151-179-55,2,1,10568,B00A0IWTEW,"Suave Suave Kids Ocean Blast Gel, 7 Ounce Suave Beauty Styling Products Hair Care Creams, Gels & Lotions"
10-186-143-4,2,0,11877,B00HM6IXH2,"Dove Oxygen Moisture Shampoo, 12 Ounce Dove Shampoos Beauty Hair Care"
10-186-143-4,2,1,11878,B00HM6JLNW,"Dove Oxygen Moisture Conditioner, 12 Ounce Dove Beauty Hair Care Conditioners"
10-186-179-75,2,0,9107,B006T8BYAM,"Dove Nourishing Curls Whipped Cream Mousse, 7 Ounce Dove Mousses & Foams Beauty Styling Products Hair Care"
10-186-179-75,2,1,11876,B00HM6IVXI,"Dove Hair Styling Oxygen Moisture Root Lift Spray, 3.3 Ounce Dove Beauty Styling Products Hair Sprays Hair Care"
10-186-197-4,2,0,5354,B002VA4FWG,"Dove Damage Therapy Intensive Repair Daily Super Conditioner, 8 Ounce (Pack of 3) Dove Beauty Hair Care Conditioners"
10-186-197-4,2,1,10896,B00AWLB9I4,"Dove Color Care Daily Treatment Conditioner, 8 Ounce Dove Beauty Hair Care Conditioners"
10-186-70-4,2,0,1133,B000E0I5IK,"Dove Damage Therapy Intensive Repair Shampoo, 12 Ounce (Pack of 6) Dove Shampoos Beauty Hair Care"
10-186-70-4,2,1,3795,B001ET7EQY,"Dove Damage Therapy Daily Moisture Conditioner, 25.4 Ounce, Packaging May Vary (Pack of 2) Dove Beauty Hair Care Conditioners"
10-188-131-4,2,0,1375,B000GCY2PG,Head &amp; Shoulders Classic Clean Dandruff Shampoo With Pump 33.8 Fl Oz (packaging may vary) Head &amp; Shoulders Shampoos Beauty Hair Care
10-188-131-4,2,1,6421,B003USJW3A,Head &amp; Shoulders Hair Endurance For Men 2-In-1 Dandruff Shampoo And Conditioner With Pump 33.8 Fl Oz Head &amp; Shoulders Shampoos Beauty Hair Care
10-188-134-4,2,0,1373,B000GCXSHO,Head &amp; Shoulders Dry Scalp Care With Almond Oil Dandruff Shampoo With Pump 33.8 Fl Oz (packaging may vary) Head &amp; Shoulders Shampoos Beauty Hair Care
10-188-134-4,2,1,6723,B0043OSIVM,Head &amp; Shoulders Clinical Strength Dandruff Shampoo 14.2 Fl Oz (Pack of 2) (packaging may vary) Head &amp; Shoulders Shampoos Beauty Hair Care
10-221-153-75,2,0,11578,B00F4TQ49I,"Herbal Essences Naked Cleansing Conditioner 16.9 Fl Oz, Herbal Essences Beauty Hair Care Conditioners"
10-221-153-75,2,1,11798,B00GY5XVWY,Herbal Essences Color Me Happy Cleansing Conditioner 16.9 Fluid Ounce Beauty Hair Care Conditioners
10-222-119-65,2,0,4052,B001JQLNRI,"Pantene Pro-V Nature Fusion Smoothing Conditioner with Avocado Oil, 25.4 Fluid Ounce (Pack of 2) (Packaging may vary) Pantene Beauty Hair Care Conditioners"
10-222-119-65,2,1,5966,B003EH20VI,"Pantene Pro-V Volume Shampoo, 25.4 Fluid Ounce (Pack of 3) (packaging may vary) Pantene Shampoos Beauty Hair Care"
10-222-34-237,2,0,9257,B0073B3ESY,Pantene Silver Expressions Daily Color Enhancing Conditioner 13.5 Fl Oz (Pack of 2) Beauty Hair Care Conditioners
10-222-34-237,2,1,9258,B0073B3F06,Pantene Silver Expressions Daily Color Enhancing Shampoo 13 Fl Oz (Pack of 2) Shampoos Beauty Hair Care
10-229-62-185,2,0,3834,B001F51PWG,Aussie Moist Shampoo 13.5 Fl Oz (Pack of 6) Aussie Shampoos Beauty Hair Care
10-229-62-185,2,1,3835,B001F51PXA,Moist 3 Minute Miracle Deep Conditioner 8 Fl Oz (Pack of 4) Aussie Beauty Hair Care Conditioners
10-236-173-139,2,0,7238,B004H4VQ4Y,"Nexxus ProMend Leavein Treatment Cr&egrave;me, 4.8 Ounce Nexxus Hair & Scalp Treatments Beauty Hair Care"
10-236-173-139,2,1,7239,B004H53CW2,"Nexxus Pro Mend Overnight Treatment Cr&egrave;me, 1.9 Ounce Nexxus Hair & Scalp Treatments Beauty Hair Care"
10-236-179-55,2,0,2979,B0014XQ83K,"Nexxus non aerosol hair spray, super hold styling &amp; finishing mist, 10.1oz Nexxus Beauty Styling Products Hair Sprays Hair Care"
10-236-179-55,2,1,3655,B001E76FFW,"Nexxus Heat Pro-mend Heat Protection Styling Spray, 8.5-Ounce Bottles (Pack of 2) Nexxus Beauty Styling Products Hair Sprays Hair Care"
10-236-5-136,2,0,1406,B000GFZWDO,"Nexxus Keraphix Restorative Strengthening Conditioner, 13.5Ounce Bottle Nexxus Beauty Hair Care Conditioners"
10-236-5-136,2,1,1407,B000GFZWE8,"Nexxus Humectress Ultimate Moisturizing Conditioner, 33.8 fl oz (1l) Nexxus Beauty Hair Care Conditioners"
10-236-5-187,2,0,670,B0007CXXVE,Nexxus Humectress Ultimate Moisturizing Conditioner 33.8 Ounces Nexxus Nexxus Humectress Ultimate Moisturizing Conditioner Beauty Hair Care Conditioners
10-236-5-187,2,1,682,B0007NIRUU,"Nexxus Humectress Ultimate Moisturizing Conditioner, 13.5Ounce Bottles Nexxus Beauty Hair Care Conditioners"
10-247-129-201,2,0,4249,B001NJ6JIY,Fekkai Shea Butter Damage Protecting Hair Mask 4.4 Oz Fekkai Beauty Hair Care Conditioners
10-247-129-201,2,1,5083,B002M50FQK,Fekkai Shea Butter Moisturizing Hair Conditioner 8 Fl Oz Beauty Hair Care Conditioners
10-255-172-75,2,0,11769,B00GTBZXTC,"Suave Professionals Natural Infusion Macadamia Oil and White Orchid Light Oil Spray, 3 Ounce Suave Beauty Styling Products Hair Care"
10-255-172-75,2,1,11903,B00HSNX1AS,"Suave Professionals Natural Infusion Seaweed and Lotus Blossom Leave-in Foam, 5 Ounce Mousses & Foams Beauty Styling Products Hair Care"
10-255-27-79,2,0,486,B0002FCD5I,"Suave Naturals Conditioner, Tropical Coconut - 22.5oz. Suave Beauty Hair Care Conditioners"
10-255-27-79,2,1,4289,B001P24VEI,"Suave Professionals, conditioner, humectant moisture, 28oz Suave Beauty Hair Care Conditioners"
10-255-70-251,2,0,8956,B006K3ONSQ,"Suave Professionals mens, shampoo &amp; conditioner, 2 in 1 ocean charge, 28oz Suave Shampoos Beauty Hair Care"
10-255-70-251,2,1,11763,B00GTBZI6A,"Suave Professionals Men 2 In 1 Anti Dandruff Classic Clean Shampoo and Conditioner, 12.6 Ounce Suave Shampoos Beauty Hair Care"
10-6-157-231,2,0,10894,B00AWLB9EI,"Motions Straight Finish Cleanser, 8 Ounce Motions Shampoos Beauty Hair Care"
10-6-157-231,2,1,10898,B00AWLBAE2,"Motions Straight Finish Leave in Conditioner, 8 Ounce Motions Beauty Hair Care Conditioners"
10-96-62-185,2,0,8251,B005GDAZ9W,Aussie Moist Shampoo With Pump 29.2 Fl Oz (Pack of 2) Aussie Shampoos Beauty Hair Care
10-96-62-185,2,1,8253,B005GDAZCE,Aussie Moist Conditioner With Pump 29.2 Fl Oz (Pack of 2) Aussie Beauty Hair Care Conditioners
101-0-252-206,2,0,3948,B001GIOV8C,"Burt's Bees Naturally Ageless Night Creme, 2-Ounce Jar Burt&#39;s Bees How to determine the expiration date:The lot code is six to seven  digits long and starts with a 0, 1, 2 or 3. To read the lot code, the  first three numbers are the day of the year the product was made (aka  Julian Date). The next two digits are the year, and the last two digits  are a batch number we use internally for identification. For example,  lot code 0400901 translates to a product made on February 9, 2009 from  Batch Number 1. Beauty Skin Care Treatments & Masks Face"
101-0-252-206,2,1,10015,B008HBMVZ6,"Burt's Bees Intense Hydration Night Cream, 1.8 Ounces Burt&#39;s Bees How to determine the expiration date:The lot code is six to seven  digits long and starts with a 0, 1, 2 or 3. To read the lot code, the  first three numbers are the day of the year the product was made (aka  Julian Date). The next two digits are the year, and the last two digits  are a batch number we use internally for identification. For example,  lot code 0400901 translates to a product made on February 9, 2009 from  Batch Number 1. Creams & Moisturizers Beauty Night Creams Face Skin Care"
101-112-91-193,2,0,3645,B001E6TX0C,"Burt's Bees Peach and Willowbark Deep Pore Scrub, 4 Ounces (Pack of 2) Burt&#39;s Bees Formulated with finely ground peach stones, 100% natural Burt&#x2019;s Bees&#xAE; Peach and Willow Bark Deep Pore Scrub exfoliates skin to remove dead cells for a smoother complexion. This tube of facial scrub is also infused with Willow Bark extract, a natural source of salicylic acid, which helps remove dirt and oil for a refreshingly clean feel. Use this face wash daily and follow with your favorite Burt&#x2019;s Bees&#xAE; toner and moisturizer. Put the power of nature to work for your skin with Burt&#x2019;s Bees. Beauty Scrubs Exfoliators & Scrubs Face Skin Care"
101-112-91-193,2,1,4851,B002DMK0LC,"Burt's Bees Citrus Facial Scrub, 2 Ounces (Pack of 2) Burt&#39;s Bees Burt&#x2019;s Bees&#xAE; Citrus Facial Scrub cleans, exfoliates and moisturizes your skin all in one product. Infused with refreshing sweet orange and grapefruit oils, this 99.9% natural facial cleanser removes dirt, oil and make-up. Formulated with ground almonds, oats and pecans, this face wash also gently exfoliates dead skin cells. Finally, sweet almond oil and glycerin help moisturize your skin. Put the power of nature to work for your skin with Burt&#x2019;s Bees. Beauty Scrubs Exfoliators & Scrubs Face Skin Care"
101-147-205-190,2,0,3946,B001GIOV7S,"Burt's Bees Naturally Ageless Line Diminishing Day Lotion, 2 Ounces Burt&#39;s Bees Target the signs of aging with Burt&#x2019;s Bees&#xAE; Naturally Ageless&#xAE; Line Diminishing Day Lotion. This 100% natural face cream helps diminish the appearance of fine lines and wrinkles, leaving your skin softer, smoother and naturally ageless. Infused with pomegranate, one of nature&#x2019;s most powerful antioxidants, this daily moisturizer helps fight free radicals responsible for the breakdown of collagen and elastin. Use this day lotion as part of the Burt&#x2019;s Bees&#xAE; Naturally Ageless&#xAE; face care regimen. Put the power of nature to work for your skin with Burt&#x2019;s Bees. Creams & Moisturizers Beauty Fluids & Lotions Lotions Face Skin Care"
101-147-205-190,2,1,3947,B001GIOV82,"Burt's Bees Naturally Ageless Line Smoothing Eye Cream, 0.5 Ounces Burt&#39;s Bees Set your sights on younger looking skin with Burt&#x2019;s Bees&#xAE; Naturally Ageless&#xAE; Smoothing Eye Cream. This jar of 99% natural cream helps smooth skin and helps diminish the appearance of crow&#x2019;s feet. Infused with pomegranate, one of nature&#x2019;s most powerful antioxidants, this eye treatment helps fight free radicals responsible for the breakdown of collagen and elastin. It&#x2019;s also formulated with magnolia and horse chestnut extracts, known to help reduce the appearance of dark eye circles and puffy eyes. Use this eye cream as part of the Burt&#x2019;s Bees&#xAE; Naturally Ageless&#xAE; face care regimen. Put the power of nature to work for your skin with Burt&#x2019;s Bees. Gels Beauty Eyes Skin Care"
102-113-136-192,2,0,6240,B003OGSX4M,Shellac Romantique .25 oz. CND Cosmetics A UV-cured color coat featuring UV3 technology: on like polish; wears like gel; off in minutes. Provides a long-lasting color layer to nails. Makeup Nails Beauty Nail Polish
102-113-136-192,2,1,11234,B00CB6L8FC,"CND Shellac Power Polish - Summer Splash Collection - Lobster Roll - 0.25oz / 7.3ml CND Nail Products CND Shellac is the Original Power Polish system that goes on like polish, wears like gel and comes off in minutes with no nail damage. Makeup Nails Beauty Nail Polish"
102-215-103-235,2,0,11500,B00EA5AKLK,"CND VINYLUX RUBBLE Weekly Polish Nail 0.5oz CND Cosmetics VINYLUX is a two-step polish system consisting of VINYLUX Weekly Polish (featuring a built-in basecoat) and VINYLUX Weekly Top Coat that offers durable, high-shine and week-long wear. The top coat becomes more durable when exposed to natural light, ensuring no chipping or scratching for at least one week. VINYLUX dries in just eight and a half minutes. Plus VINYLUX colors perfectly match CND ShellacTM shades, making for easy CND Shellac touchups on the go and for pedicures that perfectly match CND Shellac manicures. Makeup Nails Beauty Nail Polish"
102-215-103-235,2,1,11502,B00EA5AXD0,"115 CND - VINYLUX GILDED PLEASURE Weekly Polish Coat Nail Gold Blue Color 0.5 oz CND Cosmetics What Is It

From the makers of CND Shellac (The Original Power Polish!) comes VINYLUX Weekly Polish, the new breakthrough nail polish that provides 7+ days of high gloss, chip-free wear, without the use of a base coat!

How It Works

The innovative self-adhering color coat system, eliminates the need for a base coat and dries in under nine minutes, saving you time and hassle. While other polishes deteriorate on your nails over time, VINYLUX endures and strengthens in resistance. The ProLight technology of the VINYLUX Top Coat creates a network of cross-linked polymer bonds that build resistance when exposed to natural light, effortlessly securing shine and resistance while you go about your day! Makeup Nails Beauty Nail Polish"
102-220-134-116,2,0,8592,B005UHRKU6,"Ibd Just Gel Polishes - 1/2 oz. - Gerber Daisy IBD IBD introduces just gel, the strong 100% pure gel formula that wears like a classic true gel. Apply it just like polish and be rewarded with richer, more even color. This versatile gel polish cures quickly under either LED or UV light. It also protects natural nails with stronger, long-lasting wear. Gel removal is simple as well. Remove Just Gel Polish easily in just 10 minutes with no mess and no fuss.Instructions:File and shape nailRemove and push back cuticleBuff nail to remove shine and dustApply foundation and cure 1 minuteApply thin coat of color to nails and cure for 2 minutesApply second coat of color and cure for 2 minutesApply top coat and cure for 2 minutesCleanse nail to ensure mirror finish Makeup Nails Beauty Nail Polish"
102-220-134-116,2,1,8737,B0063TVD94,"Ibd Just Gel Polish &quot;Plum Raven #56506&quot; New Color IBD IBD introduces just gel, the strong 100% pure gel formula that wears like a classic true gel. Apply it just like polish and be rewarded with richer, more even color. This versatile gel polish cures quickly under either LED or UV light. It also protects natural nails with stronger, long-lasting wear. Gel removal is simple as well. Remove Just Gel Polish easily in just 10 minutes with no mess and no fuss.Instructions:File and shape nailRemove and push back cuticleBuff nail to remove shine and dustApply foundation and cure 1 minuteApply thin coat of color to nails and cure for 2 minutesApply second coat of color and cure for 2 minutesApply top coat and cure for 2 minutesCleanse nail to ensure mirror finish Makeup Nails Beauty Top & Base Coats"
102-244-103-235,2,0,4998,B002K6AHQY,"Creative Nail Creative Nail Design Vinylux Nail Lacquer, Rock Royalty, 0.5 Fluid Ounce Creative Nail Vinylux weekly polish and weekly top coat are a system that is uniquely design to work together. Patent-pending pro-light technology creates a powerful network of cross-linked polymer bonds that build resistance to chips, and enhance durability with exposure to natural light over time. Makeup Nails Beauty Nail Polish"
102-244-103-235,2,1,11303,B00CNE2GOO,"Creative Nail Creative Nail Design Vinylux Nail Lacquer, Weekly Top Coat, 0.5 Fluid Ounce Creative Nail Vinylux weekly polish and weekly top coat are a system that is uniquely design to work together. Patent-pending pro-light technology creates a powerful network of cross-linked polymer bonds that build resistance to chips, and enhance durability with exposure to natural light over time. Makeup Nails Beauty Nail Polish"
103-235-73-119,2,0,10280,B0094C43FI,"AINHOA Senskin Sensitive Concentrate, 1.05 Fluid Ounce AINHOA is an award-winning series of professional beauty products for use in the comfort of your home.  Pleasurable, convenient, made from the highest quality ingredients, these are Spa-quality products at affordable prices. Ainhoa has been available in the worlds&#x2019; finest hotels and spas for over 15 years, offering luxurious treatments using their products.   Whether you want daily use products or an intense treatment, whatever your skin type; the stunning Ainhoa range has the right products for you.  Treat yourself today and enter the exclusive world of Ainhoa. SENSKIN is a range of daily use natural facial products designed for sensitive skin. These products contain outstanding ingredients such as Azulene, Oat Extract and other decongestive plant extracts. SENSKIN products are free of perfumes, artificial colors and preservatives, the raw materials have been tested and selected for their hypo-allergenic properties. These products are hydrating, nourishing, regenerating, calming, softening and decongestive, allowing the skin to recover its natural balance, soften expression lines and prevent skin ageing. SENSKIN Facial Fluid is a serum concentrate in emulsion form that relieves the sensation of discomfort and deeply revitalises the skin.  It helps to balance sensitive skins.  Use once daily when required under your daily moisturiser for soothed, balanced and comforted skin. SENSKIN products are recommended for sensitive, very sensitive, volatile or with Couperosis (Rosacea, red or blotched skin, broken capillaries) symptoms, irritated skin, redness and flaky skin types. Suitable for age 16 years and upwards. Creams & Moisturizers Beauty Skin Care Face"
103-235-73-119,2,1,10301,B0095BWH5Q,"AINHOA Whitess Caviar Renewal Serum, 1.05 Fluid Ounce AINHOA is an award-winning series of professional beauty products for use in the comfort of your home.  Pleasurable, convenient, made from the highest quality ingredients, these are Spa-quality products at affordable prices. Ainhoa has been available in the worlds&#x2019; finest hotels and spas for over 15 years, offering luxurious treatments using their products. Whether you want daily use products or an intense treatment, whatever your skin type; the stunning Ainhoa range has the right products for you.  Treat yourself today and enter the exclusive world of Ainhoa. WHITESS CAVIAR RENEWAL is a recently launched range of products that applies the best of our Caviar treatment experience to the issues of pigmentation.  This range boasts innovative ingredients that include Platinum and Skin Brightening Plant Stem Cells, plus natural ingredients that are capable of improving the sin's appearance. These formulations provide luminosity and softness to the skin with anti-ageing benefits.  They prevent and treat blemishes and imperfections caused by sun exposure and hormonal imbalances. Caviar Extract is rich in vitamins A, D, B1, B2, B6 and the elements Cobalt, Copper, Phosphorus, Silicon, Zinc; as well as Amino-Acids Glycine, Lysine, Histidine, Arginine and Asparagine. Also a source of marine DNA which is a key element to skin cell regeneration. WHITESS CAVIAR RENEWAL Caviar Renewal Serum is a light-textured serum which acts as a booster to the Caviar Renewal Cream thanks to our Brightening Plant Stem Cell complex. Enriched with Caviar Extract and Platinum which provide specific action against skin discoloration and help to reduce wrinkles and expression lines. This pleasureable serum provides nutrition, regeneration, vitality and flexibility to the skin. WHITESS CAVIAR RENEWAL products are recommended for all skin types, mature skin, skin with pigmentation issues and aged 30 years upwards. Ainhoa products that compliment this range include LUXE Cleansing Milk and Facial Tonic. Oils & Serums Beauty Skin Care Face"
103-235-8-119,2,0,8214,B005F2AD3W,"AINHOA Luxe Gold Facial Serum, 1.05 Fluid Ounce AINHOA is an award-winning series of professional beauty products for use in the comfort of your home.  Pleasurable, convenient, made from the highest quality ingredients, these are Spa-quality products at affordable prices. Ainhoa has been available in the worlds&#x2019; finest hotels and spas for over 15 years, offering luxurious treatments using their products.   Whether you want daily use products or an intense treatment, whatever your skin type; the stunning Ainhoa range has the right products for you.  Treat yourself today and enter the exclusive world of Ainhoa. LUXE GOLD is a very special facial range containing Gold and highly sought-after Caviar Extract in even greater concentrations, to pamper the skin and this combination of innovative ingredients provides anti-wrinkle, regenerative, revitalizing, oxygenating and lifting actions. Caviar Extract is regenerative and nourishing while Gold stimulates cellular oxygenation, lifts and provides light reflection. Caviar Extract is rich in vitamins A, D, B1, B2, B6 and the elements Cobalt, Copper, Phosphorus, Silicon, Zinc; as well as Amino-Acids Glycine, Lysine, Histidine, Arginine and Asparagine. Additionally sources of marine DNA, key to skin cell regeneration.  This potent combination intensifies the processes inside the skin cells and moisturizes, slowing down the aging process.  You will not find higher Caviar Extract concentrations even in products that cost hundreds of dollars more than LUXE GOLD. LUXE GOLD Facial Serum offers regenerative and moisturizing properties. When used day and night before applying face cream this light, absorbent serum contributes to accelerating the skin's recovery, renewing skin cells and regenerating tissue.  A truly wonderful product to compliment your current day and night creams. dry/dehydrated skins / expression lines. Ainhoa products which compliment this range are: LUXE Cleansing Milk, LUXE Facial Tonic, SPECIFIC Glycolic Acid, PLASTIC MASK Lifting Mask, any AINHOA face cream. Oils & Serums Beauty Skin Care Face"
103-235-8-119,2,1,10300,B0095BWGIE,"AINHOA Specific Extreme Pack AINHOA AINHOA is an award-winning series of professional beauty products for use in the comfort of your home.  Pleasurable, convenient, made from the highest quality ingredients, these are Spa-quality products at affordable prices. Ainhoa has been available in the worlds&#x2019; finest hotels and spas for over 15 years, offering luxurious treatments using their products.  Whether you want daily use products or an intense treatment, whatever your skin type; the stunning Ainhoa range has the right products for you.  Treat yourself today and enter the exclusive world of Ainhoa. SPECIFIC EXTREME range of daily skin care uses Plant Stem Cells which offer the potential to constantly create new skin cells. These products contain the amazing Hyaluronic Acid, our body's natural lubricant. Also rich in Keratinocytes, which provide the skin with a barrier against environmental aggressors and can auto-renovate where required. Obtained from Halophyte plants which grow in aggressive conditions where they adapt to salt and water stress and they bring this environmental resistance to the skin. SPECIFIC EXTREME products contain Marine DNA which helps to rejuvenate and regenerate skin cells.  Anti-Oxidant Vitamin E promotes free radical scavenging and allows for the retention of water, Collagen and Elastin. The Stem Cells are assimilated into tissue and used intelligently where most needed, re-establishing the skin's health and vitality. SPECIFIC EXTREME Extreme Pack contains two wonder products for you to use at home. Extreme Eclat Instant for day use to provide an immediate lifting and tightening effect; Extreme Extreme Plus Repair for night-time regeneration. Both are presented in a stunning silver click-pen and are easy to use.  For skin with expression lines aged 30 years and upwards. See individual products for full descriptions. A fantastic set for yourself or as a gift. Ainhoa products that compliment this range include: LUXE Cleansing Milk & Facial Tonic, LUXE Day and Night Cream. Beauty Skin Care Treatments & Masks Face"
103-4-112-82,2,0,5918,B003CFB8OM,"Alba Botanica Revitalizing Green Tea SPF 45 Hawaiian Sunscreen, 4 Ounce Tubes (Pack of 2) Alba Since 1979, Alba Botanica has offered natural, 100% vegetarian personal care products that do beautiful for you, your friends and the animals and Earth you love. This means we DON'T use parabens, sulfates, or phthalates. We make a full range of products packed with potent natural, botanical ingredients that are formulated to nourish the individualized needs of your skin and hair. Because the Alba Botanica is committed to the health and happiness of all furry friends, we never test our products, or the ingredients that go into them, on animals. We recognize the need to be good stewards of all natural resources. So we try to do beautiful by reducing our environmental impact in everything we do as a business, from the field to the final product. We hope that you join our do beautiful campaign. Together we can help to preserve and heal the planet, now and for future generations. Sun Beauty Sports Skin Protection Skin Care"
103-4-112-82,2,1,9326,B00776CLLG,"Alba Botanica Natural Protection Kids Spray SPF 40 Very Emollient Sunscreen, 4 Ounce Spray Bottle Alba Botanica Since 1979, Alba Botanica has offered natural, 100% vegetarian personal care products that do beautiful for you, your friends and the animals and Earth you love. This means we DON'T use parabens, sulfates, or phthalates. We make a full range of products packed with potent natural, botanical ingredients that are formulated to nourish the individualized needs of your skin and hair. Because the Alba Botanica is committed to the health and happiness of all furry friends, we never test our products, or the ingredients that go into them, on animals. We recognize the need to be good stewards of all natural resources. So we try to do beautiful by reducing our environmental impact in everything we do as a business, from the field to the final product. We hope that you join our do beautiful campaign. Together we can help to preserve and heal the planet, now and for future generations. Sun Beauty Sports Skin Protection Skin Care"
103-4-22-82,2,0,2102,B000QUOD8Y,"Alba Aloe Vera Sunblock SPF 30, 4 Ounce Alba Since 1979, Alba Botanica has offered natural, 100% vegetarian personal care products that do beautiful for you, your friends and the animals and Earth you love. This means we DON'T use parabens, sulfates, or phthalates. We make a full range of products packed with potent natural, botanical ingredients that are formulated to nourish the individualized needs of your skin and hair. Because the Alba Botanica is committed to the health and happiness of all furry friends, we never test our products, or the ingredients that go into them, on animals. We recognize the need to be good stewards of all natural resources. So we try to do beautiful by reducing our environmental impact in everything we do as a business, from the field to the final product. We hope that you join our do beautiful campaign. Together we can help to preserve and heal the planet, now and for future generations. Sun Beauty Skin Care After Sun"
103-4-22-82,2,1,3790,B001ET7BDK,"Alba Botanica Pure Lavender SPF 45 Very Emollient Sunscreen, 4 Ounce Tubes (Pack of 2) Alba Botanica Since 1979, Alba Botanica has offered natural, 100% vegetarian personal care products that do beautiful for you, your friends and the animals and Earth you love. This means we DON'T use parabens, sulfates, or phthalates. We make a full range of products packed with potent natural, botanical ingredients that are formulated to nourish the individualized needs of your skin and hair. Because the Alba Botanica is committed to the health and happiness of all furry friends, we never test our products, or the ingredients that go into them, on animals. We recognize the need to be good stewards of all natural resources. So we try to do beautiful by reducing our environmental impact in everything we do as a business, from the field to the final product. We hope that you join our do beautiful campaign. Together we can help to preserve and heal the planet, now and for future generations. Sun Beauty Sports Skin Protection Skin Care"
104-196-49-195,2,0,6659,B0041KLRYS,"Coastal Scents Winterberry Palette, 8.5-Ounce Coastal Scents 12 Berry inspired metallic shades Makeup Makeup Palettes Beauty"
104-196-49-195,2,1,6935,B004A8DJS8,"Coastal Scents Think Pink Palette, 8.5-Ounce Coastal Scents 12 Rose Petal inspired shades Makeup Makeup Palettes Beauty"
104-196-49-82,2,0,6936,B004A8LFJI,"Coastal Scents Fall Festival Palette, 8.5-Ounce Coastal Scents 12 Inspired fall shades. Makeup Eye Shadow Beauty Eyes"
104-196-49-82,2,1,7420,B004LWAJB8,"Coastal Scents Smoky Palette, 1.26 Ounce Coastal Scents Makeup Makeup Palettes Beauty"
104-27-168-6,2,0,5311,B002UBVZYC,BH Cosemetics 88 Color Neutral Palette BHCosmetics You'll fall in love with this irresistible neutral eyeshadow palette from BH Cosmetics. BH Cosmetics offers quality professional makeup products at amazing prices. Featuring the most brilliantly pigmented colors available. Highest quality ingredients for professional makeup products. Makeup Eye Shadow Beauty Eyes
104-27-168-6,2,1,9370,B007BSA5ZO,"BH Cosmetics 60 Color Eye Shadow Palette, Day and Night BHCosmetics You'll fall in love with this irresistible BH Day and Night eye shadow palette from BH Cosmetics. BH Cosmetics offers quality professional makeup products at amazing prices. Featuring the most brilliantly pigmented colors available. Highest quality ingredients for professional makeup products. 60 color palette. Makeup Eye Shadow Beauty Eyes"
104-80-78-195,2,0,8583,B005UBN3GW,"Coastal Scents Go Makeup Palette, Paris, 0.28 Oz Coastal Scents Evoke the essence of love with our Paris Go Palette. Inspired by the romantic French city this palette is ideal for sculpting a variety of tantalizing looks. All of the eye shadows are contained in our matte black Coastal Scents imprinted palette and equipped with a mirror for convenience. Makeup Makeup Palettes Beauty"
104-80-78-195,2,1,8588,B005UBN57O,"Coastal Scents Go Makeup Palette, London, 0.28 Oz Coastal Scents Unleash your royal beauty with our London Go Palette. Inspired by England&#x2019;s capital city this palette is an assortment of twelve highly pigmented matte and shimmer shadows. The shadows are contained in our matte black, Coastal Scents logo imprinted palette and equipped with a mirror for convenience. Makeup Makeup Palettes Beauty"
107-11-154-179,2,0,503,B0002M9OYY,Fake Bake Passion Fruit Body Polish 6 oz. Fake Bake Buy Fake Bake Before Sun - Fake Bake Passion Fruit Body Polish 170ml/6oz Self-Tanners & Bronzers Sun Beauty Skin Care
107-11-154-179,2,1,2718,B001181W7K,"Xen-Tan Dark Lotion, 8-Ounces Xen Tan Xen-Tan Dark Lotion, 8oz Self-Tanners & Bronzers Sun Beauty Skin Care"
107-11-154-77,2,0,2717,B00117YN2M,"Fake Bake Xtreme Darkest Self-Tanning Gel, 5-Ounce Fake Bake Fake Bake Xtreme Self-Tanning Gel, 6oz Self-Tanners & Bronzers Sun Beauty Skin Care"
107-11-154-77,2,1,2720,B001183N9K,"Fake Bake Instant Self-Tanning Spray, 7.1-Ounces Fake Bake Fake Bake Instant Self-Tanning Spray, 7oz Self-Tanners & Bronzers Sun Beauty Skin Care"
107-11-51-69,2,0,2716,B00117YN2C,"Fake Bake Face Self-Tanning Lotion, 2-Ounces Fake Bake Fake Bake Face Self-Tanning Lotion, 2oz Self-Tanners & Bronzers Sun Beauty Skin Care"
107-11-51-69,2,1,2719,B001183N8G,"Fake Bake Self-Tanning Lotion, 6-Ounces Fake Bake Fake Bake Self-Tanning Lotion, 6oz Self-Tanners & Bronzers Sun Beauty Skin Care"
108-135-99-85,2,0,10230,B008YKNHN0,"CheekRoom Facial Cleansing Pore Brush NO1 selling Authentic Pore Brush Brush cleansing will revive your tired skin to glow by removing dirt, make-up, dead skin cells and opening clogged pores.New & Improved 410,000 soft bristles are densely aligned on the brush for deep cleansing with minimal irritation.Using the Cheekroom pore brush will remove all dirt and dead skin cells and boost your circulation to increase blood flow to the cells to restore skin's vitality.Bristles are bacteria resistant and the plastic handle is resistant to mold and breakage.-How to use:1. Wet the brush under running water2. Apply small amount of facial cleanser to the brush3. Gently apply the brush to your face moving in a circular motion. Note, do not press hard as it will be counterproductive.4. Because of the soft bristles, you may use this brush several times a day without irritation (however, depending upon facial cleanser used irritation may occur so we recommend natural chemical free cleansers)6. After use, hang brush to dry. Because of patented antimicrobial design of the bristles, bacteria do not form. Beauty Skin Care Face"
108-135-99-85,2,1,11171,B00BSU7H5W,"XIUstyle&amp;#8482 Facial Cleanser Exfoliate Brush Facial Skin Care Tool,pore cleaner XIUstyle ;1.Brush cleansing will revive your tired skin to glow, removing dirt, make-up, and even dead skin cells.2.310,000 soft bristles are densely aligned on the brush head for stable pressure for minimal irritation.3.Brush cleansing will remove all dirt and dead skin cells and boost your circulation to increase blood flow to the cells to restore skin's vitality.How to use;1.put some facial cleanser in your hand;2.Wet the brush;3.use XiuStyle Brush to make some bubble in your hand;4. clean your face5.Sensitive skin 2 times a week/normal skin 3 times a week6. hanging the brush in the shade,and let it dry naturally after used Beauty Skin Care Face"
109-164-141-8,2,0,2245,B000TNOUA4,"Maybelline Dream Mousse Blush - Soft plum Maybelline Air soft formula provides luminous, long lasting color to cheeks. Glides on smoothly and blends easily for seamless color and a natural, radiant finish. Air whipped mousse delivers a satin soft feel on skin. Long wearing formula will not clog pores. Makeup Blush Beauty Face"
109-164-141-8,2,1,4454,B001T8SBDK,"Maybelline New York Dream Mousse Blush, 60 Coffee Cake, 0.2 Ounce Maybelline Air soft formula provides luminous, long lasting color to cheeks. Glides on smoothly and blends easily for seamless color and a natural, radiant finish. Air whipped mousse delivers a satin soft feel on skin. Long wearing formula will not clog pores. Makeup Blush Beauty Face"
109-164-141-82,2,0,2366,B000VBDWQC,"Maybelline New York Dream Matte Mousse Foundation, Light Beige, 0.64 Ounce Maybelline Revolutionary whipped formula provides air soft, perfect matte coverage, with a weightless feel. Blends effortlessly for a soft, natural looking, even toned result. Makeup Foundation Beauty Face"
109-164-141-82,2,1,6835,B0046VC8KO,"Maybelline New York Fit Me! Blush, Medium Nude, 0.16 Ounce Maybelline Flawless that lets the real you come through. Lightweight pigments blend easily and wears evenly. Provides a natural, fade proof cheek color that leaves skin the way it was meant to be: fresh, breathing, and natural. Makeup Blush Beauty Face"
109-205-215-133,2,0,7800,B004Y9GTOO,"Maybelline New York Instant Age Rewind Eraser Dark Circles Treatment Concealer, Fair 10, 0.2-fluid Ounce Maybelline Instantly creates a radiant, refreshed looking eye area. Super concentrated formula with goji berry and haloxyl helps to erase the appearance of dark circles and fine lines, while visibly diminishing the appearance of puffiness around the eyes. Dark Circle Treatments Beauty Eyes Skin Care"
109-205-215-133,2,1,7803,B004Y9GVZG,"Maybelline New York Instant Age Rewind Eraser Dark Circles Treatment Concealer, Neutralizer 50, 0.2-fluid Ounce Maybelline Instantly creates a radiant, refreshed looking eye area. Super concentrated formula with goji berry and haloxyl helps to erase the appearance of dark circles and fine lines, while visibly diminishing the appearance of puffiness around the eyes. Dark Circle Treatments Beauty Eyes Skin Care"
109-205-243-133,2,0,7802,B004Y9GV60,"Maybelline New York Instant Age Rewind Eraser Dark Circles Treatment Concealer, Medium 30/130, 0.2-fluid Ounce Maybelline Instantly creates a radiant, refreshed looking eye area. Super concentrated formula with goji berry and haloxyl helps to erase the appearance of dark circles and fine lines, while visibly diminishing the appearance of puffiness around the eyes. Makeup Beauty Concealers & Neutralizers Face"
109-205-243-133,2,1,7804,B004Y9GY44,"Maybelline New York Instant Age Rewind Eraser Dark Circles Treatment Concealer, Brightener 60, 0.2-fluid Ounce Instantly creates a radiant, refreshed looking eye area. Super concentrated formula with goji berry and haloxyl helps to erase the appearance of dark circles and fine lines, while visibly diminishing the appearance of puffiness around the eyes. Makeup Beauty Concealers & Neutralizers Face"
109-219-116-232,2,0,4079,B001KYNZM0,"Maybelline New York Mineral Power Powder Foundation, Natural Ivory, 0.28 Ounce Maybelline Mineral power natural perfecting powder foundation with 100% micro minerals not only provides flawless coverage, but also makes your skin clearer, smoother and more radiant  even when you&#x2019;re not wearing any. Results clinically proven after 8 weeks: 52% improvement in skin smoothness; 49% improvement in skin luminosity; 43% reduction in redness. Buildable, even coverage. Tested on sensitive skin. Won&#x2019;t clog pores. Contains 0% oil, 0% talc, 0% preservatives and 0% fragrance. spf 18. *based on a clinical study Makeup Foundation Beauty Face"
109-219-116-232,2,1,4109,B001KYRRSI,"Maybelline New York Mineral Power Powder Foundation, Honey Beige, Medium 4, 0.28 Ounce Maybelline Mineral power natural perfecting powder foundation with 100% micro minerals not only provides flawless coverage, but also makes your skin clearer, smoother and more radiant  even when you&#x2019;re not wearing any. Results clinically proven after 8 weeks: 52% improvement in skin smoothness; 49% improvement in skin luminosity; 43% reduction in redness. Buildable, even coverage. Tested on sensitive skin. Won&#x2019;t clog pores. Contains 0% oil, 0% talc, 0% preservatives and 0% fragrance. spf 18. *based on a clinical study Makeup Foundation Beauty Face"
109-25-81-46,2,0,10072,B008MAU8XY,"Jane Iredale Glow Time Full Coverage Mineral Cream Concealer BB 3, 1.7 Ounce Jane Iredale Glow time covers blemishes, minimizes pores, disguises wrinkles and smoothes and brightens skin. Our mineral-based formula nourishes your complexion and helps protect skin from UV and free radical damage. Makeup Beauty Concealers & Neutralizers Face"
109-25-81-46,2,1,10073,B008MAUMEO,"Jane Iredale Glow Time Full Coverage Mineral Cream Concealer BB 5, 1.7 Ounce Jane Iredale Glow time covers blemishes, minimizes pores, disguises wrinkles and smoothes and brightens skin. Our mineral-based formula nourishes your complexion and helps protect skin from UV and free radical damage. Makeup Beauty Concealers & Neutralizers Face"
109-77-116-113,2,0,4097,B001KYQ4VO,"Maybelline New York Mineral Power Powder Foundation, Pure Beige- 0.28 Ounce Maybelline Mineral power natural perfecting powder foundation with 100% micro minerals not only provides flawless coverage, but also makes your skin clearer, smoother and more radiant even when you&#x2019;re not wearing any. Results clinically proven after 8 weeks*: 52% improvement in skin smoothness; 49% improvement in skin luminosity; 43% reduction in redness. Buildable, even coverage. Tested on sensitive skin. won&#x2019;t clog pores. Contains 0% oil, 0% talc, 0% preservatives and 0% fragrance. spf 18. *based on a clinical study Makeup Foundation Beauty Face"
109-77-116-113,2,1,4127,B001KYVPGI,"Maybelline New York Mineral Power Powder Foundation, Creamy Natural, 0.28 Ounce Maybelline Mineral power natural perfecting powder foundation with 100% micro minerals not only provides flawless coverage, but also makes your skin clearer, smoother and more radiant even when you&#x2019;re not wearing any. Results clinically proven after 8 weeks*: 52% improvement in skin smoothness; 49% improvement in skin luminosity; 43% reduction in redness. Buildable, even coverage. Tested on sensitive skin. won&#x2019;t clog pores. Contains 0% oil, 0% talc, 0% preservatives and 0% fragrance. spf 18. *based on a clinical study Makeup Foundation Beauty Face"
110-156-48-114,2,0,5123,B002NY3PSK,"Batiste Dry Shampoo Spray - Blush (1.6 oz. travel size) Batiste Beautiful delicate fragrance, revitalizes greasy, dull and lifeless hair between washes. Instantly leaves your hair feeling clean, full of body and smelling beautiful. quick and convenient to use wherever you are. Shampoos Beauty Hair Care"
110-156-48-114,2,1,8169,B005D7F4VU,"Batiste Dry Shampoo Tropical 200ml Batiste Dry Shampoo Dry shampoo banishes oily roots giving dull, lifeless hair the makeover it needs without any water. A quick burst revitalises hair leaving it feeling clean and fresh and with a subtle, sexy sparkle. No need to worry about skipping a shampoo. Instant hair refresh. Shampoos Beauty Hair Care"
111-184-214-32,2,0,8002,B0054JDN8S,Plain Roll-On Refillable Glass Perfume Bottle Purse or Travel Size Natural Cosmetics 1/3oz. Glass roll on bottle. Refillable Containers Beauty Tools & Accessories Bags & Cases
111-184-214-32,2,1,9110,B006TLZQ4O,"Mini Roll on Refillable Glass Perfume Bottle &quot;Swirl&quot; 1/8oz 3.5ml Mini Roll on Refillable Glass Perfume Bottle ""Swirl"" 1/8oz 3.5ml

Includes: 1 FREE 5 ml. plastic droppers for easy filling Fragrance Women's Beauty Essential Oils"
111-210-173-228,2,0,1792,B000NJE0PO,Soft 'N Style Clear Spray Bottle 16 oz. (Pack of 6) Soft &#39;N Style Applicator Bottles Beauty Tools & Accessories Hair Coloring Tools
111-210-173-228,2,1,1797,B000NJG8B8,Soft 'N Style Fine Mist Spray Bottle 8 oz. (Pack of 6) Soft &#39;N Style Applicator Bottles Beauty Tools & Accessories Hair Coloring Tools
111-26-100-32,2,0,926,B000B45BUE,"Silver Metallic Perfume Atomizer Spray 10 ML for purse or travel Refillable Atomizer Classic Refillable Perfume Spray in shiny metallic silver. Atomizer is composed of 4 parts: top, bottom, sprayer and glass bottle. Can be refilled with any fragrance. Fragrance Women's Beauty Eau de Parfum"
111-26-100-32,2,1,11149,B00BPUAUB8,"5ML 6pcs Amazing Travel Perfume Atomizer Refillable Mini Perfume Bottle Spray Blue,Red,Purple,Pink,Silver,Black brandbuy Perfect for storing some of your favourite Perfume/Aftershave/Makeup Remover in a smaller container without having to take the whole bottle with you on holiday.Simple to refill in seconds, no funnels required and no spillages.A travel essential for both men and women.Size: high 9.8 cm, wide 1.4 cmCapacity:5ML/pcsNet Weight:Only 18g/pcs(empty)Material: Glass (Organic glass, not easily broken)Inner container & metal shellIt also can be used as a good gift for your friends Refillable Containers Beauty Tools & Accessories Bags & Cases"
115-114-71-52,2,0,438,B00027D8IC,"Duo Lash Adhesive, Clear, 0.25 Ounce Duo Ask any makeup artist and they will tell you, &#x2018;it&#x2019;s not the lashes; it&#x2019;s the adhesive.&#x201D; For a perfect faux lash application, women look to duo, the world&#x2019;s best-selling waterproof lash adhesive. Duo adhesive is celebrated for its safe, gentle formula and the strong, sure hold it provides. One tube of duo (in both dark and clear tones) allows for countless applications because only a thin line of duo is required to create beautiful, eye-opening results. For both the lash expert and the faux phobic, duo adhesive ensures that lashes are easy to apply and they stay in place. Women who love their lashes incorporate them into their every day makeup routine. And women who want to experiment with the instant allure of lashes find that duo makes the difference between success and failure. Duo&#x2014;the makeup artist&#x2019;s best friend. Beauty Tools & Accessories Eyelash Tools Fake Eyelashes & Adhesives Makeup Brushes & Tools"
115-114-71-52,2,1,6611,B003ZS928U,"Duo Lash Adhesive - Clear, 0.25-Ounce (Pack of 2) Duo Ask any makeup artist and they will tell you, &#x2018;it&#x2019;s not the lashes; it&#x2019;s the adhesive.&#x201D;  for a perfect faux lash application, women look to duo, the world&#x2019;s best-selling waterproof lash adhesive.  duo adhesive is celebrated for its safe, gentle formula and the strong, sure hold it provides.  one tube of duo (in both dark and clear tones) allows for countless applications because only a thin line of duo is required to create beautiful, eye-opening results.  for both the lash expert and the faux phobic, duo adhesive ensures that lashes are easy to apply and they stay in place.  women who love their lashes incorporate them into their every day makeup routine.  and women who want to experiment with the instant allure of lashes find that duo makes the difference between success and failure. duo&#x2014;the makeup artist&#x2019;s best friend. Beauty Tools & Accessories Eyelash Tools Fake Eyelashes & Adhesives Makeup Brushes & Tools"
115-13-71-134,2,0,6667,B0041QVYS6,"Ardell Accents Lashes Pair - 305 (Pack of 4) Ardell Accents will enhance your look not create a new one.  they are shorter than a typical strip lash and are to be used on the outer corners of the eyes for an audrey hepburn look.  the shorter length is perfect for a natural look and fool-proof application.  accents can be worn for every occasion from formals to just a night out, they'll create natural looking lashes with a touch of glamour & sophistication. Beauty Tools & Accessories Eyelash Tools Fake Eyelashes & Adhesives Makeup Brushes & Tools"
115-13-71-134,2,1,11253,B00CDWSONS,"Ardell Multipack Demi Wispies Fake Eyelashes Ardell Ardell's beast selling lashes are now available in a convenient value pack. Never run out of your favorite lash again, they will always be available when you have this four lash value pack around. With proper care and cleaning these lashes can be used multiple times. Transform your eyes with fun and flirty eyelashes. Easy to apply and stunning to behold. These are a great way to enhance beauty by adding new dimension to your eyes. So go ahead and make an impression. Beauty Tools & Accessories Eyelash Tools Fake Eyelashes & Adhesives Makeup Brushes & Tools"
115-165-112-48,2,0,8792,B0067VXLFC,"10 Pairs Black Thick False Eyelashes Eye Lash with Glue Hr-30 Toogoo Features:1. Natural look eyelashes are simple to use and   comfortable to wear2. It is made of wonderfully soft synthetic fiber, never   make any damage to your eye3. 10 pairs of individual false eyelashes(1 pair   in each plastic box)4. Eyelashes can be trimmed to fit the contour of your   eyes5. With professional eyelash glue, can apply the lashes instantly6.   Easy to remove by eye make up remover.7. Can be used for many times if the   eyelashes are used and removed properly8. Carefull design,as natural as   your own eyelashes, make your eyes look bright and attractive9. Beautiful   eyelashes are a great way to enhance the look of your eyes10. Suitable for   professional use or home useSpecifications:1. Condition:New2. Material: Synthetic fiber(false eyelashes); Plastic(Box)3. Package size: 10.63 x 3.54   x 1.02inch/27 x 9 x 2.6cm4. Eyelashes length: 0.43inch/11 mm5. Eyelashes color: Black6. Quantity: 10 pairs7.Weight:4.55oz/129gPackage includes:10 x pairs of false eyelashes1 x Glue Beauty Tools & Accessories Eyelash Tools Fake Eyelashes & Adhesives Makeup Brushes & Tools"
115-165-112-48,2,1,9524,B007NTYUGG,"New 20 Pairs Fake False Eyelashes Eye Lash Black with Glue HR-117 Evermarket Features: 1. Natural look eyelashes are simple to use and comfortable to wear 2. It is made of wonderfully soft synthetic fiber, never make any damage to your eyes 3. 20 pairs of individual false eyelashes(2 pairs in each plastic box) 4. Eyelashes can be trimmed to fit the contour of your eyes 5. With professional eyelash glue, can apply the lashes instantly 6. Easy to remove by eye make up remover 7. Can be used for many times if the eyelashes are used and removed properly  8. Carefull design,as natural as your own eyelashes, make your eyes look bright and attractive 9. Beautiful eyelashes are a great way to enhance the look of your eyes 10. Suitable for professional use or home use Specifications: 1. Condition:New 2. Material:  Synthetic fiber(false eyelashes); Plastic(Box) 3. Package size: 10.63 x 3.54 x 1.02inch/27 x 9 x 2.6cm 4. Eyelashes length: 0.43inch/12 mm 5. Eyelashes color: Black 6. Quantity: 20 pairs Package includes: 20 x Pairs of false eyelashes 1 x Glue  How to use: Carefully remove the eyelashes from the case with tweezers. Compare false eyelashes with your eyeline length, trim to suitable length and width if neccessary. Add glue along the false eyelash root with cotton bud. Hold the eyelash on the root of your natural lashes with pressure  If neccessary, apply eye shadow or eyeliner to make your eyeline look more natural Beauty Tools & Accessories Eyelash Tools Fake Eyelashes & Adhesives Makeup Brushes & Tools"
115-165-8-6,2,0,7848,B004Z40048,"10 Pairs Handmade Natural Soft False Eyelashes Fake Eye Lash Taobaopit Features:1. Specialized made by hand entirely, high quality2. Wear it ,make you more attractive and fashion3. Carefully design, simple to use and comfortable to wear4. 10 pairs of individual false eyelashes5. Eyelashes can be trimmed to fit the contour of your eyes6. With professional eyelash glue, can apply the lashes instantly7. Easy to remove by eye make up remover.8. Can be used for many times if the eyelashes are used and removed properly9. Suitable for different occasions and images.10. Good for those who want to enhance their appearance11. Suitable for professional use or home useSpecifications:1. Condition: New2. Material: Paper(Box)3. Box Size: 7.20 x 3.70 x 0.71 inch / 18.3 x 9.4 x 1.8 cm(L x W x H)4. Eyelashes length: 1cm5. Eyelashes color: Black6. Quantity: 10 pairsPackage includes:10 x pairs of false eyelashesHow to use:Carefully remove the eyelashes from the case with tweezers.Compare false eyelashes with your eyeline length, trim to suitable length and width if neccessary.Add glue along the false eyelash root with cotton bud.Hold the eyelash on the root of your natural lashes with pressure.If neccessary, apply eye shadow or eyeliner to make your eyeline look more natural Beauty Tools & Accessories Eyelash Tools Fake Eyelashes & Adhesives Makeup Brushes & Tools"
115-165-8-6,2,1,10283,B0094DH1RE,"LTop eyelash 10 Pairs of Reusable Natural and Regular Long False Eyelashes LTop eyelash Features :- Carefully design, simple to use and comfortable to wear- Cross style, make you more attractive, charming , fashion and chic- 10 pairs of false eyelashes in one package- Easy to remove by eye make up remover- Suitable for professional use or nonprofessional useUsage Instructions :-Carefully remove the eyelashes from the case with tweezers.-Compare false eyelashes with your eyeliner length, trim to suitable length and width if necessary-Add glue along the false eyelash root with cotton bud.-Hold the eyelash on the root of your natural lashes with pressure-If necessary, apply eye shadow or eyeliner to make your eyeliner look more naturalCustomer Service :-Any questions, Freely contact LTop Team through Amazon message. Thank you!Please click on our storefront or search LTop Eyelashes for more choice of False Eyelashes. Beauty Tools & Accessories Eyelash Tools Fake Eyelashes & Adhesives Makeup Brushes & Tools"
115-25-90-73,2,0,4719,B002AER2FU,Darkness False Eyelashes Glue &amp; Gel Darkness False Eyelashes Darkness False Eyelashes Glue & Gel Beauty Tools & Accessories Eyelash Tools Fake Eyelashes & Adhesives Makeup Brushes & Tools
115-25-90-73,2,1,7788,B004Y3H7MS,Darkness Eyelash &amp; Double Eyelash Glue - Black Eyelash &amp; Double Eyelash Glue - Black Darkness Eyelash & Double Eyelash Glue - Black Beauty Tools & Accessories Eyelash Tools Fake Eyelashes & Adhesives Makeup Brushes & Tools
115-37-165-55,2,0,9111,B006TO529A,Red Cherry #117 False Eyelashes (Pack of 6) Red Cherry Red Cherry lashes are soft and made of 100% human hair. Beauty Tools & Accessories Eyelash Tools Fake Eyelashes & Adhesives Makeup Brushes & Tools
115-37-165-55,2,1,10625,B00A6VQDLI,Creme 100% Natural Fashion Eye Lashes (Pack of 3) (137) Beauty Tools & Accessories Eyelash Tools Fake Eyelashes & Adhesives Makeup Brushes & Tools
115-52-48-149,2,0,7673,B004UJ06VA,"EyeLash Extensions Disposable Micro Brushes 100 pack L.A.C. Lint Free Micro Brushes. 400 Micro Brushes in all. Lint Free and Non-Drip. Eyelash Extension Micro Brushes make applying eyelash extensions easier than ever in less time. Have the right products available while applying eyelash extensions so time can be cut down. Aids in applying glue, moving lashes into place, removing excess product off skin or lashes. Non-drip tip makes them ideal for using around the eye area. Bottom slides open for easy acess to one microbrush at a time and slides back for safe and sanitation storage. Disposable after use makes them easy to use and less costly that using other brushes that need sanitation cleaning. Get the products that make applying eyelash extensions a breeze. All one size. Color will be shipped that is in stock. Beauty Tools & Accessories Eyelash Tools Fake Eyelashes & Adhesives Makeup Brushes & Tools"
115-52-48-149,2,1,8821,B00697Y8LK,"Eyelash Extension Lint Free Microbrush L.A.C. Lint Free Micro Brushes. 100 Micro Brushes in all. Lint Free and Non-Drip. Eyelash Extension Micro Brushes make applying eyelash extensions easier than ever in less time. Have the right products available while applying eyelash extensions so time can be cut down. Aids in applying glue, moving lashes into place, removing excess product off skin or lashes. Non-drip tip makes them ideal for using around the eye area. Bottom slides open for easy acess to one microbrush at a time and slides back for safe and sanitation storage. Disposable after use makes them easy to use and less costly that using other brushes that need sanitation cleaning. Get the products that make applying eyelash extensions a breeze. Beauty Tools & Accessories Eyelash Tools Fake Eyelashes & Adhesives Makeup Brushes & Tools"
115-93-165-148,2,0,7590,B004RSW46E,Red Cherry False Eyelashes #WSP (Pack of 3) Red Cherry Red Cherry lashes are made from 100% human hair Beauty Tools & Accessories Eyelash Tools Fake Eyelashes & Adhesives Makeup Brushes & Tools
115-93-165-148,2,1,8985,B006LFZTWC,Red Cherry #DW False Eyelashes (Pack of 3 Pairs) Red Cherry Great way to extend the length and thickness of your eyelashes in seconds. Beauty Tools & Accessories Eyelash Tools Fake Eyelashes & Adhesives Makeup Brushes & Tools
117-148-193-82,2,0,9034,B006OMHR1S,"2012 Cheeky Set of 26 Nail Art Nailart Polish Stamp Stamping Manicure Image Plates Accessories Set Kit With Total of 160 Nail Art Designs Stunning pack of 26 nail stamp plates - different designs.These Cheeky stamping plates are fabulous and make a perfect addition to any nail art collection.These plates have a backing (unlike other plates) so you will not cut yourself with them.With long and wide designs to cover the full length of nail.Using our Nail Art Plates1. Make sure to remove the protective cover on the plate before using.2. Make sure you are using new and thick enough nail polish that is suitable for stamping.3. Please clean your nails and apply base coat for best results.4. Work fast in order to get the suitable result, otherwise the polish will get dry and will not stamp properly. GOOD LUCK!!!Becoming an official ""Cheeky Chick""Cheeky is a lady's best friend!It is a one stop shop for ladies beauty needs such as: makeup, nails, personal care products or innovative beauty gadgets, all are only few clicks away when shopping on our Cheeky shop.Cheeky's famous high quality products and services are guaranteed with every purchase of one of our products.After the purchase of your first Cheeky item, you will become an official ""Cheeky Chick"" and most likely develop severe addiction to Cheeky's products.You will find that enjoyable shopping experience, excellent service and stylish high quality products can be bought at a fair price.Please note that we offer fast (from the UK) and slow (from China) shipping options for your convenience. Please select your most suitable shipping option according to your needs and budget. Beauty Tools & Accessories Nail Art Equipment Nail Tools"
117-148-193-82,2,1,10452,B009NCM6JY,"Fairy Set of 25 Nail Art Design Stamps Stamping Manicure Image Plates by Gals Set of Gals Nail Art Stamper Image PlatesThese stamping plates are fabulous and make a perfect addition to any nail art collection.The results are an eye catching, detailed and crisp nail design which is probably impossible to implement in free hand or any other nail art technique.Using our Nail Art Plates1. Make sure to remove the protective cover on the plate before using.2. Make sure you are using new and thick enough nail polish that is suitable for stamping.3. Please clean your nails and apply base coat for best results.4. Work fast in order to get the suitable result, otherwise the polish will get dry and will not stamp properly.5. Different designs require different stamping techniques the most important variable is the amount of force used to pick up the design on the stamper. In some designs it will pick up great using tiny bit of force and in some you will have to press a bit harder. Please use the stamper from side to side for best results.Becoming an official ""Cheeky Chick""Cheeky is a lady's best friend!It is a one stop shop for ladies beauty needs such as: makeup, nails, personal care products or innovative beauty gadgets, all are only few clicks away when shopping on our Cheeky shop.Cheeky's famous high quality products and services are guaranteed with every purchase of one of our products.After the purchase of your first Cheeky item, you will become an official ""Cheeky Chick"" and most likely develop severe addiction to Cheeky's products.You will find that enjoyable shopping experience, excellent service and stylish high quality products can be bought at a fair price.Please note that we offer fast (from the UK) and slow (from China) shipping options for your convenience. Please select your most suitable shipping option according to your needs and budget. Beauty Tools & Accessories Nail Art Equipment Nail Tools"
117-148-47-177,2,0,7311,B004IZX4OM,"MASH Set of 25 Nail Art Nailart Polish Stamp Stamping Manicure Image Plates Accessories Set Kit The original MASH image plates, designed and created by MASH, in set of 25 image plates. Each plate measures about 1.8"" with sanded edges for easy, comfortable handling and a protective nylon screen. All image plates are made from high grade stainless steel. All designs are from 2011 collection and you will get 25 image plates with 6 to 10 design on each. This bundle contains 25 stamping nail art image plates. Use this variety pack to have fun working on your nails or give them away as fabulous gifts to friends and family. Plate dimension is 5.5cm in diameter. Scraper & stamper not included, but available separately.How Nail Art Stamping Works1. Apply polish on image plate design.2. Using the scraper, scrape off the excessive nail polish.3. Stamp the image in rolling motion.4. Stamp design on nail smoothly.The plates pictured are the exact plates you will receive. Beauty Tools & Accessories Nail Art Equipment Nail Tools"
117-148-47-177,2,1,10110,B008Q0E714,"Bundle Monster Nail Stamp Stamping Plate Zippered Synthetic Leather Case Plates Holder Organizer We have the ultimate storing solution for your Bundle Monster nail stamping plates - we have designed our exclusive stamping plate zippered organizer! This portfolio styled case has a modern shiny vinyl, faux-croc skin textured outter cover with a soft velvet-like lining. This holder includes 14 soft, matte, see-through vinyl pages that have 6 slots per page. Each slot is designed and is strong enough to hold 2 plates per slot, which gives you 168 plate storage! Each slot fits a standard 5.6 cm nail plate and has a U-grooved design to make putting in and pulling out nail plates that much easier. Its portfolio design is slender and thin which makes storing the case easy for tight storage or easy to pick up and go for your nail parties. This case is also great for professional settings like a nail salon. The front of the case has the official ""BM"" logo etched in metal. Bundle Monster is a registered trademark of Remi Collections LLC and is exclusively distributed by Bundle Monster. Bundle Monster trademark is protected by US Trademark Law. Beauty Tools & Accessories Nail Art Equipment Nail Tools"
117-148-47-68,2,0,7694,B004VB48LQ,"SHANY XXL Image Plates - Bundle Set - 2 Large Image Plates Nail stamping 480 designs It's the largest image plate available in the market, it contains over 240 designs on each, each plates carry a variety of different shapes, marks and design. Shany axle image plates are made from tempered stainless steel, unlike others they have sides and corner protection so you wont cut your hand wile working. The plate comes with a thin layer of blue file to protect the designs from scratches, make sure to remove the layer before using the plate. This plate and shiny stamper and shiny nail art means heaven. Its hours of fun with nail decoration, why pay salons for nail decorations when you can have the whole system at fraction of that price. Shany products are protected us trademark and every shiny product comes with shiny logo and inside shiny packaging. Makeup Nails Beauty Nail Art"
117-148-47-68,2,1,10350,B009CA7T5I,"SHANY Cosmetics New XXL Image Plate in 240 Designs, Fun Shapes Set No.B It's the largest image plate available in the market, it contains over 240 designs on each, each plates carry a variety of different shapes, marks and design. Shany axle image plates are made from tempered stainless steel, unlike others they have sides and corner protection so you wont cut your hand wile working. The plate comes with a thin layer of blue file to protect the designs from scratches, make sure to remove the layer before using the plate. This plate and shiny stamper and shiny nail art means heaven. Its hours of fun with nail decoration, why pay salons for nail decorations when you can have the whole system at fraction of that price. Shany products are protected us trademark and every shiny product comes with shiny logo and inside shiny packaging. Makeup Nails Beauty Nail Art"
117-148-71-219,2,0,9711,B0080GV0Z0,"NEW MASH Set of 25 Nail Art Nailart Polish Stamp Stamping Manicure Image Plates 26-50 Accessories Set Kit The hottest new set of image plates from the nail art experts at MASH! MASH Plates 26-50 were designed and created from the ground up to introduce exciting new designs to nail art stamping. There are no other nail art image plates like them. Each plate measures about 1.8"" (5.5cm in diameter) with sanded edges for easy, comfortable handling and a protective nylon screen. All image plates are made from high grade stainless steel and are paper backed to prevent scratching during storage. This fantastic collection of plates comes with 25 plates ,each containing 5 to 7 design per plate (OVER 125 IMAGES!) . Use this variety pack to create show-stopping nails! If you are new to nail art plates, trust us, this mash collection will not disappoint. MASH nail art image plate scraper & stamper set sold separately

MASH nail art image plates are designed to get optimum results with our MASH nail art polishes, now available in black, white and silver glitter! Beauty Tools & Accessories Nail Art Equipment Nail Tools"
117-148-71-219,2,1,11643,B00G053H6I,"MASH Set of 25 Nail Art Nailart Polish Stamp Stamping Manicure Image Plates 51-75 Accessories Set The newest set of image plates from the nail art experts at MASH! MASH Plates 51-75 were designed and created from the ground up to introduce exciting new designs to nail art stamping. There are no other nail art image plates like them. Each plate measures about 1.8"" (5.5cm in diameter) with sanded edges for easy, comfortable handling and a protective nylon screen. All image plates are made from high grade stainless steel and are paper backed to prevent scratching during storage. This fantastic collection of plates comes with 25 plates ,each containing 5 to 7 design per plate (OVER 140 IMAGES!) . Use this variety pack to create show-stopping nails! If you are new to nail art plates, trust us, this mash collection will not disappoint. MASH nail art image plate scraper & stamper set sold separately MASH nail art image plates are designed to get optimum results with our MASH nail art polishes, now available in 12 different colors. Beauty Tools & Accessories Nail Art Equipment Nail Tools"
117-148-98-14,2,0,10793,B00ANFYEQS,"PUEEN 2013 Nail Art Stamp Collection Set 25F - NEW Unique Set of 25 Nailart Polish Stamping Manicure Image Plates Accessories Kit (Totaling 150 Images) - New Batch with Display &amp; Storage Case PUEEN PUEEN 2013 Nail Art Collection 25F Sumptuous Gallery (with display & storage case)The hottest new set of image plates from the nail art experts at PUEEN!PUEEN Nail Art Stamping Image Plates #01-#25 were designed and created from the ground up to introduce exciting new designs to nail art stamping.There are very unique and no other nail art image plates look like them.Each plate measures about 1.8"" (5.5cm in diameter) with sanded edges for easy, comfortable handling and a protective nylon screen.All image plates are made from high grade stainless steel and are paper backed to prevent scratching during storage.This fantastic collection of plates comes with 25 plates ,each containing 6 designs per plate (total of 150 IMAGES!) .Use this variety pack to create show-stopping nails! This PUEEN collection will not disappoint you. Try it and we are so confident that you will like it! Beauty Tools & Accessories Nail Art Equipment Nail Tools"
117-148-98-14,2,1,11248,B00CDGR29G,"PUEEN 2013 Nail Art Stamp Collection Set 24E - LOVE ELEMENTS - NEW Unique Set of 24 Nailart Polish Stamping Manicure Image Plates Accessories Kit (Totaling 144 Images) with BONUS Storage Case PUEEN PUEEN 2013 Nail Art Collection 24E Love ElementsThe second set of image plates from the nail art experts at PUEEN!BONUS: FREE storage and display case/holder is included in each order!(color of case will be sent randomly)PUEEN Nail Art Stamping Image Plates #26-#49 were designed and created from the ground up to introduce exciting new designs to nail art stamping.There are very unique and no other nail art image plates look like them.Each plate measures about 1.8"" (5.5cm in diameter) with sanded edges for easy, comfortable handling and a protective nylon screen.All image plates are made from high grade stainless steel and are paper backed to prevent scratching during storage.This fantastic collection of plates comes with 24 plates ,each containing 6 designs per plate (total of 144 IMAGES!) .Use this variety pack to create show-stopping nails! This PUEEN collection will not disappoint you. Try it and we are so confident that you will like it! Beauty Tools & Accessories Nail Art Equipment Nail Tools"
117-223-47-68,2,0,10443,B009LY2GC6,"SHANY Cosmetics Nail Art Manicure Fimo Canes, Sticks, and Rods Gel Tips with Cutter, 200 Count SHANY Cosmetics With fimo nail art canes and rods, your manicure will never go undecorated again. These rods feature many shapes, colors, and themes, including faces, animals, holidays, food, flowers, signs and symbols, and more. With a free blade, you can easily cut slices from any rod you choose, making the slice as thick or as thin as you would like. The slices then attach easily to the nail with either top coat or nail glue, leaving you with a manicure that is out of this world. You don't have to draw anything or deal with complicated and detailed instructions; simply slice and stick! This super easy application makes it possible for anyone to have salon quality nails at a fraction of the price. Beauty Tools & Accessories Nail Art Equipment Nail Tools"
117-223-47-68,2,1,10444,B009LYB2E4,"SHANY Cosmetics  3D Nail Art Decoration Mini Bottles with Nail Art Tweezer, 48 Count SHANY Cosmetics Have more options for nail art than you know what to do with! With this set, you get 48 individual bottles of assorted nail art and decorations. The individual bottles keep the different decorations easily separate, with caps that fit tightly so your accessories stay where you want them to. Each bottle contains a different kind, shape, and color of nail art, ranging from glitter to  sequins to rhinestones and more. The colors also run the gamut, with  pearlescent, glittery, and neon colors. Using these decorations is super easy, no matter your level of experience. Just use top coat or nail glue to apply them to your nails at any stage in the manicure or pedicure process and voila - fabulous nails! Beauty Tools & Accessories Nail Art Equipment Nail Tools"
117-25-190-180,2,0,4070,B001KWHPXM,Konad Stamping Nail Art Image Plate - M12 (Christmas Designs) KONAD Nail Art Konad nail art stencil with festive designs. Makeup Nails Beauty Nail Polish
117-25-190-180,2,1,8906,B006H2ZBKY,Konad Stamping Nail Art Image Plate - M36 KONAD Nail Art Konad nail art stencil with 7 designs. Makeup Beauty Lips Lip Glosses
117-25-239-144,2,0,3322,B0019SWVBI,Konad Stamping Nail Art Stamp&amp; Scraper+one Touch Remover Konad Stamping Nail Art Stamp& Scraper+one Touch Remover + Beauty Tools & Accessories Nail Art Equipment Nail Tools
117-25-239-144,2,1,7214,B004GFR3GY,"Konad Staming Nail Art Stamp &amp; Scraper Set Ii KONAD Nail Art Package Includes: 1-Stamp, 1-Scraper Beauty Tools & Accessories Nail Art Equipment Nail Tools"
117-26-61-68,2,0,8348,B005JD4NZQ,"Nailart NAIL TATTOO STICKER - blossom / ornament - pink / black DESIGN NAIL TATTOO STICKERQuality - Made in GermanyTheDesign Nail Art Tattoospermit, without much time and effort, a professional look of your nails. No longer complex painting.The foil is dermatologically tested, very thin and self-adhesive. The Nail Tattoo sticker are suitable for natural nails (including children) as well as artifical nails and toenails.You will find further details and size information in the article images above.Please note that the Nail Tattoos on the product images were used on French Nails (white background).APPLICATION NOTES:Step 1Buffer the nail surface with a fine sanding block (Buffer) lightly. The nail should be free of dust and grease.If you use the Nail Tattoos on artificial nails, we suggest the application between the building layer and the sealing layer.Step 2Cut out the desired image roughly.Step 3Use a pair of tweezers and pull off the foil from the brown substrate material.(Tipp: Choose a corner and grab the foil from the top.)Then stick the Nail Tattoo on the desired location on your nail and press it firmly. Overhanging corners can be filed off without any problems.Step 4Seal the Nail Tattoo with gel or with clear topcoat. Make sure that the whole Nail Tattoo is enclosed with Gel.(Tipp: Do not be sparingly with the gel. The Nail Tattoo has to soak up the Gel.)TIPP:During the summer months as well as solarium visits, we suggest an additional sealing with a Sun-blocking coat or the application with gel, which already included a Sun-blocker. Beauty Tools & Accessories Nail Art Equipment Nail Tools"
117-26-61-68,2,1,8691,B0060PBSSW,"Nailart NAIL TATTOO STICKER - butterfly / floral - purple DESIGN NAIL TATTOO STICKERQuality - Made in GermanyTheDesign Nail Art Tattoospermit, without much time and effort, a professional look of your nails. No longer complex painting.The foil is dermatologically tested, very thin and self-adhesive. The Nail Tattoo sticker are suitable for natural nails (including children) as well as artifical nails and toenails.You will find further details and size information in the article images above.Please note that the Nail Tattoos on the product images were used on French Nails (white background).APPLICATION NOTES:Step 1Buffer the nail surface with a fine sanding block (Buffer) lightly. The nail should be free of dust and grease.If you use the Nail Tattoos on artificial nails, we suggest the application between the building layer and the sealing layer.Step 2Cut out the desired image roughly.Step 3Use a pair of tweezers and pull off the foil from the brown substrate material.(Tipp: Choose a corner and grab the foil from the top.)Then stick the Nail Tattoo on the desired location on your nail and press it firmly. Overhanging corners can be filed off without any problems.Step 4Seal the Nail Tattoo with gel or with clear topcoat. Make sure that the whole Nail Tattoo is enclosed with Gel.(Tipp: Do not be sparingly with the gel. The Nail Tattoo has to soak up the Gel.)TIPP:During the summer months as well as solarium visits, we suggest an additional sealing with a Sun-blocking coat or the application with gel, which already included a Sun-blocker. Beauty Tools & Accessories Nail Art Equipment Nail Tools"
117-51-78-182,2,0,11390,B00DBJX8K6,"PUEEN Nail Stamp Plate Synthetic Leather Case Holder Organizer Nail Image Stamping Plates Case - Pack of 3 In Different Colors PUEEN We have created these mini nail image stamping plates holder for your travel and daily storage needs.Qty: Pack of 3 casesColor: Synthetic leather in white, pink and hot pink, one of eachCase Size: 3 x 3 1/4 inchesSlot Size: 6.5cm x 7cmStyle: 14 double-side pagesCapacity: Each case has 28 slotsPage Finish: Matte, see-through vinyl pagesCases only (image plates are sold separately) Beauty Tools & Accessories Travel Cases & Holders Bags & Cases"
117-51-78-182,2,1,11391,B00DBNDS8Y,"PUEEN Nail Stamp Plate Synthetic Leather Case Holder Organizer Nail Image Stamping Plates Case - Pick Your Color (Hot Pink) We have created these mini nail image stamping plates holder for your travel and daily storage needs.Qty:1 CaseColor: Synthetic leather with colors available in white, pink and hot pinkCase Size: 3 x 3 1/4 inchesSlot Size: 6.5cm x 7cmStyle: 14 double-side pagesCapacity: Each case has 28 slotsPage Finish: Matte, see-through vinyl pagesCases only (image plates are sold separately) Beauty Tools & Accessories Travel Cases & Holders Bags & Cases"
117-96-181-68,2,0,8123,B005BF1M10,"MASH Rhinestones 2400 Piece 12 Color Nail Art Nailart Manicure Wheels Evermarket MASH is proud to introduce its first Nail Art accessory! Same great MASH quality you have come to expect, with a price that cannot be beat. These premium rhinestones are so beautiful, and so affordable, you will never chose another brand again! Each rhinestone wheel contains 200 rhinestones of 12 different colors for a total of 2,400 rhinestones! That is enough glam and glitter to drive your man wild, or make any man yours forever!How to Use:These premium MASH rhinestones can be applied with top coat or glue.AUTHENTICITY WARNING: The only Authentic MASH Nail Art is sold by MASH and/or Amazon directly. All other sellers are offering counterfeit products. Beauty Tools & Accessories Nail Art Equipment Nail Tools"
117-96-181-68,2,1,8721,B00631UQH2,"Premium MASH 1200 Piece 12 Color Nail Art Nailart 3D Design Tear Rain Drop Rhinestones MASH MASH is proud to introduce its second set of rhinestone accessories for Nail Art! These new rhinestones have an elegant tear drop design to increase the amount of nail art options availible to you. Same great MASH quality you have come to expect, with a price that cannot be beat. These premium rhinestones are so beautiful, and so affordable, you will never chose another brand again! Each package contains 100 rhinestones of 12 different colors for a total of 1,200 rhinestones! That is enough glam and glitter to drive your man wild, or make any man yours forever!These premium MASH rhinestones can be applied with top coat or glue.AUTHENTICITY WARNING: The only Authentic MASH Nail Art is sold by MASH and/or Amazon directly. All other sellers are offering low quality counterfeit products. Beauty Tools & Accessories Nail Art Equipment Nail Tools"
117-96-9-184,2,0,8647,B005XUFU8E,"Bundle Monster New Pro 20pc Nail Art Design Painting Detailing Brushes &amp; Dotting Pen / Dotter Tool Kit Set Making nail designs has never been so easy. This MONSTER deal is for all the nail art equipment you'll ever need for painting and designing at an AMAZING price! This set comes with 20 nail art tools including: (5) Double sided dotting tools in various sizes - great for making various size dots or swirl patterns, (2) Flat Fan Brushes, a number of various sized flat brushes and striper brushes of various sizes to create fine lines or other designs. 15 of the nail art tools have long, white pearlized, wooden handles, while the double sided dotting tools are unpainted wood. Now you'll be able to create beautiful nail designs in seconds - marbling, rhinestones, lines...the possibilties are endless. This would be a perfect kit for professional nail salons as it comes in a compact black roll out bag, great for keeping all the supplies in a neat, organized and compact fashion. This set comes with small and sharp pieces - small parts can potentially choke children. Keep out of reach of children - Adult Supervision Required. Bundle Monster is a registered trademark of Remi Collections LLC and is exclusively distributed by Bundle Monster. Bundle Monster trademark is protected by US Trademark Law. Beauty Tools & Accessories Nail Art Equipment Nail Tools"
117-96-9-184,2,1,10172,B008UBEABQ,"Winstonia 8pcs Set Double Ended 10 Size Dotting Tools Sable Detailing Painting Brushes Pen Kit This Winstonia 8pc Nail Art set gets you ready in creating endless possibility of nail art! The tools come in one black satin zipper for convenience storage and ease of carrying around; it also includes one random color high quality nail file.5pc Double Ended Dotting Tools:-Professional, high quality dotting tools-5 colors for better recognition while working on nail art-Double Ended in 10 different sizes-Use to create polka dots nails, sugar spun nails, marbling effect-Comes with a pouch for easy storage-Colors: Purple, Yellow, Pink, Blue, Green3pc Sable Detailing Painting Brushes:-Detailer brushes come with finely tapered cylindrical head-3 different sizes (0, 00, 000)-Sizes are marked on the handle for easier recognition.-Excellent for short strokes and small lines and details-Handles are acetone proof-Color: Dark BrownWinstonia is a US based seller, check out our feedback..we ship fast! Nail Brushes Beauty Tools & Accessories Nail Tools"
119-252-250-215,2,0,7661,B004UA2RYI,"Palmer's Cocoa Butter Formula Night Renewal Cream, 2.7 Ounce Palmer&#39;s This fast absorbing anti-aging formula is loaded with targeted skin firming and smoothing ingredients. Powerful antioxidants and peptides work together with cocoa and shea Butters to leave skin soft, smooth and radiant. The unique combination of these ingredients provides a luxurious cream to maintain moisture levels throughout the night for smoother, softer skin. Beauty Skin Care Treatments & Masks Face"
119-252-250-215,2,1,7664,B004UA2SZG,"Palmer's Cocoa Butter Formula Smoothing Eye Cream, .5 Ounce Palmer&#39;s Palmer's cocoa butter formula cream contains vitamin E for a nourishing effect in the sensitive eye area. Fresh white lily line smoothing eye cream is rich and hydrating to help prevent wrinkles and smooth this sensitive area to reduce the appearance of fine lines. The .5oz hydrating eye cream is non-irritating and uses peptide complex and retinol to help your skin look smoother and feel softer. Beauty Eyes Skin Care Creams"
120-157-110-175,2,0,9537,B007OT1R7K,"Vidal Sassoon Memory Foam Jaw Clip, 2 Count 2 memory foam jaw clips with wide tooth claws and small grips. They have a strong grip and adjust to hold all hair types from thick to thin. The memory foam helps hold the clips in place. Includes 2 clips, one each in black and brown. Hair Care Beauty Styling Accessories Styling Tools Clips"
120-157-110-175,2,1,9546,B007P296VA,"Vidal Sassoon 2 Piece Omega Claw Clips, Large Pack of 2 large omega claw clips that are great for clipping back small pieces of hair. They have a strong grip so they will stay in place all day. Great for thin to thick hair without being too tight or hard to use. Size: large clips. Package includes 2 clips, 1 each brown and black. Hair Care Beauty Styling Accessories Styling Tools Clips"
120-191-120-134,2,0,4437,B001T8MD8Y,"Scunci Effortless Beauty Thermal Twisters Scunci With scunci effortless beauty hair accessories a woman should never have a bad hair day. twisters are an essential for any woman with hair below chin length. keeps hair off the face while growing out or during sports. easily put hair up into a high ponytail or use low at the nape. wear one or mix for unique looks. good for quick casual style when you have to run out for errands. soft thermal material won't damage hair. basic soft primary colors, black, grey and white. Hair Care Beauty Styling Accessories Ponytail Holders Styling Tools"
120-191-120-134,2,1,4448,B001T8QIIA,"Scunci Effortless Beauty Velour Comfy Twister, 3-Count, colors may vary With scunci effortless beauty hair accessories a woman should never have a bad hair day. twisters are an essential for any woman with hair below chin length. keeps hair off the face while growing out or during sports. easily put hair up into a high ponytail or use low at the nape. wear one or mix for unique looks. good for quick casual style when you have to run out for errands. comfortable textural velour won't damage hair. Hair Care Beauty Styling Accessories Ponytail Holders Styling Tools"
120-218-241-136,2,0,5007,B002KAGWYQ,"Wrap Around Pony Synthetic Hairpiece by Jessica Simpson hairdo - R6 HairDo Without the hassle of trying to grow fuller hair or looking for a wig that can be worn up, Hairdo presents the Jessica Simpson ponytail: a hairpiece that's made for a full looking ponytail.  Part of Hairdo's new styleables collection, this 18"" long wrap-around pony adds a long, full trend-setting pony style to any woman's hair instantly! Made with their newest Tru2Life Heat Friendly fiber Hairdo Pony hairpiece feels and styles just like your own hair!  Tru2Life  is conditioned to withstand heat up to 350 Farenheit / 160 Celsius.  Straight fibers can be curled, and curled fiber can be straightened.  Not only does these fibers style like real hair, they're light, soft, and lustrous just like real healthy hair.   With versatile styling options, now you can get the youthful flirty ponytail you've always wanted! Hairpieces Hair Extensions & Wigs Hair Care Beauty Styling Products"
120-218-241-136,2,1,5158,B002PHRL4E,"HAIRDO Wrap Around Pony Buttered Toast R1416T HairDo Get this popular look without waiting years for your locks to grow out You control the style by wearing your pony up high for a more fun look or down nbsp closer to nbsp the base of your neck for a modern sleek style. The Hairdo trade nbsp Wrap Around Pony is made from new Tru2Life trade polyester fiber. Just as with real hair this soft natural looking fiber can be curled or straightened with thermal styling tools to create any style you want. Affordable lightweight and easy to attach this piece can be put in and taken out in a matter of minutes. The Hairdo trade nbsp Wrap Around Pony features 18"" of synthetic hair with a 14"" strip of wrap around hair that securely connects with a Velcro reg attachment allowing you to create full fashionable pony styles. Hairdo trade nbsp Wrap Around Pony is available in multi tonal shades that have been created to complement just about anyone rsquo s hair color. Hair Extensions & Wigs Hair Care Beauty Hair Extensions Styling Products"
120-93-242-71,2,0,8619,B005VNQY2E,"Vidal Sassoon 2 Piece Side Combs, Clear, Medium Medium clear tuck combs hold hair firmly in place. Use to quickly create updos, pull back bangs, or to secure small pieces of hair. Color: clear plastic. Size: medium. Package includes 2 combs. Hair Care Decorative Combs Beauty Styling Accessories Styling Tools"
120-93-242-71,2,1,9538,B007OT1RIY,"Vidal Sassoon Medium Side Combs, Tortoise, 2 Count Medium Tortoise Tuck Combs hold hair firmly in place. Use to quickly create updos, pull back bangs, or to secure small pieces of hair. Color: tortoise. Size: medium. Package includes 2 combs. Hair Care Decorative Combs Beauty Styling Accessories Styling Tools"
121-157-68-65,2,0,9318,B0076XEQJ0,"EOS Hand Lotion, Cucumber, 1.5 Ounce EOS Superior 97% natural and paraben-free formula that provides long lasting moisture and soothes dry skin. Lightweight and fast absorbing. Non-greasy formula that leaves skin silky soft and smooth. Convenient on-the-go size is perfect for use at work and during the day. Hands & Nails Hand Creams & Lotions Beauty Skin Care"
121-157-68-65,2,1,9319,B0076XERS0,"eos Fresh Flowers Hand Lotion 1.5 Ounce EOS Designed to fit in your purse, your pocket, or on your desk, eos looks as good as it feels on your skin. Infused with moisturizing shea butter, oat extract, and a generous helping of antioxidants and vitamins C and E, eos hand lotion will leave your skin feeling soft, supple and radiantly healthy long after you apply it. Hands & Nails Hand Creams & Lotions Beauty Skin Care"
121-38-112-76,2,0,7743,B004WP28UE,"Village Naturals Aromatherapy Relax Body Butter, Vanilla and Cinnamon 8 oz. Village Naturals Aromatherapy Natural extracts of vanilla and cinnamon calm and ease your mind while our moisturizing body butter formula softens your skin. Moisturizers Beauty Body Butter Body Skin Care"
121-38-112-76,2,1,7901,B0050JS5M6,Village Naturals Aromatherapy Energize Orange and Grapefruit Body Butter 8 oz. Village Naturals Natural essential oils of orange & grapefruit and caffeine uplift and invigorate your senses while our moisturizing body butter softens your skin. Moisturizers Beauty Body Butter Body Skin Care
122-102-126-162,2,0,7110,B004DGKTEO,Nyx Makeup Set Smokey Look Collection #S114 NYX Brand new - factory sealed. Makeup Makeup Sets Beauty
122-102-126-162,2,1,7112,B004DGOMI8,"Nyx Makeup Set Soho Glam Collection #S116 NYX NYX #S116
NYX Cosmetics Professional Make-up
Brand New Makeup Makeup Sets Beauty"
122-37-111-149,2,0,10316,B0098FIULE,NYX Soft Matte Lip Cream 3 Piece Set - Give a Little Love Makeup Beauty Lips Lip Glosses
122-37-111-149,2,1,10622,B00A6SONHM,Sleek Make-up Shangri-la Collection Palettes (Superme) Makeup Eye Shadow Beauty Eyes
122-91-29-216,2,0,2904,B0013N483I,"MAYBELLINE Lash Stylist Comb Waterproof Mascara,Very Black #611 Maybelline COMB MASCARA WATERPROOF Makeup Beauty Eyes Mascara"
122-91-29-216,2,1,4927,B002HEIGKS,"Maybelline Lash Stylist Washable Mascara, Brownish Black 602 (2-Pack) Buy Maybelline Mascaras - Maybelline Lash Stylist Comb Mascara 602 Brownish Black (PACK OF 2) Makeup Beauty Eyes Mascara"
123-124-112-153,2,0,8503,B005PHMT84,Lime Crime Chinchilla opaque grey lipstick Lime Crime LIMITED EDITION. Medium grey with lavender undertones. Makeup Beauty Lipstick Lips
123-124-112-153,2,1,10766,B00AKHHPGA,Lime Crime Carousel Lip Gloss Present Lime Crime Rich magenta packed with stunning pink sparkle. Makeup Beauty Lips Lip Glosses
123-196-62-35,2,0,607,B0006LNKXW,MAC Tinted Lipglass -- Viva Glam V (Boxed) 4.8g/.17oz M.A.C MAC Tinted Lipglass -- Viva Glam V (Boxed) Makeup Beauty Lips Lip Glosses
123-196-62-35,2,1,1208,B000ETZS6S,MAC Lustre Lipstick - Viva Glam V M.A.C MAC LUSTRE LIPSTICK - VIVA GLAM V Makeup Beauty Lipstick Lips
123-73-112-153,2,0,5209,B002RJLM7W,Lime Crime No She Didn't Opaque Blue Lipstick Lime Crime Makeup PLEASE NOTE:  Monitors/phones/Ipads may reflect SLIGHT variation of colors.  Please check blogs and/or website to ensure this is the color you wish!!! Makeup Beauty Lipstick Lips
123-73-112-153,2,1,5212,B002RJUNUO,Lime Crime Countessa Fluorescent Blue-Based Neon Pink Opaque Lipstick Jubujub PLEASE NOTE:  Monitors/phones/Ipads may reflect SLIGHT variation of colors.  Please check blogs and/or website to ensure this is the color you wish!!! Makeup Beauty Lipstick Lips
124-156-62-164,2,0,8422,B005MIFELK,"John Frieda Full Repair Strengthen and Restore Conditioner, 8.45 Fluid Ounce (Pack of 2) John Frieda Bodifying formula, with Inca Inchi Oil rich in omega-3.Repairs the look and feel of overworked hair for full, flowing styles. Smoothes and detangles strands, reducing the risk of breaking and snagging while combing or brushing. Beauty Hair Care Conditioners"
124-156-62-164,2,1,8423,B005MIFEME,"John Frieda Full Repair Strengthen and Restore Shampoo ,8.45 Fluid Ounce (Pack of 2) John Frieda Revives overworked hair, repairing the look and feel of damage from frequent heat styling and coloring, without weighing strands down. Hair is instantly transformed into full bodied style with natural movement Shampoos Beauty Hair Care"
124-85-69-65,2,0,9969,B008DUCG7E,"Garnier Fructis Fall Fight Shampoo For Falling Breaking Hair, 13 Fluid Ounce Garnier Noticing hair in your bathroom sink or brush. Fight back with the new fall fight 3-step system. Fall fight from garnier fructis helps improve hair's resistance to everyday hair-fall. The formulas with energizing caffeine, fortifying biotin and fruit vitamins, strengthen hair from root to ends, reducing falling, breaking strands. The result is stronger, fuller-looking hair. Shampoos Beauty Hair Care"
124-85-69-65,2,1,9971,B008DUCLZ6,"Garnier Fructis Fall Fight Conditioner For Falling Breaking Hair, 13 Fluid Ounce Garnier Noticing hair in your bathroom sink or brush. Fight back with the new fall fight 3-step system. Fall fight from garnier fructis helps improve hair's resistance to everyday hair-fall. The formulas with energizing caffeine, fortifying biotin and fruit vitamins, strengthen hair from root to ends, reducing falling, breaking strands. The result is stronger, fuller-looking hair. Beauty Hair Care Conditioners"
124-92-136-164,2,0,5622,B0034F3VW2,"John Frieda Frizz Ease Dream Curls Conditioner, 10 Ounce John Frieda This conditioner starts blocking frizz in the shower for easy styling. With our Frizz-Mending Complex, it smoothes strands, hydrates to replenish vital moisture and restores hair's natural defense against frizz. Leaves parched tresses silky, shiny and highly manageable. Safe for color-treated hair. Made in USA. Beauty Hair Care Conditioners"
124-92-136-164,2,1,5623,B0034F7F2E,"John Frieda Frizz Ease Dream Curls Shampoo, 10 Ounce John Frieda This shampoo starts blocking frizz in the shower for easy styling. With our frizz-mending complex, it smoothes strands, hydrates to replenish vital moisture and restores hair's natural defense against frizz. Leaves parched tresses silky, shiny and highly manageable. Shampoos Beauty Hair Care"
124-92-179-164,2,0,1359,B000GCUO30,"John Frieda Frizz-Ease 100% Shine Glossing Mist, 3 oz John Frieda This glosser gives hair a highly reflective, glistening finish. Just a mist revitalizes shine while smoothing flyaways and frizz. Use anywhere, anytime for a flawless finish. Beauty Styling Products Hair Sprays Hair Care"
124-92-179-164,2,1,6209,B003N789UK,"John Frieda Frizz Ease 100% Shine Glossing Mist, 3 Ounces John Frieda This glosser gives hair a highly reflective, glistening finish. Just a mist revitalizes shine while smoothing flyaways and frizz. Use anywhere, anytime for a flawless finish. Mousses & Foams Beauty Styling Products Hair Care"
131-55-153-129,2,0,12025,B00JMJ6E5A,"Revlon Rose Gold Professional Curling Iron, 1 Inch Revlon Introducing the all new Revlon rose gold professional curling iron. Rose gold technology is a combination of gold and copper that gives you the ultimate styling surface to create longer lasting styles. Gold and copper are great conductors of heat resulting in instant recovery and fast heat up. Features: High heat up to 400 F, 30 heat settings, 30 second fast heat up, professional swivel cord. Curling Irons Hair Care Beauty Irons Styling Tools"
131-55-153-129,2,1,12032,B00JR4FKGY,"Revlon Rose Gold Professional Curling Iron, 1-1/4 Inch Introducing the all new Revlon rose gold professional curling iron. Rose gold technology is a combination of gold and copper that gives you the ultimate styling surface to create longer lasting styles. Gold and copper are great conductors of heat resulting in instant recovery and fast heat up. Features: High heat up to 400 F, 30 heat settings, 30 second fast heat up, professional swivel cord. Curling Irons Hair Care Beauty Irons Styling Tools"
131-85-73-129,2,0,11946,B00ID8H4OG,"Revlon NutrifusionConditioning Curling Iron, 1 inch Revlon Revlon is proud to introduce revlon nutrifusion, a line of hair tools that helps reduce damage and leaves the hair shiny and healthy looking by using some of natures purest oils (moringa, macadamia and argan) valued for their nutritive properties. Curling iron comes with 30 heat settings, on/off switch, and tangle free swivel cord Curling Irons Hair Care Beauty Irons Styling Tools"
131-85-73-129,2,1,11947,B00ID8H51S,"Revlon Nutrifusion Conditioning Curling Iron, 3/4 inch Revlon is proud to introduce revlon nutrifusion, a line of hair tools that helps reduce damage and leaves the hair shiny and healthy looking by using some of natures purest oils (moringa, macadamia and argan) valued for their nutritive properties. Curling iron comes with 30 heat settings, on/off switch, and tangle free swivel cord Curling Irons Hair Care Beauty Irons Styling Tools"
132-63-253-101,2,0,5331,B002UL5ZKC,"Bdellium Tools Professional Antibacterial Makeup Brush Studio Line - Pencil Shaped Blending 780 Bdellium Tools Studio Line of brushes are makeup tools designed from top grade materials and assembled by hand for a superior quality. Each and every brush showcases the flawless application medium that is Bdellium Tools. From precisely shaped brush heads to balanced mixtures of natural and/or synthetic hair bristles, the luxuriously lacquered long wooden handles of the Studio Line will give you optimum control and comfort resulting in a perfect application time after time. All of the Studio Line brushes are treated with an antibacterial agent on the bristles. Makeup Brushes & Tools Beauty Tools & Accessories Brushes & Applicators"
132-63-253-101,2,1,5333,B002ULA2VE,"Bdellium Tools Professional Antibacterial Makeup Brush Studio Line - Shading Blending Eye 776 Bdellium Tools Studio Line of brushes are makeup tools designed from top grade materials and assembled by hand for a superior quality. Each and every brush showcases the flawless application medium that is Bdellium Tools. From precisely shaped brush heads to balanced mixtures of natural and/or synthetic hair bristles, the luxuriously lacquered long wooden handles of the Studio Line will give you optimum control and comfort resulting in a perfect application time after time. All of the Studio Line brushes are treated with an antibacterial agent on the bristles. Makeup Brushes & Tools Beauty Tools & Accessories Brushes & Applicators"
132-69-15-184,2,0,6623,B003ZX32ZO,"EcoTools BAMBOO 6-pc Makeup Brush Set 1206 EcoTools Set includes: Blush brush, Eyeshadow brush, Angled eyeliner brush, Concealer brush, Lash & brow groomer, carrying case. Start with the concealer brush to hide any imperfections. Swipe the blush brush for a flawless application of your perfect cheek color. Highlight your eyes instantly with our eye shading makeup brush before adding definition with the angled eyeliner brush. Finish it all off with the lash & brow groomer to separate your lashes and smooth brows for a complete, beautiful look. Protect your makeup brushes in the dual-pocket cosmetics bag. Synthetic bristles are cruelty free. Experience the incredibly soft touch of cruelty-free bristles EcoTools beauty solutions promote Living Beautifully! We are inspired by beauty inside and out, and in the world around us. While we always want to look our best, we feel even better when we can make earth-conscious choices. Best known for our incredibly soft cosmetic brushes, and bamboo handles, we take pride in offering a collection of cosmetic makeup brushes, hairbrushes, lashes and bath products that feature innovative materials. Cleaning your Makeup Brushes Unclean makeup brushes transfer old makeup, germs, and bacteria to your skin each time you use them. Ideally, you should wash them once a week, and here&#x2019;s the best way how:   Run the bristles of makeup brush under warm running water. Careful not to get the ferrules and handles wet.  Apply a drop of gentle shampoo or clarifying cleanser to bristles and work into a light lather.  Rinse bristles thoroughly under warm, running water.  Continue rinsing until water runs clear.  Use a cloth to absorb excess water and reshape the bristles  Lay your makeup brushes flat or &#x201C;handles up&#x201D; to air dry Refillable Containers Beauty Tools & Accessories Bags & Cases"
132-69-15-184,2,1,10717,B00AEM0W84,"EcoTools 6 Piece Day To Night Clutch Set, 5.87 Ounce EcoTools Set includes: pointed concealer brush, round powder brush, detailed lip brush, stay-there eyeshadow brush and smudge brush. A beautiful clutch, ideal for storing your EcoTools makeup brushes and perfect fashion accessory for a night on the town. For uneven spots, touch up with the pointed concealer makeup brush and the round powder brush. Perfect your pout with the detailed lip/liner brush. Blend out creases with the stay-there eyeshadow brush. Finish with the smudge brush to create a smoky eye perfect for a night out! Synthetic bristles are cruelty free. Experience the incredibly soft touch of cruelty free bristles EcoTools beauty solutions promote Living Beautifully! We are inspired by beauty inside and out, and in the world around us. While we always want to look our best, we feel even better when we can make earth-conscious choices. EcoTools remains a favorite of celebrities, beauty editors and women around the world.  Best known for our incredibly soft cosmetic brushes, and  handles, we take pride in offering a collection of cosmetic makeup brushes, hairbrushes, lashes and bath products that feature innovative,  materials. Our includes natural materials, reusable pouches, post-consumer recycled paper and plastic, and recyclable packaging. The eco pouch is phthalate-free and PVC-free.  Cleaning your Makeup Brushes Unclean makeup brushes transfer old makeup, germs, and bacteria to your skin each time you use them. Ideally, you should wash them once a week, and here&#x2019;s the best way how:  Run the bristles of makeup brush under warm running water. Careful not to get the ferrules and handles wet. Apply a drop of gentle shampoo or clarifying cleanser to bristles and work into a light lather. Rinse bristles thoroughly under warm, running water. Continue rinsing until water runs clear. Use a cloth to absorb excess water and reshape the bristles Lay your makeup brushes flat or &#x201C;handles up&#x201D; to air dry Makeup Brushes & Tools Beauty Tools & Accessories Brushes & Applicators"
136-143-25-136,2,0,5869,B003AY949G,"Moroccanoil Treatment Light, 3.4 Ounce Moroccanoil Moroccanoil treatment light is specifically formulated for the delicate needs of ultra-fine and light-colored (including white) hair. Inspired by the original formula that pioneered the oil-infused hair care category, creating the worldwide buzz on argan oil. A versatile and multitasking product, it is an essential foundation for hairstyling that can be used as a conditioning, styling and finishing tool. It even speeds up drying time and helps restore and revive hair damaged from chemicals found in shampoos, color processes and perms, as well as environmental factors. Infused with antioxidant-rich argan oil, strengthening proteins and shine-boosting vitamins. A completely transformative treatment that leaves the hair healthy, shiny and more manageable. Hair & Scalp Treatments Beauty Hair Care"
136-143-25-136,2,1,7160,B004EFG4BG,"Moroccanoil Treatment Light, 0.85 Ounce Moroccanoil Moroccanoil treatment light is specifically formulated for the delicate needs of ultra-fine and light-colored (including white) hair. Inspired by the original formula that pioneered the oil-infused hair care category, creating the worldwide buzz on argan oil. A versatile and multitasking product, it is an essential foundation for hairstyling that can be used as a conditioning, styling and finishing tool. It even speeds up drying time and helps restore and revive hair damaged from chemicals found in shampoos, color processes and perms, as well as environmental factors. Infused with antioxidant-rich argan oil, strengthening proteins and shine-boosting vitamins. A completely transformative treatment that leaves the hair healthy, shiny and more manageable. Hair & Scalp Treatments Beauty Hair Care"
138-102-194-162,2,0,11113,B00BKH9HRE,NYX Cosmetics Butter Lip Gloss Creme Brulee NYX Buy NYX Cosmetics Lip Gloss - NYX Cosmetics Butter Lip Gloss Creme Brulee Makeup Beauty Lips Lip Glosses
138-102-194-162,2,1,11114,B00BKHEFNA,NYX Cosmetics Butter Lip Gloss Apple Strudel NYX Buy NYX Cosmetics Lip Gloss - NYX Cosmetics Butter Lip Gloss Apple Strudel Makeup Beauty Lips Lip Glosses
138-242-81-162,2,0,11107,B00BJS9JEK,NYX Cosmetics Born to Glow Liquid Illuminator Sun Beam NYX Buy NYX Cosmetics Bronzers - NYX Cosmetics Born to Glow Liquid Illuminator Sun Beam Makeup Foundation Beauty Face
138-242-81-162,2,1,11108,B00BJSAJNA,NYX Cosmetics Born to Glow Liquid Illuminator Gleam NYX Buy NYX Cosmetics Bronzers - NYX Cosmetics Born to Glow Liquid Illuminator Gleam Makeup Foundation Beauty Face
146-143-207-241,2,0,7114,B004DHYZU2,"Crack Styling Leave-In Treatment with UV and Thermal Protection, 2.5 Fluid Ounce Crack Crack is a leave-in hair cream made with acai extract and silk protein this addictive multitasker moisturizes from the hair cuticles to the ends of the hair. Protects hair from dryness. Beauty Styling Products Hair Care Creams, Gels & Lotions"
146-143-207-241,2,1,10949,B00B0MIVKS,"Crack Styling Leave-In Treatment with UV and Thermal Protection, 1.25 Ounce Prolana Crack is a leave-in hair cream made with Acai Extract and Silk Protein to moisturize and protect hair from dryness. Formula contains Acai Extract and Silk Protein. Addictive multi-tasking product moisturizes from the hair cuticle to the ends of the hair. Protects from dryness and chemicals, including chlorine. Beauty Styling Products Hair Care Hair Styling Serums"
146-143-25-136,2,0,4388,B001RQOSBS,"Moroccanoil Hair Treatment (.85oz) Moroccanoil This \product is specifically designed for hair that has been severely damaged by chemical processing and stripped of its natural moisture and elasticity.Repair luster to sun-ravaged hair with this nutrient rich treatment. The results are instant and outstanding and will leave hair hydrated with a lightweight, silky texture. Hair & Scalp Treatments Beauty Hair Care"
146-143-25-136,2,1,4780,B002C4V3WG,"Moroccanoil Restorative Hair Mask 8.5 oz. Moroccanoil This treatment penetrates deep into the hair to help restore elasticity and rebuild. Strength while repairing damage caused by chemicals and other environmental stresses. This unique formula is rich in vegetable proteins and will help bring out hair's inner health, leaving it incredibly moisturized with a brilliant shine. Hair & Scalp Treatments Beauty Hair Care"
146-168-200-12,2,0,5412,B002WTC37U,"Macadamia Oil Healing Oil Treatment, 4.2 ounces Glass Bottle Macadamia Oil Macadamia healing oil treatment is a therapeutic oil perfect for all hair types and is especially beneficial to dry, damaged hair. the healing oil treatment is instantly absorbed, weightlessly infusing the hair with moisture and nutrients for silky smooth, healthy looking hair while providing natural uv protection from photo and sun damage. dry, brittle hair is miraculously rejuvenated with increased shine and control Moisturizers Beauty Body Oils Skin Care"
146-168-200-12,2,1,6693,B0042L07YM,"Macadamia Healing Oil Spray, 4.2 Ounce Macadamia This is an ultra fine mist that instantly absorbs into hair, weightlessly infusing moisture, health, softness, protection, control and shine. A lighter solution that is ideal for fine hair yet excellent for all hair types. Moisturizers Beauty Body Lotions Skin Care"
146-54-91-56,2,0,6038,B003GXC0T2,"Herstyler Vitamin E Hair Serum, 2 Ounce Use a small amount on damp hair before styling for ultimate shine and softness. Apply to dry hair before and after straightening to seal split ends and reduce fluffiness. Beauty Styling Products Hair Care Hair Styling Serums"
146-54-91-56,2,1,8430,B005MTK4RI,HerStyler Hair Serum - Vitamine E [Pack of 2] HerStyler Use a small amount on damp hair before styling for ultimate shine and softness. apply to dry hair before and after straightening to seal split ends and reduce fluffiness. Beauty Styling Products Hair Care Hair Styling Serums
146-80-95-56,2,0,4569,B00203MPJY,"Oribe Conditioner for Beautiful Color, 6.8 Ounce Oribe Have you chemically treated your hair too much, try this Oribe conditioner for beautiful hair.  It will help restore color treated hair to its original shine and keep protecting from harmful UV rays. Beauty Hair Care Conditioners"
146-80-95-56,2,1,11412,B00DHO7X8S,"Oribe Soft Dry Conditioner Spray 235ml 5.3 oz Oribe A weightless silkening spray that leaves hair cashmere-soft, with incredible smoothness and natural shine. Locks become instantly, irresistibly touchable.
Shake. Spray from mid-shaft to ends for hair that's superbly soft and instantly touchable. Beauty Hair Care Conditioners"
147-191-69-223,2,0,12018,B00JJ3QMFQ,"Hair Tamer Black &quot;Ergo&quot; Detangling Hair Brush Teezer DescriptionHair Tamer&nbsp; professional detangling hairbrush is designed for professional hair salons. It's a super smooth operator that works the minute hair is lathered and rinsed. Glides through wet, vulnerable and color treated hair with no pulling, tugging or yanking. Hair peace at last!Try the Hair Tamer and you'll be amazed by the ease of brushing, as well as how it virtually stops breakage and split ends.FeaturesErgonomic designs.Fits right into the palm of your hand.Detangles hair with ease.Works on even the curliest, most knotted hair.Hair slips through the unique bristle configuration.Gentle &amp; painless.Virtually stops breakage &amp; split ends.Conforms to shape of the head.Handle provides added control.SpecificationsHeight: 7.5""Length: 2.5""Width: 1.5"" Beauty Styling Tools Hair Care Brushes"
147-191-69-223,2,1,12020,B00JK09NEA,"Hair Tamer Mini Pink &quot;Ergo&quot; Detangling Hair Brush Teezer DescriptionHair Tamer&nbsp; professional detangling hairbrush is designed for professional hair salons. It's a super smooth operator that works the minute hair is lathered and rinsed. Glides through wet, vulnerable and color treated hair with no pulling, tugging or yanking. Hair peace at last!Try the Hair Tamer and you'll be amazed by the ease of brushing, as well as how it virtually stops breakage and split ends.FeaturesErgonomic designs.Fits right into the palm of your hand.Detangles hair with ease.Works on even the curliest, most knotted hair.Hair slips through the unique bristle configuration.Gentle &amp; painless.Virtually stops breakage &amp; split ends.Conforms to shape of the head.Handle provides added control.SpecificationsHeight: 5.75""Length: 2""Width: 1"" Beauty Styling Tools Hair Care Brushes"
153-11-29-2,2,0,2157,B000RO0I9M,"CoverGirl Professional All In One Straight Brush Mascara, Black Brown 005, 0.31 Ounce COVERGIRL Makeup Beauty Eyes Mascara"
153-11-29-2,2,1,11589,B00F5VEBFY,"COVERGIRL Bombshell Volume By Lashblast Mascara Very Black 800 0.66 Fl Oz, 0.660-Fluid Ounce COVERGIRL Makeup Beauty Eyes Mascara"
153-143-33-205,2,0,7824,B004YJ9G6C,"Tarte Smooth Operator Clay Finishing Face Powder Travel Size Tarte Brand new, travel sized!  Tarte Smooth Operator Amazonian Clay Finishing Powder.  Try it, you're going to love it! Makeup Beauty Powder Face"
153-143-33-205,2,1,10884,B00AVUDDJO,Tarte BB Tinted Treatment 12-Hour Primer Broad Spectrum SPF 30 Sunscreen Light 1 oz Tarte Tarte BB Tinted Treatment 12-Hour Primer Broad Spectrum SPF 30 Sunscreen Light 1 oz Brand New in Box Makeup Beauty Foundation Primers Face
153-27-0-2,2,0,6735,B0043TWOUI,"Covergirl Queen Collection Lipcolor Classy Coral Q500, 0.12-Ounce For fifty years, COVERGIRL has created must-have beauty products that bring out the best in women. We understand the transformative effect makeup can have not just on the outside, but the inside as well and have always been an advocate of women rocking their unique kind of beautiful. Since 1961, COVERGIRL has made it easy, breezy, and beautiful to be yourself.&nbsp; Makeup Beauty Lipstick Lips"
153-27-0-2,2,1,8529,B005SD1YVS,"COVERGIRL Blastflipstick Lipcolor Glimmer 0.134 Oz COVERGIRL For fifty years, COVERGIRL has created must-have beauty products that bring out the best in women. We understand the transformative effect makeup can have not just on the outside, but the inside as well and have always been an advocate of women rocking their unique kind of beautiful. Since 1961, COVERGIRL has made it easy, breezy, and beautiful to be yourself. Makeup Beauty Lipstick Lips"
153-91-29-131,2,0,6722,B0043OSHUY,"Covergirl Lashblast Fusion Water Resistant Mascara Black 890, 0.44-Ounce COVERGIRL Makeup Beauty Eyes Mascara"
153-91-29-131,2,1,10291,B0094GHKFE,"Covergirl Clump Crusher Water Resistant Mascara By Lashblast, Very Black 825, 0.44 Ounce COVERGIRL Makeup Beauty Eyes Mascara"
153-98-119-101,2,0,2696,B00112AFHO,"CoverGirl Professional All In One Straight Brush Mascara, Black 010, 0.3 Ounce COVERGIRL Makeup Beauty Eyes Mascara"
153-98-119-101,2,1,3235,B0018QE47K,"CoverGirl Lashblast Mascara, Very Black 800,  0.44 - Ounce Packages (Pack of 3) COVERGIRL Makeup Beauty Eyes Mascara"
156-134-139-180,2,0,7019,B004BVYT2Y,"Instant Face, Neck and Eye Lift (Dark Hair) CosmeSearch, Inc. Our Guarantee:  The most effective face lifting product you've ever used or your money back.  Try this simple self-test: Looking in a mirror, place index fingers in front of your ears, and thumbs at the end of your jaw, then push skin upward and back. Do you like what you see? That is what Instant Face and Neck Lift will do for you.

Cosmetic surgery results without the pain and expense. Instant Face and Neck Lift is simple to use, and you will get guaranteed results. You will look years younger instantly and feel great.

Instant Face and Neck Lift will take years off your appearance in just a few minutes. Not only will you look younger, but you will also feel great. 

This face and neck lift system will lift sagging skin, eliminate wrinkles from your face, neck jaw, and eye area. No one will know your secret! Instant Face and Neck Lift is the solution.

After extensive testing, CosmeSearch, Inc. has developed a simple hand made device which is highly effective, easy to use, and unnoticeable. It is ideal to use for special occasions, weddings, reunions, modeling, picture taking, travel, etc.

Each kit comes with Face and Neck Lifting Bands and 40 Hypoallergenic Tapes.

For best results and proper application, make sure that the area the tapes adhere to is clean and free of oil and makeup.

For an instructional video go to secretlift.com. Beauty Skin Care Treatments & Masks Face"
156-134-139-180,2,1,11298,B00CLM5PEQ,"Instant Face, Neck and Eye Lift (Light Hair) CosmeSearch, Inc. Our Guarantee:  The most effective face lifting product you've ever used or your money back.  Try this simple self-test: Looking in a mirror, place index fingers in front of your ears, and thumbs at the end of your jaw, then push skin upward and back. Do you like what you see? That is what Instant Face and Neck Lift will do for you.

Cosmetic surgery results without the pain and expense. Instant Face and Neck Lift is simple to use, and you will get guaranteed results. You will look years younger instantly and feel great.

Instant Face and Neck Lift will take years off your appearance in just a few minutes. Not only will you look younger, but you will also feel great. 

This face and neck lift system will lift sagging skin, eliminate wrinkles from your face, neck jaw, and eye area. No one will know your secret! Instant Face and Neck Lift is the solution.

After extensive testing, CosmeSearch, Inc. has developed a simple hand made device which is highly effective, easy to use, and unnoticeable. It is ideal to use for special occasions, weddings, reunions, modeling, picture taking, travel, etc.

Each kit comes with Face and Neck Lifting Bands and 40 Hypoallergenic Tapes.

For best results and proper application, make sure that the area the tapes adhere to is clean and free of oil and makeup.

For an instructional video go to secretlift.com. Beauty Skin Care Treatments & Masks Face"
159-169-244-19,2,0,11722,B00GMIXWTU,"WEEKEND SPECIAL! Best Eye Cream - Intensive Eye Gel for Dark Circles and Puffiness - with Vitamin C - Anti-Aging Complex Fights Against Tired Looking Eyes - Effective for Fine Wrinkles and for Puffy Eyes - You Can Wake Up with that &quot;Morning Light Glow&quot; Rediscover Your Morning Light GlowSuperior Ingredients that Quickly Absorb into Your Skin to Make a Noticeable Difference:- Replenish Vitamin C levels in your undereye skin, helping to repair sun- and age-related damage- Benefit from the natural healing effects of Aloe Vera...Your Eyes will thank you!- Watch the appearance of dark circles and bags under eyes begin to diminish as this Eye Gel boosts Hyaluronic Acid levels in your undereye skin- Unlike other eye creams, ourairtight Airless Pumpprotects these remarkable ingredients from contamination and degradation soYour Eyes get the full benefitThey say the eyes are the window to the soul...Why not pamper them and keep them looking healthy and vibrant?- Dark Circles under Eyes, that drag your face down, can be a thing of the past- Bags under Eyes, leaving you looking tired even when you're not, can be diminished- Compliments can begin to flow freely about yourvibrant eyesand overall appearance- Leave behind the ""sick and tired"" eyes and get back those eyes that willlight up a room!With our 100% Money Back Guarantee, you have nothing to lose and Countless Compliments to gain!Morning Light BeautyTM stands behind our products 100%.Simply Click the""Add to Cart"" buttonand your Intensive Eye Gel with Vitamin C will be rushed to your door.It's that easy! Beauty Eyes Skin Care Combinations"
159-169-244-19,2,1,11832,B00H8C82IU,"Anti Aging Active Botanical Eye Cream with Hydrolysed Collagen to Help Fight the Signs of Aging. Featuring a Superior Blend of Penetrable Lipids, This Collagen-based Anti Aging Eye Cream Gently Plumps Surface Dehydration (Without Causing Undereye Bags) and Fine Lines While Enhancing Skin Flexibility and Improving Texture. Your search for the best anti-aging eye cream is over!One of the first places where visible signs of aging begin to emerge is around your eyes. The delicate skin in this area is extremely thin-becoming even thinner as you age-and is especially vulnerable to unsightly age-related changes in appearance, including dark circles, ""crow's feet,"" and bags or swelling under or around the eyes.While not necessarily an indication of extreme exhaustion or serious illness, dark circles and bags certainly make you look and feel a lot older than you really areYou Have No Risk When You Purchase TodayWe understand that every person is unique, and that no supplement, however good, can guarantee the same results for every single individual. That's why every Gina de Rossi product comes backed with 'Gina's Promise' - a 100% rock-solid LIFETIME 'customer happiness' guarantee! Beauty Eyes Skin Care Creams"
159-169-26-156,2,0,11958,B00IIBB7A0,"BEST Hyaluronic Acid Serum for Your Skin | Potent Anti-Aging &amp; Moisturizing Serum With Vitamin C &amp; Ferulic Acid | COMES WITH FREE e-BOOK | 100% Natural Skincare Product | Best Moisturizer Serum | 100% MONEY BACK GUARANTEE Discover the Bottle That Can Help Reverse the Signs of Aging and Wrinkled SkinWhat Is Hyaluronic Acid?:~ As we age, skin moisture can drop significantly making skin lose elasticity and expose the signs of aging~ Hyaluronic acid has an unique ability to hold in moisture~ HA is able to penetrate the into the skin to improve and benefit it with its nutrients~ The protective barrier on the skin locks in moisture, which gives the skin a youthful appearanceTry It RISK-FREE With Our 30 Days Money Back GuaranteeWhat Our HIGH QUALITY HA Serum Will Do To Your Skin:~ Super soft and supple skin~ Reduced appearance of fine lines and wrinkles~ Retain moisture and elastin in the skin~ Younger looking skin~ Radiant glowing skinThe difference between other hyaluronic acid serums and ours:Infused with neroli water + antioxidants: vitamin c and ferulic acidour unique serum is guaranteed to soothe, hydrate and freshen the skin100% Natural and Made in the USA at a FDA Approved FacilityTry it RISK FREE with our 365 days 100% Money Back Guarantee - Even if the bottle is empty!Due to High Demand, Inventory Runs Low - Click ""Add to Cart"" At The Top Of The Page! Oils & Serums Beauty Skin Care Face"
159-169-26-156,2,1,11995,B00IU079YM,"Hyaluronic Acid Skin Serum, Anti Aging Wrinkle Serums Care Botox Alternative 100% Pure, Skin Rejuvenator - FREE Ebook Hydrate &amp; Moisturizer, Activates Collagen, Plump &amp; Toned Beautiful Skin, HA Men &amp; Women Buy &amp; Get Results Now! Protect The Longevity Of Your Skin And Reverse Aging FAST By Eliminating Acne, Wrinkles And Fine Lines!Worried about your skin condition?Our unique 100% pure formula will bring out your natural glow.It's so effective we've had a Dermatologist describe Our Hyaluronic Acid Serum as ""Botox In A Bottle""(see product reviews.)But maybe you feel like you've tried EVERY other anti-aging product, only to find nothing works...Well, here's why you should buy Hyaluronic Acid Serum from Natures Tools.Our solution...- Gets you visible results within days (you'll be amazed how fast it works)- Restores youthful, hydrated, moisturized & cushiony skin (just like a baby)- Combats chronological aging (proven to reduce the signs of aging by stimulating collagen)- Brightens & evens your skin tone (skin will feel & look fresh, glowing & beautifully even toned)- Reduces blackheads, breakouts, & improves pore appearance (unlike inferior brands which can cause acne, pimples, rashes & hives)- Helps calm redness & rosacea (cures mild to severe cases of redness-prone skin to lessen pain quickly)- Is 100% pure & easy to apply as it's water based- Uses Lilac Stem Cell Technology to 'Super Charge' the anti aging process- Comes with a ""No Questions Asked Lifetime Money Back Guarantee!"" (If you're not satisfied for any reason, just send it back for a full refund)Best of all... we know it works because customers see results within a week! See our customer reviews.Click on the BUY Button NOW to get your Hyaluronic Acid Serum with Amazon's Fast Delivery Service! Polishes Beauty Exfoliators & Scrubs Face Skin Care"
159-169-82-19,2,0,11252,B00CDTHC6G,"THAT Eye Cream All-In-One Eye Gel with Vitamin C - Best Anti Aging Serum For Wrinkles, Dark Circles, Puffiness, Bags and More - Effective Formula Helps Soothe and Refresh Delicate Under Eye Skin - Easy To Apply, Oil and Paraben Free Do Puffy Eyes And Dark Circles Make You Look Tired All The Time?THAT Eye Cream&trade; All-In-One Eye Gel with Vitamin C Can Help...Ever notice how some people seem to get all the lucky breaks? When you look younger and healthier, interesting things start to happen. Doors open for you that may have been slammed shut under different circumstances. No one is saying that it's better to look airbrushed and fake like so many models do these days, but nothing should come between you and looking your absolute best.Your eyes are often the first place to show tell-tale signs of aging. Dark circles and puffiness can make you look exhausted, even after a good night's sleep. That's why it's important to take care of your skin and use products designed for your specific concerns.Diminish The Look Of Dark Circles, Puffiness, Crow's Feet And Under-Eye BagsUnlike heavy anti-aging creams, the All-In-One Eye Gel with Vitamin C goes on easy and absorbs quickly. It's perfect for use in the morning, right before applying eye makeup. Best of all, it addresses multiple signs of aging in a single formula!- Easy to apply formula is oil and paraben free- Contains anti-aging and skin brightening ingredients- Helps improve the look of stubborn dark circles- Soothes eye area and helps deflate puffiness- Helps reduce the appearance of wrinkles and sagging skinIt's the under-eye treatment you'll reach for time and time again...Click the order button now to start refreshing your look in just a few days! Beauty Eyes Skin Care Combinations"
159-169-82-19,2,1,11658,B00G6119KM,"Vitamin C Serum for Eyes - Best Skin Care Product for Women - Anti Aging, Anti Wrinkle Eye Serum to Combat Puffy Eyes, Dark Circles, Sagging Skin &amp; Wrinkles for a Healthy &amp; Younger Looking Skin Look &amp; Feel Good. Full 60 Day Guarantee Do Your Eyes Tell The World You Are No Longer 20 Something?It is no secret that skin changes with increasing age. One of the most noticeable areas, are that around the eyes.The following are all signs of an aging skin:- Puffiness- Fine lines and wrinkles- Dark circlesThe good news is, whilst aging can't be stopped, the effect to our skin can be slowed down with the right treatment.With Elle Avi's Superior Vitamin C Eye Serum Formulation You Might Experience Some Or All Of The Following Benefits:- Diminishing appearance of dark circles and puffiness-Diminishing appearance of wrinkles and fine lines-Improved firmness-Revitalized, soothed and refreshing and younger lookAll the ingredients work together to help creating a healthy, well cared for skin.Buying this product gives you access to two fantastic bonuses :1.Access to an informative EBook on Skin Care2.Access to Elle Avi's Loyalty ProgramUse this Eye Serum twice daily. Apply after proper cleansing and toning.This product is backed by a full 60 day money back guarantee!Click the ""Add To Cart"" Button at the top of this Page Now to Order Your Serum and Take Control Beauty Eyes Skin Care Combinations"
159-205-224-19,2,0,11738,B00GP2N66W,"Anti-Aging Eye Cream MezmerEYES with Caffeine, Licorice and Vitamin A (Retinol). Best Eye Cream for Dark Circles Under Eyes, Puffy Eyes, Fine Lines, Crows Feet, Wrinkles, Puffiness.With Collagen, Hyaluronic Acid, Almond Oil, UNCONDITIONAL GUARANTEE Are Your Eyes Giving Away Your Age?Don't Let Them Any Longer!MezmerEYES is The Complete Anti-Aging Solution for Your EyesDark Circles:Brighten your eyes by reducing these blemishes to feel confident and youthful.Walk into a room and light it up with your eyes!Wrinkles, Crows Feet, Fine Lines:Smooth out difficult age indicators by providing your skin with hydrating ingredients to increase moisture.See your youth returning and keep them guessing!Puffiness:Nobody wants to look tired. MezmerEYES Eye Cream contains active botanicals that will reduce swelling and firm-up your skin.They'll start asking what your secret is to a great sleep--even if you are tired!MezmerEYES is GUARANTEED to Help You Look Younger AND Prevent Signs of Aging- Made WITHOUT Parabens, Sulfates or Phthalates- MezmerEYES is formulated for all ages, skin types and sensitivitiesMade in the USAat our advanced FDA Certified facilities. Our products arenot tested on animalsThe Protege Promise: Your SATISFACTION- When used twice daily, results are visible after about 1 month.Each bottle contains a 2 month supply of Eye Cream- If you are not satisfied with MezmerEYES, contact us within365days of purchase, and we will issue acomplete refund.No Questions AskedPack Your Bags and Brighten Your EyesOur supplies run out fast. Start to MezmerEYES your eyes andorder a bottleof this incredible eye cream now! Beauty Eyes Skin Care Combinations"
159-205-224-19,2,1,12010,B00J8UJNU6,"Vernal Repair Care Eye Gel - Removes Dark Circles Under Eyes, Puffy Eyes, Fine Lines, Crows Feet, Wrinkles, Puffiness | Best Anti Aging Eye Cream Treatment to Address and Correct Any Eye Area Signs of Aging | Proprietary Blend of Triple Peptides Complex, Hyaluronic Acid, Aloe Vera Moisture Complex, Vitamin C &amp; Retinol Go beyond stopping the clock - reverse it and recapture a more youthful appearancewith this multi-tasking eye gel designed to lift the eye area, reduce the appearance of wrinkles, fights dark circles and provides eye bags treatment by targeting fatty deposits under the skin, crows feet and puffy eyes. This eye gel is formulated with Vernal's AT5 renewal complex to help promote skin's natural renewal and protection processes while a patented antioxidant repair complex helps provide powerful antioxidant protection. This eye gel is an alternative to eye cream mainly because gels are faster acting and more absorbent. Treatment for dark circles and puffiness also contain Carnosine Triple Peptide w with Vitamin C to help prevent and correct the appearance of multiple signs of aging, resulting in a fresh, beautiful, youthful-looking eye area. The best eye cream for dark circles puffiness and wrinkles. This eye gel treatment addresses every eye concern - Potent Ingredients. Most effective eye gel available.Research results:After 4 weeks of treatment using this eye gel:- 92% eye gel users reported that the skin around the eyes has become firmer & tighter.- 96% eye gel users reported improvement in under eye dark circles.- 80% eye gel users reported that the skin around the eyes has a more lifted appearance.- 92% eye gel users reported decrease of puffiness.- 96% eye gel users reported improvement in under eye dark circles.- 92% eye gel users reported lessening of the appearance of wrinkles around the eyes (crows feet) Beauty Eyes Skin Care Combinations"
159-22-212-79,2,0,6853,B0047AKVW6,"The Original Hyaluronic Acid Serum 100% Pure Refill 8 oz Pure. Natural. The Timeless Pure collection contains a high concentration of hyaluronic acid that you won't find anywhere else. All natural and paraben free, we don't use excess ingredients to make up for the lack of actives. We like to keep it simple and effective.This product contains:Hyaluronic Acid - one of the most powerful hydrating and moisturizing ingredients on the market today. Holds up to 1000 times its weight in water! And as always, we use a higher concentration of HA than any other seller. This serum contains 1% HA, or about 2x the amount of HA contained in others 60% concoctions. Oils & Serums Beauty Skin Care Face"
159-22-212-79,2,1,8520,B005REYEXS,"Hyaluronic Acid Serum - Organic &amp; Vegan - 100% Pure of a 1% solution 2oz Our organic & vegan Hyaluronic Acid serum is the highest in both organic content and Hyaluronic Acid content!With over 98% organic ingredients and 1% -  pure Hyaluronic Acid, it is the strongest yet gentle serum on your skin.  We use soothing organic aloe juice as our base to moisturize and calm skin.Our Hyaluronic Acid is alcohol free and we use the fewer ingredients for a more effective organic, paraben free serum.What is Hyaluronic Acid?The acid is known as the fountain of youth because it helps to keep skin smooth and ""plump"" by retaining and holding moisture which is the secret to youthful, healthy, vibrant skin.It holds up to 1,000 times its weight in water.Please note that there is no such thing as completely pure 50% - 100% Hyaluronic Acid Serum, only a 100% pure 1% solution.  A pure 1% hyaluronic acid solution, which we use, is the highest in the industry and the safest and most effective percentage to use for skin formulations. Over 1% of HA would be harmful. If a company claims they are using a higher percentage, for example 50%, they mean 50% percent of a 1% solution. (50% HA serum contains .5% of a 1% solution, which is less than our serum!)  Questions? Feel free to email us we are here to help.******At Passport to Organics we find premier beauty ingredients sourced the world over, passed down from one generation to the next. We search for tried and true natural organic solutions, since we believe natural is better. Paraben Free * Sulfate Free (SLS free)* Phthalate Free * No artificial fragrances *Eco-friendly * No animal testing * Naturally effective Oils & Serums Beauty Skin Care Face"
159-22-60-52,2,0,4459,B001TAIFZM,"NuFountain Fresh Cosmetics Genuine 20% L-Ascorbic Acid, Oil Free Vitamin C Serum Made Fresh When Ordered 1 Fluid Ounce (30mL) of 20% L-Ascorbic Acid (Vitamin C) in purified water and glycerin base in sealed light-blocking bottle with dropper for dispensing serum. Fragrance free. Manufactured using only the freshest, highest-quality ingredients. Used daily, protects skin with antioxidant action to repair damage from UV, environment, and signs of aging. A daily regime results in firmer, smoother younger-looking skin. Can be used under sun block and makeup.

IMPORTANT STORAGE INFORMATION: Always store bottles in a cool, dark place. You may store serum in a refrigerator. Always store unopened bottles in the refrigerator.

SERUM CONSISTENCY:
NuFountain Fresh Cosmetics specializes in fresh-made serums using l-ascorbic acid which is water soluble. To effectively penetrate to your cellular level where it repairs free-radical damage, we do not use any oils, thickeners or unnecessary ingredients that make it thick and slow absorption. Our serums are very thin and since they are made fresh when ordered (free from oxidation which makes serums turn yellow, amber or brown and develop a strong odor), they are clear and appear water-like. This is what a great l-ascorbic acid serum should look and feel like. We produce fresh, honest l-ascorbic acid serums that are clear, and absorb immediately into your skin.

SPECIAL OFFER: Purchase 2 bottles -- get a 3rd bottle FREE -- Enter the total number of bottle you want (such as ""3"") and the price of 1 bottle will be deducted when you checkout -- and you can mix and match with other NuFountain serums.

ORDERING LARGER QUANTITIES: To get 6 bottles (total), enter ""6"" for quantity and you will get the price of 2 bottles discounted at checkout. You get 1 bottle discounted for every three ordered and there is no limit. Oils & Serums Beauty Skin Care Face"
159-22-60-52,2,1,5084,B002M7FHFM,"NuFountain&reg; Fresh Cosmetics Specially Priced 3-Pack of Genuine 20% L-Ascorbic Acid Vitamin C Serum Made Fresh When Ordered THREE 1 Fluid Ounce (30mL) bottles of 20% L-Ascorbic Acid (Vitamin C) in purified water and glycerin base in sealed light-blocking bottle with dropper for dispensing serum. Fragrance free. Manufactured using only the freshest, highest-quality ingredients.  Used daily, protects skin with antioxidant action to repair damage from UV, environment, and signs of aging. A daily regime results in firmer, smoother younger-looking skin. Can be used under sun block and makeup.

IMPORTANT STORAGE INFORMATION: Always store bottles in a cool, dark place. You may store serum in a refrigerator. Always store unopened bottles in the refrigerator.

SERUM CONSISTENCY:
NuFountain Fresh Cosmetics specializes in fresh-made serums using l-ascorbic acid which is water soluble. To effectively penetrate to your cellular level where it repairs free-radical damage, we do not use any oils, thickeners or unnecessary ingredients that make it thick and slow absorption. Our serums are very thin and since they are made fresh when ordered (free from oxidation which makes serums turn yellow, amber or brown and develop a strong odor), they are clear and appear water-like. This is what a great l-ascorbic acid serum should look and feel like. We produce fresh, honest l-ascorbic acid serums that are clear, and absorb immediately into your skin. Beauty Skin Care Toners & Astringents Face"
159-239-113-179,2,0,11855,B00HDZGF4K,"Best Vitamin C Serum For Face with 18% Vitamin C + Hyaluronic Acid + MSM &#9733; 98% Natural &amp; 72% Organic Ingredients &#9733; Potent Facial Serum &#9733; J&amp;K Topical Vitamin C Anti Aging Serum is Packed With Antioxidants To Help Minimize The Appearance of Wrinkles Around Eyes, Face &amp; Neck &#9733; 1 oz &#9733; 365-Day Money Back Guarantee What Makes Joy & Karma's Vitamin C Serum Safe?Made with 98% natural and 72% organic ingredients, our serum has none of the bad stuff like sulphates, parabens, alcohol, petrochemicals and artificial colors.&nbsp;Will J&K; Products Work For Me?Can we really expect a $25 dollar product to turn back time and ""drop 10 years off your face"" as our competitors claim? If only it were that simple!So when our customers rave about the GREAT results they're getting from using our serums, your individual results will undoubtedly vary. We really want to but we can't promise the moon.&nbsp;How Does Your 365-Day Money Back Guarantee Work?We want YOU to experience JOY when you buy from us and that's why we promise to refund every penny within the first 365 days if you're not 100% satisfied. *Email us directly and you don't even have to return the bottle!&nbsp;Is It True Joy &  Karma Donates 10% of Profits to Charities?Yes! HAPPY Customers (=JOY) and GIVING Back (=KARMA) will ALWAYS be our top priorities.&nbsp;What's the Difference Between J&amp;K's Vitamin C Serum and Hyaluronic Acid Serum?Our vitamin C serum's 18% vitamin C concentration can help your skin produce more collagen thereby reducing the appearance of wrinkles. Our hyaluronic acid serum on the other hand acts more like a moisturizer due to its higher hyaluronic acid concentration and makes for softer, silkier skin.Many of our customers own both of our serums and we recommend you try both to see which works better.&nbsp;***Ready To Buy? Then click the ""ADD TO CART"" button now! Dark Circle Treatments Beauty Eyes Skin Care"
159-239-113-179,2,1,11856,B00HE1GYD0,"Best Hyaluronic Acid Serum Facial Moisturizer with Vitamin C + E + MSM &#9733; 98% Natural &amp; 72% Organic Ingredients &#9733; Potent Facial Serum &#9733; Our Anti Aging Serum Will Help Hydrate Your Eyes, Face &amp; Neck and Moisturize Wrinkles &#9733; 1 oz &#9733; 365-Day Money Back Guarantee What Makes Joy & Karma's Hyaluronic Acid Serum Safe?Made with 98% natural and 72% organic ingredients, our serum has none of the bad stuff like sulphates, parabens, alcohol, petrochemicals and artificial colors.&nbsp;Will J&K; Products Work For Me?Can we really expect a $25 dollar product to turn back time and ""drop 10 years off your face"" as our competitors claim? If only it were that simple!So when our customers rave about the GREAT results they're getting from using our serums, your individual results will undoubtedly vary. We really want to but we can't promise the moon.&nbsp;How Does Your 365-Day Money Back Guarantee Work?We want YOU to experience JOY when you buy from us and that's why we promise to refund every penny within the first 365 days if you're not 100% satisfied. *Email us directly and you don't even have to return the bottle!&nbsp;Is It True Joy &  Karma Donates 10% of Profits to Charities?Yes! HAPPY Customers (=JOY) and GIVING Back (=KARMA) will ALWAYS be our top priorities.&nbsp;What's the Difference Between J&amp;K's Hyaluronic Acid Serum and Vitamin C Serum?Our vitamin C serum's 18% vitamin C concentration can help your skin produce more collagen thereby reducing the appearance of wrinkles. Our hyaluronic acid serum on the other hand acts more like a moisturizer due to its higher hyaluronic acid concentration and makes for softer, silkier skin.Many of our customers own both of our serums and we recommend you try both to see which works better.&nbsp;***Ready To Buy? Then click the ""ADD TO CART button now! Beauty Eyes Skin Care Puffiness Treatments"
159-239-189-69,2,0,5128,B002OSEMYG,"Best Hyaluronic Acid Serum with Vitamin-C :: Top Rated 100 pure 1 oz Beauty Anti Aging Skin Care Cream and Moisturizer Treatment for Your Face. &#9733; See Results or Your Money Back &#9733; Quality Topical Facial Solution with Retinol plus Vitamin C, A, D &amp; E for Women and for Men. Natural Anti Wrinkle Night Cream Formula. Best Wrinkle Filler and Remover Products Recommended By Dr Oz. Benefits you can see for an instant lift-solution. Women Agree: Top Rated Best Hyaluronic Acid Serum with Vitamin C Instantly Hydrates - Fine Lines Disappear!Watch Years of Skin Damage, Age Spots and Wrinkles Fill In and Fade Away - Smoother Skin After Just 1 Use.This revolutionary anti-wrinkle skin care formula deeply hydrates and plumps skin to diminish fine lines and wrinkles. You'll be thrilled as you watch day by day as your fine lines vanish and your skin feels dewy fresh. Continued use reduces the visible signs of aging effortlessly restoring time-damaged skin for a more youthful look.Imagine watching your fine lines fade away and wrinkles fill in and disappear!Dr. Oz calls Hyaluronic Acid ""tried and true and seriously good for your skin"" and with this proven youth-rejuvenating formula you'll see visible results the first application and a more youthful appearance faster than any other product you've ever used!Buy this Hyaluronic Acid Serum and watch as years of age and damage fade away:* Hyaluronic Acid will give you intense hydration banishing your wrinkles and making you look years younger.&#x2028;* Vitamin A works for anti-aging, accelerates cell renewal, stimulates collagen production&#x2028;* Vitamin C improves your skin tone, smoothness and elasticity.&#x2028;* Vitamin D3 will moisturize, nurture, and support your skin and help reduce sagging.&#x2028;* Vitamin E to heal and restore your skin by defending it against stress, the sun & harmful environmental toxins.&#x2028;See Visibly Firmer Skin, Smaller Pore Sizes, and a More Youthful Look With a Radiant Glow or Your Money Back Guarantee!Hyaluronic Acid Serum will give you the age-defying and youth-restoring look you want to see and feel!Buy While Supplies Last! Oils & Serums Beauty Skin Care Face"
159-239-189-69,2,1,12061,B00KFM16OW,"BEST Vitamin C Serum For-Face:: Organic &amp; Pure 20% Vitamin C + Hyaluronic Acid for Skin&#9733; #1 Anti Aging Beauty Serum Reduces Wrinkles and Fine Lines or Your Money Back &#9733; The Original All Natural Wrinkle Reducer! Natural Anti Wrinkle Skin Care Formula Contains Hyaluronic Acid with 20 Percent Vitamin C - Highest Potency Available. Voted One of the Best Anti Aging Products to Remove Wrinkles and Age Spots! Supplies are Limited! Give Your Face A Stunning Glow, Erase Wrinkles, And Reverse Years Of Aging...With One Simple BottleFor the first time ever, undo YEARS of aging and wrinkles. Many claim to, but only our 20% Vitamin C Serum with Hyaluronic Acid skin care formula delivers real results.According to Dr. Oz, Vitamin C serum ""Reverses Time's Effect On Your Face"" and gives you ""almost the same"" results as chemical peels and lasers...without the risk or cost.In a few days, wrinkles and age spots vanish, skin tightens, lines disappear, and your face glows.Feel renewed and confident, look young and vibrant, reinvigorate your marriage by looking as stunning and attractive as 10 years ago!Voted one of the best anti-aging products anywhere-natural, organic, non-invasive, super-potent with 20 percent vitamin c.Hurry! This one-of-a-kind serum is in demand, and since it's made in small batches (to ensure maximum potency and purity) there's a limited supply.Buy this 20% Vitamin C Serum and Discover How It...*Replenishes lost vitamins and nutrients that keep your skin young and glowing*Replaces collagen-makes your skin elastic and youthful*Hydrates your skin to make it plump, soft, and smooth*Gives your skin volume and fullness*It targets damaged areas and cells with surgical precisionEvery day that passes, your skin's wear and tear gets harder to reverse.Buy Vitamin C Serum now, while its in stock, to stop aging and prevent more damage!Finally, the Skin ""Solution"" You've Dreamed AboutClick ""Add To Cart"" To Erase Wrinkles And Reverse The Aging Process-Before It's Too Late! Oils & Serums Beauty Skin Care Face"
159-239-224-255,2,0,11978,B00IRMZ6S4,"Daily Moisturizer EmFACEize Anti-Aging Face Cream - Best Facial Moisturizing Cream Contains Vitamin E, Hyaluronic Acid, Collagen, Avocado Oil, Jojoba Oil, Almond Oil, Pomegranate Seed Oil &amp; Antioxidant Boost + UNCONDITIONAL GUARANTEE Experience The Anti-Aging Power Of Vitamin E + Collagen + Hyaluronic AcidMost Users Find Their Skin to Feel Softer and Smoother After Just One Week!You Won't Find A Higher Quality, More Potent & Effective Daily Face Cream On The MarketEmFACEize is an Advanced Anti-Aging Daily Defense Cream Formulated to Moisturize & Protect Against Signs of AgingUV Damage:Enriched with Vitamin E and Lycopene, which Together Fight Against Damage Caused by UV RaysLet the Sun Shine on Your Face!Wrinkles & Fine Lines:Specially Formulated with Collagen, Pomegranate Seed Oil, and Avocado Oil that Work to Smooth Out Difficult Age Indicators and Bring Back Elasticity.Be Beautiful at Any Age!!Dry Skin:The Unique Combination of Hyaluronic Acid, Jojoba Oil, and Almond Oil will Instantly Relieve Dryness, and will Lock in Moisture to Keep Your Skin Supple All Day.Feel Your Skin's Texture Come Closer to Being Smooth as Silk!EmFACEize is GUARANTEED to Help You Look Younger AND Prevent Signs of Aging- Made WITHOUT Parabens, Sulfates or Phthalates- EmFACEize is Formulated for People of All Ages, Skin Types and SensitivitiesMade in the USAat Our Advanced FDA Certified Facilities. Our Face Cream wasNot Tested on AnimalsThe Protege Promise: Your SATISFACTIONIf You are Not Satisfied with EmFACEize, Contact us Within 365 Days of Purchase, and We will Issue aComplete Refund.No Questions AskedPut Emphasis on Your Skin and EmFACEize!Our Supplies Run Out Fast. Start to EmFACEize Your Skin andOrder a Jarof this Incredible Anti-Aging Cream Now! Creams & Moisturizers Beauty Day Creams Face Skin Care"
159-239-224-255,2,1,11991,B00ITA41T4,"Anti-Aging Retinol Serum. A+CTIVE Best Vitamin A Night Serum for Wrinkles with Collagen, Sea Kelp &amp; Hyaluronic Acid to Smooth Skin, Reduce Wrinkles &amp; Under-Eye Puffiness. Nourishes, Heals &amp; Protects Skin. Unconditional GUARANTEE Experience The Anti-Aging Power Of Retinol + Sea Kelp + Collagen + Hyaluronic AcidNourish, Moisturize, Smooth & Protect Your Skin with this Advanced Elixir!This Unique Anti-Wrinkle Serum Works Synergistically to Smooth Out Difficult Age Indicators Through Cell Turnover While Restoring ElasticityBring Back Youthful Looking and Feeling Skin!Healthier Skin:A+CTIVE is Enriched with Sea Kelp Bioferment to Nourish & Hyaluronic Acid with Sodium PCA Ensures Skin is MoisturizedSee Your Skin Glowing!Protection:The Unique Combination of Porphyridium, Fucoxanthin and Guaizulene Provides a Barrier Against Threats and Acts as an AntioxidantDiminish Wrinkles and Keep them Away!A+CTIVE is GUARANTEED to Help You Look Younger AND Prevent Signs of AgingNO Parabens, Sulfates or Phthalates. 95% Natural IngredientsA+CTIVE is Formulated for All Ages, Skin Types & SensitivitiesWhen Used Nightly, Results are Visible within 4 WeeksMade in the USAat Our FDA Certified Facilities.No Animal TestingThe Protege Promise: Your SATISFACTIONIf You're Not Satisfied with A+CTIVE, Contact Us Within365 Daysof Purchase, & We Will Issue aComplete Refund.No Questions AskedActivate Your Skin with A+CTIVE!Our supplies run out fast. Start to A+CTIVate Your Skin &Order a Bottleof this Potent Anti-Aging Serum Now! Oils & Serums Beauty Skin Care Face"
159-239-224-62,2,0,11979,B00IROPDPS,"Night Cream - ResurFACE Premium Moisturizing Anti Wrinkle Cream for Dry Skin. Advanced Antioxidant Healing Power of Sea Kelp, CoQ10, Sodium PCA, Shea Butter, Avocado &amp; Jojoba Oil. Regenerating &amp; Nutrient-Enriched. Larger 2oz Jar! Results GUARANTEED Discover the Skin-Transforming Secrets of Sea Kelp + CoQ10 + Sodium PCABe Amazed After Using ResurFACE for Just One Night!ResurFACE Contains Ingredients Found in the Most Expensive Moisturizing Creams--at a Fraction of the PriceResurFACE is an Enriched Nightly Restoration Cream Developed to Nourish, Moisturize, Repair and ProtectHealing:Loaded with Healing Ingredients Such As CoQ10, Shea Butter, Rosehip Oil, and Ceremide E to Restore, while Kelp Ferment is Fortified with Nutrients to Nourish Your SkinYou Will Be Amazed by the Overnight Results!Anti-Oxidant:Actives like Lutein and Lycopene Protect Against UV damage, while Anti-Oxidants Alpha Lipoic Acid, Astaxanthin and Vitamin E Destroy Free RadicalsGive Your Skin a Chance to Defend Itself from the ElementsMoisturizing:Avocado Oil, Almond Oil, and Sesame Oil Provide a Hydrating Triple Treat, Then Sodium PCA Takes it to the Next Level by Preventing Moisture LossWake Up to a Supple, Soft FaceResurFACE is GUARANTEED to Help Restore Skin and Prevent Signs of AgingMade WITHOUT Parabens, Sulfates or PhthalatesResurFACE is formulated for men and women of all ages, and skin typesMade in the USAat our FDA Certified facilities. Our products arenot tested on animalsThe Protege Promise: Your SATISFACTIONIf you are not satisfied with ResurFACE, contact us within 365 days of purchase, and we will issue acomplete refund.No Questions AskedRevitalize, Restore, Reenergize:  ResurFACE your face!Our supplies run out fast. Start to ResurFACE andorder a jarof this superior night cream now! Creams & Moisturizers Beauty Night Creams Face Skin Care"
159-239-224-62,2,1,11992,B00ITA8HD0,"Vitamin C Serum for Face C-RUM 20% Ascorbic Acid Anti-Aging Skin Care. With Vitamin E, Hyaluronic Acid, Pomegranate Seed Oil. Smooths Fine Lines &amp; Wrinkles. Builds Collagen, Lightens Skin Tone &amp; Makes Skin Radiant 100% Results GUARANTEE Intense Hydration, Plumps & Illuminates Skin For A More Youthful LookLook Forward To A Bright Future!C-RUM has the Highest Concentration of Vitamin C for Your Face, Providing the Skin with Exceptional Luminosity, Firmness and Elasticity While Restoring Suppleness and a Youthful AppearanceThe Secret to Redefining Your Skin: ""C""ing is BelievingWhat is it?An Anti-Aging Serum That Fights Sun Damage, Increases Luminosity and Builds Collagen for a Noticeably Firmer and More Youthful LookWho is it for?Anyone Seeking a Powerful Serum to Fight Signs of Aging, such as Fine Lines or Uneven Skin Tone. Those Concerned with Skin Dullness, Poor Texture and Sun Damage Will Experience Visible Improvements and Brightening with this Innovative Treatment within Just a Few Weeks.How is it different?Contains 20% Vitamin C, Ascorbic Acid. This form of Vitamin C Skin Care is the Most Natural and Is Easiest for Skin to Absorb. It Works to Protect Against UV Damage. The Addition of Pomegranate Seed Oil, Vitamin E and Lycopene make C-RUM More Potent and Help It To Penetrate Deeper than Other Vitamin C ProductsVITAMIN C-RUM is GUARANTEED to Help Brighten Your Skin and Reverse Age Indicators- Made WITHOUT Parabens, Sulfates or Phthalates.- 98% Natural Ingredients- VITAMIN C-RUM is Formulated for All Ages and Skin Types- Made in the USA. Not Tested on AnimalsThe Protege Promise: Your SATISFACTIONIf you are not satisfied with C-RUM, contact us and we will issue acomplete refund.No Questions AskedGet on Track to Healthier SkinOur Supplies Run Out Fast. Get Your C-RUM On andOrder a Bottleof this Premium Vitamin C Serum Now! Oils & Serums Beauty Skin Care Face"
159-48-82-81,2,0,12042,B00JZVMTOU,"Acne Sunscreen SPF 30 For Glamorous, Sensitive Skin - Oil Free Protection that prevents breakouts, nourishes &amp; moisturizes - Therapeutic facial care products &amp; sport tanning sunscreens - Lifetime Guarantee... It does exactly what is says on the label, period. Enjoy The Sun Today... Hate Your Acne Tomorrow!Sunshine makes you feel better, but it's only temporary relief.- Acne soon flares up again even worse than before- UV rays penetrate deep into the skin causing damage, where acne bacteria thrive- Hell breaks out on your face, back and shouldersThat's crazy when there's a simple, effective answer.Sun Protection SPF 30 is highly concentrated, oil-free fortified with vitamins, powerful antioxidants and enriched emollients to protect healthy skin against sunburn, premature aging and free radicals, while leaving the skin radiant, shine free and without white product overcast.Helps prevent fresh acne breakouts with broad-spectrum UVA & UVB protection, supplemented with Aloe Extract, Chamomile Flower Extract, Green Tea Leaf Extract, Vitamin E, AllantoinFinally enjoy the sun's benefit without fear of retribution..Clinically proven product that truly addresses sub-cutaneous sun damage.- Light oil free formula moisturizes without any greasiness- Effectively blocks the damaging UVA and UVB rays- Doesn't contribute to pore blockage or leave visible evidence of usage- Reduces premature aging and the risk of skin cancer developingFreedom to enjoy the healing benefits that safe exposure to the sun provides.Specifically formulated for acne sufferers to allow exposure without fear of either irritating an existing breakout, or causing a worse breakout after exposure to the sun.Hollywood Starshave known for years about the benefits that our range of acne treatment products give.You too can have clear, blemish free natural skin!Full 90-Day Money-Back Guarantee. So nothing to lose and a naturally clear complexion to gain!You deserve to enjoy the sunshine fully without worry of its harmful effects!Hit that""Add to Cart""button now! Sun Beauty Skin Care Skin Protection"
159-48-82-81,2,1,12080,B00KTAJAIY,"Anti Aging Skin Care Cream Used By Movie Stars - Therapeutic Facial Skin Care, Sunscreens &amp; Sport Tanning Products JUST MASKING THOSE WRINKLES ON YOUR FACE IS FIGHTING A LOSING BATTLE: WIN THE WARSun damage undermines all your repair work, Ultraviolet (UV) and Infrared radiation (IR) causes premature aging!Even though you make surface repairs, UV and IR radiation still cause damage deep in your skin; destroying collagen and elastin. Plumping the surface is futile by itself; your skin still ages badly.It doesn't have to be like that. There's a simple and effective answer.It's a revolution in anti aging treatment.- Ageless Glow is a light weight SPF 45, containing an innovative blend of actives- Protects skin from UVA, UVB & Infrared Radiation known to cause premature aging- It delivers a new strategy in sun protection providing the highest possible level of protection while restoring youthfulness to the skin- A clinically proven product as used by Hollywood Stars.This fast-absorbing SPF also features a high level of Niacinamide to promote a smoother, clearer complexion.Derived from Knotweed Extract, our botanically-based active is the first of its kind, preventing damage from infrared radiation, which is believed to be just as detrimental to skin health as UVA & UVB.Enjoy theSecret Beverly Hills Formulathat the Hollywood Stars have known for years. You too can maintain your youthful complexion; defy the aging process!Full 90-Day Money-Back Guarantee. So nothing to lose and a naturally youthful complexion to gain!You deserve to stay young!Hit that ""Add to Cart"" button now! Sunscreens Beauty Face Sunscreens & Self Tanners Skin Care"
159-55-125-86,2,0,3587,B001DKIFSA,"Vanish Extreme Under Eye Cream for Dark Circles and Puffiness / 1/2oz - 1 Month Supply -Watts Beauty This sale is for a 1/2 oz jar. Enough for several weeks. This product was formulated with the leading proven ingredients found in high end brand under eye creams to diminish dark circles and decrease puffiness. Chrysin is a granular product that releases into the cream leaving the small capsule behind. Do you know what actually ""causes"" serious dark circles? People think that dark circles are caused by hard partying, working late, being tired or simple allergies. But according to most research dermatologists, serious dark circles (the kind that make you look old, tired and exhausted) are about, of all things, the oxidation of hemoglobin (blood) in the capillary matrix of the 
peri-orbital eye area. These capillaries actually ""leak"" blood that begins to oxidize (through a process called hemoglobindegradation). creating a dark bluish-red pigmentation that looks distinctly like an ugly bruise.
What does all that mean in plain English? 
Tiny little capillaries deposit blood around your sensitive eye area. 
The blood turns deep purple and you end up looking like you just went 12 hard rounds in a boxing ring. Dark Circle Treatments Beauty Eyes Skin Care"
159-55-125-86,2,1,6703,B0042SX6RA,"Watts Beauty Extreme Under Eye Cream Max - Dark Circles, Puffiness &amp; Fine Lines This sale is for a 1/2 oz jar. Enough for several weeks. This product was formulated with the leading proven ingredients found in high end brand under eye creams to diminish dark circles and decrease puffiness. Chrysin is a granular product that releases into the cream leaving the small capsule behind. Do you know what actually ""causes"" serious dark circles? People think that dark circles are caused by hard partying, working late, being tired or simple allergies. But according to most research dermatologists, serious dark circles (the kind that make you look old, tired and exhausted) are about, of all things, the oxidation of hemoglobin (blood) in the capillary matrix of the peri-orbital eye area. These capillaries actually ""leak"" blood that begins to oxidize (through a process called hemoglobindegradation). creating a dark bluish-red pigmentation that looks distinctly like an ugly bruise. What does all that mean in plain English? Tiny little capillaries deposit blood around your sensitive eye area. The blood turns deep purple and you end up looking like you just went 12 hard rounds in a boxing ring. Beauty Eyes Skin Care Combinations"
159-83-226-235,2,0,12001,B00IZQ66V8,"MATRIXYL 3000 - Best Anti-Aging Moisturiser with Matrixyl 3000 - Hypo-Allergenic Deep Wrinkle Cream, Fast Absorption, Neutral Scent and Fast Acting***MADE IN USA*** GMP &amp; FDA Approved Manufacturing Facility- Works Best With Bodishape Phytoceramide 350mg and Bodi Skincare's Potent Hyaluronic Acid Serum ***100% UNCONDITIONAL GUARANTEE*** Bodi Skincare Potent Anti-Aging Matrixyl Moisturizer with Matrixyl 3000Non-irritating skin rejuvenation cream containing an advanced patented pentapeptide that helps significantly improve the appearance of facial wrinkles, stretch marks and minor skin imperfections.Key Ingredients:Glycerine, Tocopheryl Acetate, Palmitoyl Tetrapeptide-7Key Benefits:1. Reduce the Appearance of Fine Lines and Wrinkles2. Helps in Dramatically Improving Skin Firmness3. Enhance the Skin's Defenses, Preventing Future Damage4. Hydrates and Absorbs Quickly100% Unconditional Money Back GuaranteeWe Are Committed to Your Satisfaction!Order Now! Click the orange ""Add to cart"" button at the upper right corner of this page Oils & Serums Beauty Skin Care Face"
159-83-226-235,2,1,12035,B00JT74V1O,"Phytoceramides - Miracle Phytoceramides 350mg Softgel Capsules as Recommended by DR Oz ***VEGAN SAFE, NON-GMO &amp; GLUTEN FREE *** -Plant Derived Anti-aging Formula - 100% All Natural - Clinically Proven Anti-Wrinkle Active Ingredients *** MADE IN USA *** Your Ultimate Skin Restoring Supplement- Natural Facelift- Use With Bodiskincare Hyaluronic Acid Serum and Matrixyl 3000 Moisurizer for Optimum Results - ***THE ONLY ONE WITH AN UNCONDITIONAL 100% MONEY BACK GUARANTEE*** Potent Phytoceramide 350mg Formula by Bodishape for Fast Effective Results*** 83% Decrease in Wrinkles and Fine Lines ****** 92% Increase in Collagen Production ****** 65% Decrease in the Appearance of Dark Circles ***Clinical studies have found Phytoceramides to:- Increase skin hydration - Promote Skin Smoothness- Reduce the appearance of crow's feet, fine lines & wrinkles- Repair Damaged Skin, Nourish, Restore, and Strengthen New Collagen- Improves skin firmness and elasticity making you look younger- Reduces Itchiness and Redness so your skin looks healthy&#x2022; Our product is manufactured in the United States under Good Manufacturing Practices (GMP) and the highest level of quality control.Try Phytoceramides by Bodishape todayAll-natural face-lift in a bottle100% UNCONDITIONAL MONEY BACK GUARANTEEORDER NOW BEFORE STOCKS RUN OUT! Beauty Skin Care"
16-195-46-216,2,0,736,B0009EXONC,"Big Sexy Hair Volumizing Hairspray, Spray &amp; Play, 10.0 oz (284 g) Big Sexy Property of Michael O'Rourke. No animal testing. Made in U.S.A. Beauty Styling Products Hair Sprays Hair Care"
16-195-46-216,2,1,1232,B000F41ZEG,"Big Sexy Hair Firm Volumizing Hairspray, Spray &amp; Play Harder, 10-oz (300 ml) 300 g Big Sexy Property of Michael O'Rourke. No animal testing. Made in U.S.A. Beauty Styling Products Hair Sprays Hair Care"
160-139-5-73,2,0,1517,B000HLPKJ8,"Phyto Phytonectar Hair Treatment Oil-1.7 oz. Phyto Back to LifePhytonectar Pre-Shampoo Ultra Nourishing Oil Treatment easily penetrates deeply into each strand bringing damaged, dehydrated hair back to life. The formula, rich in proteins, lipids, and vitamins from egg yolk, restructures ultra-dry hair while preventing oxidation with sunflower extract. Hair feels immediately replenished and its original softness and shine are restored.A moisturizing, pre-cleansing oil treatmentFormula is rich in proteins, lipids and vitamins from egg yolkReplenishes and restructures ultra-dry hair to its original softness and shineEspecially Suited For:Ultra Dry HairEssential Elements:Pre-Shampoo Ultra Nourishing Oil Treatment contains egg yolk oil, soybean and sunflower extract to nourish hair, restructure the hair fiber, neutralize free radicals and prevent oxidation.Free of:Parabens, Sulfates, Synthetic Dyes, Petrochemicals, PhthalatesFor Best Effect:Apply from roots to ends, massaging to facilitate penetration. Leave on for a minimum of 15 minutes. Rinse thoroughly. Shampoo with Phytonectar. Use Phytonectar oil once-to-twice a week for five consecutive weeks. Do not use for one week after color process. Hair & Scalp Treatments Beauty Hair Care"
160-139-5-73,2,1,5268,B002SZGYU0,"Phyto Phytonectar Ultra Nourishing Shampoo 6.7 oz Phyto With a high concentration in botanical active ingredients, Phytonectar shampoo helps restore the moisture and lipid balance in ultra-dry, porous hair. Its creamy formula, brimming with moisturizing and revitalizing Soybean amino acids and pure Orange Blos Shampoos Beauty Hair Care"
160-90-216-11,2,0,6182,B003M5UOBK,"Joico K-pak Shampoo and Conditioner Liter Duo 33.8 oz Set Joico With the highest concentration of Quadramine Complex in its formulas, K-PAK delivers the ultimate in healthy hair. K-PAK products work synergistically to rebuild, reconstruct, strengthen and protect damaged hair!rnShampoo liter size: ?Begins the reconstruction process using a unique cream foundation enriched with Joico's exclusive Keratin Silicone Complex. rn?Gently cleanses the hair while enhancing its elasticity, strength and shine.rnConditioner liter size:rn?Reconstructs, strengthens and detangles dry, damaged hair with K-PAK's Keratin Silicone Complex. rn?Hair feels smooth, silky and shiny with vitality and bounce. Shampoo & Conditioner Sets Beauty Hair Care"
160-90-216-11,2,1,8370,B005K0DO8A,"Joico K-PAK Revitaluxe Bio-Advanced Restorative Treatment, 5.1 oz. Joico Indulge in the ultimate luxury treatment for dry, damaged hair from the leader in hair repair. Actively repairs, restores, protects, and hydrates hair, correcting years&#x2019; worth of damage while preventing future damage. With each application, hair instantly becomes stronger, softer, more moisturized, with improved elasticity. Blend of bio mimetic peptides, keratin amino acids, jojoba oil, and aloe extract. Hair & Scalp Treatments Beauty Hair Care"
162-11-102-189,2,0,2972,B0014UCJPE,"NOW Foods Clary Sage Oil, 1 ounce Now Foods Aroma:  Herbaceous, lavender-like.  Benefits:  Focusing, stimulating, balancing. Moisturizers Beauty Body Oils Skin Care"
162-11-102-189,2,1,3309,B0019LVFI0,"NOW Foods Oil Of Oregano 25%, 1 ounce Now Foods Aroma:  Spicy, camphoraceous.  Benefits:  Purifying, comforting, invigorating. Moisturizers Beauty Body Oils Skin Care"
162-11-102-239,2,0,2975,B0014UEG50,"NOW Foods - Balsam Fir Oil 1 Oz Now Foods 100% PureAbies balsameaIngredients: 100% pure balsam fir needle oilAroma: Pleasant, woodsyBenefits: Empowering, balancing, strengthening Moisturizers Beauty Body Oils Skin Care"
162-11-102-239,2,1,6342,B003SSXV5C,"NOW Foods Cinnamon Cassia Oil, 1 ounce (Pack of 2) Aroma:  Warm, spicy.  Benefits:  Warming, stimulating, refreshing. Moisturizers Beauty Body Oils Skin Care"
162-124-102-14,2,0,1714,B000MGSJBY,"Now Foods Lemongrass Oil 100% Pure, 1 Ounce Now Foods 100% PureCymbopogon citratusIngredients: 100% pure lemongrass oilAroma: Strong, lemon-likeBenefits: Purifying, stimulating, cleansing Moisturizers Beauty Body Oils Skin Care"
162-124-102-14,2,1,6674,B0041TXR1A,"Now Foods Citronella Oil, 1 Ounce (Pack of 2) Now Foods 100% PureCymbopogon winterianusIngredients: 100% pure citronella oilAroma: Pungent, musky, citrus-likeBenefits: Clarifying, freshening, purifyingAbout Citronella Moisturizers Beauty Body Oils Skin Care"
162-239-183-27,2,0,36,B000052YM0,"Fruit Of The Earth 100% Aloe Vera 6oz. Gel Tube Fruit of the Earth Non-Oily Moisturizer Provides Effective Relief From Sunburn, Minor Burns, And Itching & Chafing Forms A Protective Barrier Which Helps Retain Moisture & Promotes Healing Cooling, Soothing Gel Made From Fresh Aloe Vera Leaves Fragrance Free With No Added Color Absorbs Quickly And Will Not Stain Contains No Alcohol Moisturizers Beauty Body Oils Skin Care"
162-239-183-27,2,1,853,B0009VNI40,"Fruit Of The Earth 100 % Aloe Vera Gel, 12 oz, 1-Pack Fruit of the Earth Non-Oily Moisturizer Provides Effective Relief From Sunburn, Minor Burns, And Itching & Chafing Forms A Protective Barrier Which Helps Retain Moisture & Promotes Healing Cooling, Soothing Gel Made From Fresh Aloe Vera Leaves Fragrance Free With No Added Color Absorbs Quickly And Will Not Stain Contains No Alcohol Moisturizers Beauty Body Oils Skin Care"
165-214-64-192,2,0,9693,B007YQURGU,"Sensationail gel polish starter kit - raspberry wine Pacific World Corp Up To 2 Weeks Dazzling, Damage-Proof Wear. Makeup Nails Beauty Nail Polish"
165-214-64-192,2,1,9857,B0087P9PB0,"Sensationail gel polish starter kit - pink chiffon Pacific World Corp Up To 2 Weeks Dazzling, Damage-Proof Wear. Makeup Nails Beauty Nail Polish"
165-3-69-14,2,0,7727,B004WAGFQC,"Uspicy? MACARON USND-3603 36W Professional UV Gel Nail Dryer / Lamp / Light Acrylic Gel &amp; Shellac CURING Light Finish Quick Dry, Upgraded with Sliding Tray &amp; Timmer Setting, SPA Equipment + Free USpicy Highly UV Protective Gloves USpicy-Fashion Meets TechnologyUSpicy was created by a very simple goal - to provide high quality health and beauty products at budget-friendly prices so that everyone can afford. Why ""U&#x2022;Spicy""? Because we put the sole focus on YOU, and dedicate ourselves to creating your own unique style, which allows YOU to feel SPICY whenever & wherever.Features:- They can be used with various kinds of nail beauty products, such as UV Top Coat, UV Builder Gel, etc. Work without brand requirements on nail polish- The wavelength is visible and harmless to eyes. But we do not recommend you stare at the bulb for a long time- Over voltage & current surge protection- Heat-exhausted chip to increase reliability and life span of the nail dryer- All in one - disinfection & drying.- The new sliding tray design makes it easy to cleanSpecifications:- Color: white- Auto timer control: 120s, 180s, up to infinite- Input Voltage Range: AC110-120V, 50/60HZ- Material: Molded ABS- Warranty: 1-Year Manufacturer WarrantyPackage includes:- 1* USpicy USND-3603 Professional UV Gel Lamp Nail Dryer (White, 36W)- 4*9W 365nm UV Bulb- 1 * Free Nail Sanding file- 1 * Free UV Protective Gloves Beauty Tools & Accessories Nail Dryers Nail Tools"
165-3-69-14,2,1,7728,B004WAIG5K,"USpicy&reg; MACARON USND-3603 36W UV Nail Dryer/Lamp/Light Acrylic Gel &amp; Shellac CURING Light TIMER DRYER Quick Dry &amp; Cure Your Nails within Seconds, SPA Equipment (White) USpicy-Fashion Meets TechnologyUSpicy was created by a very simple goal - to provide high quality health and beauty products at budget-friendly prices so that everyone can afford. Why ""U&#x2022;Spicy""? Because we put the sole focus on YOU, and dedicate ourselves to creating your own unique style, which allows YOU to feel SPICY whenever & wherever.Features:- Can be used for various kinds of UV products which having a wavelength of 365nm, such as UV Top Coat / UV Builder Gel / etc- The bottom tray can be pulled out, making it easy to clean- Suitable for both professional and personal fingernail care- Small and cool design, compact &amp; easy to operateSpecifications:- Auto timer control: 120s, 180s, up to infinite- Input Voltage Range: AC110-120V, 50/60HZ- Material: Molded ABS- Warranty: 1-Year Manufacturer WarrantyPackage includes:- 1 * USpicy nail dryer gel curing UV Lamp- 4 * 9W 365mm UV Bulb- 1 * Free Nail Sanding file Beauty Tools & Accessories Nail Dryers Nail Tools"
166-114-48-128,2,0,198,B00009WO0W,"Weleda Children's Tooth Gel, 1.7 oz Weleda Weleda Children's Tooth Gel - 1.7 ozProtect developing teeth and gums with natural Weleda Children's Tooth Gel. Make brush-time fun for growing milk teeth. Essential oils and a bright orange color provide a taste and fragrance tha tkids will love. It contains silica ingredient that cleans teeth gently yet carefully without affecting enamel. This gel also includes calendula extract that keeps gums healthy and strong.Why You'll Love It:Protect and strengthen newly forming teeth and gums while soothing with natural ingredients.Age:6 months and upFeaturesPleasant tasteIncludes essential spearmint and fennel oil that acts as a fragrance with a preserving effectNatural protectionFluoride-freeIdeal for teething childrenGently cleanses baby teeth with natural silicaBiodynamic calendula ingredient soothes the teeth and gums Moisturizers Beauty Body Lotions Skin Care"
166-114-48-128,2,1,5932,B003CYDA9O,"Weleda Calendula Shampoo and Body Wash, 6.8-Ounce Weleda Baby&#x2019;s delicate hair and skin gets the perfect balance of cleansing moisture and the kindest care in our softly lathering shampoo and body wash. it&#x2019;s a gentle wash that retains the moisture in your baby&#x2019;s hair and skin, leaving them feeling silky smooth and protected from drying out. formulated with the mildest organic and natural plant-based cleansers, it&#x2019;s gentle and tear-free. biodynamic&#xAE; and organic calendula flower extract soothes and softens your baby&#x2019;s hair and skin. sweet almond oil absorbs fast and easily to keep your baby&#x2019;s skin and hair from losing precious moisture. this gentle, effective formula with a light and delicate fragrance turns an ordinary bath time into a full-body pampering. now that&#x2019;s one clean, happy baby from head to shoulders, knees and toes (knees and toes). Shampoos Beauty Hair Care"
166-5-51-198,2,0,4530,B001V9LULM,"Dr. Hauschka Clarifying Day Oil (Formerly Normalizing Day Oil), 1.0-Ounce Box Dr. Hauschka Balances Oily SkinFor oily, impure, or blemished skinDeminishes appearance of oily skin and enlarged poresCalms the skin and offers extra protection Moisturizers Beauty Body Oils Skin Care"
166-5-51-198,2,1,4538,B001V9LV6G,"Dr. Hauschka Day Cream Light, Rose, 1.0-Ounce Box Dr. Hauschka Soothes and protectsProtects and strenghthens dry skinSoothes red, irritated skinRestores moisture Creams & Moisturizers Beauty Day Creams Face Skin Care"
169-62-157-143,2,0,117,B000053L6W,"Clubman Pinaud Virgin Island Bay Rum, 12 Ounce Clubman Pinaud Clubman Pinaud virgin island bay rum-as refreshing as an island breeze. A classic all-purpose fragrance. Formulated with a unique blend of essence of bay tree and exotic spices. Instantly cools, tones and refreshes the skin. Splash freely all over the body. Fragrance Beauty Cologne Men's"
169-62-157-143,2,1,1111,B000CEQZZS,"Clubman Virgin Island Bay Rum Body Care, 6 Ounce Clubman Clubman virgin island bay rum is a classic all-purpose fragrance. Formulated with a unique blend of essence of bay tree and exotic spices. Instantly cools, tones and refreshes the skin. Splash freely all over the body. Fragrance Beauty Cologne Men's"
17-23-157-141,2,0,1202,B000EODF9K,"Got 2b CrazySleek Hot Smooth Flat Iron and Blow Dry Lotion 8.5 fl oz (250 ml) Got2b got2b Crazy Sleek Hot Smooth Flat Iron & Blow Dry Lotion provides thermal protection against high-heat appliances. 

Works with the heat of your blow dryer and flat iron to deliver long-lasting, smooth hair that resists returning to it's natural curve. Salon quality proteins and amino acids act as an inner smoothing system.

Directions:

Remove lock from the sprayer. Spray on towel-dried hair, distribute evenly. Blow-dry completely, then flat iron. Finish with got2b Crazy Sleek Shine Lock. Beauty Styling Products Hair Care Creams, Gels & Lotions"
17-23-157-141,2,1,4399,B001S44J4A,"Got2B Guardian Angel Blow-Out Lotion, Gloss Finish Got2b bware of the burn- temperatures above 425 de-nature your hair!
b invincible with got2b guardian angel formulated with proven 425F heat protection plus patented combined styling support. There's no more need to go any hotter.
Your constant blow drying has left you hair dull, damaged and fried.
This blow dry pre-styling spray shields your locks and enhances manageability to provide smooth flexible style and divinely luminous shine effects. It's heaven on earth for hair.
Battle the burn 4 invincible style. Moisturizers Beauty Body Lotions Skin Care"
176-103-253-65,2,0,2087,B000QGKQXO,"Toppik Spray Applicator Toppik The Toppik Spray Applicator will dramatically improve the results you see with Toppik from the very first application. This precision instrument allows you to spray Toppik on, rather than just shaking as before. By using this appliance, you will get an even more natural look...the fibers will disperse more evenly and be directed more precisely. Because of this precision, you will find yourself using significantly less Toppik, making this economical as well. Treat Specific Areas To thicken precise areas, try inserting the nozzle into your hair and spray gently. This will disperse the fibers more evenly giving you a fuller and more natural look. Fill Out Your Front Hairline The Applicator is perfect for filling out your front hairline. For best results, use it with the Toppik Hairline Optimizer, a laser generated template that allows for a perfectly natural hairline that replicates the growth pattern of your own hair. Hair Loss Products Beauty Styling Products Hair Care"
176-103-253-65,2,1,8436,B005MZKF6M,"Toppik Hair Building Fibers - Dark Brown 0.09 oz. small travel size Toppik Toppik Hair Building Fibers instantly fill in balding or thinning areas. Made of pure organic protein, Toppik is completely undetectable and resistant to wind, rain, and perspiration, yet easily washes out with shampoo. If you're a man or woman with thinning hair, Toppik will transform your appearance in 30 seconds. How does Toppik work? Toppik fibers are made of all natural organic keratin protein, the same protein that hair is made of. The fibers in Toppik are charged with static electricity so they intertwine with your own hair and bond securely. Just shake on the Toppik fibers. They stay in place all day, all night. It's a ""secret weapon"" used by millions of men and women around the world. Hair Loss Products Beauty Styling Products Hair Care"
176-83-136-184,2,0,11135,B00BMVNMTM,NEW! Style Edit Conceal Spray 2 oz. BLACK/DARK BROWN (Conceal your gray between color services) Style Edit STYLE EDIT by Style Edit CONCEAL YOUR GRAYS-BLACK/DARK BROWN 2 OZ Moisturizers Beauty Body Lotions Skin Care
176-83-136-184,2,1,11136,B00BMVV3MK,NEW! Style Edit Conceal Spray 2 oz. MEDIUM/LIGHT BROWN (Conceal your gray between color services) Style Edit STYLE EDIT by Style Edit CONCEAL YOUR GRAYS-MEDIUM/LIGHT BROWN 2 OZ Beauty Styling Products Hair Sprays Hair Care
179-142-51-82,2,0,4402,B001S48IJC,"Organix Grapefruit Conditioner, Mango Butter, 13 Ounce Organix It's a tropical exotic sensation. Unique blend of Sulphate free product surfactants; Paraben free product. Beauty Hair Care Conditioners"
179-142-51-82,2,1,4404,B001S4C91K,"Organix Grapefruit Shampoo, Mango Butter, 13 Ounce Organix It's a tropical exotic sensation. Unique blend of Sulphate free product surfactants; Paraben free product. Shampoos Beauty Hair Care"
18-21-179-255,2,0,3413,B001AZPK90,"Carol's Daughter, Tui Hair Smoothie, 8-Ounce Carol&#39;s Daughter Intense Conditioning Treatment for Normal to Dry Hair. Beauty Styling Products Hair Care Creams, Gels & Lotions"
18-21-179-255,2,1,5616,B0034DMC88,"Carol's Daughter, Healthy Hair Butter, 4 Ounce Carol&#39;s Daughter Creamy Hairdress for Relaxed or Natural Hair. Beauty Styling Products Hair Care Creams, Gels & Lotions"
18-241-207-0,2,0,663,B0007CXX82,"Biosilk Silk Therapy Serum, Packaging May Vary, 5.64 Ounces BioSilk Biosilk Silk Therapy Serum Moisturizers Beauty Body Lotions Skin Care"
18-241-207-0,2,1,2611,B000YT5NIG,"Biosilk Silk Therapy Hair Treatment, 34 Ounce BioSilk Moisturizers Beauty Body Lotions Skin Care"
181-139-83-235,2,0,7541,B004P2RZYI,"Tree Hut Shea Moisturizing Shower Wash, Hawaiian Kukui 16 fl oz (473 g) Tree Hut Cleanse with Tree Hut Shower Wash, scented with the delectable, warm scent of Hawaiian Kukui. Natural Kukui nut oil heals and softens skin that has become dry and cracked due to harsh chemicals found in every day products. We designed this extra rich and creamy body wash, infused with certified organic Shea butter and Kukui nut oil, to cut through buildup on your skin of dirt, oils and pollution. The rich lather will leave your skin smooth, fresh and rejuvenated. Beauty Body Washes Bath & Body Cleansers"
181-139-83-235,2,1,9392,B007DGRRG4,"Tree Hut Shea Moisturizing Shower Wash, Tropical Mango, 16-Ounce Tree Hut Experience Tree Hut Shower Wash with the delicious scent of Tropical Mango. Real Mango puree nourishes and softens aged skin that has become tired over time, and helps to prevent the formation of wrinkles. We designed this extra rich and creamy body wash, infused with certified organic Shea butter and real Mango puree to cut through dirt, oils and pollution buildup on your skin, leaving your skin cleansed, nourished and younger looking. Beauty Body Washes Bath & Body Cleansers"
181-5-183-238,2,0,5001,B002K8UB9A,"The Body Shop Tea Tree Skin Clearing Lotion, 1.69-Fluid Ounce The Body Shop Moisturize with a light, mattifying lotion that hydrates skin and controls oil while helping to clear and prevent blemishes. Our Tea tree range contains Lemon tea tree and Community Trade Tea tree oil which fight blemishes and help prevent new ones from forming. Tamanu oil has a soothing effect and helps to calm irritation and redness. Creams & Moisturizers Beauty Fluids & Lotions Lotions Face Skin Care"
181-5-183-238,2,1,7498,B004O3BTKO,"The Body Shop Tea Tree Blemish Fade Night Lotion, 1.0-Fluid Ounce The Body Shop Improve the appearance of blemished damaged skin, and control oiliness while moisturizing skin while you sleep. A light, moisturizing yet non-oily lotion that sinks into skin. Our Tea tree range contains Lemon tea tree and Community Trade Tea tree oil which fight blemishes and help prevent new ones from forming. Tamanu oil has a soothing effect and helps to calm irritation and redness. Creams & Moisturizers Beauty Fluids & Lotions Lotions Face Skin Care"
181-5-95-238,2,0,5002,B002K8W58K,"The Body Shop Tea Tree Skin Clearing Facial Wash Regular, 8.4-Fluid Ounce The Body Shop Prevent blemishes and remove excess oil with our refreshing gel-based facial wash that won't over-dry your skin and is perfect for daily use. Our Tea tree range contains Lemon tea tree and Community Trade Tea tree oil which fight blemishes and help prevent new ones from forming. Tamanu oil has a soothing effect and helps to calm irritation and redness. Beauty Washes Face Skin Care Cleansers"
181-5-95-238,2,1,5003,B002K8XXQ8,"Body Shop Tea Tree Oil The Body Shop The Body Shop Tea Tree Oil - 0.33 fl oz : A natural, targeted solution to help clear blemishes quickly and effectively without over drying the skin. * Lemon tea tree and Community Trade tea tree oil from Kenya contain anti-bacterial properties that help fight blemishes and prevent new ones from forming. * Tamanu oil from Madagascar has a soothing effect and helps to calm irritation and redness. Moisturizers Beauty Body Oils Skin Care"
182-14-12-212,2,0,1701,B000MANVQ8,"MyChelle Fruit Fiesta Peel, 1.2-Ounce Jar MyChelle Dermaceuticals Antioxidant and nutrient dense organic raspberry puree, and natural acids romance your skin to a more radiant, youthful glow.  You will feel a light tingling and stimulating effect that will leave your skin refreshed.  This peel is not for beginners, patch test before using all over. Lactic Acid Face Beauty Treatments & Masks Acids & Peels Skin Care"
182-14-12-212,2,1,1704,B000MAOWOS,"MyChelle Dermaceuticals Incredible Pumpkin Peel, 1.2 Fluid Ounce MyChelle Dermaceuticals This unique exfoliating, super nourishing peel will dazzle your skin with natural acids and vitamins, including healing vitamin A.  Great for rejuvenating sun damaged and dull skin. Blemish prone skin also benefits greatly from this special treatment by exfoliating dead skin cells and allowing for ultimate tissue respiration and detoxification. Beauty Cleansers Skin Care Face"
182-38-132-79,2,0,1931,B000OY3WNO,"suki suki pure facial moisture - balancing .5 fl oz - .5 fl oz Suki Soothe your troublesome complexion as you heal and repair the damage acne has caused with suki pure facial moisture - balancing. It is the answer for your oily skin since it hydrates without leaving skin greasy. With soothing Chamomile, protective, healing Echinacea, and hydrating Jojoba Oil your skin will seem to change overnight.... Moisturizers Beauty Body Lotions Skin Care"
182-38-132-79,2,1,2534,B000X8H61U,"suki suki balancing day lotion 1 fl oz - 1 fl oz Suki Good morning, beautiful. suki balancing day lotion embraces your skin with nourishing, lightweight, and non-greasy moisture to give you beautiful skin all day long. Applied in the morning, this lotion works double time to protect and reduce irritation and inflammation with natural botanicals and extracts.... Creams & Moisturizers Beauty Day Creams Face Skin Care"
187-103-91-33,2,0,6464,B003VMM74Q,"Harmony Gelish Uv Soak Off Gel Polish -Midnight Caller (0.5 Oz) Gelish This color gel is conveniently designed by ""Gelish by Harmony"" with a twist cap and applicator brush, apply like polishes, and cured under UV lamp. Color gels are meant to use on natural nails. These products are made to satisfy natural-nail wearers who long wish their color would last for more than two weeks. Color gels will stay on nails for three weeks with no chipping or peeling, and soak completely off in only 15 minutes. Makeup Nails Beauty Nail Polish"
187-103-91-33,2,1,6471,B003VMU63K,"Harmony Gelish Uv Soak Off Gel Polish -Gossip Girl (0.5 Oz) Harmony This color gel is conveniently designed by ""Gelish by Harmony"" with a twist cap and applicator brush, apply like polishes, and cured under UV lamp. Color gels are meant to use on natural nails. These products are made to satisfy natural-nail wearers who long wish their color would last for more than two weeks. Color gels will stay on nails for three weeks with no chipping or peeling, and soak completely off in only 15 minutes. Makeup Nails Beauty Nail Polish"
187-183-134-101,2,0,6462,B003VMG3RI,"Harmony Gelish Uv Soak Off Gel Polish -Taffeta (0.5 Oz) Gelish This color gel is conveniently designed by ""Gelish by Harmony"" with a twist cap and applicator brush, apply like polishes, and cured under UV lamp. Color gels are meant to use on natural nails. These products are made to satisfy natural-nail wearers who long wish their color would last for more than two weeks. Color gels will stay on nails for three weeks with no chipping or peeling, and soak completely off in only 15 minutes. Makeup Nails Beauty Nail Polish"
187-183-134-101,2,1,6465,B003VMMMUK,"Harmony Gelish Uv Soak Off Gel Polish -Night Shimmer (0.5 Oz) Gelish This color gel is conveniently designed by ""Gelish by Harmony"" with a twist cap and applicator brush, apply like polishes, and cured under UV lamp. Color gels are meant to use on natural nails. These products are made to satisfy natural-nail wearers who long wish their color would last for more than two weeks. Color gels will stay on nails for three weeks with no chipping or peeling, and soak completely off in only 15 minutes. Makeup Nails Beauty Nail Polish"
187-183-134-157,2,0,6467,B003VMOZE6,"Harmony Gelish Uv Soak Off Gel Polish -Mint Icing (0.5 Oz) Gelish This color gel is conveniently designed by ""Gelish by Harmony"" with a twist cap and applicator brush, apply like polishes, and cured under UV lamp. Color gels are meant to use on natural nails. These products are made to satisfy natural-nail wearers who long wish their color would last for more than two weeks. Color gels will stay on nails for three weeks with no chipping or peeling, and soak completely off in only 15 minutes. Makeup Nails Beauty Nail Polish"
187-183-134-157,2,1,6472,B003VMUIGK,"Harmony Gelish Uv Soak Off Gel Polish -Tumberline Violet (0.5 Oz) Harmony This color gel is conveniently designed by ""Gelish by Harmony"" with a twist cap and applicator brush, apply like polishes, and cured under UV lamp. Color gels are meant to use on natural nails. These products are made to satisfy natural-nail wearers who long wish their color would last for more than two weeks. Color gels will stay on nails for three weeks with no chipping or peeling, and soak completely off in only 15 minutes. Makeup Nails Beauty Nail Polish"
187-183-136-180,2,0,7613,B004SSIW5K,"Harmony Gelish UV Soak Off Gel Polish Up In The Blue Gelish This color gel is conveniently designed by ""Gelish by Harmony"" with a twist cap and applicator brush, apply like polishes, and cured under UV lamp. Color gels are meant to use on natural nails. These products are made to satisfy natural-nail wearers who long wish their color would last for more than two weeks. Color gels will stay on nails for three weeks with no chipping or peeling, and soak completely off in only 15 minutes. Makeup Nails Beauty Nail Polish"
187-183-136-180,2,1,7614,B004SSM396,"Harmony Gelish UV Soak Off Gel Polish Plum and Done Harmony This color gel is conveniently designed by ""Gelish by Harmony"" with a twist cap and applicator brush, apply like polishes, and cured under UV lamp. Color gels are meant to use on natural nails. These products are made to satisfy natural-nail wearers who long wish their color would last for more than two weeks. Color gels will stay on nails for three weeks with no chipping or peeling, and soak completely off in only 15 minutes. Makeup Nails Beauty Nail Polish"
187-183-136-206,2,0,6484,B003VMZRYI,"Harmony Gelish UV Soak Off Gel Polish Sweet Chocolate Gelish This color gel is conveniently designed by ""Gelish by Harmony"" with a twist cap and applicator brush, apply like polishes, and cured under UV lamp. Color gels are meant to use on natural nails. These products are made to satisfy natural-nail wearers who long wish their color would last for more than two weeks. Color gels will stay on nails for three weeks with no chipping or peeling, and soak completely off in only 15 minutes. Makeup Nails Beauty Nail Polish"
187-183-136-206,2,1,7478,B004NMVP82,"Harmony Gelish UV Soak Off Gel Polish Grand Jewels Harmony This color gel is conveniently designed by ""Gelish by Harmony"" with a twist cap and applicator brush, apply like polishes, and cured under UV lamp. Color gels are meant to use on natural nails. These products are made to satisfy natural-nail wearers who long wish their color would last for more than two weeks. Color gels will stay on nails for three weeks with no chipping or peeling, and soak completely off in only 15 minutes. Makeup Nails Beauty Nail Polish"
187-183-8-179,2,0,6483,B003VMZHKM,"Harmony Gelish UV Soak Off Gel Polish Passion Gelish This color gel is conveniently designed by ""Gelish by Harmony"" with a twist cap and applicator brush, apply like polishes, and cured under UV lamp. Color gels are meant to use on natural nails. These products are made to satisfy natural-nail wearers who long wish their color would last for more than two weeks. Color gels will stay on nails for three weeks with no chipping or peeling, and soak completely off in only 15 minutes. Makeup Nails Beauty Nail Polish"
187-183-8-179,2,1,7608,B004SS6IKG,"Harmony Gelish UV Soak Off Gel Polish Need a Tan Harmony This color gel is conveniently designed by ""Gelish by Harmony"" with a twist cap and applicator brush, apply like polishes, and cured under UV lamp. Color gels are meant to use on natural nails. These products are made to satisfy natural-nail wearers who long wish their color would last for more than two weeks. Color gels will stay on nails for three weeks with no chipping or peeling, and soak completely off in only 15 minutes. Makeup Nails Beauty Nail Polish"
187-215-253-135,2,0,6470,B003VMTZ8C,"Harmony Gelish Uv Soak Off Gel Polish -Light Elegant (0.5 Oz) Gelish This color gel is conveniently designed by ""Gelish by Harmony"" with a twist cap and applicator brush, apply like polishes, and cured under UV lamp. Color gels are meant to use on natural nails. These products are made to satisfy natural-nail wearers who long wish their color would last for more than two weeks. Color gels will stay on nails for three weeks with no chipping or peeling, and soak completely off in only 15 minutes. Makeup Nails Beauty Nail Polish"
187-215-253-135,2,1,6473,B003VMV7D8,"Harmony Gelish Uv Soak Off Gel Polish -Star Burst (0.5 Oz) Gelish This color gel is conveniently designed by ""Gelish by Harmony"" with a twist cap and applicator brush, apply like polishes, and cured under UV lamp. Color gels are meant to use on natural nails. These products are made to satisfy natural-nail wearers who long wish their color would last for more than two weeks. Color gels will stay on nails for three weeks with no chipping or peeling, and soak completely off in only 15 minutes. Makeup Nails Beauty Nail Polish"
187-5-26-192,2,0,6460,B003VMF5S6,"Harmony Gelish Uv Soak Off Gel Polish -Bronzed (0.5 Oz) Gelish Gelish will last on the nails for up to 3 weeks with a shine, no chipping, no peeling, no maintenance! It looks completely natural while protecting the natural nail Makeup Nails Beauty Nail Polish"
187-5-26-192,2,1,6476,B003VMW2B4,"Harmony Gelish Uv Soak Off Gel Polish -Vegas Nights (0.5 Oz) Harmony Gelish will last on the nails for up to 3 weeks with a shine, no chipping, no peeling, no maintenance! I tlooks completely natural while protecting the natural nail Makeup Nails Beauty Nail Polish"
19-92-247-247,2,0,2143,B000REKQDK,Seki Edge Folding Lash Pin Comb Seki Edge Folding Lash Comb has super-fine metal lash pins to remove mascara clumps and give perfect lash separation every time! Pins are evenly spaced and all the same height to separate the lashes with precision and uniformity. Makeup Brushes & Tools Beauty Tools & Accessories Brushes & Applicators
19-92-247-247,2,1,4941,B002HK2GI0,"Tweezerman Folding Eyelash Comb Tweezerman Tweezerman Folding Llashcomb features a perfectly spaced, gold plated metal teeth that glides through lashes to remove excess mascara, leaving your lashes looking long, lovely and clump-free. Beauty Tools & Accessories Curlers Eyelash Tools Makeup Brushes & Tools"
191-223-13-81,2,0,6077,B003I6MLN2,"Maybelline New York The Falsies Volum' Express Waterproof Mascara, Brownish Black 212, 0.25 Fluid Ounce Maybelline It's not mascara, it's false lash glam in a tube, instantly! Patented spoon brush and pro-keratin fiber formula instantly build 5x more volume without clumping. Unique flexible wand helps lift and separate, to provide the look of 2x more lashes. You will find lashes you didn't even know you had. To safeguard Maybelline purity, reserve this product for your personal use. Treat the applicator with the hygienic care you give your eyes. Never apply this product in a moving vehicle. Do not dilute mascara with water, saliva, or any other substance. Cap tightly after use. If change in odor or appearance occurs, discontinue use. Do not use this or any other eye cosmetic if your eye is injured, irritated, or infected. Consult a physician promptly. Makeup Beauty Eyes Mascara"
191-223-13-81,2,1,6078,B003I6O5RC,"Maybelline New York The Falsies Volum' Express Washable Mascara, Blackest Black, 0.25 Fluid Ounce Maybelline It's not mascara, it's false lash glam in a tube, instantly  patented spoon brush and pro keratin fiber formula instantly build 8x more volume without clumping. Unique flexible wand helps lift and separate, to provide the look of 3x more lashes. You will find lashes you didn't even know you had. To safeguard maybelline(r) purity, reserve this product for your personal use. Treat the applicator with the hygienic care you give your eyes. never apply this product in a moving vehicle. Do not dilute mascara with water, saliva, or any other substance. Cap tightly after use. if change in odor or appearance occurs, discontinue use. do not use this or any other eye cosmetic if your eye is injured, irritate, or infected. consult a physician promptly. Makeup Beauty Eyes Mascara"
194-218-253-255,2,0,6259,B003P904EA,"Envyderm Eyelash Enhancement and Conditioning Nighttime Serum, 5ml (0.17oz) EnvyDerm EnvyDerm Eyelash Enhancement &amp; Conditioning Nighttime Serum uses a specially formulated blend of ingredients to promote your natural keratin production in the lash line to help the follicle grow naturally stronger lashes. EnvyDerm's latest Peptides technology is clinically proven to increase length and density of lashes by 25% and by as much as 72% in 6 weeks of use. In addition, Proteins, Vitamins and Moisturizing Oils nourish, lengthen and strengthen the eyelash hairs. Our product contains only safe natural ingredients that have been proven to grow and thicken eyelashes effectively. The serum has undergone clinical tests to prove effectiveness The Serum uses the leading peptide technology to induce keratin production in the lash line thus promoting longer, stronger enhanced lashes. Moreover the proteins, vitamins, minerals and moisturizing oils fortify, nourish and add shine to for beautiful enhanced lashes and brows. Lashes lose fullness due to everyday wear and tear, make-up removal and the aging process. Eyelash hairs are quicker to break, more prone to fall out, and slower to grow than other hair. This is why it's so important to defend the eyelashes. EnvyDerm Eyelash Enhancement and Conditioning Nighttime Serum should last from 3 to 6 months depending on personal use. Expect three months of use on the upper and lower lash lines and brows and 6 months if only used on the upper lash line. Body Scrubs Beauty Scrubs & Body Treatments Bath & Body"
194-218-253-255,2,1,7885,B00506WLPG,"LUCA Lash Eyelash Enhancer &amp; Conditioner. Does not contain Prostaglandins (Growth Hormones) .13oz LUCA Lash LUCA Lash offers the Most Advanced Eyelash Conditioning and Enhancement Technology Available! 
LUCA Lash...for the appearance of thicker, fuller, healthier eyelashes in 2-6 weeks with no side effects! We are one of the few eyelash conditioning and enhancement products on the market to contain the active ingredient Myristoyl Pentapeptide -17. LUCA Lash is Paraben Free and does not contain Prostaglandins (Hormones)or the ingredient isopropyl cloprostenate which has been deemed harmful to some consumers by the FDA.

Science and nature drive the ingredients of LUCA Lash! Myristoyl Pentapeptide-17 is the latest technology for eyelash enhancement. LUCA Lash is also rich in Vitamins A, C & E and contains botanicals including Green and White Tea, Cucumber, Chamomile and Aloe to condition your eyelashes!

LUCA Lash is Non-Allergenic, Dermatologist and Ophthalmologist tested. LUCA 
Lash can also be used on you eyebrows! 

When used daily, one LUCA Lash wand will last 3 months. (Based on usage.) Makeup Beauty Eyes Mascara"
195-244-134-83,2,0,4859,B002DP1A18,"Too Faced Cosmetics Absolutely Invisible Candlelight Powder, 0.32-Ounce Too Faced Capture the ethereal glow and ultra flattering light of a romantic candlelit dinner, anytime. A powerful dose of skin-saving antioxidants help to protect and soothe tired skin, while the golden-peachy tone warms and illuminates your complexion reducing the appearance of fine lines and imperfections Makeup Beauty Powder Face"
195-244-134-83,2,1,6365,B003TNY0WE,"Too Faced Cosmetics Primed and Poreless Powder, 0.16 Ounce Too Faced Primed and Poreless Powder turns any foundation into high definition makeup.Our silky, translucent finishing veil adjusts to any skin tone while minimizing theappearance of pores and fine lines. Our weightless powder can be worn alone,or under and over foundation to prep skin, lockdown makeup and control shinefor a complexion smoothing, flawless finish. Makeup Beauty Foundation Primers Face"
195-244-68-83,2,0,6395,B003UA5HCS,"Too Faced Cosmetics Amazing Face Powder Foundation, Warm Vanilla, 0.32-Ounce Too Faced Go from sheer and natural, to full and flawless, with our flexible coverage foundation.Our good-for-you, long-wearing formula offers the ultimate fusion of skincare benefits,sun protection and makeup innovation. Weightless pigments float over imperfections tominimize the appearance of pores and fine lines, while instantly improving tone and texture. Makeup Foundation Beauty Face"
195-244-68-83,2,1,7186,B004FM6M2O,"Too Faced Cosmetics Amazing Face Foundation, Perfect Nude, 1.0-Fluid Ounce Too Faced Our oil free, skin-smoothing liquid foundation provides the illusion ofairbrushed skin in seconds. Complexion concerns disappear as theweightless, silky formula glides on skin delivering undetectable coverage,with luxurious skincare benefits. You will always be ready for your close up! Makeup Foundation Beauty Face"
195-97-137-62,2,0,7185,B004FM6L0C,"Too Faced Cosmetics, Romantic Eye Palette, 0.39 Ounce Too Faced A woman is most beautiful when she is in love! Indulge in ournewest eye shadow lesson collection filled with romanticinspiredshadow shades that will bring out your inner bride,bombshell or classic beauty, all with an utlra-feminine touch. Makeup Eye Shadow Beauty Eyes"
195-97-137-62,2,1,10887,B00AVUE1S6,"Too Faced Boudoir Eyes Soft and Sexy Eye Shadow Collection, 0.39 Ounce Too Faced Why we love it: our new hand-picked collection of eye shadows create looks for the bedroom and beyond. Along with four boudoir-worthy colors, we created five new shades just for this palette for a total of nine soft and sexy colors. Makeup Eye Shadow Beauty Eyes"
197-168-244-12,2,0,6833,B0046UCZ2G,"Macadamia Oil Deep Repair Masque Unisex, 1 Ounce Macadamia Oil Macadamia Deep Repair Masque is a revitalizing hair reconstructor for dry, damaged hair. A combination of macadamia oil and argan oil along with tea tree oil, chamomile oil, aloe and algae extracts rejuvenate and rebuild the hair, leaving the hair deeply nourished for improved elasticity and shine with long-lasting conditioning benefits. Moisturizers Beauty Body Lotions Skin Care"
197-168-244-12,2,1,7281,B004I6O3LO,"Nourishing Leave-In Cream by Macadamia for Unisex Cream, 2 Ounce Macadamia Macadamia Nourishing Leave-In Cream is a leave-in conditioning texture cream infused with nourishing oils to tame unruly locks while adding silky softness, shine and UV protection. Beauty Hair Care Conditioners"
197-168-5-12,2,0,5414,B002WTC38E,"Macadamia Oil Rejuvenating Shampoo, 10 ounces Bottle Macadamia Oil Macadamia rejuvenating shampoo is a moisturizing shampoo for all hair types and is excellent for dry, damaged hair. the rejuvenating shampoo gently cleanses the hair while weightlessly replenishing moisture and protecting the hair from environmental elements. Shampoos Beauty Hair Care"
197-168-5-12,2,1,6380,B003TX0BX6,"Rejuvenating Shampoo Unisex Shampoo by Macadamia, 33.8 Ounce Macadamia Macadamia Natural Oil Rejuvenating Shampoo is a moisturising shampoo for all hair types and is excellent for dry, damaged hair. The Rejuvenating Shampoo gently cleanses the hair while weightlessly replenishing moisture and protecting the hair from environmental elements. Shampoos Beauty Hair Care"
197-174-173-122,2,0,7571,B004R7PP3O,"One 'n Only Argan Oil Styling Cream,10 fl. oz. one &#39;n only The one 'n only Argan Oil Styling Cream helps hydrate hair and eliminate frizz with its non-greasy formula. It also adds shine and is safe to use on color treated hair. Argan oil is rich in vitamin E to help condition hair to give it that healthy shine. Beauty Styling Products Hair Care Creams, Gels & Lotions"
197-174-173-122,2,1,8671,B005ZXH3OS,"One 'n Only Argan Oil Spray Treatment 6 fl. oz one &#39;n only one 'n only Argan Oil Spray Treatment is a lightweight, alcohol-free, non-greasy formula that provides instant shine without leaving an oily residue. Hair & Scalp Treatments Beauty Hair Care"
197-174-61-136,2,0,6520,B003X3S26U,"one 'n only Argan Oil Restorative Mask Derived from Moroccan Argan Trees, 8.5 Ounce one &#39;n only one 'n only Argan Oil Restorative Mask moisturizes to help revive and nourish dry and damaged hair. Hair & Scalp Treatments Beauty Hair Care"
197-174-61-136,2,1,7622,B004SUPEOK,"one 'n only Argan Oil Hydrating Mask Derived from Moroccan Argan Trees, 8.3 Ounce one &#39;n only The one 'n only Argan Oil Hydrating Mask contains a rich formula that helps treat dry and damaged hair. The mask will revive your hair's elasticity and shine to look healthy and feel soft. Hair & Scalp Treatments Beauty Hair Care"
197-252-87-82,2,0,8723,B00634TGPC,"Organic Root Stimulator Hairepair Intense Moisture Creme, 5 Ounce Organic Root Stimulator Helps restore moisturize balance to dry hair and scalp. Coconut oil and avocado oil for intense moisture and added shine. Enriched with lactic acid. Beauty Styling Products Hair Care Creams, Gels & Lotions"
197-252-87-82,2,1,8724,B00634TJ7M,"Organic Root Stimulator HAIRepair Nourishing Conditioner, 1.75 Ounce Organic Root Stimulator Helps restore the moisture and protein balance to dry, weak and/or damaged hair. Formulated with banana extract for concentrated moisture and detangling. Enriched with bamboo extract to help provide added strength and shine. Beauty Hair Care Conditioners"
200-146-212-217,2,0,293,B00014DGCO,"Plantlife Lavender 100% Pure Essential Oil - Bulgarian - 10 ml Plantlife Balancing, soothing, clarifying, normalizing are the qualities of this wonderful oil. Lavender essential oil has a light fresh aroma, its scent being described as floral-herbaceous, light, clear, balsamic, with woody undertones, and a camphor note. The name Lavender is derived from the Latin word 'lavera,' to wash. The most popular Essential Oil, it has a long list of applications, ranging from cosmetics to well-being remedies. It is suitable for all skin types and is considered a cell regenerator that is used in folk remedies to prevent scarring, stretch marks, and to slow the development of wrinkles. It is also known to moisturize dry scalp and hair. Aroma therapists use it to treat rheumatism, sprains, respiratory problems, abdominal cramps, depression, insomnia, tension-related problems, burns, sun-damaged skin, and various types of skin infections. It is effective in treating headaches, and migraines. Lavender tones the skin and is useful for all types of skin problems., Moisturizers Beauty Body Oils Skin Care"
200-146-212-217,2,1,5236,B002RTIS24,"Sweet Orange 100% Pure Therapeutic Grade Essential Oil- 10 ml * Sweet Orange is derived from an evergreen tree. It is smaller than the bitter orange tree, and less hardy with fewer or no spines. The fruit itself has a sweet pulp with no bitter membrane.

* Botanical Name: Citrus sinensis
* Aromatic Aroma: Has a sweet, citrus aroma much like the orange peels it is derived from, only more intense and concentrated.
* Consistency: Thin
* Note: Middle
* Aroma Strength: Medium
* Extraction Method: Cold Pressed
* Plant Part: Fruit Peel
* Origin: Canada
* Color: Yellowish orange to dark orange
* Common Uses: Properties for Sweet * Orange are as follows: antidepressant, antiseptic, antispasmodic, aphrodisiac, carminative, cordial, deodorant, digestive, stimulant (nervous) and tonic (cardiac, circulatory). It has also been applied to combat colds, constipation, dull skin, flatulence, gums, slow digestion and stress.
* Blends Well With: Lavender, Bergamot, Lemon, Clary Sage, Myrrh, Sandalwood, Nutmeg, Cinnamon Leaf and Clove.
* History: There is some argument, but it is believed that sweet orange was brought to Europe by the Arabs in the First century along with the bitter orange.
* Cautions: Some aromatherapists have reported that a small percentage of few people have experienced dermatitis from the limonene content of sweet orange. Orange Essential Oil is considered photo-toxic and exposure to sunlight should be avoided. Avoid use during pregnancy. Oils Beauty Bath & Body Bath"
200-15-245-41,2,0,1641,B000KJRK2M,Coconut Oil Jasmine (Pitate) Monoi Tiare Cosmetics 4 oz Oil Monoi Tiare Tahiti Coconut Oil Jasmine (Pitate) by Monoi Tiare Cosmetics 4 oz Oil Coconut Oil Jasmine (Pitate) 4 oz Oil Created in the 1970's this MONOI uses the Jasmine flower as its fragrance. A small ivory petaled round flower the Jasmine has a powerful fragrance and is THE STRONGEST of the MONOI fragrances. Known as Pikake in Hawaii Pitate is the Flower of Romance . Warnings Keep out of reach of children. As with all dietary supplements consult your healthcare professional before use. See product label for more information. Oils Beauty Bath & Body Bath
200-15-245-41,2,1,3622,B001E15III,"MONOI TIARE Coconut Oil Gardenia (Tiare) 4 OZ Monoi Tiare Tahiti Monoi Tiare Tahiti Coconut Oil, Tiare Monoi Tiare Tahiti is a French-Tahitian cosmetic oil consisting of pure coconut oil and the fragrance of tiare, the Tahitian Gardenia. The product is a refinement of an ancient Polynesian beauty secret and has been manufactured commercially since 1942. Centuries ago the people of Polynesia discovered that pure coconut oil is an essential secret for beautiful skin and hair. Coconut oil is a natural replacement for your body's skin and hair oils. The coconut oil used in Monoi Tiare Tahiti is so highly refined that it is quickly absorbed by your skin. This Tahitian beauty secret is now available to you. Please note that because of its tropically grown ingredients, Monoi oil solidifies at temperatures below 68 F (20 C). Moisturizers Beauty Body Oils Skin Care"
201-51-10-55,2,0,1223,B000EZOC1O,"Salux Nylon Japanese Beauty Skin Bath Wash Cloth/Towel - Pink SALUX Japanese Invention Award winner, and patented design. From Japan, this textured, extra long wash towel is softer and more sanitary than loofah, more effective than a washcloth.Product Size:28cm x 90cm (approx 11 x 35 inches) Bath Mitts & Cloths Beauty Bath & Body Bathing Accessories"
201-51-10-55,2,1,4060,B001KMR9WY,"Salux Nylon Japanese Beauty Skin Bath Wash Cloth/Towel - White SALUX Japanese Invention Award winner, and patented design. From Japan, this textured, extra long wash towel is softer and more sanitary than loofah, more effective than a washcloth.Product Size:28cm x 90cm (approx 11 x 35 inches) Bath Mitts & Cloths Beauty Bath & Body Bathing Accessories"
203-11-154-227,2,0,10234,B008YS8F7A,Bath &amp; Body Works Sweet On Paris Fine Fragrance Mist 8 oz (236 ML) Bath &amp; Body Works Bath & Body Works Sweet On Paris Fine Fragrance Mist 8 oz (236 ML) Fragrance Women's Beauty Body Sprays
203-11-154-227,2,1,10277,B0093QGG3W,Bath and Body Works Sweet on Paris Body Lotion Full Size 8 Oz Bath &amp; Body Works Buy Bath & Body Works Body Creams & Body Lotions - Bath & Body Works Sweet on Paris 8.0 oz Body Lotion Moisturizers Beauty Body Lotions Skin Care
205-156-241-75,2,0,2854,B00132AI1K,"Trish McEvoy Lash Curling Mascara Jet Black Trish McEvoy This revolutionary tubular curling mascara forms water-resistant tubes 360 around lashes, dries instantly and will not smudge or smear. Better than waterproof, the 24-hour formula stays just-applied looking yet slides off with only warm water without leaving a trace. The innovative curling brush lifts and curves each lash for instant eye-opening curl. Makeup Beauty Eyes Mascara"
205-156-241-75,2,1,2855,B00132FPFY,"Trish McEvoy High Volume Mascara - Jet Black 0.18oz (5g) Trish McEvoy This revolutionary tubular volumizing mascara forms water-resistant tubes 360 around lashes, dries instantly and will not smudge or smear. Better than waterproof, the 24-hour formula stays just-applied looking yet slides off with only warm water without leaving a trace. The precision brush grabs lashes at the roots to lengthen even the shortest hairs for the look of a naturally lush lash line. Makeup Beauty Eyes Mascara"
206-219-245-201,2,0,1372,B000GCWP28,"John Freida Radiant Red Shampoo 8.45 oz. John Frieda This advanced formula addresses the way red colour fades on three colour dimensions.  With daily use it helps maintain rich, vibrant red tones.  Enhanced anti-fading technology and a gentle formula preserves vivid red colour and magnifies shine.  Attracts light and amplifies rich tones to transform red hair. Shampoos Beauty Hair Care"
206-219-245-201,2,1,6887,B0047ZVSSM,"John Frieda Radiant Red Color Magnifying Daily Conditioner John Frieda This advanced formula addresses the way red colour fades on three colour dimensions. With daily use it helps maintain rich, vibrant red tones. Enhanced anti-fading technology and a gentle formula preserves vivid red colour, magnifies shine and renews softness. For all shades of natural or colour-treated red hair. Beauty Hair Care Conditioners"
207-223-242-50,2,0,2421,B000VRRE2O,"Conair 62501z Small Spiral, 12 Pack, Colors may vary Conair Make waves! Conair's 12-pack of small spiral rollers lets you create waves easily. Lightweight foam rollers in hot style colors are comfortable and easy to use on wet, damp, or dry hair. Create salon-style spiral curls, or make waves to add bounce and volume.  Smaller spiral rollers make smaller, tighter waves and spirals, medium sizes make looser waves and spirals. Wind your hair down the rod for spiral curls or around the middle for waves. Simply bend the ends to secure. It's simple beauty technology for your best look. Beauty Styling Tools Hair Care Hair Rollers"
207-223-242-50,2,1,7933,B0051E3426,"Conair 62502z Medium Spiral Rollers, 10 Pack, Colors may vary Make waves! Conair's 10-pack of medium spiral rollers lets you create waves easily. Lightweight foam rollers in hot style colors are comfortable and easy to use on wet, damp, or dry hair. Create salon-style spiral curls, or make waves to add bounce and volume.  Smaller spiral rollers make smaller, tighter waves and spirals, medium sizes make looser waves and spirals. Wind your hair down the rod for spiral curls or around the middle for waves. Simply bend the ends to secure. It's simple beauty technology for your best look. Beauty Styling Tools Hair Care Hair Rollers"
207-89-34-97,2,0,630,B0006PS3XU,"Marianna Bobby Pins 1 lb. - Black Marianna Crimped for fast, smooth insertion and removal, these double-coated, smooth finish, super grip pins are safe for all hair, including perms. Synthetic rubber tips protect hair and scalp. holds hair and hairpieces in place and can be used to create a base of support for such styles as a French Twist or Chignon Ratt. Hair Care Beauty Hair Pins Styling Accessories Styling Tools"
207-89-34-97,2,1,631,B0006PS3Y4,"Marianna Bobby Pins 1 lb. - Brown Marianna Crimped for fast, smooth insertion and removal, these double-coated, smooth finish, super grip pins are safe for all hair, including perms. Synthetic rubber tips protect hair and scalp. holds hair and hairpieces in place and can be used to create a base of support for such styles as a French Twist or Chignon Ratt. Hair Care Beauty Hair Pins Styling Accessories Styling Tools"
211-147-203-229,2,0,4625,B0026IFLG2,"POND'S Rejuveness Anti-Wrinkle Cream, 7-oz. Pond&#39;s Creams & Moisturizers Beauty Fluids & Lotions Lotions Face Skin Care"
211-147-203-229,2,1,10983,B00B33Y2JI,"Pond's Luminous Moisture Day SPF 15 Lotion, 1.7 Ounce Pond&#39;s Creams & Moisturizers Beauty Fluids & Lotions Lotions Face Skin Care"
211-201-244-53,2,0,10476,B009RNUH4A,"Vaseline Spray and Go Moisturizer in Total Moisture, 6.5 Ounce Vaseline Moisturizers Beauty Body Lotions Skin Care"
211-201-244-53,2,1,10478,B009RNUH7C,"Vaseline Spray and Go Moisturizer in Aloe Fresh, 6.5 Ounce Vaseline Moisturizers Beauty Body Lotions Skin Care"
211-30-242-56,2,0,3862,B001FB5IN2,"Eucerin Skin Calming Daily Moisturizing Creme, 14 Ounce Tubes (Pack of 2) Eucerin Moisturizers Beauty Body Lotions Skin Care"
211-30-242-56,2,1,9372,B007BXMKGQ,"Eucerin Professional Repair Extremely Dry Skin Lotion, 6.8 Ounce Eucerin Moisturizers Beauty Body Lotions Skin Care"
216-38-205-149,2,0,2456,B000VXUUR4,"Mizani Smooth Guard Serum, Thermasmooth, 3.4 Ounce MIZANI 3.4 ounce serum. Thermasmooth smooth guard serum was launched by the design house of mizani. It is recommended for daily use. Please store in a cool dry place. Thermasmooth smooth guard serum by mizani for unisex, 3.4 ounce serum. Moisturizers Beauty Body Lotions Skin Care"
216-38-205-149,2,1,6922,B0049P5ZIY,"Mizani Moisturizing Leave-In Milk, D'tangle, 8.5 Ounce MIZANI 8.5 ounce moisturizer. Detangle moisturizing leave-in milk was launched by the design house of mizani. It is recommended for daily use. Please store in a cool dry place. Detangle moisturizing leave-in milk by mizani for unisex, 8.5 ounce moisturizer. Hair & Scalp Treatments Beauty Hair Care"
216-95-59-81,2,0,2452,B000VWPQ9C,"Mizani sensitive scalp relaxer 4app MIZANI MIZANI
RHELAXER 4 Applications

IMPORTANT:BEFORE RELAXING : DO NOT SHAMPOO. Check condition of hair and scalp. Avoid vigorous brushing, combing or tugging. Wearing protective gloves, conduct strand test using ""Relaxer Application"" directions. Proceed only if hair and scalp are in good condition.

MIXING : Pour one conditioner of MIZANI SENSITIVE SCALP ACTIVATOR (item B) into jar containing MIZANI SENSITIVE SCALP Relaxer Base (item A). Using mixing spatula stir together until product is uniform and free of lumps. Let mixture sit for 5 minutes.

TIMING CHART - APPLICATION AND PROCESSING
HAIR TYPE MAXIUM TIME
COLORED-TREATED OR POROUS 10-15 MINUTES
FINE 18-18 MINUTES
NORMAL TO COARSE 18-20 MINUTES

CONDITIONING & NEUTRALIZING DIRECTIONS :

Apply and distribute MIZANI perpHecting Creme Normalizing Conditioner to hair and cover with plastic cap. DO NOT USE HEAT!
Leave in for 10 minutes.
Rinse thoroughly.
Apply 1 to 11/2 oz. MIZANI Sensitive Scalp Balance Hair Bath to hair.
Lather and rinse thoroughly with warm water.
Repeat steps 4 and 5

SIZE : NET WT.7.5 OZ / 213 g

MIZANI ACTIVATOR (ITEM B)
Sensitive Scalp Formula
IMPORTANT : Before applying to hair, thoroughly mix with Sensitive Scalp Rhelaxer (ITEM A).

SIZE : 2.0 FL OZ / 59 ml Activators Beauty Hair Care Hair Relaxers"
216-95-59-81,2,1,4190,B001MBLAKA,"Mizani Butter Blend Sensitive Scalp Rhelaxer Single Application article A (7.5 OZ/213G) Nutter blend sensitive scalp Activator article B 1.81 FL. OZ. /53.5ML MIZANI MIZANI 
Butter Blend RHELAXER 

IMPORTANT:BEFORE RELAXING : DO NOT SHAMPOO. Check condition of hair and scalp. Avoid vigorous brushing, combing or tugging. Wearing protective gloves, conduct strand test using ""Relaxer Application"" directions. Proceed only if hair and scalp are in good condition.

MIXING : Pour one conditioner of MIZANI BUTTER BLEND SENSITIVE SCALP ACTIVATOR (item B) into jar containing MIZANI BUTTER BLEND SENSITIVE SCALP Relaxer Base (item A). Using mixing spatula stir together until product is uniform and free of lumps. Let mixture sit for 5 minutes.

TIMING CHART - APPLICATION AND PROCESSING 
HAIR TYPE MAXIUM TIME
COLORED-TREATED OR POROUS 10-15 MINUTES
FINE 18-18 MINUTES
NORMAL TO COARSE 18-20 MINUTES

CONDITIONING & NEUTRALIZING DIRECTIONS : 

Apply and distribute MIZANI perpHecting Creme Normalizing Conditioner to hair and cover with plastic cap. DO NOT USE HEAT!
Leave in for 10 minutes.
Rinse thoroughly.
Apply 1 to 11/2 oz. MIZANI Butter Blend Sensitive Scalp Balance Hair Bath to hair.
Lather and rinse thoroughly with warm water.
Repeat steps 4 and 5

SIZE : NET WT.7.5 OZ / 213 g

MIZANI Butter Blend ACTIVATOR (ITEM B)
Sensitive Scalp Formula
IMPORTANT : Before applying to hair, thoroughly mix with Butter Blend Sensitive Scalp Rhelaxer (ITEM A).

SIZE : 2.0 FL OZ / 59 ml Hair & Scalp Treatments Beauty Hair Care"
22-112-114-75,2,0,9430,B007HOCQVS,"WEN&reg; Spring Gardenia Green Tea Cleansing Conditioner 16oz WEN&reg; by Chaz Dean Wen's rich and moisturizing cleansing conditioners are a harmonious bl end of herbs & natural ingredients. Developed to eliminate shampoo & i ts harsh effects, it's the only cleanser/conditioner you'll need. For mulated without detergents & sodium laurel sulfate, this non- latherin g formula won't strip the hair or scalp of natural oils, so it is safe to use daily. It is also used as a leave-in conditioner & shave cream . Spring Gardenia Green Tea is universal and perfect for all hair type s. Receive: (1) 16 oz Spring Gardenia Green Tea Cleansing Conditione Beauty Hair Care Conditioners"
22-112-114-75,2,1,11574,B00F0QVKEE,"WEN By Chaz Dean Intensive Treatment Oil 2 Fl. Oz. (Pomegranate Rosemary 2 Oz) WEN&reg; by Chaz Dean WEN Treatment Oils are a unique blend of the world's rarest and most beneficial oils. Combining the nourishing and moisturizing properties of Argan Oil with the restorative and healing properties of Abyssinan Oil, the WEN Treatment Oils hydrate, nourish and help repair both your hair and skin. It is a non-greasy formula that may be used daily. Bask in the heavenly mixture of natural fragrant oils while providing yourself with a highly restorative and moisturizing treatment meant to maintain and replenish the health and integrity of you hair, scalp and body. , 2 Oz bottle Moisturizers Beauty Body Oils Skin Care"
221-71-123-0,2,0,6689,B0042GH78G,"Paul Mitchell Awapuhi Wild Ginger Moisturizing Lather Shampoo 8.5 oz. Paul Mitchell For all hair types; ideal for color-treated and chemically processed hair. Lather in this rich, sulfate-free shampoo to gently cleanse, soften and protect. Natural Awapuhi extract balances moisture for manageability and shine. KeraTriplex, an exclusive blend of keratin protein, rebuilds and repairs for healthy looking hair. Shampoos Beauty Hair Care"
221-71-123-0,2,1,6708,B0042X83UA,"Paul Mitchell Awapuhi Wild Ginger Moisturizing Lather Shampoo 33.8 oz Paul Mitchell For all hair types; ideal for color-treated and chemically processed hair. Lather in this rich, sulfate-free shampoo to gently cleanse, soften and protect. Natural awapuhi extract balances moisture for manageability and shine. KeraTriplex, an exclusive blend of keratin protein, rebuilds and repairs for healthy looking hair. Shampoos Beauty Hair Care"
222-221-114-136,2,0,6905,B0048O2R1E,"WEN&reg; Sweet Almond Mint Cleansing Conditioner 16oz WEN&reg; by Chaz Dean Sweet Almond Mint is the perfect balance of nourishing herbs and natural ingredients designed to hydrate and replenish hair that has been damaged due to shampoo and other harsh elements. May be used as often as necessary, it thoroughly cleanses hair and scalp without stripping them of their natural oils, providing it with added moisture, strength and sheen. Beauty Hair Care Conditioners"
222-221-114-136,2,1,9875,B0089AA8RS,"WEN by Chaz Dean Sweet Almond Mint Cleansing Conditioner 16 oz WEN&reg; by Chaz Dean Sweet Almond Mint is the perfect balance of nourishing herbs and natural ingredients designed to hydrate and replenish hair that has been damaged due to shampoo and other harsh elements. May be used as often as necessary, it thoroughly cleanses hair and scalp without stripping them of their natural oils, providing it with added moisture, strength and sheen. Beauty Hair Care Conditioners"
222-55-179-166,2,0,9552,B007PKRMEU,"WEN&reg; Tea Tree Styling Creme 6oz Achieve all your styling options and the benefits of a leave-in conditioner, polishing gloss and gel in one product. This amazing styling creme works great on straight, wavy and curly hair types to give them rich moisture, gleaming shine and body with hold. The virtually weightless formula is used as a heat-protectant from damage caused by styling tools, and also to tame hair from frizz when drying naturally. Beauty Styling Products Hair Care Creams, Gels & Lotions"
222-55-179-166,2,1,9553,B007PKSWQM,"WEN&reg; Pomegranate Styling Creme 6oz Achieve all your styling options and the benefits of a leave-in conditioner, polishing gloss and gel in one product. This amazing styling creme works great on straight, wavy and curly hair types to give them rich moisture, gleaming shine and body with hold. The virtually weightless formula is used as a heat-protectant from damage caused by styling tools, and also to tame hair from frizz when drying naturally. Beauty Styling Products Hair Care Creams, Gels & Lotions"
222-83-114-166,2,0,638,B0006Q0HEC,Wen by Chaz Dean Tea Tree Cleansing Conditioner 16 oz. WEN&reg; by Chaz Dean WEN BY CHAZ DEAN by Chaz Dean WEN CLEANSING CONDITIONER TEA TREE 16 OZ Beauty Hair Care Conditioners
222-83-114-166,2,1,3207,B00188IFHS,WEN by Chaz Dean Lavender Cleansing Conditioner 16 oz WEN&reg; by Chaz Dean WEN BY CHAZ DEAN by Chaz Dean WEN CLEANSING CONDITIONER LAVENDER 16 OZ Beauty Hair Care Conditioners
222-92-255-126,2,0,6527,B003XFKACM,"CHI Silk Infusion, 6 Fluid Ounce CHI Infra is the first hair care line of its kind utilizing CHI 44 Ceramic and Cationic Hydration Interlink. It provides moisture and strength by interlocking it into the inner structure of the hair. Beauty Styling Products Hair Care Hair Styling Serums"
222-92-255-126,2,1,8313,B005I4QTJY,"CHI Silk Infusion, 12 Fluid Ounce CHI Infra is the first hair care line of its kind utilizing CHI 44 Ceramic and Cationic Hydration Interlink. It provides moisture and strength by interlocking it into the inner structure of the hair. Beauty Styling Products Hair Care Hair Styling Serums"
225-102-75-209,2,0,278,B000142ZFS,Super Nail Polish Thinner 4oz Super Nail Keeps nail polish consistently smooth for perfect application.Excellent for keeping nail polish at its proper consistency. Makeup Nails Beauty Nail Polish
225-102-75-209,2,1,7167,B004F82HB8,Beauty Secrets Nail Polish Thinner Beauty Secrets Nail Polish Thinner restores polish to its original consistency. Makeup Nails Beauty Nail Polish Remover
225-3-171-207,2,0,1505,B000HHOPDE,"OPI Bond Aid .5oz OPI pH Balancing Agent 
Advanced patented formula. An essential step in chemical preparation, Bond-aid brings the surface of the natural nail to the proper pH for optimum adhesion of artificial nail products, including Bondex, acrylics, gels, nail adhesives, tips and wraps, as well as base coats and nail lacquer! Makeup Nails Beauty Top & Base Coats"
225-3-171-207,2,1,2484,B000WBO3W8,"OPI: Treatment &amp; Finish Bond-Aid pH Balancing Agent, 1 oz OPI Bond-Aid restores the pH of the nail to its optimum level. It enables maximum adhesion of all artificial nail products, including Bondex, liquids and powders, nail adhesive, nail tips, wraps and gel products to the natural nail. Makeup Nails Beauty Top & Base Coats"
225-32-49-139,2,0,282,B0001433VI,"OPI Start-to-finish Base Coat, Top Coat and Nail Strengthener, 0.5-Fluid Ounce OPI Start-to-finish is a breakthrough, three-in-one nail treatment that combines a base coat, top coat and natural nail strengthener in one high-performance product Hands & Nails Nail Strengthening Beauty Nail Treatments Skin Care"
225-32-49-139,2,1,2482,B000WBBK7Y,"Start to Finish Regular Formula, NTT70, OPI, 0.5 oz / Nail Treatments OPI Start-to-FinishTM Base Coat, Top Coat & Nail Strengthener 
This single high-performance product fills a multitude of nail care needs. Available in original and formaldehyde-free formulas. Makeup Nails Beauty"
225-88-103-113,2,0,508,B0002Q8W9I,NEW cnd Nail Design Stickey Base Coat 0.33Oz Creative A soft sticky base coat designed to anchor nail enamel to the nail.It grips polish to the nail to prevent peeling and chipping.Works like double sided tape! Makeup Nails Beauty Top & Base Coats
225-88-103-113,2,1,9761,B0083HT86E,"CND: Treatments/Prep Stickey Base Coat, 0.33 oz CND Cosmetics A soft, ""sticky"" base coat designed to anchor nail enamel to the nail. Acts as a gripping agent to prevent peeling and chipping. Ideal for both natural nails and enhancements. Makeup Nails Beauty Top & Base Coats"
225-88-103-149,2,0,624,B0006PJSES,"CND: Treatments/Prep Stickey Base Coat, 2.3 oz CND Cosmetics A soft, ""sticky"" base coat designed to anchor nail enamel to the nail. Acts as a gripping agent to prevent peeling and chipping. Ideal for both natural nails and enhancements. Hands & Nails Beauty Skin Care Nail Treatments"
225-88-103-149,2,1,3126,B001782OO4,"CND: Treatments/Prep Super Shiney Top Coat, 2.3 oz CND Cosmetics For a high-gloss, fast acting, extra hard top coat, Super ShineyTM is the ultimate. One coat over Creative Nail Design enamel will increase wearability and help prevent chipping and peeling. Or, apply one coat over natural nails for a mirror-like shine.. Makeup Nails Beauty Top & Base Coats"
228-195-189-29,2,0,8570,B005TT8RA2,"White Full - 6ml (.2 oz) Perfume Oil by Al-Rehab (Crown Perfumes) Al-Rehab Product description by Sheriffsoncorp--Al-Rehab is one of Saudi Arabia's leading perfume manufacturer which creates fine traditional Arabian and oriental perfumes. The perfumes are made of precious natural essences (Oud, Rose of Taif, Incense, Musk, Sandalwood and rare spices). all perfume oils and solid perfumes are alcohol free Fragrance Women's Beauty Eau de Parfum"
228-195-189-29,2,1,11119,B00BKSPQNW,"White Musk - 6ml (.2 oz) Perfume Oil by Al-Rehab (Crown Perfumes) Al-Rehab Product description by Sheriffsoncorp--Al-Rehab is one of Saudi Arabia's leading perfume manufacturer which creates fine traditional Arabian and oriental perfumes. The perfumes are made of precious natural essences (Oud, Rose of Taif, Incense, Musk, Sandalwood and rare spices). all perfume oils and solid perfumes are alcohol free Fragrance Women's Beauty Essential Oils"
228-223-197-38,2,0,1574,B000J2CTYE,"Auric Blends Egyptian Goddess, Fine Perfume Oil 1.7 oz (48 g) Auric Blends Egyptian Goddess, Auric Blends top selling perfume fragrance, is a sensual blend of musk and soft powdery florals. Its seductive aroma has captivated men and women, resulting in tales of love and passion, weaving a tapestry of mystery and intrigue. Enter into the fantasy and experience the mystery for yourself.Worn by millions worldwideNo animal byproducts or vegetable glycerinsWith over 5 times the volume of our classic 1/3 ounce bottle, you get an amazing value from this selection. Fragrance Women's Beauty Eau de Parfum"
228-223-197-38,2,1,8521,B005RF98HE,"Egyptian Goddess Perfume from Auric Blends 1.87 oz Sage Cauldron A sultry and evocative scent, Egyptian Goddess is the perfume from Auric Blends that conjures to the sultry tales of Egyptian queens and priestesses who gave the deserts at the Nile`s edge their heat. Combining soft floral scents with a light musk to create a scent that is seductive, feminine, and enticing, Egyptian Goddess is the number 1 scent from Auric Blends for a reason. Wear a drop or two, and feel like a goddess wrapped in a cloak of decadent scent. Each bottle contains approximately 1.87 oz, for external use only. Fragrance Women's Beauty Eau de Parfum"
228-55-253-232,2,0,10069,B008M2ASBO,"Nemat Fragrances - Amber White Roll-on Perfume (5ml/.17fl Oz) Nemat fragrances are blended in USA using exotic essential oils and fragrance ingredients from around the world. Our perfume oil starts with a barely there fragrance and gently blooms as your body heat warms the fragrance, and because it contains no alcohol, the scent is in its purest form and lasts very long. Our products have earned great reviews and are now available at various chain stores and on-line outlets. Indulge in unique, exotic fragrances and be pleasantly surprised. Fragrance Women's Beauty Eau de Parfum"
228-55-253-232,2,1,10070,B008MAON08,"Nemat Fragrances - Amber White Perfume Oil (10ml / .34fl Oz) Nemat fragrances are blended in USA using exotic essential oils and fragrance ingredients from around the world. Our perfume oil starts with a barely there fragrance and gently blooms as your body heat warms the fragrance, and because it contains no alcohol, the scent is in its purest form and lasts very long. Our products have earned great reviews and are now available at various chain stores and on-line outlets. Indulge in unique, exotic fragrances and be pleasantly surprised. Fragrance Women's Beauty Eau de Parfum"
229-125-58-82,2,0,656,B0007CWVLM,Tweezerman  Spirit 2000 Styling Shears Tweezerman Spirit 2000 Styling Shears Beauty Skin Care Treatments & Masks Face
229-125-58-82,2,1,2488,B000WHWIWO,Tweezerman  Stainless 2000 Thinning Shears Tweezerman Stainless 2000 Thinning Shears Beauty Styling Tools Scissors Hair Care
229-64-195-255,2,0,1336,B000G7AWIM,"Kent 20T Folding Comb Kent Handmade and unbreakable, this folding comb features medium size teeth and fits easily in your back pocket. Perfect for wet, thick hair Beauty Styling Tools Hair Care Combs"
229-64-195-255,2,1,2584,B000YB1XRO,"Kent Hand-Made 113mm All Fine Pocket Comb - FOT Kent This comb is faux tortoiseshell, hand polished to glide through the hair without causing damage or scratching the scalp. Beauty Styling Tools Hair Care Combs"
230-216-71-183,2,0,6071,B003I5SC22,Stay On Satin Natural Style Wrapping Scarf #1170 Spartan Brands The Stay On Satin Natural Style Wrapping Scarf is a large wrapping scarf that prevents breakage and saves your style. Headbands Hair Care Beauty Styling Accessories Styling Tools
230-216-71-183,2,1,6075,B003I5ZMBG,Stay On Large Satin Edge Bonnet Assorted Colors Spartan Brands The Stay On Satin Extra Large Sleep Bonnet is large enough to keep most styles while you sleep. Headbands Hair Care Beauty Styling Accessories Styling Tools
231-11-90-159,2,0,7447,B004MKEMPI,"China Glaze Crackle Collection Lightening Bolt [Misc.] China Glaze China Glaze Lightning Bolt is a white crackle nail polish color. China Glaze Crackle Collection, Spring 2011. Makeup Nails Beauty Nail Polish"
231-11-90-159,2,1,8812,B0068RXQPA,China Glaze Crackle Glaze Nail Polish - Black Mesh - 0.5 oz China Glaze Makeup Nails Beauty Nail Polish
231-113-134-149,2,0,9354,B007AO3LJG,"Creative Nail Shellac Silver Vip Status, 0.25 Fluid Ounce CND Cosmetics Patent-Pending formulations of solvents, monomers and polymers goes on like polish and wears like gel. Makeup Nails Beauty Nail Polish"
231-113-134-149,2,1,9404,B007EZ0CC0,"Creative Nail Shellac Gold Vip Status, 0.25 Fluid Ounce CND Cosmetics Patent-Pending formulations of solvents, monomers and polymers goes on like polish and wears like gel. Makeup Nails Beauty Nail Polish"
231-113-194-71,2,0,11090,B00BFYJPUG,"CND Creative Nail Designs Shellac - Cake Pop .25 oz. HOT BRAND NEW COLOR CND Cosmetics CND Creative Nail Designs Shellac - Cake Pop .25 oz. HOT BRAND NEW COLOR
This item is non-returnable Makeup Nails Beauty Nail Polish"
231-113-194-71,2,1,11515,B00EFGEZ3I,CND Shellac Power Polish - Forbidden Collection - Tinted Love - 7.3ml (0.25oz) CND Nail Products CND Shellac Power Polish - Forbidden Collection - Tinted Love Makeup Nails Beauty Nail Polish
231-135-78-155,2,0,6083,B003I8C5OK,"NUBAR Nail Laquer Brilliant Nubar NPZ319:- Brilliant - violet rose with fine rainbow holographic glitter is filled with holographic glitter reflecting every color of the rainbow, with base colors just as varied, ranging from subtle neutrals to vivid pink to pale blue. Going a step beyond holographic nail lacquers, nubar's Prism Collection is a celebration of color and light. As all nubar products, they are free of formaldehyde, toluene, and (DBP) phthalate, as well as vegan and cruelty free. Makeup Nails Beauty Nail Polish"
231-135-78-155,2,1,6170,B003LDRA6U,"Nubar Prisms Collection Absolute NPZ320 Nubar NPZ320:- Absolute - pale blue with fine rainbow holographic glitter is filled with holographic glitter reflecting every color of the rainbow, with base colors just as varied, ranging from subtle neutrals to vivid pink to pale blue.  Going a step beyond holographic nail lacquers, nubar's Prism Collection is a celebration of color and light.  As all nubar products, they are free of formaldehyde, toluene, and (DBP) phthalate, as well as vegan and cruelty free. Makeup Nails Beauty Nail Polish"
231-138-177-242,2,0,8011,B00550JBQ4,"Color Club Worth The Risque 850 Nail Polish Color Club Color Club Worth The Risque is a silver linear holographic shimmer nail polish color.From the Color Club Femme Fatale Collection, Spring 2009. .50 fl. oz. Makeup Nails Beauty Nail Polish"
231-138-177-242,2,1,8774,B0066SKRGC,"Color Club Covered In Diamonds 902 Nail Polish Color Club Color Club Covered in Diamonds is a multi-color holographic glitter top coat in clear base. The glitter is made up of various sizes and shapes. From the Color Club Untamed Luxury Collection, Fall 2010. Makeup Nails Beauty Nail Polish"
231-138-83-209,2,0,6622,B003ZWXCBE,Kleancolor Nail Lacquer Holo Chrome 94 Kleancolor Style: #094 Holo Chrome Makeup Nails Beauty Nail Polish
231-138-83-209,2,1,10978,B00B2CEHAO,KLEANCOLOR Nail Lacquer - Chunky Holo Black 236 Kleancolor Chunky Holo Black Makeup Nails Beauty Nail Polish
231-164-153-74,2,0,7375,B004KS0QZW,"Sally Hansen Hard as Nails Xtreme Wear, Blue It, 0.4 Fluid Ounce Sally Hansen Sally Hansen hard as nails xtreme wear offers extreme strength and shine. Match your manicure to your mood with fun, trendy shades. Easy grip, easy glide brush designed for complete control. Match your manicure to your mood. Fun, trendy shades-collect them all and change your nail polish as often as you like. Easy grip, easy glide brush designed for complete. Available in 30 of the hottest, most wanted shades. Makeup Nails Beauty Nail Polish"
231-164-153-74,2,1,7378,B004KS2NZ8,"Sally Hansen Xtreme Wear Nail Color, Lacey Lilac, 0.4 Fluid Ounce Sally Hansen Sally Hansen hard as nails xtreme wear offers extreme strength and shine. Match your manicure to your mood with fun, trendy shades. Easy grip, easy glide brush designed for complete control. Match your manicure to your mood. Fun, trendy shades-collect them all and change your nail polish as often as you like. Easy grip, easy glide brush designed for complete. Available in 30 of the hottest, most wanted shades. Makeup Nails Beauty Nail Polish"
231-171-194-62,2,0,11307,B00CNXJ9SQ,Gelish Radiance Is My Middle Name - #01555 Nail Harmony Gelish Radiance Is My Middle Name - #01555 Makeup Nails Beauty Nail Polish
231-171-194-62,2,1,11308,B00CNXJND2,"Gelish You Glare, I Glow - #01556 Harmony Gelish You Glare, I Glow - #01556 Makeup Nails Beauty Nail Polish"
231-171-194-69,2,0,8860,B006EPV4T6,Gelish U V Gel Nail Polish &quot;Vegas Nights&quot; #01367 Harmony Gelish U V Gel Nail Polish Vegas Nights #01367 Makeup Nails Beauty Nail Polish
231-171-194-69,2,1,11310,B00CNXK6WO,Gelish Make You Blink Pink - #01558 Nail Harmony Gelish Make You Blink Pink - #01558 Makeup Nails Beauty Nail Polish
231-171-194-71,2,0,10605,B00A4OLYWA,Gelish Holiday Collection - Holiday Party Blues #01546 - 0.5oz Harmony Gelish Holiday Collection - Holiday Party Blues #01546 - 0.5oz Makeup Nails Beauty Nail Polish
231-171-194-71,2,1,10606,B00A4OOGSY,Gelish Holiday Collection - Just What I Wanted #01551 - 0.5oz Gelish Gelish Holiday Collection - Just What I Wanted #01551 - 0.5oz Makeup Nails Beauty Nail Polish
231-22-78-155,2,0,6086,B003I8I0YY,"Nubar Prisms Collection - Treasure (NPZ318) Nubar Lacquer NPZ318:- Treasure - light violet with fine rainbow holographic glitter is filled with holographic glitter reflecting every color of the rainbow, with base colors just as varied, ranging from subtle neutrals to vivid pink to pale blue.  Going a step beyond holographic nail lacquers, nubar's Prism Collection is a celebration of color and light.  As all nubar products, they are free of formaldehyde, toluene, and (DBP) phthalate, as well as vegan and cruelty free. Makeup Nails Beauty Nail Polish"
231-22-78-155,2,1,6740,B00445PBX8,"Nubar Prisms Collection Spark NPZ314 Nubar NPZ314:- Spark - warm pale caramel with fine rainbow holographic glitter is filled with holographic glitter reflecting every color of the rainbow, with base colors just as varied, ranging from subtle neutrals to vivid pink to pale blue.  Going a step beyond holographic nail lacquers, nubar's Prism Collection is a celebration of color and light.  As all nubar products, they are free of formaldehyde, toluene, and (DBP) phthalate, as well as vegan and cruelty free. Makeup Nails Beauty Nail Polish"
231-96-62-209,2,0,8372,B005K1UULI,"Mia Secret Mood Nail Lacquer Color Changing Nail Polish Purple to Pink Mia Secret Mia Secret Mood nail polish comes in a MisMMiais0.5 oz bottle with an applicator brush. 
Available in 6 Colors
Made in USA 
NO DBP Makeup Nails Beauty Nail Polish"
231-96-62-209,2,1,8419,B005MF19XU,"Mia Secret Mood Nail Lacquer Color Changing Nail Polish 6pc Set (6 Different Colors) Full Size Nail Polish Mia Secret Mia Secret Mood nail polish comes in a MisMMiais0.5 oz bottle with an applicator brush. 
Available in 6 Colors
Made in USA 
NO DBP Makeup Nails Beauty Nail Polish"
231-96-78-153,2,0,10786,B00AN44OKA,"Oh Splat White Glitter Nail Polish with Rainbow Glitters- 0.5 oz Full Sized Bottle A white jelly polish loaded with the 6 rainbow colors in many different sizes. This reminders me of a painters drop cloth, or an abstract splatter painting. Best in 3 thin coats, you can also layer over a coat of white if you want to ensure there is no visible nail line. Makeup Nails Beauty Nail Polish"
231-96-78-153,2,1,11693,B00GHODSES,"Shade Shifter Multichrome Nail Polish- 0.5 oz Full Sized Bottle Shade Shifter is a multi-chrome that changes depending on light and angle from cyan, to blue, to red orange, to purple, and more.  I most often see a cyan blue shade. Best in 3 coats, or 1 coat over black, this polish is one you will have to see to believe!

Type: Multi-Chrome
 Glitter Load: None
 Glitter Size: None
 Recommended Coats: Best in 3 coats, or 1 coat over black, this polish is one you will have to see to believe!
 Notes:  None Makeup Nails Beauty Nail Polish"
232-38-172-78,2,0,2602,B000YII6HM,Nubian Heritage Body Wash Olive and Green Tea -- 13 fl oz Nubian Heritage Olive Butter Green Tea Body Wash by Nubian Heritage 13 oz Liquid Olive Butter Green Tea Body Wash In addition to flavor and nutritional benefits Olive Oil has been used for centuries in cosmetic treatments for body and hair. The softening regenerative and antioxidant benefits of Olive Oil have been blended with Shea Butter to create a line of products for normal to dry skin types. These products are further enriched with vitamin rich Green Tea. Shea Butter and Olive Oil regulate moisture and soften skin while the anti-aging and antioxidant properties of Green Tea help protect the skin from dehydration free radical damage environment exposure and premature aging. Key Ingredients Olive Oil Shea Butter Avocado Butter Green Tea Ginseng Extract Benefits provides deep hydration and repairs environmental damage aging concerns Usage normal to dry skin Natural Aroma crisp refreshing sweet floral musk Beauty Body Washes Bath & Body Cleansers
232-38-172-78,2,1,2638,B000ZECIDS,"Nubian Heritage - Body Wash Honey &amp; Black Seed - 13 oz. Nubian Heritage Nubian Heritage Honey & Black Seed Body WashNubian Heritage Honey & Black Seed Body Wash is made with certified organic ingredients. Nubian Heritage Honey & Black Seed Body Wash contains anti-blemish, soothing and healing properties with apricot oil. Nubian Heritage Honey & Black Seed Body Wash is never tested on animals. Therapeutic, anti-oxidant rich Black Seed Oil and Arabian Honey enrich this luxurious, moisturizing body cleanser. Natural enzymes, amino acids and proteins boost the skin's ability to regenerate and retain moisture.Nubian Heritage's Honey & Black Seed line revives the traditional use of honey and black seed oil for natural skin and hair remedies. Honey has been used in natural remedies for centuries as an antiseptic in balms and warm poultices for healing wounds and burns. Vitamin-rich Arabian Honey has high concentrations of proteins, essential elements and amino acids, which help skin cells to regenerate and maintain moisture. Black Seed, which was found in the Tomb of King Tutankhamen, has been referred to as athe seed of blessinga. Ancient prophets have proclaimed Black Seed to be the acure for all diseasea, citing its use on skin to strengthen the immune system, prevent external infections, increase blood circulation and smooth uneven complexions.Key Ingredients: Shea Butter, Arabian Honey, Black Seed, Brown Sugar, Apricot OilBenefits: Arabian honey helps skin cells regenerate and maintain moisture. Black seed smoothes uneven complexions, prevents external infections and strengthens the immune system.Usage: Dehydrated, dry, patchy skinNatural Aroma: Warm, luxurious, spicy and sweet, woodyNubian Heritage's natural, herbal and aromatic recipes help to bring balance to the body, physically, emotionally and spiritually. Beauty Body Washes Bath & Body Cleansers"
234-244-14-140,2,0,8358,B005JRGIDC,"Dial White Tea and Vitamin E Glycerin Soap, 4-Ounces Bars, 10 Count (Pack of 2) Dial Treat your skin gently with our white tea and Vitamin E glycerin bar soap that helps maintain moisture, leaving your skin feeling soft, smooth, silky and nourished. For a clean that pampers. Soaps Beauty Bath & Body Cleansers"
234-244-14-140,2,1,8360,B005JRGJ5O,"Dial Cranberry and Antioxidant Glycerin Soap Bar, 8 Count (Pack of 2) Dial Environmental stress and drying can prematurely age your skin. Dial Anitoxidant bar soap helps reinforce your skin's defense system while its moisturizing formula, infused with natural cranberry extracts provides a healthy clean. Soaps Beauty Bath & Body Cleansers"
235-0-62-212,2,0,6447,B003VFI0XU,"TCA 15% Peel Enhanced with 5% Salicylic Acid - With USDA Certified Organic Extracts, Chemical Peel solution, 1 oz / 30mL - INTERNATIONAL SHIPPING AVAILABLE Trichloroacetic Acid (TCA) is used as an intermediate to deep peeling agent in concentrations ranging from 15-30%. Trichloroacetic Acid (TCA) is a well-known chemical acid which has been used for years by Dermatologists and Surgeons to improve the texture of your skin by removing the damaged outer layers and revealing the new smooth skin underneath. 

* TCA peels cost $300.00 - $1000.00 per peel at your local Dermatologists or Estheticians office. Save thousands of dollars with this product and safely take years off of your face at the same time. Get the same results you can get at a high end spa in the privacy of your own home. DO NOT being with the 20% or 30% TCA unless you have used 15% several times successfully. If this is your first peel, Ideal Peel Solutions recommends that you start with the lightest strength. We offer several strengths - 15%, 20%, 30%. NOTE: 20%, 30% are strong peels and should be used by individuals who have previously used 15% without any problems.

Full list of benefits of each active ingredients is listed at our website. Face Beauty Treatments & Masks Salicylic Acid Acids & Peels Skin Care"
235-0-62-212,2,1,6450,B003VHCXWW,"TCA 30% Peel Enhanced with 5% Salicylic Acid - With USDA Certified Organic Extracts, Chemical Peel solution, 1 oz / 30mL - INTERNATIONAL SHIPPING AVAILABLE Trichloroacetic Acid (TCA) is used as an intermediate to deep peeling agent in concentrations ranging from 15-30%. Trichloroacetic Acid (TCA) is a well-known chemical acid which has been used for years by Dermatologists and Surgeons to improve the texture of your skin by removing the damaged outer layers and revealing the new smooth skin underneath. 

* TCA peels cost $300.00 - $1000.00 per peel at your local Dermatologists or Estheticians office. Save thousands of dollars with this product and safely take years off of your face at the same time. Get the same results you can get at a high end spa in the privacy of your own home. DO NOT being with the 20% or 30% TCA unless you have used 15% several times successfully. If this is your first peel, Ideal Peel Solutions recommends that you start with the lightest strength. We offer several strengths - 15%, 20%, 30%. NOTE: 20%, 30% are strong peels and should be used by individuals who have previously used 15% without any problems.

Full list of benefits of each active ingredients is listed at our website. Face Beauty Treatments & Masks Salicylic Acid Acids & Peels Skin Care"
238-168-99-224,2,0,1506,B000HIYE0M,"DevaCurl No-Poo Zero Lather Conditioning Cleanser 12.0 oz DevaCurl Buy DevaConcepts Hair Conditioners - DevaCurl No-Poo Zero Lather Conditioning Cleanser 12.0 oz. How-to-Use: Wet hair thoroughly. Apply a generous amount directly tot he scalp to cleanse, stimulate and remove dirt particles. Shampoos Beauty Hair Care"
238-168-99-224,2,1,3105,B0016ZNWMG,"DevaCurl Low-Poo Mild Lather Cleanser, 12 oz DevaCurl Buy DevaConcepts Hair Shampoos - DevaCurl Low-Poo Daily Cleanser 12.0 oz. How-to-Use: Wet hair thoroughly. Apply to scalp using circular massaging motions. Follow with One Condition and for and intense moisture treatment use Heaven in Hair. Shampoos Beauty Hair Care"
238-19-34-198,2,0,2241,B000TKB1IQ,"Deva Curl angel Light Hold Defining Gel, 12 ounces DevaCurl Calling all curls. Pure Heaven! De-frizz your halo with AnGell. This light-weight moisturizing gel dissolves instantly when applied to wet hair, yet holds to form curls without feeling sticky or stiff. Not tested on animals. Made in USA. Curl Enhancers Beauty Styling Products Hair Care"
238-19-34-198,2,1,8030,B0055Q6MYM,"Deva Curl Angel Light Hold Defining Gel, 12 oz DevaCurl A light hold moisturizing and defining gel. Dissolves instantly when applied to wet hair and dries forming a moisture-protective cast to enhance curls Beauty Styling Products Hair Care Creams, Gels & Lotions"
238-191-60-224,2,0,2240,B000TK99NU,"Deva Curl Ultra Creamy Daily Conditioner, One Condition, 32-Ounces Deva Concepts Calling all curls. Super Rich - with the invigorating scent of lemon grass. This ultra creamy instant conditioner keeps curls shiny and manageable. For maximum effectiveness use daily. Not tested on animals. Made In USA. Beauty Hair Care Conditioners"
238-191-60-224,2,1,3823,B001EWF3F0,"Deva  Curl Moisture Lock, Set it Free, 6-Ounces  (Pack of 2) DevaCurl Calling all curls. If you love your hair, set it free! Put an end to frizz with this 24-48 hour moisture lock. Adds shine and defines curls with a long lasting hold. Scented with zesty lemon-lime. Not tested on animals. Made in USA. Curl Enhancers Beauty Styling Products Hair Care"
238-46-99-224,2,0,6498,B003VV8C0A,Deva Care No-poo 32oz + One Condition 32oz Duo DevaCurl Set of DevaCare shampoo and conditioner. Deva Care One Condition 32oz. Deva Care No-Poo 32oz. Shampoo & Conditioner Sets Beauty Hair Care
238-46-99-224,2,1,6774,B0045OR410,"Deva: DevaCurl One Conditioner + No-Poo, 32 oz Combo DevaCurl DevaCurl DUO: DevaCurl OneCondition 32 oz and DevaCurl NoPoo Shampoo 32 oz Shampoo & Conditioner Sets Beauty Hair Care"
238-91-99-224,2,0,1509,B000HJ4IPW,"Deva Devacurl One Condition Conditioner, 12 Ounce DevaCurl It is an ultra creamy daily conditioner. Beauty Hair Care Conditioners"
238-91-99-224,2,1,4549,B001VMM234,"Deva Care Low Poo Shampoo for Normal To Oily Colored Hair, 32 Ounce DevaCurl DevaCare Low Poo Shampoos Beauty Hair Care"
24-112-244-241,2,0,2329,B000V1BDIG,"Belli Elasticity Belly Oil, 4 fl. oz. Belli Belli Elasticity Belly Oil offers a luxurious blend of ingredients that nourish your skin while protecting against stretch marks. This product features Gotu Kola extract, Vitamin E, and Collagen Hydrolysates--ingredients that have been shown to decrease the risk of stretch marks by 39 percent. And with calming lavender and sweet almond, Belli Oil is sure to sooth tired moms-to-be.Belli Takes the Worry out of Pregnancy SkincareThe last thing any expectant mother wants to worry about is her skin. As a mom-to-be, pregnancy should be a time for excitement, not a time for agonizing about the challenges of a changing body. Luckily, Belli has taken the worry out of pregnancy skincare by creating a complete line of products that are specially formulated to address your needs as an expectant mom, especially the need to know that you are making the healthiest choices for your baby.Proven Protection Against Stretch marksDuring the second and third trimesters of your pregnancy, your uterus will grow rapidly, stretching the skin over your abdomen. This rapid growth may tear your skin's inner connective tissues, resulting in stretch marks on your belly. Normal pregnancy growth may also increase fat deposits in your breasts, hips, thighs, and buttocks, and may result in scarring of those areas.Affecting 90 percent of all women, stretch marks may seem like an unavoidable part of motherhood, but luckily there are things you can you can do to minimize your risk. Published research on stretch mark prevention shows that a combination of Gotu Kola extract, Vitamin E, and Collagen Hydrolysates decreases the risk of acquiring stretch marks by about 39 percent and decreases the severity of any stretch marks that do form. All of these ingredients can be found in Belli Pregnancy's Elasticity Belly Oil, along with the relaxing aromas of lavender and almond oil.Pampering for Mom, Protection for BabyWhile many topical ingredients are thought to be safe during pregnancy, a large number are linked to harmful effects that occur after repeated or high exposures. Some examples include Vitamin A, salicylic acid, benzoyl peroxide, certain sunscreens, and even aloe vera. While your skin blocks many skin care ingredients from entering your body, small amounts of some ingredients are still absorbed into your bloodstream. Once there, they can cross the placenta and reach your growing baby.This is why Belli screens each ingredient to exclude chemicals that have been linked to birth defects and pregnancy-related problems. As the only line in the world to do so, Belli also allergy tests all of its products and ensures they are free of synthetic dyes, phthalates, and paraben preservatives.What's in the Box:One four-ounce bottle of Belli Elasticity Belly OilAbout BelliBelli supports expectant and new mothers by providing soothing, balanced skin products that pamper and protect. Three skincare collections--Belli Pregnancy, Belli Motherhood, and Belli Baby--address the specific needs of each stage while giving thoughtful attention to the safest formulations. Belli's goal is to support and encourage new mothers, inspiring self-confidence and greater safety in both pregnancy and parenting. Moisturizers Beauty Body Oils Skin Care"
24-112-244-241,2,1,2330,B000V1DJBA,"Belli Acne Clearing Facial Wash, 6.7 fl. oz. Acne Clearing Facial Wash is an exfoliating wash; rich in powerful acne-ridding ingredients that leaves skin clear and refined, without over-drying. The safest acne solution for pregnancy, Belli Acne Clearing Facial Wash uses hydroxyacid to lift away dirt, oil and bacteria, promoting clean and blemish-free skin. Most acne treatments are contra-indicated during pregnancy because of adverse effects to baby. Belli's breakthrough formulation is the first to safely address pregnancy-related acne using lactic acid &#xBF; an ingredient that is naturally found in the body. Beauty Washes Face Skin Care Cleansers"
24-169-82-217,2,0,12043,B00K1GQW5K,"Acne Treatments - Hollywood acne treatment cream that works Yuck... your chin's erupting in bright red ugly zits again!That cool guy is not going to take a second look at you now.- Acne breakouts occur at the most inopportune times- If you poke and prod at the zits, they'll just look even worse- That great night out you were planning has just gone south... BIG-styleThat's crazy when there's a simple, effective answer.Fast-drying Micronized Benzoyl Peroxide 5% immediately kills acne causing bacteria on contact. Glycolic Acid 5% effectively reduces the sebum level in pores by 70%, as it clears away cellular debris within 24 hours, leaving skin blemish free.Helps prevent fresh acne breakouts and possible subsequent scarring, but most importantly... Kills zits fast!A clinically proven product that truly has a profound effect on acn, literally over-night.- Uses groundbreaking acne clearing ingredients that penetrate deep within the pores- Fights acne bacteria on the spot- Prevents breakouts before they start- Clears away cellular debris within 24 hours- Exfoliates gently to increase cellular turnover, leaving skin refined and retexturizedFinally the answer to your acne problems in one simple, convenient and truly effective way.Specifically formulated for acne sufferers to get results fast through localised topical application. Hit that p.acnes bacteria filled eruption head on, and kill it stone dead.Hollywood Starshave known for years about the benefits that our range of acne treatment products can give, they pay Beverley Hills' dermatologists a fortune for the secret, but not you.You too can have clear, blemish free natural skin!Full 90-Day Money-Back Guarantee. So nothing to lose and a naturally clear complexion to gain!You deserve to have that perfect Hollywood complexion too!Hit that""Add to Cart""button now Oils & Serums Beauty Skin Care Face"
24-169-82-217,2,1,12044,B00K1H6AY2,"Acne Face Wash - Acne Cleanser moisturizing, mild and effective When you wash that concealer off... you're still riddled with acne!No matter how much cover-up you use, it does not get rid of the problem.- All you've done is trick yourself into thinking no-one will notice- What they do see is humps and bumps caked over with cruddy makeup- You wash you face in front of the mirror and bright red ugly zits stare right back at youWhy suffer? There's a simple and effective answer.Our face cleanser is a specially balanced, deep cleansing formula featuring Salicylic Acid penetrates into pores to dramatically decrease sebum production and fight acne causing bacteria. It soothes acne associated irritation, inflammation and redness with more than 15 nourishing botanical extracts and essential oils.Provides mild exfoliation of dead skin cells from within the follicle, keeping the pores clear of cellular debris thus reducing the number of breakouts.- Uses groundbreaking acne clearing ingredients that penetrate deep within the pores- Reduces 99% of acne-causing bacteria dead; preventing breakouts before they start- Clears away cellular debris and keeps the pores clear- Moisturizes and improves complexion to help retain a healthy glow, leaving skin smooth and softDon't just wash your face, sanitize it using this clinically proven product.Specifically formulated for acne sufferers to totally cleanse the facial area, and give you healing to be happy with.Hollywood Starshave paid dermatologists a fortune to obtain the benefits that our range of acne treatment products give. You don't have to pay that amount...You too can have clear, blemish free natural skin!Full 90-Day Money-Back Guarantee. So nothing to lose and a naturally clear complexion to gain!You deserve that Hollywood Star complexion too, don't you?Hit thatAdd to Cartbutton now Beauty Cleansers Skin Care Face"
24-175-85-235,2,0,11695,B00GJ1UK3G,"Cellulite Massager Brush Mitt - Anti Cellulite Remover - Reduce Cellulite - Cellulite Brush - Remove Cellulite - Cellulite Cure - Anti Cellulite Treatment - Cellulite Reduction - Cellulite Removal - Lose Cellulite - Anti Cellulite Roller to Be Used with Cellulite Cream or Cellulite Oil. 100% NO Questions, NO Hassle Money Back/Replacement Guarantee for 90 Days! The Best Cellulite Massager You'll Need To Banish Bad Skin! Begin your Journey to Smoother, Flawless Skin Today!25 years and over 100 clinical studies validate massaging and its effect on cellulite and reducing the circumference of the fatty tissue at the area of the treated cellulite. Massage stimulation is regularly shown to significantly reduce the circumference of the thigh through lipolysis (fat reduction) and improve the appearance of cellulite.PROVEN AND EFFECTIVE- Replenish and repair your skin's smoothness and fights to reduce presence of unsightly fatty deposits- Re-activates cellular activity by mechanically stimulating your skin using a pleasant and non-aggressive technique- Vigorous massage increases blood flow, remove toxins and reduce excess fluid in cellulite-prone areas- Tightens, tones, restores and firms the appearance of your skinDURABLE AND DISTINCTIVE- Exclusively designed and patented handle is virtually indestructible, won't disintegrate over time, and allows wide variety of hand positions without slipping or falling- Specially-designed rubber nubs are firm yet pliable and won't easily break offRELAXING- Tackle tension, invigorate your skin, help stimulate circulation for a radiant glow and soothing relief to your whole bodyTREATMENT AND USAGEMake the Scala massage mitt a key part of your anti cellulite treatment plan along with a healthy, balanced diet and exercise to battle cellulite over time- Lather up body with cellulite cream or oil- Massage buttocks, thighs, or other body parts in a circular motion- Do not use on dry skin Bath Mitts & Cloths Beauty Bath & Body Bathing Accessories"
24-175-85-235,2,1,11696,B00GJ1ZNXI,"Cellulite Massager Roller -Anti Cellulite Remover - Reduce Cellulite - Cellulite Brush - Remove Cellulite - Cellulite Cure - Anti Cellulite Treatment - Cellulite Reduction - Cellulite Removal - Lose Cellulite - Anti Cellulite Roller To Be Used With Cellulite Cream or Cellulite Oil. 100% NO Questions, NO Hassle Money Back/Replacement Guarantee for 90 Days! The Best Cellulite Massager You'll Need To Banish Bad Skin! Begin your Journey to Smoother, Flawless Skin Today!25 years and over 100 clinical studies validate massaging and its effect on cellulite and reducing the circumference of the fatty tissue at the area of the treated cellulite. Massage stimulation is regularly shown to significantly reduce the circumference of the thigh through lipolysis (fat reduction) and improve the appearance of cellulite.PROVEN AND EFFECTIVE- Replenish and repair your skin's smoothness and fights to reduce presence of unsightly fatty deposits- Re-activates cellular activity by mechanically stimulating your skin using a pleasant and non-aggressive technique- Vigorous massage increases blood flow, remove toxins and reduce excess fluid in cellulite-prone areas- Tightens, tones, restores and firms the appearance of your skinDURABLE AND DISTINCTIVE- Exclusively designed and patented handle is virtually indestructible, won't disintegrate over time, and allows wide variety of hand positions without slipping or falling- Specially-designed roller balls are long-lasting and deliver a milder, more consistent feelRELAXING- Tackle tension, invigorate your skin, help stimulate circulation for a radiant glow and soothing relief to your whole bodyTREATMENT AND USAGEMake the Scala massage mitt a key part of your anti cellulite treatment plan along with a healthy, balanced diet and exercise to battle cellulite over time- Lather up body with cellulite cream or oil- Massage buttocks, thighs, or other body parts in a circular motion- Do not use on dry skin Bath Mitts & Cloths Beauty Bath & Body Bathing Accessories"
24-38-250-241,2,0,1939,B000OZF8W6,"Mama Mio Tummy Rub Stretch Mark Oil, 4.1 fl. oz. Mama Mio Mama Mio tummy rub stretch mark oil fights stretch marks. Rich in omegas and shea butter, it's thick, rich and amazingly moisturizing. Rub over your entire torso once or twice daily as your bump grows. Maternity Beauty Skin Care"
24-38-250-241,2,1,1940,B000OZI8HS,"Mama Mio Tummy Rub Stretch Mark Butter, 4 oz, say NO to stretch marks! Mama Mio Mama Mio tummy rub stretch mark butter fights stretch marks. Rich in omegas and shea butter, it's thick, rich and amazingly moisturizing. Rub over your entire torso once or twice daily as your bump grows. Maternity Beauty Skin Care"
24-54-183-205,2,0,1657,B000KPSSJK,"Skin MD Natural Shielding Lotion 4 Oz. Bottle (117 mL) for Hands, Face &amp; Body Skin MD Natural Frequent hand washing and exposure to harsh irritants are leading causes of dry skin. A good dry skin care product should do more than just replace lost moisture; it should prevent dry skin from occurring. Skin MD Natural shielding lotion is water resistant, protecting hands from dry skin caused by hand washing, dish washing, exposure to cleaning products and more.""Every day our skin is exposed to numerous chemicals & irritants just in everyday life - you don't have to be working in chemicals or with cleaning fluids to have that happen. Skin care and skin treatment is important in today's polluted environment,"" says Dr. Lisa Benest, a board certified dermatologist in Burbank, CA.Skin MD Natural is a breakthrough in skin care: The humectant (an ingredient that attracts moisture) used in Skin MD Natural is unique to it and lab results show that it is 6 times more effective than any other humectant found in other common skin care products. In addition, Skin MD Natural enhances the power of the top layer of the skin to resist environmental irritants while protecting the inner natural moisture. It is promptly absorbed, without the slightest hint of any greasy or oily feeling or residue, transforming the outer layer of skin into a hydrating invisible shield.Many bargain lotions and conventional moisturizers contain low cost ingredients like petroleum that make skin a greasy mess instead of healing dry skin. Skin MD Natural uses only the finest high quality ingredients to create a lightweight formula that absorbs quickly for silky, smooth skin without any greasy residue. In fact, it contains more than 90% natural ingredients, and ALL are 100% food-grade and on the FDA's ""most safe"" list.A shielding lotion becomes part of the skin's protective barrier helping to strengthen and restore it. This ability allows Skin MD Natural to retain skin's own natural oils alleviating the need for artificial moisturizers as a dry skin treatment. Hands & Nails Hand Creams & Lotions Beauty Skin Care"
24-54-183-205,2,1,8437,B005MZMET8,"Skin MD Natural Shielding Lotion 8 Oz. Bottle (236 mL) for Hands, Face &amp; Body Skin MD Natural Frequent hand washing and exposure to harsh irritants are leading causes of dry skin. A good dry skin care product should do more than just replace lost moisture; it should prevent dry skin from occurring. Skin MD Natural shielding lotion is water resistant, protecting hands from dry skin caused by hand washing, dish washing, exposure to cleaning products and more.""Every day our skin is exposed to numerous chemicals & irritants just in everyday life - you don't have to be working in chemicals or with cleaning fluids to have that happen. Skin care and skin treatment is important in today's polluted environment,"" says Dr. Lisa Benest, a board certified dermatologist in Burbank, CA.Skin MD Natural is a breakthrough in skin care: The humectant (an ingredient that attracts moisture) used in Skin MD Natural is unique to it and lab results show that it is 6 times more effective than any other humectant found in other common skin care products. In addition, Skin MD Natural enhances the power of the top layer of the skin to resist environmental irritants while protecting the inner natural moisture. It is promptly absorbed, without the slightest hint of any greasy or oily feeling or residue, transforming the outer layer of skin into a hydrating invisible shield.Many bargain lotions and conventional moisturizers contain low cost ingredients like petroleum that make skin a greasy mess instead of healing dry skin. Skin MD Natural uses only the finest high quality ingredients to create a lightweight formula that absorbs quickly for silky, smooth skin without any greasy residue. In fact, it contains more than 90% natural ingredients, and ALL are 100% food-grade and on the FDA's ""most safe"" list.A shielding lotion becomes part of the skin's protective barrier helping to strengthen and restore it. This ability allows Skin MD Natural to retain skin's own natural oils alleviating the need for artificial moisturizers as a dry skin treatment. Moisturizers Beauty Body Lotions Skin Care"
240-112-134-55,2,0,11144,B00BOF34N0,"elf Makeup Mist and Set, Clear, 2.02 Ounce and Stipple Brush Omagazee elf Makeup Mist and Set, Clear, 2.02 Ounce and Stipple BrushFeatures:* The elf Makeup Mist and Set, Clear, 2.02 Ounce: Keeps your makeup staying in place all day with a radiance boosting invisible hold  The invigorating mist moisturizes and soothes the skin The lightweight, comfortable and alcohol free formula improves makeup wear-ability.* The e.l.f. Stipple Brush: Use this brush with any liquid or powder face product such as foundation, blush or bronzer to build your coverage from sheer to heavy. Anti bacterial, synthetic haired taklon brush Can be used with wet or dry products Create a flawless look with this e.l.f. studio brush Makeup Brushes & Tools Beauty Tools & Accessories Brushes & Applicators"
240-112-134-55,2,1,11194,B00BZ4QDW4,"elf Studio Mineral Infused Face Primer With Makeup Mist and Set, Clear, 2.02 Ounce and Stipple Brush e.l.f. Cosmetics &amp; NY Mo Deals Kits elf Studio Mineral Infused Face Primer With Makeup Mist and Set, Clear, 2.02 Ounce and Stipple BrushFeatures:* The elf Makeup Mist and Set, Clear, 2.02 Ounce: Keeps your makeup staying in place all day with a radiance boosting invisible hold  The invigorating mist moisturizes and soothes the skin The lightweight, comfortable and alcohol free formula improves makeup wear-ability.* The e.l.f. Stipple Brush: Use this brush with any liquid or powder face product such as foundation, blush or bronzer to build your coverage from sheer to heavy. Anti bacterial, synthetic haired taklon brush Can be used with wet or dry products Create a flawless look with this e.l.f. studio brush* The e.l.f. Studio Mineral Infused Face Primer: Transform your face into a flawless and smooth canvas with the Mineral Infused Face Primer. Developed to combat against excess oil, flaky dryness, enlarged pores and fine lines. This clear multipurpose skin primer will prepare your skin so makeup goes on evenly for a long lasting satin finish.Package Includes* elf Makeup Mist and Set, Clear, 2.02 Ounce* e.l.f. Stipple Brush* e.l.f. Studio Mineral Infused Face Primer Makeup Brushes & Tools Beauty Tools & Accessories Brushes & Applicators"
240-204-126-213,2,0,7121,B004DIXYWG,"e.l.f. Studio Mineral Infused Face Primer e.l.f. Cosmetics Transform your face into a flawless and smooth canvas with the Mineral Infused Face Primer. Developed to combat against excess oil, flaky dryness, enlarged pores and fine lines. This clear multipurpose skin primer will prepare your skin so makeup goes on evenly for a long lasting satin finish. Makeup Beauty Foundation Primers Face"
240-204-126-213,2,1,9802,B00853EKYG,"e.l.f. Studio Mineral Infused Face Primer Makeup fine lines flawless flirty fun e.l.f. Cosmetics Transform your face into a flawless and smooth canvas with the Mineral Infused Face Primer. Developed to combat against excess oil, flaky dryness, enlarged pores and fine lines. This clear multipurpose skin primer will prepare your skin so makeup goes on evenly for a long lasting satin finish. Makeup Beauty Foundation Primers Face"
240-204-150-184,2,0,4739,B002B4LUF2,"Studio Contouring Blush and Bronzing Powder St Lucia e.l.f. Cosmetics Create a healthy and natural glow all year long with the Contouring Blush & Bronzing Powder. The Blush highlights the cheeks to add a flush of color, while the Bronzer accents and contours cheekbones for beautiful definition. This convenient compact has just what you need to achieve a gorgeous glow anytime, anywhere. Makeup Blush Beauty Face"
240-204-150-184,2,1,10512,B009WI5SPI,"e.l.f. Contouring Blush and Bronzing Powder, St. Lucia, 0.34 Ounce e.l.f. Cosmetics Create a healthy and natural glow all year long with the contouring blush and bronzing powder. The Blush highlights the cheeks to add a flush of color, while the bronzer accents and contours cheekbones for beautiful definition. This convenient compact has just what you need to achieve a gorgeous glow anytime, anywhere. Makeup Blush Beauty Face"
240-78-41-75,2,0,395,B00021CT10,"NARS Matte Eyeshadow, Thunderball Longwearing, crease resistant color in sheer wearable formulas. All NARS eyeshadows can be applied sheer or layered for a more dramatic effect. These richly pigmented powders blend effortlessly and can also be used wet for precisely lining the eyes. Makeup Eye Shadow Beauty Eyes"
240-78-41-75,2,1,396,B00021CT56,"NARS Shimmer Eyeshadow, Nepal Longwearing, crease resistant color in sheer wearable formulas. All NARS eyeshadows can be applied sheer or layered for a more dramatic effect. These richly pigmented powders blend effortlessly and can also be used wet for precisely lining the eyes. Makeup Eye Shadow Beauty Eyes"
241-165-182-179,2,0,8695,B0061GQV0U,"Sexy Long Wave Wig (Black) (Model: Jf010209) cool2day ***Please kindly note it's not  REAL PERSON HAIR   , the model wearing WIG is just for show ****The item is Easy to  wash and care just using a little mild shampoo in cold water.*This wig features a high-quality ""skin top"", which gives the wig a look of naturalness and reality.*Hair material: 100% Japanese Kanekalon (high quality one) made fiber.*Top Material and design: Adjustable Monofilament Net.*length: appr 25"" (65cm)*Weight: 0.18kg*Style: wave* AAA High quality*Hair type: We GUARANTEE that the hair we sell is 100% kanekalon fiber.Package included:1 X  Pretty natural women's wave curly full wig/wigs Hair Extensions & Wigs Hair Care Beauty Styling Products Wigs"
241-165-182-179,2,1,11433,B00DOR4UEI,"Hunnt&reg; Black+Blue Color Fashion Womens Lady Sexy Straight Wigs Style Cosplay Long Hair DAYISS Package Includes:1 X Hair WigNote:1.It is a little thin than pictures show2.It is normal for there to some wigs shed when you just get it,you can use the steel brush to comb hair, plastic or wooden will harm hair.3.We only guarantee the style being the same as the pictures shown, but not the performance on different bodies being the same as the model, you can use curling iron or flat iron to achieve a different look!Thank you.(*^__^*)How to care:1.Use a mild shampoo in cold or lukewarm water, rinse the hair and leave it to dry.2.Comb with a wire brush after the hair become dry.3.If the hair is straight, please straighten it after washing. If it is wave, please put some hair gel on it to hole the wave.4.It is better to choose the combs with round head and row spacing.5.Washing liquid must be acid.6.Do not expose the hair to sunlight too long.7.When blowing the hair, keep certain distance between the hair and the hair drier.8.Do not grasping the root of the hair forcibly when washing. Hair Extensions & Wigs Hair Care Beauty Styling Products Wigs"
241-165-182-59,2,0,8392,B005KO7NK6,"Cool2day Stunning Long Natural Curly Wig+wig Cap (Model: Jf010023) (Light Brown) cool2day *** Please kindly note it's not REAL PERSON HAIR , the model wearing WIG is just for show ***Feature:*The size is adjustable and no pins or tape should be required. It should be fit on most people. All you should need to do is adjust the hooks inside the cap to the correct size to suit your head.*The item is Easy to  wash and care just using a little mild shampoo in cold water.*This wig features a high-quality ""skin top"", which gives the wig a look of naturalness and reality.Specifications:*Hair material: 100% Japanese Kanekalon (high quality one) made fiber.*Top Material and design: Adjustable Monofilament Net.*Color: as the picture*length: appr 25''*Weight: 0.18kg*Style: Wave*Brand  new, AAA High quality*Hair type: We GUARANTEE that the hair we sell is 100% kanekalon fiber.Package Included :*1 X new Pretty human made natural hair women's wave curly full wig/wigs Hair Extensions & Wigs Hair Care Beauty Styling Products Wigs"
241-165-182-59,2,1,8439,B005N2ZLHW,"Cool2day Long Dark Brown Sexy Wave Wig+wig Cap (Model:jf010013) cool2day *** Please kindly note it's not  REAL PERSON HAIR , the model wearing WIG is just for show ****The size is adjustable and no pins or tape should be required. It should be fit on most people.*All you should need to do is adjust the hooks inside the cap to the correct size to suit your head.*The item is Easy to  wash and care just using a little mild shampoo in cold water.*This wig features a high-quality ""skin top"", which gives the wig a look of naturalness and reality.Specifications:*Hair material: 100% Japanese Kanekalon (high quality one) made fiber.*Top Material and design: Adjustable Monofilament Net.*Color: as the picture*length: appr 25''(65cm)*Weight: 0.18kg*Style: Wave*Brand  new, AAA High quality*Hair type: We GUARANTEE that the hair we sell is 100% kanekalon fiber. Hair Extensions & Wigs Hair Care Beauty Styling Products Wigs"
241-184-218-149,2,0,10526,B009XQE06C,"Princess' Dream - New Fashion Gold Leaf Festival Grecian Garland Hippy Forehead Head Hair Band Fashionwu CONDITION:Perfect, with no scratches or repairsQUANTITY :1 pc for this lotMaterial:Alloy&Elastic; RopeSize(about):Length:46cm/18.1""You can see from the picture,the headband is very pretty and lovely.This lot only for 1 pc.If you wear it,you can easily catch people's eyes.Every detail be made carefully.All pics make by ourselves,all the real items.NOTE:Some pics look like larger size,please notice the items size above.Maybe pics have a little color differ,hope you can understand. Headbands Hair Care Beauty Styling Accessories Styling Tools"
241-184-218-149,2,1,11745,B00GQQAQJC,BONAMART&reg; TM Black Retro Bling Rhinestone Crystal Elastic Hair head band hoop Accessory tie hairbands headbands turban Lady women girls Bonamart 1.100% Brand New And High quality2.Material: Rhinestones Crystal3.Color: As the picture shows4.Size: about 25cm5.Weight: 18g6.The perfect design make this Hair Band more fashion and elegant and suitable for the ladies and girls in any occasions7.Inexpensive and practical item to brighten your days!Package included:1x Hair BandListing Key:21066 Headbands Hair Care Beauty Styling Accessories Styling Tools
241-210-91-48,2,0,10469,B009PZVOF6,"World Pride Fashionable 23&quot; Straight Full Head Clip in Hair Extensions - Light Brown Package includes:
1 x 23"" hair extension Hair Extensions & Wigs Hair Care Beauty Hair Extensions Styling Products"
241-210-91-48,2,1,10674,B00ABBC7XQ,"15&quot; Clip in Remy Human Hair Extensions 1b# Off Black 7pcs 70g Human Hair Extensions Typle:100% human hair,they can be curled, dyed Hair Extensions & Wigs Hair Care Beauty Hair Extensions Styling Products"
241-244-59-79,2,0,6233,B003O52BHS,"Freetress Equal Lace Front Baby Hairline Wig - Abby - 1 Freetress Realistic Baby Hair Ultimate Natural LookEQUAL is the premium ""LUXURY INTEGRATION"" of most expensive synthetic hairs. It's called EQUAL because it looks and feels just like human hair. Boasting its most human-hair-like sheen, it is the most manageable and long-lasting synthetic hair product available. It's all in the fiber _ more natural | more manageable | longer lasting-Realistic ""Baby Hair"" for the ultimate NATURAL look.-Iron safe FUTURA fiber for Flexible ""Freedom Styling""-Hassle-Free secure fitting with No Glue, No Tape feature.-Silky Soft, Tangle-Free, Volumized texture with Easy Parting.Quick Style In A Minute ! - No Glue! No Tape! Necessary-Braid hair in cornrow or wrap to secure.-Trim lace according to hairline.-Secure lace front using hair pins.-Style as you desire.OPTION A. Using Lace Front Double Sided TapeOPTION B. Using Lace Front GlueREMOVING ADHESIVE-Apply remover around the lace thoroughly.-Gently remove the lace when it softens.Caring Instruction-Use lace adhesive remover to thoroughly remove the adhesive and oils from the lace.-Store your lace front wig on a wig stand or mannequin head or stuff with paper or towel to maintain its shape.-Refrain from the use of heavy oils or pomades.-To freshen up the wig, mist with water and shake out the curls. Hair Extensions & Wigs Hair Care Beauty Styling Products Wigs"
241-244-59-79,2,1,6315,B003RS8ZYU,"FreeTress Equal FUTURA Whole Lace Wig - SAPPHIRE - F1B/30 OFF BLACK/MED AUBURN Freetress Freetress Equal Premium Synthetic Whole LaceEQUAL is the premium ""LUXURY INTEGRATION"" of most expensive synthetic hairs. It's called EQUAL because it looks and feels just like human hair. Boasting its most human-hair-like sheen, it is the most manageable and long-lasting synthetic hair product available. It's all in the fiber _ more natural | more manageable | longer lasting-The only 100% individually hand tied hair for the most natural look & feel-Soft to the touch, ultra feather light whole lace wig, yet made to fit for perfection-Flexible parting lines & easy up styling with beautiful full-bodied hair-Equal Whole Lace is made with 400???F curling iron safe Futura FiberApplication InstructionsJust 1 minute! You can create a style-Braid your hair in cornrow or secure by using hair clips-Trim the lace according to your harline *optional-Secure the wig along the hairline using hair pins-Style as you desire and be naturalOption A Using double-sided lace front tapeOption B Using glueHow To Use Remover-Apply the remover around the lace until the glue from the lace front becomes soft.-Take off the alce wig slowly. Hair Extensions & Wigs Hair Care Beauty Styling Products Wigs"
241-25-33-77,2,0,11752,B00GRTQBTM,"MapofBeauty 28&quot; 70cm Long Curly Hair Ends Costume Cosplay Wig (Brown) MapofBeauty 28"" 70cm Long Curly Hair Ends Costume Cosplay Wig Hair Extensions & Wigs Hair Care Beauty Styling Products Wigs"
241-25-33-77,2,1,11863,B00HFP4JZU,MapofBeauty Beautiful Women's Flat Bang Long Wave Curly Wig (Black) MapofBeauty Beautiful Women's Flat Bang Long Wave Curly Wig Hair Extensions & Wigs Hair Care Beauty Styling Products Wigs
241-26-218-149,2,0,11751,B00GRPRRL2,"Womdee(TM) Lovely Rabbit Ear White Polka Dot Bowknot Bow Design Alice Headband Head Wrap-Light Pink With Womdee Accessory Necklace Womdee Very trendy pop hair accessory following with the hot style,works great with any hair styles.It is not only a hair band,but also a useful face-wash tool for your fringe and keeps you in a sweet look even sleeping,every girl would like it so much at the first sight.Beautiful accessory to embellish fashion apparel,sweet hair style and your facial contour.With cloth pad to prevent from stuck hair and show a very elegant young and vigorous girl appearance.Great gifts to friends and female playmates.Color:show as pictures(other colors available,pls visit our store for more).Notice: Color of pictures may vary by different monitor setting. All pictures are real stock photos.Womdee accessory necklace specification:Material: wooden cross+bronze tag+nylon cord; Cord circumference: 70~80cm; Retro Style,Suitable to match any dressPackage include:1 x Womdee-designed bow alice hair band.1 x Womdee-designed special wooden cross necklace (with WOMDEE logo)Womdee &lt;u&gt;Clothing, Shoes & Jewelry&lt;/u&gt;:Exquisite, Top grade, AffordableWomdee &lt;u&gt;Accessory &lt;/u&gt;:Compact, Special, FashionableWomdee &lt;u&gt;Quality warranty&lt;/u&gt;:30-days money-back guaranteeWomdee &lt;u&gt;Delivery &lt;/u&gt;:Dispatched in 1-2 business days; Very fast shippingDeclaration:1, Womdee(TM) is a worldwide registered trademark and the ONLY authorized seller of WOMDEE branded products.2, Only placing your order from WOMDEE Amazon store could get our perfect customer service and product quality warranty.3, Womdee highly appriciate each customer'sproduct reviewandfeedback, pls help to recommend WOMDEE brand to more friends. Headbands Hair Care Beauty Styling Accessories Styling Tools"
241-26-218-149,2,1,11755,B00GSKNOK4,"eFuture(TM) Green Cutely Rabbit Ear White Polka Dot Bowknot Alice Headband/Headwrap +eFuture's nice Keyring Beautiful accessory to embellish fashion apparel,sweet hair style and your facial contour.With cloth pad to prevent from stuck hair and show a very elegant young and vigorous girl appearance.Very trendy pop hair accessory following with the hot style,works great with any hair styles.It is not only a hair band,but also a useful face-wash tool for your fringe and keeps you in a sweet look even sleeping,every girl would like it so much at the first sight.Great gifts to friends and female playmates.Package include:1 x bow alice hair band1 x Kobwa's Keyring (with Kobwa's logo) Headbands Hair Care Beauty Styling Accessories Styling Tools"
241-37-136-77,2,0,9348,B0079V6ZAC,Abhair- Long Curly Dark Brown Hair Wig with Dark Golden Highlights/Heat Friendly Synthetic Fiber Hair Extensions & Wigs Hair Care Beauty Styling Products Wigs
241-37-136-77,2,1,10092,B008OO6MY2,MapofBeauty Full Wavy Women's Wig Long Curly Lady's Wigs (Black) MapofBeauty Hair Extensions & Wigs Hair Care Beauty Styling Products Wigs
241-47-43-48,2,0,10022,B008HZ521C,"18'' 7pcs Remy Clips in Human Hair Extensions 27 Dark Blonde 70g for Women's Beauty Hairsalon in Fashion 1234 The most popular hair extension product all over the world! Whether you want long hair or are looking to add volume to your hair; our full head set is the answer. Clips are already attached and the set is ready for instant use in just 5 minutes. Complete with 16 metal clips already attached to the wefts; complete with silicone tubing for a secure grip. Set Contents: 1set-7pcs 2""x2pcs(1clips/pc) 4""x2pcs(2clips/pc) 6""x2pcs(3clips/pc) 8""x1pc(4clips) Specifications: Hair Type: 100% Silky straight Human Hair Hair Style: Straight Hair Length:20inch Number of Wefts: 7 Number of Clips: 16 Set Weight: 70g (including clips) Application Time: 5 minutes (approx.) Life: 6 to 12 Months (depending on care and use) Usage: Can be curled, straightened, tongued & washed. Hair extensions are a wonderful way to add highlights, thickness or simply make your hair longer. While they can improve your look dramatically, if they're not taken care of properly, they won't do much for you. These simple tips will help you take the best care of your hair extensions so that they will last a long time and you will get your moneys worth. 1 Be gentle. One of the most important things about hair extensions is that you have to baby them. When you are brushing your hair, be gentle. Without the proper treatment, your hair extensions will get damaged quickly. 2 Wash with moisturizing hair care products. This step is especially important if you are using clip in hair extensions because the hair will not get any of the moisture from the natural oils your scalp produces. Moisturizing hair care products will keep your hair healthy. If you are longing for shine, use a serum. Many hair care products that promote shine have a drying affect on hair. Hair Extensions & Wigs Hair Care Beauty Hair Extensions Styling Products"
241-47-43-48,2,1,10577,B00A1L2RWM,"18&quot; Clip in Remy Human Hair Extensions 2# Dark Brown 7pcs 70g New OK buy The most popular hair extension product all over the world! Whether you want long hair or are looking to add volume to your hair; our full head set is the answer. Clips are already attached and the set is ready for instant use in just 5 minutes. Complete with 16 metal clips already attached to the wefts; complete with silicone tubing for a secure grip. Set Contents: 1set-7pcs 2""x2pcs(1clips/pc) 4""x2pcs(2clips/pc) 6""x2pcs(3clips/pc) 8""x1pc(4clips) Specifications: Hair Type: 100% Silky straight Human Hair Hair Style: Straight Hair Length:18inch Number of Wefts: 7 Number of Clips: 16 Set Weight: 70g (including clips) Application Time: 5 minutes (approx.) Life: 6 to 12 Months (depending on care and use) Usage: Can be curled, straightened, tongued & washed. Hair extensions are a wonderful way to add highlights, thickness or simply make your hair longer. While they can improve your look dramatically, if they're not taken care of properly, they won't do much for you. These simple tips will help you take the best care of your hair extensions so that they will last a long time and you will get your moneys worth. 1 Be gentle. One of the most important things about hair extensions is that you have to baby them. When you are brushing your hair, be gentle. Without the proper treatment, your hair extensions will get damaged quickly. 2 Wash with moisturizing hair care products. This step is especially important if you are using clip in hair extensions because the hair will not get any of the moisture from the natural oils your scalp produces. Moisturizing hair care products will keep your hair healthy. If you are longing for shine, use a serum. Many hair care products that promote shine have a drying affect on hair. Hair Extensions & Wigs Hair Care Beauty Hair Extensions Styling Products"
241-51-182-73,2,0,10063,B008LQX8J0,MapofBeauty Charming Synthetic Fiber Long Wavy Hair Wig Women's Party Full Wigs (Wine Red) MapofBeauty Gender : LadiesColor : Wine RedMaterial : 100% Top KanekalonDimensions : 65cm*19cmCap Size : AverageHair Length : Long-lengthHair Density : MediumHairline : Natural Hairline Hair Extensions & Wigs Hair Care Beauty Styling Products Wigs
241-51-182-73,2,1,10076,B008MIRO88,MapofBeauty Cosplay Costume Long Curly Hair Wig Ladies Synthetic Wigs (White) MapofBeauty Gender : Ladies Color : White Material : 100% Top Kanekalon Dimensions : 66cm20cm Cap Size : Average Hair Length : Long-length Hair Density : Medium Hairline : Natural Hairline Hair Extensions & Wigs Hair Care Beauty Styling Products Wigs
241-80-58-247,2,0,8486,B005OZR0RC,"Sensationnel Bump Human Hair Wig - Mod Mohawk-1B Sensationnel It's creative salon ""bump"" style, right out of the package! Sensationnel's Premium Now Bum Collection Wig is the custom style you get from Bump, in an easy to wear full cap wig. We've mixed and matched it for you with professional pre-blended colors to inspire the Sensationnel in you! Hair Extensions & Wigs Hair Care Beauty Styling Products Wigs"
241-80-58-247,2,1,9184,B006YDJ71K,"Sensationnel Bump Human Hair Wig - Vogue Crop-1 Sensationnel It's creative salon ""bump"" style, right out of the package! Sensationnel's Premium Now Bum Collection Wig is the custom style you get from Bump, in an easy to wear full cap wig. We've mixed and matched it for you with professional pre-blended colors to inspire the Sensationnel in you! Hair Extensions & Wigs Hair Care Beauty Styling Products Wigs"
241-95-187-79,2,0,6211,B003NEZ0R8,"Janet Collection Synthetic Wig Mommy #2 Dark Brown Janet General Care For Synthetic Hair:The Following is a general outline of how to maintain synthetic hair. Indiidual product may behave differently based on usage and style. Consult your stylist for specific instructions.-Always wash hair in cool water using mild shampoo and conditioner. Washing in hot water will damage fiber.-Never scrub hair. Swish it gently from side to side and dunk it up and down.-Use a towel and pat hair dry. never brush or comb when hair is wet. Never use blow dryer. If in a rush, use cold setting on the dryer.-If necessary, detangle hair with a wide-toothed comb working from the bottom toward the top.-If hair get frizzy, use sheen spray then comb.-You can resume styling once the hait is completely dry.-Never comb or brus spiral curl or dreadlocks. Use fingers to comb gently.Use of heating iron or other heat appliances is not recommended. Hair Extensions & Wigs Hair Care Beauty Styling Products Wigs"
241-95-187-79,2,1,6642,B0040I2B3W,"Vanessa Synthetic Hair Halfwig - La Jay-1 Vanessa SPECIAL CARE AND WASHING INSTRUCTIONS??? Fill a basin with lukewarm water.??? Add a dash of mild shampoo.??? Immerse wig and swish gently.??? Rinse throughly in cold running water.??? Lay wig on towel or let it drip dry completely.??? Do not brush or comb when wig is wet.??? No setting in necessary, curls will snap back to original shape once wig is completely dry.??? If wig loses some curls, use steam rollers or medium heat curling irons for tighter curls. Hair Extensions & Wigs Hair Care Beauty Styling Products Wigs"
242-212-214-181,2,0,45,B000052YMT,"Cetaphil Gentle Skin Cleanser, 4.0 -Ounce Bottles (Pack of 6) Cetaphil Softens As It Cleanses.CETAPHIL&reg; cleanser was formulated for dermatologists as a gentle, non-irritating cleanser for even the most sensitive skin. Unlike soap, CETAPHIL is completely non-alkaline, non-comedogenic, and fragrance free.&nbsp; Soothes and softens as it cleanses, helping the skin retain needed moisture. Use for face, hands, and the entire body. Also an excellent cleanser for the delicate skin of babies. Beauty Cleansers Skin Care Face"
242-212-214-181,2,1,3762,B001ET73JM,"Cetaphil Daily Facial Cleanser For Normal to Oily Skin, 8-Ounce Bottles (Pack of 3) Cetaphil Cleanses without drying. Non-comedogenic. Cetaphil Daily Facial Cleanser for normal to oily skin was formulated for dermatologists as a gentle, non-irritating cleanser for normal to oily skin. Removes surface oils, dirt and makeup without leaving skin tight or overly dry; Non-comedogenic, so it won't clog pores; Rinses clean without having any irritating residue. Beauty Cleansers Skin Care Face"
243-149-207-217,2,0,8187,B005ECLAIU,"Avocado Oil Organic Cold Pressed 100% Pure 4 Oz Botanical Name:Persea americanaExtraction Method:Cold PressedSource:Avocado pulpMost people know Avocado Oil as a cooking oil. But physicians have long known that Avocado Oil has regenerative and moisturizing properties.Avocado contains Vitamins A, B1, B2, D, E, and Beta carotene. This makes it perfect for treatment of dry skin. Avocado Oil keeps the skin moist, rejuvenates it and reduces wrinkles. Avocado Oil can also be used to reduce inflammation. It can treat injuries, scars and sun damage.Small amounts of Avocado Oil are usually added to other carrier oils in order to enrich protein and vitamin content. It is very popular with massage therapists and manufacturers. Avocado Oil tends to be used in soaps, lotions and creams.Avocado Oil is a pale yellow to golden yellow liquid. It has very little scent characteristic of most carrier oils.Avocado Oil is suitable for food and cosmetic use. Moisturizers Beauty Body Oils Skin Care"
243-149-207-217,2,1,9061,B006QB2VOK,"Fractionated Coconut Oil 100 % Pure Organic 4 Oz As the name goes, the Fractionated Coconut Oil is a fraction of the coconut oil from which almost all the long chain triglycerides are removed, thus leaving mainly the Medium Chain Triglycerides and making it absolutely saturated oil. This saturation gives it a very-very long shelf life and stability. In addition, fractionating raises the comparative concentration of Capric acid and Caprylic acid, thus giving it a more anti oxidant and disinfecting edge.

This is a great oil for general moisturizing and serves as a protective layer, helping to retain the moisture in your skin. It also acts as a mild oil suitable for those with inflamed and irritated skin, and those with skin sensitivities. And is the first choice for most people in the cosmetics and soap industry. Fragrance Beauty"
243-149-34-217,2,0,8219,B005F4EACU,"4 Oz Hemp Seed Oil Pure Organic Exceptionally rich oil high in essential omega fatty acids and proteins. This oil has a pleasant nutty smell, deep green color, and absorbs well into the skin. It makes a marvelous cosmetic grade oil and because of its high nutritional value, it makes a superior quality dietary oil and one that can be used as a base ingredient for skin care recipes which require healing and regenerative ingredients

Hemp seed oil is highly emollient and can be used directly on the skin to nourish and regenerate. Hemp seed oil is capable of deeply penetrating the skin, rather than just sitting on top of the skin. This action works to prevent the aging of the skin, by allowing the essential fatty acids to fully penetrate the outer layer of skin, and encouraging a healthy moisture balance. Moisturizers Beauty Body Oils Skin Care"
243-149-34-217,2,1,8224,B005FFVATK,"Jojoba Oil, Golden Organic 100% Pure 4 oz Jojoba oil comes from the beans of the shrub like plant, simmondsia chinensis. This is the highest grade certified organic, cold pressed oil (actually a liquid plant wax). It is bright and golden in color and is regarded as the most favored in the carrier oil family because of its advanced molecular stability. Also makes a great scalp cleanser for the hair, and is equally wonderful for the skin because it has absorption properties that are similar to our skins own sebum. Fragrance Beauty"
243-83-137-11,2,0,9786,B0084PXVX6,"Raw Unrefined Ivory Shea Butter TOP Grade From Ghana 5 lbs-- SOFT smellgood WE HAVE!!  UNREFINED AFRICAN IVORY SHEA BUTTER 5LBS PERFECT FOR PRODUCING YOU OWN PRODUCTS AND SUPER FRESH WE SHIP SAME DAY IN 24hrs IT WILL COME PACKAGED IN A PLASTIC BAG TO GIVE YOU THE BEST COST SHIPPING NOT A JAR. SEE OUR FEEDBACK!! IF YOUR UNHAPPY LET US KNOW WE ARE HERE TO MAKE YOU HAPPY AWESOME PRODUCT INTERNATIONAL ORDERS WELCOME. FRESH IN FROM GHANA ALWAYS SEE OUR OTHER LISTINGS USES OF SHEA BUTTER Shea butter can be used to treat: 1. Dry skin, eczema, infant eczema, Rashes 2. Treats dark spots, stretch mark , burns, lessens the irritation in psoriasis, wrinkles, blemishes, Diaper rash, scars & skin discolorations. 3. Moisturizes and Heals Skin - relieves symptoms of extreme dryness, eczema, dermatitis and skin allergies 4. Anti-inflammatory Properties .Provides Pain relief from swelling and arthritis. 5. In Nigeria, shea butter (popularly called ori in Yoruba) is used for the management of sinusitis and relief of nasal congestion. This is due to its hydrating properties which help in relaxing the tension in the facial skin, thus easing respiration. 6. Improves muscle relaxation and stiffness in joint aches/arthritis. 7. Strengthens Cuticles and Nails 8. Hair conditioner for dry and brittle hair. 9. Used for Chapped lips. 10. Used as a sun blocking lotion. Protects With a Natural Sunscreen (due to its rich content of vitamin E and D).It reduce the effects of UV damage on the skin. Product of Ghana Directly from the Importers ! 

-------------------------------------------------------------------------------- Moisturizers Beauty Body Butter Body Skin Care"
243-83-137-11,2,1,11370,B00D62IU9M,"Raw Unrefined Ivory Shea Butter TOP Grade From Ghana 1 lb-- SOFT smellgood WE HAVE! RAW UNREFINED, AFRICAN IVORY SHEA BUTTER 1LB PERFECT FOR PRODUCING YOU OWN PRODUCTS AND SUPER FRESH WE SHIP ASAP!!. WILL COME PACKAGED IN PLASTIC BAG TO GIVE YOU THE BEST COST SHIPPING NOT A JAR SEE OUR FEEDBACK!! IF YOUR UNHAPPY LET US KNOW WE ARE HERE TO MAKE YOU HAPPY AWESOME PRODUCT INTERNATIONAL ORDERS WELCOME. FRESH IN FROM GHANA ALWAYS SEE OUR OTHER LISTINGS USES OF SHEA BUTTER Shea butter can be used to treat: 1. Dry skin, eczema, infant eczema, Rashes 2. Treats dark spots, stretch mark , burns, lessens the irritation in psoriasis, wrinkles, blemishes, Diaper rash, scars & skin discolorations. 3. Moisturizes and Heals Skin - relieves symptoms of extreme dryness, eczema, dermatitis and skin allergies 4. Anti-inflammatory Properties .Provides Pain relief from swelling and arthritis. 5. In Nigeria, shea butter (popularly called ori in Yoruba) is used for the management of sinusitis and relief of nasal congestion. This is due to its hydrating properties which help in relaxing the tension in the facial skin, thus easing respiration. 6. Improves muscle relaxation and stiffness in joint aches/arthritis. 7. Strengthens Cuticles and Nails 8. Hair conditioner for dry and brittle hair. 9. Used for Chapped lips. 10. Used as a sun blocking lotion. Protects With a Natural Sunscreen (due to its rich content of vitamin E and D).It reduce the effects of UV damage on the skin. Product of Ghana Directly from the Importers ! 

-------------------------------------------------------------------------------- Moisturizers Beauty Body Butter Body Skin Care"
243-90-209-140,2,0,7844,B004Z1O6U0,"AUSTRALIA NATURALS EMU OIL (2oz Bottle) The ancient Aborigines of Australia knew of the hydrating properties of Emu Oil and its ability to rejuvinate the skin even under the harshest conditions. A combination of essential oils (EFA's) and moisturizing properties, Australia Naturals helps the skin recover from many types of severe skin conditions.
note - Contains .00022% natural vitamin E for stability and shelf life Moisturizers Beauty Body Oils Skin Care"
243-90-209-140,2,1,7845,B004Z1ZRD0,"AUSTRALIA NATURALS EMU OIL (8oz bottle) The ancient Aborigines knew of the hydrating properties of Emu Oil and its ability to rejuvinate the skin even under the harshest conditions. A combination of essential oils ( EFA's ) and moisturizing properties, Australia Naturals helps the skin recover from many types of severe skin conditions.  Note - contains .00022% natural vitamin E for freshness and shelf life. Moisturizers Beauty Body Oils Skin Care"
243-90-84-139,2,0,7703,B004VQ7CSM,"Emu Oil Cream with Vitamin E -Super Strength 8.8 -Ounce Emu Oil is highly moisturizing, a natural skin softener and has rejuvenating properties (it has been shown to reduce the depth and length of fine lines & wrinkles). Emu Oil has demonstrated to be the fastest and most penetrating oil into the skin, making it an excellent trans-dermal carrier for any other added moisturizers or therapeutic ingredients. AUSTRALIAN EMU OIL CREAM is a rich moisturizer formulated with Emu Oil and Vitamin E, to help hydrate and soothe dry and overworked skin and make skin feel fresher and smoother. Emu oil is rendered from the thick layer of subcutaneous fat on the back of the bird. Most commonly, it is used for the production of cosmetics but has also been proven to have medical properties, as an intensive pain reliever used in the treatment of chronic arthritis, strains, sprains, and muscle pain. It is also widely used as a wound healing accelerant. Emu oil is a good emollient and water-binding agent with anti-inflammatory properties. However, not all emu oil sold on the market today is of animal origin. AUSTRALIAN EMU OIL CREAM contains natural Australian Emu oil, obtained as a byproduct from farm-bred Emus that are chemical and pesticide free.   Free of impurities and residues, out Emu cream is a unique blend of oils specially formulated to provide ease of application, non-greasy feel & very pleasant smelling.   What makes us stand out from other brand names? The secret lies in our unique formulation and getting the best grade Australian Emu oil.  Now also available at larger size pump 17.3 OZ at our amazon store.  For more information refer to australianskincream Moisturizers Beauty Body Skin Care Creams"
243-90-84-139,2,1,10365,B009EF9NFU,"Emu Oil Cream with Vitamin E - Super Strength, 17.6 Ounces Emu Oil is highly moisturizing, a natural skin softener and has rejuvenating properties (it has been shown to reduce the depth and length of fine lines & wrinkles). Emu Oil has demonstrated to be the fastest and most penetrating oil into the skin, making it an excellent trans-dermal carrier for any other added moisturizers or therapeutic ingredients. AUSTRALIAN EMU OIL CREAM is a rich moisturizer formulated with Emu Oil and Vitamin E, to help hydrate and soothe dry and overworked skin and make skin feel fresher and smoother. Emu oil is rendered from the thick layer of subcutaneous fat on the back of the bird. Most commonly, it is used for the production of cosmetics but has also been proven to have medical properties, as an intensive pain reliever used in the treatment of chronic arthritis, strains, sprains, and muscle pain. It is also widely used as a wound healing accelerant. Emu oil is a good emollient and water-binding agent with anti-inflammatory properties. However, not all emu oil sold on the market today is of animal origin. AUSTRALIAN EMU OIL CREAM contains natural Australian Emu oil, obtained as a byproduct from farm-bred Emus that are chemical and pesticide free.   Free of impurities and residues, out Emu cream is a unique blend of oils specially formulated to provide ease of application, non-greasy feel & very pleasant smelling.   What makes us stand out from other emu creams? The secret lies in our unique formulation and getting the best grade concentrate of Australian Emu oil.  Now also available at larger size pump 17.3 OZ at our amazon store.  For more information refer to australianskincream. Moisturizers Beauty Body Skin Care Creams"
243-90-84-176,2,0,4229,B001MWV40U,"Emu Oil Pure Premium Golden - Powerful Skin and Hair Moisturizer - 4 fl.oz. Emu Oil 4 fl.oz. Emu Oil is a traditional Australian Aboriginal oil and natural skin and hair moisturizer. Our emu oil is fully refined and contains all natural ingredients, including vitamins, minerals, and the essential fatty acids Omega 3 and 6. Please note that some producers sell a manufactured emu oil that has been clarified. This clarification process eliminates some of the most active ingredients of the product. Our emu oil is milky white, and each batch is analyzed to confirm that all essential ingredients are present at the natural concentrations. This oil is highly penetrating to the skin, and thus fully effective as topical treatment. InStyle Magazine featured actress Charlize Theron commenting on our product: ""I'm not big into styling products, but I use this emu oil to moisturize my hair."" Beauty Skin Care"
243-90-84-176,2,1,8414,B005M1S68U,"Emu Oil Premium Golden - Set of Two - 4 fl.oz. each Emu Oil 4 fl.oz Set of Two. Emu Oil is a traditional Australian Aboriginal oil and natural skin and hair moisturizer. Our emu oil is fully refined and contains all natural ingredients, including vitamins, minerals, and the essential fatty acids Omega 3 and 6. Please note that some producers sell a manufactured emu oil that has been clarified. This clarification process eliminates some of the most active ingredients of the product. Our emu oil is milky white, and each batch is analyzed to confirm that all essential ingredients are present at the natural concentrations. This oil is highly penetrating to the skin, and thus fully effective as topical moisturizing treatment. InStyle Magazine featured actress Charlize Theron commenting on our product: ""I'm not big into styling products, but I use this Australian oil to moisturize my hair."" Body Scrubs Beauty Scrubs & Body Treatments Bath & Body"
243-90-84-187,2,0,3585,B001DKF08S,"PRO EMU OIL (4oz) AEA Certified Progressive Emu OIl is triple refined emu oil making this oil the highest grade of emu oil on the market. Progressive Emu Oil is pure emu oil that has been tested by an AOCS (American Oil Chemist Society) certified chemist and has been certified to meet the stringent specifications for the Emu Oil Fully Refined Trade Rules to be AEA (American Emu Association) certified. Progressive Emu Oil is an all natural, non toxic, non-comedogenic (does not clog the pores), hypoallergenic oil that is gentle for all types of skin.

Emu Oil is comprised of essential fatty acids (EFA's), with Omega 3 and 6 being the most prominent. This unique composition allows Emu Oil to penetrate the skin making it an excellent moisturizer with anti-inflammatory properties as well. Emu Oil has also demonstrated amazing results on severe skin conditions such as wind burn, sun burn and skin that has lost some of it's elasticity. The cosmetic industry and the medical community have begun to recognize the benefits of Emu Oil in recent years, so why not try some for your self today. note: product contains .00022% Vitamin E as a stabilizer to increase shelf life.  
Progressive Emu is the largest producer of emu oil in the country, quite possibly the world. Our goal is to provide our customers with the highest possible quality of emu oil at the most competitive price available. Body Scrubs Beauty Scrubs & Body Treatments Bath & Body"
243-90-84-187,2,1,3588,B001DKK7Y0,"PRO EMU OIL (2oz) AEA Certified Progressive Emu Oil is triple refined emu oil making this oil the highest possible grade of oil on the market. Progressive Emu Oil is pure emu oil that has been tested by an AOCS (American Oil Chemist Society) certified chemist and has been certified to meet the stringent specifications for the Emu Oil Fully Refined Trade Rules To be AEA ( American Emu Association) certified. Progressive Emu Oil is an all natural, non toxic, non-comedogenic (does not clog the pores), hypoallergenic oil that is gentle for all types of skin.

Emu Oil is comprised of essential fatty acids (EFA's), with Omega 3 and 6 being the most prominent. This unique composition allows Emu Oil to penetrate the skin making it an excellent moisturizer with anti-inflammatory properties as well. Emu Oil has also demonstrated amazing results on severe skin conditions such as wind burn, sun burn and skin that has lost some of it's elasticity. The cosmetic industry and the medical community have begun to recognize the benefits of Emu Oil in recent years, so why not try some for your self today. note: product contains .00022% Vitamin E as a stabilizer to increase shelf life.        
            Progressive Emu is the largest producer of emu oil is the country, quite possibly the world. Our goal is to provide our customers with the highest possible quality of emu oil at the most competitive price available. Moisturizers Beauty Body Oils Skin Care"
244-38-76-71,2,0,2526,B000X25L40,"Shiseido Tsubaki Damage Care Hair Conditioner Pump - 550ml Tsubaki Shiseido's new luxuriously rich conditioner with a fresh aroma penetrates damaged hair with camellia oil's own amino acids. For true improvement in sheen, volume, texture and manageability outside of a salon, look no further!Product Size:Net Volume: 550ml, or about 18.6 US fl oz Beauty Hair Care Conditioners"
244-38-76-71,2,1,4419,B001STSCKM,"Shiseido Tsubaki Shining SET (Shampoo, Conditioner, Treatment 200g) Shiseido The hottest new hair care line in Japan! The Japanese camellia, or tsubaki, is delivered from Shiseido in a sexy pump bottle designed to resemble the Tsubaki flower. Full of luscious molten emulsion for conditioning all hair types. Shampoo & Conditioner Sets Beauty Hair Care"
245-11-119-114,2,0,8734,B0063KG6ZY,"Body Benefits Net Bath Sponge, 6 Count (Pack of 6) Body Benefits Body Benefits is the leading brand of bath accessories, offering a comprehensive line of high-quality, affordable products. Beauty Loofahs, Sponges & Poufs Bath & Body Bathing Accessories"
245-11-119-114,2,1,11584,B00F5KDVDS,"BelleSha Bath and Shower Sponge pack of 12 Assorted Colors Looking for a bargain? We got you covered!A must-have item for the perfect bathing experience! BelleSha Bath and Shower Sponge helps remove dead skin cells and is best to use with your favorite shower gel or body wash. Beauty Loofahs, Sponges & Poufs Bath & Body Bathing Accessories"
245-215-99-52,2,0,3723,B001EJOPV6,"Buf-Puf Single-Use Facial Sponges with Cleanser, Normal to Dry Skin, 40-Count Packages (Pack of 6) Buf-Puf Forty Single Use SpongesThoroughly cleans and refreshes your skin.Conveniently and quickly leaves skin feeling clean and refreshed!Use every dayLifts off dry, dulling skin cellsGently cleanses away makeup, dirt and excess oilLeaves skin smooth and soft, perfectly prepped for moisturizers and makeupDermatology-tested for gentleness Beauty Cleansers Skin Care Face"
245-215-99-52,2,1,3724,B001EJOPW0,"Buf-Puf Single-Use Facial Sponges with Cleanser, Normal to Oily Skin, 40-Count Packages (Pack of 6) Buf-Puf The Buf-Puf Single-Use Facial Sponges thoroughly cleans and refreshes your skin. Designed for normal to oily skin, these single-use sponges are made with a built-in cleanser to lift off dry, dulling skin cells. They are perfectly prepped for moisturizers and makeup. Dermatology-tested for gentleness, these sponges are made for every day use. Beauty Cleansers Skin Care Face"
245-215-99-69,2,0,26,B000052YJD,"Buf-Puf Reusable Facial Sponge, Extra Gentle, - 1 ea Buf-Puf One Facial SpongeFor daily cleansing of sensitive skin.Thoroughly cleans and refreshes your skin.Use every day with your favorite cleanser.&nbsp;Perfect Prep for Sunless Tanning!Leaves skin feeling clean and refreshed!Use every day with your favorite soap or cleanser.Lifts off dry, dulling skin cells.Gently cleanses away makeup, dirt and excess oil.Leaves skin smooth and soft, perfectly prepped for moisturizers, makeup and sunless tanning.Dermatology-tested for gentleness.Choose the sponge that makes your face look and feel its best:&nbsp;Extra GentleGentleRegularDelicate, Sensitive SkinX&nbsp;&nbsp;Normal to Dry SkinXX&nbsp;Normal to Oily Skin&nbsp;XXDaily Cleansing with Mild ExfoliationXX&nbsp;Daily Cleansing with Deep Exfoliation&nbsp;XXMade in USA Beauty Cleansers Skin Care Face"
245-215-99-69,2,1,3721,B001EJOPPM,"Buf-Puf Reusable Facial Sponge, Extra Gentle (Pack of 6) Buf-Puf One Facial SpongeFor daily cleansing of sensitive skin.Thoroughly cleans and refreshes your skin.Use every day with your favorite cleanser.&nbsp;Perfect Prep for Sunless Tanning!Leaves skin feeling clean and refreshed!Use every day with your favorite soap or cleanser.Lifts off dry, dulling skin cells.Gently cleanses away makeup, dirt and excess oil.Leaves skin smooth and soft, perfectly prepped for moisturizers, makeup and sunless tanning.Dermatology-tested for gentleness.Choose the sponge that makes your face look and feel its best:&nbsp;Extra GentleGentleRegularDelicate, Sensitive SkinX&nbsp;&nbsp;Normal to Dry SkinXX&nbsp;Normal to Oily Skin&nbsp;XXDaily Cleansing with Mild ExfoliationXX&nbsp;Daily Cleansing with Deep Exfoliation&nbsp;XXMade in USA Puffs, Sponges & Wedges Makeup Brushes & Tools Beauty Tools & Accessories"
248-244-23-213,2,0,9704,B00802VL5S,"Bare Minerals Prime Time 15ml Bare Escentuals A preservative-free foundation primer developed to combat flaky dryness, fine lines, excess oil, and enlarged pores. This bareMinerals-infused formula glides on with no tacky feel to provide a skin-smoothing complexion prior to applying bareMinerals SPF 15 foundation Makeup Beauty Foundation Primers Face"
248-244-23-213,2,1,10108,B008Q012IK,"PrimeTime Oil Control Bare Escentuals Put an end to midday shininess. Designed for oily, sensitive, and problem-prone skin, our Prime Time Oil Control is clinically proven to control excess shine. Apply this silicone- and oil-free primer prior to your bareMinerals SPF 15 Foundation for evenly textured, shine-free coverage all day. Makeup Beauty Foundation Primers Face"
248-80-23-213,2,0,3182,B0017U10SI,"bareMinerals Original Prime Time Foundation Primer Bare Escentuals Enlarged pores. Uneven texture. Flaky dryness. We've all had complexion problems. That's why we created Prime Time, which prepares your skin for seamless coverage with bareMinerals SPF 15 Foundation. Apply it first for the smooth, evenly textured complexion you've been waiting for. Makeup Beauty Foundation Primers Face"
248-80-23-213,2,1,7210,B004GDH4JC,"Bare Escentuals Prime Time Eyelid Primer Original Bare Escentuals Does your eyecolor disappear on a long day? Put a stop to this beauty crime with Prime Time Eyelid Primer, designed especially for use with bareMinerals Eyecolors. Apply our silky, lightweight primer to maximize your eyecolor, extend its wear and prevent creasing. Makeup Beauty Foundation Primers Face"
248-80-23-86,2,0,5559,B003282VZE,"bareMinerals Well-Rested for Eyes Bare Escentuals When you're short on beauty sleep, it shows. Except when you use our Well-Rested. This eye-brightening shadow base is beloved for its magical ability to diminish the appearance of morning drowsiness. Sweep it on to counter dark shadows around the eyes or even the nose and lips. Size: Medium Makeup Beauty Concealers & Neutralizers Face"
248-80-23-86,2,1,6326,B003S5LWRO,"Bare Minerals Multi-Tasking Bisque 0.08 oz Bare Escentuals Get coverage you can count on. Our trusty Multi-Tasking Concealer works like magic, making undesirable details disappear and turning your skin invisible to the sun's harmful rays. Each creamy shade makes for a beautiful, soft shadow complement to your bareMinerals SPF 15 Foundation, expertly covering imperfections and stopping new ones from forming. So your skin looks naturally flawless and stays healthy. Makeup Beauty Concealers & Neutralizers Face"
251-22-79-203,2,0,11679,B00GDJTN3M,"Darksyde Pitch Black Ultimate Silicone Bronzer Tanning Lotion 16oz Darksyde Pitch Black Ultimate Silicone Bronzer extreme dark tanning lotion uses advanced bronzing ingredients to produce superior auto-darkening results. Dual action formula replenishes the skins moisture barrier with Vitamin E, while bronzers enhance the skin to produce an over the top extreme dark, luxurious tan. Experience the maximum in tanning with Darksyde Pitch Black advanced formula. Self-Tanners & Bronzers Sun Beauty Skin Care"
251-22-79-203,2,1,11680,B00GDJZH5K,"Darksyde Wicked Black Ultimate Silicone Bronzer Tanning Lotion 16oz Darksyde Pitch Black Ultimate Silicone Bronzer extreme dark tanning lotion uses advanced bronzing ingredients to produce superior auto-darkening results. Dual action formula replenishes the skins moisture barrier with Vitamin E, while bronzers enhance the skin to produce an over the top extreme dark, luxurious tan. Experience the maximum in tanning with Darksyde Pitch Black advanced formula. Makeup Beauty Bronzing Powder Body"
255-116-61-131,2,0,6435,B003V27RB4,Remington H9000 Pearl Ceramic Heated Clip Hair Rollers Remington Beauty Styling Tools Hair Care Hair Rollers
255-116-61-131,2,1,11053,B00BB8ZIQQ,Remington H9096 Silk Ceramic Heated Clip Setter Remington Beauty Styling Tools Hair Care Hair Rollers
255-129-88-13,2,0,818,B0009PVV4A,Infiniti Pro by Conair Professional 1 Inch  Tourmaline Ceramic Straightener Conair Hair Care Flattening Irons Beauty Irons Styling Tools
255-129-88-13,2,1,7293,B004INQ65S,Infiniti Pro by Conair 1 Inch  Tourmaline Ceramic Flat Iron Conair Hair Care Flattening Irons Beauty Irons Styling Tools
255-200-37-129,2,0,7911,B0050QJ0YQ,Remington CI52FO Wrap to Waves Ceramic Hair Styler Remington Curling Irons Hair Care Beauty Irons Styling Tools
255-200-37-129,2,1,8623,B005W1DZG8,Remington Curl Perfect Style Solutions Curling Iron Remington Curling Irons Hair Care Beauty Irons Styling Tools
255-238-19-131,2,0,706,B00092M2VO,Andis Professional 1875 Watt Ceramic Ionic Hair Dryer - Black Chrome (82005) Andis Hair Dryers Beauty Styling Tools Hair Care
255-238-19-131,2,1,2859,B00132ZG3U,Conair 1875 Watt Tourmaline Ceramic Hair Dryer Conair Hair Dryers Beauty Styling Tools Hair Care
255-28-19-131,2,0,6433,B003V264WW,Remington Ac2015 Tstudio Salon Collection Pearl Ceramic Hair Dryer Remington Hair Dryers Beauty Styling Tools Hair Care
255-28-19-131,2,1,11055,B00BB8ZIW0,Remington Ac9096 Silk Ceramic Ionic AC Professional Hair Dryer Remington Hair Dryers Beauty Styling Tools Hair Care
27-242-228-37,2,0,3642,B001E6P6MQ,"Nature's Gate Tea Tree Calming Shampoo for Irritated, Flaky Scalp, 18-Ounce Bottles (Pack of 3) Nature&#39;s Gate For irritated, flaky scalp. With herbal extracts to naturally balance and calm. Nature's Gate Tea Tree Shampoo gently cleanses hair to help balance irritated, flaky scalp. Naturally purifying Tea Tree Oil, Goldenseal and Rosemary help reduce oily build-up Shampoos Beauty Hair Care"
27-242-228-37,2,1,3643,B001E6R61U,"Nature's Gate Tea Tree Calming Conditioner for Irritated, Flaky Scalp, 18-Ounce Bottles (Pack of 3) Nature&#39;s Gate For irritated, flaky scalp. With herbal extracts to naturally balance, soothe and calm. Nature's Gate Tea Tree Conditioner effectively conditions hair to help balance irritated, flaky scalp. Naturally purifying Tea Tree Oil, Golden Seal, and Rosemary help Beauty Hair Care Conditioners"
27-27-253-243,2,0,4600,B0023ASBSS,"Renpure Organics I Love My Hair! Body and Shine Conditioner, 13.5-Ounce Renpure Organics Our family has been making hair care products for over 40 years with over a billion bottles produced worldwide.  we became concerned about all the chemicals our family was exposed to on a daily basis, so we developed a new line of hair care products free from harmful chemicals.  we use only 100% certified organic extracts and safe, fresh, natural ingredients. Beauty Hair Care Conditioners"
27-27-253-243,2,1,4602,B0023AV2UM,"Renpure Originals My Pretty Hair is Parched! Moisturizing Conditioner, 13.5-Ounce Renpure Organics Our family has been making hair care products for over 40 years with over a billion bottles produced worldwide.  we became concerned about all the chemicals our family was exposed to on a daily basis, so we developed a new line of hair care products free from harmful chemicals.  we use only 100% certified organic extracts and safe, fresh, natural ingredients. Beauty Hair Care Conditioners"
27-27-51-243,2,0,4603,B0023AV2XO,"Renpure Originals My Pretty Hair is Parched! Moisturizing Shampoo, 13.5-Ounce Renpure Originals Our family has been making hair care products for over 40 years with over a billion bottles produced worldwide.  we became concerned about all the chemicals our family was exposed to on a daily basis, so we developed a new line of hair care products free from harmful chemicals.  we use only 100% certified originals extracts and safe, fresh, natural ingredients. Shampoos Beauty Hair Care"
27-27-51-243,2,1,4604,B0023AV31U,"Renpure Organics My Luscious Hair Needs Lift! Volumizing Shampoo, 13.5-Ounce Renpure Organics Our family has been making hair care products for over 40 years with over a billion bottles produced worldwide.  we became concerned about all the chemicals our family was exposed to on a daily basis, so we developed a new line of hair care products free from harmful chemicals.  we use only 100% certified organic extracts and safe, fresh, natural ingredients. Shampoos Beauty Hair Care"
28-147-97-27,2,0,1652,B000KONYPY,"L'Oreal Paris RevitaLift Anti-Wrinkle + Firming Night Cream, 1.7 Fluid Ounce L&#39;Oreal Paris This unique nighttime moisturizer delivers anti-wrinkle and firming action while you sleep. Each morning, skin will appear refreshed, radiant, and younger looking.  Experience advanced action against the signs of aging with smoother, firmer skin in just 4 weeks. RevitaLift Anti-Wrinkle + Firming Night Cream with Pro-Retinol A and Stimuplex reduces wrinkles, firms skin, and provides 24 hour moisturization. Creams & Moisturizers Beauty Fluids & Lotions Lotions Face Skin Care"
28-147-97-27,2,1,5843,B003A8EKTG,"L'Oreal Paris RevitaLift Anti-Wrinkle + Firming SPF 30 Day Lotion, 1.7 Fluid Ounce L&#39;Oreal Paris RevitaLift Anti-Wrinkle + Firming SPF 30 Day Lotion is now available in a potent formula that helps reverse the signs of photo-aging and better protects your skin. Fortified with Pro-Retinol A and Stimuplex, this increases cell turnover, reduces wrinkles, firms skin, and provides lightweight, all day hydration.  Broad spectrum SPF 30 sunscreen deflects damaging sunrays. The result is smoother, firmer skin in just 4 weeks. Creams & Moisturizers Beauty Fluids & Lotions Lotions Face Skin Care"
28-166-112-121,2,0,4271,B001OMI96A,"Neutrogena Ageless Intensives Tone Correcting Concentrated Serum Night, 1 Ounce Neutrogena Ageless Intensives Tone Correcting Concentrated Serum Night fights the look of stubborn dark spots and discoloration to uncover more even-toned, younger-looking skin. The moisturizing formula is clinically proven to deliver noticeable results: natural skin brightener Essential Soy helps smooth out texture; RetinolSA helps smooth wrinkles fast; and powerful antioxidant Pure Vitamin C revitalizes your complexion.100% saw noticeably more even skin tone77% saw the look of dark spots diminished. Oil-free. Non-comedogenic (won't clog pores)Dermatologist Recommended Creams & Moisturizers Beauty Night Creams Face Skin Care"
28-166-112-121,2,1,11887,B00HNSSJR8,"Neutrogena Rapid Tone Repair Moisturizer Dark Spot Corrector Serum, 1 Fluid Ounce Neutrogena Instantly brighter skin. Visible results in just one week. Instant: this high-potency formula absorbs quickly into skin to deliver our highest concentration of vitamin C, instantly brightening skin. So effective, 100% of women had visible results, instantly. One week: with highly concentrated accelerated retinol sa, this advanced corrector works to renew the look of skin, brightening skin's tone and helping to improve the look of stubborn dark spots and discoloration, revealing noticeably more even, younger looking skin in just one week. Formulated with accelerated retinol sa, which is clinically proven to help: diminish the look of stubborn dark spots and discoloration brighten skin's tone improve skin's clarity and radiance smooth fine lines and texture. Vitamin C: formulated with vitamin C to gently help diminish the look of dark spots and discoloration, for brighter, more even skin tone. Accelerated retinol sa is a unique combination of the following ingredients: retinol sa: exclusive sustained action works to continuously renew the look of skin throughout the day, helping to diminish the look of dark spots and smooth wrinkles fast. Retinol sa is scientifically proven superior to other forms of vitamin A, such as pro-retinol and retinyl palmitate, in its activity. Glucose complex: a retinol sa booster that accelerates skin's surface activity for rapid results. Hyaluronic acid: adds renewing moisture to help hydrate, replenish and rejuvenate the look of skin. Gentle enough for daily use. For all skin tones. Oils & Serums Beauty Skin Care Face"
28-175-82-188,2,0,1650,B000KOM08Q,"L'Oreal Paris Collagen Filler Wrinkle Treatment, 1-Fluid Ounce L&#39;Oreal Paris With Collagen Bio-Spheres & Boswelox. Plumps and visibly smoothes wrinkle creases. Diffuses and fills in the depth and length of facial lines. Anti-aging treatment. On certain facial areas where wrinkles are more pronounced, typical anti-wrinkle treatments are not enough. Innovation: Technology Targeted to Wrinkles: Inspired by dermatological collagen treatments, L'Oreal Paris has created Collagen Filler: The first Wrinkle Reducer with Collagen Bio-Spheres and Boswelox that is applied onto wrinkles to diffuse and fill in the depth and length of facial lines and wrinkles. New Anti-Wrinkle Action: Collagen Filler can be applied on all wrinkles: Forehead wrinkles; Wrinkles around the eyes; Brow furrows; Laugh lines and Vertical lines around the mouth. Actions: Collagen Bio-Spheres penetrate the surface of the skin. As they come into contact with water naturally found in the skin, they expand to plump and fill facial lines and wrinkles. Results: Visibly Smoothes Wrinkle Creases: Immediately, the appearance of expression lines and crow's feet is softened and diffused by up to 20%. With Continuous Use, Consumers Saw Improved Results: In 1 week, 38% saw fewer forehead wrinkles and 44% saw fewer lines around the eyes. In 3 weeks, 46% saw fewer forehead wrinkles and 54% saw fewer lines around the eyes. Dermatologist tested. Dark Circle Treatments Beauty Eyes Skin Care"
28-175-82-188,2,1,8129,B005BQ7KBU,"L'Oreal Paris Revitalift Deep Set Wrinkle Collagen Wrinkle Treatment, 1 Fluid Ounce On certain facial areas where wrinkles are more pronounced, typical anti-wrinkle treatments are not enough. Innovation: technology targeted to wrinkles. Inspired by dermatological collagen treatments, L'Oreal Paris has created collagen filler: the first wrinkle reducer with collagen bio-spheres and boswelox that is applied onto wrinkles to diffuse and fill in the depth and length of facial lines and wrinkles. New anti-wrinkle action. Collagen filler can be applied on all wrinkles: forehead wrinkles, brow furrows, laugh lines and vertical lines around the mouth. Actions: Collagen bio-spheres penetrate the surface of the skin. As they come into contact with water naturally found in the skin, they expand to plump and fill facial lines and wrinkles. Results: visibly smoothes wrinkle creases: immediately, the appearance of wrinkles and expression lines is softened and diffused by up to 20%. With continuous use, consumers saw improved results: in 1 week, 38% saw fewer forehead wrinkles. In 3 weeks, 46% saw fewer forehead wrinkles. Beauty Eyes Skin Care Fillers"
28-203-97-148,2,0,10918,B00AYWN8OY,"L'Oreal Paris Ideal Moisture Even Skin Tone Day/Night Cream, All Skin Types, 1.7 Fluid Ounce L&#39;Oreal Paris This cream works day and night to leave skin with a more even tone and texture. Our unique formula infused with time release Vitamin C and Tourmaline gem helps even skin tone and recapture your skin&#x2019;s clarity.  Skin immediately feels softer, smoother, & more fresh.  After 4 weeks skin tone is more even and texture is visibly smoother.  Dermatologist tested for gentleness - Oil-Free. Creams & Moisturizers Beauty Fluids & Lotions Lotions Face Skin Care"
28-203-97-148,2,1,11406,B00DG1B6V2,"L'Oreal Paris Youth Code Texture Perfector Day/Night Cream, 1.7 Fluid Ounce L&#39;Oreal Paris Refines and perfects skin. Even at pixel-level.  Suitable for all skin tones.  What Is It?  Luxurious, non-greasy cream visibly improves skin quality by working on uneven skin texture with visible pores and fine lines.  How Does It Work?  Texture Perfector with Perline-P, an association of three perfecting actives that optimizes the quality of skin's surface by tightening pores, diminishing fine lines and revealing petal-soft skin texture.  What Are The Results?  Instantly skin feels softer and texture is smoothed for a velvet touch.  In 1 month, women stated that pores appear smaller and fine lines are reduced and 75% of women report seeing an improvement in skin quality.  Based on consumer self-assessments. Creams & Moisturizers Beauty Fluids & Lotions Lotions Face Skin Care"
28-97-143-253,2,0,2801,B0012IXO6Q,"Olay Regenerist 14-Day Skin Intervention Olay Looking to help reclaim the lifted look of your youth? It's time for an intervention. Introducing New Olay Regenerist 14 Day Skin Intervention. While it won't give you the same results as a surgical face lift, the concentrated formula with peptide-B3 complex penetrates the skin's surface for a reinvigorated lifted look. In just 14 days, it helps create the appearance of a skin turnaround, by hydrating to significantly firm and reduce the appearance of wrinkles. You will experience a stronger skin structure by the intensely hydrating system improving skin's moisture barrier. Renew your lifted look throughout the year with an intensive intervention at least every three months. Sets & Kits Beauty Skin Care"
28-97-143-253,2,1,4051,B001JQLNPA,Olay Definity 14-Day Skin Rehabilitation Olay Olay Definity 14 day skin rehabilitation counteracts past skin stresses to diminish discoloration PLUS wrinkles in just 14 days. Time; stress and the environment - especially the sun - can really take a toll on your skin. Introducing Olay Definity 14 Day Skin Rehabilitation. A total anti-aging skin immersion that detoxifies; recovers; and revives skin's appearance in just 14 days. Total skin immersion hydrates and immediately diminishes the appearance of age spots and wrinkles. Skin will emerge with a more flawless luminosity and diminished look of discoloration in just 14 days. Creams & Moisturizers Beauty Fluids & Lotions Lotions Face Skin Care
3-192-47-232,2,0,5807,B00397SNMS,"Elma and Sana 100 % Pure Organic Argan Oil Cold Pressed Virgin, Golden, 2 Ounce ELMA&amp;SANA 100% pure organic cold pressed cosmetic argan oil is the perfect long lasting moisturizer for all skin and hair types, nongreasy fragrancefree and organically coldpressed from the nuts of the Moroccan argan Tree, It is high in vitamin E and essential fatty acids, certified organic By ECOCERT Nongreasy fast absorbing Softens and nourishes Eliminates frizz and adds shine to hair Product of Morocco cold pressed Long lasting moisture. Moisturizers Beauty Body Oils Skin Care"
3-192-47-232,2,1,6533,B003XKY57S,"ELMA&amp;SANA&reg; Golden Argan Oil 100% Pure Cold Pressed Virgin Organic Certified By Ecocert -4oz(120ml) ELMA&amp;SANA 100% pure organic cold pressed cosmetic Argan oil is the perfect long lasting moisturizer for all skin and hair types, nongreasy fragrancefree and organically coldpressed from the nuts of the Moroccan Argan tree. It is high in vitamin E and essential fatty acids, certified organic By ecocert nongreasy fast absorbing softens and nourishes eliminates frizz and adds shine to hair product of morocco cold pressed long lasting moisture. Moisturizers Beauty Body Oils Skin Care"
31-5-8-148,2,0,7273,B004HYRH06,"Physicians Formula Eye Booster 2-in-1 Lash Boosting Eyeliner + Serum Ultra Black 0.2 Oz Physicians Formula High-tech formula enhances the appearance of lashes while providing the instant definition of a liquid eyeliner, in one easy step!  Lash Boosting complex targets the base of lashes where it is most effective. Makeup Beauty Eyes Eyeliner"
31-5-8-148,2,1,7274,B004HYSI1S,"Physicians Formula Eye Booster Lash Boosting Eyeliner + Serum, 2-in-1, Black 7367 Physicians Formula High-tech formula enhances the appearance of lashes while providing the instant definition of a liquid eyeliner, in one easy step Lash Boosting complex targets the base of lashes where it is most effective. Makeup Beauty Eyes Eyeliner"
32-191-188-109,2,0,5989,B003F7X0G6,"Mary Kay TimeWise 3-in-1 Cleanser, Normal/Dry Skin,4.5 ounce Mary Kay Mary Kay TimeWise 3-In-1 Cleanser leaves normal to dry skin feeling clean, fresh and radiant with enhanced hydration. As it cleanses, exfoliates and freshens in one step, it begins the process to reveal younger-looking skin. Plus, with each use, your skin feels refreshed. Beauty Cleansers Skin Care Face"
32-191-188-109,2,1,6279,B003Q19TW0,"Mary Kay Timewise 3-in-1 Cleanser - Normal to Dry Skin TimeWise This creamy cleanser leaves normal to dry skin feeling clean, fresh and radiant with enhanced hydration. As it cleanses, exfoliates and freshens in one step, it begins the process to reveal younger-looking skin. Plus, with each use, your skin feels refreshed. Beauty Cleansers Skin Care Face"
33-137-98-175,2,0,10000,B008GFVOOM,"L'Oreal Infallible Eyeshadow, Gold Imperial 407 L&#39;Oreal Paris 0.12 oz / 3.5 g Makeup Eye Shadow Beauty Eyes"
33-137-98-175,2,1,10430,B009JN6756,Loreal Limited Edition Infallible Eyeshadow - 607 Blinged &amp; Brilliant 0.12 oz / 3.5 g Makeup Eye Shadow Beauty Eyes
33-157-140-61,2,0,9123,B006UET8P8,"Maybelline New York Eye Studio Master Shape Brow Pencil, Soft Brown, 0.02 Fluid Ounce Maybelline Master the shapely brow. So natural, so easy. So now master shape brow pencil's unique, natural wax formula with subtle color pigments creates hair-like fine lines for the most natural definition, and for the perfect finishing touch, feather through with the soft grooming brush. Ophthalmologist tested. Safe for sensitive eyes. Contact lens safe. Makeup Beauty Eyes Eyebrow Color"
33-157-140-61,2,1,9124,B006UET92K,"Maybelline New York Eye Studio Master Shape Brow Pencil, Deep Brown, 0.02 Fluid Ounce Maybelline Master the shapely brow. So natural, so easy. So now master shape brow pencil's unique, natural wax formula with subtle color pigments creates hair-like fine lines for the most natural definition, and for the perfect finishing touch, feather through with the soft grooming brush. Ophthalmologist tested. Safe for sensitive eyes. Contact lens safe. Makeup Beauty Eyes Eyebrow Color"
33-93-215-105,2,0,1977,B000P6BRHY,"Revlon Brow Fantasy, Pencil and Gel, 104 Dark Blonde, 0.04 Ounce Revlon Define and style brows in two quick steps&#8230;the finishing touch for beautiful eyes Makeup Beauty Eyes Liner & Shadow Combinations"
33-93-215-105,2,1,2689,B001126XI4,"Maybelline New York Expert Wear Twin Brow and Eye Pencils, 104 Light Brown, 0.06 Ounce Maybelline Dual purpose pencils work as defining brow filler and a precision eyeliner. Two pencils per pack.Waterproof formula lasts all day. Makeup Beauty Eyes Eyebrow Color"
36-11-53-115,2,0,7446,B004MKEGWM,Clearasil Ultra Acne + Marks Wash and Mask: 6.78 OZ Clearasil Face Beauty Treatments & Masks Masks Skin Care
36-11-53-115,2,1,8073,B0057VQ9R0,"Clearasil Ultra Rapid Action Acne Treatment Overnight Face Scrub, 5 Ounce Beauty Scrubs Exfoliators & Scrubs Face Skin Care"
37-223-42-37,2,0,6495,B003VSH34Y,"SHANY Shimmer Eyeshadow Palette, 50/50 Shimmer Matte, 13 Ounce The SHANY Sunset Collection Eyeshadow Palette (Set of 88 Colors) offers a complete assortment of eye shadows to suit both casual and formal attire. Including shimmering and matte shades and trendy colors in 1/2-inch round pans, the slender, portable compact has mirror and two shadow sponge applicators. Made from a natural mineral oil base, the vivid colors of the eye shadow palette will last for hours--no need to reapply.Sunset CollectionEyeshadow Palette(Set of 88 Colors)At a Glance:88 shades of eye shadow in matte and shimmering huesMineral oil-based powder resists smudging and fadingSlim, compact design with mirror and eye shadow applicatorsWashes off easily with your normal face-cleansing routineSelected and packaged by hand; inspected twice for qualityShimmering and matte shades let you take your looks from day to night in one convenient kit.View larger.Natural mineral oil base creates a vivid shade that is resistant to fading.View larger.Eye Shadow Palette with 88 Versatile ShadesWhether you want to use a subtle matte shade for work or a romantic, shimmering shade for date night, the SHANY Sunset Collection Eye Shadow Palette has shades for the occasion in one convenient kit. Just like a professional makeup artist, you'll have a rainbow of blues, violets, greens, and metallic tones to play with at your fingertips.Long-Lasting Mineral Oil Base Resists SmudgingEach eye shadow in this palette is made from a natural mineral oil base that creates a vivid, highly pigmented shade, smooth application with every stroke, and resistance to fading or smudging.The eye shadow can be easily washed off at the end of the day using your normal makeup removal routine.Slim, Portable Design for Easy StorageThe slender, portable compact features colors that are neatly organized from smokey grays to bright hues. It's lightweight and small enough to throw into a bag or store on your vanity table. The top piece of the case includes a large mirror and two eye shadow sponge applicators for easy application.The palette does not include any brushes. Try pairing it with theSHANY Studio-Quality Natural Cosmetic Brush Set with Leather Pouch(sold separately) for easy, smooth application.Inspected Twice for Quality ControlEach shade of the kit has been made and assembled in the palette by hand for precision and quality. All eye shadow is inspected twice before shipping to ensure a high-quality, defect-free product.Packaged in a black compact printed with the SHANY logo, this eye shadow palette set makes an ideal gift for a girlfriend, wife, or sister.About SHANY: Sleek. Sexy. Breathtaking.With a commitment to high quality, SHANY creates a variety of makeup kits, cases, and accessories. Offering easy accessibility to professional-quality makeup and accessories for at-home users, SHANY assembles and hand-selects every item in their assortment of makeup collections. All shadows are formulated with a natural mineral oil base and packaged in recyclable plastic. SHANY is a proud member of People for the Ethical Treatment of Animals (PETA), and does not test any makeup on animals.What's in the BoxOne SHANY Sunset Collection Eyeshadow Palette (Set of 88 Colors).Eyeshadow and Makeup SetsBold and Bright CollectionMetallic CollectionSunset CollectionProfessional Makeup-KitBoutiqueSmokey EyesMineral EyeSparkle&nbsp; Makeup Eye Shadow Beauty Eyes"
37-223-42-37,2,1,8597,B005UKRRKG,"SHANY Ultimate Fusion Eyeshadow Palette (120 Color Eyeshadow Palette, Natural Nude and Neon Combination), Net Wt. 120g SHANY Cosmetics This palette is a makeup artist dream come true. 120 highly pigmented eye shadows in every color and texture to create exciting over the top looks. This case comes with neutral, warm and cool tones. In both matte and shimmer textures. Go from the office to a night on the town with this wide variety of hues. Neutral colors can be used at work or during the day for a softer look. If you want to stand out in crowd then use the bold bright and vibrant colors in different and funky combos. Use alone or numerous hues for a color explosion on your eyes. Also comes with 12 double effect shadows. Press a flat shadow brush on these colors instead of blending them to create a speckled effect on the eyes. The possibilities are endless so let your imagination run wild. Makeup Eye Shadow Beauty Eyes"
37-223-71-37,2,0,8700,B0061KQF2K,"SHANY Cosmetics Fuchsia 6 Color Blush Palette, 8 Ounce Fuchsia by Shany is for blush lovers with combination of 6 peachy-pinky colors. Colors are great for everyday use and can be combined with any other Shany palette. Pans are large enough to last you for a long time. Durable compact kit is great when you are on the go and the kit fits in any purse. Color combination is unlimited, so let your imagination run wild and blend your perfect color by fuchsia today. Colors are highly pigmented and stored in temperature controlled facility so that it wont crack, and wont melt. Try it today to see the difference. Makeup Blush Beauty Face"
37-223-71-37,2,1,8701,B0061KQG6K,"Shany Cosmetics Everyday Travel Trio Eyeshadow Palette, Olive, Champagne, 4 Ounce SHANY Cosmetics Shany Trio is back with bold and mega size pans, which last a long time. It easily fits in any purse and can be worn over any primer. Trio palettes were made to replace the bigger palettes since they are hard to carry around. These palettes are great for people who usually uses couple of colors only, the small size and the compact kit. It's great when you are on the go. The quality is outstanding and pans are 1 inch in diameter. Each kit comes with a compact mirror. Makeup Eye Shadow Beauty Eyes"
37-223-78-37,2,0,8598,B005UKZAJG,"SHANY 2012 Edition All In One Harmony Makeup Kit, 25 Ounce SHANY Cosmetics This functional palette is perfect for the makeup artist in you. With 168 highly pigmented eye shadows it will be easy to go from day to night. Customize your look with natural colors, trendy shades and bold hues. 98 shimmer shadows provides a rich luster of color. Cool tones ranging from blacks, blues, purples, and greens. Warm colors in reds, oranges, bronze and gold tones. 70 pastel shimmer shadows vary in a wide array of colors. You can use lighter colors to highlight, deeper colors to define and brighter vibrant colors to add an edgy pop to any look. 3 blushes in pale matte pink, vibrant shimmer pink and matte peach. Each blush is perfect to wear alone or mix them together to compliment any skin tone. 6 lip glosses.With so much makeup to choose from your color combinations will be endless. Makeup Foundation Beauty Face"
37-223-78-37,2,1,8599,B005UL1B34,"SHANY 180 Color Eyeshadow Palette (180 Color Eyeshadow Palette, United Colors of SHANY, Neon Frenzy, Limited), 6.25 Ounce SHANY Cosmetics This palette is makeup artist dreams come true. 180 highly pigmented eye shadows in every color and texture to create exciting over the top looks. This case comes with neutral, warm and cool tones. In both matte and shimmer textures. Go from the office to a night on the town with this wide variety of hues. Neutral colors can be used at work or during the day for a softer look. If you want to stand out in crowd then use the bold bright and vibrant colors in different and funky combos. Use alone or numerous hues for a color explosion on your eyes. Also comes with 12 double effect shadows. Press a flat shadow brush on these colors instead of blending them to create a speckled effect on the eyes. The possibilities are endless so let your imagination run wild. Makeup Eye Shadow Beauty Eyes"
37-52-91-92,2,0,9264,B0073OC9S2,"Neewer&reg; Fashion 16 Pcs Pro Purple Makeup Eye Shadow Brush Cosmetic Set Kit Cydraend Description:* Easy to apply cosmetics on and very soft to your skin. Suitable for professional use or home use. Wooden aluminium tube handle for easy ot use and put powder on Protective Roll-up Holder leather Bag, easy to carry! Brushes included:Powder Brush , Blush Brush, Angled Blush Brush , Long Shade Brush , Large Shade Brush , Medium Shade Brush , Long Shade Brush , Fan Brush , Small Shade Brush , Brow Brush , Lip Brush , Eye Liner Brush , Eye Applicator Brush , Lash Brush , Lash Comb Brow Comb/Cake Mascara No animals have been harmed or maimed for making these brushes.Package contents:* 1 x NEEWER Makeup Brush Set 16pcs* 1 x Purple Bag Makeup Brushes & Tools Beauty Tools & Accessories Brushes & Applicators"
37-52-91-92,2,1,10267,B0092LDWWQ,"Roll up Case Cosmetic Brushes Kit 24 PCS Pro Wooden Handle Makeup Brush Tool (Pink) Cosmetic Brush Specifications:Total 24 brushes for facial makeup: Foundation Brush, Concealer Brush, Eyeshadow Brush, Eyebrow Brush, Blush Brush, Lip Brush, Mascara Brush...
 
Adopts natural pure goat hair which provides superb ability to hold powerder, soft and pleasing for your skin.
 
Gorgeous purple soft leather bag, easy to collect and carry brushes.
 
An essential for not only professionals but also DIY users.Note:Due to the difference between different monitors, the picture may not reflect the actual color of the item.Shipping and Handling FeeWe will mail by Hong Kong Post Registered airmaill with tracking no. within three business days after received your payment,please note that we do not work on Weekend and Public Holidays,so orders placed on Friday afternoon and weekend will be shipped on Next Monday or Tuesday,placed on Public Holidays will be shipped when we back to work.To USA, Canada, Australia and Europe countries it takes around 15-25 business days.To other places in the world, it usually takes around 30-45 business days to get delivered.Our Refund PolicyWE WISH YOU TO BE HAPPY WITH YOUR PURCHASE! If item arrives damaged or broken, you will receive a replacement free of charge (digital photo of the defective item may be required).If simply not satisfied with item, please return item in original package and in same condition as it was received (must notify us within 7 days of receipt),buy should pay the return shipping cost,you will get Full Refund, minus shipping costs, if returned in same condition within 7 days. THANKS and HAPPY SHOPPING! Beauty Tools & Accessories Cosmetic Bags Bags & Cases"
4-131-161-75,2,0,583,B0006BDO5Q,"Peter Thomas Roth Glycolic Acid 10% Hydrating Gel, 2 Ounce Peter Thomas Roth A luxurious moisturizing complex that uses a gentle, patented time-release form of glycolic acid to help produce a beautiful, fresh, youthful looking complexion.  Advanced deep skin renewing action increases cell turnover to help diminish the appearance of fine lines, wrinkles and other signs of aging. Reduces excess oiliness and helps clarify the skin and smooth out rough texture, leaving it refined and revitalized. Face Beauty Treatments & Masks Acids & Peels Glycolic Acid Skin Care"
4-131-161-75,2,1,2850,B0012XM8X6,"Peter Thomas Roth Glycolic Acid Moisturizer 2.2 Ounce Peter Thomas Roth A luxurious moisturizing complex that uses a gentle, patented time-release form of glycolic acid to help produce a beautiful, fresh, youthful looking complexion.  Advanced deep skin renewing action increases cell turnover to help diminish the appearance of fine lines, wrinkles and other signs of aging. Reduces excess oiliness and helps clarify the skin and smooth out rough texture, leaving it refined and revitalized. Face Beauty Treatments & Masks Acids & Peels Glycolic Acid Skin Care"
4-131-95-11,2,0,353,B0001MC06Y,"Peter Thomas Roth Beta Hydroxy Acid 2% Acne Wash 8.5 fl oz Peter Thomas Roth A gentle and effective oil-free acne wash that deep cleans without over drying.  Helps eliminate the breakout cycle while removing excess oil and bacteria. Penetrates pores to eliminate, clear up and help prevent the development of new whiteheads, blackheads and acne blemishes. Oil-free, alcohol-free and fragrance-free. For oily, problematic and acne skin types. Beauty Cleansers Skin Care Face"
4-131-95-11,2,1,10653,B00A9ELDS0,"Peter Thomas Roth AHA/BHA Acne Clearing Gel, 3.4 Ounce Peter Thomas Roth This advanced formulation clears up whiteheads, acne blemishes, and blackheads, while refining pores and helping to reduce the appearance of fine lines, wrinkles, acne marks, and residual discolorations. Beauty Cleansers Skin Care Face"
4-91-76-249,2,0,8626,B005WKFHYC,"Peter Thomas Roth Mega Rich Shampoo, 8 Fluid Ounce Peter Thomas Roth Mega-Rich Shampoo is rich with Biotin B-7 Complex, Vitamins C, E and Pro Vitamin B5 for clean, shiny, nourished healthy-looking hair. Shampoos Beauty Hair Care"
4-91-76-249,2,1,8627,B005WKFS6E,"Peter Thomas Roth Mega Rich Conditioner, 8 Fluid Ounce Peter Thomas Roth This vitamin-infused conditioner nourishes with a mega-luxe Biotin B-7 Complex while Vitamins C, E and Pro Vitamin B5 leave hair soft, smooth, stylish and touchable. Beauty Hair Care Conditioners"
42-196-145-112,2,0,810,B0009OAIKY,"Halston 1-12 by Halston for Men, Cologne Spray, 4.2-Ounce Halston Introduced in 1976. Fragrance notes: sweet florals, wood and musk. Recommended use: evening. Fragrance Beauty Cologne Men's"
42-196-145-112,2,1,2410,B000VON818,"Jovan White Musk By Jovan For Women, Cologne Spray, 3.25-Ounce Bottle Coty Launched by the design house of Coty in 1992, JOVAN WHITE MUSK is a women's fragrance that possesses a blend of spicy, woodsy, warm white florals.  It is recommended for daytime wear. Fragrance Women's Beauty Cologne"
43-190-252-119,2,0,9930,B008BS9YNC,"L'Oreal Paris Youth Code BB Cream Illuminator, Light, 2.5 Fluid Ounce L&#39;Oreal Paris Experience 5 complexion-perfecting benefits in a single step. Youth Code BB Cream Illuminator instantly evens, illuminates, perfects, moisturizes, and protects skin. In one week, tone and texture are improved and skin is healthier looking. Contains Broad Spectrum UVA/UVB SPF 15. Available in 2 shades. Creams & Moisturizers Beauty Skin Care Face"
43-190-252-119,2,1,9931,B008BS9Z8G,"L'Oreal Paris Youth Code BB Cream Illuminator, Medium, 2.5 Fluid Ounce L&#39;Oreal Paris Experience 5 complexion-perfecting benefits in a single step. Youth Code BB Cream Illuminator instantly evens, illuminates, perfects, moisturizes, and protects skin. In one week, tone and texture are improved and skin is healthier looking. Contains Broad Spectrum UVA/UVB SPF 15. Available in 2 shades. Creams & Moisturizers Beauty Skin Care Face"
43-4-154-1,2,0,144,B00005V5OU,"Neutrogena Healthy Defense Daily Moisturizer, SPF 30, Light Tint 1.7 Ounce Neutrogena Healthy Defense SPF 30 Daily Moisturizer offers broadspectrum daily protection against incidental sun exposure. It also helps prevent the signs of premature aging. SPF 30 sunscreen protects skin against damaging UVA and UVB rays. Vitamin E and ProVitamin B5 formula helps protect skin from environmental damage caused by free radicals. Lightweight and nongreasy, it absorbs quickly and keeps skin hydrated all day. Creams & Moisturizers Beauty Face Skin Care Tinted Moisturizers"
43-4-154-1,2,1,6548,B003XUROHQ,"Neutrogena Oil Free Moisture SPF 35, 2.5  Ounce Neutrogena An incredibly light liquid daily moisturizer that glides on smoothly, working beautifully alone as a lightweight moisturizer or as an addition to your existing skincare products. The ultralight fluid goes on invisibly and provides superior broad spectrum UVA/UVB protection that helps prevent premature signs of aging caused by everyday exposure to sun's damaging rays. Sunscreens Beauty Face Sunscreens & Self Tanners Skin Care"
46-208-243-216,2,0,2645,B000ZLVUYO,"It's A 10 Miracle Hair Mask , 8-Ounces Jars Its a 10 1. Detangles 2. Restores Moisture 3. Instantly Restores Elasticity 4. Softens 5. Smoothes 6. Imparts Luminous Shine 7. Enhances Natural Body 8. Nourishes 9. Defrizzes 10. Improves color vibrancy Hair & Scalp Treatments Beauty Hair Care"
46-208-243-216,2,1,3551,B001CYRV64,"Miracle Leave In Product 2 oz. It&#39;s a 10 Repairs dry, damaged hair while adding shine. Detangles and controls frizz Seals and protects hair color. Prevents split ends and stops hair breakage. Creates silkiness while enhancing natural body Flat iron spray and thermal protector. Hair & Scalp Treatments Beauty Hair Care"
46-92-160-232,2,0,7842,B004Z1L3E2,"Redken Extreme Strength Builder Fortifying Mask For Distressed Hair, 8.5 Ounce Redken Deeply condition and strengthen distressed hair. Delivers protein and ceramide to help fortify weakened areas, protect internal strength and reinforce surface protection and shine. Hair is healthy-looking and resilient. Hair & Scalp Treatments Beauty Hair Care"
46-92-160-232,2,1,7843,B004Z1L3JC,"Redken Extreme Strength Builder Plus 8.5 oz Redken Provides intense fortifying care to the core of highly distressed hair. Delivers protein and ceramide to help fortify weakened areas, protect internal strength and reinforce surface protection and shine. Hair is healthy-looking and resilient. Safe for color-treated hair. Made in usa. Beauty Styling Products Hair Care Creams, Gels & Lotions"
47-164-214-14,2,0,881,B000AA5VD6,"Sally Hansen Insta, Dri Insta, Dri Anti, Chip Top Coat Sally Hansen Sally Hansen insta-dri anti-chip top coat is a quick, dry, chip resistant top coat. Dries any nail color. 30 seconds to set. No-chip shine up to 10 days. Hardens and dries any nail color. Helps get you out of the door in a flash-just 30 seconds to set. High-gloss superior shine. Double uv filters shield manicure from fading and discoloring. Makeup Nails Beauty Top & Base Coats"
47-164-214-14,2,1,5742,B0037MMQBO,"Sally Hansen Dries Instantly Top Coat-0.45 oz Sally Hansen Sally Hansen dries instantly is a quick,-drying top coat that resists smudging, chipping and fading. Virtually ends smears, smudges and streaks. Dries, seals and shines for a strong, glass-like finish. UV absorbers help protect nail color from yellowing and fading caused by exposure to sunlight and environmental stresses. Use between manicures to freshen nail color with brilliant shine. Hands & Nails Beauty Skin Care Nail Treatments"
47-196-94-219,2,0,3332,B0019XZ57U,"Nail Tek Intensive Therapy II Buy 1 Get 1 free &quot;.5x2 oz&quot; Nail Tek Nail Tek FORMULATION II helps heal weak, thin, soft, or peeling nails. This unique protein formulation seals the layers of nail together. With each application, Intensive Therapy reinforces and thickens nails while promoting strength and flexibility.. Hands & Nails Nail Strengthening Beauty Nail Treatments Skin Care"
47-196-94-219,2,1,3460,B001BHOQRO,"Xtra For Previously Unsalvageable Nails, NK14000, Nail Tek / Nail Treatments Nail Tek NAIL TEK Xtra Maximum Strength Formula for difficult nails is a concentrated formula to correct severe nail weakness. 5 oz. NAILS Magazine Reader's Choice Award 2005 Hands & Nails Beauty Skin Care Nail Treatments"
47-95-227-207,2,0,2772,B00126IXLO,"Quimica Alemana Nail Hardener 0.47 oz Quimica Alemana Nail strengthener that, besides forming a protective barrier, prevents chipping, peeling and splitting of your nails. Instructions for use: Shake before use. Apply only to clean and dry nails. To start the treatment, apply a thin coat from the center of the nail down to the tip once a week. Let it dry and paint the nail with your favorite nail polish. After three applications, as the nail gets stronger, brush one thin coat covering the whole nail. Use once weekly. Protect the skin around the cuticles with cream. Caution: Can cause some discomfort on first use. If you feel pain, burning or persistent discomfort, remove it immediately from all nails and suspend its use. Avoid contact with cuticles and skin. Warning: Not meant for daily use. Keep out of reach of children. Keep away from heat and flames. Flammable. This product is formulated to be used once a week. Please note that, as is the case with any cosmetic product, excessive use can cause unwanted side effects. And again: if you haven't used this product before, do not cover the whole nail with the strengthener on first use. As your nails get stronger from week to week you can slowly start to cover the whole nail. This is especially important if you have very thin or brittle nails. Note: Retailers in the United States have to sell this product in the original box with correct ENGLISH LABELING AND INSTRUCTIONS printed on the cardboard box. Should you only receive the glass bottle without the box, please return the item to the seller for your own safety! Hands & Nails Nail Strengthening Beauty Nail Treatments Skin Care"
47-95-227-207,2,1,5774,B0038IA8XA,"Quimica Alemana - Esmalte Endurecedor para Unas (Nail Hardener) 0.47 fl oz Quimica Alemana Nail strengthener that, besides forming a protective barrier, prevents chipping, peeling and splitting of your nails. Instructions for use: Shake before use. Apply only to clean and dry nails. To start the treatment, apply a thin coat from the center of the nail down to the tip once a week. Let it dry and paint the nail with your favorite nail polish. After three applications, as the nail gets stronger, brush one thin coat covering the whole nail. Use once weekly. Protect the skin around the cuticles with cream. Caution: Can cause some discomfort on first use. If you feel pain, burning or persistent discomfort, remove it immediately from all nails and suspend its use. Avoid contact with cuticles and skin. Warning: Not meant for daily use. Keep out of reach of children. Keep away from heat and flames. Flammable. This product is formulated to be used once a week. Please note that, as is the case with any cosmetic product, excessive use can cause unwanted side effects. And again: if you haven't used this product before, do not cover the whole nail with the strengthener on first use. As your nails get stronger from week to week you can slowly start to cover the whole nail. This is especially important if you have very thin or brittle nails. Note: Retailers in the United States have to sell this product in the original box with correct ENGLISH LABELING AND INSTRUCTIONS printed on the cardboard box. Should you only receive the glass bottle without the box, please return the item to the seller for your own safety! Hands & Nails Nail Strengthening Beauty Nail Treatments Skin Care"
48-15-242-140,2,0,1333,B000G666HE,"Jerdon JP2027N 8-Inch Two-Sided Swivel Wall Mount Mirror with 7x Magnification, 23-Inch Extension, Nickel Finish Jerdon The Jerdon JP2027N 8-Inch Two-Sided Swivel Wall Mount Mirror is used in luxury hotels and spas because of its convenience, sleek look and magnification. This two-sided circular mirror has an 8-inch diameter and features a smooth 360-degree swivel design that provides 1x and 7x magnification options to make sure every detail of your hair and makeup are in place. The extension arm and smooth rotation adjusts to all angles for a dynamic point of view. The JP2027N extends 20-inches from the wall and can be easily moved around, while still being firm enough to hold for odd angles. This mirror has an attractive nickel finish that protects against moisture and condensation and is designed to be wall mounted. This item comes complete with mounting hardware. The Jerdon JP2027N 8-Inch Two-Sided Swivel Wall Mount Mirror comes with a 1-year limited warranty that protects against any defects due to faulty material or workmanship. The Jerdon Style company has earned a reputation for excellence in the beauty industry with its broad range of quality cosmetic mirrors (including vanity, lighted and wall mount mirrors), hair dryers and other styling appliances. Since 1977, the Jerdon brand has been a leading provider to the finest homes, hotels, resorts, cruise ships and spas worldwide. The company continues to build its position in the market by both improving its existing line with the latest technology, developing new products and expanding its offerings to meet the growing needs of its customers. Mirrors Beauty Tools & Accessories Makeup Mirrors"
48-15-242-140,2,1,3592,B001DKRMB6,"Jerdon JP7808N 8-Inch Two-Sided Swivel Wall Mount Mirror with 8x Magnification, 13.5-Inch Extension, Nickel Finish Jerdon The Jerdon JP7808N 8-Inch Two-Sided Swivel Wall Mount Mirror is used in luxury hotels and spas because of its convenience, sleek look and magnification. This two-sided circular mirror has an 8-inch diameter and features a smooth 360-degree swivel design that provides 1x and 8x magnification options to make sure every detail of your hair and makeup are in place. The extension arm and smooth rotation adjusts to all angles for a dynamic point of view. The JP7808N extends 13.5-inches from the wall and can be easily moved around, while still being firm enough to hold for odd angles. This mirror has an attractive nickel finish that protects against moisture and condensation and is designed to be wall mounted. This item comes complete with mounting hardware. The Jerdon JP7808N 8-Inch Two-Sided Swivel Wall Mount Mirror comes with a 1-year limited warranty that protects against any defects due to faulty material or workmanship. The Jerdon Style company has earned a reputation for excellence in the beauty industry with its broad range of quality cosmetic mirrors (including vanity, lighted and wall mount mirrors), hair dryers and other styling appliances. Since 1977, the Jerdon brand has been a leading provider to the finest homes, hotels, resorts, cruise ships and spas worldwide. The company continues to build its position in the market by both improving its existing line with the latest technology, developing new products and expanding its offerings to meet the growing needs of its customers. Mirrors Beauty Tools & Accessories Makeup Mirrors"
48-16-222-113,2,0,9815,B0085WHBHU,"Deluxe Shave Well Fog-free Shower Mirror - #1 Best-seller in the Shower Mirror Category on Amazon - 33% Larger Than the Original Shave Well Mirror The Shave Well Company A close, comfortable shave requires a lot of moisture. What better place to get wet than in the shower! Simply by its unique design, The Deluxe Shave Well Company TRULY FOG FREE mirror will change the way you feel about shaving in the shower.Warm it up!To get that truly fog-free reflection with your Shave Well mirror, hold it under the shower stream for a few seconds to ""warm it up"" right before you shave.Suction cups don't suck!Suction cups don't suck! The adhesive hook affixes to any shower surface holding Shave Well mirror solidly in place. No more suction cups falling off of the wall. Also, since Shave Well mirror is removable from the wall mounted hook it is very easy to clean for a clear reflection each time you use it.What is fog and why does it happen?Fog is simply condensation.  Shower water is much warmer than the air temperature of most homes.  Your warm shower heats the air and it becomes saturated.  This warm moist air becomes fog or condensation which collects on all cooler surfaces - like mirrors.How is the Shave Well mirror truly fog free?The Shave Well Company shower shaving mirror is fog free simply by design!  In the few seconds you hold it under the shower spray the temperature of the moist air and the mirror equalize to create a long lasting, truly fog free image for the duration of your shower.  No more temperature difference - no more fog.As Goldilocks said it's just right.The Deluxe Shave Well Company fog free shower shave mirror measures 6.83"" tall, 5.25"" wide and is 1/8"" thick. The Deluxe Shave Well mirror is 33% larger than our original #1 selling Shave Well mirror and provides a larger viewing area to aid your shaving or facial cleansing experience. The base of the adhesive hook (the part that sticks to the wall) is 1"" x 1 1/2"" Mirrors Beauty Tools & Accessories Shower Mirrors"
48-16-222-113,2,1,9918,B008B9DU22,"Fogless Shower Mirror with Squeegee by ToiletTree Products. Guaranteed to NEVER fog or your money back! ToiletTree Products has perfected the fogless shower mirror industry. With patents to support the concept, we set ourselves apart from the rest of the ""competition""Like all of our mirrors, this fogless shower mirror is guaranteed not to fog in the shower - EVER. Stop buying other fogless shower mirrors that just don't work. This mirror comes with specially designed suctions cups allowing you to detach it and take your mirror with your anywhere. The mirror is simple to use, just fill the reservoir before each use! An included self-stored squeegee removes any excess water from the front of your mirror. The mirror comes with an included drawstring pouch to protect your mirror while its not being used. Dermatologists recommend performing daily skin care regimen in the shower as this promotes healthier looking skin. The combination of heat and moisture open the pores and creates an ideal environment for shaving, exfoliating, tweezing and cleaning. Great for college dorms, traveling on vacation and business trips.To use: Simply fill the reservoir with hot shower water before each use. The hot water will keep the mirror the same temperature as the environment in your shower which makes it scientifically impossible for your mirror to ever fog.This mirror is 4.75 inches x 5.5 inches. It is small enough to fit directly in your toiletry travel bag, yet large enough to get the job done everyday. If you are looking for a larger, or a fogless mirror that doesn't use suction cups, check out our original version of this product. Mirrors Beauty Tools & Accessories Shower Mirrors"
48-238-15-113,2,0,3593,B001DKVBJU,"Jerdon MC315N 3-Inch Folding Two-Sided Swivel Travel Mirror with 15x Magnification, Nickel Finish Jerdon The Jerdon MC315N 3-Inch Folding Travel Mirror is an ideal bathroom and makeup accessory that can be taken on all your journeys, helping you maintain your look wherever you go. This smart travel mirror folds flat and features a cleverly designed stable base with a convenient tilt adjustment and 360-degree swivel rotation to angle this mirror however you please. The two-sided, 360-degree rotating design offers a regular reflection of 1x magnification and 15x magnification to make sure every detail of your hair and makeup are in place. The mirror is 3-inches in diameter and can stand upright on countertops, vanities and tables, making it an ideal companion on all your trips. The MC315N features an attractive nickel finish that is not only aesthetically charming, but protects against moisture and condensation. The Jerdon MC315N 3-Inch Folding Travel Mirror comes with a 1-year limited warranty that protects against any defects due to faulty material or workmanship. The Jerdon Style company has earned a reputation for excellence in the beauty industry with its broad range of quality cosmetic mirrors (including vanity, lighted and wall mount mirrors), hair dryers and other styling appliances. Since 1977, the Jerdon brand has been a leading provider to the finest homes, hotels, resorts, cruise ships and spas worldwide. The company continues to build its position in the market by both improving its existing line with the latest technology, developing new products and expanding its offerings to meet the growing needs of its customers. Mirrors Beauty Tools & Accessories Makeup Mirrors"
48-238-15-113,2,1,4950,B002HRENPW,"Jerdon MC449N 5.5-Inch Folding Two-Sided Swivel Travel Mirror with 10x Magnification and Velveteen Storage Pouch, Nickel Finish Jerdon The Jerdon MC449N 5.5-Inch Folding Travel Mirror is an ideal bathroom and makeup accessory that can be taken on all your journeys, helping you maintain your look wherever you go. This smart travel mirror folds flat and features a cleverly designed stable base with a convenient tilt adjustment and 360-degree swivel rotation to angle this mirror however you please. The MC449N comes with a velveteen travel pouch to protect its surface, making it easy to stow in suitcases, handbags and storage bins while you&#x2019;re on the go. The two-sided, 360-degree rotating design offers a regular reflection of 1x magnification and 10x magnification to make sure every detail of your hair and makeup are in place. The mirror is 5.5-inches in diameter and can stand upright on countertops, vanities and tables, making it an ideal companion on all your trips. The MC449N features an attractive nickel finish that is not only aesthetically charming, but protects against moisture and condensation. The Jerdon MC449N 5.5-Inch Folding Travel Mirror comes with a 1-year limited warranty that protects against any defects due to faulty material or workmanship. The Jerdon Style company has earned a reputation for excellence in the beauty industry with its broad range of quality cosmetic mirrors (including vanity, lighted and wall mount mirrors), hair dryers and other styling appliances. Since 1977, the Jerdon brand has been a leading provider to the finest homes, hotels, resorts, cruise ships and spas worldwide. The company continues to build its position in the market by both improving its existing line with the latest technology, developing new products and expanding its offerings to meet the growing needs of its customers. Mirrors Beauty Tools & Accessories Makeup Mirrors"
48-91-255-247,2,0,10004,B008GSY7UM,"Jerdon JGL10W Euro Tabletop Tri-Fold Two-Sided Lighted Makeup Mirror with 5x Magnification and 4-Light Settings, White Finish Jerdon Mirrors Beauty Tools & Accessories Makeup Mirrors"
48-91-255-247,2,1,10762,B00AK4QS7A,"Jerdon JGL7W Euro Tabletop Two-Sided Lighted Makeup Mirror with 5x Magnification and 4-Light Settings, White Finish Jerdon Mirrors Beauty Tools & Accessories Makeup Mirrors"
5-153-58-178,2,0,10659,B00AA8DQN0,12 Color Nail Art Hexagon Shiny Sparkle Glitter Flakes Sequins Powder Dust Tips Manicure Decoration HEY 12 Color Nail Art Hexagon Shiny Sparkle Glitter Flakes Sequins Powder Dust Tips Manicure Decoration Makeup Nails Beauty Nail Art
5-153-58-178,2,1,10662,B00AA8DRHA,12 Color Nail Art UV Gel Acrylic Crushed Shell Shiny Sparkle Glitter Powder Flakes Tips Decoration Nails gaga 12 Color Nail Art UV Gel Acrylic Crushed Shell Shiny Sparkle Glitter Powder Flakes Tips Decoration Makeup Nails Beauty Nail Art
5-153-58-223,2,0,10655,B00A9R0BKI,12 Different Size Nail Art Nailart Round Glitter Rhinestones Tips Manicure Decoration Clear + Wheel Nails gaga 12 Different Size Nail Art Nailart Round Glitter Rhinestones Tips Manicure Decoration Clear + Wheel Makeup Nails Beauty Nail Art
5-153-58-223,2,1,10656,B00A9R0BXU,Vip Beauty Shop 6 Colors Nail Art Nailart Half Round Pearl Beads Rhinestones Tips Manicure 3d Decoration Wheel Vip Beauty Shop 6 Colors Nail Art Nailart Half Round Pearl Beads Rhinestones Tips Manicure 3D Decoration Wheel Makeup Nails Beauty Nail Art
5-153-9-214,2,0,8847,B006CAYJZO,50pcs Fruit Canes Slice Nail Art Decoration Crazy Cart 50pcs Fruit Canes Slice Nail Art DecorationSticks Rods Stickers DecorationFast delivery! Beauty Tools & Accessories Nail Art Equipment Nail Tools
5-153-9-214,2,1,8848,B006CCNDYA,100pcs 3D Designs Cute Nail Art Manicure Fimo Canes Sticks Rods Stickers Decoration Yesurprise 100pcs 3D Designs Cute Nail Art Manicure Fimo Canes Sticks Rods Stickers Decoration Beauty Tools & Accessories Nail Art Equipment Nail Tools
5-165-49-62,2,0,9700,B007ZGM6A4,"niceEshop 1 Bag (100pcs)3D Mix Resin Rhinestone Glitter Bowknot Slice Nail Art Tips/Decals/Stickers DIY Decorations niceEshop Color: show as picture;niceEshop bulk packing with good quality new item.Package include:1 x bag (100pcs) of bow nail artPlease note:1> niceEshop(TM) is a worldwide registered trademark and the only authorized seller of niceEshop branded products.2> niceEshop(TM) items,packing,bar code and accessories are exclusive,any counterfeit niceEshop brand items and sellers should be prohibited.3> niceEshop provides various kinds of great products(Electronics,Home&Garden;,Beauty&Health;,Clothing,shoes& Sports outdoors...etc) at lowest prices, welcome to our store!!! Makeup Nails Beauty Nail Art"
5-165-49-62,2,1,10327,B009A0VGKY,"niceEshop Shiny Rhinestones Transparent Crystal Cross Shape Nail Stickers Decals Nail Art DIY Decorations niceEshop Color: show as picture;niceEshop bulk packing with good quality new item.Package include:1 x bag(10Pcs) of transparent crystal cross nail decals.Please note:1> niceEshop(TM) is a worldwide registered trademark and the only authorized seller of niceEshop branded products.2> niceEshop(TM) items,packing,bar code and accessories are exclusive,any counterfeit niceEshop brand items and sellers should be prohibited.3> niceEshop provides various kinds of great products(Electronics,Home&Garden;,Beauty&Health;,Clothing,shoes& Sports outdoors...etc) at lowest prices, welcome to our store!!! Makeup Nails Beauty Nail Art"
5-170-162-14,2,0,10222,B008Y043NS,"350BUY Sweet Clear Pink Hearts Acrylic French False Nail Art Tips 50pcs 350buy 50 pcs (5pcs for each size),10 different sizes (size 1 ~ 10) Beauty Tools & Accessories False Nails Nail Tools"
5-170-162-14,2,1,10745,B00AH4THVM,10 Pcs Professional 3g/Bottle Acrylic Nail Art Glue For French False Tips Rhinestones Manicure Tools Nicky&#39;s Gift Slim size which is easy to be carried out everywhereNet weight: 3g(1pcs)Package included: 10 x 3g Professional Nail Glue Beauty Tools & Accessories False Nails Nail Tools
5-170-162-209,2,0,10747,B00AH4TJNS,10 Pcs Professional Acrylic Nail Art Glue Pink for French False Tips Manicure Decoration Tools Nails gaga 10 pcs for each box Beauty Tools & Accessories False Nails Nail Tools
5-170-162-209,2,1,10748,B00AH4TKEQ,3 Pcs Professional 3g/Bottle Acrylic Nail Art Glue For French False Tips Rhinestones Manicure Tools ZMWL Package Includes: 3 x 3g Professional Nail Art Nails Glue Beauty Tools & Accessories False Nails Nail Tools
5-170-162-81,2,0,9108,B006T8T0P8,500pcs Lady White French Acrylic Style Artificial False Nails Half Tips nail world365 Products trademarked VRG are marketed and sold exclusively by VRGamerz Beauty Tools & Accessories False Nails Nail Tools
5-170-162-81,2,1,10156,B008TNPXMK,"100pcs Zebra Pattern French Artificial Half False Nails Nail Art Tips + Glue + Box #D2 Come2Buy Adored is a brand and Trade Mark. The Adored package is unique!

More Beauty, Jewelery, Clothing&Accessaries;, Arts&Crafts; products, please click in the Brand Adored and search! Beauty Tools & Accessories False Nails Nail Tools"
5-170-236-223,2,0,8967,B006L16BHS,niceEshop Nail Clipper Acrylic Uv GEL False Tips Cutter 46p(Nail Clipper) Nail Clipper Package includes: 1 x Pink Nail Clipper Cutter Beauty Tools & Accessories Nail Tools Clippers & Trimmers
5-170-236-223,2,1,9832,B0086LC1U2,2PC pink double dappen dish nail art liquid acrylic HongNuo 100% Brand new2 x Double Dappen Dish Nail Art Acrylic Liquid PowderMade of PlasticFlip CoverColor: PINK Beauty Tools & Accessories Nail Art Equipment Nail Tools
5-25-162-62,2,0,4639,B00272UIPG,500 CLEAR False Toenails Eamee 500 CLEAR False Toenails Beauty Tools & Accessories False Nails Nail Tools
5-25-162-62,2,1,10761,B00AK0W10M,YKS 500 pcs French Acrylic Artificial Fake Fingernails Full Cover fake False Nails Art Tips party wedding nails Decoration Manicure for women girl lady White Generic YKS 500 pcs French Acrylic Artificial Fake Fingernails Full Cover fake False Nails Art Tips party wedding nails Decoration Manicure for women girl lady White Beauty Tools & Accessories False Nails Nail Tools
5-25-236-98,2,0,8512,B005QDYH8M,Crystal Glass Dappen Dish with Stainless Steel Lid Fuji dappen dish with lid Beauty Tools & Accessories Nail Art Equipment Nail Tools
5-25-236-98,2,1,9174,B006X42XXY,Glass Dappen Dish with Stainless Metal Lid (Clear) Fuji Glass Dappen Dish with Stainless Metal Lid (Clear) Nail Brushes Beauty Tools & Accessories Nail Tools
5-3-236-127,2,0,8417,B005MEOJVK,"VOGUE PROFESSIONAL &reg; My MANICURIST &reg; Budget Priced Fast Electric Powerful Manicure Pedicure Professional Salon Nail Drill File for Gels, Acrylics, Natural Nails. Turbo Nail Filing system. Control box for easy speed adjustment. Bits fit Vogue Dremel Kupa. INCLUDES 5 Diamond Bits, 5 sanding bands, 1 pc Mandrel . Model 2014 VOGUE Professional  / My Manicurist  is a Budget priced drill for doing professional nails at home or for professional use.
Ideal for beauty student, nail salon.
Electrical/Plug-in Drill in 110V (for USA, Canada, Mexico).
Powerful: 3000-18,000 RPM Variable Speed.
FEATHERLIGHT Handpiece is easy slide-in/out type chuck. No need for an additional tool (wrench) to insert or remove an attachment.
Forward/Reverse selection.
Comes complete with hard-to-find, and usually expensive attachments, such as couple of diamond bits.
Sanding Bands included.
Standard chuck of 3/32"" shank size (professional attachments will fit). Any additional attachments (not included) will fit the handpiece as long as the shank size is 3/32"".
Comes with Separate Control Box for precision speed control. Sale is final due to FDA regulations Beauty Tools & Accessories Nail Tools Nail Files & Buffers"
5-3-236-127,2,1,8418,B005MEPC52,"VOGUE PROFESSIONAL &reg; Rechargeable Cordless Powerful Pen Shape Nail Drill File Acrylics Gels Natural Nails Salon Pedicure Pro bits Fits Dremel Kupa . Callus removal . Can be used for Pet Grooming as well. Model 2014 Quick and long lasting charge. Dual Voltage USA DESIGNED FOR THE PURPOSE TO USE ON NAILS.

RECHARGEABLE (CORDLESS).

STATE OF THE ART QUALITY DRILL, RELIABLE AND DURABLE.

For Manicure or Pedicure, and more (removes calluses, etc.).

All purpose: Nail Techs, Dental Labs, Jewelers, Veterinarians.

4-IN-1 : FILING/SANDING - BUFFING - SHAPING - DRILLING (Nail charms).

Best Value ! 

Specifications - Features

    Electrical/Plug-in Drill (110-240V Worldwide use).
    Quick Rechargeable Li-on battery (latest technology): Full charge lasts about 1 to 2 hours.
    Powerful: 2000-35,000 RPM.
    Variable dial speed and ""off"" settings.
    Easy change of bits, no tools required.
    Comes complete with hard-to-find, and usually expensive attachments, such as nail charm drill, buffer, mounted points, diamond bit.
    12 pcs Sanding Bands included.
    Standard chuck of 3/32"" shank size (any professional attachment will fit).
    Control speed is on the handpiece.
    Weight of handpiece (approx): 8 oz (225 Gr).
    Dimensions of handpiece : 7 1/2"" long x 1 1/2"" dia (19cm x 3,75 cm Dia).
    LED lights for charge status.
    6-month warranty and instructions enclosed.
Sale is final due FDA regulations Beauty Tools & Accessories Nail Tools Nail Files & Buffers"
5-37-241-73,2,0,7780,B004XNIR1E,12 Color Glitter Sparkle Powder Nail Art Makeup Body Painting La Demoiselle 12 Color Glitter Sparkle Powder Nail Art Makeup Body Painting Beauty Tools & Accessories Nail Art Equipment Nail Tools
5-37-241-73,2,1,10434,B009K2BEOK,45 Colors Nail Art Make Up Body Glitter Shimmer Dust Powder Decoration akezone Package include: 1 Set body Glitter Shimmer Hands & Nails Beauty Skin Care Nail Treatments
5-46-183-168,2,0,10266,B0092KGYEA,"350buy Basic Acrylic 6 Powder Liquid KITS NAIL ART TIP KIT 6 Glitter Tool Omagazee 6 different colors acrylic powder with extra 1 Super Size bottle of clear color Package with acrylic liquid and glass dish, ready for use Pour acrylic liquid into the dappen dish, use nail art pen to dap some acrylic powder and then dap into the acrylic liquid Package Include: 1 x Acrylic powder (Clear) 1 x Acrylic liquid (75ml) 6 x Caried colors of acrylic powder 6 x Nail glitter powders 1 x 12 varied colors of rhinestones 1 x 12 varied colors of nail art ball 2 x Toe seperators 10 x Wooden sticks 1 x Nail glue 1 x Small nail cleaning brush 1 x Sable acrylic brush #8 1 x 4-way buffer block 1 x Sanding file 20 x Transparent false nail 20 x White french false nail Beauty Tools & Accessories Nail Art Equipment Nail Tools"
5-46-183-168,2,1,11058,B00BBCXHP6,"350buy 36 Acrylic Powder Liquid KITS Primer UV NAIL ART TIP Set Dust Stickers Brush BTArtbox 18 different colors acrylic powder with extra 3 Super Size bottle of white, clear and pink color Package with acrylic liquid and glass dish, ready for use Pour acrylic liquid into the dappen dish, use nail art pen to dap some acrylic powder and then dap into the acrylic liquid Package Contents: 1 x Acrylic powder (Clear) 1 x Acrylic powder (White) 1 x Acrylic powder (Pink) 1 x Acrylic liquid (75ml) 18 x Caried colors of acrylic powder 6 x Glitter powders 6 x Strip 6 x Big hexagon 1 x Nail art primer 3 x Nail glue(10g glue with brush) 5 x Sable acrylic brush (#2/4/6/8/10) 1 x 12 varied colors of rhinestones 1 x 12 varied colors of nail art ball 1 x Cuticle revitalizer oil 1 x Liquid pump dispenser 1 x 500pcs of french tips (White) 1 x Toe seperator 1 x Curved tweezer 1 x Practice finger 1 x Small nail cleaning brush 1 x 4-way buffer block 1 x Buffer block 20 x Nail guide sticker forms 1 x Sanding file 1 x Dappen dish Beauty Tools & Accessories Nail Art Equipment Nail Tools"
5-94-139-35,2,0,9848,B00871KNRY,"60 Acrylic Flower Rhinestones Nail Art Decoration HongNuo 1) Brand new in retail pakcage2) Flat-bottom3) Approximately 60 pcs Flowers with Rhinestone Nail Art Decoration4) You can also use them to decorate your home, cell phone's case, glasses, made card, body art.....etc5) Clean the surface of your nails, brush and base polish ,Place it onto nails Hands & Nails Beauty Skin Care Nail Treatments"
5-94-139-35,2,1,9849,B00871KNXI,"BTArtbox 60 Ceramic Bow Tie with Rhinestone Nail Art Ongle BTArtbox 1) Brand new in retail pakcage2) Flat-bottom3) Approximately 60 pcs Butterfly Bow Tie Nail Art Decoration4) You can also use them to decorate your home, cell phone's case, glasses, made card, body art.....etc5) Clean the surface of your nails, brush and base polish ,Place it onto nails Hands & Nails Beauty Skin Care Nail Treatments"
5-96-67-214,2,0,5577,B0032PQPWW,"Bundle Monster 100 PC 3D Designs Nail Art Nailart Manicure Fimo Canes Sticks Rods Stickers Gel Tips Bundle Monster This monster offer includes 100pc nail art fimo canes / rods / sticks. Abundance of designs including flowers, fruits, butterflies, cute figures, and etc. Please understand occasionally some colors/designs may become out of stock. Therefore, substitutions of similar designs may occur but each one will be unique. Smaller quantity bundle also available in our Amazon storefront. HOW TO USE: Recommended to use razor blade to smoothly cut rod into thin slices. Simply use nail glue to fix on nails. Self explanatory. Makeup Nails Beauty Nail Art"
5-96-67-214,2,1,9762,B0083JDFY8,"Winstonia's 8 Wheels Combo Set Nail Art Polymer Slices Fimo Decal Pieces Accessories - Butterflies, Bows, Animals, Fruit, Flowers, Dragonflies, Cupcakes, Hearts This Nail Art Polymer Decal Slices in Wheel is ready to use, reduce the time in cutting regular nail canes and gives you convenience in working on nail art!Note: Designs and colors may be slightly different.This Winstonia's combo bundle set comes in 8 small wheels, each wheel contains various designs (no duplicates!).Winstonia is a USA Seller, check out our feedback... we ship fast!! Beauty Tools & Accessories Nail Art Equipment Nail Tools"
50-164-133-160,2,0,9134,B006UEUI8E,"Maybelline New York Superstay 10 hour Stain Gloss, Ruby Indulgence, 0.35 Fluid Ounce Maybelline Meet the first-ever stain gloss. MAYBELLINE's superstay 10 hour stain gloss stays vibrant and shiny, yet transparent, and won&#x2019;t fade. The weightless formula glides on wet and smooth, and feels fresh and fabulous all day. Makeup Beauty Lips Lip Glosses"
50-164-133-160,2,1,9135,B006UEUIJS,"Maybelline New York Superstay 10 hour Stain Gloss, Cool Coral, 0.35 Fluid Ounce Maybelline Meet the first-ever stain gloss. MAYBELLINE's superstay 10 hour stain gloss stays vibrant and shiny, yet transparent, and won&#x2019;t fade. The weightless formula glides on wet and smooth, and feels fresh and fabulous all day. Makeup Beauty Lips Lip Glosses"
50-167-244-55,2,0,8885,B006GQFHYG,"REVLON Colorburst Lip Butter, Red Velvet, 0.09 Ounce Revlon Color burst lip butter combines beautiful color with a buttery balm to give you baby soft, healthy glowing lips. It has a pampering gel formula which glides on lips buttery smooth and instantly hydrates lips. Makeup Beauty Lipstick Lips"
50-167-244-55,2,1,8890,B006GQPZ8E,"REVLON Colorburst Lip Butter, Peach Parfait, 0.09 Ounce Revlon Color burst lip butter combines beautiful color with a buttery balm to give you baby soft, healthy glowing lips. It has a pampering gel formula which glides on lips buttery smooth and instantly hydrates lips. Makeup Beauty Lipstick Lips"
50-190-140-232,2,0,9129,B006UETDR6,"Maybelline New York Dream Bouncy Blush, Coffee Cake, 0.19 Ounce Maybelline Dream bouncy blush's unique bouncy texture gives you the freshest flush ever the revolutionary powder-gel formula is lightweight like a powder, yet it melts seamlessly into skin like a cream, for a sheer wash of bouncy fresh color that lasts. Makeup Bronzers & Highlighters Beauty Face"
50-190-140-232,2,1,9130,B006UETE5C,"Maybelline New York Dream Bouncy Blush, Candy Coral, 0.19 Oz Maybelline Dream bouncy blush's unique bouncy texture gives you the freshest flush ever the revolutionary powder-gel formula is lightweight like a powder, yet it melts seamlessly into skin like a cream, for a sheer wash of bouncy fresh color that lasts. Makeup Bronzers & Highlighters Beauty Face"
50-214-127-100,2,0,7808,B004Y9JWIO,"Maybelline New York Color Sensational High Shine Lipcolor, Mauvilous Shine 820, 0.12 Ounce Maybelline See the sumptuous side of high shine with Color Sensational's high shine lip color collection. Mirror-like pigments plus luxurious honey nectar combine for a lip color so rich, so reflective, it's sensational. Makeup Beauty Lipstick Lips"
50-214-127-100,2,1,7813,B004Y9LM8C,"Maybelline New York Color Sensational High Shine Lipcolor, Fruit Punch 825, 0.12 Ounce Maybelline See the sumptuous side of high shine with Color Sensational's high shine lip color collection. Mirror-like pigments plus luxurious honey nectar combine for a lip color so rich, so reflective, it's sensational. Makeup Beauty Lipstick Lips"
50-214-127-235,2,0,5494,B00303STIY,"Maybelline New York Colorsensational Lip Gloss, Broadway Bronze 315, 0.23 Fluid Ounce Maybelline Fall in love with color, all over again:  sophisticated color and shine from pure pigments.  Luxurious feel from nourishing honey nectar. Makeup Beauty Lips Lip Glosses"
50-214-127-235,2,1,5512,B0030GTYM6,"Maybelline New York Colorsensational Lip Gloss, Plum-tastic 415, 0.23 Fluid Ounce Maybelline Fall in love with color, all over again:  sophisticated color and shine from pure pigments.  Luxurious feel from nourishing honey nectar. Makeup Beauty Lips Lip Glosses"
50-219-238-216,2,0,2264,B000U01WJ8,"Revlon ColorStay 12 Hour Eye Shadow Quad (310 Coffee Bean) Revlon Silky smooth, blendable powder shadow with SoftFlex&trade; won&rsquo;t crease or smudge, staying flawless and beautiful for up to 12 hours. Color coordinated quads provide expert mix and match ability for your most gorgeous eyes ever. Available in 18 beautiful quads. Makeup Eye Shadow Beauty Eyes"
50-219-238-216,2,1,4292,B001P2LYOS,"Revlon ColorStay Eye Shadow, 12 Hour, with SoftFlex, Neutral Khakis 315 Revlon Crease-proof & fade-proof wear. What It Does: Powder shadow delivers rich, beautiful color that looks freshly applied for up to 12 hours. How It Works: Patented ColorStay formula won't crease, fade or smudge. Now with patented SoftFlex for silky smooth color that blends effortlessly. Removes easily. Ophthalmologist-tested. Non-irritating. Suitable for contact lenses. Safe for sensitive eyes. Made in U.S.A. Makeup Eye Shadow Beauty Eyes"
50-24-238-136,2,0,8948,B006JKX5TS,"Almay Intense I Color Shadow Stick for Blue Eyes, 0.07 Ounce Almay Almay intense shadow stick is a dual ended shadow sticks, expertly coordinated shadow duos that contain highly saturated pigments for vibrantly rich color that enhances the unique color of your eyes. The silky, non-creasing formula is infused with a botanical blend of aloe, cucumber and green tea to soothe and pamper your lids while delivering vibrant lasting color. Makeup Eye Shadow Beauty Eyes"
50-24-238-136,2,1,8949,B006JKX5ZM,"Almay Intense I Color Shadow Stick for Hazel Eyes, 0.07 Ounce Almay Almay intense shadow stick is a dual ended shadow sticks, expertly coordinated shadow duos that contain highly saturated pigments for vibrantly rich color that enhances the unique color of your eyes. The silky, non-creasing formula is infused with a botanical blend of aloe, cucumber and green tea to soothe and pamper your lids while delivering vibrant lasting color. Makeup Eye Shadow Beauty Eyes"
52-212-99-59,2,0,909,B000ALFTUU,Clinique 7 Day Scrub Cream Rinse-Off Formula 3.4 oz Clinique Buy Clinique Exfoliator & Scrubs - Clinique 7 Day Scrub Cream Rinse Off Formula 100ml/3.4oz. How-to-Use: Massage gently over makeup free skin. Rinse or tissue off. Beauty Scrubs Exfoliators & Scrubs Face Skin Care
52-212-99-59,2,1,2625,B000Z4U52O,Clinique Rinse-Off Foaming Cleanser - 5 Oz Clinique Buy Clinique Cleansers - Clinique Rinse Off Foaming Cleanser 150ml/5oz. How-to-Use: Wet hands and face. Squeeze dime-size amount onto palms. Work into lather. Massage onto wet face. Rinse thoroughly. Beauty Cleansers Skin Care Face
55-91-198-82,2,0,7047,B004CDV7EY,"Banana Boat Sport SPF 50 Family Size Sunscreen Lotion, 12-Fluid Ounce Banana Boat Sun Beauty Sports Skin Protection Skin Care"
55-91-198-82,2,1,7048,B004CDWZMC,"Banana Boat Kids SPF 50 Family Size Sunscreen Lotion, 12-Fluid Ounce Banana Boat Sun Beauty Sports Skin Protection Skin Care"
56-135-54-179,2,0,6749,B0044TIP0K,"Yes To Blueberries Eye Firming Treatment, 0.5-Fluid Ounce Yes To Yes to blueberries intensive skin repair serum can be used under daily repairing moisturizer (during the day) or under overnight hydrating cream (at night). Acts as a powerful &#x2018;vitamin layer&#x2019; applied directly to clean skin. This powerful blend combines organic cotton thistle which is clinically proven to restore and repair age-damaged skin in 7 days, along with anti-oxidant rich blueberries and blackcurrant, which are rich in essential fatty acids to help nourish and soothe skin. Beauty Eyes Skin Care Creams"
56-135-54-179,2,1,6750,B0044TNORO,"Yes To Blueberries Intensive Skin Repair Serum, 1-Fluid Ounce Yes To Yes to blueberries intensive skin repair serum can be used under daily repairing moisturizer (during the day) or under overnight hydrating cream (at night). Acts as a powerful &#x2018;vitamin layer&#x2019; applied directly to clean skin. This powerful blend combines organic cotton thistle which is clinically proven to restore and repair age-damaged skin in 7 days, along with anti-oxidant rich blueberries and blackcurrant, which are rich in essential fatty acids to help nourish and soothe skin. Oils & Serums Beauty Skin Care Face"
56-71-76-46,2,0,10344,B009AVFIZW,"Yes To Blueberries Healthy Hair Repair Shampoo, 11.5 Fluid Ounce Yes To Carrots Yes To Blueberries Healthy Hair Repair Shampoo is the perfect gentle, natural solution for users of heat styling and chemical processing treatments, which can be damaging to hair. Formulated with Blueberries to protect hair with anti oxidant superpower, Clover Flower with its healing properties to mend damaged locks and Sunflower which is packed with fatty acids to restore shine and protect against breakage. Shampoos Beauty Hair Care"
56-71-76-46,2,1,10345,B009AVFJ92,"Yes To Blueberries Healthy Hair Repair Conditioner, 11.5 Fluid Ounce Yes To Carrots Yes To Blueberries Healthy Hair Repair Conditioner is a perfect gentle and natural solution for users of heat styling and chemical processing treatments, which can be damaging to hair. Formulated with Blueberries to protect hair with anti oxidant superpower, Clover Flower with its healing properties to mend damaged locks and Sunflower which is packed with fatty acids to restore shine and protect against breakage. Beauty Hair Care Conditioners"
57-206-129-112,2,0,11707,B00GLS55DC,"John Frieda Precision Foam Hair Color, Glosser Warm Red, 6 Fluid Ounce John Frieda An in-shower, non-damaging weekly color extending treatment that adds back lost color pigments for true to tone, salon-fresh color in-between colorings. Instantly restore vibrant salon-fresh color and shine. Adds fiery copper tones to counteract fading. An in-shower non-damaging weekly color extending treatment that adds back lost color pigments. Delivers true to tone salon-fresh color in-between colorings. Beauty Hair Color Hair Care Chemical Hair Dyes"
57-206-129-112,2,1,11710,B00GLS5938,"John Frieda Precision Foam Hair Color, Glosser Cool Red, 6 Fluid Ounce John Frieda An in-shower, non-damaging weekly color extending treatment that adds back lost color pigments for true to tone, salon-fresh color in-between colorings. Instantly restore vibrant salon-fresh color and shine. Adds vivid red tones to counteract fading. An in-shower non-damaging weekly color extending treatment that adds back lost color pigments. Delivers true to tone salon-fresh color in-between colorings. Highlights Beauty Hair Color Hair Care"
58-142-234-179,2,0,3280,B0019ANSAO,"Pureology Hydrate Shampoo 64 Oz &amp; Hydrate Conditioner 64 Oz DUO Hydrate PureOlogy 64 Oz  Shampoo & Conditioner. PureOlogy Hydrate Shampoo- Pamper your hair with our award-winning, moisturizing, super-concentrated shampoo. This extra gentle, non-colour stripping, ZeroSulfate, salt-free formula enhances colour brilliance and maximizes colour retention. PureOlogy Hydrate Conditioner - Keep colour radiant and feel this award-winning conditioner working to moisturize, detangle and lock in colour. Advanced Nano Technology formula infuses vital moisture and healthy colour brilliance while maximizing colour retention. Feel it working. Shampoo & Conditioner Sets Beauty Hair Care"
58-142-234-179,2,1,5697,B0036QQWAC,"Pureology Hydrate Shampoo 8.5oz and Hydrate Conditioner 8.5 oz duo Pureology HYDRATETM Shampoo 8.5 oz

Concentrated Formula

FOR DRY COLOUR-TREATED HAIR

Gently cleanse without stripping colour with this concentrated moisturizing shampoo. ZeroSulfate formula with the exclusive AntiFadeComplex delivers a rich lather, while infusing hair with essential hydration and colour retention.

FEATURES

ZeroSulfate
Sulfate-free, salt-free, colour-preserving formula derived from coconut, corn and sugar

Natural Plant Extracts
Rose, Sandalwood and Green Tea
Signature Aromatherapy Blend
Ylang Ylang, Bergamot, Anise and Patchouli

BENEFITS

Concentrated formula
Luxurious lather, easy rinsing
Extra gentle cleansers
Does not strip colour
For concentrated natural conditioning
Luxurious fragrance for a multisensorial, spa-like experience
HOW TO USE

Apply to wet hair and lather. Rinse. Repeat if necessary.



HYDRATETM Condition 8.5 oz

Concentrated Formula

FOR DRY COLOUR-TREATED HAIR

Reveals soft, lustrous hair while protecting colour vibrancy with this luxurious, concentrated daily hydrating conditioner. The exclusive AntiFadeComplexmaximizes colour retention.

FEATURES

Jojoba Esters and Shea Butter

Natural Plant Extracts
Peppermint, Sage and Rosemary

Signature Aromatherapy Blend
Peppermint and Corn Mint Essential Oils

BENEFITS

Intensely hydrate without weighing hair down
For concentrated natural conditioning
Awakens the senses with an energizing, refreshing fragrance
Replenishes parched hair with movement and manageability
Rehydrates lightened and chemically relaxed hair
Minimizes static
HOW TO USE

Massage gently into hair and scalp. Wait 1-2 minutes. Rinse. Shampoo & Conditioner Sets Beauty Hair Care"
58-156-89-69,2,0,1362,B000GCV588,"Neutrogena Clean Replenishing Shampoo, Moisturizing, 10.1 Ounce Neutrogena Neutrogena Clean Replenishing Shampoo it is gently cleanses and provides added moisture to improve dry, damaged hair. This moisture enriched formula penetrates dry, damaged strands to make hair more resilient. Its thick, rich lather removes daily buildup and rinses clean. It help leaves hair shiny, manageable and healthy looking and has a fresh, clean scent. Shampoos Beauty Hair Care"
58-156-89-69,2,1,3678,B001E96MTY,"Neutrogena Clean Volume Body Enhancing Shampoo, 10.1 Ounce (Pack of 4) Neutrogena Clean Volume Shampoo gently cleanses and adds body to flat, lifeless hair.  This body-enhancing formula provides volume without weighing down hair. Its thick, rich lather removes daily build-up and rinses clean. Leaves hair with healthy body, volume and shine. Has a fresh, clean scent.   Non-drying Clean rinsing Shampoos Beauty Hair Care"
58-169-146-187,2,0,168,B00006L9KV,"Thicker Fuller Hair Revitalizing Shampoo-12 oz Thicker Fuller Hair Pure plant extracts. Thicken Strength Revive fine, limp, thin hair. For thicker, stronger hair. Energize lifeless hair with Revitalizing Shampoo. This invigorating, purifying shampoo helps to eliminate build-up from hair and scalp to encourage healthy hair growth. Leaves hair visibly thicker and fuller. Continued usage improves hair's thickness, texture and strength, without stripping essential oils. Designed for both men and women, Thicker Fuller Hair is formulated with Cell-U-Plex, a synergistic blend of pure plant extracts, vitamins and protein that infuse the hair shaft to thicken, improving hair's overall vigor. A.R.L. does not engage in animal testing. Shampoos Beauty Hair Care"
58-169-146-187,2,1,169,B00006L9KW,"Thicker Fuller Hair Weightless Conditioner-12 oz Thicker Fuller Hair Advanced Thickening Solutions For Thicker, Stronger Hair.With Cell-U-Plex&reg; Pure Plant ExtractsFine limp thin hairThickenStrengthen&nbsp;ReplenishRestores and ReplenishesReplenish moisture levels in fine, thin&nbsp;hair withWeightless Conditioner.&nbsp; This detangling, bodifying formula strengthens, protects and reduces breakage.&nbsp; Restores hair to it's optimum moisture balance, without weighing hair down..Designed for both men and women, Thicker Fuller Hair is formulated with Cell-U-Plex&reg;, a synergistic blend of pure plant extracts, vitamins and protein that infuse the hair shaft to thicken, strengthen and improve hair's overall vigor.A.R.L. does not engage in animal testing.Made in USA Beauty Hair Care Conditioners"
58-37-91-174,2,0,8537,B005SPETHW,"Suave Professionals Keratin Infusion Color Care Conditioner, 12.6 Ounce (Pack of 2) Suave Keratin Infusion Color Care Conditionerfrom the Suave Professionals&reg; line, is a simple, at-home alternative to expensive salon keratin treatments. Natural keratin protein in hair depletes over time, leaving it unmanageable, frizzy, and harder to style. This deep, nourishing conditioner is formulated with Keralock&#8482; Technology to infuse hair fiber with lost keratin--and is enriched with a UV complex to help prevent color from fading. Used regularly with Keratin Infusion Color Care Shampoo, this treatment provides lasting smoothness and frizz control for up to 48 hours--all while maintaining the healthy luster of your color treatment.For enhanced smoothness, Suave&reg; recommends trying Keratin Infusion Leave-In Conditioner and Serum.Color Care System contains keratin and seals hair cuticle for:Long lasting vibrant colorFrizz control for up to 48 hoursSmooth and manageable hairEasy stylingKey Features and Benefits:For Color treated and/or frizzy hairEnriched with UV complex to help prevent color from fadingFormulated with Keralock&#8482; TechnologyInfuses hair fiber with keratin for lasting smoothnessSalon proven to work as well as top salon brands including K&eacute;rastase&reg;** Shampoo and Conditioner system versus K&eacute;rastase&reg; Reflective Bain Miroir shampoo and Chroma Reflect Masque. K&eacute;rastase&reg; is a registered trademark of L'Oreal USAAchieve Professional-Quality ResultsThe Suave Professionals&reg; line of hair care products has been completely reinvented from the inside out, with upgraded formulas, improved fragrances, and chic new packaging. Suave Professionals&reg; is salon proven to work as well as top salon brands, helping you achieve a variety of beautiful hairstyles--while caring for your hair. This line is developed to help you achieve naturally gorgeous, healthy locks.About Suave&reg;For over 70 years Suave&reg; has offered professional quality products for the entire family--that are proven to work as well as salon and specialty brands. Suave's mission is to make gold standard quality attainable to all, so everyone can look good, smell good, and feel good every day.What's in the Box?Pack of two, 12.6-ounce bottles of Suave Professionals&reg; Keratin Infusion Color Care Conditioner. Beauty Hair Care Conditioners"
58-37-91-174,2,1,8718,B0062W4T98,"Suave Professionals Keratin Infusion Smooth and Shine Serum, 2 Ounce (Pack of 3) Suave Keratin Infusion Smooth & Dry Serumfrom the Suave Professionals&reg; line offers a simple, at-home alternative to expensive salon keratin treatments. Natural keratin protein in hair depletes over time leaving it unmanageable, frizzy, and harder to style. Formulated with Keralock&#8482; Technology, this shine-perfecting serum infuses the hair with keratin protein and seals the hair cuticles, resulting in smoother, shinier hair. Offering up to 48 hours of frizz control, this serum also fights the plague of humidity without leaving a residue.Simple to use, dispense 2 to 3 pumps of serum into your palms and comb it through towel dried hair with your fingers from mid-shaft to ends. Then style as desired. Finish on dry hair to eliminate flyaways.Infuses Keratin and Seals Hair Fiber For:Lustrous shineFrizz control for up to 48 hoursSmoother, more manageable hairEasy stylingKey Features and Benefits:Makes hair shiny, smooth, and easier to styleInfuses keratin inside the hair fiber moisturizationProtects hair while heat stylingFights humidity without leaving residueSalon proven to prevent frizz as well as K&eacute;rastase&reg;**Versus K&eacute;rastase&reg; Elixir Ultime. K&eacute;rastase&reg; is a registered trademark of L'Oreal USA.Achieve Professional-Quality ResultsThe Suave Professionals&reg; line of hair care products has been completely reinvented from the inside out, with upgraded formulas, improved fragrances, and chic new packaging. Suave Professionals&reg; is salon proven to work as well as top salon brands, helping you achieve a variety of beautiful hairstyles--while caring for your hair. This line is developed to help you achieve naturally gorgeous, healthy locks.About Suave&reg;For over 70 years Suave&reg; has offered professional quality products for the entire family--that are proven to work as well as salon and specialty brands. Suave's mission is to make gold standard quality attainable to all, so everyone can look good, smell good, and feel good every day.What's in the Box?Three 2-ounce bottles of Suave Professionals&reg; Keratin Infusion Smooth & Shine Serum. Beauty Styling Products Hair Care Hair Styling Serums"
58-74-131-134,2,0,9940,B008CC4FI6,"Herbal Essences Long Term Relationship Shampoo For Long Hair 10.1 Fluid Ounce Herbal Essences Who loves ya baby? Boost your bliss with a seductive fragrance. Long Term Relationship's smooth-talking long hair shampoo features extracts of red Raspberries and Brazilian Silk that lavish every inch of your hair, protecting against damage and leaving it oh-so luscious. For even more protection, slip into Long Term Relationship's Silky conditioner and split end protector after the long hair shampoo. Grow your hair as long as you want! Shampoos Beauty Hair Care"
58-74-131-134,2,1,10956,B00B18C3NW,"Herbal Essences Smooth Collection Conditioner 13.5 Fl Oz Herbal Essences Go Back to that Amazing Hair Day. Go deeper into a world of botanical bliss. Herbal Essences Smooth Collection Conditioner's formula will unleash the power of your naturally beautiful hair. Embracing you like a meadow of fresh flowers, this luxurious conditioner has a blend of rose hips, jojoba and Vitamin E extracts. This conditioner will take your hair to a place its never been before. This formula works to: Lavish every strand with essential conditioning ingredients, Enhance silkiness, suppleness and manageability and Leave hair luminous and sensuously smooth. Herbal Lore: Jojoba oil is a natural oil made from the seeds of the jojoba plant and has been used for centuries as a natural remedy. Beauty Hair Care Conditioners"
58-92-3-232,2,0,6786,B0045W9Y56,"ALTERNA BAMBOO Smooth Anti-Frizz Conditioner, 8.5 fl oz Alterna Nutrient rich formula penetrates deeply to visibly transform unruly hair. Fortifies follicles for stronger healthier, hair. Infuses hair with hydration and protects color. Tames split ends and banishes frizz. Beauty Hair Care Conditioners"
58-92-3-232,2,1,6787,B0045WBFAI,"ALTERNA BAMBOO Smooth Pure Kendi Oil Pure Treatment Oil, 1.7 fl oz Alterna Banishes frizz for sleek, glossy hair with staying power. Color protecting pre-styler with built-in humidity resistance. Deeply nourishes and restores hair to a healthy state. Beauty Hair Care Conditioners"
59-210-204-6,2,0,5263,B002SV5MBQ,Sexy Little Things NOIR by Victoria's Secret Eau De Parfum Spray 3.4 oz for Women Victoria&#39;s Secret Buy Victoria's Secret Women's Perfumes - Sexy Little Things Noir by Victoria's Secret for Women 3.4 oz Eau de Parfum Spray Moisturizers Beauty Body Lotions Skin Care
59-210-204-6,2,1,8751,B0064ROJNC,Victoria's Secret Angel Eau De Parfum 2.5 Oz Victoria&#39;s Secret Victoria's Secret Angel Eau De Parfum 2.5 Oz Fragrance Women's Beauty Eau de Parfum
59-211-204-38,2,0,3604,B001DQEGPA,"Victoria's Secret Garden Love Spell Refreshing Body Mist Splash 8.4 oz Victoria&#39;s Secret Victoria's Secret Garden Love Spell Refreshing Body Mist Splash 8.4 ozA lavish lush blend of Cherry Blossom, Peach, White Jasmine.Refresh with fragrance from a Secret Garden, infused with moisturizing Aloe Vera and calming Chamomile. Mist over body after shower or bath for delicately scented skin. Fragrance Women's Beauty Body Sprays"
59-211-204-38,2,1,9568,B007REBBW8,Amber Romance Fragance Mist Victoria&#39;s Secret Victoria's Secret Amber Romance Body Mist (New Look) 8.4 oz Fragrance Women's Beauty Body Sprays
6-166-244-142,2,0,1603,B000JQY2LI,"Zeno Pro Acne Clearing Device with 90 Count Cartridge, Pink Zeno is a hand-held battery-operated device designed with a tip that heats to a pre-set temperature.  The biocompatible tip is designed for direct contact with a blemish on the skin.  Once in contact with a blemish, the tip will transfer heat into the follicle.  An internal PID controller chip continually modulates the temperature to a fixed range even under different skin and circulation conditions by adjusting the flow of energy to match precisely the heat absorption of the individual user.  Zeno&#x92;s microprocessor adapts not only to your individual skin type but also to the heat absorption characteristics of the location of the pimple. Your Zeno adapts to you!  An integral digital timer controls the treatment time.  The level of heat does not cause skin damage.Specifically, Zeno stimulates a heat-shock response in p. acnes, the bacteria causing at least 90% of all acne blemishes. Heat shock proteins, activated by bacterial cells under heat stress, cause the self-destruction of p. acnes within the lesion, reducing inflammation and allowing the skin to return to a healthy state.What is Zeno?Zeno is a handheld, portable electronic medical device that is clinically proven to make pimples disappear fast. In fact, for treating acne pimples, it's the most scientifically advanced and effective device available without a prescription.What does it do?Zeno applies a precisely controlled heat dose directly to the pimple through a metal pad. One treatment lasts 2&#xBD; minutes. Two to three treatments spread over 24 hours clear up most pimples quickly. It's that simple.How does it work?Pimples occur when excess skin oil and flaking skin plug the opening of a hair follicle and create the ideal environment for acne bacteria to grow. Precisely controlled heat applied for a specific period of time causes the bacteria to self-destruct. When the bacteria die, the pimple goes away.How many treatments does it take?Two to three 2&#xBD;-minute treatments spread over 24 hours are sufficient for most pimples. Often, only one treatment is needed.Who should use Zeno?Zeno is for people with mild to moderate inflammatory acne. If in doubt, ask your doctor.When should Zeno be used?Use Zeno at the first sign of a pimple. It works best when used on a pimple in the early stages of development. Also, the sooner pimples are cleared up, the less chance they have to leave scars.How does Zeno compare with topical or oral treatments?Zeno can clear up a pimple in just hours. Most other medications can take days or even weeks to work. What's more, other than slight, temporary skin redness, Zeno has none of the side effects described by most topical or oral medications.Is Zeno safe and painless?Patients included in our clinical trials experienced little reaction to the low-level heat. Other than some temporary skin redness following a treatment cycle, no other adverse side effects were reported. But should you experience any discomfort when using Zeno, discontinue use and consult your skin care professional.Is Zeno all I need for acne?Zeno does not replace good skin hygiene or a doctor's care. It is designed to treat mild to moderate inflammatory acne. Your doctor may recommend other therapies, depending on the severity of your acne. Follow your doctor's advice and use Zeno for the occasional pimple. Beauty Skin Care Face"
6-166-244-142,2,1,10743,B00AG4QCAM,"Sirius Pulsar Blemish Clearing Device Sirius Sirius Pulsar in an advanced acne spot treatment device that utilizes the healing powers of thermal energy and blue light to clear away or fade most blemishes within 24 hours. Pulsar is the quickest way to treat individual pimples caused by mild to moderate acne. Simply put the treatment tip over your pimple and push the button. Just place, push & pulse!

Pulsar works best at the first signs of a new pimple. If you know from past experience that a sore spot or red bump may turn into a pimple, reach for your Pulsar. Unlike strong medications, Pulsar has no significant side effects so you can use it with confidence. With two to three treatment cycles of 2 1&#x2044;2 minutes, spread over 12 to 24 hours, Pulsar helps shorten the pimple's life cycle. Your face will look clearer, faster. Furthermore, the shorter the life of a pimple, the less chance it has to leave a scar.

Pulsar combines the healing powers of thermal energy and blue light to accelerate the healing process of mild to moderate acne blemishes. 

Thermal energy opens blocked pores, soothes inflammation and reduces swelling.

425 nm blue light reaches deep into pores to destroy acne-causing P. acnes bacteria and prevent future breakouts.

THERMAL ENERGY + BLUE LIGHT = CLEAR SKIN Beauty Skin Care Face"
6-254-200-168,2,0,9208,B006ZCPZMA,"MRS Derma Micro Needle MicroNeedle Roller (Size .50 mm) Titanium Diamond Micro Needling System. 540 Needles MTS-Derma Roller , a common cosmetic procedure for treating many conditions by stimulating collagen and elastin production. Effective for * Stretch Mark Removal * Anti Aging * Repair Acne Scarring * Wrinkle Reduction * Celluite Reduction * Hair Loss Treatments * Boost Topically Applied Skincare Products Skin Beauty Solutions The aging process can be cruel to our skin. Between sun damage and progressive collagen loss, the skin loses its plumpness and resiliency. Micro needle skin rejuvenation or ""Mesolift"" infuses the dermis with potent vitamins and anti-oxidants to rejuvenate and revitalize the skin. Micro needle skin massage will stimulate collagen production, helps to infuse active cosmetics into the skin.


The micro needle skin care system consists of the round drum inlaid 192 tiny needles coated with titanium vapor, that makes them extremely stong and hypo-allergic. Titanium vapor coating is used for surgical implants and approved for medical use. The roller is sterilized and comes in a sealed bag. 
The thickness of the top skin layer (epidermis) is 0.08-0.5mm on the face. This layer is a main skin barrier and as part of its protective function prevents skin care topical to penetrate deeper as well. Micro needles make micro punctures that through specific response of the skin to a micro damage stimulate new collagen production. 


Things to Know About Micro needle skin care system 


1. Micro needle skin care system is good for skin complexion improvement, wrinkle reduction and face rejuvenation.
2. Micro needle skin care system is the best choice for facial treatments due to specific skin thickness on the face. 
3. Micro needle skin care system will increase skin permeability without harming underlying capillary system.
4. Micro needle skin care system is best to be used with professional skin care concentrates to insure the safety and effectiveness of the treatment. . Beauty Skin Care Face"
6-254-200-168,2,1,9209,B006ZCQD30,"MRS Derma Micro Needle MicroNeedle Roller (Size 1.00 mm) Titanium Diamond Micro Needling System. 540 Needles MTS-Derma Roller , a common cosmetic procedure for treating many conditions by stimulating collagen and elastin production. Effective for * Stretch Mark Removal * Anti Aging * Repair Acne Scarring * Wrinkle Reduction * Celluite Reduction * Hair Loss Treatments * Boost Topically Applied Skincare Products The aging process can be cruel to our skin. Between sun damage and progressive collagen loss, the skin loses its plumpness and resiliency. Micro needle skin rejuvenation or ""Mesolift"" infuses the dermis with potent vitamins and anti-oxidants to rejuvenate and revitalize the skin. Micro needle skin massage will stimulate collagen production, helps to infuse active cosmetics into the skin.


The micro needle skin care system consists of the round drum inlaid 192 tiny needles coated with titanium vapor, that makes them extremely stong and hypo-allergic. Titanium vapor coating is used for surgical implants and approved for medical use. The roller is sterilized and comes in a sealed bag. 
The thickness of the top skin layer (epidermis) is 0.08-0.5mm on the face. This layer is a main skin barrier and as part of its protective function prevents skin care topical to penetrate deeper as well. Micro needles make micro punctures that through specific response of the skin to a micro damage stimulate new collagen production. 


Things to Know About Micro needle skin care system 


1. Micro needle skin care system is good for skin complexion improvement, wrinkle reduction and face rejuvenation.
2. Micro needle skin care system is the best choice for facial treatments due to specific skin thickness on the face. 
3. Micro needle skin care system will increase skin permeability without harming underlying capillary system.
4. Micro needle skin care system is best to be used with professional skin care concentrates to insure the safety and effectiveness of the treatment. . Beauty Skin Care Face"
6-44-253-89,2,0,4545,B001VII87W,"High Frequency D'arsonval Home Use Device High frequency beauty device, known also as D'Arsonval or Darsonval machine, is used widely in cosmetology practice.

High frequency portable face massager helps with acne, pimples, skin irritation. High frequency (D'Arsonval) apparatus is used for skin tightening and wrinkle reduction because of ability the high frequency electricity to increase blood circulation and supply skin with oxygen.
High frequency electrical current will help with hair loss by blood circulation in hair follicle, which is the major reason of hair thinning. 

D'Arsonval portable beauty machine is for those who want:

- Improve skin complexion (high frequency beauty device will tight the skin)

- Get rid of acne, whelks and pimples (high frequency beauty device will kill the bacteria)

- Reduce under the eye bags and dark circles (high frequency beauty device will stimulate lymph and blood circulation)

- Reduce cellulite (high frequency beauty device will help to deliver the oxygen and remove toxins)

- Prevent and stop hair loss (high frequency beauty device will stimulate hair follicle).

POWER SUPPLY: US PLUG, 110V Beauty Skin Care Face"
6-44-253-89,2,1,8079,B005851HJU,"High Frequency D'arsonval Home Use Device NEW SPA ARGON High frequency beauty device, known also as D'Arsonval or Darsonval machine, is used widely in cosmetology practice.

High frequency portable face massager helps with acne, pimples, skin irritation. High frequency (D'Arsonval) apparatus is used for skin tightening and wrinkle reduction because of ability the high frequency electricity to increase blood circulation and supply skin with oxygen.
High frequency electrical current will help with hair loss by blood circulation in hair follicle, which is the major reason of hair thinning. 

D'Arsonval portable beauty machine is for those who want:

- Improve skin complexion (high frequency beauty device will tight the skin)

- Get rid of acne, whelks and pimples (high frequency beauty device will kill the bacteria)

- Reduce under the eye bags and dark circles (high frequency beauty device will stimulate lymph and blood circulation)

- Reduce cellulite (high frequency beauty device will help to deliver the oxygen and remove toxins)

- Prevent and stop hair loss (high frequency beauty device will stimulate hair follicle) Beauty Skin Care Face"
6-5-200-137,2,0,3217,B0018COTPG,"Skin Roller .5 Mm The Microneedle works for various skin issues to make you look younger, more vibrant and with a healthy glow. Best of all, it can be used almost on the entire body. It rids stretch marks, cellulite, wrinkles, acne and promotes hair re-growth. Beauty Skin Care Face"
6-5-200-137,2,1,7417,B004LUVN10,"Pearl Enterprises M.T. ROLLER .5mm Micro Needle Roller Skin Care Therapy Dermatology System (Dermaroller) The Microneedle works for various skin issues to make you look younger, more vibrant and with a healthy glow.  Best of all, it can be used almost on the entire body.  It rids stretch marks, cellulite, wrinkles, acne and promotes hair re-growth. Beauty Skin Care Face"
63-184-239-206,2,0,11375,B00D76IPK6,"Professional Flat Top Synthetic Kabuki Cosmetic Makeup Brush White Ailunce Material: Synthetic hair, Aluminum ferrule,Wooden handle
 Color: White 
 Weight: 39g
 Diameter: 2cm
 Flat Kabuki: Application of liquid or cream products to flat areas of the face such as the forehead and cheeks.

 The brush is very soft,very useful. It has been loved by old and new customers.

 Package Includes
 Professional Black Flat Top Synthetic Kabuki Brush single makeup Cosmetic brush Makeup Brushes & Tools Beauty Tools & Accessories Brushes & Applicators"
63-184-239-206,2,1,11377,B00D76IR3G,Kingmys Professional Synthetic Kabuki Cosmetic Angled Top Makeup Brush Kingmys Brand New & High quality.Hair Type : Synthetic brush hairStyles:Angled top brushBristles are less prone to breakage or damage as well as keep clean and maintainSuitable for professional use or home use.Package Included:1x Makeup Brush Makeup Brushes & Tools Beauty Tools & Accessories Brushes & Applicators
63-37-61-118,2,0,7650,B004TSFBNK,real Techniques Core Collection Set Real Techniques Makeup Brushes & Tools Beauty Tools & Accessories Brushes & Applicators
63-37-61-118,2,1,7653,B004TSFEBY,real Techniques Travel Essentials Set Real Techniques Makeup Brushes & Tools Beauty Tools & Accessories Brushes & Applicators
63-78-176-112,2,0,8474,B005OZD9QS,"Sigma E10 - Small Eye Liner Sigma Beauty Unique Feature: Thin and precise tip
Function: Precise application of liner
Recommended Use: Use with gel or liquid liners.

 2013 Sigma Enterprises, LLC Makeup Brushes & Tools Beauty Tools & Accessories Brushes & Applicators"
63-78-176-112,2,1,8483,B005OZN56M,"Sigma E60 - Large Shader Sigma Beauty Unique Feature: Firm, large and flat head 
Function: Uniformly cover the entire lid with product
Recommended Use: Apply eye shadow base or cream eye shadow for quick and even coverage.

 2013 Sigma Enterprises, LLC Makeup Brushes & Tools Beauty Tools & Accessories Brushes & Applicators"
63-78-176-157,2,0,10041,B008K1YYM6,"Sigma F88 - Flat Angled Kabuki TM Sigma Beauty Unique Feature: Soft and angled head
Function: Blended cream product application
Recommended Use: Blends foundation easily onto hard-to-reach areas of the face. Angle fits all areas of the face seamlessly. Works especially well on cheekbones and contours of the nose.
Bristle Type: Synthetic Sigmax

 2013 Sigma Enterprises, LLC Makeup Brushes & Tools Beauty Tools & Accessories Brushes & Applicators"
63-78-176-157,2,1,10042,B008K21OSC,"Sigma P88 - Precision Flat Angled TM Sigma Beauty Unique Feature: Small, dense and flat angled head
Function: Precise contouring
Recommended Use: Use for precise application of concealer products anywhere on the face. Works particularly well around the eyes and nose.
Bristle Type: Synthetic Sigmax

 2013 Sigma Enterprises, LLC Makeup Brushes & Tools Beauty Tools & Accessories Brushes & Applicators"
63-78-176-222,2,0,8489,B005OZTE7Q,"Sigma L05 - Lip Sigma Beauty Unique Feature: Rounded and firm tip 
Function: Precise application of color on the lips 
Recommended Use: Use the firm edge to define and contour the lips. 

 2013 Sigma Enterprises, LLC Makeup Brushes & Tools Beauty Tools & Accessories Brushes & Applicators"
63-78-176-222,2,1,8495,B005P02U8A,"Sigma F30 - Large Powder Sigma Beauty Unique Feature: Large and soft rounded brush
Function: Even powder application
Recommended Use: Uniform blending of powder products onto the face and body.

 2013 Sigma Enterprises, LLC Makeup Brushes & Tools Beauty Tools & Accessories Brushes & Applicators"
63-78-241-207,2,0,6401,B003UH0528,"Sigma F80 - Flat Kabuki TM Sigma Beauty Unique Feature: Dense and flat head
Function: Buffed foundation application
Recommended Use: Blend liquid or cream products onto flat areas of the face such as the forehead and cheeks.
Bristle Type: Synthetic Sigmax

 2013 Sigma Enterprises, LLC Makeup Brushes & Tools Beauty Tools & Accessories Brushes & Applicators"
63-78-241-207,2,1,8607,B005V1A05S,"Sigma F86 - Tapered Kabuki TM Sigma Beauty Unique Feature: Dense and tapered head 
Function: Precise application of concealer or foundation products 
Recommended Use: Best for concealing the under eye and hard to reach areas of the face. 
Bristle Type: Synthetic Sigmax 

 2013 Sigma Enterprises, LLC Makeup Brushes & Tools Beauty Tools & Accessories Brushes & Applicators"
63-78-8-189,2,0,8475,B005OZDYCW,"Sigma E15 - Flat Definer Sigma Beauty Unique Feature: Flat and sharp thin edge
Function: Sharp and precise application
Recommended Use: Press product along upper and lower lash lines to create an easy thin liner. Works with gel, liquid or powder products.

 2013 Sigma Enterprises, LLC Makeup Brushes & Tools Beauty Tools & Accessories Brushes & Applicators"
63-78-8-189,2,1,8490,B005OZW3ZG,"Sigma F05 - Small Contour Sigma Beauty Unique Feature: Rounded, dense top
Function: Contouring cheeks
Recommended Use: Buff and blend contour shades under the cheekbone and jaw line for a chiseled look.

 2013 Sigma Enterprises, LLC Makeup Brushes & Tools Beauty Tools & Accessories Brushes & Applicators"
63-97-27-195,2,0,7854,B004ZD2M5O,"Coastal Scents The Brush Guard, Blush Pack, 0.60-Ounce Coastal Scents The coastal scents brush guard keeps your makeup brushes like new! This blush pack contains eight brush guards perfect for your blush brushes that you want to protect from damage. Beauty Tools & Accessories Travel Cases & Holders Bags & Cases"
63-97-27-195,2,1,7857,B004ZD2M6S,"Coastal Scents The Brush Guard, Shadow/Liner Pack, 0.45-Ounce Coastal Scents The coastal scents brush guard keeps your makeup brushes like new! This shadow/liner pack contains ten brush guards perfect for your shadow/liner brushes that you want to protect from damage. Beauty Tools & Accessories Travel Cases & Holders Bags & Cases"
64-76-43-166,2,0,7629,B004T19OLM,"TIGI Bed Head Urban Anti Plus Dotes Resurrection Conditioner Damage Level 3, 6.76 Ounce Tigi Bed Head Urban Antidote #3: Admitting is the first step! Hair Loss Products Beauty Hair Care Conditioners"
64-76-43-166,2,1,7630,B004T19PBG,"Tigi Bed Head Urban Anti+dotes Resurrection Conditioner Damage Level 3, 25.36-Ounce Tigi Bed Head Urban Antidote #3: Admitting is the first step! Hair Loss Products Beauty Hair Care Conditioners"
65-0-202-38,2,0,4067,B001KTWJGI,"ECOBAGS&reg; Recycled Cotton Canvas Lunch Bag Eco-Bags Products There's no waste here. This Lunch bag is made from recycled cotton fibers (scraps are collected and woven into new canvas material) A basic canvas lunch sack that's reusable and machine washable; nothing fancy about it. Just a basic lunch sack with an easy to use VELCRO like closure.. Kid and grown up friendly. Why put up with all the ""icky"" that lives at the bottom of those nylon lunch sacks if you don't have to? Invite the kids to create their own bags with colorfast fabric markers.ECOBAGS - since 1989.Cleaning Up the Planet One Bag at a TimeMade in India Moisturizers Beauty Body Lotions Skin Care"
65-0-202-38,2,1,4754,B002BFIH2U,"To-Go Ware RePEaT Reusable Bamboo Utensil Set, Hijiki To-Go Ware Our RePEaT Reusable Bamboo Utensil Set rounds out your toolkit for a waste-free life on the go. Enjoy eating with utensils made of bamboo, a highly durable and sustainable resource. Keep a set in your bag, glove compartment, lunch box or desk, and see how many disposable utensils you can pass by. Includes a knife, fork, spoon and chopsticks (which double nicely as coffee stirrers). A handy carabiner allows you to clip and go.   Our utensil sets not only save plastic waste from entering our landfills and oceans, they also have a holder made of RPET, a sturdy, washable material made of recycled plastic bottles. We like to call it ""RePEaT"" because it lets plastic waste reincarnate into something healthy, reusable and fun. Moisturizers Beauty Body Lotions Skin Care"
65-168-98-180,2,0,6966,B004BARCP6,Swissco Satin Sleep Mask Zebra Print Swissco Satin sleep mask in zebra print. sleep in style with this beautiful designed sleep mask Hands & Nails Beauty Skin Care Paraffin Baths
65-168-98-180,2,1,6967,B004BARCRY,Swissco Satin Sleep Mask Leopard Print Swissco Satin sleep mask in leopard print. sleep in style with this beautiful designed sleep mask Hands & Nails Beauty Skin Care Paraffin Baths
69-2-153-149,2,0,10128,B008RRV7R8,"SODIAL- 4pcs Magic Foam Sponge Clip Hair Styling Donut Bun Former Maker (2 Large+2 Small) SODIAL(R) * With the Magic Styling wand, you'll do French twists, buns, the Top Spider, and a dozen updated trendy styles in seconds.* So simple to use!! It likes a flexible hair roller; ends of hair are tucked in and rolled around the comfortable lightweight wand until the wand is hidden in your hair.* The added narrow opening helps hold layers as you roll hair into a style.* And it's special inside wire holds the hairstyle in place all day long.* Contents: 2 large with 2 small hair sponge Hair Care Beauty Styling Accessories Styling Tools Clips"
69-2-153-149,2,1,11228,B00C92OA30,"Vktech Hair Braider Twist Styling Braid Tool Magic Wonder Holder Clip DIY French Vktech 100% Brand new and high qualityPerfect of any hair type ... straight, curly, thick or fine.Creating a French Braid is easy as lacing up a boot!Now anyone can make a professional looking French Braid in no time, with this easy to use braiding tool.Color: As shown in the pictureIncludes 	1 x Hair Braider Beauty Styling Tools Hair Care Braiders"
69-51-83-48,2,0,9689,B007Y2IM70,L2go 50 X Black Iron U Shape Clips for Hair Extension Weft L2go L2go 50 X Black Iron U Shape Clips for Hair Extension Weft Korean StyleSize: 23 x 11.5 mmMaterial: iron50 X Clip for hair extension Hair Care Beauty Styling Accessories Styling Tools Clips
69-51-83-48,2,1,10351,B009CNA3ZI,"Tanya Black Snap Clips 10pcs U-shape Metal Clips for Hair Extensions DIY leegoal Feature:Material: metalsize: appro 32mm x 14mmColor: blackQuantity: 10pcs br/>
You will received 10 pcs of metal clips to make clip in hair extensions or to sew on a wig for extra security. Each clip comes with rubber tube on the part where hair get pressed to minimize hair damage as well as extra grip. Hair Extensions & Wigs Hair Care Beauty Hair Extensions Styling Products"
69-52-187-48,2,0,7514,B004O6ITPE,"Leegoal (TM) Professional Pulling Microneedle For Hair Extension Feather Installation Micro Links leegoal Pulling Microneedle for Hair Extension, Feather Installation, Micro Links and Dread Maintenance Hair Extensions & Wigs Hair Care Beauty Hair Extensions Styling Products"
69-52-187-48,2,1,7685,B004V4HOOQ,"Microring Links Bead Loader, Looper and Threader Lucky Electronics Microring Links Bead Loader, Looper and Threader for Hair Extension and feather Installation tool Hair Extensions & Wigs Hair Care Beauty Hair Extensions Styling Products"
69-95-153-134,2,0,7735,B004WDV2XA,"BONAMART &reg; Magic Hair Bun Sponge Maker Bonamart 1. Tie your hair into a ponytail. High ponytail recommended for a classy and girly look. 2. Place ponytail into hair sponge. 3. Tighten hair sponge and pull down to perhaps the last quarter of your ponytail. 4. Start rolling the hair sponge up towards the top of your head. 5. Bend the ends of the hair sponge down to secure bun. 6. Move your hair so it covers the sponge. 7. Bobby pin the loose strands in, give it a puff of hairspray (optional) and you're all set! Decorate with hair accessories (such as flowers or hairbands) if you like Beauty Styling Products Hair Sprays Hair Care"
69-95-153-134,2,1,10628,B00A73BVP8,"SODIAL(R) Magic Hair Bun Sponge Maker SODIAL(TM) * Tie your hair into a ponytail. High ponytail recommended for a classy and girly look.* Place ponytail into hair sponge.* Tighten hair sponge and pull down to perhaps the last quarter of your ponytail.* Start rolling the hair sponge up towards the top of your head.* Bend the ends of the hair sponge down to secure bun.* Move your hair so it covers the sponge.* Bobby pin the loose strands in, give it a puff of hairspray (optional) and you're all set!* Decorate with hair accessories (such as flowers or hairbands) if you like Hair Care Beauty Styling Accessories Ponytail Holders Styling Tools"
71-139-188-119,2,0,2050,B000PWJZEA,"Thymes Azur Body Lotion Thymes Our bodies share the same composition of elements as the ocean. Inspired by the natural rhythm and vitality of these life-giving waters, Thymes Azur restores skin and spirit with a synergistic complex of sea herbs, minerals and vitamins and the tranquil, marine fragrance of soothing white tea, water lily and sea grasses. Resonating with the restorative energy of the sea, Azur Body Lotion rejuvenates skin with vital nutrients...bathing you in ocean-side fragrance and tranquility. Fragrance: Soothing white tea, water lily and sea grasses...popular with both men and women. Featuring Thymes exclusive Essential Phytomarine Complex of sea herbs, minerals and vitamins. Skin-conditioning sea kelp and glycoproteins Moisturizers Beauty Body Lotions Skin Care"
71-139-188-119,2,1,4699,B0029F2HO6,"Thymes Body Lotion, Eucalyptus, 9.25-Ounce Bottle Thymes With a fresh and cleansing blend of invigorating eucalyptus oil, crisp Italian lemon, lime and petitgrain, the Thymes Eucalyptus is positive and alive. A scent that not only wakes you up, but leaves you centered, open and ready to take on the day with warmth and vitality. With an invigorating aroma and skin-supportive botanicals, Thymes Eucalyptus Body Lotion inspires your senses and keeps your body aglow. This daily dose of moisture quenches even the driest of skin. Fragrance: Energizing scents of eucalyptus with crisp Italian lemon, lime and petitgrain. Popular with both men and women. Moisturizing jojoba oil. Soothing shea butter. Healing aloe vera. Supportive vitamin E. Moisturizers Beauty Body Lotions Skin Care"
73-91-76-122,2,0,11847,B00HAT8EKW,Best Shampoo - Tru Moroccan Argan Oil Shampoo - The Absolute Best Moisturizing Shampoo For Frizzy Dry Hair - Natural Shampoo - Gain Silky Shiny Hair Instantly - Sells Out Fast Moroccan Argan Oil Shampoo with 100% Organic Argan Oil. Shampoos Beauty Hair Care
73-91-76-122,2,1,11853,B00HDL5VA8,Best Hair Conditioner - Tru Moroccan Argan Oil Conditioner - Gain Silky Shiny Hair Instantly With The Absolute Best Hair Conditioner With Argan Oil Moroccan Argan Oil Shampoo with 100% Organic Argan Oil. Beauty Hair Care Conditioners
75-123-60-88,2,0,8681,B0060A2QXI,"OPI Nail Lacquer Muppets Collection, Gettin' Miss Piggy With It, 0.5 Fluid Ounce OPI OPI captures the fabulous color of the Disney release of the muppets in OPI 2011 limited edition holiday collection. It comes in a red glitter shade. It is packed with micas and sparkle for a 3D textured look. Exclusive OPI provide brush for the ultimate application. Does not contain DBP, toluene or formaldehyde. Makeup Nails Beauty Nail Polish"
75-123-60-88,2,1,8682,B0060ALFW6,"OPI Nail Lacquer Muppets Collection, Fresh Frog Of Bell Air, 0.5 Fluid Ounce OPI OPI captures the fabulous color of the Disney release of the muppets in OPI 2011 limited edition holiday collection. It comes in a green glitter shade. It is packed with micas and sparkle for a 3D textured look. Exclusive OPI provide brush for the ultimate application. Does not contain DBP, toluene or formaldehyde. Makeup Nails Beauty Nail Polish"
75-13-68-0,2,0,4985,B002JF4Q1S,"Nicole By Opi Nail Lacquer, It Starts With Me, 0.5-Fluid Ounce Nicole is the ultimate trendsetter's nail lacquer. For the girl who wants the hottest colors and style, Nicole's long-wearing formula makes sure you're perfectly polished from head to toe! Nicole is all about color and offers unique finishes and textures to nails. An of course, it's from OPI, the world leader in nail care. Makeup Nails Beauty Nail Polish"
75-13-68-0,2,1,5627,B0034JLST6,"Nicole by OPI Nail Lacquer, Make Mine Lime, 0.5 Fluid Ounce OPI Nicole is the ultimate trendsetter's nail lacquer.  For the girl who wants the hottest colors and style, Nicole's long-wearing formula makes sure you're perfectly polished from head to toe!  Nicole is all about color and offers unique finishes and textures to nails.  An of course, it's from OPI, the world leader in nail care. Makeup Nails Beauty Nail Polish"
75-133-194-14,2,0,5336,B002ULRAQE,Essie New Winter 2009 Collection Mint Candy Apple 702 Essie ESSIE New Winter 2009 collection ~Mint Candy Apple~ 702 Makeup Nails Beauty Nail Polish
75-133-194-14,2,1,9796,B00852JRVI,Essie Summer Collection 2012 'Mojito Madness 801 Essie Essie summer collection 2012 mojito madness #801 Makeup Nails Beauty Nail Polish
75-133-28-209,2,0,5602,B0033ZKCWA,Essie Nail Polish Spring 2010 Collection - Tart Deco #709 Essie .5 OZ NAIL POLISH Makeup Nails Beauty Nail Polish
75-133-28-209,2,1,10181,B008V1I2MI,Essie Snap Happy Nail Lacquer Essie A cheerful red orange. Makeup Nails Beauty Nail Polish
75-133-95-209,2,0,7175,B004FG9XHQ,essie Nail Color - Oui Madame Essie This nail color comes in a sophisticated white pearl. Makeup Nails Beauty Nail Polish
75-133-95-209,2,1,7176,B004FGAXK2,essie Nail Color - Wicked Essie health and beauty product Makeup Nails Beauty Nail Polish
75-142-68-82,2,0,4956,B002HY10J2,"Opi Nail Lacquer Limited Edition New York City Ballet Collection, Don't Touch My Tutu, 0.5 Fluid Ounce OPI Soft shade palette of six dreamy nail lacquer colors. Creamy white shade. Limited edition. Contains no DBP, toluene or formaldehyde. Makeup Nails Beauty Nail Polish"
75-142-68-82,2,1,9488,B007LSASW4,"Opi Nail Lacquer Limited Edition New York City Ballet Collection, Barre My Soul, 0.5 Fluid Ounce OPI Soft shade palette of six dreamy nail lacquer colors. Sheer beige shade. Limited edition. Contains no DBP, toluene or formaldehyde. Makeup Nails Beauty Nail Polish"
75-206-68-167,2,0,8909,B006HJPQ0M,"OPI Gelcolor Nail Polish, GCB87 a Grape Fit, 0.5 Fluid Ounce OPI This rich purple was made for you. A subtle purple with darker skin tones and a brighter pop of color for lighter skin tones. Purple is the color of royalty and this calming purple is sure to make you feel royal everyday. Now an OPI Soak-Off GelColor for long-lasting, chip-free nails. Makeup Nails Beauty Nail Polish"
75-206-68-167,2,1,8918,B006HKCR9O,"OPI Gelcolor Nail Polish, GCP61 Samoan Sand, 0.5 Fluid Ounce OPI Like a rich, foamy latte or a sunlit beach shore, OPI Samoan Sand finds luxury in neutral hues. This sheer, streak-free polish highlights between pink and brown for a rich, yet subtle beige. Give your nails a pure au natural, clean and elegant look by gliding on a glossy, creamy coat. An OPI GelColor, originally from the Soft Shades Collection. Makeup Nails Beauty Nail Polish"
75-243-161-101,2,0,1534,B000I4YTDW,"OPI: Lacquer NLB56 Mod About You, 0.5 oz OPI Nothing completes a look more beautifully than nails wearing the seasons most significant colors. Changing a Nail Lacquer shade can change a womans entire look _ and her outlook. With over 200 shades, you are sure to find what you're looking for.OPI Nail Lacquers contain everything you want, nothing you don't. OPI Nail Lacquers contain no DBP, toluene or formaldehyde and they are not tested on animals. Lacquers feature OPI's exclusive ProWide Brush. Makeup Nails Beauty Nail Polish"
75-243-161-101,2,1,1866,B000O1DHL4,"OPI: Lacquer NLL54 Big Apple Red, 0.5 oz OPI Nothing completes a look more beautifully than nails wearing the seasons most significant colors. Changing a Nail Lacquer shade can change a womans entire look _ and her outlook. With over 200 shades, you are sure to find what you're looking for.OPI Nail Lacquers contain everything you want, nothing you don't. OPI Nail Lacquers contain no DBP, toluene or formaldehyde and they are not tested on animals. Lacquers feature OPI's exclusive ProWide Brush. Makeup Nails Beauty Nail Polish"
75-243-177-134,2,0,5702,B0036UW5VS,"OPI: Lacquer NLH49 Meet Me On the Star Ferry, 0.5 oz OPI Nothing completes a look more beautifully than nails wearing the seasons most significant colors. Changing a Nail Lacquer shade can change a womans entire look _ and her outlook. With over 200 shades, you are sure to find what you're looking for. Makeup Nails Beauty Nail Polish"
75-243-177-134,2,1,9303,B0076HP5YG,"OPI: Lacquer H63 Vampsterdam Lacquer, 0.5 oz OPI Nothing completes a look more beautifully than nails wearing the seasons most significant colors. Changing a Nail Lacquer shade can change a womans entire look _ and her outlook. With over 200 shades, you are sure to find what you're looking for. Makeup Nails Beauty Nail Polish"
75-243-64-81,2,0,1876,B000O3BDHW,"OPI: Lacquer NLW42 Lincoln Park After Dark, 0.5 oz OPI Nothing completes a look more beautifully than nails wearing the seasons most significant colors. Changing a Nail Lacquer shade can change a womans entire look _ and her outlook. With over 200 shades, you are sure to find what you're looking for. Makeup Nails Beauty Nail Polish"
75-243-64-81,2,1,2190,B000SJ9G0I,"OPI: Lacquer NLB59 My Private Jet, 0.5 oz OPI Nothing completes a look more beautifully than nails wearing the seasons most significant colors. Changing a Nail Lacquer shade can change a womans entire look _ and her outlook. With over 200 shades, you are sure to find what you're looking for. Makeup Nails Beauty Nail Polish"
75-51-107-253,2,0,1867,B000O1NJZ8,"OPI NLL54 California Raspberry OPI From the classic collection: spreads more quickly, evenly, and delivers a smooth, streak-free application. Color Number: NL L54/ Size: 0.5 FL oz - 15 ML Makeup Nails Beauty Nail Polish"
75-51-107-253,2,1,2897,B0013KA0BA,"Opi Cajun Shrimp NLL64 OPI From the classic collection: spreads more quickly, evenly, and delivers a smooth, streak-free application. Color Number: NL L64/ Size: 0.5 FL oz - 15 ML Makeup Nails Beauty Nail Polish"
75-51-136-88,2,0,8986,B006LPVGCO,Opi Nail Polish Nicki Minaj Save Me Nl N17 .5 Oz OPI OPINail Lacquer - Save Me(.5 oz/15 ml)BenefitsSave Me has a glitter finishFormaldehyde free formulaLong-wearing formula Makeup Nails Beauty Nail Polish
75-51-136-88,2,1,9057,B006PIOSZ4,OPI Nail Polish Nicki Minaj Collection - Did It On 'Em OPI OPINail Lacquer - Dit It On 'Em(.5 oz/15 ml)BenefitsFormaldehyde free formulaLong-wearing formula Makeup Nails Beauty Nail Polish
75-77-68-81,2,0,5282,B002TLT2TS,"OPI Nail Lacquer, Brights Significant Other Color, 0.5 Ounce OPI New collection comes with an exclusive ProWide Laquer brush. Polish spreads quick, even, and leaves itself streak free. The brush also has stacked bristles which apply more polish than regularly spaced bristles. OPI polishes are designed with quality and excellence in mind, and almost exclusively sold only to nail professionals. Makeup Nails Beauty Nail Polish"
75-77-68-81,2,1,5669,B0035Y9VOY,"OPI Nail Lacquer, Panda-Monium Pink, 0.5 Ounce OPI New collection comes with an exclusive ProWide Laquer brush. Polish spreads quick, even, and leaves itself streak free. The brush also has stacked bristles which apply more polish than regularly spaced bristles. OPI polishes are designed with quality and excellence in mind, and almost exclusively sold only to nail professionals. Makeup Nails Beauty Nail Polish"
75-91-62-159,2,0,6773,B0045M2SZY,"OPI Nail Lacquer, Glow Up Already, 0.5-Fluid Ounce OPI OPI Burlesque Colors Makeup Nails Beauty Nail Polish"
75-91-62-159,2,1,7555,B004Q8PE1C,"OPI Katy Perry Collection, Black Shatter, 0.5-Fluid Ounce OPI Spring/Summer 2011 Katy Perry Collection. Dazzling, colorful & totally unique. Makeup Nails Beauty Nail Polish"
76-0-244-189,2,0,288,B000146LKS,"Patchouli 100% Pure &amp; Natural Aromatherapy Herbal Soap- 4 oz (113g) Plantlife Our soaps are made the old-fashioned way. They are hand-crafted using natural ingredients and include pure essential oils and organic botanicals. Known as Castile soap, our base is one of the gentlest and moisturizing of all soaps. We employ the ""cold processing"" method and do not add heat or chemicals to the soap pots. This process produces a bar full of natural glycerin, which is a by-product of the soap making process. Unlike most soaps on the market today, we do not remove this glycerin from our soap because it is a humectant, which helps attract moisture to the skin and can be gentle enough for even the driest and most sensitive of skin. Additionally, we do not add preservatives, colorants or fragrance oils to our products. Our soap is made with your skins well-being in mind - no harmful synthetics, just pure ingredients from nature. From Ambrosia to Vanilla Orange, there is something for everyone. Try one of our wonderful 27 types today! Soaps Beauty Bath & Body Cleansers"
76-0-244-189,2,1,2703,B00112DRHY,"Sandalwood 100% Pure &amp; Natural Aromatherapy Herbal Soap- 4 oz (113g) Plantlife Our soaps are made the old-fashioned way. They are hand-crafted using natural ingredients and include pure essential oils and organic botanicals. Known as Castile soap, our base is one of the gentlest and moisturizing of all soaps. We employ the ""cold processing"" method and do not add heat or chemicals to the soap pots. This process produces a bar full of natural glycerin, which is a by-product of the soap making process. Unlike most soaps on the market today, we do not remove this glycerin from our soap because it is a humectant, which helps attract moisture to the skin and can be gentle enough for even the driest and most sensitive of skin. Additionally, we do not add preservatives, colorants or fragrance oils to our products. Our soap is made with your skins well-being in mind - no harmful synthetics, just pure ingredients from nature Soaps Beauty Bath & Body Cleansers"
77-114-69-52,2,0,5146,B002PBEDT6,"L'Oreal Paris EverStrong Bodify Conditioner, 8.5-Fluid Ounce L&#39;Oreal Paris For hair that needs extra strength, now there is haircare that&#8217;s so gentle, yet so strong. The new EverStrong Sulfate-Free Fortify System&#8482; contains L&#8217;Or&#233;al&#8217;s patented Bio-Ceramide complex, which strengthens hair after just one wash. EverStrong Bodify Conditioner gently conditions and adds body to fine, limp hair, leaving it strong and silky. Natural aromatic properties from rosemary and mint help energize and invigorate the senses. Beauty Hair Care Conditioners"
77-114-69-52,2,1,5153,B002PBJLMU,"L'Oreal Paris EverStrong Bodify Shampoo, 8.5-Fluid Ounce L&#39;Oreal Paris For hair that needs extra strength, now there is haircare that&#8217;s so gentle, yet so strong. The new EverStrong Sulfate-Free Fortify System&#8482; contains L&#8217;Or&#233;al&#8217;s patented Bio-Ceramide complex, which strengthens hair after just one wash. EverStrong Bodify Shampoo gently cleanses and adds body to fine, limp hair, leaving it strong and silky. Rich lather and natural aromatic properties from rosemary and juniper help energize and invigorate the senses. Shampoos Beauty Hair Care"
77-195-188-207,2,0,10727,B00AF9D4JK,"L'Oreal Total Repair 5 Restoring Conditioner 12.6 FL OZ L&#39;Oreal Paris L'Oreal Total Repair 5 Restoring Conditioner 12.6 FL OZ. This new line of L'Oreal Advanced Hair care created for every hair type; with shampoos, conditioners and the best treatments ever to transform your hair. The Total Repair 5 Restoring Conditioner contains ceramide to rebuilt fibers, brings strength, vitality, silkiness and shine. Specially for damaged, overworked hair. Shampoo & Conditioner Sets Beauty Hair Care"
77-195-188-207,2,1,10728,B00AF9DGMA,"L'Oreal Total Repair 5 Restoring Shampoo 12.6 FL OZ L&#39;Oreal Paris L'Oreal Total Repair 5 Restoring Shampoo 12.6 FL OZ. This new line of L'Oreal Advanced Hair care created for every hair type; with shampoos, conditioners and the best treatments ever to transform your hair. The Total Repair 5 Restoring Shampoo contains ceramide to rebuilt fibers, brings strength, vitality, silkiness and shine. Specially for damaged, overworked hair. Shampoo & Conditioner Sets Beauty Hair Care"
77-34-118-201,2,0,4286,B001P1ZEMC,"L'Oreal Paris EverPure Sulfate-Free Color Care System Smooth Conditioner, 8.5 Fluid Ounce L&#39;Oreal Paris EverPure conditioners are creamy, protective formulas that help preserve and maintain color brilliance. Color-treated hair requires special care. The EverPure Sulfate-Free Color Care System protects and conditions hair for long-lasting color purity. The unique UV filters help protect color-treated hair against sun damage. Beauty Hair Care Conditioners"
77-34-118-201,2,1,4291,B001P26BD2,"L'Oreal Paris EverPure Moisture Leave-In Conditioner, Rosemary Mint, 6 Ounce L&#39;Oreal Paris EverPure conditioners are creamy, protective formulas that help preserve and maintain color brilliance. Color-treated hair requires special care. The EverPure Sulfate-Free Color Care System protects and conditions hair for long-lasting color purity. The unique UV filters help protect color-treated hair against sun damage. Beauty Hair Care Conditioners"
77-70-179-135,2,0,8283,B005HIGY46,"L'Oreal Paris EverStyle Smooth &amp; Shine Creme, Alcohol-Free, 5.1 Fluid Ounce L&#39;Oreal Paris Everstyle offers hold and style with out compromise. Free of drying effects of alcohol, everstyle uses high performance no-residue styling polymers for superior style without build-up. Beauty Styling Products Hair Care Creams, Gels & Lotions"
77-70-179-135,2,1,8292,B005HIHEMC,"L'Oreal Paris EverStyle Volume Lifting Root Spray, Alcohol-Free, 8.5 Fluid Ounce L&#39;Oreal Paris Everstyle offers hold and style with out compromise. Free of drying effects of alcohol, everstyle uses high performance no-residue styling polymers for superior style without build-up. Beauty Styling Products Hair Sprays Hair Care"
79-73-229-52,2,0,904,B000ALCJR6,T3 Tourmaline 83808 Professional Featherweight Ceramic Ionic Hair Dryer T3 Tourmaline All T3 products that are purchased Direct from Amazon.com are covered by a 30 day Amazon warranty.  Applies only to products sold by Amazon.com. Does not apply to products sold on our site by third-party merchants or through third-party areas such as Amazon.com Marketplace or Auctions. Hair Dryers Beauty Styling Tools Hair Care
79-73-229-52,2,1,1625,B000K7JLGM,T3 Bespoke Labs 83808-SE Featherweight Professional Ionic Ceramic Tourmaline Hair Dryer Bespoke Labs All T3 products that are purchased Direct from Amazon.com are covered by a 30 day Amazon warranty.  Applies only to products sold by Amazon.com. Does not apply to products sold on our site by third-party merchants or through third-party areas such as Amazon.com Marketplace or Auctions. Hair Dryers Beauty Styling Tools Hair Care
8-107-145-135,2,0,1076,B000C1ZCOG,"Charlie White By Revlon For Women, Eau De Toilette Spray, 3.4 Ounces Revlon Introduced in 1994. Fragrance notes: watermelon, violet, and jasmine.  Accompanied by additional notes of sandalwood. Recommended use: daytime.When&#xA0;applying&#xA0;any fragrance please consider that there are several factors which can affect the natural smell of your skin and, in turn, the way a scent smells on you.&#xA0; For instance, your mood, stress level, age, body chemistry,&#xA0;diet, and current medications may all alter the scents you wear.&#xA0;&#xA0;Similarly, factor such as dry or oily&#xA0;skin can even affect the amount of time a fragrance will last after being applied Fragrance Women's Beauty Eau de Toilette"
8-107-145-135,2,1,1090,B000C21A82,"Charlie Red by Revlon for Women, Eau De Toilette Spray, 3.4 Ounce Revlon Introduced in 1993. Fragrance notes: violet, rose, apricot and lily of the valley. Accompanied by additional fruity notes of fresh citrus and plum. Recommended use: casual.When&#xA0;applying&#xA0;any fragrance please consider that there are several factors which can affect the natural smell of your skin and, in turn, the way a scent smells on you.&#xA0; For instance, your mood, stress level, age, body chemistry,&#xA0;diet, and current medications may all alter the scents you wear.&#xA0;&#xA0;Similarly, factor such as dry or oily&#xA0;skin can even affect the amount of time a fragrance will last after being applied Fragrance Women's Beauty Eau de Toilette"
8-114-57-116,2,0,1036,B000C1VYSE,"Lacoste Style In Play By Lacoste For Men. Eau De Toilette Spray 1.6 Ounces Lacoste Introduced in 2004.When&#xA0;applying&#xA0;any fragrance please consider that there are several factors which can affect the natural smell of your skin and, in turn, the way a scent smells on you.&#xA0; For instance, your mood, stress level, age, body chemistry,&#xA0;diet, and current medications may all alter the scents you wear.&#xA0;&#xA0;Similarly, factor such as dry or oily&#xA0;skin can even affect the amount of time a fragrance will last after being applied Fragrance Beauty Eau de Toilette Men's"
8-114-57-116,2,1,1115,B000CNIHEG,"Subtil Pour Homme by Salvatore Ferragamo 3.3oz 100ml EDT Spray Salvatore Ferragamo Introduced in 2002. Fragrance notes: a marine scent, a distinctly masculine aroma. Recommended use: casual.When&#xA0;applying&#xA0;any fragrance please consider that there are several factors which can affect the natural smell of your skin and, in turn, the way a scent smells on you.&#xA0; For instance, your mood, stress level, age, body chemistry,&#xA0;diet, and current medications may all alter the scents you wear.&#xA0;&#xA0;Similarly, factor such as dry or oily&#xA0;skin can even affect the amount of time a fragrance will last after being applied Fragrance Beauty Eau de Toilette Men's"
8-196-145-183,2,0,2402,B000VOLCO8,"Adidas Team Force By Adidas For Men, Eau De Toilette Spray, 3.4-Ounce Bottle adidas Launched by the design house of Adidas in 2000, ADIDAS TEAM FORCE is a men's fragrance that possesses a blend of The refreshing blend of tart citrus.  It is recommended for daytime wear.When&#xA0;applying&#xA0;any fragrance please consider that there are several factors which can affect the natural smell of your skin and, in turn, the way a scent smells on you.&#xA0; For instance, your mood, stress level, age, body chemistry,&#xA0;diet, and current medications may all alter the scents you wear.&#xA0;&#xA0;Similarly, factor such as dry or oily&#xA0;skin can even affect the amount of time a fragrance will last after being applied Moisturizers Beauty Body Lotions Skin Care"
8-196-145-183,2,1,2407,B000VOMZOY,"Adidas Ice Dive By Adidas For Men, Eau De Toilette Spray, 3.4-Ounce Bottle adidas Launched by the design house of Adidas in 2001, ADIDAS ICE DIVE is a men's fragrance that possesses a blend of A manly scent of citrus, greens and amber.  It is recommended for casual wear.When&#xA0;applying&#xA0;any fragrance please consider that there are several factors which can affect the natural smell of your skin and, in turn, the way a scent smells on you.&#xA0; For instance, your mood, stress level, age, body chemistry,&#xA0;diet, and current medications may all alter the scents you wear.&#xA0;&#xA0;Similarly, factor such as dry or oily&#xA0;skin can even affect the amount of time a fragrance will last after being applied Moisturizers Beauty Body Lotions Skin Care"
8-207-172-42,2,0,5947,B003DL3YW4,"Halle Pure Orchid by Halle Berry Eau De Parfum Spray for Women, 1 Ounce Halle Berry When&#xA0;applying&#xA0;any fragrance please consider that there are several factors which can affect the natural smell of your skin and, in turn, the way a scent smells on you.&#xA0; For instance, your mood, stress level, age, body chemistry,&#xA0;diet, and current medications may all alter the scents you wear.&#xA0;&#xA0;Similarly, factor such as dry or oily&#xA0;skin can even affect the amount of time a fragrance will last after being applied Fragrance Women's Beauty Eau de Parfum"
8-207-172-42,2,1,7050,B004CG0XIW,"Jordin Sparks Because of You Eau De Parfum Spray for Women, 2.5 Ounce Jordin Sparks When&#xA0;applying&#xA0;any fragrance please consider that there are several factors which can affect the natural smell of your skin and, in turn, the way a scent smells on you.&#xA0; For instance, your mood, stress level, age, body chemistry,&#xA0;diet, and current medications may all alter the scents you wear.&#xA0;&#xA0;Similarly, factor such as dry or oily&#xA0;skin can even affect the amount of time a fragrance will last after being applied Fragrance Women's Beauty Eau de Parfum"
81-143-243-51,2,0,7742,B004WO9EDY,"Dr. Jart+ Premium Beauty Balm SPF 45, 1.5 oz Dr. Jart A moisturizer, sunscreen, and treatment serum, this all-in-one product also includes advanced brightening properties. Ideal under makeup, its natural looking coverage minimizes the appearance of imperfections and evens the skintone. Antioxidant bio-peptides and adenosine protect skin from harsh environmental factors while restoring firmness and elasticity. This lightweight formula features mineral sunscreens to provide broad spectrum sun protection from both UVA and UVB rays. Skin is left looking smooth, perfect, and natural. Bio-Peptide Complex infused with white gold to provide antiaging properties and promote natural collagen Features SPF 45 sun protection Comes in one universal shade Creams & Moisturizers Beauty Skin Care Face"
81-143-243-51,2,1,10500,B009UTCT6U,"Dr. Jart+ Black Label Detox BB Beauty Balm, 1.5 oz Dr. Jart Perfect and protect skin instantly with this all-in-one multifunctional Beauty Balm. This triple-action formula naturally covers blemishes and uneven skintone, and contains botanical actives to purify and calm blemish-prone or irritated skin. Arbutin works to erase unwanted dark spots, while caviar extract and antioxidants protect skin from inner and outer pollutants for an enhanced radiance. Lightweight with sunscreen protection for simple, one-step neutralizing coverage, this soothing cream delivers optimal results for both women and men. Creams & Moisturizers Beauty Skin Care Face"
81-34-255-8,2,0,3501,B001CJE0MC,"Skinceuticals Sport UV Defense Active Use Broad-spectrum UVA/UVB Sunscreen Lotion SPF 50, 3fl oz SkinCeuticals For people with active lifestyles, this true broad-spectrum sunscreen is waterproof and sweatproof to deliver maximum protection during high-energy activities. Contains transparent Zinc Oxide as well as other sunscreens to help protect against damaging UVA rays. Sun Beauty Skin Care Skin Protection"
81-34-255-8,2,1,3510,B001CJJ5QS,"Skinceuticals Ultimate UV Defense Nourishing Broad-spectrum Sunscreen SPF 30, 3-Ounce Tube SkinCeuticals Daily use broad spectrum cream with transparent zinc oxide (Z-Cote) helps protect against the damaging effects of UVA and UVB rays. Sun Beauty Sports Skin Protection Skin Care"
81-50-188-53,2,0,2998,B001544IQW,"Neutrogena Fresh Cooling Body Mist Sunblock, SPF 70, 5 Ounce Neutrogena Fresh Cooling Body Mist Sunblock with Helioplex is a breakthrough! Its cooling, continuous spray instantly refreshes as it provides skin with unsurpassed UVA protection. This waterlight mist cools, and instantly refreshes skin, leaving it feeling fresh and clean. Sunblock never felt so cool. This product features Helioplex, a breadth of stabilized sunscreen technologies that delivers superior protection from the sun. Sun Beauty Skin Care Skin Protection"
81-50-188-53,2,1,5797,B003901LEW,"Neutrogena Ultra Sheer Liquid Daily Sunblock, SPF 55, 1.4 Ounce New Neutrogena Ultra Sheer Liquid Sunblock delivers powerful protection in a breakthrough lightweight liquid for daily protection from the sun.   This water-light texture spreads easily over skin, absorbing instantly for an invisible, weightless feel. It also provides an even, non-shiny finish that works beautifully alone or under makeup and moisturizers.   This product features Helioplex, a breadth of stabilized sunscreen technologies that delivers superior protection from the sun. Sun Beauty Skin Care Skin Protection"
83-103-48-85,2,0,4667,B00283O7LK,"Crystal Glass Nail File, 5.5 Inches, Free Carrying Case from Sassella Ordinary nail files create tiny fractures in your nail which can weaken the nail and cause the nail to split and become brittle. Because the glass file is so hard and the filing surface so extremely fine, you can file in any direction without damaging the nail. It will leave your nails incredibly smooth! Amazingly the glass file works very well on extremely hard nails as well as very soft nails. Since the surface of the glass nail file is so fine and uniform, regular use will actually help grow more beautiful nails, they will be healthier and smoother. Beauty Tools & Accessories Nail Tools Nail Files & Buffers"
83-103-48-85,2,1,4713,B002AC2RW0,"Crystal Glass Nail File Set , 5.5&quot; File and 3.5&quot; File, Free Carrying Case From Sassella This Crystal Nail File Set, includes one 5.5"" and one 3.5"" file. The 5.5"" file has a delicate hand-painted flower. These elegant crystal files are unlike ordinary nail files that create tiny fractures in your nail which can weaken the nail and cause the nail to split and become brittle. Because the glass file is so hard and the filing surface so extremely fine, you can file in any direction without damaging the nail. It will leave your nails incredibly smooth! Amazingly the glass file works very well on extremely hard nails as well as very soft nails. Since the surface of the glass nail file is so fine and uniform, regular use will actually help grow more beautiful nails, they will be healthier and smoother. Beauty Tools & Accessories Nail Tools Nail Files & Buffers"
83-196-94-219,2,0,516,B0002SI7DW,NAIL TEK Regular Size Crystal File with Free Blue Case Nail Tek NAIL TEK Regular Size Crystal File is designed with a pointed end with FREE companion case. Beauty Tools & Accessories Nail Tools Nail Files & Buffers
83-196-94-219,2,1,4266,B001OG1CWY,"NAIL TEK Regular Size Crystal File With Pink Case Nail Tek SIZE: 5"". COLOR: Fuchsia. Beauty Tools & Accessories Nail Tools Nail Files & Buffers"
83-210-47-92,2,0,2646,B000ZM9BP8,"Trim Pink/Fine Salon Board Drum (Pack of 48) Trim Trim pink coarse salon board drum salon boards, 2 surfaces: heavy duty (100 grit) and medium (180 grit), it smoothes and reduces artificial nail seams and edges and it shapes natural and artificial nails. Beauty Tools & Accessories Nail Tools Nail Files & Buffers"
83-210-47-92,2,1,2648,B000ZMCNFI,"Trim Black/Coarse Salon Board Drum (Pack of 48) Trim Trim Black/ Coarse Salon Board Drum salon boards, 2 surfaces: heavy duty (100 grit) and medium (180 grit), it smoothes and reduces artificial nail seams and edges and it shapes natural and artificial nails. Beauty Tools & Accessories Nail Tools Nail Files & Buffers"
83-219-79-254,2,0,8630,B005WTKB2Q,"Premium Nail Art Quality Manicure Crystal Glass Nail Files Set of 5 by Cheeky&reg; Set of 5 Crystal Glass Nail FilesThese Cheeky nail files are made with a tough Crystal Glass abrasive surface making them extremely long lasting.They can be cleaned using hot waterIdeal for natural or acrylic nails.Use to shape newly cut nails ensuring that movement is from the centre of the nail outwards to ensure a smooth finish.Becoming an official ""Cheeky Chick""Cheeky is a lady's best friend!It is a one stop shop for ladies beauty needs such as: makeup, nails, personal care products or innovative beauty gadgets, all are only few clicks away when shopping on our Cheeky shop.Cheeky's famous high quality products and services are guaranteed with every purchase of one of our products.After the purchase of your first Cheeky item, you will become an official ""Cheeky Chick"" and most likely develop severe addiction to Cheeky's products.You will find that enjoyable shopping experience, excellent service and stylish high quality products can be bought at a fair price.Please note that we offer fast (from the UK) and slow (from China) shipping options for your convenience. Please select your most suitable shipping option according to your needs and budget. Beauty Tools & Accessories Nail Tools Nail Files & Buffers"
83-219-79-254,2,1,10607,B00A4ZJSYK,"Premium Nail Art Quality Manicure Crystal Glass Nail Files Set of 3 by Cheeky&reg; Set of 3 Crystal Glass Nail FilesThese Cheeky nail files are made with a tough Crystal Glass abrasive surface making them extremely long lasting.They can be cleaned using hot waterIdeal for natural or acrylic nails.Use to shape newly cut nails ensuring that movement is from the centre of the nail outwards to ensure a smooth finish.Becoming an official ""Cheeky Chick""Cheeky is a lady's best friend!It is a one stop shop for ladies beauty needs such as: makeup, nails, personal care products or innovative beauty gadgets, all are only few clicks away when shopping on our Cheeky shop.Cheeky's famous high quality products and services are guaranteed with every purchase of one of our products.After the purchase of your first Cheeky item, you will become an official ""Cheeky Chick"" and most likely develop severe addiction to Cheeky's products.You will find that enjoyable shopping experience, excellent service and stylish high quality products can be bought at a fair price.Please note that we offer fast (from the UK) and slow (from China) shipping options for your convenience. Please select your most suitable shipping option according to your needs and budget. Beauty Tools & Accessories Nail Tools Nail Files & Buffers"
88-17-245-105,2,0,7395,B004L81VXW,"Henna Maiden VIBRANT WINE RED Hair &amp; Eyebrow Color: 100% Natural &amp; Chemical Free Henna Maiden Hair & Eyebrow Dye is ""Nature's Way to Cover Grey"". Henna & Herbs that's it! Our Henna Maiden Hair & Eyebrow Dye is a gift from nature with 10 mixable shades to create an infinite range of colors . Want rich, luscious, shiny hair that dazzles everyone? Henna coats the hair shaft so it always looks natural and translucent, especially in the sun! Your hair will be stronger, healthier and more manageable with tons of shine and bounce! Henna will smooth split ends, protect from the elements and cleanse the scalp promoting hair growth. All of our Henna Maiden Hair & Eyebrow Dyes are FDA approved for use on your hair, do not contain any metal salts, peroxide, PPD's or harsh chemicals. That means no more burning and no more health risks associated with chemical hair dyes. Once you try it you'll never go back! Henna Maiden is Vegan of course! Our easy 1 Step method means no complicated mixing of multiple powders and herbs, we have created the perfect blend; you simply add water, mix and apply the dye! HENNA MAIDEN Hair Dye kit includes 100 Grams of finely sifted organic Henna & herbs, gloves, hair cap and application instructions. We ship same day on orders placed Monday - Friday before 3pm Eastern (12pm Pacific) from our office and warehouse located in Las Vegas, Nevada, USA. We are a proud family owned business for the past 15 years. Any questions just give us a call or send us a message. Thank you! NOTE: Short Hair = 1/3 - 1/2 Package (30 - 50 grams), Neck Length = 1 Package (100 grams), Shoulder Length = 1.5 to 2 Packages (150 - 200 grams), Mid Back Length = 2 to 3 Packages (200 - 300 grams), Waist Length = 3 to 4 Packages (300 - 400 grams) Beauty Hair Color Hennas Hair Care"
88-17-245-105,2,1,9825,B0086JQBAA,"Henna Maiden RADIANT NATURAL RED Hair &amp; Eyebrow Color: 100% Natural &amp; Chemical Free Henna King Henna Maiden Hair & Eyebrow Dye is ""Nature's Way to Cover Grey"". Henna & Herbs that's it! Our Henna Maiden Hair & Eyebrow Dye is a gift from nature with 10 mixable shades to create an infinite range of colors . Want rich, luscious, shiny hair that dazzles everyone? Henna coats the hair shaft so it always looks natural and translucent, especially in the sun! Your hair will be stronger, healthier and more manageable with tons of shine and bounce! Henna will smooth split ends, protect from the elements and cleanse the scalp promoting hair growth. All of our Henna Maiden Hair & Eyebrow Dyes are FDA approved for use on your hair, do not contain any metal salts, peroxide, PPD's or harsh chemicals. That means no more burning and no more health risks associated with chemical hair dyes. Once you try it you'll never go back! Henna Maiden is Vegan of course! Our easy 1 Step method means no complicated mixing of multiple powders and herbs, we have created the perfect blend; you simply add water, mix and apply the dye! HENNA MAIDEN Hair Dye kit includes 100 Grams of finely sifted organic Henna & herbs, gloves, hair cap and application instructions. We ship same day on orders placed Monday - Friday before 3pm Eastern (12pm Pacific) from our office and warehouse located in Las Vegas, Nevada, USA. We are a proud family owned business for the past 15 years. Any questions just give us a call or send us a message. Thank you! NOTE: Short Hair = 1/3 - 1/2 Package (30 - 50 grams), Neck Length = 1 Package (100 grams), Shoulder Length = 1.5 to 2 Packages (150 - 200 grams), Mid Back Length = 2 to 3 Packages (200 - 300 grams), Waist Length = 3 to 4 Packages (300 - 400 grams) Beauty Hair Color Hennas Hair Care"
88-17-90-105,2,0,9836,B0086XL9DK,"Henna Maiden ENVIOUS BLACK Hair &amp; Eyebrow Color: 100% Natural &amp; Chemical Free Henna King Henna Maiden Hair & Eyebrow Dye is ""Nature's Way to Cover Grey"". Henna & Herbs that's it! Our Henna Maiden Hair & Eyebrow Dye is a gift from nature with 10 mixable shades to create an infinite range of colors . Want rich, luscious, shiny hair that dazzles everyone? Henna coats the hair shaft so it always looks natural and translucent, especially in the sun! Your hair will be stronger, healthier and more manageable with tons of shine and bounce! Henna will smooth split ends, protect from the elements and cleanse the scalp promoting hair growth. All of our Henna Maiden Hair & Eyebrow Dyes are FDA approved for use on your hair, do not contain any metal salts, peroxide, PPD's or harsh chemicals. That means no more burning and no more health risks associated with chemical hair dyes. Once you try it you'll never go back! Henna Maiden is Vegan of course! Our easy 1 Step method means no complicated mixing of multiple powders and herbs, we have created the perfect blend; you simply add water, mix and apply the dye! HENNA MAIDEN Hair Dye kit includes 100 Grams of finely sifted organic Henna & herbs, gloves, hair cap and application instructions. We ship same day on orders placed Monday - Friday before 3pm Eastern (12pm Pacific) from our office and warehouse located in Las Vegas, Nevada, USA. We are a proud family owned business for the past 15 years. Any questions just give us a call or send us a message. Thank you! NOTE: Short Hair = 1/3 - 1/2 Package (30 - 50 grams), Neck Length = 1 Package (100 grams), Shoulder Length = 1.5 to 2 Packages (150 - 200 grams), Mid Back Length = 2 to 3 Packages (200 - 300 grams), Waist Length = 3 to 4 Packages (300 - 400 grams) Beauty Hair Color Hennas Hair Care"
88-17-90-105,2,1,10311,B0096YQT6U,"Henna Maiden MIRACULOUS MEDIUM BROWN Hair &amp; Eyebrow Color: 100% Natural &amp; Chemical Free Henna King Henna Maiden Hair & Eyebrow Dye is ""Nature's Way to Cover Grey"". Henna & Herbs that's it! Our Henna Maiden Hair & Eyebrow Dye is a gift from nature with 10 mixable shades to create an infinite range of colors . Want rich, luscious, shiny hair that dazzles everyone? Henna coats the hair shaft so it always looks natural and translucent, especially in the sun! Your hair will be stronger, healthier and more manageable with tons of shine and bounce! Henna will smooth split ends, protect from the elements and cleanse the scalp promoting hair growth. All of our Henna Maiden Hair & Eyebrow Dyes are FDA approved for use on your hair, do not contain any metal salts, peroxide, PPD's or harsh chemicals. That means no more burning and no more health risks associated with chemical hair dyes. Once you try it you'll never go back! Henna Maiden is Vegan of course! Our easy 1 Step method means no complicated mixing of multiple powders and herbs, we have created the perfect blend; you simply add water, mix and apply the dye! HENNA MAIDEN Hair Dye kit includes 100 Grams of finely sifted organic Henna & herbs, gloves, hair cap and application instructions. We ship same day on orders placed Monday - Friday before 3pm Eastern (12pm Pacific) from our office and warehouse located in Las Vegas, Nevada, USA. We are a proud family owned business for the past 15 years. Any questions just give us a call or send us a message. Thank you! NOTE: Short Hair = 1/3 - 1/2 Package (30 - 50 grams), Neck Length = 1 Package (100 grams), Shoulder Length = 1.5 to 2 Packages (150 - 200 grams), Mid Back Length = 2 to 3 Packages (200 - 300 grams), Waist Length = 3 to 4 Packages (300 - 400 grams) Beauty Hair Color Hennas Hair Care"
89-190-113-229,2,0,11372,B00D6EDGYE,"Pond's Luminous Finish BB Plus Cream with SPF 15, Light Shade, 1.5 Ounce Pond&#39;s Creams & Moisturizers Beauty Skin Care Face"
89-190-113-229,2,1,11373,B00D6EDGZI,"Pond's Luminous Finish BB Plus Cream with SPF 15, Medium Shade, 1.5 Ounce Pond&#39;s Creams & Moisturizers Beauty Skin Care Face"
89-205-169-81,2,0,4046,B001JQLNMS,Olay Professional Pro-X Eye Restoration Complex Anti Aging 15 mL Olay Complexes Beauty Eyes Skin Care
89-205-169-81,2,1,4048,B001JQLNNM,"Olay Professional Pro-X Discoloration Fighting Concentrate, 0.4 Ounce Olay Beauty Skin Care Face"
89-37-169-140,2,0,1161,B000EBZ7XK,"Olay Regenerist Eye Lifting Serum, 0.5 Fluid Ounce Olay Moisturizers Beauty Body Oils Skin Care"
89-37-169-140,2,1,9497,B007M81B4M,Regenerist Micro-Sculpting Cream Fragrance-Free 1.7 Oz Olay Moisturizers Beauty Body Oils Skin Care
89-50-44-1,2,0,50,B000052YOL,"Neutrogena Healthy Skin Anti-Wrinkle Cream, SPF 15, 1.4 Ounce Neutrogena Creams & Moisturizers Beauty Skin Care Face"
89-50-44-1,2,1,4988,B002JL1Y6C,"Neutrogena Healthy Skin Eye Cream, 0.5 Ounce Neutrogena Beauty Eyes Skin Care Creams"
89-84-169-179,2,0,2806,B0012J30LY,Regenerist Micro-Sculpting Cream 1.7 Oz Olay Creams & Moisturizers Beauty Fluids & Lotions Lotions Face Skin Care
89-84-169-179,2,1,7667,B004UDQ6GK,"Olay Regenerist Instant Fix Wrinkle Revolution Complex Primer Plus, 1.7 Fl Oz Olay Creams & Moisturizers Beauty Fluids & Lotions Lotions Face Skin Care"
89-84-212-235,2,0,3846,B001F51TNQ,Olay Night Of Olay Firming Cream 2.0 Oz (Pack of 3) Olay Oil-free Creams & Moisturizers Beauty Fluids & Lotions Lotions Face Skin Care
89-84-212-235,2,1,4145,B001LF4BDK,"Olay Active Hydrating Beauty Fluid, Original Facial Moisturizer, Regular, 4 Ounce (Pack of 2) Olay Non-Greasy Creams & Moisturizers Beauty Fluids & Lotions Lotions Face Skin Care"
89-91-150-120,2,0,11829,B00H5V3T2I,"Suave Professionals Gradual Self Tanner, Visible Glow-Fair-Medium, 7.5 Ounce Suave Moisturizers Beauty Body Lotions Skin Care"
89-91-150-120,2,1,11830,B00H5V3T8M,"Suave Professionals, Gradual Self Tanner, Visible Glow, Medium-Tan, 7.5 Ounce Suave Moisturizers Beauty Body Lotions Skin Care"
9-124-188-154,2,0,8617,B005VMHWRQ,TONYMOLY Petite Bunny Gloss Bar #1 juicy strawberry TONYMOLY TONYMOLY Petite Bunny Gloss Bar #1 juicy strawberry Made in KOREA Makeup Beauty Lips Lip Glosses
9-124-188-154,2,1,10026,B008J54PQ8,"TONYMOLY Cats Wink Clear Pact - #1 Clear Skin TONYMOLY TONYMOLY Cats Wink Clear PactLightly applied on your skin / natural covering of teenage healthy skinSebum controlWhite blossom Fragrance Tags: Cats Wink, cosmetics, face, makeup, powder, tonymoly Makeup Foundation Beauty Face"
97-135-64-7,2,0,7473,B004NJ8WFO,"BriteLeafs Face and Body Ultra Clean Brush 4-in-1 SPA Cleansing System, Waterproof and Cordless This microdermabrasion rotating face and body cleaning system helps keep your skin looking younger and more vibrant.

This face and body SPA cleansing system uses a rotating brush to help keep your skin looking younger and healthier. The microdermabrasion spinning head removes embedded dirt and oil, resulting in healthier, more beautiful skin. Remarkably gentle for cleansing all skin types, including sensitive skin conditions such as rosacea and acne. Your pores appear smaller, fine lines and wrinkles appear reduced and your skin tone and texture improves . The rotating action polishes away aged skin and rejuvenates tissues while it smoothes away stress lines, sun and time. Helps reduce the appearance of fine lines, wrinkles, enlarged pores, superficial sun damage, superficial scars and age spots. Comes with 4 reusable applicators including a large brush, small brush, face sponge and pumice stone Beauty Skin Care Face"
97-135-64-7,2,1,11295,B00CKDEIVC,"Gurin Face and Body Ultra Clean Brush 4-in-1 SPA Cleansing System, Waterproof and Cordless&nbsp; This microdermabrasion rotating face and body cleaning system helps keep your skin looking younger and more vibrant. This face and body SPA cleansing system uses a rotating brush to help keep your skin looking younger and healthier. The microdermabrasion spinning head removes embedded dirt and oil, resulting in healthier, more beautiful skin. Remarkably gentle for cleansing all skin types, including sensitive skin conditions such as rosacea and acne. Your pores appear smaller, fine lines and wrinkles appear reduced and your skin tone and texture improves . The rotating action polishes away aged skin and rejuvenates tissues while it smoothes away stress lines, sun and time. Helps reduce the appearance of fine lines, wrinkles, enlarged pores, superficial sun damage, superficial scars and age spots. Comes with 4 reusable applicators including a large brush, small brush, face sponge and pumice stone. Beauty Skin Care Face"
97-211-72-50,2,0,3215,B0018C6V98,"Clarisonic Gentle Hydro Cleanser, 6 Ounce A pH-balanced non-foamin cleanser enriched with antioxidants Japanese Green Tea and Vitamin E to leave skin feeling and looking smoother when used with the Clarisonic Skin Care Brush Beauty Cleansers Skin Care Face"
97-211-72-50,2,1,3582,B001DK4HRS,Clarisonic Refreshing Foaming Gel Cleanser 6 fl oz A ph-balanced foaming gel cleanser that gently exfoliates to relieve and protect oily and congested skin. Skin will feeling and looking smoother when used with the Clarisonic Skin Care Brush Beauty Cleansers Skin Care Face
97-215-72-181,2,0,4349,B001QOGXOG,"Clarisonic Pro For Face and Body 4 Speeds - White Clarisonic Pro Sonic Cleansing System is a professional-caliber brush that uses gentle sonic micro-message action to helps keep your skin looking young, vibrant and healthy. Clarisonic gently removes embedded dirt and oil, resulting in healthier, more beautiful skin. 6x more makeup removal. Remarkably gentle for cleansing all skin types, including sensitive skin conditions such as rosacea and acne. It cleanses so well, that products absorb better, pores appear smaller, fine lines and wrinkles appear reduced and your skin tone and texture improves. The Clarisonic Body Brush Head gently care the areas of the body needing extra attention including the decollette, hands, arms, elbow and feet. Face Cleansing Brushes Beauty Tools & Accessories Makeup Brushes & Tools Treatment Tools"
97-215-72-181,2,1,10232,B008YQ0R9G,"Clarisonic Aria Sonic Skin Cleansing Kit, White Clarisonic new ARIA sonic cleansing system is a professional caliber cleansing brush that uses gentle sonic micro message action to helps keep your skin looking young, vibrant and healthy. Clarisonic gently removes embedded dirt and oil, resulting in healthier, more beautiful skin. Cleanses 6x better than with your hands alone. Great for makeup removal. Remarkably gentle for cleansing all skin types, including sensitive skin conditions such as rosacea and acne. It cleanses so well, that products absorb better, pores appear smaller, fine lines and wrinkles appear reduced and your skin tone and texture improves. Face Cleansing Brushes Beauty Tools & Accessories Makeup Brushes & Tools Treatment Tools"
98-102-137-52,2,0,834,B0009R5B8A,Avon SSS Original OIL 5oz Avon Avon SSS Bath Original Oil 5oz Moisturizers Beauty Body Oils Skin Care
98-102-137-52,2,1,2479,B000W96VLQ,"Avon SKIN SO SOFT Original Bath Oil - 24 fl. oz. Skin so soft  Bath Oil 24oz, original scent Skin So Soft Bath Oil
Avon's Original Skin so Soft-Beautiful Scent
 ***Giant size Bottle - on sale now***
Price Listed is for 1 Bottle Only*** Oils Beauty Bath & Body Bath"
99-77-82-235,2,0,1807,B000NKL3D0,"Curel Ultra Healing Lotion, 20 Ounce Curel Ceramides are naturally found in skin's vulnerable outer layer and help skin retain moisture. When skin's ceramide levels are low, skin hasdifficulty retaining moisture. While traditional lotions only hydrate skins surface, Cur&#xE9;l moisturizers work at the source of dryness to help replenish skin's ceramide levels, not just releiving symptoms, but actually, over time, preventing symptoms from recurring. Moisturizers Beauty Body Lotions Skin Care"
99-77-82-235,2,1,5839,B003A86J18,"Curel Daily Moisture Original Lotion, 20 Ounce Curel Ceramides are naturally found in skin's vulnerable outer layer and help skin retain moisture. When skin's ceramide levels are low, skin has difficulty retaining moisture. While traditional lotions only hydrate skins surface, Cur&#xE9;l moisturizers work at the source of dryness to help replenish skin's ceramide levels, not just relieving symptoms, but actually, over time, preventing symptoms from recurring. Moisturizers Beauty Body Lotions Skin Care"
99-84-253-107,2,0,6221,B003NU7I6S,"CeraVe Moisturizing Cream, Two 2 Ounce Tubes CeraVe moisturizing cream is a vital part of a daily skin care routine. Its patented MVE formulation releases ceramides and other essential ingredients throughout the day, so they penetrate deep into the skin to hydrate and nourish. Creams & Moisturizers Beauty Fluids & Lotions Lotions Face Skin Care"
99-84-253-107,2,1,6509,B003WN1ELQ,"CeraVe Moisturizing Facial Lotion AM, 3 Ounce CeraVe CeraVe facial moisturizing lotion AM helps repair damaged skin and maintain the skin's natural protective function with ingredients not commonly found in other moisturizers. Its patented multivesicular emulsion (MVE) technology releases theses ingredients over time, penetrating deep into the skin to hydrate and nourish. Creams & Moisturizers Beauty Fluids & Lotions Lotions Face Skin Care"
99-91-67-235,2,0,3000,B00154NY5S,"Gold Bond Ultimate Restoring Skin Therapy Lotion 4.5 oz (127 g) Gold Bond 7 Nourishing Moisturizers CoQ10, Restores Depleted Dull Skin Moisturizers Beauty Body Lotions Skin Care"
99-91-67-235,2,1,4072,B001KYGV94,"Gold Bond Medicated Body Lotion, 14-Ounce Pump Bottle Gold Bond Triple Action Relief; Moisturizing, Itch Relief, Soothing Moisturizers Beauty Body Lotions Skin Care"
